gene,layer,x,time,series,logFC,se,lo,hi,fdr_min,significant
ACAD8,RNA,1,1w,"trained, F+M pooled",0.03282782756866805,0.07447592906055849,-0.11314499339002658,0.17880064852736266,0.7956850994197996,False
ACADM,RNA,1,1w,"trained, F+M pooled",0.16461022945991458,0.05930005389266155,0.04838212383029794,0.2808383350895312,0.1971419222102405,False
ACOX2,RNA,1,1w,"trained, F+M pooled",0.29657396856059753,0.16123797888359176,-0.019452470051242288,0.6126004071724374,0.6268856324778931,False
ACTC1,RNA,1,1w,"trained, F+M pooled",0.3927801270221973,0.27739163810534434,-0.1509074836642776,0.9364677377086721,0.9178065138682366,False
ACTN3,RNA,1,1w,"trained, F+M pooled",-0.0735943001469821,0.07915450414125046,-0.228737128263833,0.0815485279698688,0.5747761330629668,False
ACYP1,RNA,1,1w,"trained, F+M pooled",0.053328873496162506,0.09833646856319492,-0.13941060488769955,0.24606835188002454,0.8188052289472961,False
ACYP2,RNA,1,1w,"trained, F+M pooled",-0.04910975662905572,0.048789383605672594,-0.144736948496174,0.04651743523806256,0.9044867385844152,False
ADAMTS5,RNA,1,1w,"trained, F+M pooled",-0.058413552714087484,0.09742661828112194,-0.2493697245450865,0.1325426191169115,0.8024829669109101,False
ADIPOQ,RNA,1,1w,"trained, F+M pooled",-0.049956650063366956,0.2619050103019072,-0.563290470255105,0.46337717012837115,0.3813502361674176,False
ADRA2A,RNA,1,1w,"trained, F+M pooled",-0.30180091627235406,0.23365853183710913,-0.759771638673088,0.15616980612837983,0.7019975511844183,False
AEBP1,RNA,1,1w,"trained, F+M pooled",-0.18995017582757975,0.14825670336588487,-0.48053331442471414,0.10063296276955461,0.7215134718097805,False
AGBL1,RNA,1,1w,"trained, F+M pooled",-0.2127787132936561,0.08847581778708113,-0.3861913161563351,-0.0393661104309771,0.5779971034882213,False
AKR1B10,RNA,1,1w,"trained, F+M pooled",-0.026599479489307416,0.060691702324695805,-0.1455552160457112,0.09235625706709635,0.826397991491171,False
AKR1C3,RNA,1,1w,"trained, F+M pooled",-0.015601271142225329,0.3095025005510362,-0.6222261722222562,0.5910236299378056,0.9888743924710788,False
AKT1S1,RNA,1,1w,"trained, F+M pooled",0.059330597805798205,0.04453215785299529,-0.027952431586072565,0.14661362719766896,0.5570221615347849,False
ALDH1A3,RNA,1,1w,"trained, F+M pooled",-0.39635327015094707,0.14493879968391565,-0.6804333175314217,-0.11227322277047241,0.1617018743920175,False
AMIGO2,RNA,1,1w,"trained, F+M pooled",-0.02559207250100435,0.16432129689691272,-0.3476618144189533,0.29647766941694453,0.9692584089214836,False
AMOTL2,RNA,1,1w,"trained, F+M pooled",0.11238080586710103,0.1037994054702547,-0.09106602885459816,0.3158276405888002,0.8024829669109101,False
AMPH,RNA,1,1w,"trained, F+M pooled",0.5100210919047836,0.6616400744488704,-0.7867934540150023,1.8068356378245696,0.7614010070579336,False
ANGPTL2,RNA,1,1w,"trained, F+M pooled",-0.09076395265416583,0.08213562162989874,-0.25174977104876733,0.0702218657404357,0.5585875239725479,False
ANKRD33B,RNA,1,1w,"trained, F+M pooled",-0.28881566313884416,0.30918071917668455,-0.8948098727251459,0.3171785464474575,0.5130288377582817,False
ANKRD49,RNA,1,1w,"trained, F+M pooled",0.06009722609285903,0.07989001731775106,-0.09648720784993303,0.2166816600356511,0.9086227165422068,False
ANP32B,RNA,1,1w,"trained, F+M pooled",-0.15189041422643645,0.061651812970464126,-0.2727279676485461,-0.031052860804326773,0.5867328865262729,False
ANXA5,RNA,1,1w,"trained, F+M pooled",-0.1207465679059475,0.06940983511043064,-0.2567898447223915,0.015296708910496545,0.8108989150966119,False
AOC3,RNA,1,1w,"trained, F+M pooled",-0.02444572344053199,0.061754907541990894,-0.14548534222283416,0.09659389534177017,0.9606134276943966,False
APOD,RNA,1,1w,"trained, F+M pooled",-0.3193293381521331,0.3767375695210634,-1.0577349744134175,0.4190762981091512,0.6431058316662631,False
APPL2,RNA,1,1w,"trained, F+M pooled",0.0034690653363973856,0.09318910802038054,-0.17918158638354847,0.18611971705634323,0.9633117508449536,False
AQP1,RNA,1,1w,"trained, F+M pooled",0.004858264922077108,0.044959068609647955,-0.08326150955283287,0.0929780393969871,0.979315078512432,False
ARL6IP1,RNA,1,1w,"trained, F+M pooled",-0.15595462492795312,0.09945370373180196,-0.35088388424228495,0.038974634386378715,0.8919724397420808,False
AS3MT,RNA,1,1w,"trained, F+M pooled",-0.014110704155678389,0.08168735552098574,-0.17421792097681044,0.14599651266545366,0.9481834107195862,False
ASB15,RNA,1,1w,"trained, F+M pooled",0.053393843716179126,0.06520558650220086,-0.07440910582813455,0.18119679326049282,0.9072090620826262,False
ASPN,RNA,1,1w,"trained, F+M pooled",-0.3866040082302612,0.1885246489435031,-0.7561123201595272,-0.01709569630099511,0.6706537035559036,False
ASS1,RNA,1,1w,"trained, F+M pooled",-0.3460521342934279,0.27604807567518597,-0.8871063626167923,0.19500209402993657,0.9352194689807564,False
ATF3,RNA,1,1w,"trained, F+M pooled",-0.38432903844442773,0.223244771721674,-0.8218887910189088,0.053230714130053314,0.1522706726093977,False
ATP8B1,RNA,1,1w,"trained, F+M pooled",-0.07789315086194488,0.10911761504138819,-0.2917636763430657,0.13597737461917597,0.8403534369160442,False
BASP1,RNA,1,1w,"trained, F+M pooled",0.04096477253271165,0.151881339582505,-0.25672265304899816,0.33865219811442143,0.9007549369852352,False
BCO2,RNA,1,1w,"trained, F+M pooled",0.2137429889488765,0.35503705824375936,-0.48212964520889184,0.9096156231066448,0.9692584089214836,False
BHLHE41,RNA,1,1w,"trained, F+M pooled",-0.20681280139429203,0.09852727373356185,-0.39992625791207326,-0.01369934487651081,0.0863595174519219,False
BPGM,RNA,1,1w,"trained, F+M pooled",-0.07637127289777783,0.03730268738552173,-0.1494845401734004,-0.0032580056221552384,0.1352473374940204,False
BSG,RNA,1,1w,"trained, F+M pooled",0.046773565669085734,0.03742720388899206,-0.0265837539533387,0.12013088529151017,0.8093986750470576,False
BTBD2,RNA,1,1w,"trained, F+M pooled",0.10205771844513258,0.07387334659241307,-0.04273404087599704,0.2468494777662622,0.8823152561680426,False
BTG2,RNA,1,1w,"trained, F+M pooled",-0.1516566194417235,0.11810593580955855,-0.3831442536284583,0.07983101474501125,0.1862294906281889,False
BVES,RNA,1,1w,"trained, F+M pooled",-0.0768373261439355,0.05962342305887667,-0.19369923533933375,0.04002458305146277,0.9072090620826262,False
C1R,RNA,1,1w,"trained, F+M pooled",-0.06442698320059305,0.07469098670880776,-0.21082131714985625,0.08196735074867016,0.9578993178067128,False
C1orf131,RNA,1,1w,"trained, F+M pooled",0.006611823857477809,0.05556401493980642,-0.10229364542454276,0.11551729313949839,0.9708649608471756,False
C3,RNA,1,1w,"trained, F+M pooled",0.10911882684070089,0.3207750113754815,-0.5196001954552428,0.7378378491366445,0.9800161978495908,False
C5AR1,RNA,1,1w,"trained, F+M pooled",-0.24154477461499296,0.12772147777489307,-0.49187887105378336,0.008789321823797436,0.6081428208744272,False
C6orf136,RNA,1,1w,"trained, F+M pooled",0.18472478854670438,0.06410375941714068,0.05908142008910866,0.3103681570043001,0.2577176578086945,False
CAB39L,RNA,1,1w,"trained, F+M pooled",0.08515582297465546,0.06276611826814878,-0.037865768830916136,0.20817741478022705,0.7944389225440176,False
CALCOCO1,RNA,1,1w,"trained, F+M pooled",0.05047321091600992,0.05843391905505675,-0.06405727043190132,0.16500369226392114,0.6115527531118553,False
CALM1,RNA,1,1w,"trained, F+M pooled",-0.11768050258363638,0.05633356538234637,-0.22809429073303528,-0.007266714434237501,0.6371510961095138,False
CALM3,RNA,1,1w,"trained, F+M pooled",-0.11768050258363638,0.05633356538234637,-0.22809429073303528,-0.007266714434237501,0.6371510961095138,False
CAMK2B,RNA,1,1w,"trained, F+M pooled",-0.07503748486717131,0.036758889845388144,-0.14708490896413207,-0.002990060770210551,0.7067709962774038,False
CAMK2G,RNA,1,1w,"trained, F+M pooled",0.0034105710434502202,0.03543561584222431,-0.06604323600730942,0.07286437809420986,0.9800161978495908,False
CAP1,RNA,1,1w,"trained, F+M pooled",0.02038255953842102,0.06736189584352029,-0.11164675631487875,0.1524118753917208,0.9944880717722148,False
CAPZB,RNA,1,1w,"trained, F+M pooled",0.007169186351650897,0.035723018109340386,-0.06284792914265626,0.07718630184595805,0.918691119496597,False
CARM1,RNA,1,1w,"trained, F+M pooled",0.03190023549850428,0.041450680780395384,-0.04934309883107067,0.11314356982807923,0.7894292822108905,False
CARNS1,RNA,1,1w,"trained, F+M pooled",-0.041992459368063395,0.06829967309301802,-0.1758598186303787,0.0918748998942519,0.8860698557734975,False
CCDC3,RNA,1,1w,"trained, F+M pooled",0.1232893879496775,0.2553756228042846,-0.37724683274672033,0.6238256086460753,0.6537494163936781,False
CD52,RNA,1,1w,"trained, F+M pooled",0.7224584422359898,0.5095237172985043,-0.2762080436690787,1.7211249281410583,0.7491242356297312,False
CD74,RNA,1,1w,"trained, F+M pooled",-0.1182180935669641,0.08487067465431848,-0.28456461588942833,0.04812842875550012,0.8749904531182844,False
CDC37L1,RNA,1,1w,"trained, F+M pooled",-0.018882192042848727,0.044302017190667876,-0.10571414573655777,0.06794976165086031,0.9755044977676772,False
CDCA7L,RNA,1,1w,"trained, F+M pooled",-0.03410224532523928,0.24632005062913476,-0.5168895445583434,0.44868505390786484,0.9902478442526024,False
CDO1,RNA,1,1w,"trained, F+M pooled",-0.15875653595199407,0.18078148382182152,-0.5130882442427642,0.19557517233877608,0.7895001678607929,False
CEBPG,RNA,1,1w,"trained, F+M pooled",0.051528111491166456,0.05649048447735112,-0.05919323808444173,0.16224946106677463,0.8823152561680426,False
CENPV,RNA,1,1w,"trained, F+M pooled",0.008047781990527858,0.17026189269193084,-0.3256655276856566,0.3417610916667123,0.8622482550751571,False
CES1,RNA,1,1w,"trained, F+M pooled",-0.1198920370430623,0.1569885633936091,-0.4275896212945361,0.18780554720841153,0.8338971857037847,False
CFD,RNA,1,1w,"trained, F+M pooled",-0.08064067876533852,0.1784683984715138,-0.4304387397695056,0.2691573822388285,0.8087333168348886,False
CHAC2,RNA,1,1w,"trained, F+M pooled",-0.09178044603767672,0.188446916605617,-0.461136402584686,0.2775755105093326,0.9692584089214836,False
CHCHD10,RNA,1,1w,"trained, F+M pooled",0.18489501888333626,0.0528786668544474,0.08125283184861935,0.28853720591805315,0.2240935597768416,False
CHP1,RNA,1,1w,"trained, F+M pooled",0.0032282856250971876,0.040808571273370495,-0.07675651407070898,0.08321308532090337,0.9588509122246184,False
CHRDL1,RNA,1,1w,"trained, F+M pooled",0.08719061857197016,0.2133261156742472,-0.3309285681495543,0.5053098052934947,0.5422580793268309,False
CHST15,RNA,1,1w,"trained, F+M pooled",-0.035486936902110675,0.16778337775623467,-0.3643423573043306,0.29336848350010925,0.7067709962774038,False
CHUK,RNA,1,1w,"trained, F+M pooled",-0.022988544852025995,0.07439684881696187,-0.16880636853327127,0.12282927882921928,0.931117274490566,False
CIART,RNA,1,1w,"trained, F+M pooled",0.9549164201866804,0.30716711198553753,0.35286888069502687,1.556963959678334,0.3494230489650772,False
CIDEC,RNA,1,1w,"trained, F+M pooled",0.056693005587440386,0.3206161314147213,-0.5717146119854133,0.6851006231602941,0.8880484077365025,False
CISD1,RNA,1,1w,"trained, F+M pooled",0.0019631254686861095,0.03813251422543239,-0.07277660241316136,0.07670285335053359,0.9400208106067584,False
CKB,RNA,1,1w,"trained, F+M pooled",-0.011403161186919322,0.09112736300932266,-0.19001279268519172,0.1672064703113531,0.9473934061242394,False
CLASP1,RNA,1,1w,"trained, F+M pooled",-0.006879885127844385,0.04541531907732375,-0.09589391051939894,0.08213414026371016,0.9692584089214836,False
CLASRP,RNA,1,1w,"trained, F+M pooled",0.10740354407956292,0.06761073651622956,-0.02511349949224702,0.23992058765137286,0.8776394085833313,False
CLPTM1,RNA,1,1w,"trained, F+M pooled",0.04938756761378098,0.03794152394013654,-0.02497781930888665,0.1237529545364486,0.9350672165824612,False
CLU,RNA,1,1w,"trained, F+M pooled",-0.025334602859950015,0.08010989164312249,-0.1823499904804701,0.13168078476057007,0.7889916376517727,False
CMC1,RNA,1,1w,"trained, F+M pooled",0.07730184887895308,0.12910967788129674,-0.17575311976838853,0.3303568175262947,0.7401408408625983,False
CNN1,RNA,1,1w,"trained, F+M pooled",-0.5525722301835406,0.43823739210346524,-1.4115175187063325,0.3063730583392512,0.7531740376997509,False
COL5A2,RNA,1,1w,"trained, F+M pooled",-0.08700822311481723,0.07684689251534337,-0.23762813244489023,0.06361168621525576,0.8402934134151827,False
COL6A6,RNA,1,1w,"trained, F+M pooled",-0.05847034630192746,0.11913353394797258,-0.29197207283995374,0.1750313802360988,0.9810968307417356,False
COLEC12,RNA,1,1w,"trained, F+M pooled",0.08138111435573515,0.0914277524759947,-0.09781728049721446,0.2605795092086848,0.7399798679240512,False
CORO1C,RNA,1,1w,"trained, F+M pooled",0.01573665817047605,0.070051925184025,-0.12156511519021294,0.15303843153116503,0.9944880717722148,False
CPE,RNA,1,1w,"trained, F+M pooled",-0.16474095290367607,0.06419772456421978,-0.29056849304954685,-0.0389134127578053,0.62825245440588,False
CRIM1,RNA,1,1w,"trained, F+M pooled",-0.07194743375458462,0.05808693930130339,-0.18579783478513928,0.041902967275970024,0.8469138131202574,False
CSF2RB,RNA,1,1w,"trained, F+M pooled",-0.43425120529944783,0.15407935109925175,-0.7362467334539813,-0.13225567714491443,0.3571378259815085,False
CSGALNACT2,RNA,1,1w,"trained, F+M pooled",-0.002483218814951428,0.056745037760309855,-0.11370349282515874,0.1087370551952559,0.972993349657834,False
CSRNP1,RNA,1,1w,"trained, F+M pooled",0.35549838528351996,0.16743255915135805,0.02733056934685818,0.6836662012201817,0.133595744454823,False
CTHRC1,RNA,1,1w,"trained, F+M pooled",-0.6857779713607071,0.36615406735982325,-1.4034399433859606,0.03188400066454655,0.4275167082180724,False
CTSS,RNA,1,1w,"trained, F+M pooled",0.06502020739249956,0.12831033140309267,-0.18646804215756205,0.31650845694256113,0.9572876014521506,False
CTXN3,RNA,1,1w,"trained, F+M pooled",-0.8984848656841968,0.19920799391272695,-1.2889325337531417,-0.508037197615252,0.0760791564398588,False
CYB5R4,RNA,1,1w,"trained, F+M pooled",-0.0714416216783008,0.06436659620770904,-0.1976001502454105,0.05471690688880891,0.8454143576076371,False
CYP2J2,RNA,1,1w,"trained, F+M pooled",-0.21044568754787124,0.1084553844173161,-0.42301824100581076,0.002126865910068304,0.5966787782838682,False
DACT1,RNA,1,1w,"trained, F+M pooled",-0.30207882521284585,0.12768329216893226,-0.5523380778639531,-0.051819572561738636,0.5361722585110518,False
DACT2,RNA,1,1w,"trained, F+M pooled",-0.2743088272222963,0.12410935070277099,-0.5175631545997275,-0.03105449984486519,0.4720336905684534,False
DBNDD2,RNA,1,1w,"trained, F+M pooled",0.0967489845102711,0.04804170367688701,0.002587245303572558,0.19091072371696965,0.6610887658541972,False
DDIT4,RNA,1,1w,"trained, F+M pooled",0.3570056797872409,0.26835819059097,-0.16897637377106028,0.882987733345542,0.9151270574700932,False
DDN,RNA,1,1w,"trained, F+M pooled",-0.32193371363758416,0.49600865460203997,-1.2941106766575825,0.6502432493824142,0.9747100825057516,False
DDR2,RNA,1,1w,"trained, F+M pooled",-0.08935978372024544,0.0822522765844736,-0.25057424582581367,0.0718546783853228,0.8704002145168808,False
DDX24,RNA,1,1w,"trained, F+M pooled",-0.22329014871418687,0.22180165384001646,-0.6580213902406191,0.2114410928122454,0.9350672165824612,False
DDX39A,RNA,1,1w,"trained, F+M pooled",-0.036344165734033394,0.08696094205777466,-0.20678761216727173,0.13409928069920493,0.8907860955146659,False
DENND2C,RNA,1,1w,"trained, F+M pooled",-0.4030986403996592,0.11074201370221502,-0.6201529872560007,-0.18604429354331775,0.0249804232485837,True
DGKZ,RNA,1,1w,"trained, F+M pooled",-0.14039980135173621,0.06694368952806537,-0.2716094328267443,-0.009190169876728105,0.685000661774903,False
DHRS3,RNA,1,1w,"trained, F+M pooled",0.06560988713434597,0.10041578678789541,-0.131205054969929,0.262424829238621,0.8844086136364951,False
DHTKD1,RNA,1,1w,"trained, F+M pooled",-0.19125344432033936,0.14688806827174786,-0.47915405813296513,0.09664716949228641,0.878400933643614,False
DMRT2,RNA,1,1w,"trained, F+M pooled",-0.11719191081965849,0.07566719568591813,-0.265499614364058,0.031115792724741048,0.7067709962774038,False
DNAJA1,RNA,1,1w,"trained, F+M pooled",-0.03105312639389583,0.06201676091585783,-0.15260597778897717,0.09049972500118551,0.7066138468357256,False
DNAJA4,RNA,1,1w,"trained, F+M pooled",-0.014294097313149392,0.0631153429164656,-0.13800016942942198,0.10941197480312319,0.8207342887279073,False
DNAJC1,RNA,1,1w,"trained, F+M pooled",0.16626322788971917,0.11326331853515256,-0.055732876439179846,0.3882593322186182,0.8998123129001485,False
DOK7,RNA,1,1w,"trained, F+M pooled",0.07515493358807597,0.0687000440800518,-0.059497152808825546,0.20980701998497747,0.9101254334107404,False
DPAGT1,RNA,1,1w,"trained, F+M pooled",-0.04160652784960205,0.0565583156145164,-0.1524608264540542,0.06924777075485009,0.9568076770737824,False
DPH3,RNA,1,1w,"trained, F+M pooled",0.05981990962083535,0.06092574451734566,-0.05959454963316215,0.17923436887483285,0.9606134276943966,False
DPYSL2,RNA,1,1w,"trained, F+M pooled",-0.028014526729451223,0.07058175924688875,-0.16635477485335318,0.11032572139445072,0.9743004532168628,False
DYNLL1,RNA,1,1w,"trained, F+M pooled",-0.03139880246117872,0.08018077026203209,-0.1885531121747616,0.12575550725240417,0.4807472295808063,False
DZIP3,RNA,1,1w,"trained, F+M pooled",0.0670105830608286,0.09742443422222904,-0.12394130801474032,0.2579624741363975,0.9800161978495908,False
EBF1,RNA,1,1w,"trained, F+M pooled",0.05441149152760768,0.09953390477595282,-0.14067496183325984,0.2494979448884752,0.8469138131202574,False
EEF1A2,RNA,1,1w,"trained, F+M pooled",0.002162783633306008,0.035759715086969734,-0.06792625793715468,0.07225182520376669,0.9692584089214836,False
EEF1B2,RNA,1,1w,"trained, F+M pooled",-0.02865828611817612,0.04327984132089129,-0.11348677510712304,0.05617020287077081,0.9606134276943966,False
EFEMP1,RNA,1,1w,"trained, F+M pooled",-0.1503817367082522,0.09459481762979047,-0.33578757926264147,0.035024105846137105,0.8809301804999868,False
EFHD1,RNA,1,1w,"trained, F+M pooled",-0.01889763871759504,0.15365975509765858,-0.32007075870900586,0.2822754812738158,0.9806290778653748,False
EFNB2,RNA,1,1w,"trained, F+M pooled",0.07546591940232775,0.06621403438318918,-0.054313587988723044,0.20524542679337854,0.6212919033343117,False
EHBP1,RNA,1,1w,"trained, F+M pooled",0.04876156026743311,0.05319867105952263,-0.055507835009231246,0.15303095554409746,0.9606134276943966,False
EHBP1L1,RNA,1,1w,"trained, F+M pooled",-0.09650721494370657,0.03335125583005185,-0.16187567637060818,-0.031138753516804937,0.4999057675094266,False
EIF2AK3,RNA,1,1w,"trained, F+M pooled",0.12197919235601702,0.12800237360735342,-0.12890545991439567,0.3728638446264297,0.9588509122246184,False
EIF3G,RNA,1,1w,"trained, F+M pooled",0.02075986644340235,0.040008033363582024,-0.05765587894921841,0.09917561183602311,0.9606134276943966,False
EIF4EBP1,RNA,1,1w,"trained, F+M pooled",0.15919510647278295,0.06857042612965933,0.02479707125865066,0.29359314168691525,0.3800165560479163,False
EIF4EBP3,RNA,1,1w,"trained, F+M pooled",0.07641754299585372,0.03985033729944946,-0.0016891181110672143,0.15452420410277468,0.7333964749703631,False
EN1,RNA,1,1w,"trained, F+M pooled",0.13894409303022276,0.1006388223488413,-0.0583079987735062,0.33619618483395175,0.5476586446615948,False
ENPP5,RNA,1,1w,"trained, F+M pooled",-0.05072257686972052,0.13676118912377044,-0.3187745075523106,0.21732935381286955,0.9619295241572328,False
ESRRG,RNA,1,1w,"trained, F+M pooled",-0.038105463267472835,0.07605784705387783,-0.18717884349307337,0.11096791695812772,0.9778393670112678,False
ETNPPL,RNA,1,1w,"trained, F+M pooled",0.2865619990448787,0.8318542415647808,-1.3438723144220917,1.916996312511849,0.92406371323577,False
ETS2,RNA,1,1w,"trained, F+M pooled",0.12013624736922814,0.08232048729546937,-0.04121190772989182,0.2814844024683481,0.7472785076538373,False
EVI2B,RNA,1,1w,"trained, F+M pooled",0.13679675521245008,0.2585831995733301,-0.3700263159512769,0.643619826376177,0.9794954315498728,False
EXTL2,RNA,1,1w,"trained, F+M pooled",-0.07164779071072613,0.13017754897653952,-0.3267957867047436,0.1835002052832913,0.9810968307417356,False
FABP4,RNA,1,1w,"trained, F+M pooled",0.13692106305948662,0.061372195137615555,0.016631560589760133,0.2572105655292131,0.6770458090259998,False
FAM171A1,RNA,1,1w,"trained, F+M pooled",-0.12568007759531793,0.13095555178304594,-0.38235295909008793,0.1309928038994521,0.8201552362571258,False
FAM217B,RNA,1,1w,"trained, F+M pooled",-0.035737337780847485,0.14392052884319007,-0.3178215743135,0.24634689875180504,0.960770284752848,False
FBLN2,RNA,1,1w,"trained, F+M pooled",-0.026123376716631133,0.05314448431801391,-0.1302865659799384,0.07803981254667613,0.99098778430912,False
FBXL3,RNA,1,1w,"trained, F+M pooled",-0.05496976207362504,0.05508546833113875,-0.162937280002657,0.052997755855406906,0.9322985423406732,False
FBXO40,RNA,1,1w,"trained, F+M pooled",-0.018934274311595584,0.044012327558348704,-0.10519843632595904,0.06732988770276788,0.8169282544882893,False
FBXO6,RNA,1,1w,"trained, F+M pooled",0.13191678478250893,0.05264789756402787,0.028726905557014307,0.23510666400800356,0.4041969561606742,False
FEZ2,RNA,1,1w,"trained, F+M pooled",0.027978570078915493,0.04508887742494731,-0.06039562967398124,0.11635276983181222,0.9787726496676592,False
FGL2,RNA,1,1w,"trained, F+M pooled",-0.08807120865738585,0.13669688604010036,-0.3559971052959825,0.17985468798121082,0.6468499613073146,False
FHOD3,RNA,1,1w,"trained, F+M pooled",0.02505932849419603,0.043999214667206736,-0.061179132253529174,0.11129778924192124,0.9810968307417356,False
FKBP1A,RNA,1,1w,"trained, F+M pooled",-0.04866087203021243,0.03952311140996056,-0.1261261703937351,0.028804426333310255,0.6371510961095138,False
FKBP5,RNA,1,1w,"trained, F+M pooled",0.2550104101722613,0.09794922582695596,0.06302992755142761,0.44699089279309495,0.5446201970641757,False
FKTN,RNA,1,1w,"trained, F+M pooled",-0.10429206090766636,0.05824529017589497,-0.21845282965242052,0.009868707837087778,0.6468499613073146,False
FLRT2,RNA,1,1w,"trained, F+M pooled",-0.10065697404768958,0.09637510384170357,-0.28955217757742857,0.0882382294820494,0.8809301804999868,False
FMO2,RNA,1,1w,"trained, F+M pooled",0.3705746994297345,0.09706563758101484,0.18032604977094538,0.5608233490885236,0.0897966524506209,False
FOS,RNA,1,1w,"trained, F+M pooled",-0.6567315802737594,0.3690530512746834,-1.3800755607721389,0.06661240022462,0.4243808269204778,False
FRZB,RNA,1,1w,"trained, F+M pooled",0.0902130328150164,0.33061711580977865,-0.5577965141721498,0.7382225798021825,0.9888743924710788,False
FUZ,RNA,1,1w,"trained, F+M pooled",-0.09643035451833237,0.07786841689935088,-0.2490524516410601,0.056191742604395356,0.8823152561680426,False
G0S2,RNA,1,1w,"trained, F+M pooled",0.3759688759301318,0.2812744262981147,-0.1753289996141731,0.9272667514744366,0.4842142709263592,False
GADD45G,RNA,1,1w,"trained, F+M pooled",-0.09728133547022094,0.2473326802071489,-0.5820533886762328,0.3874907177357909,0.9322985423406732,False
GBF1,RNA,1,1w,"trained, F+M pooled",0.04417679190746308,0.03408208070814171,-0.022624086280494678,0.11097767009542084,0.7889899375670893,False
GCA,RNA,1,1w,"trained, F+M pooled",-0.09108319671326089,0.10029020184166201,-0.28765199232291844,0.10548559889639665,0.9294984403258274,False
GCLM,RNA,1,1w,"trained, F+M pooled",-0.021636867389308582,0.08641041534982047,-0.1910012814749567,0.14772754669633953,0.9633117508449536,False
GDA,RNA,1,1w,"trained, F+M pooled",0.1279685675153849,0.08105692997264247,-0.030903015230994313,0.2868401502617641,0.7066138468357256,False
GLYR1,RNA,1,1w,"trained, F+M pooled",0.03560548268873978,0.039438319645682195,-0.04169362381679732,0.11290458919427689,0.9072090620826262,False
GPAM,RNA,1,1w,"trained, F+M pooled",0.05450358780461628,0.10812735139947814,-0.15742602093836086,0.26643319654759345,0.9594536292790262,False
GPC6,RNA,1,1w,"trained, F+M pooled",-0.09095851669743119,0.14785701524563763,-0.3807582665788809,0.19884123318401856,0.7667124500088046,False
GPCPD1,RNA,1,1w,"trained, F+M pooled",0.0525411264292306,0.07069940493829795,-0.08602970724983337,0.19111196010829457,0.2258567441220212,False
GREB1L,RNA,1,1w,"trained, F+M pooled",0.2839987246951008,0.3350347905312242,-0.37266946474609863,0.9406669141363002,0.9692584089214836,False
GSTM1,RNA,1,1w,"trained, F+M pooled",-0.14683153753171382,0.10212234494693395,-0.3469913336277044,0.053328258564276726,0.9030928117727788,False
GSTM2,RNA,1,1w,"trained, F+M pooled",-0.09730509117429546,0.0551524573491613,-0.20540390757865162,0.010793725230060683,0.7672440405554722,False
GSTM4,RNA,1,1w,"trained, F+M pooled",-0.29783261091430135,0.08576350767985848,-0.465929085966824,-0.12973613586177873,0.3960850341598759,False
GSTT1,RNA,1,1w,"trained, F+M pooled",-0.29118434101520896,0.32981570982789077,-0.9376231322778749,0.35525445024745694,0.9072090620826262,False
GTF2H3,RNA,1,1w,"trained, F+M pooled",0.06659742541405957,0.08617111974350901,-0.10229796928321809,0.2354928201113372,0.8829015065524238,False
GTF2I,RNA,1,1w,"trained, F+M pooled",0.021516106502923647,0.03306751394322747,-0.043296220825802194,0.08632843383164948,0.9578993178067128,False
GUF1,RNA,1,1w,"trained, F+M pooled",0.08707764863469653,0.05771993673747123,-0.026053427370747076,0.2002087246401401,0.8823152561680426,False
GYS1,RNA,1,1w,"trained, F+M pooled",0.06772780609939721,0.042929984746238235,-0.016414964003229726,0.15187057620202415,0.7570691030957455,False
H2BC11,RNA,1,1w,"trained, F+M pooled",-0.38103359334212367,0.37289788869671153,-1.1119134551876784,0.349846268503431,0.5570221615347849,False
H3-3B,RNA,1,1w,"trained, F+M pooled",-0.0012979999076812609,0.05279381135583432,-0.10477387016511652,0.10217787034975401,0.9121950560115202,False
HCFC1R1,RNA,1,1w,"trained, F+M pooled",0.0851277017304987,0.07033396573640117,-0.05272687111284759,0.222982274573845,0.9304139112817164,False
HEATR5A,RNA,1,1w,"trained, F+M pooled",-0.018072672101078664,0.06646467822408335,-0.14834344142028202,0.11219809721812471,0.992373103103595,False
HLA-DQA1,RNA,1,1w,"trained, F+M pooled",-0.22665169146602868,0.09966909133626926,-0.4220031104851164,-0.03130027244694092,0.7088176673493545,False
HLA-DRA,RNA,1,1w,"trained, F+M pooled",-0.17160134387497955,0.09600794957858576,-0.3597769250490076,0.016574237299048528,0.8549153976777076,False
HMOX1,RNA,1,1w,"trained, F+M pooled",0.12014072096167658,0.12643254408788088,-0.12766706545056994,0.3679485073739231,0.904442488622107,False
HOMER2,RNA,1,1w,"trained, F+M pooled",0.01738465422480005,0.08293159593078404,-0.1451612737995367,0.17993058224913677,0.9830272277373476,False
HOXC6,RNA,1,1w,"trained, F+M pooled",-0.07632439866857897,0.16900466180162652,-0.40757353579976696,0.254924738462609,0.9753472094011292,False
HSF1,RNA,1,1w,"trained, F+M pooled",0.050247347265761425,0.04652501404480969,-0.04094168026206556,0.1414363747935884,0.7568733836712261,False
HSPA1B,RNA,1,1w,"trained, F+M pooled",-0.6265525860512083,0.269505198890223,-1.1547827758760454,-0.09832239622637129,0.3084441113538949,False
HSPA2,RNA,1,1w,"trained, F+M pooled",-0.1562442501973623,0.1087805423296655,-0.3694541131635066,0.056965612768782065,0.2153394690592113,False
HSPB6,RNA,1,1w,"trained, F+M pooled",0.11509494236570886,0.09325182701587469,-0.06767863858540552,0.29786852331682323,0.6716027072893581,False
IDH3A,RNA,1,1w,"trained, F+M pooled",0.0817717236881384,0.03914047546756163,0.0050563917717176,0.1584870556045592,0.6551135936960497,False
IER5,RNA,1,1w,"trained, F+M pooled",-0.28219873789003114,0.1952403229339901,-0.6648697708406517,0.10047229506058947,0.7088176673493545,False
IFI44L,RNA,1,1w,"trained, F+M pooled",-0.44601436593857835,0.2903066245196312,-1.0150153499970553,0.12298661811989875,0.7037239706367916,False
IFRD1,RNA,1,1w,"trained, F+M pooled",0.008480123323671021,0.07999937962288538,-0.14831866073718433,0.16527890738452636,0.9902478442526024,False
IGFBP6,RNA,1,1w,"trained, F+M pooled",-0.02662987442219424,0.1536606876422872,-0.32780482220107715,0.2745450733566887,0.7245866096805667,False
IP6K3,RNA,1,1w,"trained, F+M pooled",0.4948656090993623,0.10591038266663805,0.2872812590727517,0.7024499591259729,0.0220790874922347,True
IRF2BPL,RNA,1,1w,"trained, F+M pooled",-0.10287452954458537,0.06672227233669616,-0.23365018332450982,0.02790112423533908,0.5863644607664268,False
ITGAE,RNA,1,1w,"trained, F+M pooled",-0.05348264565942649,0.15358306809694294,-0.35450545912943465,0.24754016781058166,0.9588509122246184,False
ITGB3BP,RNA,1,1w,"trained, F+M pooled",0.10889835523461312,0.30829336189676454,-0.4953566340830454,0.7131533445522716,0.9902478442526024,False
ITGB6,RNA,1,1w,"trained, F+M pooled",-0.0060565249700947526,0.06710253266988801,-0.13757748900307526,0.12546443906288574,0.6208336133762005,False
ITIH3,RNA,1,1w,"trained, F+M pooled",-0.41367667291137833,0.3904400518553422,-1.178939174547849,0.35158582872509236,0.9250078384963212,False
KBTBD2,RNA,1,1w,"trained, F+M pooled",0.007401669469706235,0.06181494245649079,-0.1137556177450157,0.12855895668442818,0.9863442644446264,False
KCNAB1,RNA,1,1w,"trained, F+M pooled",-0.15501858058026385,0.1449464237094235,-0.43911357105073395,0.12907640989020625,0.8549153976777076,False
KCNJ11,RNA,1,1w,"trained, F+M pooled",-0.06633224126929789,0.04809279639098246,-0.16059412219562352,0.02792963965702773,0.6235752423245546,False
KCNJ2,RNA,1,1w,"trained, F+M pooled",-0.0953358438359627,0.10138814883424087,-0.2940566155510748,0.1033849278791494,0.7670315017536818,False
KCTD9,RNA,1,1w,"trained, F+M pooled",-0.08640084892946436,0.06484639981273828,-0.2134997925624314,0.04069809470350268,0.6610409578201972,False
KDELR1,RNA,1,1w,"trained, F+M pooled",-0.03160495080343487,0.042783520369491464,-0.11546065072763813,0.052250749120768394,0.9600736443874692,False
KDM1B,RNA,1,1w,"trained, F+M pooled",-0.11472001292443183,0.06397537101830433,-0.24011174012030834,0.010671714271444657,0.6384943689171894,False
KDM2B,RNA,1,1w,"trained, F+M pooled",-0.12315977450907015,0.06974809109537217,-0.2598660330559996,0.013546484037859297,0.8424706619128015,False
KIF5B,RNA,1,1w,"trained, F+M pooled",-0.08686251322906804,0.040141294212867475,-0.1655394498862883,-0.008185576571847791,0.5918714109656739,False
KLF10,RNA,1,1w,"trained, F+M pooled",0.19121092823491417,0.11694424592376958,-0.037999793775674195,0.42042165024550254,0.5146942748532604,False
KLHL13,RNA,1,1w,"trained, F+M pooled",-0.21012542792095731,0.07524932678075041,-0.3576141084112281,-0.0626367474306865,0.4865059217458015,False
KLHL34,RNA,1,1w,"trained, F+M pooled",-0.04789674266380921,0.14211386113526225,-0.32643991048892324,0.2306464251613048,0.8503815118757554,False
KLHL40,RNA,1,1w,"trained, F+M pooled",-0.1242881740896937,0.0574190708829515,-0.23682955302027864,-0.011746795159108758,0.0562262019925442,False
KPNA1,RNA,1,1w,"trained, F+M pooled",-0.024050029766869742,0.04303676742157662,-0.10840209391315991,0.06030203437942042,0.92406371323577,False
LAPTM5,RNA,1,1w,"trained, F+M pooled",-0.07996222936685989,0.09778642771695523,-0.27162362769209214,0.11169916895837236,0.8808633044886687,False
LCP1,RNA,1,1w,"trained, F+M pooled",-0.05398405132828688,0.09015489339889592,-0.23068764239012288,0.12271953973354913,0.8823152561680426,False
LEP,RNA,1,1w,"trained, F+M pooled",-0.38857587641336844,0.4669964125534334,-1.3038888450180979,0.526737092191361,0.6732529040169212,False
LGALS1,RNA,1,1w,"trained, F+M pooled",-0.10615694537271873,0.051702163704143045,-0.2074931862328391,-0.004820704512598362,0.7873488650638618,False
LMO2,RNA,1,1w,"trained, F+M pooled",-0.16264135888019385,0.13350546404810315,-0.424312068414476,0.09902935065408833,0.8091321837791564,False
LONRF3,RNA,1,1w,"trained, F+M pooled",0.26634217599447785,0.16646873087481684,-0.059936536520163175,0.5926208885091189,0.3996907439657698,False
LPIN1,RNA,1,1w,"trained, F+M pooled",0.041291670392729046,0.05634173349681143,-0.06913812726102135,0.15172146804647946,0.9395328322251773,False
LRRC3B,RNA,1,1w,"trained, F+M pooled",0.017202540494999405,0.24751037196710177,-0.46791778856052,0.5023228695505189,0.9677905953213992,False
LRRC71,RNA,1,1w,"trained, F+M pooled",0.3006708417322489,0.2503747814341273,-0.19006372987864056,0.7914054133431383,0.8690014434557847,False
LRRK2,RNA,1,1w,"trained, F+M pooled",0.07378682254321293,0.06460303018991011,-0.05283511662901087,0.20040876171543676,0.8330933262895343,False
LRRN1,RNA,1,1w,"trained, F+M pooled",-0.2057465737083005,0.238547459684349,-0.6732995946896245,0.2618064472730236,0.6168940108629349,False
LYZ,RNA,1,1w,"trained, F+M pooled",-0.05720801530154843,0.0846187384248037,-0.2230607426141637,0.10864471201106685,0.931117274490566,False
MAOA,RNA,1,1w,"trained, F+M pooled",-0.005941102974605976,0.05553812256474585,-0.11479582320150783,0.10291361725229589,0.9944880717722148,False
MAP1LC3B,RNA,1,1w,"trained, F+M pooled",0.18864953589507608,0.052540226521819125,0.0856706919123106,0.29162837987784157,0.133595744454823,False
MAP2K3,RNA,1,1w,"trained, F+M pooled",-0.018702633140663873,0.06006892082881647,-0.13643771796514415,0.09903245168381641,0.7617344781379104,False
MAPRE3,RNA,1,1w,"trained, F+M pooled",-0.01180180772438727,0.05314566489273052,-0.11596731091413907,0.09236369546536453,0.9929800767426488,False
MATN2,RNA,1,1w,"trained, F+M pooled",-0.4588502193192453,0.15127170588640054,-0.7553427628565903,-0.16235767578190025,0.3507515499855632,False
MEST,RNA,1,1w,"trained, F+M pooled",-0.22686411033925247,0.2971812474495351,-0.8093393553403413,0.35561113466183636,0.8326266238538109,False
METTL21C,RNA,1,1w,"trained, F+M pooled",-0.37246177792333296,0.2132741852899576,-0.7904791810916498,0.04555562524498391,0.8703494188833956,False
METTL7A,RNA,1,1w,"trained, F+M pooled",-0.03831068301782724,0.07542388522540651,-0.186141498059624,0.10952013202396953,0.8781446711720798,False
MFAP3L,RNA,1,1w,"trained, F+M pooled",0.10675446372986741,0.14345528752511946,-0.17441789981936673,0.38792682727910155,0.6715883114680145,False
MFAP5,RNA,1,1w,"trained, F+M pooled",-0.10501170307219145,0.09928118592099319,-0.2996028274773381,0.0895794213329552,0.8417315710388676,False
MFN1,RNA,1,1w,"trained, F+M pooled",0.08864814315780631,0.03600478808989303,0.018078758501615957,0.15921752781399667,0.2925363337440548,False
MFSD1,RNA,1,1w,"trained, F+M pooled",-0.03574457233898927,0.055278430235709775,-0.1440902956009804,0.07260115092300189,0.9600927496738034,False
MGME1,RNA,1,1w,"trained, F+M pooled",0.02161802315507296,0.1275837846030143,-0.22844619466683505,0.27168224097698096,0.9944880717722148,False
MGST1,RNA,1,1w,"trained, F+M pooled",-0.1601248330480036,0.17973859094172182,-0.5124124712937783,0.19216280519777115,0.5130288377582817,False
MICU1,RNA,1,1w,"trained, F+M pooled",-0.051580470626121956,0.06178553496487043,-0.172680119157268,0.06951917790502407,0.9588509122246184,False
MIF,RNA,1,1w,"trained, F+M pooled",0.09393030116157444,0.10183514463706755,-0.10566658232707796,0.29352718465022687,0.9586699012115668,False
MLLT11,RNA,1,1w,"trained, F+M pooled",-0.11567794670238171,0.08445268379826937,-0.2812052069469897,0.04984931354222624,0.8069427109245313,False
MPEG1,RNA,1,1w,"trained, F+M pooled",-0.19519266086695974,0.2199309419545741,-0.6262573070979249,0.2358719853640055,0.8660660812370391,False
MRPL4,RNA,1,1w,"trained, F+M pooled",0.2379747445238378,0.062460601879474616,0.11555196484006755,0.36039752420760807,0.1615736532688429,False
MRPL48,RNA,1,1w,"trained, F+M pooled",-0.07347650066508335,0.05625704250948416,-0.1837403039836723,0.036787302653505605,0.9188365737792276,False
MRPS6,RNA,1,1w,"trained, F+M pooled",0.02473068107766074,0.1126409894642688,-0.1960456582723061,0.2455070204276276,0.9802491256293866,False
MSANTD2,RNA,1,1w,"trained, F+M pooled",-0.19301214804941277,0.13619368798651815,-0.45995177650298835,0.07392748040416278,0.7352486330493949,False
MSANTD4,RNA,1,1w,"trained, F+M pooled",0.09123919914298961,0.0607965752181425,-0.027922088284569685,0.2104004865705489,0.597354726514576,False
MSRA,RNA,1,1w,"trained, F+M pooled",-0.1483776307425161,0.12928130557712475,-0.4017689896736806,0.1050137281886484,0.931117274490566,False
MSRB2,RNA,1,1w,"trained, F+M pooled",0.029101490378432453,0.13917340871084385,-0.2436783906948215,0.3018813714516864,0.8890513824879963,False
MT2A,RNA,1,1w,"trained, F+M pooled",0.3632028999729944,0.19329844796901732,-0.01566205804627957,0.7420678579922684,0.5062762444012038,False
MYBPH,RNA,1,1w,"trained, F+M pooled",-0.3590610629582347,0.2091264946668314,-0.7689489925052242,0.05082686658875479,0.8741954489006252,False
MYH3,RNA,1,1w,"trained, F+M pooled",0.10464700905344552,0.19373741248858,-0.27507831942417127,0.48437233753106235,0.9586699012115668,False
MYH8,RNA,1,1w,"trained, F+M pooled",-0.10921389874399008,0.10487035243110161,-0.31475978950894923,0.09633199202096908,0.9322985423406732,False
MYO1F,RNA,1,1w,"trained, F+M pooled",-0.11928478797827918,0.13729587995901013,-0.38838471269793906,0.1498151367413807,0.8968103442575018,False
MYOM1,RNA,1,1w,"trained, F+M pooled",0.025605974035203916,0.04141125231885065,-0.055560080509743356,0.10677202858015118,0.9800161978495908,False
MYPN,RNA,1,1w,"trained, F+M pooled",-0.00512562254728282,0.036301771275693125,-0.07627709424764134,0.06602584915307572,0.983585863281318,False
MYPOP,RNA,1,1w,"trained, F+M pooled",-0.01354058507641593,0.07570935362372058,-0.16193091817890826,0.1348497480260764,0.9851885620152612,False
NAMPT,RNA,1,1w,"trained, F+M pooled",0.009561229450717051,0.04107044596540859,-0.07093684464148378,0.09005930354291788,0.9683047133636612,False
NCEH1,RNA,1,1w,"trained, F+M pooled",-0.06381373403621703,0.11547300763139078,-0.29014082899374294,0.1625133609213089,0.6898791590599895,False
NCF2,RNA,1,1w,"trained, F+M pooled",-0.14873455150883427,0.36174533457421965,-0.8577554072743048,0.5602863042566362,0.8823152561680426,False
NCOA3,RNA,1,1w,"trained, F+M pooled",0.04501146434472213,0.05863614934335362,-0.06991538836825097,0.15993831705769523,0.8894538994602103,False
NDFIP1,RNA,1,1w,"trained, F+M pooled",-0.08217675040524518,0.03994965554640473,-0.16047807527619845,-0.003875425534291918,0.2563481877108181,False
NDUFAF1,RNA,1,1w,"trained, F+M pooled",0.2548457515562178,0.07705669016962152,0.10381463882375963,0.405876864288676,0.1123567863865571,False
NDUFB8,RNA,1,1w,"trained, F+M pooled",0.07923813728955328,0.049300635053541764,-0.017391107415388574,0.17586738199449514,0.6436101226044091,False
NEDD1,RNA,1,1w,"trained, F+M pooled",-0.06382929882474679,0.0713171832789417,-0.2036109780514725,0.07595238040197892,0.9370372054374172,False
NEURL1B,RNA,1,1w,"trained, F+M pooled",0.006268321986539502,0.16899006685241832,-0.3249522090442004,0.3374888530172794,0.9902478442526024,False
NFIC,RNA,1,1w,"trained, F+M pooled",-0.04606734283472348,0.045298048857589986,-0.13485151859559985,0.04271683292615289,0.7671761972312608,False
NFIL3,RNA,1,1w,"trained, F+M pooled",0.19931343603954396,0.13159600357951126,-0.05861473097629813,0.4572416030553861,0.5742812976843776,False
NKIRAS2,RNA,1,1w,"trained, F+M pooled",0.059374800087945635,0.05419041802307177,-0.04683841923727503,0.1655880194131663,0.8690014434557847,False
NMRK2,RNA,1,1w,"trained, F+M pooled",-0.23440976721862583,0.2027200864787233,-0.6317411367169234,0.16292160227967184,0.5299090309282263,False
NPY1R,RNA,1,1w,"trained, F+M pooled",-0.0027582129065440615,0.1775926222055318,-0.35083975242938636,0.3453233266162983,0.9800161978495908,False
NQO2,RNA,1,1w,"trained, F+M pooled",-0.06214103721289399,0.09477370922481085,-0.24789750729352325,0.12361543286773527,0.9578993178067128,False
NR1D1,RNA,1,1w,"trained, F+M pooled",0.3392484145279941,0.14570831468855286,0.05366011773843049,0.6248367113175577,0.5368279213991775,False
NRIP1,RNA,1,1w,"trained, F+M pooled",0.35102133354263254,0.11301775312154054,0.1295065374244131,0.572536129660852,0.1164221906346475,False
NUCB1,RNA,1,1w,"trained, F+M pooled",0.0004822143383714908,0.045490130814724916,-0.08867844205848935,0.08964287073523233,0.9902478442526024,False
NUDT3,RNA,1,1w,"trained, F+M pooled",-0.039469989573375046,0.03968487798076781,-0.11725235041567994,0.038312371268929855,0.9086877596988536,False
NUDT6,RNA,1,1w,"trained, F+M pooled",0.07088274515378608,0.09694046776973814,-0.11912057167490066,0.2608860619824728,0.9557278771431498,False
OGDH,RNA,1,1w,"trained, F+M pooled",0.10687057146971468,0.04104101340395202,0.02643018519796872,0.18731095774146064,0.4317179512175747,False
OGFRL1,RNA,1,1w,"trained, F+M pooled",-0.04096823371715522,0.06539870395737898,-0.16914969347361802,0.08721322603930759,0.9436146855994724,False
OLFM1,RNA,1,1w,"trained, F+M pooled",0.07513151538416027,0.14760321558606285,-0.2141707871645229,0.36443381793284346,0.7894292822108905,False
ORAI1,RNA,1,1w,"trained, F+M pooled",-0.01011110116035914,0.05359081467704464,-0.11514909792736663,0.09492689560664835,0.9619295241572328,False
OSBPL3,RNA,1,1w,"trained, F+M pooled",0.016791366224402384,0.11509426268909996,-0.20879338864623354,0.2423761210950383,0.8823152561680426,False
OTUD1,RNA,1,1w,"trained, F+M pooled",-0.5036435139064878,0.34117569956228283,-1.1723478850485622,0.1650608572355866,0.5049956246068226,False
OXNAD1,RNA,1,1w,"trained, F+M pooled",0.08421752349395129,0.07896942139306805,-0.0705625424364621,0.23899758942436466,0.8835043882321852,False
P2RX5,RNA,1,1w,"trained, F+M pooled",0.14013045717018813,0.0948046433622803,-0.045686643819881245,0.3259475581602575,0.379500707015504,False
P2RY13,RNA,1,1w,"trained, F+M pooled",-0.1383950507377951,0.3062548254499282,-0.7386545086196544,0.4618644071440642,0.9725231836459528,False
PAMR1,RNA,1,1w,"trained, F+M pooled",-0.6293202423530161,0.27442329743956756,-1.1671899053345685,-0.09145057937146372,0.6800651123811949,False
PANK1,RNA,1,1w,"trained, F+M pooled",0.1836490332720014,0.09704950452147865,-0.006567995590096742,0.37386606213409956,0.8093986750470576,False
PANX1,RNA,1,1w,"trained, F+M pooled",-0.3419615595371496,0.15236151034067197,-0.6405901198048667,-0.043332999269432515,0.6552559503689019,False
PARM1,RNA,1,1w,"trained, F+M pooled",0.15511899128900647,0.10751592948181508,-0.05561223049535108,0.365850213073364,0.8245283824289443,False
PARVB,RNA,1,1w,"trained, F+M pooled",-0.05327104247119605,0.04320364222476199,-0.13795018123172956,0.031408096289337446,0.6706537035559036,False
PCDH9,RNA,1,1w,"trained, F+M pooled",0.3427360806311279,0.36501641470090024,-0.37269609218263655,1.0581682534448924,0.7944389225440176,False
PCDHGA8,RNA,1,1w,"trained, F+M pooled",-0.19853468977037672,0.4449306579802446,-1.0705987794116563,0.6735293998709028,0.9585887028994732,False
PCOLCE2,RNA,1,1w,"trained, F+M pooled",-0.012191138697201495,0.08621213105956799,-0.18116691557395476,0.15678463817955174,0.963641841999279,False
PDK4,RNA,1,1w,"trained, F+M pooled",0.3211642397065333,0.18233117097480303,-0.03620485540408064,0.6785333348171472,0.8417315710388676,False
PENK,RNA,1,1w,"trained, F+M pooled",-0.9461006911364264,0.43330467082456925,-1.795377845952582,-0.09682353632027063,0.7373933359206688,False
PFKFB3,RNA,1,1w,"trained, F+M pooled",-0.008917762028899606,0.2104224652174237,-0.42134579385505005,0.40351026979725085,0.9257591965812696,False
PHACTR4,RNA,1,1w,"trained, F+M pooled",0.06898374020799615,0.11631542307658678,-0.15899448902211394,0.2969619694381062,0.9588509122246184,False
PHF5A,RNA,1,1w,"trained, F+M pooled",0.016347012144144246,0.07758945837218899,-0.13572832626534617,0.16842235055363466,0.8469138131202574,False
PHGDH,RNA,1,1w,"trained, F+M pooled",0.10396570284458605,0.3780317841845257,-0.6369765941570843,0.8449079998462564,0.9319295045848432,False
PHLDA3,RNA,1,1w,"trained, F+M pooled",0.13802477366856944,0.06228432011080116,0.01594750625139918,0.2601020410857397,0.0303130645843223,True
PHTF2,RNA,1,1w,"trained, F+M pooled",-0.09051630676323877,0.05549461023648088,-0.1992857428267413,0.018253129300263765,0.6330548659110083,False
PHYHD1,RNA,1,1w,"trained, F+M pooled",-0.053375514844330355,0.10540523447171522,-0.2599697744088922,0.1532187447202315,0.9778244029150068,False
PIGS,RNA,1,1w,"trained, F+M pooled",0.016984953133493703,0.06167169618830878,-0.10389157139559152,0.13786147766257892,0.932596629754186,False
PJA2,RNA,1,1w,"trained, F+M pooled",-0.04114141497742397,0.048682114134656736,-0.13655835868135116,0.05427552872650323,0.9619295241572328,False
PKM,RNA,1,1w,"trained, F+M pooled",0.02253716233925213,0.06028617787652369,-0.09562374629873431,0.14069807097723858,0.7491242356297312,False
PLA2G2A,RNA,1,1w,"trained, F+M pooled",-0.10609879063929628,0.2943911914274888,-0.6831055258371743,0.47090794455858176,0.9600927496738034,False
PLEKHO1,RNA,1,1w,"trained, F+M pooled",0.3119689071240993,0.1542931815781516,0.009554271230922173,0.6143835430172764,0.6415764222632835,False
PLGRKT,RNA,1,1w,"trained, F+M pooled",0.02643861951653932,0.1311471291932846,-0.23060975370229853,0.28348699273537714,0.9763590839053934,False
PLIN1,RNA,1,1w,"trained, F+M pooled",0.10773499383493913,0.25998194414811265,-0.40182961669536166,0.6172996043652399,0.7276734902133519,False
PLIN4,RNA,1,1w,"trained, F+M pooled",0.13447070144593934,0.061144552638605874,0.014627378274271824,0.2543140246176069,0.751883616591147,False
PPIF,RNA,1,1w,"trained, F+M pooled",0.22779458809132094,0.08138225645223005,0.06828536544495006,0.3873038107376918,0.5377238502719114,False
PPIG,RNA,1,1w,"trained, F+M pooled",0.04697266566656458,0.050263380143718624,-0.051543559415123924,0.14548889074825308,0.6212919033343117,False
PPP1R16A,RNA,1,1w,"trained, F+M pooled",-0.07340162773590002,0.07086009986213307,-0.21228742346568086,0.0654841679938808,0.6601626483196349,False
PPP3R1,RNA,1,1w,"trained, F+M pooled",-0.0060141944010593,0.04830631901025333,-0.10069457966115583,0.08866619085903724,0.6706537035559036,False
PRCC,RNA,1,1w,"trained, F+M pooled",0.05111897561409445,0.04652246509293748,-0.04006505596806301,0.1423030071962519,0.8075029547919688,False
PRKAR2B,RNA,1,1w,"trained, F+M pooled",-0.32157169039749844,0.2480030340051291,-0.8076576370475514,0.1645142562525546,0.7785752134642451,False
PRMT3,RNA,1,1w,"trained, F+M pooled",0.07411885447261632,0.06515862917178235,-0.05359205870407707,0.2018297676493097,0.9472338992999416,False
PRUNE2,RNA,1,1w,"trained, F+M pooled",-0.1713103787843627,0.22899987747941317,-0.6201501386440125,0.27752938107528713,0.972993349657834,False
PTER,RNA,1,1w,"trained, F+M pooled",0.0032673847369059806,0.3156232505855135,-0.6153541864107004,0.6218889558845124,0.9845509273477036,False
RARRES2,RNA,1,1w,"trained, F+M pooled",-0.13787134427953435,0.13864761810129045,-0.4096206757580636,0.1338779871989949,0.8341026035423338,False
RASD1,RNA,1,1w,"trained, F+M pooled",0.767681968677754,0.33088303640035943,0.11915121733304945,1.4162127200224583,0.1856475004549144,False
RBMXL1,RNA,1,1w,"trained, F+M pooled",-0.02192826661795284,0.09010718459322037,-0.19853834842066476,0.1546818151847591,0.9944880717722148,False
RBP4,RNA,1,1w,"trained, F+M pooled",-0.3888527155519643,0.2340841435616179,-0.8476576369327354,0.06995220582880679,0.2166774076698561,False
RGS18,RNA,1,1w,"trained, F+M pooled",-0.5033136891646678,0.39282173258992004,-1.273244285040911,0.26661690671157545,0.9323287056626324,False
RGS2,RNA,1,1w,"trained, F+M pooled",-0.13994208295849123,0.1468690598625855,-0.4278054402891588,0.14792127437217636,0.6953765319462041,False
RLF,RNA,1,1w,"trained, F+M pooled",-0.012284831228664724,0.06691131745498563,-0.14343101344043654,0.1188613509831071,0.9800161978495908,False
RNF149,RNA,1,1w,"trained, F+M pooled",-0.028680511267992082,0.09190133928737614,-0.2088071362712493,0.15144611373526512,0.9890769296237186,False
RNF150,RNA,1,1w,"trained, F+M pooled",0.03710275445854924,0.06035830752979053,-0.0811995282998402,0.15540503721693869,0.8823152561680426,False
RNF166,RNA,1,1w,"trained, F+M pooled",-0.07630680408335049,0.05916348012603268,-0.19226722513037453,0.039653616963673574,0.832376398403289,False
RNF44,RNA,1,1w,"trained, F+M pooled",0.05955550342065937,0.044832856990432185,-0.028316896280587707,0.14742790312190646,0.8469138131202574,False
ROBO1,RNA,1,1w,"trained, F+M pooled",-0.0011196666589240577,0.18045834125643115,-0.3548180155215291,0.352578682203681,0.9971121815741568,False
ROGDI,RNA,1,1w,"trained, F+M pooled",0.09714040200528172,0.06505635290711743,-0.030370049692668447,0.2246508537032319,0.7300783366678819,False
RPAP3,RNA,1,1w,"trained, F+M pooled",0.007760674681889574,0.06081330835893561,-0.11143340970162421,0.12695475906540335,0.996636642952738,False
RPL3,RNA,1,1w,"trained, F+M pooled",-0.11527059553902996,0.06942345031110159,-0.2513405581487891,0.020799367070729158,0.8806890496440081,False
RPN1,RNA,1,1w,"trained, F+M pooled",-0.035573095436244234,0.034001806783916906,-0.10221663673272137,0.0310704458602329,0.8643588009779918,False
RPS3,RNA,1,1w,"trained, F+M pooled",0.022855937664938902,0.038219950746453485,-0.052055165798109926,0.09776704112798773,0.9151270574700932,False
RPS6KC1,RNA,1,1w,"trained, F+M pooled",0.021834367755625087,0.0630850148146323,-0.10181226128105422,0.1454809967923044,0.9677905953213992,False
RPUSD4,RNA,1,1w,"trained, F+M pooled",0.0166283807278876,0.08166781226551995,-0.14344053131253148,0.1766972927683067,0.9302555454973316,False
RTN2,RNA,1,1w,"trained, F+M pooled",0.054155244093640954,0.040790368805927964,-0.02579387876597785,0.13410436695325975,0.4690404785979456,False
RXRG,RNA,1,1w,"trained, F+M pooled",-0.12075545224364503,0.04250958110956364,-0.20407423121838977,-0.037436673268900295,0.1295589975335858,False
S100A1,RNA,1,1w,"trained, F+M pooled",-0.5274318502927955,0.17854148295788552,-0.8773731568902511,-0.1774905436953399,0.1862294906281889,False
S100A4,RNA,1,1w,"trained, F+M pooled",-0.13364792854590557,0.13580601005575127,-0.39982770825517805,0.1325318511633669,0.9588509122246184,False
S100A9,RNA,1,1w,"trained, F+M pooled",0.09928875331691203,0.5390344098322118,-0.9572186899542232,1.1557961965880472,0.9391908872360988,False
SAC3D1,RNA,1,1w,"trained, F+M pooled",-0.061720646520978466,0.118301476371519,-0.2935915402091557,0.17015024716719876,0.950924214705594,False
SCD,RNA,1,1w,"trained, F+M pooled",-0.763468834120271,0.341940855250811,-1.4336729104118606,-0.09326475782868138,0.7019975511844183,False
SCN4B,RNA,1,1w,"trained, F+M pooled",-0.0017618054447018049,0.039656603706886166,-0.07948874871019869,0.07596513782079507,0.9588509122246184,False
SCRN1,RNA,1,1w,"trained, F+M pooled",-0.2146918199001846,0.13143355862185083,-0.47230159479901224,0.04291795499864304,0.6314883118651976,False
SEMA6C,RNA,1,1w,"trained, F+M pooled",-0.05586093009524976,0.04059701337634746,-0.13543107631289078,0.023709216122391262,0.31584709328715,False
SF3A3,RNA,1,1w,"trained, F+M pooled",0.05917876069452241,0.07730841718707929,-0.09234573699215298,0.2107032583811978,0.9606134276943966,False
SH2B3,RNA,1,1w,"trained, F+M pooled",0.22859364359394463,0.06289605335449543,0.1053173790191336,0.35186990816875563,0.1626888164254362,False
SH3RF3,RNA,1,1w,"trained, F+M pooled",-0.323170259773329,0.47484493846362913,-1.2538663391620422,0.6075258196153841,0.8894538994602103,False
SHANK3,RNA,1,1w,"trained, F+M pooled",0.16146252243176815,0.061318325864527054,0.041278603737295125,0.28164644112624115,0.5631751758451781,False
SHISA4,RNA,1,1w,"trained, F+M pooled",0.03195366508437203,0.06113644847001409,-0.0878737739168556,0.15178110408559964,0.738578606255938,False
SHPRH,RNA,1,1w,"trained, F+M pooled",0.0695508689803606,0.06724390472343227,-0.06224718427756663,0.20134892223828782,0.9184649923947452,False
SIM1,RNA,1,1w,"trained, F+M pooled",1.0140046551387756,0.46718222638664564,0.0983274914209501,1.9296818188566012,0.556059311573493,False
SLC16A1,RNA,1,1w,"trained, F+M pooled",0.055322893366973276,0.07169395374498758,-0.08519725597320238,0.19584304270714892,0.92406371323577,False
SLC16A10,RNA,1,1w,"trained, F+M pooled",-0.08585021807886564,0.08557702690409953,-0.2535811908109007,0.08188075465316944,0.447942764861431,False
SLC19A2,RNA,1,1w,"trained, F+M pooled",0.28313721905478967,0.1503986043861094,-0.011644045541984782,0.5779184836515641,0.7300783366678819,False
SLC22A18,RNA,1,1w,"trained, F+M pooled",0.13867956337731552,0.15040796928852543,-0.15612005642819432,0.43347918318282536,0.7429431523799667,False
SLC22A5,RNA,1,1w,"trained, F+M pooled",0.08870101548319063,0.06199236447974739,-0.03280401889711425,0.2102060498634955,0.8312246087123808,False
SLC25A25,RNA,1,1w,"trained, F+M pooled",0.16924059945536182,0.1900596316885106,-0.20327627865411893,0.5417574775648426,0.7905608532946176,False
SLC25A34,RNA,1,1w,"trained, F+M pooled",0.019859365090653145,0.15590985220741577,-0.28572394523588174,0.3254426754171881,0.8823152561680426,False
SLC26A9,RNA,1,1w,"trained, F+M pooled",-0.06294033250349909,0.25409786510709653,-0.5609721481134082,0.4350914831064101,0.9800161978495908,False
SLC2A4,RNA,1,1w,"trained, F+M pooled",0.07634473059346077,0.04453312864189851,-0.010940201544660313,0.16362966273158186,0.8260768112918833,False
SLC38A1,RNA,1,1w,"trained, F+M pooled",-0.40054796518162566,0.14380084280421798,-0.6823976170778929,-0.1186983132853584,0.0349351079552256,True
SLIT2,RNA,1,1w,"trained, F+M pooled",-0.29641913580662466,0.21466238141831903,-0.71715740338653,0.12431913177328063,0.0555488800680686,False
SLPI,RNA,1,1w,"trained, F+M pooled",0.47405461137920474,0.396195150516306,-0.302487883632755,1.2505971063911645,0.7361492509049595,False
SMAGP,RNA,1,1w,"trained, F+M pooled",0.011300328031406466,0.2142752400701374,-0.40867914250606285,0.43127979856887577,0.9677905953213992,False
SMAP1,RNA,1,1w,"trained, F+M pooled",0.05416018846678551,0.06334432226372701,-0.06999468317011942,0.17831506010369044,0.8282911036324765,False
SS18L1,RNA,1,1w,"trained, F+M pooled",-0.09052119762009894,0.18864343345049223,-0.4602623271830637,0.27921993194286576,0.9692584089214836,False
ST3GAL6,RNA,1,1w,"trained, F+M pooled",-0.003775702488336287,0.07502780967106314,-0.15083020944362002,0.14327880446694746,0.9841950970596822,False
ST8SIA5,RNA,1,1w,"trained, F+M pooled",0.041298674573729426,0.1026764617317752,-0.15994719042054997,0.24254453956800884,0.9782314651952496,False
STRN4,RNA,1,1w,"trained, F+M pooled",-0.01840841280687964,0.05628464420337585,-0.12872631544549631,0.09190948983173702,0.9620027856062164,False
SUSD5,RNA,1,1w,"trained, F+M pooled",0.00020720472509987674,0.14341493674893802,-0.2808860713028186,0.2813004807530184,0.9783741865389682,False
TAF1D,RNA,1,1w,"trained, F+M pooled",-0.08772443886641443,0.13798973585398003,-0.35818432114021526,0.18273544340738643,0.9827248906801864,False
TCEAL7,RNA,1,1w,"trained, F+M pooled",-0.27118707736147113,0.18999033273516683,-0.6435681295223981,0.10119397479945585,0.895665537882708,False
TET1,RNA,1,1w,"trained, F+M pooled",0.028104355340736187,0.15326895761436615,-0.27230280158342146,0.32851151226489383,0.847199695574833,False
TFRC,RNA,1,1w,"trained, F+M pooled",0.3757670894852823,0.20752268440948926,-0.030977371957316646,0.7825115509278813,0.2291192450651276,False
TGFBR3,RNA,1,1w,"trained, F+M pooled",0.1586682759242404,0.07755514345900465,0.006660194744591286,0.3106763571038895,0.0710010132572219,False
THOC3,RNA,1,1w,"trained, F+M pooled",-0.0056837370290111575,0.06060910013412618,-0.12447757329189847,0.11311009923387615,0.9928452717154188,False
THRSP,RNA,1,1w,"trained, F+M pooled",-0.173417786709538,0.2478451671793959,-0.659194314381154,0.31235874096207794,0.9606134276943966,False
TLR2,RNA,1,1w,"trained, F+M pooled",-0.46208099480799963,0.27435073949534494,-0.9998084442188757,0.07564645460287639,0.7619421031958511,False
TM6SF1,RNA,1,1w,"trained, F+M pooled",0.3413252855993665,0.12406587645306658,0.098156167751356,0.5844944034473769,0.2086936903892588,False
TM9SF4,RNA,1,1w,"trained, F+M pooled",0.017762294111108048,0.05619549311946865,-0.0923808724030505,0.1279054606252666,0.947379602533469,False
TMEM181,RNA,1,1w,"trained, F+M pooled",-0.051335460766131324,0.08567817000866358,-0.21926467398311195,0.1165937524508493,0.9831695623623594,False
TMEM185B,RNA,1,1w,"trained, F+M pooled",0.03440460002944094,0.08761967504839313,-0.13732996306540957,0.20613916312429148,0.3840105591341526,False
TMEM189,RNA,1,1w,"trained, F+M pooled",0.01442408187617478,0.07046123554833647,-0.1236799397985647,0.15252810355091426,0.904442488622107,False
TMEM192,RNA,1,1w,"trained, F+M pooled",-0.11410223896547396,0.08524742707718373,-0.2811871960367541,0.05298271810580614,0.8971519097684012,False
TMEM251,RNA,1,1w,"trained, F+M pooled",0.03638335105078345,0.22753528154470803,-0.4095858007768443,0.4823525028784112,0.9692584089214836,False
TMEM64,RNA,1,1w,"trained, F+M pooled",-0.0202933678651738,0.05751803773862215,-0.13302872183287323,0.09244198610252562,0.9101254334107404,False
TMEM9,RNA,1,1w,"trained, F+M pooled",0.10809264596766417,0.18573619438816444,-0.25595029503313815,0.47213558696846647,0.9601492940877984,False
TMSB4X,RNA,1,1w,"trained, F+M pooled",-0.01011695809249777,0.042508500279166105,-0.09343361863966333,0.0731997024546678,0.895665537882708,False
TNFRSF12A,RNA,1,1w,"trained, F+M pooled",-0.09779745701839787,0.22389077103832955,-0.5366233682535237,0.34102845421672806,0.203004760373343,False
TNMD,RNA,1,1w,"trained, F+M pooled",0.1940620615729522,0.36285701041040647,-0.5171376788314446,0.9052618019773488,0.6041459146811511,False
TOP1,RNA,1,1w,"trained, F+M pooled",-0.03209172772485794,0.05821724329386734,-0.14619752458083793,0.08201406913112205,0.7766057907153557,False
TP53INP2,RNA,1,1w,"trained, F+M pooled",0.1343749141579055,0.04474705134604727,0.04667069351965286,0.22207913479615815,0.2280806698218682,False
TPPP3,RNA,1,1w,"trained, F+M pooled",-0.27495018301762536,0.11706490923109855,-0.5043974051105785,-0.04550296092467221,0.5389970278099963,False
TRAPPC1,RNA,1,1w,"trained, F+M pooled",-0.06735726426141884,0.08086190968060229,-0.22584660723539934,0.09113207871256164,0.92406371323577,False
TRIM41,RNA,1,1w,"trained, F+M pooled",-0.05546593507505982,0.06565355466469089,-0.18414690221785396,0.07321503206773433,0.967495221504018,False
TRIOBP,RNA,1,1w,"trained, F+M pooled",-0.129635659685406,0.06226592220435005,-0.2516768672059321,-0.007594452164879903,0.6964834647478244,False
TRIP10,RNA,1,1w,"trained, F+M pooled",-0.0031393965830617096,0.03871299419590958,-0.07901686520704448,0.07273807204092106,0.9304139112817164,False
TTC7B,RNA,1,1w,"trained, F+M pooled",-0.008919763113829497,0.040101911394546566,-0.08751950944714076,0.06967998321948177,0.9800161978495908,False
TYROBP,RNA,1,1w,"trained, F+M pooled",0.031346393887572876,0.1553049400990312,-0.2730512887065283,0.33574407648167404,0.9955304527427684,False
TYW3,RNA,1,1w,"trained, F+M pooled",0.06814635898710213,0.13461316448293223,-0.195695443399445,0.3319881613736493,0.9619295241572328,False
UBE2M,RNA,1,1w,"trained, F+M pooled",0.03675354625266544,0.04796885452453003,-0.05726540861541342,0.1307725011207443,0.9102663722562664,False
UBR7,RNA,1,1w,"trained, F+M pooled",0.07492790219601468,0.05955561143379175,-0.04180109621421714,0.19165690060624652,0.8032058754606435,False
UCKL1,RNA,1,1w,"trained, F+M pooled",0.07671493845740412,0.05476193727774484,-0.03061845860697575,0.184048335521784,0.8781446711720798,False
UHMK1,RNA,1,1w,"trained, F+M pooled",-0.025970819660571454,0.07350425072771233,-0.17003915108688764,0.11809751176574472,0.7160021089226241,False
UPP1,RNA,1,1w,"trained, F+M pooled",0.14083430428618154,0.11399357889861601,-0.08259311035510583,0.36426171892746895,0.7568733836712261,False
USP1,RNA,1,1w,"trained, F+M pooled",-0.037229818522653293,0.08050865668100135,-0.19502678561741593,0.12056714857210936,0.9881146631799128,False
VEGFB,RNA,1,1w,"trained, F+M pooled",0.22475350607210987,0.06765297153285418,0.09215368186771566,0.35735333027650407,0.0830332159293843,False
VIT,RNA,1,1w,"trained, F+M pooled",0.24617139112196823,0.2212202400038854,-0.18742027928564714,0.6797630615295835,0.5822703748970743,False
WBP2,RNA,1,1w,"trained, F+M pooled",0.04325058339986169,0.05908217121816813,-0.07255047218774785,0.1590516389874712,0.9401845992356338,False
WDSUB1,RNA,1,1w,"trained, F+M pooled",0.03663117185343667,0.09824427646474052,-0.15592761001745473,0.22918995372432807,0.9747100825057516,False
WEE1,RNA,1,1w,"trained, F+M pooled",0.0850648957951344,0.07169193729635914,-0.055451301305729506,0.22558109289599831,0.7949646753305748,False
WFDC1,RNA,1,1w,"trained, F+M pooled",0.06411682027276867,0.08819100401993579,-0.10873754760630548,0.23697118815184282,0.8823152561680426,False
XIRP1,RNA,1,1w,"trained, F+M pooled",-0.4081010205827527,0.193312944252616,-0.7869943913178801,-0.02920764984762536,0.0644311993371656,False
YAF2,RNA,1,1w,"trained, F+M pooled",0.0022267448816822685,0.07034447996855749,-0.13564843585669042,0.14010192562005494,0.9948895994838398,False
YBEY,RNA,1,1w,"trained, F+M pooled",0.2906680782509913,0.10905856738905029,0.07691328616845272,0.5044228703335298,0.2348621206680767,False
YTHDC2,RNA,1,1w,"trained, F+M pooled",-0.0637041935048915,0.11303025011926805,-0.2852434837386569,0.15783509672887386,0.9692584089214836,False
YTHDF3,RNA,1,1w,"trained, F+M pooled",0.06659380007943376,0.04977587045675529,-0.03096690601580661,0.16415450617467414,0.5756318928408275,False
YWHAE,RNA,1,1w,"trained, F+M pooled",-0.0762331300544742,0.03097891527023172,-0.13695180398412837,-0.015514456124820025,0.2579046021134447,False
ZBTB18,RNA,1,1w,"trained, F+M pooled",0.061755816908883515,0.049709050317026326,-0.03567392171248808,0.1591855555302551,0.64672570378396,False
ZCRB1,RNA,1,1w,"trained, F+M pooled",0.016944706887571014,0.05593058708429411,-0.09267924379764544,0.12656865757278746,0.9588509122246184,False
ZFAND3,RNA,1,1w,"trained, F+M pooled",0.05565226870399818,0.038204306491681245,-0.019228172019697058,0.1305327094276934,0.7530360311896713,False
ACAD8,RNA,2,2w,"trained, F+M pooled",0.10403673719576584,0.0718245309718426,-0.036739343509045674,0.24481281790057735,0.9799089452881988,False
ACADM,RNA,2,2w,"trained, F+M pooled",0.0500043692531486,0.05789244830353749,-0.06346482942178489,0.16347356792808207,0.9934648698188544,False
ACOX2,RNA,2,2w,"trained, F+M pooled",0.17784128736504867,0.15817499391847112,-0.13218170071515473,0.48786427544525207,0.9934648698188544,False
ACTC1,RNA,2,2w,"trained, F+M pooled",0.19262704937620892,0.26061393488348644,-0.31817626299542456,0.7034303617478423,0.9934648698188544,False
ACTN3,RNA,2,2w,"trained, F+M pooled",-0.001551434747293376,0.07379692667385458,-0.14619341102804836,0.1430905415334616,0.9973696164570588,False
ACYP1,RNA,2,2w,"trained, F+M pooled",0.046371425299823237,0.09494010176013717,-0.1397111741500456,0.2324540247496921,0.9934648698188544,False
ACYP2,RNA,2,2w,"trained, F+M pooled",-0.011003744187584891,0.045821585053283764,-0.10081405089202107,0.0788065625168513,0.9934648698188544,False
ADAMTS5,RNA,2,2w,"trained, F+M pooled",-0.14607261473534514,0.0944240027242503,-0.3311436600748757,0.03899843060418545,0.8442190008131125,False
ADIPOQ,RNA,2,2w,"trained, F+M pooled",-0.29127985810464285,0.2401096425972133,-0.7618947575951809,0.17933504138589518,0.9934648698188544,False
ADRA2A,RNA,2,2w,"trained, F+M pooled",-0.12642714864189858,0.22578933773347193,-0.5689742505995036,0.3161199533157064,0.9934648698188544,False
AEBP1,RNA,2,2w,"trained, F+M pooled",0.011915606677260342,0.1472362032903269,-0.2766673517717804,0.3004985651263011,0.9973696164570588,False
AGBL1,RNA,2,2w,"trained, F+M pooled",-0.36970280851748405,0.08355099914640214,-0.5334627668444323,-0.20594285019053585,0.1885560540015273,False
AKR1B10,RNA,2,2w,"trained, F+M pooled",-0.09061779053619429,0.05920233380945541,-0.2066543648027269,0.025418783730338318,0.9242436035603632,False
AKR1C3,RNA,2,2w,"trained, F+M pooled",-0.2815440967733086,0.30284274992688365,-0.8751158866300005,0.3120276930833833,0.9934648698188544,False
AKT1S1,RNA,2,2w,"trained, F+M pooled",0.025287563444302028,0.04153223166223412,-0.05611561061367684,0.10669073750228089,0.9973696164570588,False
ALDH1A3,RNA,2,2w,"trained, F+M pooled",-0.42020367327995045,0.13984050860735478,-0.6942910701503658,-0.14611627640953506,0.7391910055282039,False
AMIGO2,RNA,2,2w,"trained, F+M pooled",0.08298286565181734,0.1570396051468739,-0.22481476043605553,0.3907804917396902,0.9960463275791284,False
AMOTL2,RNA,2,2w,"trained, F+M pooled",-0.006705680207835476,0.09890938547972135,-0.2005680757480893,0.18715671533241837,0.9934648698188544,False
AMPH,RNA,2,2w,"trained, F+M pooled",0.6442121959794644,0.6181372081771506,-0.5673367320477507,1.8557611240066796,0.8927037415469476,False
ANGPTL2,RNA,2,2w,"trained, F+M pooled",-0.24029385125318106,0.08018832040970582,-0.39746295925620445,-0.08312474325015767,0.1134436476911193,False
ANKRD33B,RNA,2,2w,"trained, F+M pooled",-0.3040438193574827,0.29920015098304287,-0.8904761152842467,0.28238847656928134,0.9934648698188544,False
ANKRD49,RNA,2,2w,"trained, F+M pooled",0.04785957874831128,0.07664084367171191,-0.10235647484824406,0.19807563234486664,0.9934648698188544,False
ANP32B,RNA,2,2w,"trained, F+M pooled",-0.06080436730459864,0.05997889971916324,-0.17836301075415859,0.056754276144961306,0.9934648698188544,False
ANXA5,RNA,2,2w,"trained, F+M pooled",-0.1954053700549215,0.06832287795695015,-0.3293182108505438,-0.06149252925929921,0.732959384395307,False
AOC3,RNA,2,2w,"trained, F+M pooled",-0.004726054440111816,0.05917631368459554,-0.12071162926191907,0.11125952038169544,0.9934648698188544,False
APOD,RNA,2,2w,"trained, F+M pooled",-0.4724868169337749,0.35241302355560694,-1.1632163431027647,0.21824270923521472,0.9485571342981955,False
APPL2,RNA,2,2w,"trained, F+M pooled",-0.025428296501700493,0.08886334157016863,-0.19960044597923102,0.14874385297583,0.9934648698188544,False
AQP1,RNA,2,2w,"trained, F+M pooled",-0.05467400662125404,0.0431757409629943,-0.13929845890872286,0.02995044566621479,0.9568550761435554,False
ARL6IP1,RNA,2,2w,"trained, F+M pooled",-0.15863670289620854,0.09650221665586287,-0.34778104754169975,0.030507641749282666,0.9732986764028472,False
AS3MT,RNA,2,2w,"trained, F+M pooled",-0.14943868832649548,0.07835357446356558,-0.303011694275084,0.00413431762209307,0.8998035118018521,False
ASB15,RNA,2,2w,"trained, F+M pooled",0.006999376536242572,0.06263254195637928,-0.11576040569826082,0.12975915877074595,0.9934648698188544,False
ASPN,RNA,2,2w,"trained, F+M pooled",-0.37584894571835514,0.16433955333454517,-0.6979544702540637,-0.053743421182646633,0.8645038706864842,False
ASS1,RNA,2,2w,"trained, F+M pooled",-0.03152197347540524,0.25901443779525946,-0.5391902715541137,0.47614632460330325,0.9934648698188544,False
ATF3,RNA,2,2w,"trained, F+M pooled",-0.7593078768904823,0.22255136636606657,-1.1955085549679727,-0.3231071988129918,0.3217140511344303,False
ATP8B1,RNA,2,2w,"trained, F+M pooled",-0.15942713000746905,0.10573803179592314,-0.3666736723274784,0.047819412312540305,0.9934648698188544,False
BASP1,RNA,2,2w,"trained, F+M pooled",-0.11979295802417136,0.14459223946521685,-0.40319374737599634,0.16360783132765364,0.941273494391347,False
BCO2,RNA,2,2w,"trained, F+M pooled",-0.02763851414809902,0.34805394323785105,-0.709824242894287,0.654547214598089,0.9973696164570588,False
BHLHE41,RNA,2,2w,"trained, F+M pooled",-0.05941940869890972,0.09545333931654967,-0.24650795375934706,0.12766913636152763,0.9934648698188544,False
BPGM,RNA,2,2w,"trained, F+M pooled",-0.09669247170782835,0.035157679589695734,-0.165601523703632,-0.02778341971202472,0.8017750356031094,False
BSG,RNA,2,2w,"trained, F+M pooled",0.05702244136093186,0.03661188070686372,-0.014736844824521034,0.12878172754638476,0.9053289827201624,False
BTBD2,RNA,2,2w,"trained, F+M pooled",-0.0270442980400465,0.06994590398588904,-0.164138269852389,0.110049673772296,0.9936212341340906,False
BTG2,RNA,2,2w,"trained, F+M pooled",-0.24348980315175256,0.11743048883608474,-0.47365356127047864,-0.013326045033026479,0.9167886583821988,False
BVES,RNA,2,2w,"trained, F+M pooled",-0.08839700622069728,0.056706087943804634,-0.19954093859055436,0.022746926149159796,0.8324275066721295,False
C1R,RNA,2,2w,"trained, F+M pooled",-0.01034652561092418,0.07179701674609726,-0.1510686784332748,0.13037562721142645,0.9973696164570588,False
C1orf131,RNA,2,2w,"trained, F+M pooled",0.07660385182304004,0.053153907412222645,-0.027577806704916344,0.18078551035099644,0.7378751293798496,False
C3,RNA,2,2w,"trained, F+M pooled",0.25772130980107816,0.3023352617187968,-0.3348558031677636,0.85029842276992,0.9935747020579678,False
C5AR1,RNA,2,2w,"trained, F+M pooled",-0.2575122625547838,0.12292406774405723,-0.49844343533313595,-0.016581089776431662,0.9728438769041085,False
C6orf136,RNA,2,2w,"trained, F+M pooled",0.17030134175262596,0.06168646238525866,0.049395875477518975,0.2912068080277329,0.8381998501366337,False
CAB39L,RNA,2,2w,"trained, F+M pooled",0.061249796907225526,0.0612263993378951,-0.058753945795048876,0.18125353960949991,0.9934648698188544,False
CALCOCO1,RNA,2,2w,"trained, F+M pooled",0.05462501755427023,0.03493353852570173,-0.013844717956105167,0.12309475306464562,0.9802081387566794,False
CALM1,RNA,2,2w,"trained, F+M pooled",0.028575444889216133,0.05706320901343243,-0.08326844477711143,0.1404193345555437,0.9973696164570588,False
CALM3,RNA,2,2w,"trained, F+M pooled",0.028575444889216133,0.05706320901343243,-0.08326844477711143,0.1404193345555437,0.9973696164570588,False
CAMK2B,RNA,2,2w,"trained, F+M pooled",-0.11271779183616476,0.03621448874297997,-0.18369818977240548,-0.04173739389992402,0.3142526221186149,False
CAMK2G,RNA,2,2w,"trained, F+M pooled",0.00042101211067067506,0.03329155815948372,-0.0648304418819174,0.06567246610325876,0.9934648698188544,False
CAP1,RNA,2,2w,"trained, F+M pooled",-0.0010684473108742616,0.06440620936366027,-0.1273046176636484,0.12516772304189985,0.9934648698188544,False
CAPZB,RNA,2,2w,"trained, F+M pooled",-0.040605789222957725,0.03341676077671031,-0.10610264034530993,0.02489106189939448,0.9973696164570588,False
CARM1,RNA,2,2w,"trained, F+M pooled",0.05821794097799768,0.03991086653291894,-0.020007357426523445,0.1364432393825188,0.991950752975209,False
CARNS1,RNA,2,2w,"trained, F+M pooled",-0.07706621928140386,0.06749325885836152,-0.20935300664379244,0.05522056808098472,0.9608217263539413,False
CCDC3,RNA,2,2w,"trained, F+M pooled",0.017641191639207673,0.24750193631522,-0.4674626035386235,0.5027449868170388,0.9934648698188544,False
CD52,RNA,2,2w,"trained, F+M pooled",0.27901982801677777,0.48321538182433244,-0.6680823203589137,1.2261219763924693,0.9934648698188544,False
CD74,RNA,2,2w,"trained, F+M pooled",-0.2013433108402306,0.08457263011359424,-0.3671056658628753,-0.035580955817585885,0.7724872021159781,False
CDC37L1,RNA,2,2w,"trained, F+M pooled",-0.020554693107918832,0.0420897571762147,-0.10305061717329964,0.06194123095746198,0.9934648698188544,False
CDCA7L,RNA,2,2w,"trained, F+M pooled",-0.18275405568629974,0.2316115745021398,-0.6367127417104937,0.2712046303378942,0.9934648698188544,False
CDO1,RNA,2,2w,"trained, F+M pooled",-0.09231131081293872,0.1664379572162174,-0.41852970695672487,0.2339070853308474,0.9934648698188544,False
CEBPG,RNA,2,2w,"trained, F+M pooled",0.08371297613995299,0.0534947505480549,-0.02113673493423461,0.1885626872141406,0.991905236280842,False
CENPV,RNA,2,2w,"trained, F+M pooled",0.21587965263801082,0.16522808116491253,-0.10796738644521772,0.5397266917212393,0.991950752975209,False
CES1,RNA,2,2w,"trained, F+M pooled",-0.050266657011692396,0.14856456181438324,-0.34145319816788355,0.24091988414449875,0.9934648698188544,False
CFD,RNA,2,2w,"trained, F+M pooled",-0.026719640890735693,0.16739572824171567,-0.3548152682444984,0.301375986463027,0.9942643742930696,False
CHAC2,RNA,2,2w,"trained, F+M pooled",0.09875134020813041,0.1796981975669015,-0.2534571270229965,0.45095980743925734,0.9934648698188544,False
CHCHD10,RNA,2,2w,"trained, F+M pooled",0.13415407274619137,0.0514235339743293,0.03336394615650595,0.2349441993358768,0.8927037415469476,False
CHP1,RNA,2,2w,"trained, F+M pooled",-0.033937206578447635,0.03953336447751385,-0.11142260095437478,0.043548187797479515,0.9934648698188544,False
CHRDL1,RNA,2,2w,"trained, F+M pooled",0.12180236879389365,0.2082906968256386,-0.286447396984358,0.5300521345721453,0.9934648698188544,False
CHST15,RNA,2,2w,"trained, F+M pooled",-0.05174580999255708,0.16157432696687507,-0.3684314908476322,0.2649398708625181,0.9934648698188544,False
CHUK,RNA,2,2w,"trained, F+M pooled",0.0658698967697164,0.07203572650008,-0.07532012717044038,0.20705992070987317,0.9934648698188544,False
CIART,RNA,2,2w,"trained, F+M pooled",0.19081850970595324,0.2938066927970336,-0.3850426081762326,0.7666796275881391,0.9934648698188544,False
CIDEC,RNA,2,2w,"trained, F+M pooled",0.1879002235233848,0.2991596059868692,-0.39845260421087875,0.7742530512576484,0.9973696164570588,False
CISD1,RNA,2,2w,"trained, F+M pooled",-0.006255389905100682,0.03664504704216223,-0.07807968210773866,0.06556890229753728,0.9965040406506946,False
CKB,RNA,2,2w,"trained, F+M pooled",-0.013744537336231917,0.08826409628480696,-0.18674216605445354,0.15925309138198973,0.9934648698188544,False
CLASP1,RNA,2,2w,"trained, F+M pooled",-0.09573010367375445,0.04321323005940936,-0.1804280345901968,-0.011032172757312109,0.6214745819227379,False
CLASRP,RNA,2,2w,"trained, F+M pooled",0.090106439362628,0.0647286616270334,-0.036761737426357466,0.21697461615161345,0.9802081387566794,False
CLPTM1,RNA,2,2w,"trained, F+M pooled",0.06789208479390453,0.0368709886641657,-0.004375052987860242,0.14015922257566932,0.9338742296650592,False
CLU,RNA,2,2w,"trained, F+M pooled",-0.052875073324788975,0.07743171122774072,-0.20464122733116077,0.09889108068158284,0.9726936754330452,False
CMC1,RNA,2,2w,"trained, F+M pooled",0.04477335542711298,0.123742390948885,-0.19776173083270163,0.2873084416869276,0.9934648698188544,False
CNN1,RNA,2,2w,"trained, F+M pooled",0.20357440680931685,0.4087242057875546,-0.5975250365342901,1.0046738501529238,0.9934648698188544,False
COL5A2,RNA,2,2w,"trained, F+M pooled",-0.2508810374358955,0.07591562477620718,-0.39967566199726157,-0.10208641287452944,0.2023153566373142,False
COL6A6,RNA,2,2w,"trained, F+M pooled",-0.2564070180081131,0.11637995644837483,-0.48451173264692776,-0.028302303369298454,0.8766092994011337,False
COLEC12,RNA,2,2w,"trained, F+M pooled",0.004645609724032683,0.08850570814363369,-0.16882557823748934,0.17811679768555472,0.9973696164570588,False
CORO1C,RNA,2,2w,"trained, F+M pooled",0.04649671374807268,0.06657484605662785,-0.0839899845229179,0.17698341201906326,0.9973696164570588,False
CPE,RNA,2,2w,"trained, F+M pooled",-0.17293125077228458,0.060902533398320524,-0.2923002162329928,-0.05356228531157635,0.7001290510808352,False
CRIM1,RNA,2,2w,"trained, F+M pooled",-0.009896469339142004,0.05681953662837181,-0.12126276113075074,0.10146982245246675,0.9934648698188544,False
CSF2RB,RNA,2,2w,"trained, F+M pooled",-0.21609117302591588,0.14590390121925031,-0.5020628194156465,0.06988047336381473,0.9338742296650592,False
CSGALNACT2,RNA,2,2w,"trained, F+M pooled",-0.007620757236348675,0.05487211146144579,-0.11517009570078242,0.09992858122808508,0.9974932225484336,False
CSRNP1,RNA,2,2w,"trained, F+M pooled",0.057021417116163556,0.165263578888432,-0.26689519750516316,0.38093803173749025,0.9934648698188544,False
CTHRC1,RNA,2,2w,"trained, F+M pooled",-0.7109934856163821,0.34416419944571436,-1.3855553165299823,-0.03643165470278198,0.9344695332186008,False
CTSS,RNA,2,2w,"trained, F+M pooled",0.0852901383615534,0.1230105674446944,-0.1558105738300476,0.3263908505531544,0.9960463275791284,False
CTXN3,RNA,2,2w,"trained, F+M pooled",-0.35582698644996996,0.1834692771271023,-0.7154267696190905,0.0037727967191505396,0.884712357516289,False
CYB5R4,RNA,2,2w,"trained, F+M pooled",-0.003578823503269819,0.06259468651556258,-0.12626440907377245,0.11910676206723282,0.9934648698188544,False
CYP2J2,RNA,2,2w,"trained, F+M pooled",-0.1542191969644467,0.10390947710580524,-0.3578817720918249,0.04944337816293157,0.9757136494506616,False
DACT1,RNA,2,2w,"trained, F+M pooled",-0.0811796611805149,0.11942118634687687,-0.31524518642039356,0.15288586405936377,0.9934648698188544,False
DACT2,RNA,2,2w,"trained, F+M pooled",-0.42199041119175734,0.11888221849833623,-0.6549995594484963,-0.18898126293501832,0.5930965035079706,False
DBNDD2,RNA,2,2w,"trained, F+M pooled",0.09113747403006045,0.04717728908050798,-0.0013300125677351837,0.18360496062785608,0.9242436035603632,False
DDIT4,RNA,2,2w,"trained, F+M pooled",0.6186585484889213,0.25270236302622545,0.12336191695751947,1.1139551800203231,0.7391910055282039,False
DDN,RNA,2,2w,"trained, F+M pooled",0.5944091845838577,0.4511411443570671,-0.2898274583559938,1.4786458275237093,0.9232244674510296,False
DDR2,RNA,2,2w,"trained, F+M pooled",-0.03184719949766428,0.08032367749367889,-0.18928160738527489,0.12558720838994636,0.9973696164570588,False
DDX24,RNA,2,2w,"trained, F+M pooled",0.05978362363030752,0.04280186762679714,-0.02410803691821488,0.1436752841788299,0.9934648698188544,False
DDX39A,RNA,2,2w,"trained, F+M pooled",0.04833003716451724,0.08291183653860865,-0.11417716245115571,0.21083723678019017,0.9934648698188544,False
DENND2C,RNA,2,2w,"trained, F+M pooled",-0.12812704850788736,0.10607915257841542,-0.33604218756158155,0.07978809054580685,0.99681392886226,False
DGKZ,RNA,2,2w,"trained, F+M pooled",-0.19774751104656235,0.0634798591534047,-0.32216803498723556,-0.07332698710588913,0.7251490659627664,False
DHRS3,RNA,2,2w,"trained, F+M pooled",0.011961183880059071,0.09743976926194617,-0.17902076387335542,0.20294313163347355,0.9973696164570588,False
DHTKD1,RNA,2,2w,"trained, F+M pooled",-0.132047222708869,0.1392777666616113,-0.4050316453656272,0.14093719994788914,0.9934648698188544,False
DMRT2,RNA,2,2w,"trained, F+M pooled",-0.04315001801167502,0.07245676945154751,-0.18516528613670813,0.0988652501133581,0.9973696164570588,False
DNAJA1,RNA,2,2w,"trained, F+M pooled",-0.03975227422460351,0.0591878391453847,-0.15576043894955752,0.0762558905003505,0.9973696164570588,False
DNAJA4,RNA,2,2w,"trained, F+M pooled",-0.012037630224078591,0.05866344263352613,-0.1270179777857898,0.10294271733763262,0.9934648698188544,False
DNAJC1,RNA,2,2w,"trained, F+M pooled",0.049294147523348014,0.10943438850441815,-0.16519725394531157,0.26378554899200757,0.993415099390879,False
DOK7,RNA,2,2w,"trained, F+M pooled",0.0230884648656503,0.06667448771732448,-0.10759353106030567,0.15377046079160628,0.993415099390879,False
DPAGT1,RNA,2,2w,"trained, F+M pooled",-0.06562258490141644,0.05345330971623867,-0.17039107194524422,0.03914590214241136,0.9965040406506946,False
DPH3,RNA,2,2w,"trained, F+M pooled",0.09986291382429482,0.059395976959220366,-0.01655320101577709,0.21627902866436674,0.9802081387566794,False
DPYSL2,RNA,2,2w,"trained, F+M pooled",-0.10469933358079687,0.06586982584335892,-0.23380419223378035,0.024405525072186587,0.9934648698188544,False
DYNLL1,RNA,2,2w,"trained, F+M pooled",0.001298235770330249,0.07930157573135682,-0.15413285266312912,0.15672932420378963,0.9934648698188544,False
DZIP3,RNA,2,2w,"trained, F+M pooled",0.08159184610976021,0.09393263390404813,-0.10251611634217413,0.26569980856169456,0.9934648698188544,False
EBF1,RNA,2,2w,"trained, F+M pooled",0.1367784838452857,0.0943074336094181,-0.04806408602917375,0.32162105371974514,0.9829284279599884,False
EEF1A2,RNA,2,2w,"trained, F+M pooled",0.019501041383520424,0.03410545880683193,-0.047345657877870165,0.086347740644911,0.9965040406506946,False
EEF1B2,RNA,2,2w,"trained, F+M pooled",-0.05105247724722884,0.04172753790924466,-0.13283845154934837,0.030733497054890695,0.9934648698188544,False
EFEMP1,RNA,2,2w,"trained, F+M pooled",-0.09406435310759727,0.09129371076652279,-0.2730000262099819,0.0848713199947874,0.9973696164570588,False
EFHD1,RNA,2,2w,"trained, F+M pooled",0.006005863086484038,0.14990451026431134,-0.28780697703156616,0.29981870320453424,0.9973696164570588,False
EFNB2,RNA,2,2w,"trained, F+M pooled",0.07189533138969711,0.06352718043667485,-0.05261794226618559,0.19640860504557983,0.9795320807084732,False
EHBP1,RNA,2,2w,"trained, F+M pooled",0.052863035254696635,0.050924842213430514,-0.046949655483627166,0.15267572599302043,0.9934648698188544,False
EHBP1L1,RNA,2,2w,"trained, F+M pooled",-0.06270595005998857,0.03097877872851425,-0.12342435636787649,-0.001987543752100633,0.9242436035603632,False
EIF2AK3,RNA,2,2w,"trained, F+M pooled",-0.03170491836378404,0.12199615331091071,-0.27081737885316903,0.20740754212560092,0.9946846431049264,False
EIF3G,RNA,2,2w,"trained, F+M pooled",-0.00670518230739966,0.03772588989631366,-0.08064792650417443,0.0672375618893751,0.9973799997489348,False
EIF4EBP1,RNA,2,2w,"trained, F+M pooled",0.18489128334280433,0.06539376093617484,0.05671951190790164,0.313063054777707,0.8004061775819982,False
EIF4EBP3,RNA,2,2w,"trained, F+M pooled",0.06657426136629445,0.03816696866483255,-0.008232997216777352,0.14138151994936626,0.9557088413913708,False
EN1,RNA,2,2w,"trained, F+M pooled",0.03072205338940146,0.09633477937216564,-0.1580941141800432,0.21953822095884612,0.9934648698188544,False
ENPP5,RNA,2,2w,"trained, F+M pooled",-0.16377527105780085,0.1303443783883839,-0.41925025269903327,0.0916997105834316,0.9802081387566794,False
ESRRG,RNA,2,2w,"trained, F+M pooled",-0.16985947079697697,0.07221576448364131,-0.31140236918491393,-0.02831657240904001,0.6880262780052318,False
ETNPPL,RNA,2,2w,"trained, F+M pooled",0.795902897441716,1.0185292625028664,-1.2004144570639022,2.792220251947334,0.9934648698188544,False
ETS2,RNA,2,2w,"trained, F+M pooled",0.20070289888045295,0.07974594765209114,0.04440084148235432,0.35700495627855156,0.809747488589924,False
EVI2B,RNA,2,2w,"trained, F+M pooled",-0.06940942239215328,0.2508471940183952,-0.5610699226682079,0.42225107788390137,0.9934648698188544,False
EXTL2,RNA,2,2w,"trained, F+M pooled",-0.10078398302356534,0.12554611442621758,-0.3468543672989518,0.1452864012518211,0.9934648698188544,False
FABP4,RNA,2,2w,"trained, F+M pooled",0.11727005153601426,0.058892104821183656,0.001841526086494294,0.23269857698553423,0.9795320807084732,False
FAM171A1,RNA,2,2w,"trained, F+M pooled",-0.021574135867224564,0.12750507389971058,-0.2714840807106573,0.22833580897620817,0.9934648698188544,False
FAM217B,RNA,2,2w,"trained, F+M pooled",-0.24345838256637584,0.13851660756797116,-0.5149509333995993,0.028034168266847598,0.9485571342981955,False
FBLN2,RNA,2,2w,"trained, F+M pooled",-0.08586073455890948,0.0515989812566008,-0.18699473782184706,0.015273268704028078,0.9726936754330452,False
FBXL3,RNA,2,2w,"trained, F+M pooled",-0.046281011093666065,0.053437890662239064,-0.15101927679165464,0.0584572546043225,0.9945200805235908,False
FBXO40,RNA,2,2w,"trained, F+M pooled",0.0326743007491443,0.04279020226970344,-0.051194495699474436,0.11654309719776304,0.9973696164570588,False
FBXO6,RNA,2,2w,"trained, F+M pooled",0.1261409395649743,0.05022855042211853,0.027692980737621983,0.2245888983923266,0.9096374050884062,False
FEZ2,RNA,2,2w,"trained, F+M pooled",0.0384447900053,0.042386446390668714,-0.04463264492041068,0.12152222493101068,0.9973696164570588,False
FGL2,RNA,2,2w,"trained, F+M pooled",-0.030362044527396933,0.12985309512295456,-0.2848741109683879,0.224150021913594,0.9973696164570588,False
FHOD3,RNA,2,2w,"trained, F+M pooled",-0.033919088603259206,0.04364779910475146,-0.11946877484857206,0.05163059764205365,0.9934648698188544,False
FKBP1A,RNA,2,2w,"trained, F+M pooled",-0.019795284655644244,0.038007742349047045,-0.09429045965977645,0.05469989034848796,0.9934648698188544,False
FKBP5,RNA,2,2w,"trained, F+M pooled",0.2177410534333434,0.09313349751567913,0.03519939830261232,0.4002827085640745,0.9313583685062023,False
FKTN,RNA,2,2w,"trained, F+M pooled",-0.00943961789938167,0.056863741584966744,-0.12089255140591648,0.10201331560715315,0.9934648698188544,False
FLRT2,RNA,2,2w,"trained, F+M pooled",-0.19158070402169708,0.09128851696562809,-0.3705061972743281,-0.012655210769066033,0.9222120706038648,False
FMO2,RNA,2,2w,"trained, F+M pooled",0.2147863610915192,0.09267494464892297,0.033143469579630186,0.3964292526034082,0.8819940183671607,False
FOS,RNA,2,2w,"trained, F+M pooled",-0.7672765801144865,0.35098346019623816,-1.4552041620991134,-0.07934899812985974,0.9242436035603632,False
FRZB,RNA,2,2w,"trained, F+M pooled",-0.29386189091158293,0.31409200283162403,-0.9094822164615661,0.3217584346384002,0.9934648698188544,False
FUZ,RNA,2,2w,"trained, F+M pooled",-0.027610676304523383,0.0745625506230586,-0.17375327552571823,0.11853192291667147,0.9934648698188544,False
G0S2,RNA,2,2w,"trained, F+M pooled",0.1909212083566024,0.28046667248047735,-0.35879346970513315,0.740635886418338,0.9934648698188544,False
GADD45G,RNA,2,2w,"trained, F+M pooled",0.39140472431251994,0.23295299067820716,-0.06518313741676607,0.8479925860418059,0.8632349036652124,False
GBF1,RNA,2,2w,"trained, F+M pooled",0.02264814684656795,0.03299342915000793,-0.042018974287447594,0.08731526798058349,0.9934648698188544,False
GCA,RNA,2,2w,"trained, F+M pooled",-0.19345479630048495,0.09563540941531745,-0.38090019875450715,-0.006009393846462763,0.673964948377636,False
GCLM,RNA,2,2w,"trained, F+M pooled",0.061732706547950704,0.0825554188017411,-0.10007591430346183,0.22354132739936325,0.9934648698188544,False
GDA,RNA,2,2w,"trained, F+M pooled",0.07478911908951882,0.07650188422863226,-0.0751545739986004,0.22473281217763805,0.9934648698188544,False
GLYR1,RNA,2,2w,"trained, F+M pooled",-0.014127215622920245,0.037583277674433764,-0.08779043986481042,0.05953600861896993,0.9973696164570588,False
GPAM,RNA,2,2w,"trained, F+M pooled",-0.16786151236882216,0.10112417962083929,-0.3660649044256672,0.03034187968802285,0.9802081387566794,False
GPC6,RNA,2,2w,"trained, F+M pooled",-0.28078748343396936,0.14362520752964414,-0.5622928901920718,0.0007179233241331184,0.8936015303584584,False
GPCPD1,RNA,2,2w,"trained, F+M pooled",0.11600431390048153,0.0685984880938506,-0.01844872276346564,0.2504573505644287,0.9802081387566794,False
GREB1L,RNA,2,2w,"trained, F+M pooled",0.6535722166562615,0.31312893029837824,0.0398395132714402,1.2673049200410829,0.9557088413913708,False
GSTM1,RNA,2,2w,"trained, F+M pooled",-0.13916134325117294,0.0978280966612029,-0.3309044127071306,0.05258172620478474,0.9802081387566794,False
GSTM2,RNA,2,2w,"trained, F+M pooled",-0.1489194571417451,0.05405413078923922,-0.254865553488654,-0.04297336079483623,0.7976738733268859,False
GSTM4,RNA,2,2w,"trained, F+M pooled",-0.17910423657803717,0.08186846946860195,-0.339566436736497,-0.018642036419577346,0.9222981555185936,False
GSTT1,RNA,2,2w,"trained, F+M pooled",0.21234027480007717,0.30890838557855166,-0.3931201609338841,0.8178007105340384,0.9973696164570588,False
GTF2H3,RNA,2,2w,"trained, F+M pooled",0.026422989350000887,0.08323409431257307,-0.13671583550264232,0.18956181420264412,0.9973696164570588,False
GTF2I,RNA,2,2w,"trained, F+M pooled",0.05888364279422197,0.03134285629039921,-0.002548355534960474,0.12031564112340443,0.9686910188215806,False
GUF1,RNA,2,2w,"trained, F+M pooled",0.1044632433297802,0.05581525530988769,-0.004934657077599672,0.2138611437371601,0.9802081387566794,False
GYS1,RNA,2,2w,"trained, F+M pooled",0.06154725394281476,0.0422231225506504,-0.021210066256460026,0.14430457414208955,0.9523683049044096,False
H2BC11,RNA,2,2w,"trained, F+M pooled",0.047263185738909363,0.3437188290705198,-0.6264257192393095,0.7209520907171283,0.9960463275791284,False
H3-3B,RNA,2,2w,"trained, F+M pooled",-0.12539605713718008,0.052374934174728736,-0.2280509281196484,-0.022741186154711754,0.9053289827201624,False
HCFC1R1,RNA,2,2w,"trained, F+M pooled",0.0954728991110456,0.06716128143080966,-0.036163212493341326,0.22710901071543255,0.9167901459689104,False
HEATR5A,RNA,2,2w,"trained, F+M pooled",-0.04602258206485109,0.06339666468473872,-0.17028004484693898,0.07823488071723679,0.9557088413913708,False
HLA-DQA1,RNA,2,2w,"trained, F+M pooled",-0.34298326627240266,0.0969821655764892,-0.5330683108023215,-0.15289822174248383,0.5054032165572944,False
HLA-DRA,RNA,2,2w,"trained, F+M pooled",-0.20172282549341494,0.09396568763924602,-0.38589557326633717,-0.017550077720492746,0.9344695332186008,False
HMOX1,RNA,2,2w,"trained, F+M pooled",-0.0924523585229979,0.11827407246188483,-0.32426954054829216,0.13936482350229634,0.9934648698188544,False
HOMER2,RNA,2,2w,"trained, F+M pooled",-0.0963772176798404,0.07632175098212728,-0.24596784960480986,0.05321341424512907,0.6898795763856092,False
HOXC6,RNA,2,2w,"trained, F+M pooled",-0.0010150252782900287,0.16365208758954294,-0.3217731169537942,0.31974306639721417,0.9934648698188544,False
HSF1,RNA,2,2w,"trained, F+M pooled",0.04026250496769955,0.04441783833833267,-0.04679645817543247,0.12732146811083156,0.9934648698188544,False
HSPA1B,RNA,2,2w,"trained, F+M pooled",-0.5387406861746494,0.2773385617008067,-1.0823242671082305,0.004842894758931626,0.9686910188215806,False
HSPA2,RNA,2,2w,"trained, F+M pooled",-0.08228673351820324,0.10508283782364093,-0.2882490956525395,0.12367562861613297,0.9973696164570588,False
HSPB6,RNA,2,2w,"trained, F+M pooled",-0.04794749963784064,0.08821052460231198,-0.22084012785837212,0.12494512858269083,0.9934648698188544,False
IDH3A,RNA,2,2w,"trained, F+M pooled",0.08828298910918181,0.037912878421988074,0.01397374740208518,0.16259223081627844,0.4854006308770489,False
IER5,RNA,2,2w,"trained, F+M pooled",-0.2685668075737272,0.18713884283033694,-0.6353589395211876,0.09822532437373321,0.941273494391347,False
IFI44L,RNA,2,2w,"trained, F+M pooled",0.005685258537731141,0.26770958772244846,-0.5190255333982678,0.5303960504737302,0.9934648698188544,False
IFRD1,RNA,2,2w,"trained, F+M pooled",-0.10402428769369283,0.07781312501055644,-0.2565380127143835,0.0484894373269978,0.991950752975209,False
IGFBP6,RNA,2,2w,"trained, F+M pooled",-0.059095626381123326,0.15218492841305153,-0.3573780860707043,0.2391868333084577,0.9973696164570588,False
IP6K3,RNA,2,2w,"trained, F+M pooled",0.30288065241467604,0.09933700688590831,0.10818011891829576,0.4975811859110563,0.5163396380257905,False
IRF2BPL,RNA,2,2w,"trained, F+M pooled",-0.018544434119562615,0.06513007152511728,-0.14619937430879248,0.10911050606966727,0.92574503324658,False
ITGAE,RNA,2,2w,"trained, F+M pooled",-0.10745858824620508,0.14430401093442322,-0.39029444967767457,0.17537727318526442,0.9934648698188544,False
ITGB3BP,RNA,2,2w,"trained, F+M pooled",-0.005998234420668161,0.2959303995223552,-0.5860218174844843,0.574025348643148,0.9974932225484336,False
ITGB6,RNA,2,2w,"trained, F+M pooled",0.06545855065311046,0.06440693645018877,-0.06077904478925952,0.19169614609548044,0.9934648698188544,False
ITIH3,RNA,2,2w,"trained, F+M pooled",-0.2341340942024045,0.3723024384723722,-0.963846873608254,0.49557868520344506,0.9726936754330452,False
KBTBD2,RNA,2,2w,"trained, F+M pooled",-0.07505008961485823,0.05930438811798028,-0.19128669032609957,0.041186511096383105,0.9973696164570588,False
KCNAB1,RNA,2,2w,"trained, F+M pooled",-0.15738861450550182,0.14125903110362345,-0.43425631546860377,0.11947908645760016,0.8766092994011337,False
KCNJ11,RNA,2,2w,"trained, F+M pooled",-0.020583651870749606,0.046273212145245546,-0.11127914767543087,0.07011184393393166,0.9960463275791284,False
KCNJ2,RNA,2,2w,"trained, F+M pooled",-0.01726561686195227,0.09553252384317773,-0.2045093635945806,0.16997812987067606,0.9934648698188544,False
KCTD9,RNA,2,2w,"trained, F+M pooled",-0.1119273554023984,0.06271581263477218,-0.23485034816655187,0.010995637361755059,0.9608217263539413,False
KDELR1,RNA,2,2w,"trained, F+M pooled",-0.04240688117382269,0.04170162251888692,-0.12414206131084105,0.03932829896319567,0.9934648698188544,False
KDM1B,RNA,2,2w,"trained, F+M pooled",0.05140222549823823,0.06054482768620881,-0.06726563676673103,0.17007008776320748,0.9973696164570588,False
KDM2B,RNA,2,2w,"trained, F+M pooled",-0.0490209214742642,0.06657006836914156,-0.17949825547778167,0.08145641252925326,0.9973696164570588,False
KIF5B,RNA,2,2w,"trained, F+M pooled",-0.04120416030596801,0.03821677070978951,-0.11610903089715544,0.03370071028521942,0.9802081387566794,False
KLF10,RNA,2,2w,"trained, F+M pooled",0.12220217300429942,0.10914158724831634,-0.09171533800240059,0.33611968401099945,0.9802081387566794,False
KLHL13,RNA,2,2w,"trained, F+M pooled",-0.2905362908692347,0.07153527792857053,-0.43074543560923295,-0.15032714612923648,0.4527488922167091,False
KLHL34,RNA,2,2w,"trained, F+M pooled",-0.2891157542375523,0.13784948317468,-0.5593007412599251,-0.018930767215179556,0.7898263758595745,False
KLHL40,RNA,2,2w,"trained, F+M pooled",-0.13726728326886634,0.05596913319657412,-0.24696678433415162,-0.027567782203581054,0.7391910055282039,False
KPNA1,RNA,2,2w,"trained, F+M pooled",0.020538562931730182,0.04254573567075498,-0.06285107898294959,0.10392820484640994,0.9934648698188544,False
LAPTM5,RNA,2,2w,"trained, F+M pooled",-0.028501816950852,0.09440799326435323,-0.21354148374898432,0.15653784984728034,0.9973696164570588,False
LCP1,RNA,2,2w,"trained, F+M pooled",-0.10507365726203464,0.08719208357102098,-0.2759701410612358,0.06582282653716649,0.9934648698188544,False
LEP,RNA,2,2w,"trained, F+M pooled",-1.3707031269704466,0.4540637915250253,-2.260668158359496,-0.480738095581397,0.7001290510808352,False
LGALS1,RNA,2,2w,"trained, F+M pooled",-0.13901248494322196,0.05001287873674616,-0.23703772726724442,-0.04098724261919949,0.7391910055282039,False
LMO2,RNA,2,2w,"trained, F+M pooled",-0.20759306261341082,0.1252695073493382,-0.45312129701811366,0.03793517179129205,0.9934648698188544,False
LONRF3,RNA,2,2w,"trained, F+M pooled",0.13433382784051667,0.16052664202742115,-0.18029839053322877,0.4489660462142621,0.9802081387566794,False
LPIN1,RNA,2,2w,"trained, F+M pooled",0.06949783086589431,0.05444876337174658,-0.037221745342728985,0.1762174070745176,0.8855346429884292,False
LRRC3B,RNA,2,2w,"trained, F+M pooled",0.32160859231734357,0.23461862220929047,-0.13824390721286572,0.7814610918475529,0.9934648698188544,False
LRRC71,RNA,2,2w,"trained, F+M pooled",-0.030526801846362906,0.24306812747205975,-0.5069403316916,0.4458867279988742,0.9934648698188544,False
LRRK2,RNA,2,2w,"trained, F+M pooled",-0.012864088251093612,0.06117054175335601,-0.1327583500876714,0.10703017358548417,0.9973696164570588,False
LRRN1,RNA,2,2w,"trained, F+M pooled",-0.14148377706198015,0.21795111655183547,-0.5686679655035777,0.2857004113796173,0.9973696164570588,False
LYZ,RNA,2,2w,"trained, F+M pooled",-0.11364718566918876,0.0824187759449058,-0.27518798652120413,0.04789361518282663,0.9802081387566794,False
MAOA,RNA,2,2w,"trained, F+M pooled",-0.019155682918195718,0.05229671228876851,-0.121657239004182,0.08334587316779056,0.9934648698188544,False
MAP1LC3B,RNA,2,2w,"trained, F+M pooled",0.16815184299636543,0.05052624034001978,0.06912041192992666,0.2671832740628042,0.5445455270945222,False
MAP2K3,RNA,2,2w,"trained, F+M pooled",-0.20674938816797483,0.0581718631845856,-0.3207662400097626,-0.09273253632618705,0.1547460136271231,False
MAPRE3,RNA,2,2w,"trained, F+M pooled",0.03151899341339792,0.0503203403214828,-0.06710887361670836,0.1301468604435042,0.9973696164570588,False
MATN2,RNA,2,2w,"trained, F+M pooled",-0.17693338593220814,0.1443665986541987,-0.4598919192944376,0.10602514743002134,0.9934648698188544,False
MEST,RNA,2,2w,"trained, F+M pooled",-0.1207677408420099,0.28435470314631994,-0.678102959008797,0.4365674773247772,0.9965040406506946,False
METTL21C,RNA,2,2w,"trained, F+M pooled",-0.2321637900057096,0.2031357419470756,-0.6303098442219778,0.16598226421055853,0.9934648698188544,False
METTL7A,RNA,2,2w,"trained, F+M pooled",0.005547508304355273,0.0724950039937938,-0.13654269952348058,0.14763771613219112,0.9934648698188544,False
MFAP3L,RNA,2,2w,"trained, F+M pooled",0.19194680789013555,0.13839102266464706,-0.07929959653257271,0.4631932123128438,0.9934648698188544,False
MFAP5,RNA,2,2w,"trained, F+M pooled",-0.4235632862941513,0.09411531241451077,-0.6080292986265924,-0.2390972739617102,0.1075568596840475,False
MFN1,RNA,2,2w,"trained, F+M pooled",0.06230367775355017,0.03599162880474334,-0.00823991470374677,0.1328472702108471,0.8611648942819791,False
MFSD1,RNA,2,2w,"trained, F+M pooled",0.017036855351203573,0.05337823013038727,-0.08758447570435547,0.12165818640676261,0.9934648698188544,False
MGME1,RNA,2,2w,"trained, F+M pooled",0.0646946590816462,0.12197712785321212,-0.17438051151064954,0.30376982967394195,0.9934648698188544,False
MGST1,RNA,2,2w,"trained, F+M pooled",0.06270860980062475,0.16776029469291226,-0.2661015677974833,0.3915187873987328,0.9973696164570588,False
MICU1,RNA,2,2w,"trained, F+M pooled",-0.132983224133359,0.05883811080609644,-0.24830592131330803,-0.017660526953409986,0.713670450838103,False
MIF,RNA,2,2w,"trained, F+M pooled",0.06269842334353683,0.09862303798239065,-0.13060273110194887,0.2559995777890225,0.9934648698188544,False
MLLT11,RNA,2,2w,"trained, F+M pooled",0.06932516274795236,0.08273612375680267,-0.09283763981538087,0.2314879653112856,0.995245005913796,False
MPEG1,RNA,2,2w,"trained, F+M pooled",-0.5194895404835913,0.21296305137637234,-0.9368971211812811,-0.10208195978590151,0.8421683811961888,False
MRPL4,RNA,2,2w,"trained, F+M pooled",0.11922194731059656,0.06070162234518638,0.0002467675140312431,0.23819712710716187,0.9790136537936592,False
MRPL48,RNA,2,2w,"trained, F+M pooled",-0.10964731440626557,0.05498702541646988,-0.21742188422254655,-0.0018727445899846124,0.951350597946526,False
MRPS6,RNA,2,2w,"trained, F+M pooled",0.06312485469833468,0.10757846525915778,-0.14772893720961455,0.2739786466062839,0.9588591439860864,False
MSANTD2,RNA,2,2w,"trained, F+M pooled",-0.12672540520253348,0.1280471476863743,-0.37769781466782704,0.12424700426276011,0.9934648698188544,False
MSANTD4,RNA,2,2w,"trained, F+M pooled",0.023433852936467138,0.05822570734605094,-0.0906885334617927,0.13755623933472697,0.9934648698188544,False
MSRA,RNA,2,2w,"trained, F+M pooled",-0.068751617678956,0.12419762706891577,-0.3121789667340309,0.17467573137611891,0.9938303592177414,False
MSRB2,RNA,2,2w,"trained, F+M pooled",-0.007628622806776651,0.13141328791259232,-0.26519866711545764,0.24994142150190432,0.9978788319285876,False
MT2A,RNA,2,2w,"trained, F+M pooled",0.050050374065596724,0.18744516168192216,-0.31734214283097073,0.41744289096216414,0.9934648698188544,False
MYBPH,RNA,2,2w,"trained, F+M pooled",-0.3452035525839342,0.19704800409806453,-0.7314176406161407,0.04101053544827227,0.8766092994011337,False
MYH3,RNA,2,2w,"trained, F+M pooled",-0.20410017698649932,0.18263637133176835,-0.5620674647967653,0.15386711082376667,0.9934648698188544,False
MYH8,RNA,2,2w,"trained, F+M pooled",-0.12069687171459466,0.09902490468713375,-0.3147856849013768,0.07339194147218749,0.9973696164570588,False
MYO1F,RNA,2,2w,"trained, F+M pooled",-0.06082193648299076,0.13222114354239886,-0.31997537782609253,0.198331504860111,0.9973696164570588,False
MYOM1,RNA,2,2w,"trained, F+M pooled",0.01119511367708161,0.03947315764936826,-0.06617227531568019,0.0885625026698434,0.9934648698188544,False
MYPN,RNA,2,2w,"trained, F+M pooled",0.043994918874388105,0.03473889887584748,-0.02409332292227296,0.11208316067104918,0.9802081387566794,False
MYPOP,RNA,2,2w,"trained, F+M pooled",0.011083395875744707,0.07049675958993645,-0.12709025292053075,0.14925704467202014,0.9934648698188544,False
NAMPT,RNA,2,2w,"trained, F+M pooled",0.1163612675614593,0.04126778298955692,0.03547641290192774,0.19724612222099086,0.3142526221186149,False
NCEH1,RNA,2,2w,"trained, F+M pooled",-0.21022618754320557,0.10986513021727778,-0.42556184276907005,0.00510946768265888,0.9485571342981955,False
NCF2,RNA,2,2w,"trained, F+M pooled",-0.3582878851105044,0.35138163908380843,-1.0469958977147689,0.3304201274937601,0.9313583685062023,False
NCOA3,RNA,2,2w,"trained, F+M pooled",0.00414734709130582,0.0562038789546441,-0.1060122556597966,0.11430694984240825,0.9934648698188544,False
NDFIP1,RNA,2,2w,"trained, F+M pooled",-0.05472078241458617,0.038891600170819114,-0.1309483187493916,0.021506753920219293,0.9934648698188544,False
NDUFAF1,RNA,2,2w,"trained, F+M pooled",0.10199556636072081,0.07510735959643966,-0.045214858448300935,0.24920599116974257,0.7570905105816546,False
NDUFB8,RNA,2,2w,"trained, F+M pooled",0.028325389946068542,0.0476840782946621,-0.06513540351146918,0.12178618340360625,0.9802081387566794,False
NEDD1,RNA,2,2w,"trained, F+M pooled",0.013262973900438402,0.06886064891357244,-0.12170389797016357,0.14822984577104037,0.9973696164570588,False
NEURL1B,RNA,2,2w,"trained, F+M pooled",0.055393048338162124,0.1615580648582664,-0.26126075878404004,0.37204685546036426,0.9973696164570588,False
NFIC,RNA,2,2w,"trained, F+M pooled",0.028070713756928285,0.043192998775616005,-0.05658756384327909,0.11272899135713565,0.9934648698188544,False
NFIL3,RNA,2,2w,"trained, F+M pooled",0.21509160681479617,0.1322730343042305,-0.04416354042149562,0.47434675405108795,0.9338742296650592,False
NKIRAS2,RNA,2,2w,"trained, F+M pooled",0.03628262594734341,0.051856605249917406,-0.06535632034249471,0.13792157223718154,0.9973696164570588,False
NMRK2,RNA,2,2w,"trained, F+M pooled",-0.5219608541261441,0.19225737814549784,-0.8987853152913199,-0.14513639296096836,0.859270442131403,False
NPY1R,RNA,2,2w,"trained, F+M pooled",-0.020633955893104905,0.17218374423950544,-0.35811409460253557,0.31684618281632576,0.9934648698188544,False
NQO2,RNA,2,2w,"trained, F+M pooled",-0.041153285807533135,0.09039491490598128,-0.21832731902325644,0.13602074740819017,0.9973696164570588,False
NR1D1,RNA,2,2w,"trained, F+M pooled",0.09720448460661398,0.1386393793481384,-0.17452869891573725,0.36893766812896517,0.9934648698188544,False
NRIP1,RNA,2,2w,"trained, F+M pooled",-0.04540978946525645,0.10417419054101099,-0.24959120292563797,0.15877162399512507,0.9934648698188544,False
NUCB1,RNA,2,2w,"trained, F+M pooled",-0.026209183952908055,0.04372544837745564,-0.11191106277272111,0.059492694866905005,0.9934648698188544,False
NUDT3,RNA,2,2w,"trained, F+M pooled",-0.04851479489700094,0.03794533688601908,-0.12288765519359834,0.02585806539959646,0.9934648698188544,False
NUDT6,RNA,2,2w,"trained, F+M pooled",-0.04032105406812406,0.09505416746027479,-0.22662722229026264,0.14598511415401452,0.9942643742930696,False
OGDH,RNA,2,2w,"trained, F+M pooled",0.03817897138055118,0.04053388566671845,-0.04126744452621699,0.11762538728731935,0.9934648698188544,False
OGFRL1,RNA,2,2w,"trained, F+M pooled",0.015261254676710509,0.06295915185024918,-0.10813868294977788,0.1386611923031989,0.9934648698188544,False
OLFM1,RNA,2,2w,"trained, F+M pooled",-0.018144104954349663,0.14404861247956777,-0.30047938541430247,0.26419117550560317,0.9934648698188544,False
ORAI1,RNA,2,2w,"trained, F+M pooled",-0.0017458355839094373,0.050933257052539135,-0.10157501940688614,0.09808334823906727,0.9973696164570588,False
OSBPL3,RNA,2,2w,"trained, F+M pooled",-0.22277762905370588,0.11483758174863953,-0.44785928928103935,0.0023040311736275965,0.8109487310197587,False
OTUD1,RNA,2,2w,"trained, F+M pooled",-0.2685203997705429,0.3344864146852439,-0.9241137725536209,0.3870729730125352,0.9934648698188544,False
OXNAD1,RNA,2,2w,"trained, F+M pooled",0.008497175344522498,0.07844251485693328,-0.14525015377506673,0.1622445044641117,0.9973696164570588,False
P2RX5,RNA,2,2w,"trained, F+M pooled",0.06229909254866874,0.09194347752964822,-0.11791012340944176,0.24250830850677926,0.9802081387566794,False
P2RY13,RNA,2,2w,"trained, F+M pooled",-0.24010458693646627,0.3008112943572368,-0.8296947238766504,0.34948555000371784,0.9973696164570588,False
PAMR1,RNA,2,2w,"trained, F+M pooled",-0.48328333330632456,0.25729316113251144,-0.9875779291260469,0.0210112625133978,0.9313583685062023,False
PANK1,RNA,2,2w,"trained, F+M pooled",0.057756699177486596,0.09511601408856439,-0.1286706884360996,0.2441840867910728,0.9934648698188544,False
PANX1,RNA,2,2w,"trained, F+M pooled",-0.34284660225024344,0.14687168048218793,-0.6307150959953318,-0.05497810850515511,0.8876854586607936,False
PARM1,RNA,2,2w,"trained, F+M pooled",0.06028580240541453,0.10177281102895443,-0.13918890721133614,0.2597605120221652,0.9934648698188544,False
PARVB,RNA,2,2w,"trained, F+M pooled",-0.048493978118851616,0.042198018816882274,-0.13120209499994087,0.03421413876223764,0.9934648698188544,False
PCDH9,RNA,2,2w,"trained, F+M pooled",-0.03137569438001713,0.35124312697576704,-0.7198122232525205,0.6570608344924863,0.9973696164570588,False
PCDHGA8,RNA,2,2w,"trained, F+M pooled",-0.05380592048208655,0.4243829532608667,-0.8855965088733853,0.7779846679092122,0.9973696164570588,False
PCOLCE2,RNA,2,2w,"trained, F+M pooled",-0.012712728802067952,0.08310646002110304,-0.1756013904434299,0.150175932839294,0.9934648698188544,False
PDK4,RNA,2,2w,"trained, F+M pooled",0.05108188808945479,0.17697495106983124,-0.2957890160074144,0.397952792186324,0.9973696164570588,False
PENK,RNA,2,2w,"trained, F+M pooled",-0.7945689073112512,0.409775935210807,-1.597729740324433,0.00859192570193057,0.6348463500479489,False
PFKFB3,RNA,2,2w,"trained, F+M pooled",0.435352706491183,0.2094853055618357,0.024761507589985077,0.845943905392381,0.919593548274684,False
PHACTR4,RNA,2,2w,"trained, F+M pooled",0.17253053108564312,0.1113954952370898,-0.0458046395790529,0.39086570175033913,0.9934648698188544,False
PHF5A,RNA,2,2w,"trained, F+M pooled",-0.03005001008807888,0.07537883066024276,-0.1777925181821547,0.11769249800599692,0.9973696164570588,False
PHGDH,RNA,2,2w,"trained, F+M pooled",-0.13223689652278048,0.35757645003006694,-0.8330867385817117,0.5686129455361507,0.9973696164570588,False
PHLDA3,RNA,2,2w,"trained, F+M pooled",0.2224630591501476,0.05905739683267344,0.10671056135810766,0.3382155569421875,0.0517316918897705,False
PHTF2,RNA,2,2w,"trained, F+M pooled",-0.11760562177256878,0.05379256472815929,-0.22303904863976098,-0.012172194905376577,0.9230008877695192,False
PHYHD1,RNA,2,2w,"trained, F+M pooled",-0.017304654058539676,0.10334148766329104,-0.21985396987859013,0.18524466176151078,0.9934648698188544,False
PIGS,RNA,2,2w,"trained, F+M pooled",0.022269978637338154,0.05936638945523745,-0.09408814469492725,0.13862810196960357,0.995245005913796,False
PJA2,RNA,2,2w,"trained, F+M pooled",-0.03666790284773445,0.046156951080473886,-0.12713552696546326,0.05379972126999436,0.9934648698188544,False
PKM,RNA,2,2w,"trained, F+M pooled",0.07488678205162284,0.05810646397869842,-0.03900188734662606,0.18877545144987173,0.9802081387566794,False
PLA2G2A,RNA,2,2w,"trained, F+M pooled",-0.020265870002514626,0.2793529566363868,-0.5677976650098329,0.5272659250048035,0.9973696164570588,False
PLEKHO1,RNA,2,2w,"trained, F+M pooled",0.010810655625754053,0.14944677486632624,-0.28210502311224533,0.30372633436375346,0.9973696164570588,False
PLGRKT,RNA,2,2w,"trained, F+M pooled",0.0906665973057707,0.12598631817453396,-0.15626658631631585,0.33759978092785725,0.9934648698188544,False
PLIN1,RNA,2,2w,"trained, F+M pooled",0.02957045140600668,0.2400309982095869,-0.44089030508478366,0.500031207896797,0.9934648698188544,False
PLIN4,RNA,2,2w,"trained, F+M pooled",0.08059957053993673,0.058809691531044136,-0.034667424860909776,0.19586656594078322,0.9934648698188544,False
PPIF,RNA,2,2w,"trained, F+M pooled",0.11932584811703356,0.07905615530709185,-0.03562421628486648,0.2742759125189336,0.9732986764028472,False
PPIG,RNA,2,2w,"trained, F+M pooled",0.014136375570812092,0.048689681536778204,-0.08129540024127319,0.10956815138289738,0.9934648698188544,False
PPP1R16A,RNA,2,2w,"trained, F+M pooled",-0.07044709486862608,0.06779394025318897,-0.20332321776487644,0.06242902802762429,0.9934648698188544,False
PPP3R1,RNA,2,2w,"trained, F+M pooled",0.07490451321573197,0.04674174166195663,-0.01670930044170303,0.16651832687316698,0.9802081387566794,False
PRCC,RNA,2,2w,"trained, F+M pooled",0.029072735610259148,0.045297931836053275,-0.05971121078840527,0.11785668200892357,0.9608217263539413,False
PRKAR2B,RNA,2,2w,"trained, F+M pooled",-0.3338000740454735,0.23293592423708961,-0.7903544855501692,0.1227543374592221,0.9934648698188544,False
PRMT3,RNA,2,2w,"trained, F+M pooled",0.13002113273858715,0.06332504625462508,0.0059040420795219845,0.2541382233976523,0.9802081387566794,False
PRUNE2,RNA,2,2w,"trained, F+M pooled",-0.11902936854054251,0.22254181923158206,-0.5552113342344434,0.3171525971533583,0.99592994769234,False
PTER,RNA,2,2w,"trained, F+M pooled",-0.19710161320291358,0.3074173156952294,-0.7996395519655632,0.405436325559736,0.9973696164570588,False
RARRES2,RNA,2,2w,"trained, F+M pooled",-0.1046498294788582,0.1358565421858595,-0.3709286521631428,0.1616289932054264,0.9934648698188544,False
RASD1,RNA,2,2w,"trained, F+M pooled",0.5697155403241978,0.32331525338179207,-0.06398235630411464,1.2034134369525102,0.7699439202757798,False
RBMXL1,RNA,2,2w,"trained, F+M pooled",-0.049276277183963484,0.08685377773024368,-0.21950968153524109,0.1209571271673141,0.9934648698188544,False
RBP4,RNA,2,2w,"trained, F+M pooled",-0.33011097574214393,0.22124771078499095,-0.7637564888807262,0.10353453739643831,0.991950752975209,False
RGS18,RNA,2,2w,"trained, F+M pooled",-0.4916104455632007,0.38409844758398354,-1.2444434028278084,0.26122251170140703,0.9934648698188544,False
RGS2,RNA,2,2w,"trained, F+M pooled",-0.16485808252975045,0.13930022054698235,-0.4378865148018358,0.10817034974233494,0.9973696164570588,False
RLF,RNA,2,2w,"trained, F+M pooled",-0.006756514907699824,0.06460522119823597,-0.13338274845624232,0.11986971864084267,0.9802081387566794,False
RNF149,RNA,2,2w,"trained, F+M pooled",-0.020763455961855106,0.08754507955218341,-0.19235181188413458,0.15082489996042436,0.9973696164570588,False
RNF150,RNA,2,2w,"trained, F+M pooled",0.06040346602539435,0.056098814098224904,-0.049550209607126465,0.17035714165791516,0.8480476050035594,False
RNF166,RNA,2,2w,"trained, F+M pooled",-0.005543578803382698,0.0571474238236264,-0.11755252949769045,0.10646537189092505,0.9934648698188544,False
RNF44,RNA,2,2w,"trained, F+M pooled",0.023567402413459056,0.04315226188393152,-0.06101103087904672,0.10814583570596484,0.9973696164570588,False
ROBO1,RNA,2,2w,"trained, F+M pooled",-0.14666470013545602,0.1710665851789163,-0.48195520708613193,0.1886258068152199,0.9934648698188544,False
ROGDI,RNA,2,2w,"trained, F+M pooled",0.1389477515145695,0.0624137654819264,0.01661677116999377,0.26127873185914524,0.951350597946526,False
RPAP3,RNA,2,2w,"trained, F+M pooled",0.049372371664441764,0.05848062922792786,-0.06524966162229684,0.16399440495118037,0.9965040406506946,False
RPL3,RNA,2,2w,"trained, F+M pooled",-0.11944708616708595,0.06704547330048384,-0.2508562138360343,0.011962041501862378,0.9588591439860864,False
RPN1,RNA,2,2w,"trained, F+M pooled",-0.0398190202376796,0.03215986214007714,-0.10285235003223081,0.0232143095568716,0.9934648698188544,False
RPS3,RNA,2,2w,"trained, F+M pooled",-0.026873965387734126,0.036587583409338625,-0.09858562887003783,0.044837698094569584,0.9973696164570588,False
RPS6KC1,RNA,2,2w,"trained, F+M pooled",-0.03485328677768998,0.061018770200436945,-0.1544500763705464,0.08474350281516643,0.9965040406506946,False
RPUSD4,RNA,2,2w,"trained, F+M pooled",-0.020247726536045743,0.0787825489121414,-0.17466152240384286,0.1341660693317514,0.9934648698188544,False
RTN2,RNA,2,2w,"trained, F+M pooled",0.017900839152549416,0.03813255736998625,-0.05683897329262362,0.09264065159772246,0.9973696164570588,False
RXRG,RNA,2,2w,"trained, F+M pooled",-0.07923666937648807,0.040226756187676974,-0.15808111150433496,-0.00039222724864119984,0.9894720714262034,False
S100A1,RNA,2,2w,"trained, F+M pooled",-0.3037846245639796,0.16540778728219713,-0.627983887637086,0.02041463850912678,0.9222120706038648,False
S100A4,RNA,2,2w,"trained, F+M pooled",-0.17525225932003924,0.13026807795835363,-0.43057769211841235,0.08007317347833387,0.9802081387566794,False
S100A9,RNA,2,2w,"trained, F+M pooled",-0.3541992471062325,0.5540029456334724,-1.4400450205478383,0.7316465263353733,0.9934648698188544,False
SAC3D1,RNA,2,2w,"trained, F+M pooled",0.07328663827795767,0.11280834242585568,-0.14781771287671944,0.29439098943263475,0.9934648698188544,False
SCD,RNA,2,2w,"trained, F+M pooled",-1.1528414758719268,0.36217326251485465,-1.8627010704010418,-0.4429818813428117,0.18569422396573,False
SCN4B,RNA,2,2w,"trained, F+M pooled",-0.04203600312530135,0.03833865546895698,-0.11717976784445702,0.03310776159385432,0.9934648698188544,False
SCRN1,RNA,2,2w,"trained, F+M pooled",-0.2605195058770859,0.12884357123011944,-0.51305290548812,-0.007986106266051785,0.9802081387566794,False
SEMA6C,RNA,2,2w,"trained, F+M pooled",-0.03170726507541312,0.04011602443682626,-0.11033467297159259,0.046920142820766356,0.9934648698188544,False
SF3A3,RNA,2,2w,"trained, F+M pooled",0.00917835629631226,0.07462967162858493,-0.1370958000957142,0.1554525126883387,0.9934648698188544,False
SH2B3,RNA,2,2w,"trained, F+M pooled",0.15093694725455328,0.059106360678655864,0.035088480324387786,0.2667854141847188,0.7699439202757798,False
SH3RF3,RNA,2,2w,"trained, F+M pooled",-0.30522161027183364,0.44837906530342925,-1.184044578266555,0.5736013577228876,0.9934648698188544,False
SHANK3,RNA,2,2w,"trained, F+M pooled",0.09753609439116444,0.060341533155357466,-0.02073331059333619,0.21580549937566507,0.9802081387566794,False
SHISA4,RNA,2,2w,"trained, F+M pooled",0.14824404077477402,0.059590171213217004,0.0314473051968687,0.2650407763526793,0.363857037792997,False
SHPRH,RNA,2,2w,"trained, F+M pooled",0.1403535798953002,0.06450327020409524,0.013927170295273517,0.2667799894953269,0.9557088413913708,False
SIM1,RNA,2,2w,"trained, F+M pooled",0.1704466853878861,0.44386707002262377,-0.6995327718564565,1.0404261426322288,0.9965040406506946,False
SLC16A1,RNA,2,2w,"trained, F+M pooled",-0.060648281031411136,0.07069231941411412,-0.1992052270830748,0.07790866502025255,0.9934648698188544,False
SLC16A10,RNA,2,2w,"trained, F+M pooled",-0.15604153248216246,0.08259320254131991,-0.3179242094631495,0.0058411444988245576,0.9934648698188544,False
SLC19A2,RNA,2,2w,"trained, F+M pooled",0.13244915379755132,0.14474408823924337,-0.1512492591513657,0.41614756674646836,0.9934648698188544,False
SLC22A18,RNA,2,2w,"trained, F+M pooled",-0.01912831601111722,0.14699619806388722,-0.3072408642163362,0.2689842321941018,0.9965040406506946,False
SLC22A5,RNA,2,2w,"trained, F+M pooled",-0.03746322706890367,0.060266135074249765,-0.1555848518144332,0.08065839767662586,0.9973696164570588,False
SLC25A25,RNA,2,2w,"trained, F+M pooled",0.34727098639529297,0.18401698436612857,-0.013402302962319035,0.707944275752905,0.363857037792997,False
SLC25A34,RNA,2,2w,"trained, F+M pooled",-0.29049786407352685,0.1468327540094059,-0.5782900619319624,-0.0027056662150912736,0.457765360973557,False
SLC26A9,RNA,2,2w,"trained, F+M pooled",0.01564009358482871,0.2484230977749404,-0.4712691780540545,0.502549365223712,0.9973696164570588,False
SLC2A4,RNA,2,2w,"trained, F+M pooled",0.04835513754220058,0.04361695103100131,-0.03713408647856198,0.13384436156296314,0.9934648698188544,False
SLC38A1,RNA,2,2w,"trained, F+M pooled",-0.46650499869051887,0.1348666665425029,-0.7308436651138246,-0.2021663322672132,0.5856446718583195,False
SLIT2,RNA,2,2w,"trained, F+M pooled",-0.3544314467550309,0.2061553806828673,-0.7584959928934507,0.049633099383388946,0.9802081387566794,False
SLPI,RNA,2,2w,"trained, F+M pooled",0.24024904986400525,0.38600259231640355,-0.5163160310761457,0.9968141308041563,0.9934648698188544,False
SMAGP,RNA,2,2w,"trained, F+M pooled",-0.33578874127769964,0.21178570131340224,-0.750888715851968,0.07931123329656875,0.9098007531915252,False
SMAP1,RNA,2,2w,"trained, F+M pooled",0.06914786624050069,0.0619802540747873,-0.05233343174608242,0.1906291642270838,0.9934648698188544,False
SS18L1,RNA,2,2w,"trained, F+M pooled",0.14624878495383292,0.17818585104393458,-0.20299548309227888,0.4954930529999447,0.9957401913085856,False
ST3GAL6,RNA,2,2w,"trained, F+M pooled",0.07469995068456868,0.07282460049286063,-0.06803626628143815,0.2174361676505755,0.9934648698188544,False
ST8SIA5,RNA,2,2w,"trained, F+M pooled",0.1885560638279155,0.10000488472734215,-0.007453510237675098,0.3845656378935061,0.8927037415469476,False
STRN4,RNA,2,2w,"trained, F+M pooled",-0.024791781036167183,0.05466264208551697,-0.13193055952378044,0.08234699745144608,0.9973696164570588,False
SUSD5,RNA,2,2w,"trained, F+M pooled",0.18011959223804425,0.13617080778959745,-0.08677519102956677,0.44701437550565526,0.9934648698188544,False
TAF1D,RNA,2,2w,"trained, F+M pooled",0.00043338481297085663,0.13177704533610088,-0.2578496240457869,0.25871639367172855,0.9934648698188544,False
TCEAL7,RNA,2,2w,"trained, F+M pooled",-0.45239380099265003,0.17568759285584937,-0.7967414829901147,-0.10804611899518529,0.628523819453629,False
TET1,RNA,2,2w,"trained, F+M pooled",0.18008702957936643,0.14435028374062556,-0.10283952655225967,0.4630135857109925,0.8188268952579014,False
TFRC,RNA,2,2w,"trained, F+M pooled",0.21525956515531502,0.19499531340708326,-0.16693124912256818,0.5974503794331982,0.6465982289776386,False
TGFBR3,RNA,2,2w,"trained, F+M pooled",0.061712181476886854,0.07512923656642692,-0.08554112219330991,0.20896548514708363,0.9934648698188544,False
THOC3,RNA,2,2w,"trained, F+M pooled",-0.0345194473734824,0.057681670842801055,-0.14757552222537246,0.07853662747840767,0.9973696164570588,False
THRSP,RNA,2,2w,"trained, F+M pooled",0.30725870445167724,0.22786059123425145,-0.13934805436745562,0.7538654632708102,0.995245005913796,False
TLR2,RNA,2,2w,"trained, F+M pooled",-0.4600142893322314,0.2684630169457956,-0.9862018025459907,0.06617322388152796,0.9933279266221487,False
TM6SF1,RNA,2,2w,"trained, F+M pooled",-0.0014511313641607747,0.12317666695394669,-0.2428773985938963,0.23997513586557473,0.9973696164570588,False
TM9SF4,RNA,2,2w,"trained, F+M pooled",-0.020943431299287333,0.054183147533082954,-0.12714240046412992,0.08525553786555526,0.9934648698188544,False
TMEM181,RNA,2,2w,"trained, F+M pooled",-0.16207416036805292,0.08240887841819819,-0.32359556206772133,-0.0005527586683844732,0.8272422819279075,False
TMEM185B,RNA,2,2w,"trained, F+M pooled",0.10229372926716439,0.08423015583811072,-0.06279737617553262,0.2673848347098614,0.8381998501366337,False
TMEM189,RNA,2,2w,"trained, F+M pooled",0.07648275487869896,0.06651686406374281,-0.05389029868623696,0.20685580844363488,0.9973696164570588,False
TMEM192,RNA,2,2w,"trained, F+M pooled",-0.14767541790169947,0.08301239320718905,-0.31037970858778996,0.01502887278439105,0.95855384015111,False
TMEM251,RNA,2,2w,"trained, F+M pooled",0.1416380605867982,0.2234080900247521,-0.29624179586171584,0.5795179170353123,0.9934648698188544,False
TMEM64,RNA,2,2w,"trained, F+M pooled",0.0265753945023588,0.05552073324407621,-0.08224524265603059,0.13539603166074818,0.9973696164570588,False
TMEM9,RNA,2,2w,"trained, F+M pooled",0.1778715085155016,0.1800123434083303,-0.17495268456482582,0.530695701595829,0.9959243401385924,False
TMSB4X,RNA,2,2w,"trained, F+M pooled",-0.003934710807003821,0.04139596164497416,-0.08507079563115318,0.07720137401714554,0.9938303592177414,False
TNFRSF12A,RNA,2,2w,"trained, F+M pooled",-0.28210869883950973,0.22024003518042726,-0.7137791677931471,0.1495617701141277,0.9934648698188544,False
TNMD,RNA,2,2w,"trained, F+M pooled",-0.10336011687244502,0.346968549987613,-0.7834184748481665,0.5766982411032764,0.9934648698188544,False
TOP1,RNA,2,2w,"trained, F+M pooled",-0.03802897465737682,0.05710573314534087,-0.14995621162224493,0.07389826230749127,0.9973696164570588,False
TP53INP2,RNA,2,2w,"trained, F+M pooled",0.05043095139164948,0.04300585330323072,-0.03386052108268274,0.1347224238659817,0.9802081387566794,False
TPPP3,RNA,2,2w,"trained, F+M pooled",-0.35592515611831493,0.10734333781789254,-0.5663180982413843,-0.14553221399524555,0.5611826678082698,False
TRAPPC1,RNA,2,2w,"trained, F+M pooled",-0.05148698933497302,0.076346118178157,-0.20112538096416072,0.09815140229421469,0.9973696164570588,False
TRIM41,RNA,2,2w,"trained, F+M pooled",-0.059735576585370355,0.0625116472463144,-0.1822584051881466,0.06278725201740587,0.9802081387566794,False
TRIOBP,RNA,2,2w,"trained, F+M pooled",-0.027538664347127175,0.059454216047990775,-0.1440689278011891,0.08899159910693474,0.9973696164570588,False
TRIP10,RNA,2,2w,"trained, F+M pooled",0.0276695141386701,0.03627265461303369,-0.043424888902875936,0.09876391718021613,0.9973696164570588,False
TTC7B,RNA,2,2w,"trained, F+M pooled",0.01947225795014954,0.03862378724377692,-0.05623036504765323,0.0951748809479523,0.9934648698188544,False
TYROBP,RNA,2,2w,"trained, F+M pooled",0.03460479506169807,0.15019374515043732,-0.2597749454331591,0.3289845355565552,0.9973696164570588,False
TYW3,RNA,2,2w,"trained, F+M pooled",0.031755869534916416,0.13024925244814536,-0.22353266526344848,0.2870444043332813,0.9934648698188544,False
UBE2M,RNA,2,2w,"trained, F+M pooled",0.1024853865412923,0.04627481308863927,0.011786752887559343,0.19318402019502526,0.5944261665383451,False
UBR7,RNA,2,2w,"trained, F+M pooled",0.09415868835749987,0.057323051830182915,-0.018194493229658645,0.20651186994465837,0.981762166353175,False
UCKL1,RNA,2,2w,"trained, F+M pooled",0.1813821423093471,0.05220730995945068,0.07905581478882377,0.2837084698298704,0.46214691765875,False
UHMK1,RNA,2,2w,"trained, F+M pooled",-0.0030057454134891017,0.07270505695222344,-0.14550765703984705,0.13949616621286884,0.9934648698188544,False
UPP1,RNA,2,2w,"trained, F+M pooled",0.01540050544621641,0.10869134220442692,-0.19763452527446035,0.22843553616689316,0.9934648698188544,False
USP1,RNA,2,2w,"trained, F+M pooled",-0.0021453782575038406,0.07745012692483326,-0.153947627030177,0.14965687051516935,0.9938303592177414,False
VEGFB,RNA,2,2w,"trained, F+M pooled",0.1412142427918497,0.06669399432497546,0.010494013914897793,0.2719344716688016,0.9485571342981955,False
VIT,RNA,2,2w,"trained, F+M pooled",-0.23804663820852226,0.21139363490023508,-0.652378162612983,0.1762848861959385,0.9973696164570588,False
WBP2,RNA,2,2w,"trained, F+M pooled",0.07312817477552354,0.056761728065213395,-0.03812481223229472,0.1843811617833418,0.9790136537936592,False
WDSUB1,RNA,2,2w,"trained, F+M pooled",-0.0900958930035423,0.09510755479029609,-0.2765067003925226,0.09631491438543803,0.9934648698188544,False
WEE1,RNA,2,2w,"trained, F+M pooled",-0.04610142241933284,0.06939121414127737,-0.1821082021362365,0.08990535729757079,0.986158089815754,False
WFDC1,RNA,2,2w,"trained, F+M pooled",-0.06465085706412688,0.08527121884474327,-0.23178244599982367,0.10248073187156992,0.9934648698188544,False
XIRP1,RNA,2,2w,"trained, F+M pooled",-0.42192337060746266,0.18986251515678035,-0.7940539003147522,-0.04979284090017316,0.9178335772212942,False
YAF2,RNA,2,2w,"trained, F+M pooled",0.05444114864039308,0.06911597848814688,-0.0810261691963748,0.18990846647716098,0.9973696164570588,False
YBEY,RNA,2,2w,"trained, F+M pooled",0.28343303639836503,0.10467569325168642,0.07826867762505965,0.48859739517167045,0.6021612930267546,False
YTHDC2,RNA,2,2w,"trained, F+M pooled",-0.08812881834112889,0.11037401815908124,-0.3044618939329281,0.12820425725067036,0.9608217263539413,False
YTHDF3,RNA,2,2w,"trained, F+M pooled",0.08975246713757583,0.04899555691793576,-0.006278824421578261,0.18578375869672992,0.7053402081916903,False
YWHAE,RNA,2,2w,"trained, F+M pooled",-0.05247773181569853,0.029544033106564584,-0.11038403670456512,0.005428573073168054,0.9802081387566794,False
ZBTB18,RNA,2,2w,"trained, F+M pooled",0.12503709313267256,0.04767659593313351,0.031590965103730884,0.21848322116161423,0.740861511931701,False
ZCRB1,RNA,2,2w,"trained, F+M pooled",0.009679798026998584,0.05442401224224445,-0.09699126596780053,0.1163508620217977,0.9732986764028472,False
ZFAND3,RNA,2,2w,"trained, F+M pooled",0.07722437354729292,0.03679315665283112,0.005109786507743921,0.14933896058684193,0.9019651486306864,False
ACAD8,RNA,4,4w,"trained, F+M pooled",0.0871921216161041,0.06713696300486145,-0.04439632587342435,0.21878056910563254,0.8143698850949163,False
ACADM,RNA,4,4w,"trained, F+M pooled",0.16000774057983605,0.054143864827697855,0.053885765517548256,0.26612971564212384,0.3975764489178481,False
ACOX2,RNA,4,4w,"trained, F+M pooled",0.2752250385573244,0.14722334570071302,-0.013332719016073136,0.5637827961307219,0.8955172214007041,False
ACTC1,RNA,4,4w,"trained, F+M pooled",0.22077251077570323,0.24925567821860295,-0.2677686185327586,0.709313640084165,0.9732948846213269,False
ACTN3,RNA,4,4w,"trained, F+M pooled",-0.16221238652382716,0.07089082071475585,-0.3011583951247486,-0.0232663779229057,0.8693283490932556,False
ACYP1,RNA,4,4w,"trained, F+M pooled",-0.0031856454352273355,0.08918833272750759,-0.1779947775811422,0.17162348671068753,0.974200841076456,False
ACYP2,RNA,4,4w,"trained, F+M pooled",0.000948799579470173,0.043693693054482556,-0.08469083880731564,0.08658843796625597,0.974200841076456,False
ADAMTS5,RNA,4,4w,"trained, F+M pooled",-0.09086975845113744,0.08804968075382338,-0.2634471327286313,0.0817076158263564,0.9952790387521236,False
ADIPOQ,RNA,4,4w,"trained, F+M pooled",-0.12686884370163998,0.23255792653583518,-0.582682379711877,0.32894469230859696,0.974200841076456,False
ADRA2A,RNA,4,4w,"trained, F+M pooled",-0.2860756071487122,0.21199234588759322,-0.7015806050883949,0.1294293907909705,0.7104731446726772,False
AEBP1,RNA,4,4w,"trained, F+M pooled",-0.09033308087211867,0.13623658114298587,-0.35735677991237097,0.17669061816813364,0.9742269367728796,False
AGBL1,RNA,4,4w,"trained, F+M pooled",-0.22863218849351932,0.07939805930142103,-0.38425238472430456,-0.07301199226273411,0.3161645645263028,False
AKR1B10,RNA,4,4w,"trained, F+M pooled",-0.06314422701007627,0.08547456259856424,-0.2306743697032622,0.10438591568310965,0.8736809965646081,False
AKR1C3,RNA,4,4w,"trained, F+M pooled",-0.4118706701189785,0.28450047793571315,-0.9694916068729762,0.14575026663501922,0.7951788556963207,False
AKT1S1,RNA,4,4w,"trained, F+M pooled",0.0005224903282148918,0.03983876521596855,-0.07756148949508346,0.07860647015151323,0.9858060474436228,False
ALDH1A3,RNA,4,4w,"trained, F+M pooled",-0.3254418388476995,0.13034038620705365,-0.5809089958135247,-0.06997468188187433,0.592431521751082,False
AMIGO2,RNA,4,4w,"trained, F+M pooled",-0.03072468115912867,0.14837819391372706,-0.3215459412300337,0.26009657891177634,0.9998722038552184,False
AMOTL2,RNA,4,4w,"trained, F+M pooled",-0.0345018675594606,0.09378408349483329,-0.21831867120933385,0.14931493609041263,0.974200841076456,False
AMPH,RNA,4,4w,"trained, F+M pooled",1.0841045605936808,0.5927062971239608,-0.0775997817692824,2.245808902956644,0.8583825290961165,False
ANGPTL2,RNA,4,4w,"trained, F+M pooled",-0.12517225687757721,0.07469353437520616,-0.2715715842529813,0.02122707049782685,0.4694065351474548,False
ANKRD33B,RNA,4,4w,"trained, F+M pooled",-0.20521835434215732,0.2782574368027721,-0.7506029304755906,0.340166221791276,0.901781704919528,False
ANKRD49,RNA,4,4w,"trained, F+M pooled",0.036377363985630226,0.072066931849651,-0.10487382243968572,0.17762855041094616,0.9571225368032094,False
ANP32B,RNA,4,4w,"trained, F+M pooled",-0.05538226627835187,0.055991964725195555,-0.16512651713973514,0.05436198458303142,0.9742269367728796,False
ANXA5,RNA,4,4w,"trained, F+M pooled",-0.0760018221972642,0.06323833305695092,-0.199948954988888,0.04794531059435961,0.974200841076456,False
AOC3,RNA,4,4w,"trained, F+M pooled",-0.019690402533054405,0.05589457256542602,-0.1292437647612894,0.0898629596951806,0.974691223620156,False
APOD,RNA,4,4w,"trained, F+M pooled",-0.48912861994367346,0.33776009935537865,-1.1511384146802155,0.17288117479286863,0.8689226923976484,False
APPL2,RNA,4,4w,"trained, F+M pooled",0.10652140554423364,0.08317370245367794,-0.05649905126497512,0.2695418623534424,0.945153145559301,False
AQP1,RNA,4,4w,"trained, F+M pooled",-0.05397707154975125,0.04075633787662634,-0.13385949378793888,0.025905350688436364,0.7167672208290924,False
ARL6IP1,RNA,4,4w,"trained, F+M pooled",-0.12354924715263849,0.09009422149843996,-0.30013392128958083,0.05303542698430383,0.659610288444978,False
AS3MT,RNA,4,4w,"trained, F+M pooled",0.09557245198310026,0.07317428657149788,-0.04784914969703559,0.23899405366323612,0.8625790238708174,False
ASB15,RNA,4,4w,"trained, F+M pooled",-0.043998508262403355,0.05914014021490722,-0.1599131830836215,0.07191616655881479,0.9851755439429104,False
ASPN,RNA,4,4w,"trained, F+M pooled",-0.006312990457036802,0.25625891802091905,-0.5085804697780382,0.49595448886396454,0.974200841076456,False
ASS1,RNA,4,4w,"trained, F+M pooled",-0.39677089026174545,0.24828279492247515,-0.8834051683097968,0.08986338778630587,0.7509955841750774,False
ATF3,RNA,4,4w,"trained, F+M pooled",-0.7373979412895366,0.2058436209147408,-1.1408514382824286,-0.33394444429664466,0.1430861006922025,False
ATP8B1,RNA,4,4w,"trained, F+M pooled",-0.07256687840634533,0.09865620535149434,-0.26593304089527425,0.12079928408258357,0.9952790387521236,False
BASP1,RNA,4,4w,"trained, F+M pooled",0.019620110261697216,0.13618155980248609,-0.24729574695117548,0.2865359674745699,0.9914658481375528,False
BCO2,RNA,4,4w,"trained, F+M pooled",0.12864653652634342,0.32290412503309773,-0.5042455485385281,0.7615386215912149,0.9664827084222668,False
BHLHE41,RNA,4,4w,"trained, F+M pooled",-0.21065785150980024,0.08957749691715693,-0.38622974546742783,-0.03508595755217267,0.2568772812486506,False
BPGM,RNA,4,4w,"trained, F+M pooled",-0.13869063461163153,0.03351706655879502,-0.20438408506686978,-0.0729971841563933,0.1103875659439506,False
BSG,RNA,4,4w,"trained, F+M pooled",0.12307895365953357,0.034148730145934725,0.056147442573501516,0.19001046474556563,0.1103875659439506,False
BTBD2,RNA,4,4w,"trained, F+M pooled",0.035581190554660566,0.06632541522559002,-0.09441662328749588,0.165579004396817,0.974200841076456,False
BTG2,RNA,4,4w,"trained, F+M pooled",-0.36851008668321594,0.10874731797761356,-0.5816548299193385,-0.15536534344709338,0.2579751853638221,False
BVES,RNA,4,4w,"trained, F+M pooled",-0.10338207896147436,0.05362987982425347,-0.20849664341701116,0.0017324854940624357,0.9418923196005348,False
C1R,RNA,4,4w,"trained, F+M pooled",-0.025481744388438886,0.06768763701044507,-0.15814951292891122,0.10718602415203343,0.9855156890030954,False
C1orf131,RNA,4,4w,"trained, F+M pooled",0.03294639597423516,0.05005831809634566,-0.06516790749460233,0.13106069944307264,0.8736809965646081,False
C3,RNA,4,4w,"trained, F+M pooled",-0.06858293042424292,0.2910917645650122,-0.6391227889716667,0.5019569281231809,0.974200841076456,False
C5AR1,RNA,4,4w,"trained, F+M pooled",-0.12467575093780876,0.11408973790065229,-0.34829163722308726,0.09894013534746972,0.974200841076456,False
C6orf136,RNA,4,4w,"trained, F+M pooled",0.15880193104876678,0.058114812163068005,0.04489689920915349,0.27270696288838003,0.6674924072247359,False
CAB39L,RNA,4,4w,"trained, F+M pooled",0.13840846075506852,0.057011681596850106,0.026665564825242308,0.25015135668489474,0.8386744574225351,False
CALCOCO1,RNA,4,4w,"trained, F+M pooled",0.06832792342649172,0.05061469745639697,-0.03087688358804634,0.1675327304410298,0.974200841076456,False
CALM1,RNA,4,4w,"trained, F+M pooled",-0.006478055812202555,0.04928818794290732,-0.10308290418030089,0.09012679255589578,0.9613879114051768,False
CALM3,RNA,4,4w,"trained, F+M pooled",-0.006478055812202555,0.04928818794290732,-0.10308290418030089,0.09012679255589578,0.9613879114051768,False
CAMK2B,RNA,4,4w,"trained, F+M pooled",-0.06541334931191087,0.03365638813540301,-0.13137987005730078,0.0005531714334790355,0.5557876126514998,False
CAMK2G,RNA,4,4w,"trained, F+M pooled",-0.030904651166515536,0.03178847449152663,-0.09321006116990774,0.03140075883687666,0.9843201086443738,False
CAP1,RNA,4,4w,"trained, F+M pooled",0.08136601396005277,0.060544367111906895,-0.03730094557928473,0.20003297349939028,0.974691223620156,False
CAPZB,RNA,4,4w,"trained, F+M pooled",-0.05809021154534119,0.031999149483890287,-0.12080854453376615,0.004628121443083763,0.8591240234952878,False
CARM1,RNA,4,4w,"trained, F+M pooled",-0.017706145702172417,0.037607039029523386,-0.09141594220003826,0.05600365079569342,0.9668327837901004,False
CARNS1,RNA,4,4w,"trained, F+M pooled",0.03935630764981353,0.06219035042933237,-0.0825367791916779,0.16124939449130496,0.974200841076456,False
CCDC3,RNA,4,4w,"trained, F+M pooled",0.16876211138790959,0.23138747907044036,-0.2847573475901535,0.6222815703659726,0.974200841076456,False
CD52,RNA,4,4w,"trained, F+M pooled",-0.2304419910769936,0.4735083079114055,-1.1585182745833484,0.6976342924293613,0.9564803965743434,False
CD74,RNA,4,4w,"trained, F+M pooled",-0.17390760451966775,0.07805988533435047,-0.32690497977499466,-0.02091022926434083,0.4899503772890385,False
CDC37L1,RNA,4,4w,"trained, F+M pooled",-0.005631287831264392,0.039796577572272084,-0.08363257987291767,0.07237000421038889,0.974200841076456,False
CDCA7L,RNA,4,4w,"trained, F+M pooled",-0.2100174243666162,0.22168519108091275,-0.6445203988852052,0.2244855501519728,0.8650826425523466,False
CDO1,RNA,4,4w,"trained, F+M pooled",-0.03186925492450867,0.1601766879650949,-0.34581556333609464,0.28207705348707734,0.9914950135134776,False
CEBPG,RNA,4,4w,"trained, F+M pooled",0.02814627993870561,0.050887918458527935,-0.07159404024000914,0.12788660011742037,0.9732948846213269,False
CENPV,RNA,4,4w,"trained, F+M pooled",0.16251108048619647,0.15369463158136717,-0.13873039741328316,0.4637525583856761,0.8575834735875617,False
CES1,RNA,4,4w,"trained, F+M pooled",-0.045238886541147494,0.14085727684094107,-0.32131914914939197,0.23084137606709698,0.974200841076456,False
CFD,RNA,4,4w,"trained, F+M pooled",-0.02772076182509853,0.16010711835028965,-0.3415307137916662,0.28608919014146916,0.974200841076456,False
CHAC2,RNA,4,4w,"trained, F+M pooled",0.1844782304712788,0.16780571631155422,-0.14442097349936747,0.5133774344419251,0.6059575911634024,False
CHCHD10,RNA,4,4w,"trained, F+M pooled",0.12723037528534428,0.04820774851809603,0.032743188189876066,0.2217175623808125,0.7002163894226775,False
CHP1,RNA,4,4w,"trained, F+M pooled",0.012271211585361253,0.036958859656979086,-0.06016815334231776,0.08471057651304026,0.9925268838752628,False
CHRDL1,RNA,4,4w,"trained, F+M pooled",0.1339348232381169,0.19417870200867354,-0.24665543269888324,0.514525079175117,0.974200841076456,False
CHST15,RNA,4,4w,"trained, F+M pooled",0.061571574826041926,0.1499438275383196,-0.23231832714906453,0.35546147680114837,0.9928667923292752,False
CHUK,RNA,4,4w,"trained, F+M pooled",0.0757745940419217,0.06713381712757584,-0.05580768752812694,0.20735687561197036,0.974691223620156,False
CIART,RNA,4,4w,"trained, F+M pooled",0.4328498653200531,0.27831010434505377,-0.11263793919625231,0.9783376698363585,0.8471107599790919,False
CIDEC,RNA,4,4w,"trained, F+M pooled",0.14168721772148773,0.286814472180487,-0.42046914775226674,0.7038435831952422,0.9863002241052508,False
CISD1,RNA,4,4w,"trained, F+M pooled",0.027030595010906773,0.03449175032246378,-0.04057323562112223,0.09463442564293578,0.9649497500626764,False
CKB,RNA,4,4w,"trained, F+M pooled",-0.1752655840294528,0.08303681753837999,-0.3380177464046776,-0.01251342165422803,0.6871728142931259,False
CLASP1,RNA,4,4w,"trained, F+M pooled",-0.07249516220123241,0.04096132890751736,-0.15277936685996643,0.007789042457501616,0.9484794275978662,False
CLASRP,RNA,4,4w,"trained, F+M pooled",0.03192532737054598,0.06110692891870611,-0.087844253310118,0.15169490805120994,0.8903652387667318,False
CLPTM1,RNA,4,4w,"trained, F+M pooled",0.11191090529433044,0.0344184676312679,0.04445070873704536,0.17937110185161553,0.2509117120934092,False
CLU,RNA,4,4w,"trained, F+M pooled",-0.09191091844850466,0.07282574281668427,-0.23464937436920583,0.05082753747219651,0.974200841076456,False
CMC1,RNA,4,4w,"trained, F+M pooled",0.2821202027397065,0.11543109234888142,0.05587526173589891,0.5083651437435142,0.1919441249977093,False
CNN1,RNA,4,4w,"trained, F+M pooled",-0.2987465810026875,0.3924063802804533,-1.067863086352376,0.470369924347001,0.974200841076456,False
COL5A2,RNA,4,4w,"trained, F+M pooled",-0.18691718231360635,0.0703309457731131,-0.324765836028908,-0.049068528598304684,0.5564178734893493,False
COL6A6,RNA,4,4w,"trained, F+M pooled",-0.15938898512998612,0.10840501319532336,-0.3718628109928199,0.053084840732847666,0.8910789135191997,False
COLEC12,RNA,4,4w,"trained, F+M pooled",0.01748275789784115,0.08299098550586198,-0.14517957369364834,0.18014508948933064,0.97671240959065,False
CORO1C,RNA,4,4w,"trained, F+M pooled",0.09495962329168475,0.0627265706297726,-0.027984455142669548,0.21790370172603907,0.8794545929961256,False
CPE,RNA,4,4w,"trained, F+M pooled",-0.19892786136430327,0.05778513352527751,-0.3121867230738472,-0.08566899965475934,0.2058275085071229,False
CRIM1,RNA,4,4w,"trained, F+M pooled",-0.019254293142242057,0.05303278314425539,-0.12319854810498262,0.08468996182049851,0.9925268838752628,False
CSF2RB,RNA,4,4w,"trained, F+M pooled",-0.4082784904517231,0.138202555520242,-0.6791554992713974,-0.1374014816320488,0.5324211133647457,False
CSGALNACT2,RNA,4,4w,"trained, F+M pooled",-0.008904062191412036,0.05149500746576967,-0.10983427682432059,0.0920261524414965,0.9757264256679192,False
CSRNP1,RNA,4,4w,"trained, F+M pooled",0.1691897081857805,0.15298721649059258,-0.13066523613578096,0.46904465250734195,0.8547498168378767,False
CTHRC1,RNA,4,4w,"trained, F+M pooled",-0.5361462720090461,0.32218249238883123,-1.1676239570911553,0.09533141307306314,0.766402426232556,False
CTSS,RNA,4,4w,"trained, F+M pooled",0.13572295178981608,0.11538213560006291,-0.09042603398630722,0.3618719375659394,0.829931658707079,False
CTXN3,RNA,4,4w,"trained, F+M pooled",0.004065666846484166,0.16861031303044963,-0.3264105466931971,0.33454188038616545,0.974691223620156,False
CYB5R4,RNA,4,4w,"trained, F+M pooled",0.006245281973594646,0.05822401301835519,-0.10787378354238153,0.12036434748957081,0.9995161871167786,False
CYP2J2,RNA,4,4w,"trained, F+M pooled",-0.12690413447087942,0.09740240846726152,-0.317812855066712,0.06400458612495316,0.9099830895177212,False
DACT1,RNA,4,4w,"trained, F+M pooled",-0.14160553794598443,0.1127866302480782,-0.36266733323221767,0.07945625734024883,0.7859488591193131,False
DACT2,RNA,4,4w,"trained, F+M pooled",-0.3067677756151116,0.111761645418088,-0.525820600634564,-0.08771495059565912,0.4906635999125478,False
DBNDD2,RNA,4,4w,"trained, F+M pooled",0.03969329041231754,0.04390458306080184,-0.046359692386854064,0.12574627321148915,0.9593452936948956,False
DDIT4,RNA,4,4w,"trained, F+M pooled",0.5191435814547025,0.24129946757962584,0.04619662499863586,0.9920905379107692,0.6059645203364536,False
DDN,RNA,4,4w,"trained, F+M pooled",-0.06855219925886952,0.43960766282379476,-0.9301832183935073,0.7930788198757681,0.9799054846551832,False
DDR2,RNA,4,4w,"trained, F+M pooled",0.0018591276774646264,0.07477770921021726,-0.1447051823745612,0.14842343772949046,0.974691223620156,False
DDX24,RNA,4,4w,"trained, F+M pooled",0.004180467793017173,0.06351276600872538,-0.12030455358408457,0.1286654891701189,0.9916564866203406,False
DDX39A,RNA,4,4w,"trained, F+M pooled",-0.09957456337571192,0.07863848692517647,-0.2537059977490578,0.05455687099763394,0.9614946143746648,False
DENND2C,RNA,4,4w,"trained, F+M pooled",-0.06675074551383946,0.09942946944119886,-0.2616325056185892,0.1281310145909103,0.9921821628753932,False
DGKZ,RNA,4,4w,"trained, F+M pooled",-0.20906033294263743,0.060332350170827755,-0.3273117392774598,-0.09080892660781503,0.2944629756117453,False
DHRS3,RNA,4,4w,"trained, F+M pooled",0.0034682683124275288,0.09121032260520484,-0.17530396399377396,0.182240500618629,0.968917433627057,False
DHTKD1,RNA,4,4w,"trained, F+M pooled",-0.036449116816745494,0.13079804679141305,-0.29281328852791505,0.21991505489442403,0.9484794275978662,False
DMRT2,RNA,4,4w,"trained, F+M pooled",-0.09989298323449394,0.06836366969168338,-0.23388577583019338,0.03409980936120549,0.7509955841750774,False
DNAJA1,RNA,4,4w,"trained, F+M pooled",-0.042964102221163404,0.05592797178225256,-0.15258292691437841,0.06665472247205162,0.974200841076456,False
DNAJA4,RNA,4,4w,"trained, F+M pooled",0.07379722282546479,0.05634810756350148,-0.03664506799899811,0.1842395136499277,0.9682736176393032,False
DNAJC1,RNA,4,4w,"trained, F+M pooled",0.11385962808108661,0.10257468289607032,-0.08718675039521119,0.31490600655738443,0.9326035961934916,False
DOK7,RNA,4,4w,"trained, F+M pooled",-0.0011488637159600122,0.06245949540317305,-0.12356947470617918,0.12127174727425916,0.9732948846213269,False
DPAGT1,RNA,4,4w,"trained, F+M pooled",-0.11297593364709561,0.05077953420193488,-0.21250382068288798,-0.01344804661130325,0.6695710538373062,False
DPH3,RNA,4,4w,"trained, F+M pooled",0.10933365067018189,0.055356211235544524,0.0008354766485146187,0.21783182469184914,0.7930252783493613,False
DPYSL2,RNA,4,4w,"trained, F+M pooled",0.02138030459058794,0.06268930666924,-0.10149073648112245,0.14425134566229833,0.9732948846213269,False
DYNLL1,RNA,4,4w,"trained, F+M pooled",-0.04052426203198832,0.07338059039911209,-0.184350219214248,0.10330169515027136,0.9952790387521236,False
DZIP3,RNA,4,4w,"trained, F+M pooled",0.04040519049655746,0.08838193922604833,-0.13282341038649725,0.2136337913796122,0.9951143449736474,False
EBF1,RNA,4,4w,"trained, F+M pooled",0.13996792718006182,0.0893786693104117,-0.035214264668345124,0.3151501190284688,0.7972264450039163,False
EEF1A2,RNA,4,4w,"trained, F+M pooled",-0.027156217347863856,0.03233610555744733,-0.09053498424046062,0.036222549544732904,0.9743741773271936,False
EEF1B2,RNA,4,4w,"trained, F+M pooled",-0.014828325430229234,0.0391600200881393,-0.09158196480298225,0.06192531394252379,0.974200841076456,False
EFEMP1,RNA,4,4w,"trained, F+M pooled",-0.15989754142393223,0.08573302573219757,-0.32793427185903945,0.008139189011174996,0.941756724647206,False
EFHD1,RNA,4,4w,"trained, F+M pooled",-0.2105650885796455,0.14078691112928485,-0.4865074343930438,0.06537725723375276,0.947245705832514,False
EFNB2,RNA,4,4w,"trained, F+M pooled",0.005769578753387813,0.05994306048038857,-0.11171881978817379,0.1232579772949494,0.9326035961934916,False
EHBP1,RNA,4,4w,"trained, F+M pooled",-0.02391029641480418,0.04811327704303623,-0.11821231941915519,0.07039172658954682,0.9925268838752628,False
EHBP1L1,RNA,4,4w,"trained, F+M pooled",-0.10866239812337902,0.029791612939787136,-0.1670539594853618,-0.05027083676139624,0.3486190136682783,False
EIF2AK3,RNA,4,4w,"trained, F+M pooled",-0.08035918246992291,0.11583970104507425,-0.30740499651826847,0.14668663157842263,0.974691223620156,False
EIF3G,RNA,4,4w,"trained, F+M pooled",0.0018296484518853337,0.03584819360671734,-0.06843281101728066,0.07209210792105133,0.9952790387521236,False
EIF4EBP1,RNA,4,4w,"trained, F+M pooled",0.041931359492753596,0.062036239153761316,-0.07965966924861859,0.16352238823412577,0.9368078123142192,False
EIF4EBP3,RNA,4,4w,"trained, F+M pooled",0.0501417912447114,0.035991960938537314,-0.020402452194821737,0.12068603468424455,0.9372575498423144,False
EN1,RNA,4,4w,"trained, F+M pooled",-0.0046439108839826234,0.09119917928073984,-0.1833943022742327,0.17410648050626748,0.996420170138584,False
ENPP5,RNA,4,4w,"trained, F+M pooled",-0.12905917342634868,0.12313256125521212,-0.3703989934865644,0.11228064663386705,0.974200841076456,False
ESRRG,RNA,4,4w,"trained, F+M pooled",-0.14943973595126125,0.06855293712675505,-0.2838034927197012,-0.015075979182821359,0.2894031633338542,False
ETNPPL,RNA,4,4w,"trained, F+M pooled",0.6077592353827439,0.7587332239667619,-0.8793578835921094,2.0948763543575972,0.9925268838752628,False
ETS2,RNA,4,4w,"trained, F+M pooled",0.06751171934555755,0.07495382982648428,-0.07939778711435164,0.21442122580546674,0.9732948846213269,False
EVI2B,RNA,4,4w,"trained, F+M pooled",0.14200368394762203,0.23036647668840085,-0.3095146103616436,0.5935219782568877,0.9952790387521236,False
EXTL2,RNA,4,4w,"trained, F+M pooled",0.02301759797496179,0.11692545501209411,-0.20615629384874268,0.25219148979866624,0.9952790387521236,False
FABP4,RNA,4,4w,"trained, F+M pooled",0.16310540342955637,0.055545089450151464,0.0542370281072595,0.27197377875185325,0.4694065351474548,False
FAM171A1,RNA,4,4w,"trained, F+M pooled",-0.029186426384215692,0.11789548513663882,-0.26026157725202775,0.20188872448359638,0.9952790387521236,False
FAM217B,RNA,4,4w,"trained, F+M pooled",0.0209304502827623,0.12790912634475485,-0.2297714373529572,0.2716323379184818,0.9742269367728796,False
FBLN2,RNA,4,4w,"trained, F+M pooled",-0.03346541060528732,0.04834426107752676,-0.12822016231723976,0.06128934110666513,0.974200841076456,False
FBXL3,RNA,4,4w,"trained, F+M pooled",-0.05870228829828351,0.05001839731407378,-0.1567383470338681,0.039333770437301095,0.9267733672431812,False
FBXO40,RNA,4,4w,"trained, F+M pooled",-0.05363316498689135,0.04010152064124518,-0.1322321454437319,0.0249658154699492,0.8817012195668356,False
FBXO6,RNA,4,4w,"trained, F+M pooled",0.1948212834372401,0.04743617384228234,0.1018463827063667,0.2877961841681135,0.1011194253463809,False
FEZ2,RNA,4,4w,"trained, F+M pooled",0.07135857394556264,0.04030409517987147,-0.007637452606985437,0.15035460049811072,0.8471107599790919,False
FGL2,RNA,4,4w,"trained, F+M pooled",-0.09709757856955734,0.12317004142958077,-0.3385108597715356,0.14431570263242097,0.915427586898098,False
FHOD3,RNA,4,4w,"trained, F+M pooled",0.04466286943524228,0.04034157998414962,-0.03440662733369097,0.12373236620417553,0.9500718467820254,False
FKBP1A,RNA,4,4w,"trained, F+M pooled",-0.016822841518633082,0.03574374693098734,-0.08688058550336827,0.0532349024661021,0.7173972431089853,False
FKBP5,RNA,4,4w,"trained, F+M pooled",0.07505368891376323,0.08849311669827031,-0.09839281981484659,0.24850019764237302,0.9697534590696676,False
FKTN,RNA,4,4w,"trained, F+M pooled",-0.01949643492623261,0.05300630610781329,-0.12338879489754666,0.08439592504508144,0.9131939401030588,False
FLRT2,RNA,4,4w,"trained, F+M pooled",-0.04187152023506849,0.0856770179516316,-0.20979847542026642,0.12605543495012944,0.9732948846213269,False
FMO2,RNA,4,4w,"trained, F+M pooled",0.2589871799072994,0.08779915288343737,0.08690084025576217,0.43107351955883666,0.3685470143726378,False
FOS,RNA,4,4w,"trained, F+M pooled",-0.7880193463555423,0.3333040481933755,-1.4412952808145583,-0.13474341189652628,0.2605004889401359,False
FRZB,RNA,4,4w,"trained, F+M pooled",-0.043887376046377,0.2969392905303322,-0.6258883854858281,0.538113633393074,0.9878282604369824,False
FUZ,RNA,4,4w,"trained, F+M pooled",0.022722790763359122,0.0697019317265328,-0.11389299542064518,0.15933857694736342,0.974691223620156,False
G0S2,RNA,4,4w,"trained, F+M pooled",0.4951003591869659,0.258706598195579,-0.011964573276368962,1.0021652916503008,0.5459450905058785,False
GADD45G,RNA,4,4w,"trained, F+M pooled",0.2035572605261271,0.22239759218268557,-0.2323420201519366,0.6394565412041908,0.9564803965743434,False
GBF1,RNA,4,4w,"trained, F+M pooled",0.02336621960109398,0.03090843839110924,-0.03721431964548012,0.08394675884766808,0.974200841076456,False
GCA,RNA,4,4w,"trained, F+M pooled",-0.20135586959209148,0.09039444159254918,-0.3785289751134879,-0.024182764070695084,0.8481809118314906,False
GCLM,RNA,4,4w,"trained, F+M pooled",-0.06403311103309059,0.07821697725342347,-0.21733838644980058,0.0892721643836194,0.974200841076456,False
GDA,RNA,4,4w,"trained, F+M pooled",0.10279554548866432,0.07285154941466464,-0.03999349136407837,0.245584582341407,0.9267733672431812,False
GLYR1,RNA,4,4w,"trained, F+M pooled",-0.0645403499522789,0.035597165401388,-0.13431079413899938,0.005230094234441568,0.8910789135191997,False
GPAM,RNA,4,4w,"trained, F+M pooled",-0.05631886737169458,0.09692958556180102,-0.2463008550728246,0.13366312032943542,0.968917433627057,False
GPC6,RNA,4,4w,"trained, F+M pooled",-0.21753341963432823,0.13371551216244665,-0.4796158234727237,0.044548984204067194,0.9126183791251672,False
GPCPD1,RNA,4,4w,"trained, F+M pooled",-0.06862085755393037,0.06442606975945428,-0.19489595428246076,0.05765423917460001,0.7173972431089853,False
GREB1L,RNA,4,4w,"trained, F+M pooled",0.6706216190963447,0.2961038173943366,0.09025813700344487,1.2509851011892446,0.893385366097904,False
GSTM1,RNA,4,4w,"trained, F+M pooled",0.02807887591849873,0.09071202799468539,-0.14971669895108464,0.2058744507880821,0.974200841076456,False
GSTM2,RNA,4,4w,"trained, F+M pooled",-0.14128476119040906,0.05031699640993453,-0.2399060741538807,-0.04266344822693739,0.420392576007376,False
GSTM4,RNA,4,4w,"trained, F+M pooled",-0.1776706294140785,0.07661116251385972,-0.3278285079412435,-0.027512750886913462,0.8386744574225351,False
GSTT1,RNA,4,4w,"trained, F+M pooled",0.020895612902609526,0.2905066009121522,-0.5484973248852087,0.5902885506904278,0.9863002241052508,False
GTF2H3,RNA,4,4w,"trained, F+M pooled",0.01952179637489074,0.07785186776104216,-0.1330678644367519,0.17211145718653337,0.9940461841660008,False
GTF2I,RNA,4,4w,"trained, F+M pooled",0.04203213386404939,0.029682774622462837,-0.016146104395977773,0.10021037212407655,0.974200841076456,False
GUF1,RNA,4,4w,"trained, F+M pooled",0.12035309311802582,0.05235871774745615,0.017730006333011764,0.22297617990303986,0.8297204921490549,False
GYS1,RNA,4,4w,"trained, F+M pooled",0.055109641908682956,0.039315798566721086,-0.021949323282090365,0.13216860709945627,0.9273062587061692,False
H2BC11,RNA,4,4w,"trained, F+M pooled",0.19267460329010397,0.3197388501871062,-0.4340135430766241,0.8193627496568321,0.9951143449736474,False
H3-3B,RNA,4,4w,"trained, F+M pooled",-0.1015956123633662,0.0484715951876189,-0.19659993893109923,-0.006591285795633159,0.6063109317255612,False
HCFC1R1,RNA,4,4w,"trained, F+M pooled",0.11767608555009187,0.06319332906297065,-0.006182839413330601,0.24153501051351434,0.7595729594899809,False
HEATR5A,RNA,4,4w,"trained, F+M pooled",-0.051338093832567426,0.059871709701549286,-0.168686644847604,0.06601045718246917,0.9848360684066256,False
HLA-DQA1,RNA,4,4w,"trained, F+M pooled",-0.19702094439170986,0.09027356375144953,-0.37395712934455094,-0.020084759438868782,0.6985356547028084,False
HLA-DRA,RNA,4,4w,"trained, F+M pooled",-0.13857666334872643,0.08738255032098083,-0.3098464619778488,0.032693135280395996,0.8471107599790919,False
HMOX1,RNA,4,4w,"trained, F+M pooled",0.11790938413799146,0.11241925038706622,-0.10243234662065834,0.3382511148966413,0.9571225368032094,False
HOMER2,RNA,4,4w,"trained, F+M pooled",-0.025366148643779028,0.07352571171769548,-0.16947654361046216,0.11874424632290409,0.9723421345457252,False
HOXC6,RNA,4,4w,"trained, F+M pooled",0.17083027159422323,0.15086216917473516,-0.12485957998825767,0.4665201231767041,0.974200841076456,False
HSF1,RNA,4,4w,"trained, F+M pooled",-0.029168298635918813,0.04202517946531463,-0.11153765038793549,0.053201053116097866,0.9971005508983716,False
HSPA1B,RNA,4,4w,"trained, F+M pooled",-0.4952576322441293,0.20532185615345144,-0.8976884703048941,-0.09282679418336448,0.8256109581111097,False
HSPA2,RNA,4,4w,"trained, F+M pooled",-0.1351665610697458,0.09862686172637587,-0.3284752100534425,0.058142087913950896,0.974691223620156,False
HSPB6,RNA,4,4w,"trained, F+M pooled",0.08774751857603001,0.08403557490117429,-0.0769622082302716,0.2524572453823316,0.9813780013713732,False
IDH3A,RNA,4,4w,"trained, F+M pooled",0.039575501152626334,0.035620966823633034,-0.03024159382169441,0.10939259612694707,0.9743741773271936,False
IER5,RNA,4,4w,"trained, F+M pooled",-0.3148931549804685,0.1767987511522147,-0.6614187072388094,0.031632397277872315,0.8696321987117862,False
IFI44L,RNA,4,4w,"trained, F+M pooled",-0.5911183915216909,0.26303630303328607,-1.1066695454669315,-0.07556723757645023,0.7002163894226775,False
IFRD1,RNA,4,4w,"trained, F+M pooled",-0.06377702781308323,0.07290301924980831,-0.2066669455427075,0.07911288991654106,0.974200841076456,False
IGFBP6,RNA,4,4w,"trained, F+M pooled",0.10640918305914197,0.14108647025000207,-0.17012029863086203,0.382938664749146,0.974200841076456,False
IP6K3,RNA,4,4w,"trained, F+M pooled",0.3321261449732558,0.09511807775181251,0.14569471257970332,0.5185575773668083,0.4899503772890385,False
IRF2BPL,RNA,4,4w,"trained, F+M pooled",-0.17980736252063984,0.06096955365613022,-0.29930768768665506,-0.0603070373546246,0.1783780412280098,False
ITGAE,RNA,4,4w,"trained, F+M pooled",-0.016777044511931856,0.1362814241316259,-0.2838886358099186,0.2503345467860549,0.974200841076456,False
ITGB3BP,RNA,4,4w,"trained, F+M pooled",0.006383634031392221,0.27818563640885063,-0.538860213329955,0.5516274813927394,0.9710643529185332,False
ITGB6,RNA,4,4w,"trained, F+M pooled",-0.006114026896389075,0.06080378514160387,-0.12528944577393264,0.1130613919811545,0.974691223620156,False
ITIH3,RNA,4,4w,"trained, F+M pooled",-0.5766914985916176,0.3514537235272052,-1.26554079670494,0.11215779952170457,0.928826593840767,False
KBTBD2,RNA,4,4w,"trained, F+M pooled",-0.025582220315211457,0.055814296284160236,-0.13497824103216552,0.0838138004017426,0.974691223620156,False
KCNAB1,RNA,4,4w,"trained, F+M pooled",-0.09276270554484364,0.13136606878117266,-0.35024020035594206,0.16471478926625474,0.9418923196005348,False
KCNJ11,RNA,4,4w,"trained, F+M pooled",-0.14801712823508262,0.04365975910315087,-0.2335902560772583,-0.062444000392906915,0.1754747900977631,False
KCNJ2,RNA,4,4w,"trained, F+M pooled",-0.05800112478786041,0.09096917895792243,-0.23630071554538837,0.12029846596966756,0.9951143449736474,False
KCTD9,RNA,4,4w,"trained, F+M pooled",-0.06005521456115236,0.05861100472451681,-0.1749327838212053,0.05482235469890059,0.974200841076456,False
KDELR1,RNA,4,4w,"trained, F+M pooled",0.019219312076463047,0.03871344412708982,-0.05665903841263299,0.09509766256555909,0.913427347926474,False
KDM1B,RNA,4,4w,"trained, F+M pooled",-0.0010041667379946239,0.05729834540049709,-0.11330892372296891,0.11130059024697966,0.9375394863321244,False
KDM2B,RNA,4,4w,"trained, F+M pooled",-0.09773468549344431,0.06276481266777531,-0.2207537183222839,0.025284347335395294,0.659610288444978,False
KIF5B,RNA,4,4w,"trained, F+M pooled",-0.0553386655167299,0.03619389663829581,-0.12627870292778967,0.015601371894329884,0.8910789135191997,False
KLF10,RNA,4,4w,"trained, F+M pooled",-0.11879542421906597,0.1049632345123263,-0.3245233638632255,0.08693251542509356,0.723162160371984,False
KLHL13,RNA,4,4w,"trained, F+M pooled",-0.2252001396315568,0.06759358630028711,-0.35768356878011953,-0.09271671048299407,0.5938277110087004,False
KLHL34,RNA,4,4w,"trained, F+M pooled",-0.15461939847043116,0.1293559619757103,-0.40815708394282335,0.09891828700196104,0.842641953351341,False
KLHL40,RNA,4,4w,"trained, F+M pooled",-0.04931916695489416,0.0523013088642067,-0.15182973232873928,0.05319139841895096,0.974691223620156,False
KPNA1,RNA,4,4w,"trained, F+M pooled",-0.03603556590771351,0.039479756347332036,-0.11341588834848429,0.041344756533057275,0.9732948846213269,False
LAPTM5,RNA,4,4w,"trained, F+M pooled",-0.09293892934134157,0.08842524785440153,-0.26625241513596853,0.08037455645328542,0.9418923196005348,False
LCP1,RNA,4,4w,"trained, F+M pooled",-0.05283997840695343,0.08136572781015651,-0.21231680491486019,0.10663684810095334,0.974200841076456,False
LEP,RNA,4,4w,"trained, F+M pooled",-0.5377929383527131,0.4180430863202784,-1.3571573875404588,0.2815715108350325,0.8013716823639851,False
LGALS1,RNA,4,4w,"trained, F+M pooled",-0.03580926661789004,0.046867532945734224,-0.12766963119152913,0.056051097955749044,0.9500718467820254,False
LMO2,RNA,4,4w,"trained, F+M pooled",-0.005695174425557981,0.11745706205105663,-0.23591101604562897,0.22452066719451302,0.974691223620156,False
LONRF3,RNA,4,4w,"trained, F+M pooled",0.2810534150704578,0.1499650432438141,-0.012878069687417837,0.5749848998283333,0.456222360389687,False
LPIN1,RNA,4,4w,"trained, F+M pooled",0.031420512707803196,0.051199009124824814,-0.06892954517685343,0.13177057059245983,0.634504536416281,False
LRRC3B,RNA,4,4w,"trained, F+M pooled",0.14750667911927898,0.22276209337509884,-0.2891070238959147,0.5841203821344727,0.9888446132276691,False
LRRC71,RNA,4,4w,"trained, F+M pooled",-0.033924305231618955,0.2298500377247021,-0.4844303791720351,0.4165817687087972,0.974200841076456,False
LRRK2,RNA,4,4w,"trained, F+M pooled",0.06180858012694883,0.05782582834815704,-0.051530043435438974,0.17514720368933662,0.9952790387521236,False
LRRN1,RNA,4,4w,"trained, F+M pooled",0.012542112549804519,0.20541299592627668,-0.39006735946569776,0.4151515845653068,0.9697534590696676,False
LYZ,RNA,4,4w,"trained, F+M pooled",0.12149931778672854,0.07684588833759828,-0.029118623354964096,0.2721172589284212,0.915808984293408,False
MAOA,RNA,4,4w,"trained, F+M pooled",-0.019217401620415707,0.04968740390060508,-0.11660471326560168,0.07816991002477025,0.9952790387521236,False
MAP1LC3B,RNA,4,4w,"trained, F+M pooled",0.12207097526235927,0.047635305944155645,0.028705775611814213,0.21543617491290434,0.2854247673507684,False
MAP2K3,RNA,4,4w,"trained, F+M pooled",-0.14358204842331362,0.05463158990353828,-0.25065996463424867,-0.036504132212378596,0.7486991430330124,False
MAPRE3,RNA,4,4w,"trained, F+M pooled",0.04474925955140337,0.04780778482413757,-0.048953998703906265,0.138452517806713,0.9484794275978662,False
MATN2,RNA,4,4w,"trained, F+M pooled",-0.34100785670212824,0.1361691300871316,-0.6078993516729062,-0.07411636173135028,0.5754270181120301,False
MEST,RNA,4,4w,"trained, F+M pooled",-0.3435746073138899,0.26847358399802446,-0.8697828319500178,0.18263361732223804,0.914713180779235,False
METTL21C,RNA,4,4w,"trained, F+M pooled",-0.3629596510296307,0.19285592615357108,-0.7409572662906301,0.015037964231368661,0.9484794275978662,False
METTL7A,RNA,4,4w,"trained, F+M pooled",-0.03318606736347641,0.0683481482592576,-0.1671484379516213,0.10077630322466849,0.8373816526202578,False
MFAP3L,RNA,4,4w,"trained, F+M pooled",0.2442908259063903,0.12880027127699176,-0.00815770579651351,0.4967393576092941,0.8062605183023902,False
MFAP5,RNA,4,4w,"trained, F+M pooled",-0.19235267517629728,0.0889335379249032,-0.36666240950910756,-0.01804294084348701,0.7391006440463579,False
MFN1,RNA,4,4w,"trained, F+M pooled",0.10003317288911208,0.03312948338199337,0.03509938546040507,0.1649669603178191,0.2579751853638221,False
MFSD1,RNA,4,4w,"trained, F+M pooled",0.010182559053695419,0.0499721289823452,-0.08776281375170118,0.10812793185909202,0.9836375113312904,False
MGME1,RNA,4,4w,"trained, F+M pooled",0.03346101325080216,0.11475913029371208,-0.1914668821248735,0.25838890862647784,0.950483089708288,False
MGST1,RNA,4,4w,"trained, F+M pooled",0.16765261825422548,0.15850846453800593,-0.14302397224026617,0.4783292087487171,0.9952790387521236,False
MICU1,RNA,4,4w,"trained, F+M pooled",-0.040555648070893714,0.055557687947524304,-0.14944871644804134,0.06833742030625392,0.9732948846213269,False
MIF,RNA,4,4w,"trained, F+M pooled",0.13107964423999952,0.09163528862986693,-0.04852552147453967,0.31068480995453873,0.6686701213701114,False
MLLT11,RNA,4,4w,"trained, F+M pooled",-0.12871346937049155,0.07720173597663553,-0.28002887188469716,0.022601933143714087,0.7640918831105343,False
MPEG1,RNA,4,4w,"trained, F+M pooled",-0.4018256252861228,0.19808427907400952,-0.7900708122711815,-0.013580438301064146,0.6297569920051581,False
MRPL4,RNA,4,4w,"trained, F+M pooled",0.17800004934132607,0.056770667802644906,0.06672954044814206,0.2892705582345101,0.3355533328145599,False
MRPL48,RNA,4,4w,"trained, F+M pooled",-0.024657967053003455,0.05101560906387505,-0.12464856081819854,0.07533262671219164,0.996420170138584,False
MRPS6,RNA,4,4w,"trained, F+M pooled",0.09437626506141496,0.10106261051527524,-0.1037064515485245,0.2924589816713544,0.8661527200883291,False
MSANTD2,RNA,4,4w,"trained, F+M pooled",-0.20943974547524574,0.12168400764927223,-0.4479404004678193,0.029060909517327815,0.9273062587061692,False
MSANTD4,RNA,4,4w,"trained, F+M pooled",0.04702714949208031,0.05497098611336883,-0.060715983290122594,0.15477028227428322,1.0,False
MSRA,RNA,4,4w,"trained, F+M pooled",-0.07196659305271871,0.11617930228819992,-0.29967802553759054,0.15574483943215311,0.9564803965743434,False
MSRB2,RNA,4,4w,"trained, F+M pooled",0.17338862804280597,0.12251253974752732,-0.06673594986234757,0.4135132059479595,0.9743741773271936,False
MT2A,RNA,4,4w,"trained, F+M pooled",0.03243255234735464,0.17608112084587824,-0.3126864445105667,0.377551549205276,0.9732948846213269,False
MYBPH,RNA,4,4w,"trained, F+M pooled",-0.25197892325672133,0.18812618286041702,-0.6207062416631387,0.11674839514969604,0.974691223620156,False
MYH3,RNA,4,4w,"trained, F+M pooled",0.1380854953822693,0.1742655909047643,-0.20347506279106872,0.4796460535556073,0.974691223620156,False
MYH8,RNA,4,4w,"trained, F+M pooled",0.13338530279712912,0.09350601890021965,-0.04988649424730138,0.31665709984155965,0.6898376821680141,False
MYO1F,RNA,4,4w,"trained, F+M pooled",-0.07676641362378488,0.12363461961233518,-0.31909026806396185,0.16555744081639207,0.9767981511223478,False
MYOM1,RNA,4,4w,"trained, F+M pooled",-0.01485983926473424,0.037438421041561,-0.08823914450619379,0.05851946597672531,0.9922414536039552,False
MYPN,RNA,4,4w,"trained, F+M pooled",-0.0734874193444804,0.03287388678693637,-0.13792023744687568,-0.009054601242085125,0.8575834735875617,False
MYPOP,RNA,4,4w,"trained, F+M pooled",-0.08424410239553426,0.0676764844262963,-0.216890011871075,0.04840180708000649,0.941756724647206,False
NAMPT,RNA,4,4w,"trained, F+M pooled",0.07994137169026397,0.037911943894563725,0.005633961656919068,0.15424878172360887,0.7167672208290924,False
NCEH1,RNA,4,4w,"trained, F+M pooled",0.026953835178422543,0.10380514846385319,-0.1765042558107297,0.23041192616757478,0.974691223620156,False
NCF2,RNA,4,4w,"trained, F+M pooled",-0.23379761155482548,0.3238307144818193,-0.8685058119391913,0.40091058882954034,0.9951143449736474,False
NCOA3,RNA,4,4w,"trained, F+M pooled",-0.0049421792059552395,0.05301685068576543,-0.10885520655005548,0.098970848138145,0.957026044017992,False
NDFIP1,RNA,4,4w,"trained, F+M pooled",-0.04121969567992815,0.036298911559223705,-0.11236556233600661,0.02992617097615031,0.7948346950666569,False
NDUFAF1,RNA,4,4w,"trained, F+M pooled",0.25333080992951684,0.06997624099701673,0.11617737757536406,0.3904842422836696,0.0085790407441108,True
NDUFB8,RNA,4,4w,"trained, F+M pooled",0.07760527394489537,0.044809623719922954,-0.010221588546153612,0.16543213643594434,0.733084823443504,False
NEDD1,RNA,4,4w,"trained, F+M pooled",-0.03148519692372422,0.06470075384208328,-0.15829867445420745,0.09532828060675899,0.973129283277986,False
NEURL1B,RNA,4,4w,"trained, F+M pooled",-0.23169646638721353,0.15497245444566604,-0.5354424771007189,0.0720495443262919,0.8997858857448086,False
NFIC,RNA,4,4w,"trained, F+M pooled",-0.04668688018158161,0.04092821424612315,-0.12690618010398297,0.03353241974081976,0.8741545898247929,False
NFIL3,RNA,4,4w,"trained, F+M pooled",0.004546100000707741,0.12186763762934985,-0.23431446975281797,0.24340666975423345,0.9952790387521236,False
NKIRAS2,RNA,4,4w,"trained, F+M pooled",0.04748092063124635,0.048845852816252686,-0.04825695088860891,0.14321879215110161,0.9372575498423144,False
NMRK2,RNA,4,4w,"trained, F+M pooled",-0.5758374534860301,0.18296486311682095,-0.9344485851949992,-0.21722632177706103,0.3926020360716393,False
NPY1R,RNA,4,4w,"trained, F+M pooled",-0.14680218073258305,0.16219974285170066,-0.4647136767219163,0.17110931525675022,0.974200841076456,False
NQO2,RNA,4,4w,"trained, F+M pooled",0.053107789503952646,0.08469542734645438,-0.11289524809509793,0.21911082710300323,0.937112267566295,False
NR1D1,RNA,4,4w,"trained, F+M pooled",0.23919850051486435,0.13160373246094142,-0.018744815108580837,0.49714181613830954,0.941756724647206,False
NRIP1,RNA,4,4w,"trained, F+M pooled",0.061556162693494974,0.10072088780205682,-0.13585677739853638,0.2589691027855263,0.9879010691019036,False
NUCB1,RNA,4,4w,"trained, F+M pooled",-0.018117981542103936,0.041181488070139466,-0.0988336981595773,0.06259773507536942,0.9538485777889898,False
NUDT3,RNA,4,4w,"trained, F+M pooled",-0.06400125324470696,0.035896079519644394,-0.13435756910320995,0.00635506261379605,0.9501616500866542,False
NUDT6,RNA,4,4w,"trained, F+M pooled",0.1644091663459663,0.08758424435600654,-0.007255952591806503,0.3360742852837391,0.7526143634605154,False
OGDH,RNA,4,4w,"trained, F+M pooled",0.08055090999865652,0.03765162705477654,0.006753720971294508,0.15434809902601854,0.8082827470659916,False
OGFRL1,RNA,4,4w,"trained, F+M pooled",0.07496709319767832,0.058756617343622995,-0.040195876795822746,0.19013006319117937,0.8822589863011623,False
OLFM1,RNA,4,4w,"trained, F+M pooled",0.1371261289758303,0.1330394816963991,-0.12363125514911191,0.3978835131007725,0.974691223620156,False
ORAI1,RNA,4,4w,"trained, F+M pooled",-0.03367625267563649,0.04828425724741795,-0.12831339688057566,0.060960891529302695,0.9564803965743434,False
OSBPL3,RNA,4,4w,"trained, F+M pooled",0.006359136665293732,0.10525747355209429,-0.19994551149681108,0.21266378482739853,0.9951143449736474,False
OTUD1,RNA,4,4w,"trained, F+M pooled",-0.9129990242724842,0.31250452717048516,-1.5255078975266352,-0.3004901510183333,0.2655524768982999,False
OXNAD1,RNA,4,4w,"trained, F+M pooled",0.029268039949289414,0.07253030203728818,-0.11289135204379541,0.17142743194237425,0.9952790387521236,False
P2RX5,RNA,4,4w,"trained, F+M pooled",0.16882204508408138,0.08573531456289138,0.0007808285408142934,0.3368632616273485,0.3453555798222948,False
P2RY13,RNA,4,4w,"trained, F+M pooled",0.17028185924119676,0.2716333956383876,-0.36211959621004297,0.7026833146924365,0.9828231454023678,False
PAMR1,RNA,4,4w,"trained, F+M pooled",-0.1506851906207731,0.238564006328212,-0.6182706430240686,0.3169002617825224,0.9978048114103996,False
PANK1,RNA,4,4w,"trained, F+M pooled",0.15042377824461303,0.08861302881172026,-0.02325775822635867,0.32410531471558474,0.8742274371428421,False
PANX1,RNA,4,4w,"trained, F+M pooled",-0.236007593022311,0.13630220653486844,-0.5031599178306532,0.03114473178603111,0.9359479568585344,False
PARM1,RNA,4,4w,"trained, F+M pooled",0.23841389664385892,0.09633656631349961,0.049594226669399694,0.42723356661831813,0.8471107599790919,False
PARVB,RNA,4,4w,"trained, F+M pooled",-0.01309487904680986,0.03939468705811753,-0.09030846568072022,0.06411870758710049,0.9952790387521236,False
PCDH9,RNA,4,4w,"trained, F+M pooled",-0.28479726446695863,0.3425562485338051,-0.9562075115932167,0.38661298265929944,0.8301607080494366,False
PCDHGA8,RNA,4,4w,"trained, F+M pooled",-0.3117571028068269,0.40722429736378096,-1.1099167256398377,0.4864025200261838,0.9267733672431812,False
PCOLCE2,RNA,4,4w,"trained, F+M pooled",-0.06523199427387423,0.07816669120211699,-0.21843870903002355,0.08797472048227507,0.974200841076456,False
PDK4,RNA,4,4w,"trained, F+M pooled",0.016234591684423094,0.1661144815309905,-0.3093497921163183,0.3418189754851645,0.974691223620156,False
PENK,RNA,4,4w,"trained, F+M pooled",-0.25080069635398644,0.36165865771839995,-0.9596516654820504,0.45805027277407745,0.9952790387521236,False
PFKFB3,RNA,4,4w,"trained, F+M pooled",0.17846966592622626,0.19366805896548042,-0.20111972964611535,0.5580590614985679,0.8428356017235492,False
PHACTR4,RNA,4,4w,"trained, F+M pooled",0.02948105185346348,0.1053909651477789,-0.17708523983618318,0.23604734354311013,0.9672456114592362,False
PHF5A,RNA,4,4w,"trained, F+M pooled",-0.03943384870655034,0.0704077757069799,-0.17743308909223093,0.09856539167913025,0.9742608834365794,False
PHGDH,RNA,4,4w,"trained, F+M pooled",-0.11380641892078386,0.3402438640101341,-0.7806843923806468,0.553071554539079,0.974200841076456,False
PHLDA3,RNA,4,4w,"trained, F+M pooled",0.18029177867238222,0.05612997005413552,0.0702770373662766,0.29030651997848783,0.5938277110087004,False
PHTF2,RNA,4,4w,"trained, F+M pooled",-0.1431931487425041,0.050497053399429045,-0.24216737340538502,-0.044218924079623176,0.6871728142931259,False
PHYHD1,RNA,4,4w,"trained, F+M pooled",-0.323600882762183,0.09718301772895643,-0.5140795975109376,-0.1331221680134284,0.1034835113193961,False
PIGS,RNA,4,4w,"trained, F+M pooled",0.0024958932772561624,0.05572355335135871,-0.1067222712914069,0.11171405784591923,0.9732948846213269,False
PJA2,RNA,4,4w,"trained, F+M pooled",-0.03781375915659475,0.04386124205044103,-0.12378179357545917,0.04815427526226966,0.9732948846213269,False
PKM,RNA,4,4w,"trained, F+M pooled",-0.07079303159910909,0.054763704003988695,-0.17812989144692692,0.03654382824870875,0.953237888476221,False
PLA2G2A,RNA,4,4w,"trained, F+M pooled",-0.039405886109071565,0.2645062553580556,-0.5578381466108606,0.47902637439271745,0.9951501203779904,False
PLEKHO1,RNA,4,4w,"trained, F+M pooled",0.061417917895692065,0.14022264923180608,-0.21341847459864782,0.33625431039003195,0.978535162834699,False
PLGRKT,RNA,4,4w,"trained, F+M pooled",0.17232205872556458,0.11712284238475727,-0.05723871234855968,0.4018828297996888,0.8143698850949163,False
PLIN1,RNA,4,4w,"trained, F+M pooled",-0.16060146151965018,0.23317455227672865,-0.6176235839820383,0.296420660942738,0.974200841076456,False
PLIN4,RNA,4,4w,"trained, F+M pooled",0.015391157076624567,0.05549842599930929,-0.09338575788202164,0.12416807203527078,0.9914658481375528,False
PPIF,RNA,4,4w,"trained, F+M pooled",0.10535864542477359,0.07419537544025467,-0.04006429043812558,0.25078158128767275,0.9732948846213269,False
PPIG,RNA,4,4w,"trained, F+M pooled",0.034490347563986355,0.04557517671251799,-0.054836998792548906,0.12381769392052161,0.934058491184908,False
PPP1R16A,RNA,4,4w,"trained, F+M pooled",-0.032096862657556076,0.0635633914361987,-0.15668110987250553,0.09248738455739336,0.901781704919528,False
PPP3R1,RNA,4,4w,"trained, F+M pooled",-0.01483402248871724,0.04394114554831407,-0.10095866776341281,0.07129062278597834,0.974200841076456,False
PRCC,RNA,4,4w,"trained, F+M pooled",-0.06645523312797146,0.04242857022743907,-0.14961523077375205,0.016704764517809126,0.6268881004915905,False
PRKAR2B,RNA,4,4w,"trained, F+M pooled",-0.18277140788978016,0.22003872595483992,-0.6140473107612664,0.2485044949817061,0.9484794275978662,False
PRMT3,RNA,4,4w,"trained, F+M pooled",0.06709494665995061,0.05918204680091873,-0.0489018650698501,0.18309175838975134,0.8575834735875617,False
PRUNE2,RNA,4,4w,"trained, F+M pooled",-0.137340773797238,0.20642687342234836,-0.5419374457050408,0.2672558981105648,0.8471107599790919,False
PTER,RNA,4,4w,"trained, F+M pooled",-0.03624597074340221,0.2856683188108979,-0.5961558756127621,0.5236639341259577,0.974200841076456,False
RARRES2,RNA,4,4w,"trained, F+M pooled",-0.06692512078460125,0.1255921934371564,-0.3130858199214278,0.1792355783522253,0.9925268838752628,False
RASD1,RNA,4,4w,"trained, F+M pooled",0.9209417383844826,0.3000689718442289,0.33280655356979383,1.5090769231991712,0.3902234000940042,False
RBMXL1,RNA,4,4w,"trained, F+M pooled",-0.08317151528887823,0.08161415439076412,-0.2431352578947759,0.07679222731701946,0.9613103324363368,False
RBP4,RNA,4,4w,"trained, F+M pooled",-0.3889738765158496,0.21029362683882147,-0.8011493851199396,0.023201632088240498,0.9174948878788368,False
RGS18,RNA,4,4w,"trained, F+M pooled",-0.6142918204821785,0.3574662059676956,-1.3149255841788619,0.08634194321450495,0.8379568010504872,False
RGS2,RNA,4,4w,"trained, F+M pooled",-0.09597890388495353,0.13110612447998707,-0.35294690786572813,0.1609891000958211,0.974200841076456,False
RLF,RNA,4,4w,"trained, F+M pooled",-0.06563173077101976,0.060747458015508383,-0.1846967484814162,0.05343328693937667,0.4181099818746435,False
RNF149,RNA,4,4w,"trained, F+M pooled",-0.09310120345717922,0.08298805406203433,-0.2557577894187665,0.06955538250440806,0.9914658481375528,False
RNF150,RNA,4,4w,"trained, F+M pooled",-0.04750756481286822,0.053974099602465186,-0.1532968000337,0.058281670407963546,0.9951143449736474,False
RNF166,RNA,4,4w,"trained, F+M pooled",-0.02855268054567568,0.053423892562496335,-0.1332635099681685,0.07615814887681713,0.973129283277986,False
RNF44,RNA,4,4w,"trained, F+M pooled",-0.01206687799034214,0.040653237183042465,-0.09174722286910537,0.06761346688842108,0.974691223620156,False
ROBO1,RNA,4,4w,"trained, F+M pooled",-0.04083297939449904,0.16136081083058026,-0.3571001686224364,0.2754342098334383,0.9732948846213269,False
ROGDI,RNA,4,4w,"trained, F+M pooled",0.08099525900020789,0.05877271840202363,-0.03419926906775843,0.1961897870681742,0.9524387583547486,False
RPAP3,RNA,4,4w,"trained, F+M pooled",0.006277082107732191,0.05499380834891853,-0.10151078225614814,0.11406494647161251,0.974200841076456,False
RPL3,RNA,4,4w,"trained, F+M pooled",-0.07580018741972744,0.06291419566450782,-0.19911201092216274,0.04751163608270788,0.9732948846213269,False
RPN1,RNA,4,4w,"trained, F+M pooled",-0.01135509767739142,0.030475570278612793,-0.07108721542347249,0.04837702006868965,0.953237888476221,False
RPS3,RNA,4,4w,"trained, F+M pooled",-0.01823349875655903,0.03453383478008096,-0.0859198149255177,0.049452817412399645,0.9914950135134776,False
RPS6KC1,RNA,4,4w,"trained, F+M pooled",-0.11107844413773257,0.057355907109266,-0.22349602207189392,0.0013391337964287764,0.7843779830772066,False
RPUSD4,RNA,4,4w,"trained, F+M pooled",0.02975871593432245,0.07378695700323938,-0.11486371979202675,0.17438115166067164,0.99040015918727,False
RTN2,RNA,4,4w,"trained, F+M pooled",-0.05847721704773873,0.036572914178562434,-0.1301601288377211,0.013205694742243645,0.7385485878637216,False
RXRG,RNA,4,4w,"trained, F+M pooled",-0.14100027094912423,0.038251990541065206,-0.21597417240961203,-0.06602636948863644,0.22104337039996,False
S100A1,RNA,4,4w,"trained, F+M pooled",-0.16756064491278727,0.15520924486680862,-0.47177076485173214,0.1366494750261576,0.953237888476221,False
S100A4,RNA,4,4w,"trained, F+M pooled",0.16061193324259496,0.12169289895395186,-0.07790614870715068,0.3991300151923406,0.9267733672431812,False
S100A9,RNA,4,4w,"trained, F+M pooled",-0.9057039046919494,0.5279284906649081,-1.9404437463951694,0.12903593701127047,0.5145261710188452,False
SAC3D1,RNA,4,4w,"trained, F+M pooled",-0.021635644215688764,0.10624225072368482,-0.229870455634111,0.18659916720273348,0.986178760940416,False
SCD,RNA,4,4w,"trained, F+M pooled",-0.3305399349863062,0.306672906616644,-0.9316188319549283,0.270538961982316,0.8969090435104882,False
SCN4B,RNA,4,4w,"trained, F+M pooled",0.02519095689164536,0.036042046119402794,-0.04545145350238412,0.09583336728567483,0.9952790387521236,False
SCRN1,RNA,4,4w,"trained, F+M pooled",-0.14787682072793748,0.11930983512659728,-0.3817240975760682,0.08597045612019319,0.9695605153134278,False
SEMA6C,RNA,4,4w,"trained, F+M pooled",-0.19710844113679976,0.037281581343596965,-0.2701803405702498,-0.12403654170334971,1.1383471119481874e-05,True
SF3A3,RNA,4,4w,"trained, F+M pooled",-0.016052487789389048,0.06998505056836579,-0.15322318690338602,0.12111821132460791,0.9914658481375528,False
SH2B3,RNA,4,4w,"trained, F+M pooled",0.11998094175081285,0.05649597167243912,0.009248837272832183,0.23071304622879352,0.6366404723476549,False
SH3RF3,RNA,4,4w,"trained, F+M pooled",0.2045511422963059,0.40875638383406004,-0.5966113700184518,1.0057136546110637,0.9952790387521236,False
SHANK3,RNA,4,4w,"trained, F+M pooled",0.057292918523379435,0.05617852808930408,-0.05281699653165657,0.16740283357841546,0.974691223620156,False
SHISA4,RNA,4,4w,"trained, F+M pooled",0.10670737889806828,0.05557681748434612,-0.0022231833712501176,0.21563794116738666,0.8887240754735186,False
SHPRH,RNA,4,4w,"trained, F+M pooled",0.010631971062902394,0.0608969107134593,-0.10872597393547782,0.1299899160612826,0.9732948846213269,False
SIM1,RNA,4,4w,"trained, F+M pooled",0.3877963497585075,0.4326305769969788,-0.460159581155571,1.235752280672586,0.9273062587061692,False
SLC16A1,RNA,4,4w,"trained, F+M pooled",0.07840671546277887,0.06565361011982591,-0.050274360372079926,0.20708779129763766,0.9861905002892768,False
SLC16A10,RNA,4,4w,"trained, F+M pooled",-0.09266672439604849,0.07721792947617533,-0.2440138661693521,0.05868041737725514,0.7552290729468225,False
SLC19A2,RNA,4,4w,"trained, F+M pooled",0.44462242167751986,0.13431226624465692,0.1813703798379923,0.7078744635170474,0.4129152125527537,False
SLC22A18,RNA,4,4w,"trained, F+M pooled",0.17871414347666123,0.1357170818027392,-0.08729133685670762,0.44471962381003005,0.9614946143746648,False
SLC22A5,RNA,4,4w,"trained, F+M pooled",0.058705038836882474,0.05616035792146702,-0.05136926268919289,0.16877934036295783,0.9484794275978662,False
SLC25A25,RNA,4,4w,"trained, F+M pooled",0.14007464014647406,0.17296528865126318,-0.19893732561000174,0.4790866059029498,0.953237888476221,False
SLC25A34,RNA,4,4w,"trained, F+M pooled",-0.1122435644814142,0.14006002276720628,-0.3867612091051385,0.1622740801423101,0.604552600169252,False
SLC26A9,RNA,4,4w,"trained, F+M pooled",-0.0703961400079413,0.2303438937683762,-0.5218701717939586,0.381077891778076,0.9890840042670664,False
SLC2A4,RNA,4,4w,"trained, F+M pooled",0.08170802582404779,0.04070554038915202,0.0019251666613098323,0.16149088498678577,0.8353910125584643,False
SLC38A1,RNA,4,4w,"trained, F+M pooled",-0.32446193835661,0.12826775101451895,-0.5758667303450672,-0.07305714636815286,0.7616785453078947,False
SLIT2,RNA,4,4w,"trained, F+M pooled",-0.23624977728153612,0.19189302266471703,-0.6123601017043815,0.13986054714130924,0.853864034497861,False
SLPI,RNA,4,4w,"trained, F+M pooled",0.4282053192447687,0.3577500315574591,-0.2729847426078511,1.1293953810973885,0.9951143449736474,False
SMAGP,RNA,4,4w,"trained, F+M pooled",0.12576115219973238,0.19187533221087344,-0.25031449893357954,0.5018368033330443,0.9742269367728796,False
SMAP1,RNA,4,4w,"trained, F+M pooled",0.008986972831957128,0.057783137493709676,-0.10426797665571384,0.12224192231962809,0.9760104058353974,False
SS18L1,RNA,4,4w,"trained, F+M pooled",-0.03196617727262783,0.169327440234158,-0.3638479601315775,0.2999156055863218,0.974691223620156,False
ST3GAL6,RNA,4,4w,"trained, F+M pooled",0.12511767865568044,0.06807851936494912,-0.008316219299619843,0.2585515766109807,0.9418923196005348,False
ST8SIA5,RNA,4,4w,"trained, F+M pooled",0.23486950886723515,0.09309592119274206,0.052401503329460725,0.41733751440500955,0.4906635999125478,False
STRN4,RNA,4,4w,"trained, F+M pooled",-0.007787084368564836,0.051096227443856605,-0.10793569015852378,0.09236152142139412,0.9372575498423144,False
SUSD5,RNA,4,4w,"trained, F+M pooled",0.23917417568289134,0.12795720408481162,-0.011621944323339406,0.4899702956891221,0.8696321987117862,False
TAF1D,RNA,4,4w,"trained, F+M pooled",-0.025887104590796812,0.12445073873539522,-0.26981055251217145,0.2180363433305778,0.9952790387521236,False
TCEAL7,RNA,4,4w,"trained, F+M pooled",-0.4739642869626486,0.16960263112888163,-0.8063854439752566,-0.1415431299500406,0.5973816374358647,False
TET1,RNA,4,4w,"trained, F+M pooled",0.16549660946322609,0.1366841292260399,-0.10240428381981209,0.43339750274626426,0.974200841076456,False
TFRC,RNA,4,4w,"trained, F+M pooled",0.2638744332606104,0.1864420631866969,-0.10155201058531554,0.6293008771065363,0.487755222817342,False
TGFBR3,RNA,4,4w,"trained, F+M pooled",0.09136039763462185,0.07054737754617221,-0.04691246235587569,0.22963325762511938,0.9645917109534128,False
THOC3,RNA,4,4w,"trained, F+M pooled",-0.041887345923966396,0.05444570791962705,-0.14860093344643543,0.06482624159850263,0.9405086042182422,False
THRSP,RNA,4,4w,"trained, F+M pooled",0.5053625860741786,0.21779643272559948,0.07848157793200361,0.9322435942163536,0.7706156757932138,False
TLR2,RNA,4,4w,"trained, F+M pooled",-0.4057240910569924,0.24579830312877665,-0.8874887651893946,0.07604058307540978,0.8565347462967164,False
TM6SF1,RNA,4,4w,"trained, F+M pooled",0.2987899561566986,0.11300660145308802,0.0772970173086461,0.5202828950047511,0.4906635999125478,False
TM9SF4,RNA,4,4w,"trained, F+M pooled",0.003981321542283674,0.050649714959595214,-0.09529211977852295,0.1032547628630903,0.9952790387521236,False
TMEM181,RNA,4,4w,"trained, F+M pooled",-0.08620622609710551,0.07717018588732334,-0.23745979043625925,0.06504733824204822,0.974200841076456,False
TMEM185B,RNA,4,4w,"trained, F+M pooled",-0.007533419884302939,0.07928543409750284,-0.16293287071540852,0.14786603094680262,0.8434178750043236,False
TMEM189,RNA,4,4w,"trained, F+M pooled",0.07192066587509513,0.0630583908654184,-0.051673780221124926,0.1955151119713152,0.9732948846213269,False
TMEM192,RNA,4,4w,"trained, F+M pooled",0.040998927043672126,0.07627873943139343,-0.108507402241859,0.19050525632920323,0.9909606228891916,False
TMEM251,RNA,4,4w,"trained, F+M pooled",0.21351836478019917,0.20583466506947912,-0.1899175787559799,0.6169543083163782,0.968917433627057,False
TMEM64,RNA,4,4w,"trained, F+M pooled",0.003060341660286646,0.05211120338497971,-0.09907761697427359,0.10519830029484686,0.974200841076456,False
TMEM9,RNA,4,4w,"trained, F+M pooled",0.23306390480132694,0.16663747404681606,-0.09354554433043255,0.5596733539330865,0.858120625244496,False
TMSB4X,RNA,4,4w,"trained, F+M pooled",0.057305007169995044,0.03862663592980471,-0.018403199252422196,0.13301321359241228,0.974200841076456,False
TNFRSF12A,RNA,4,4w,"trained, F+M pooled",-0.3695037105226195,0.2052496691074328,-0.7717930619731879,0.032785640927948834,0.7632507279443683,False
TNMD,RNA,4,4w,"trained, F+M pooled",0.21486600951610477,0.3281233057575326,-0.42825566976865914,0.8579876888008687,0.9914658481375528,False
TOP1,RNA,4,4w,"trained, F+M pooled",-0.022751777392136085,0.052995343176822966,-0.1266226500187091,0.08111909523443693,0.999143657971104,False
TP53INP2,RNA,4,4w,"trained, F+M pooled",0.0674754174113589,0.040587219284738775,-0.012075532386729093,0.1470263672094469,0.8460272624483769,False
TPPP3,RNA,4,4w,"trained, F+M pooled",-0.20094315325469458,0.10378964611431205,-0.4043708596387462,0.0024845531293570255,0.7751443986031203,False
TRAPPC1,RNA,4,4w,"trained, F+M pooled",-0.004408884469662546,0.07205078657016954,-0.14562842614719484,0.13681065720786978,0.9914658481375528,False
TRIM41,RNA,4,4w,"trained, F+M pooled",-0.07088316617818566,0.059077211948290666,-0.18667450159683535,0.04490816924046405,0.940355294391562,False
TRIOBP,RNA,4,4w,"trained, F+M pooled",-0.0392017800853813,0.05595180250590899,-0.1488673129969629,0.07046375282620032,0.9564803965743434,False
TRIP10,RNA,4,4w,"trained, F+M pooled",0.04477062438110175,0.03459965073150091,-0.02304469105264003,0.11258593981484352,0.973129283277986,False
TTC7B,RNA,4,4w,"trained, F+M pooled",0.018997332426180225,0.036306866414344496,-0.052164125745934986,0.09015879059829543,0.974200841076456,False
TYROBP,RNA,4,4w,"trained, F+M pooled",0.10593423721321002,0.13905399150989334,-0.1666115861461809,0.378480060572601,0.9543461931023456,False
TYW3,RNA,4,4w,"trained, F+M pooled",0.10534509387007482,0.1219478877184057,-0.13367276605800035,0.34436295379814996,0.974691223620156,False
UBE2M,RNA,4,4w,"trained, F+M pooled",0.03448242872679387,0.043546075373360825,-0.050867879004993344,0.11983273645858109,0.9732948846213269,False
UBR7,RNA,4,4w,"trained, F+M pooled",0.036190724737338864,0.053905603092451564,-0.0694642573238662,0.1418457067985439,0.9823911783715882,False
UCKL1,RNA,4,4w,"trained, F+M pooled",0.19839850059575287,0.04920873557158632,0.10194937887544368,0.29484762231606204,0.1776838289929756,False
UHMK1,RNA,4,4w,"trained, F+M pooled",0.009716741428906632,0.067193614170213,-0.12198274234471085,0.14141622520252412,0.9732948846213269,False
UPP1,RNA,4,4w,"trained, F+M pooled",0.04349339821546792,0.10277243340976557,-0.15794057126767258,0.2449273676986084,0.9263572901295728,False
USP1,RNA,4,4w,"trained, F+M pooled",-0.03403103138123756,0.07281366856227728,-0.17674582176330103,0.10868375900082591,0.9981692664730262,False
VEGFB,RNA,4,4w,"trained, F+M pooled",0.21717189091349468,0.061943170755518306,0.0957632762326788,0.3385805055943105,0.4711109315282328,False
VIT,RNA,4,4w,"trained, F+M pooled",0.0744001854181023,0.19959899480049764,-0.31681384439087307,0.46561421522707763,0.9753210739448432,False
WBP2,RNA,4,4w,"trained, F+M pooled",-0.0018492956008077674,0.05347623730882625,-0.10666272072610722,0.10296412952449169,0.9925268838752628,False
WDSUB1,RNA,4,4w,"trained, F+M pooled",-0.12042780214877062,0.08911096493001473,-0.2950852934115995,0.05422968911405825,0.9509594704564036,False
WEE1,RNA,4,4w,"trained, F+M pooled",0.08281053459373297,0.06492700083734514,-0.04444638704746348,0.21006745623492942,0.7587338167806038,False
WFDC1,RNA,4,4w,"trained, F+M pooled",-0.1325480035818299,0.08038968694006313,-0.2901117899843536,0.025015782820693833,0.875023958922399,False
XIRP1,RNA,4,4w,"trained, F+M pooled",-0.5941005764677282,0.17698407346263267,-0.9409893604544882,-0.24721179248096814,0.3453555798222948,False
YAF2,RNA,4,4w,"trained, F+M pooled",0.03117113406921177,0.06424795697672722,-0.0947548616051736,0.15709712974359713,0.974691223620156,False
YBEY,RNA,4,4w,"trained, F+M pooled",0.15755048049502737,0.09921904372074478,-0.03691884519763239,0.35201980618768713,0.4946328319458444,False
YTHDC2,RNA,4,4w,"trained, F+M pooled",-0.033705899177398836,0.12067168822277201,-0.270222408094032,0.20281060973923432,0.9741049506362444,False
YTHDF3,RNA,4,4w,"trained, F+M pooled",0.008407426856260591,0.04558867149312405,-0.08094636927026255,0.09776122298278372,0.974200841076456,False
YWHAE,RNA,4,4w,"trained, F+M pooled",-0.07796075125011555,0.02798964858335891,-0.13282046247349902,-0.023101040026732085,0.6062785711945999,False
ZBTB18,RNA,4,4w,"trained, F+M pooled",0.07903319360413712,0.04499504685904873,-0.009157098239598399,0.16722348544787263,0.7829974623579538,False
ZCRB1,RNA,4,4w,"trained, F+M pooled",0.0964970009407441,0.050607377659092574,-0.0026934592710773503,0.19568746115256552,0.4591162890761761,False
ZFAND3,RNA,4,4w,"trained, F+M pooled",0.0079041482637445,0.034677145730517785,-0.060063057368070355,0.07587135389555935,0.974691223620156,False
ACAD8,RNA,8,8w,"trained, F+M pooled",0.07660961853245457,0.07121677601526295,-0.06297526245746082,0.21619449952236997,0.3761137757919842,False
ACADM,RNA,8,8w,"trained, F+M pooled",0.07694120332555932,0.05706886698562252,-0.034913775966260815,0.18879618261737946,0.7918288427558023,False
ACOX2,RNA,8,8w,"trained, F+M pooled",0.28156046010422175,0.15556453710944754,-0.023346032630295388,0.586466952838739,0.6471664957578315,False
ACTC1,RNA,8,8w,"trained, F+M pooled",-0.016915576794631487,0.2651944754185992,-0.536696748615086,0.502865595025823,0.7955309443467071,False
ACTN3,RNA,8,8w,"trained, F+M pooled",-0.1601509245300903,0.07551991584838046,-0.308169959592916,-0.012131889467264623,0.5325201768669207,False
ACYP1,RNA,8,8w,"trained, F+M pooled",0.10104163741038086,0.09405355881076256,-0.08330333785871377,0.2853866126794755,0.9411497449605648,False
ACYP2,RNA,8,8w,"trained, F+M pooled",-0.024483803398661148,0.04642893635709438,-0.11548451865856613,0.06651691186124384,0.9901078233445416,False
ADAMTS5,RNA,8,8w,"trained, F+M pooled",-0.02397650944330104,0.09381443398060271,-0.20785280004528237,0.15989978115868028,0.7299819546358728,False
ADIPOQ,RNA,8,8w,"trained, F+M pooled",0.08554208982764891,0.24955821572189685,-0.4035920129872689,0.5746761926425668,0.667558750392438,False
ADRA2A,RNA,8,8w,"trained, F+M pooled",-0.19867684396346652,0.22325803809620767,-0.6362625986320336,0.2389089107051005,0.3063470262624042,False
AEBP1,RNA,8,8w,"trained, F+M pooled",-0.13425500132870613,0.1430625786844903,-0.4146576555503071,0.14614765289289486,0.6821744426252642,False
AGBL1,RNA,8,8w,"trained, F+M pooled",-0.21809598648727185,0.08450696091970337,-0.38372962988989046,-0.05246234308465325,0.2693363229298798,False
AKR1B10,RNA,8,8w,"trained, F+M pooled",0.036524167487527494,0.058156188443977894,-0.07746196186266918,0.15051029683772416,0.9718922864921528,False
AKR1C3,RNA,8,8w,"trained, F+M pooled",-0.7919016743164196,0.31685536661124575,-1.4129381928744613,-0.1708651557583779,0.0664612849574389,False
AKT1S1,RNA,8,8w,"trained, F+M pooled",-0.0006053811251314547,0.04234531101696423,-0.08360219071838135,0.08239142846811845,0.9870003339336132,False
ALDH1A3,RNA,8,8w,"trained, F+M pooled",-0.4045147232421811,0.1391534795985088,-0.6772555432552583,-0.13177390322910382,0.0543245980539139,False
AMIGO2,RNA,8,8w,"trained, F+M pooled",-0.08072299153193493,0.15711834896694135,-0.38867495550713993,0.2272289724432701,0.882802580992757,False
AMOTL2,RNA,8,8w,"trained, F+M pooled",-0.010173648947549884,0.09937731103217963,-0.20495317857062195,0.1846058806755222,0.9916050895774148,False
AMPH,RNA,8,8w,"trained, F+M pooled",0.1838438760708373,0.6103710692228572,-1.0124834196059629,1.3801711717476373,0.9973554415724132,False
ANGPTL2,RNA,8,8w,"trained, F+M pooled",-0.1863317740558758,0.07912634455518089,-0.34141940938403037,-0.031244138727721277,0.0068367001338822,True
ANKRD33B,RNA,8,8w,"trained, F+M pooled",-0.10544353821437615,0.28827058773544834,-0.6704538901758549,0.4595668137471026,0.646134346897591,False
ANKRD49,RNA,8,8w,"trained, F+M pooled",0.004637434468588405,0.07675969489923207,-0.14581156753390642,0.15508643647108325,0.8528973301515737,False
ANP32B,RNA,8,8w,"trained, F+M pooled",-0.13451116902317178,0.05917604927626714,-0.2504962256046554,-0.018526112441688183,0.4938018808724663,False
ANXA5,RNA,8,8w,"trained, F+M pooled",-0.1513079536433288,0.06699975842352039,-0.28262748015342876,-0.019988427133228848,0.2664420851059217,False
AOC3,RNA,8,8w,"trained, F+M pooled",0.0026021306090921615,0.05918844510385419,-0.11340722179446205,0.11861148301264637,0.7500684000700524,False
APOD,RNA,8,8w,"trained, F+M pooled",-0.8774205012828672,0.35953164216289274,-1.5821025199221368,-0.17273848264359748,0.655307131152326,False
APPL2,RNA,8,8w,"trained, F+M pooled",0.06620636052459895,0.08829620889155242,-0.10685420890284379,0.23926692995204168,0.83025804895046,False
AQP1,RNA,8,8w,"trained, F+M pooled",-0.09165263764263042,0.04312635985212247,-0.17618030295279047,-0.007124972332470378,0.2775327252053453,False
ARL6IP1,RNA,8,8w,"trained, F+M pooled",-0.18780461638893658,0.09547011223946472,-0.3749260363782875,-0.0006831963995857226,0.2309985128365995,False
AS3MT,RNA,8,8w,"trained, F+M pooled",-0.08104310142193333,0.07807943620080025,-0.23407879637550183,0.07199259353163517,0.7857470312635324,False
ASB15,RNA,8,8w,"trained, F+M pooled",-0.005302212304831037,0.06254333668434968,-0.1278871522061564,0.11728272759649433,0.9814799926502276,False
ASPN,RNA,8,8w,"trained, F+M pooled",-0.3945308400367041,0.1697277901706603,-0.7271973087711983,-0.0618643713022099,0.2424907518903349,False
ASS1,RNA,8,8w,"trained, F+M pooled",0.2676625715043723,0.25523921286001194,-0.23260628570125114,0.7679314287099956,0.7845985135007625,False
ATF3,RNA,8,8w,"trained, F+M pooled",-0.9753048992803136,0.21663692607505813,-1.3999132743874276,-0.5506965241731997,0.0117030557114489,True
ATP8B1,RNA,8,8w,"trained, F+M pooled",-0.11389616519923676,0.10478102060610708,-0.31926696558720663,0.09147463518873311,0.6811959238489644,False
BASP1,RNA,8,8w,"trained, F+M pooled",-0.07930765265393559,0.14405930125910385,-0.3616638831217791,0.20304857781390795,0.9860109979337548,False
BCO2,RNA,8,8w,"trained, F+M pooled",-0.4277313861500281,0.35423955936128126,-1.1220409224981394,0.2665781501980831,0.8645852992369432,False
BHLHE41,RNA,8,8w,"trained, F+M pooled",-0.353441188006949,0.09487151281778443,-0.5393893531298065,-0.16749302288409154,0.0076123981028498,True
BPGM,RNA,8,8w,"trained, F+M pooled",-0.17866536076300918,0.03571532259296169,-0.24866739304521407,-0.10866332848080427,1.0189631014143624e-05,True
BSG,RNA,8,8w,"trained, F+M pooled",0.12024527069720285,0.03599854873702695,0.049688115172630026,0.19080242622177568,0.0750096106264092,False
BTBD2,RNA,8,8w,"trained, F+M pooled",-0.013902217671468563,0.07025250030500933,-0.15159711826928685,0.1237926829263497,0.9989250472725932,False
BTG2,RNA,8,8w,"trained, F+M pooled",-0.29041277833831425,0.11417899060090166,-0.5142035999160814,-0.066621956760547,0.4952606937071469,False
BVES,RNA,8,8w,"trained, F+M pooled",-0.03959558532988096,0.05700913659856725,-0.15133349306307275,0.07214232240331085,0.7219182034079319,False
C1R,RNA,8,8w,"trained, F+M pooled",-0.012832852400253765,0.0716327300334972,-0.15323300326590825,0.12756729846540074,0.876084197800129,False
C1orf131,RNA,8,8w,"trained, F+M pooled",0.060309806761994156,0.053063169303897394,-0.04369400507364474,0.16431361859763305,0.5026922196971872,False
C3,RNA,8,8w,"trained, F+M pooled",0.15108254141736185,0.3079336997244465,-0.45246751004255326,0.754632592877277,0.9600322987710448,False
C5AR1,RNA,8,8w,"trained, F+M pooled",-0.10820116073509232,0.12138843518967425,-0.34612249370685383,0.1297201722366692,0.8519283941486624,False
C6orf136,RNA,8,8w,"trained, F+M pooled",0.2728147241709759,0.06142916003619453,0.15241357050003462,0.3932158778419172,0.0312746869217157,True
CAB39L,RNA,8,8w,"trained, F+M pooled",0.03345237298879921,0.06046619025777028,-0.08506135991643055,0.15196610589402895,0.9506310851791552,False
CALCOCO1,RNA,8,8w,"trained, F+M pooled",0.1261033298930937,0.044033614544088225,0.03979744538668077,0.2124092143995066,0.0702129795616191,False
CALM1,RNA,8,8w,"trained, F+M pooled",0.03854511069361572,0.05201427923517503,-0.06340287660732732,0.14049309799455878,0.3199659814151756,False
CALM3,RNA,8,8w,"trained, F+M pooled",0.03854511069361572,0.05201427923517503,-0.06340287660732732,0.14049309799455878,0.3199659814151756,False
CAMK2B,RNA,8,8w,"trained, F+M pooled",-0.0139152939900912,0.03540579128903832,-0.08331064491660631,0.05548005693642391,0.9891675583751746,False
CAMK2G,RNA,8,8w,"trained, F+M pooled",-0.039878149417260235,0.033838702466708614,-0.10620200625200912,0.026445707417488647,0.8937488474535783,False
CAP1,RNA,8,8w,"trained, F+M pooled",0.051482699347928186,0.06435215096751493,-0.07464751654840107,0.17761291524425743,0.9506310851791552,False
CAPZB,RNA,8,8w,"trained, F+M pooled",-0.04988080212294305,0.03407754473006603,-0.11667278979387247,0.016911185547986367,0.6206184814694796,False
CARM1,RNA,8,8w,"trained, F+M pooled",-0.05605838860558132,0.03979114007267884,-0.13404902314803185,0.021932245936869196,0.6854797213342477,False
CARNS1,RNA,8,8w,"trained, F+M pooled",0.006142787263388611,0.06555593456760536,-0.12234684448911788,0.1346324190158951,0.9351976451230056,False
CCDC3,RNA,8,8w,"trained, F+M pooled",0.19550129267895955,0.24372421974216768,-0.2821981780156891,0.6732007633736081,0.9648004355317664,False
CD52,RNA,8,8w,"trained, F+M pooled",0.4661381253093269,0.4760816258295387,-0.466981861316569,1.3992581119352228,0.9415424169145328,False
CD74,RNA,8,8w,"trained, F+M pooled",-0.1272707787188032,0.08195361816897573,-0.28789987032999564,0.03335831289238922,0.6728719925975735,False
CDC37L1,RNA,8,8w,"trained, F+M pooled",-0.07404605777004088,0.04236628226866253,-0.15708397101661942,0.008991855476537677,0.6043909961667646,False
CDCA7L,RNA,8,8w,"trained, F+M pooled",-0.11490959018479464,0.23378474814783753,-0.5731276965545562,0.34330851618496694,0.9607548278779104,False
CDO1,RNA,8,8w,"trained, F+M pooled",-0.01684261607800222,0.17225700127631186,-0.35446633857957344,0.32078110642356905,0.8515112327622882,False
CEBPG,RNA,8,8w,"trained, F+M pooled",-0.048684061284316876,0.054125235314829746,-0.15476952250138318,0.057401399932749425,0.6544946826881328,False
CENPV,RNA,8,8w,"trained, F+M pooled",0.10998755852388041,0.1624640896566572,-0.20844205720316772,0.42841717425092857,0.8556257134675296,False
CES1,RNA,8,8w,"trained, F+M pooled",-0.11305732823321211,0.1496132566322106,-0.40629931123234486,0.1801846547659206,0.9140352459034398,False
CFD,RNA,8,8w,"trained, F+M pooled",0.016552758086496554,0.17032900973646523,-0.3172921009969753,0.35039761716996837,0.982381972754923,False
CHAC2,RNA,8,8w,"trained, F+M pooled",0.17676163050218582,0.17906535066817103,-0.17420645680742938,0.527729717811801,0.894385797420331,False
CHCHD10,RNA,8,8w,"trained, F+M pooled",0.15161686466901453,0.05083811300293621,0.05197416318325955,0.2512595661547695,0.2217668271371192,False
CHP1,RNA,8,8w,"trained, F+M pooled",-0.039931918634471104,0.03925602301927199,-0.1168737237522442,0.037009886483301994,0.4363482254463719,False
CHRDL1,RNA,8,8w,"trained, F+M pooled",0.005543118988666127,0.2052298595635014,-0.3967074057557966,0.4077936437331288,0.8704670951383706,False
CHST15,RNA,8,8w,"trained, F+M pooled",0.18398591873450792,0.15783605361494668,-0.12537274635078755,0.4933445838198034,0.7186105237580593,False
CHUK,RNA,8,8w,"trained, F+M pooled",0.0450056386199464,0.07135587557296875,-0.09485187750307235,0.18486315474296516,0.949000078967818,False
CIART,RNA,8,8w,"trained, F+M pooled",-0.1623940174970979,0.29738883644419534,-0.7452761369277208,0.4204881019335249,0.9713620665840452,False
CIDEC,RNA,8,8w,"trained, F+M pooled",0.22527262090996078,0.3088113256366115,-0.3799975773377977,0.8305428191577193,0.98871840498308,False
CISD1,RNA,8,8w,"trained, F+M pooled",0.058982022760263986,0.036514527369765584,-0.01258645088447656,0.13055049640500455,0.5053380607222029,False
CKB,RNA,8,8w,"trained, F+M pooled",-0.09734427446301028,0.0874651502794261,-0.26877596901068546,0.07408742008466487,0.8249162109578724,False
CLASP1,RNA,8,8w,"trained, F+M pooled",-0.0421969148898149,0.04346095168482423,-0.12738038019207037,0.04298655041244059,0.935530889319583,False
CLASRP,RNA,8,8w,"trained, F+M pooled",0.06793908048557641,0.06447374313782209,-0.058429456064554866,0.1943076170357077,0.3318471437355774,False
CLPTM1,RNA,8,8w,"trained, F+M pooled",0.1266918737513482,0.03637233519346588,0.05540209677215506,0.1979816507305413,0.0258364404619476,True
CLU,RNA,8,8w,"trained, F+M pooled",0.01028808389655162,0.07691544317039913,-0.14046618471743066,0.1610423525105339,0.9488795949767724,False
CMC1,RNA,8,8w,"trained, F+M pooled",0.16362789441669578,0.12263653598744795,-0.0767397161187022,0.4039955049520938,0.8202286035733684,False
CNN1,RNA,8,8w,"trained, F+M pooled",0.1473925197110914,0.41627672414478845,-0.6685098596126939,0.9632948990348766,0.9884022873876284,False
COL5A2,RNA,8,8w,"trained, F+M pooled",-0.36500151856291385,0.0745455344454727,-0.5111107660760403,-0.21889227104978737,0.0001162511133063,True
COL6A6,RNA,8,8w,"trained, F+M pooled",-0.27493900246760794,0.1152661310412806,-0.5008606193085179,-0.04901738562669797,0.0448457585266514,True
COLEC12,RNA,8,8w,"trained, F+M pooled",0.05172702979467672,0.0879731973899493,-0.12070043708962391,0.22415449667897736,0.9678680476239324,False
CORO1C,RNA,8,8w,"trained, F+M pooled",0.0021455815434211958,0.06669388415668742,-0.12857443140368613,0.13286559449052854,0.9674510845974816,False
CPE,RNA,8,8w,"trained, F+M pooled",-0.15568649316406302,0.06137854663734817,-0.27598844457326543,-0.03538454175486061,0.1969980446270642,False
CRIM1,RNA,8,8w,"trained, F+M pooled",0.06615317446267345,0.05578016109062256,-0.04317594127494677,0.17548229020029366,0.1492412023943859,False
CSF2RB,RNA,8,8w,"trained, F+M pooled",-0.1209028274673295,0.14535289766859383,-0.4057945068977734,0.1639888519631144,0.7586309454311024,False
CSGALNACT2,RNA,8,8w,"trained, F+M pooled",-0.02686241432554248,0.054521655284105845,-0.13372485868238992,0.08000003003130497,0.806006955631653,False
CSRNP1,RNA,8,8w,"trained, F+M pooled",-0.09559145555511711,0.16382569017700377,-0.4166898083020445,0.22550689719181027,0.5431754600568781,False
CTHRC1,RNA,8,8w,"trained, F+M pooled",-0.6770356286037058,0.3492217870743081,-1.3615103312693497,0.007439074061938111,0.7300003910141429,False
CTSS,RNA,8,8w,"trained, F+M pooled",0.03297240918734896,0.12340443548546157,-0.20890028436415572,0.27484510273885365,0.9317672943274226,False
CTXN3,RNA,8,8w,"trained, F+M pooled",0.11776816418136776,0.17782346684891484,-0.2307658308425053,0.4663021592052408,0.5337815665177886,False
CYB5R4,RNA,8,8w,"trained, F+M pooled",0.02668183000251559,0.06154555786277547,-0.09394746340852433,0.1473111234135555,0.9946045430484812,False
CYP2J2,RNA,8,8w,"trained, F+M pooled",-0.1509563414640273,0.10342478927314258,-0.3536689284393868,0.05175624551133215,0.8682309820763621,False
DACT1,RNA,8,8w,"trained, F+M pooled",-0.03859491149612073,0.12008840752324151,-0.27396819024167407,0.19677836724943262,0.9808165081262544,False
DACT2,RNA,8,8w,"trained, F+M pooled",-0.3321856157443271,0.11927147532115116,-0.5659577073737834,-0.09841352411487081,0.0470254790646126,True
DBNDD2,RNA,8,8w,"trained, F+M pooled",0.1219247906176973,0.04621079348619021,0.03135163538476449,0.21249794585063012,0.53301254670429,False
DDIT4,RNA,8,8w,"trained, F+M pooled",0.09772296059261977,0.25661501248797364,-0.4052424638838086,0.6006883850690481,0.9646912928989336,False
DDN,RNA,8,8w,"trained, F+M pooled",-0.6978123564873872,0.46535375096247195,-1.6099057083738322,0.21428099539905787,0.8093602822394022,False
DDR2,RNA,8,8w,"trained, F+M pooled",-0.0752851453508911,0.07926391272489333,-0.23064241429168203,0.08007212358989983,0.677605955496495,False
DDX24,RNA,8,8w,"trained, F+M pooled",0.00878425990949961,0.20766314651536427,-0.39823550726061435,0.41580402707961356,0.7427025899761553,False
DDX39A,RNA,8,8w,"trained, F+M pooled",-0.07569104154700243,0.08322122551507166,-0.23880464355654288,0.08742256046253802,0.9285181816916286,False
DENND2C,RNA,8,8w,"trained, F+M pooled",-0.04890895189405494,0.10572032785486987,-0.2561207944895999,0.15830289070149,0.9428697949482788,False
DGKZ,RNA,8,8w,"trained, F+M pooled",-0.19010698046449728,0.06406243927074946,-0.3156693614351662,-0.06454459949382835,0.0238455820700433,True
DHRS3,RNA,8,8w,"trained, F+M pooled",0.06911238170891372,0.09632366489508831,-0.11968200148545936,0.2579067649032868,0.9517206539269492,False
DHTKD1,RNA,8,8w,"trained, F+M pooled",-0.08764286611780343,0.13905152188364125,-0.36018384900974026,0.18489811677413343,0.9743101316458354,False
DMRT2,RNA,8,8w,"trained, F+M pooled",-0.16937242912601255,0.072555515683932,-0.31158123986651926,-0.02716361838550585,0.1807285567957755,False
DNAJA1,RNA,8,8w,"trained, F+M pooled",-0.22631316745936678,0.05964453243094694,-0.34321645102402276,-0.10940988389471078,0.2553284421487716,False
DNAJA4,RNA,8,8w,"trained, F+M pooled",0.005295446022895188,0.0600850892356141,-0.11247132887890846,0.12306222092469882,0.8866002660689781,False
DNAJC1,RNA,8,8w,"trained, F+M pooled",0.04150570873383972,0.1087571963090393,-0.1716583960318773,0.25466981349955675,0.7909284287923302,False
DOK7,RNA,8,8w,"trained, F+M pooled",0.05813256435741452,0.06588842742076635,-0.07100875338728754,0.18727388210211657,0.5472563099912893,False
DPAGT1,RNA,8,8w,"trained, F+M pooled",-0.033122792495525286,0.053766770520615396,-0.13850566271593145,0.07226007772488088,0.9806401744156454,False
DPH3,RNA,8,8w,"trained, F+M pooled",0.1344445369139106,0.05831040694506506,0.020156139301583068,0.24873293452623813,0.4202299621401311,False
DPYSL2,RNA,8,8w,"trained, F+M pooled",-0.0751785978175873,0.066719793118859,-0.20594939233055093,0.055592196695376336,0.5051989066841753,False
DYNLL1,RNA,8,8w,"trained, F+M pooled",0.09795732697204948,0.07710841990074134,-0.05317517603340355,0.2490898299775025,0.4379903022910856,False
DZIP3,RNA,8,8w,"trained, F+M pooled",-0.027402706259854605,0.09337852663017672,-0.210424618455001,0.15561920593529177,0.8808314846154051,False
EBF1,RNA,8,8w,"trained, F+M pooled",0.12200710767045123,0.09503198815372532,-0.06425558911085041,0.3082698044517529,0.798538671780196,False
EEF1A2,RNA,8,8w,"trained, F+M pooled",0.008346030263141565,0.034258141972095466,-0.05879992800216555,0.07549198852844868,0.8970565705618676,False
EEF1B2,RNA,8,8w,"trained, F+M pooled",0.0069572262399238425,0.04140786890768937,-0.07420219681914732,0.088116649298995,0.9958430716531372,False
EFEMP1,RNA,8,8w,"trained, F+M pooled",-0.08790925177311806,0.0910699946457143,-0.2664064412787181,0.09058793773248197,0.5299058159852087,False
EFHD1,RNA,8,8w,"trained, F+M pooled",0.08738065755090148,0.14763322455559938,-0.20198046257807334,0.37674177767987627,0.9774745932353937,False
EFNB2,RNA,8,8w,"trained, F+M pooled",0.15148894310970848,0.06293778823946536,0.02813087816035638,0.2748470080590606,0.2776872120632017,False
EHBP1,RNA,8,8w,"trained, F+M pooled",-0.029416654196721084,0.05100667431522228,-0.12938973585455676,0.07055642746111458,0.9568154918205164,False
EHBP1L1,RNA,8,8w,"trained, F+M pooled",-0.08630794093932066,0.0317619281289808,-0.14856132007212303,-0.0240545618065183,0.4043565070451813,False
EIF2AK3,RNA,8,8w,"trained, F+M pooled",-0.06395279890043752,0.12235859436287069,-0.30377564385166406,0.17587004605078904,0.8662847616048854,False
EIF3G,RNA,8,8w,"trained, F+M pooled",-0.006873002717414712,0.03806861814010482,-0.08148749427202016,0.06774148883719074,0.63338793215729,False
EIF4EBP1,RNA,8,8w,"trained, F+M pooled",0.012866561368915463,0.06576669620563112,-0.11603616319412154,0.14176928593195245,0.6759292542468756,False
EIF4EBP3,RNA,8,8w,"trained, F+M pooled",0.027171012468155308,0.038143381548128324,-0.04759001536617621,0.10193204030248681,0.5062303781795897,False
EN1,RNA,8,8w,"trained, F+M pooled",-0.2068809699095699,0.09695078121652285,-0.3969045010939547,-0.01685743872518511,0.4298269159715056,False
ENPP5,RNA,8,8w,"trained, F+M pooled",-0.017426472602255227,0.13030128679117767,-0.27281699471296345,0.237964049508453,0.9167969903204114,False
ESRRG,RNA,8,8w,"trained, F+M pooled",-0.1805459734856885,0.07272789372490192,-0.3230926451864963,-0.03799930178488073,0.2076547224417273,False
ETNPPL,RNA,8,8w,"trained, F+M pooled",0.287191418722651,0.7942084602738447,-1.2694571634140848,1.8438400008593867,0.9719752382198634,False
ETS2,RNA,8,8w,"trained, F+M pooled",0.16448471123307268,0.07892641494892068,0.009788937933188163,0.3191804845329572,0.1524334772900782,False
EVI2B,RNA,8,8w,"trained, F+M pooled",-0.050126969397290826,0.24982719513124682,-0.5397882718545346,0.43953433305995293,0.9278148285684424,False
EXTL2,RNA,8,8w,"trained, F+M pooled",-0.019166607678614906,0.12439129387001717,-0.26297354366384856,0.22464032830661873,0.9970907969064624,False
FABP4,RNA,8,8w,"trained, F+M pooled",0.12728014617643185,0.05878602744611863,0.012059532382039329,0.24250075997082438,0.689752663628085,False
FAM171A1,RNA,8,8w,"trained, F+M pooled",-0.18767100813157067,0.12681214330942234,-0.43622280901803845,0.060880792754897106,0.4436349996353724,False
FAM217B,RNA,8,8w,"trained, F+M pooled",-0.08567444921092915,0.13595132005063948,-0.3521390365101825,0.18079013808832423,0.9896789874148578,False
FBLN2,RNA,8,8w,"trained, F+M pooled",-0.08618928738297009,0.051110207478335834,-0.18636529404050833,0.01398671927456814,0.2581833565350243,False
FBXL3,RNA,8,8w,"trained, F+M pooled",0.003750697893806721,0.05271577758326282,-0.0995722261693884,0.10707362195700185,0.9553807246618728,False
FBXO40,RNA,8,8w,"trained, F+M pooled",-0.05307273281100833,0.042318559060263175,-0.13601710856912413,0.029871642947107493,0.8373319505025488,False
FBXO6,RNA,8,8w,"trained, F+M pooled",0.2086955081950954,0.05031623665002789,0.11007568436104075,0.30731533202915007,0.0168680261572893,True
FEZ2,RNA,8,8w,"trained, F+M pooled",0.03801556153058914,0.042949735621443344,-0.046165920287439814,0.12219704334861808,0.9648004355317664,False
FGL2,RNA,8,8w,"trained, F+M pooled",-0.20569140988350404,0.1308999082201219,-0.46225522999494295,0.05087241022793487,0.5051441749070158,False
FHOD3,RNA,8,8w,"trained, F+M pooled",-0.0012262801319220516,0.04245031204604544,-0.08442889174217112,0.08197633147832702,0.938198490001806,False
FKBP1A,RNA,8,8w,"trained, F+M pooled",0.011304884412183854,0.03781194209351905,-0.06280652209111348,0.0854162909154812,0.9445751498975694,False
FKBP5,RNA,8,8w,"trained, F+M pooled",-0.10723882158093592,0.09387955989623935,-0.291242758977565,0.0767651158156932,0.897635595440407,False
FKTN,RNA,8,8w,"trained, F+M pooled",-0.0518122436534059,0.055929957664595055,-0.1614349606760122,0.0578104733692004,0.7308525174095277,False
FLRT2,RNA,8,8w,"trained, F+M pooled",0.009292361211202626,0.09150563311593102,-0.17005867969602215,0.18864340211842742,0.9857734128893932,False
FMO2,RNA,8,8w,"trained, F+M pooled",0.056799875460216975,0.09329879653810502,-0.12606576575446887,0.23966551667490282,0.7647071623479537,False
FOS,RNA,8,8w,"trained, F+M pooled",-1.0822016242741566,0.35358239904950395,-1.7752231264111842,-0.3891801221371288,0.3028017250816021,False
FRZB,RNA,8,8w,"trained, F+M pooled",0.04641228325220162,0.31214859843629017,-0.5653989696829271,0.6582235361873303,0.8516436877133582,False
FUZ,RNA,8,8w,"trained, F+M pooled",0.15656827296014292,0.07371556417742944,0.012085767172381218,0.30105077874790465,0.5306289210844778,False
G0S2,RNA,8,8w,"trained, F+M pooled",0.5315584451203403,0.2716693754845234,-0.0009135308293255484,1.0640304210700062,0.321948410335841,False
GADD45G,RNA,8,8w,"trained, F+M pooled",0.005422420990495215,0.23630234139402273,-0.4577301681417893,0.46857501012277974,0.8959399252839669,False
GBF1,RNA,8,8w,"trained, F+M pooled",0.07211635271888218,0.032667479637845345,0.008088092628705315,0.13614461280905904,0.310677171965352,False
GCA,RNA,8,8w,"trained, F+M pooled",-0.12877699400480067,0.09602518003449476,-0.3169863468724104,0.059432358862809065,0.7387562154490457,False
GCLM,RNA,8,8w,"trained, F+M pooled",-0.006747049866721003,0.0822859902969349,-0.1680275908487134,0.1545334911152714,0.7693271168637618,False
GDA,RNA,8,8w,"trained, F+M pooled",0.11289106987425844,0.07748117947141435,-0.03897204188971369,0.26475418163823056,0.9019374791801018,False
GLYR1,RNA,8,8w,"trained, F+M pooled",-0.020427199353255352,0.037790555475199536,-0.09449668808464644,0.05364228937813574,0.8350770118977678,False
GPAM,RNA,8,8w,"trained, F+M pooled",-0.22468848416709772,0.10313231905288665,-0.4268278295107556,-0.022549138823439868,0.3651270768296085,False
GPC6,RNA,8,8w,"trained, F+M pooled",-0.20093938056750998,0.1417273114264529,-0.4787249109633577,0.0768461498283377,0.6405195547956489,False
GPCPD1,RNA,8,8w,"trained, F+M pooled",-0.21667721822049166,0.06800064765128574,-0.3499584876170117,-0.08339594882397161,0.0710489607544901,False
GREB1L,RNA,8,8w,"trained, F+M pooled",0.5473682459184022,0.3129616491727495,-0.06603658646018684,1.1607730782969912,0.7179397509317177,False
GSTM1,RNA,8,8w,"trained, F+M pooled",-0.043741120146788326,0.09748265289688952,-0.2348071198246918,0.14732487953111514,0.989060748841215,False
GSTM2,RNA,8,8w,"trained, F+M pooled",-0.003477578592197176,0.05294512093787027,-0.10725001563042291,0.10029485844602856,0.5628454833598432,False
GSTM4,RNA,8,8w,"trained, F+M pooled",-0.11646212971235523,0.08103756089381947,-0.27529574906424137,0.04237148963953094,0.7909284287923302,False
GSTT1,RNA,8,8w,"trained, F+M pooled",-0.5806574366682922,0.32195368968544935,-1.2116866684517729,0.05037179511518852,0.7102057528882246,False
GTF2H3,RNA,8,8w,"trained, F+M pooled",0.06828767356237098,0.08238471196370009,-0.09318636188648119,0.22976170901122314,0.7802512841499191,False
GTF2I,RNA,8,8w,"trained, F+M pooled",0.058120204428565095,0.031542018720907394,-0.003702152264413394,0.11994256112154358,0.5220307568196946,False
GUF1,RNA,8,8w,"trained, F+M pooled",0.04701573716051739,0.0554714481687549,-0.06170830125024221,0.155739775571277,0.9540481410698928,False
GYS1,RNA,8,8w,"trained, F+M pooled",0.11737710546138669,0.04135955605036793,0.03631237560266555,0.19844183532010784,0.4780474296129253,False
H2BC11,RNA,8,8w,"trained, F+M pooled",-0.4572162558324652,0.354365956545674,-1.1517735306619863,0.23734101899705579,0.7015635641655322,False
H3-3B,RNA,8,8w,"trained, F+M pooled",-0.11044777959515284,0.04649926617323743,-0.2015863412946982,-0.01930921789560748,0.3927344446778956,False
HCFC1R1,RNA,8,8w,"trained, F+M pooled",0.12048566163114866,0.06675261841917657,-0.01034947047043741,0.25132079373273475,0.5337054471153472,False
HEATR5A,RNA,8,8w,"trained, F+M pooled",0.004565114184951843,0.063477928257772,-0.11985162520028128,0.12898185357018496,0.910800273082228,False
HLA-DQA1,RNA,8,8w,"trained, F+M pooled",-0.2714362605062708,0.09573426546246894,-0.4590754208127099,-0.08379710019983166,0.2929937169822439,False
HLA-DRA,RNA,8,8w,"trained, F+M pooled",-0.09497930563366705,0.09225027776576665,-0.2757898500545697,0.08583123878723559,0.9438014786546242,False
HMOX1,RNA,8,8w,"trained, F+M pooled",0.03711179415593611,0.11977310262528801,-0.1976434869896284,0.2718670753015006,0.3103595177375707,False
HOMER2,RNA,8,8w,"trained, F+M pooled",-0.08667729181630766,0.07847277961221755,-0.24048393985625405,0.06712935622363873,0.6910346772174494,False
HOXC6,RNA,8,8w,"trained, F+M pooled",0.0715698442404995,0.16051361143638482,-0.24303683417481475,0.38617652265581376,0.9989250472725932,False
HSF1,RNA,8,8w,"trained, F+M pooled",-0.007903186059240916,0.044534009088567764,-0.09518984387283373,0.07938347175435191,0.9808376937016352,False
HSPA1B,RNA,8,8w,"trained, F+M pooled",-0.886653653080213,0.21810595427271037,-1.3141413234547255,-0.45916598270570075,0.047006517275494,True
HSPA2,RNA,8,8w,"trained, F+M pooled",-0.2196683016229999,0.10466376912152867,-0.4248092891011961,-0.014527314144803738,0.6754690388906095,False
HSPB6,RNA,8,8w,"trained, F+M pooled",0.24495559632734545,0.08920905994750833,0.07010583883022914,0.41980535382446177,0.4452933001478048,False
IDH3A,RNA,8,8w,"trained, F+M pooled",0.0628150990931038,0.03761038314927304,-0.010901251879471358,0.13653145006567896,0.4976466894864956,False
IER5,RNA,8,8w,"trained, F+M pooled",-0.5998488966967918,0.18749835461552009,-0.9673456717432112,-0.2323521216503724,0.2513809621016399,False
IFI44L,RNA,8,8w,"trained, F+M pooled",-0.24567367718322672,0.27215295341190343,-0.7790934658705575,0.287746111504104,0.3805228506985398,False
IFRD1,RNA,8,8w,"trained, F+M pooled",-0.30910649421406194,0.07755370229341013,-0.4611117507091458,-0.15710123771897808,0.0175959610923569,True
IGFBP6,RNA,8,8w,"trained, F+M pooled",-0.2742065836268637,0.14829039779705508,-0.5648557633090916,0.0164425960553643,0.3072749870494572,False
IP6K3,RNA,8,8w,"trained, F+M pooled",0.06425065804791355,0.10133467636919681,-0.1343653076357122,0.2628666237315393,0.9016301932468218,False
IRF2BPL,RNA,8,8w,"trained, F+M pooled",-0.03031661829973831,0.0640300512189871,-0.15581551868895302,0.0951822820894764,0.9613365614277658,False
ITGAE,RNA,8,8w,"trained, F+M pooled",-0.019278636487407404,0.1439818948975159,-0.30148315048653856,0.26292587751172375,0.9597827335242716,False
ITGB3BP,RNA,8,8w,"trained, F+M pooled",-0.0466971509551064,0.2956566875728763,-0.6261842585979439,0.5327899566877311,0.919389360302794,False
ITGB6,RNA,8,8w,"trained, F+M pooled",-7.31568168304374e-05,0.06433703866587172,-0.126173752601939,0.12602743896827814,0.9901213197220838,False
ITIH3,RNA,8,8w,"trained, F+M pooled",-0.1500514263381686,0.3638934421959765,-0.8632825730422826,0.5631797203659454,0.863344128512573,False
KBTBD2,RNA,8,8w,"trained, F+M pooled",-0.07823124943465794,0.059126793324009,-0.19411976434971556,0.0376572654803997,0.7015635641655322,False
KCNAB1,RNA,8,8w,"trained, F+M pooled",-0.3096445630675909,0.1411064332238249,-0.5862131721862878,-0.03307595394889412,0.0284017406169787,True
KCNJ11,RNA,8,8w,"trained, F+M pooled",-0.14612279916789914,0.046161062214342755,-0.23659848110801093,-0.05564711722778734,0.0628179325634912,False
KCNJ2,RNA,8,8w,"trained, F+M pooled",0.04671577325585899,0.09660959549544751,-0.14263903391521812,0.2360705804269361,0.8688609898432051,False
KCTD9,RNA,8,8w,"trained, F+M pooled",-0.17269749940381318,0.06251958098535486,-0.2952358781351087,-0.05015912067251767,0.3826556381204202,False
KDELR1,RNA,8,8w,"trained, F+M pooled",0.04472295731588577,0.04098285633913138,-0.03560344110881174,0.1250493557405833,0.7045016073859844,False
KDM1B,RNA,8,8w,"trained, F+M pooled",0.04158815015070246,0.060701667505655754,-0.07738711816038282,0.16056341846178773,0.9648004355317664,False
KDM2B,RNA,8,8w,"trained, F+M pooled",-0.02876336123295783,0.06640065607826925,-0.15890864714636557,0.1013819246804499,0.5944450521129644,False
KIF5B,RNA,8,8w,"trained, F+M pooled",-0.14638347777938548,0.03843990521808534,-0.22172569200683273,-0.07104126355193822,0.0379515972208048,True
KLF10,RNA,8,8w,"trained, F+M pooled",-0.030433592862749798,0.11153365897867959,-0.2490395644609618,0.1881723787354622,0.4125791642052316,False
KLHL13,RNA,8,8w,"trained, F+M pooled",-0.21046392523076432,0.0717737855395141,-0.351140544888212,-0.06978730557331667,0.4797984567185566,False
KLHL34,RNA,8,8w,"trained, F+M pooled",-0.1990502460769147,0.13652073214500413,-0.46663088108112283,0.06853038892729338,0.6214061078747959,False
KLHL40,RNA,8,8w,"trained, F+M pooled",0.1400616599821613,0.0550789131446551,0.032106990218637305,0.2480163297456853,0.0139598448198516,True
KPNA1,RNA,8,8w,"trained, F+M pooled",-0.06039173698219284,0.041546377247794156,-0.1418226363878694,0.021039162423483707,0.664386500179876,False
LAPTM5,RNA,8,8w,"trained, F+M pooled",-0.05831695294978466,0.09382174048763738,-0.2422075643055539,0.1255736584059846,0.8876426113723458,False
LCP1,RNA,8,8w,"trained, F+M pooled",-0.001961171320486143,0.08652750769977022,-0.17155508641203576,0.16763274377106346,0.916265954578396,False
LEP,RNA,8,8w,"trained, F+M pooled",-0.8232857237270217,0.4538282029386936,-1.7127890014868612,0.0662175540328177,0.3550599895528742,False
LGALS1,RNA,8,8w,"trained, F+M pooled",0.014163572634456556,0.04959595484574561,-0.08304449886320484,0.11137164413211795,0.7089057514231482,False
LMO2,RNA,8,8w,"trained, F+M pooled",-0.0365875112449299,0.12511205695827102,-0.2818071428831411,0.2086321203932813,0.9474191760084998,False
LONRF3,RNA,8,8w,"trained, F+M pooled",0.5038263518678749,0.15825298144704483,0.19365050823166707,0.8140021955040828,0.0061233434154415,True
LPIN1,RNA,8,8w,"trained, F+M pooled",0.06157286696584651,0.05409331007054151,-0.04445002077241484,0.16759575470410787,0.2021497536693024,False
LRRC3B,RNA,8,8w,"trained, F+M pooled",0.26917525091697914,0.2338291636667974,-0.18912990986994377,0.727480411703902,0.935530889319583,False
LRRC71,RNA,8,8w,"trained, F+M pooled",-0.12052670557477553,0.24260420352115747,-0.5960309444762442,0.35497753332669313,0.8064734174065596,False
LRRK2,RNA,8,8w,"trained, F+M pooled",0.08841101705104543,0.06132494908087289,-0.03178588314746543,0.2086079172495563,0.7612885397341947,False
LRRN1,RNA,8,8w,"trained, F+M pooled",-0.23161297125689947,0.2196753430768947,-0.6621766436876131,0.19895070117381417,0.7613529066222839,False
LYZ,RNA,8,8w,"trained, F+M pooled",0.23084882133632476,0.08113213661225156,0.0718298335763117,0.3898678090963378,0.135007464764176,False
MAOA,RNA,8,8w,"trained, F+M pooled",-0.07052415825176783,0.05303514188328621,-0.1744730363430088,0.033424719839473135,0.8256057052017189,False
MAP1LC3B,RNA,8,8w,"trained, F+M pooled",0.15426475202026074,0.050310595911693415,0.055655984033341654,0.25287352000717983,0.0324087806680678,True
MAP2K3,RNA,8,8w,"trained, F+M pooled",-0.22098946197271277,0.05781403996720081,-0.33430498030842637,-0.10767394363699918,0.1192453763106743,False
MAPRE3,RNA,8,8w,"trained, F+M pooled",0.055619455967982644,0.05077504484480907,-0.04389963192784312,0.1551385438638084,0.2036857265012065,False
MATN2,RNA,8,8w,"trained, F+M pooled",-0.5609883880134174,0.14603795949044127,-0.8472227886146824,-0.27475398741215257,0.08121635568842,False
MEST,RNA,8,8w,"trained, F+M pooled",-0.17684142159416505,0.2836884203833555,-0.7328707255455419,0.3791878823572118,0.9346318148574064,False
METTL21C,RNA,8,8w,"trained, F+M pooled",-0.5081147262654335,0.2042330035227911,-0.9084114131701041,-0.10781803936076295,0.4829591114067001,False
METTL7A,RNA,8,8w,"trained, F+M pooled",0.13058617899444247,0.07213369566126947,-0.010795864501645686,0.27196822249053065,0.413273060458263,False
MFAP3L,RNA,8,8w,"trained, F+M pooled",0.21733581338114352,0.13729931859300337,-0.05177085106114307,0.4864424778234301,0.6453779424393478,False
MFAP5,RNA,8,8w,"trained, F+M pooled",-0.24067278026755237,0.09513829708069418,-0.42714384254571297,-0.05420171798939177,0.0702129795616191,False
MFN1,RNA,8,8w,"trained, F+M pooled",0.0661985007740469,0.03486084469033977,-0.0021287548190190575,0.13452575636711286,0.6131190729274654,False
MFSD1,RNA,8,8w,"trained, F+M pooled",0.019421164682152013,0.05284960748211102,-0.08416406598278559,0.1230063953470896,0.8489983466416766,False
MGME1,RNA,8,8w,"trained, F+M pooled",0.050613981343902534,0.12106951582067413,-0.18668226966461876,0.2879102323524238,0.8725612557286485,False
MGST1,RNA,8,8w,"trained, F+M pooled",0.20622536949634593,0.16888727070670703,-0.12479368108879987,0.5372444200814918,0.9424755760188308,False
MICU1,RNA,8,8w,"trained, F+M pooled",-0.0791012463090938,0.05894967720839823,-0.19464261363755433,0.03644012101936672,0.7707109006102919,False
MIF,RNA,8,8w,"trained, F+M pooled",0.13527754586023383,0.0967188932386124,-0.05429148488744645,0.3248465766079141,0.2830839841506636,False
MLLT11,RNA,8,8w,"trained, F+M pooled",-0.2554304184097781,0.0816743968046114,-0.4155122361468164,-0.09534860067273976,0.0019588114831078,True
MPEG1,RNA,8,8w,"trained, F+M pooled",-0.10839807687812135,0.20791724890903887,-0.5159158847398375,0.2991197309835948,0.8989092723827454,False
MRPL4,RNA,8,8w,"trained, F+M pooled",0.23523694798092626,0.059855013970961136,0.11792112059784243,0.3525527753640101,0.0100788976175734,True
MRPL48,RNA,8,8w,"trained, F+M pooled",-0.06171239404074074,0.05408912058582405,-0.16772707038895587,0.0443022823074744,0.819419999818362,False
MRPS6,RNA,8,8w,"trained, F+M pooled",0.06249493115741797,0.1066116958383752,-0.1464639926857974,0.27145385500063335,0.6968514734862834,False
MSANTD2,RNA,8,8w,"trained, F+M pooled",-0.0995895854122351,0.1293458546604548,-0.35310746054672654,0.1539282897222563,0.6487048851160047,False
MSANTD4,RNA,8,8w,"trained, F+M pooled",0.010647292677218983,0.058184283603579495,-0.10339390318579683,0.12468848854023479,0.7744151828905538,False
MSRA,RNA,8,8w,"trained, F+M pooled",0.03548736646820492,0.12275103610743181,-0.20510466430236143,0.2760793972387713,0.953721885730713,False
MSRB2,RNA,8,8w,"trained, F+M pooled",0.13364895212764896,0.13076612137321428,-0.12265264576385101,0.3899505500191489,0.7629340153236223,False
MT2A,RNA,8,8w,"trained, F+M pooled",-0.09466581801477902,0.18835515693409752,-0.46384192560561016,0.2745102895760521,0.995928901834579,False
MYBPH,RNA,8,8w,"trained, F+M pooled",-0.08136386722813167,0.1998950441274065,-0.47315815371784836,0.31043041926158504,0.9077374231764752,False
MYH3,RNA,8,8w,"trained, F+M pooled",0.0670648286300589,0.18516405247867077,-0.29585671422813575,0.4299863714882536,0.989060748841215,False
MYH8,RNA,8,8w,"trained, F+M pooled",0.17128741809614814,0.09923633748655038,-0.0232158033774906,0.36579063956978686,0.1208984656088695,False
MYO1F,RNA,8,8w,"trained, F+M pooled",-0.1722875754871763,0.131805781582858,-0.430626907389578,0.08605175641522536,0.8739214605521514,False
MYOM1,RNA,8,8w,"trained, F+M pooled",0.025483178833730614,0.039672521760991494,-0.05227496381781271,0.10324132148527393,0.8543511179422212,False
MYPN,RNA,8,8w,"trained, F+M pooled",0.020150210548541315,0.034795975869007456,-0.0480499021547133,0.08835032325179593,0.2386876626293291,False
MYPOP,RNA,8,8w,"trained, F+M pooled",0.04079244426935583,0.07167354034406087,-0.09968769480500347,0.18127258334371513,0.4298269159715056,False
NAMPT,RNA,8,8w,"trained, F+M pooled",-0.048663794921046555,0.03979719373405987,-0.1266662946398039,0.029338704797710793,0.4623703596996301,False
NCEH1,RNA,8,8w,"trained, F+M pooled",0.011233454080223354,0.10994151242631042,-0.20425191027534506,0.22671881843579178,0.9808165081262544,False
NCF2,RNA,8,8w,"trained, F+M pooled",-0.1197941899126878,0.34047165474782337,-0.7871186332184216,0.5475302533930461,0.966197782854529,False
NCOA3,RNA,8,8w,"trained, F+M pooled",-0.026342756559372023,0.056312072115852374,-0.13671441790644268,0.08402890478769862,0.7679515127156765,False
NDFIP1,RNA,8,8w,"trained, F+M pooled",-0.07502090610923118,0.03837116811758002,-0.150228395619688,0.00018658340122565398,0.1707891321453558,False
NDUFAF1,RNA,8,8w,"trained, F+M pooled",0.28107375182197153,0.07397271944177163,0.13608722171609913,0.42606028192784395,0.002692129831437,True
NDUFB8,RNA,8,8w,"trained, F+M pooled",0.16764395494493306,0.04732399365506315,0.07488892738100929,0.26039898250885685,0.1328050169092778,False
NEDD1,RNA,8,8w,"trained, F+M pooled",0.0033658286358267766,0.06837422500869111,-0.13064765238120782,0.13737930965286135,0.9809212498157144,False
NEURL1B,RNA,8,8w,"trained, F+M pooled",-0.03413911062248811,0.15945284015757885,-0.34666667733134265,0.2783884560863665,0.9629537078493774,False
NFIC,RNA,8,8w,"trained, F+M pooled",-0.07267318797970125,0.043388814888050374,-0.15771526516027998,0.012368889200877475,0.6474593086791588,False
NFIL3,RNA,8,8w,"trained, F+M pooled",0.4016799158270583,0.12710296297448317,0.1525581083970713,0.6508017232570453,0.0217844870484741,True
NKIRAS2,RNA,8,8w,"trained, F+M pooled",0.09063107058753304,0.05171223762634476,-0.010724915160102683,0.19198705633516877,0.2063268096082414,False
NMRK2,RNA,8,8w,"trained, F+M pooled",-0.3658101462350716,0.19423070997006617,-0.7465023377764013,0.014882045306258085,0.0878725397218408,False
NPY1R,RNA,8,8w,"trained, F+M pooled",-0.081919715299528,0.1711573509036874,-0.4173881230707553,0.25354869247169926,0.7521303379562434,False
NQO2,RNA,8,8w,"trained, F+M pooled",-0.013253796232256431,0.08988454149183739,-0.1894274975562577,0.16291990509174487,0.8350770118977678,False
NR1D1,RNA,8,8w,"trained, F+M pooled",0.4137902203367418,0.13949645365444807,0.1403771711740236,0.68720326949946,0.1688986945342743,False
NRIP1,RNA,8,8w,"trained, F+M pooled",-0.10147229598737803,0.1076313593601863,-0.31242976033334313,0.1094851683585871,0.9686974000464176,False
NUCB1,RNA,8,8w,"trained, F+M pooled",-0.023129912600640713,0.04359664541497442,-0.10857933761399058,0.062319512412709145,0.7427025899761553,False
NUDT3,RNA,8,8w,"trained, F+M pooled",-0.04346635510029986,0.03797044183864579,-0.1178884211040456,0.030955710903445892,0.8553817680097783,False
NUDT6,RNA,8,8w,"trained, F+M pooled",0.047175759095374414,0.09322703743715921,-0.13554923428145763,0.22990075247220645,0.9678680476239324,False
OGDH,RNA,8,8w,"trained, F+M pooled",0.07882191461782065,0.03957518790735852,0.0012545463193979478,0.15638928291624335,0.6754690388906095,False
OGFRL1,RNA,8,8w,"trained, F+M pooled",0.12394030016889525,0.06221435220368239,0.0020001698496777687,0.24588043048811273,0.5357206593961272,False
OLFM1,RNA,8,8w,"trained, F+M pooled",0.014918181056444548,0.14258078105536395,-0.2645401498120688,0.2943765119249579,0.782539103598501,False
ORAI1,RNA,8,8w,"trained, F+M pooled",0.03751864346429984,0.05108051505905749,-0.06259916605145284,0.1376364529800525,0.6452897739878017,False
OSBPL3,RNA,8,8w,"trained, F+M pooled",0.06291765460411183,0.11113634378331524,-0.15490957921118603,0.2807448884194097,0.9081233148295982,False
OTUD1,RNA,8,8w,"trained, F+M pooled",-0.7556696096893608,0.3286749371321348,-1.399872486468345,-0.11146673291037656,0.6213761151647833,False
OXNAD1,RNA,8,8w,"trained, F+M pooled",0.0379442982745396,0.07652578961653912,-0.11204624937387708,0.18793484592295628,0.8997364007228682,False
P2RX5,RNA,8,8w,"trained, F+M pooled",0.11523763758999317,0.09096129400316257,-0.06304649865620546,0.2935217738361918,0.5788183794392222,False
P2RY13,RNA,8,8w,"trained, F+M pooled",0.23137863274672074,0.2917241728276293,-0.3404007459954327,0.8031580114888742,0.9444438414958296,False
PAMR1,RNA,8,8w,"trained, F+M pooled",-0.448609977478761,0.2609260933905786,-0.9600251205242951,0.06280516556677301,0.4884985150136757,False
PANK1,RNA,8,8w,"trained, F+M pooled",-0.08732498697310272,0.09415114945556347,-0.2718612399060071,0.09721126595980166,0.6171114610371251,False
PANX1,RNA,8,8w,"trained, F+M pooled",-0.23331213782705368,0.14516273372718067,-0.5178310959323278,0.05120682027822043,0.4202299621401311,False
PARM1,RNA,8,8w,"trained, F+M pooled",0.33935872425910774,0.10252872843664021,0.13840241652329294,0.5403150319949226,0.3606545129291753,False
PARVB,RNA,8,8w,"trained, F+M pooled",0.10906967275845098,0.04151466040893189,0.02770093835694447,0.19043840715995747,0.1652774984675945,False
PCDH9,RNA,8,8w,"trained, F+M pooled",-0.14439242846314745,0.3540866376669575,-0.8384022382903842,0.5496173813640892,0.9315362437267,False
PCDHGA8,RNA,8,8w,"trained, F+M pooled",-0.530793026816713,0.43733412866571736,-1.387967919001519,0.326381865368093,0.5277399233991233,False
PCOLCE2,RNA,8,8w,"trained, F+M pooled",-0.13272911126943807,0.08326873020794583,-0.2959358224770119,0.030477599938135758,0.2140699792513139,False
PDK4,RNA,8,8w,"trained, F+M pooled",-0.07442761441620513,0.17525884347566778,-0.417934947628514,0.2690797187961037,0.9825622642178292,False
PENK,RNA,8,8w,"trained, F+M pooled",-0.47912421450429143,0.3918628728571009,-1.2471754453042092,0.28892701629562634,0.9122652577510416,False
PFKFB3,RNA,8,8w,"trained, F+M pooled",0.7751814839214937,0.20282180424944393,0.37765074759258355,1.172712220250404,0.0186500691466362,True
PHACTR4,RNA,8,8w,"trained, F+M pooled",-0.01623268583313418,0.11220973889225415,-0.2361637740619523,0.20369840239568396,0.9046455903327774,False
PHF5A,RNA,8,8w,"trained, F+M pooled",-0.06655731281057774,0.07465078133441932,-0.21287284422603964,0.07975821860488415,0.5053380607222029,False
PHGDH,RNA,8,8w,"trained, F+M pooled",-0.052862252197456966,0.3524449597482541,-0.743654373304035,0.6379298689091211,0.9917306058734632,False
PHLDA3,RNA,8,8w,"trained, F+M pooled",-0.044445445071209295,0.0595508927549148,-0.1611651948708423,0.0722743047284237,0.935530889319583,False
PHTF2,RNA,8,8w,"trained, F+M pooled",-0.2078456580015266,0.053412756205017495,-0.3125346601633609,-0.10315665583969232,0.0491778527167626,True
PHYHD1,RNA,8,8w,"trained, F+M pooled",-0.26643956750618164,0.10231130938744022,-0.4669697339055645,-0.0659094011067988,0.4926734209698738,False
PIGS,RNA,8,8w,"trained, F+M pooled",0.09227725509123241,0.05889512549000934,-0.023157190869185884,0.2077117010516507,0.8519283941486624,False
PJA2,RNA,8,8w,"trained, F+M pooled",-0.0721028846715575,0.046548309908177134,-0.16333757209158467,0.01913180274846968,0.7662592321287799,False
PKM,RNA,8,8w,"trained, F+M pooled",-0.07014619075433683,0.05787525127001006,-0.18358168324355656,0.04328930173488289,0.5053380607222029,False
PLA2G2A,RNA,8,8w,"trained, F+M pooled",0.16163326538002937,0.2792135300886856,-0.38562525359379435,0.7088917843538531,0.939146919779448,False
PLEKHO1,RNA,8,8w,"trained, F+M pooled",0.05372525701430525,0.1490155463009335,-0.23834521373552442,0.3457957277641349,0.8435115608138953,False
PLGRKT,RNA,8,8w,"trained, F+M pooled",0.01095368056329053,0.1254840667131751,-0.23499509019453269,0.2569024513211137,0.9958430716531372,False
PLIN1,RNA,8,8w,"trained, F+M pooled",0.44520776161517195,0.2489306082301648,-0.04269623051595106,0.933111753746295,0.5798456649424301,False
PLIN4,RNA,8,8w,"trained, F+M pooled",-0.13586421555562164,0.05869588971690802,-0.2509081594007614,-0.020820271710481925,0.6676948961575109,False
PPIF,RNA,8,8w,"trained, F+M pooled",0.08800332602995616,0.07823666933946585,-0.06534054587539691,0.24134719793530923,0.8621717498652914,False
PPIG,RNA,8,8w,"trained, F+M pooled",-0.03984566626734162,0.04831358877010701,-0.13454030025675134,0.05484896772206811,0.9140352459034398,False
PPP1R16A,RNA,8,8w,"trained, F+M pooled",-0.03270450782103305,0.06761742695664753,-0.1652346646560622,0.09982564901399613,0.8835779848335235,False
PPP3R1,RNA,8,8w,"trained, F+M pooled",-0.06589941764903065,0.0464145279018379,-0.15687189233663293,0.025073057038571628,0.2706978327952746,False
PRCC,RNA,8,8w,"trained, F+M pooled",-0.04532366774091446,0.04481099102797993,-0.13315321015575513,0.04250587467392621,0.7643466669147333,False
PRKAR2B,RNA,8,8w,"trained, F+M pooled",-0.4210129246960767,0.2368682760882052,-0.8852747458289589,0.04324889643680552,0.6248113487243148,False
PRMT3,RNA,8,8w,"trained, F+M pooled",0.0299022418263974,0.06260294588166035,-0.09279953210165688,0.15260401575445168,0.7766063082677876,False
PRUNE2,RNA,8,8w,"trained, F+M pooled",-0.13056370698172232,0.2196591686466645,-0.5610956775291847,0.2999682635657401,0.6973127400078065,False
PTER,RNA,8,8w,"trained, F+M pooled",0.20395494415801474,0.29842765119008025,-0.3809632521745425,0.788873140490572,0.7505610344063005,False
RARRES2,RNA,8,8w,"trained, F+M pooled",-0.06510229555188007,0.13292827075921806,-0.3256417062399475,0.19543711513618733,0.9170424829548522,False
RASD1,RNA,8,8w,"trained, F+M pooled",0.5508557190908611,0.32409541753425425,-0.08437129927627729,1.1860827374579994,0.3709881535360884,False
RBMXL1,RNA,8,8w,"trained, F+M pooled",-0.1111430175849609,0.08668195547974555,-0.2810396503252622,0.05875361515534039,0.8655262335185434,False
RBP4,RNA,8,8w,"trained, F+M pooled",-0.07576767683552289,0.2211463607323716,-0.5092145438709712,0.35767919019992545,0.70416662342812,False
RGS18,RNA,8,8w,"trained, F+M pooled",-0.5569323072363929,0.37912355233087985,-1.3000144698049174,0.1861498553321317,0.704109039101274,False
RGS2,RNA,8,8w,"trained, F+M pooled",-0.1002563375791995,0.14007865849028509,-0.37481050822015827,0.17429783306175928,0.9808165081262544,False
RLF,RNA,8,8w,"trained, F+M pooled",-0.06841583350607407,0.06443705716536591,-0.19471246555019123,0.05788079853804311,0.4279871516413925,False
RNF149,RNA,8,8w,"trained, F+M pooled",-0.0378214697537291,0.08740729763591866,-0.20913977312012969,0.13349683361267148,0.9970907969064624,False
RNF150,RNA,8,8w,"trained, F+M pooled",0.06258897838788288,0.05732872440779658,-0.049775321451398416,0.17495327822716417,0.7910660944672845,False
RNF166,RNA,8,8w,"trained, F+M pooled",0.015118293438241696,0.05641294080720365,-0.09545107054387746,0.12568765742036084,0.9808165081262544,False
RNF44,RNA,8,8w,"trained, F+M pooled",0.09159274041988505,0.04289749651853941,0.007513647243547805,0.1756718335962223,0.2312117709621909,False
ROBO1,RNA,8,8w,"trained, F+M pooled",-0.029594973532158654,0.17020033162882775,-0.36318762352466105,0.3039976764603437,0.7829159250670286,False
ROGDI,RNA,8,8w,"trained, F+M pooled",0.25728029953948417,0.06189355183078554,0.1359689379511445,0.37859166112782383,0.0097213472743339,True
RPAP3,RNA,8,8w,"trained, F+M pooled",0.08392343339013837,0.057977257128389414,-0.02971199058150488,0.19755885736178164,0.6307381037985584,False
RPL3,RNA,8,8w,"trained, F+M pooled",-0.0806318214701253,0.06660356371695325,-0.21117480635535368,0.04991116341510306,0.8457185145132663,False
RPN1,RNA,8,8w,"trained, F+M pooled",0.01612279063680708,0.03238173473524572,-0.04734540944427454,0.0795909907178887,0.9857734128893932,False
RPS3,RNA,8,8w,"trained, F+M pooled",-0.016350411398521912,0.036615989421595455,-0.088117750664849,0.05541692786780517,0.9171204799775612,False
RPS6KC1,RNA,8,8w,"trained, F+M pooled",-0.07927483350306957,0.060669856299906955,-0.19818775185088722,0.03963808484474805,0.9130598786136392,False
RPUSD4,RNA,8,8w,"trained, F+M pooled",-0.017131228425041382,0.07797560022354917,-0.16996340486319778,0.135700948013115,0.9626226948374236,False
RTN2,RNA,8,8w,"trained, F+M pooled",0.012120935832376013,0.03892826533723966,-0.06417846422861373,0.08842033589336576,0.9671792081153324,False
RXRG,RNA,8,8w,"trained, F+M pooled",-0.10279978542840225,0.040549371115573316,-0.18227655281492594,-0.023323018041878557,0.1297243727198972,False
S100A1,RNA,8,8w,"trained, F+M pooled",-0.43266609346651247,0.16812256967677813,-0.7621863300329976,-0.10314585690002731,0.5821632440036525,False
S100A4,RNA,8,8w,"trained, F+M pooled",0.15246523893547387,0.12978191702655037,-0.10190731843656486,0.4068377963075126,0.855279999028773,False
S100A9,RNA,8,8w,"trained, F+M pooled",0.30743318304213935,0.5167844875046442,-0.7054644124669633,1.320330778551242,0.9733248307274156,False
SAC3D1,RNA,8,8w,"trained, F+M pooled",-0.026376107164828532,0.11266063308693838,-0.24719094801522776,0.1944387336855707,0.9806401744156454,False
SCD,RNA,8,8w,"trained, F+M pooled",0.10412810030380257,0.3235090567967726,-0.5299496510178717,0.7382058516254769,0.9648004355317664,False
SCN4B,RNA,8,8w,"trained, F+M pooled",0.05462692886676717,0.038062338436115305,-0.019975254468018823,0.12922911220155317,0.7231474289265456,False
SCRN1,RNA,8,8w,"trained, F+M pooled",-0.2845623402793129,0.12674342261007687,-0.5329794485950635,-0.0361452319635622,0.3028017250816021,False
SEMA6C,RNA,8,8w,"trained, F+M pooled",-0.2032503592483605,0.039201262196174334,-0.2800848331528622,-0.12641588534385878,2.518057629040353e-05,True
SF3A3,RNA,8,8w,"trained, F+M pooled",0.004267599231938398,0.07424169593820887,-0.14124612480695098,0.14978132327082777,0.8902753481433853,False
SH2B3,RNA,8,8w,"trained, F+M pooled",0.028981708611682144,0.06007103724931121,-0.08875752439696782,0.1467209416203321,0.9146677034570622,False
SH3RF3,RNA,8,8w,"trained, F+M pooled",-0.002533647260619761,0.45345577283193717,-0.8913069620112166,0.8862396674899771,0.8525349152688432,False
SHANK3,RNA,8,8w,"trained, F+M pooled",0.16616536007369231,0.05898437723088691,0.05055598070115397,0.28177473944623066,0.1162408379693048,False
SHISA4,RNA,8,8w,"trained, F+M pooled",0.1306893905179988,0.0586484653552629,0.015738398421683522,0.2456403826143141,0.5905217236681897,False
SHPRH,RNA,8,8w,"trained, F+M pooled",0.03653489778993594,0.06464378318570181,-0.09016691725403961,0.16323671283391147,0.911736050456424,False
SIM1,RNA,8,8w,"trained, F+M pooled",0.049383745881787997,0.44058454739829855,-0.8141619670188772,0.9129294587824531,0.9834172357309026,False
SLC16A1,RNA,8,8w,"trained, F+M pooled",-0.01469423978147022,0.06917038217457604,-0.15026818884363924,0.1208797092806988,0.8019526077956405,False
SLC16A10,RNA,8,8w,"trained, F+M pooled",-0.02385389503710194,0.08139529017402719,-0.18338866377819524,0.13568087370399134,0.4109785883205389,False
SLC19A2,RNA,8,8w,"trained, F+M pooled",0.32694062836991894,0.14193398798564638,0.04875001191805206,0.6051312448217858,0.5724951462976029,False
SLC22A18,RNA,8,8w,"trained, F+M pooled",0.12020151886582416,0.14298100546253853,-0.16004125184075135,0.40044428957239964,0.9449869020917308,False
SLC22A5,RNA,8,8w,"trained, F+M pooled",0.02143992640542209,0.059347736043787895,-0.09488163624040219,0.13776148905124636,0.7562603305059233,False
SLC25A25,RNA,8,8w,"trained, F+M pooled",-0.4894803443313442,0.1829111892929808,-0.8479862753455866,-0.1309744133171018,0.0882753771227403,False
SLC25A34,RNA,8,8w,"trained, F+M pooled",-0.3712365224166802,0.14917523223554913,-0.6636199775983564,-0.0788530672350039,0.0203698215913614,True
SLC26A9,RNA,8,8w,"trained, F+M pooled",-0.2831620299279645,0.25059481137135636,-0.774327860215823,0.20800380035989396,0.5020725891451057,False
SLC2A4,RNA,8,8w,"trained, F+M pooled",0.13844502951262286,0.042863228222565865,0.05443310219639376,0.22245695682885197,0.0642687271073557,False
SLC38A1,RNA,8,8w,"trained, F+M pooled",-0.4758101174614964,0.13678712834214096,-0.7439128890120927,-0.20770734591090007,0.2295749163748113,False
SLIT2,RNA,8,8w,"trained, F+M pooled",-0.2115190915409542,0.20493025988106303,-0.6131824009078377,0.19014421782592936,0.2241738095887061,False
SLPI,RNA,8,8w,"trained, F+M pooled",0.23248757988440605,0.38123202604592343,-0.5147271911656038,0.9797023509344159,0.8861462472053587,False
SMAGP,RNA,8,8w,"trained, F+M pooled",-0.03196623992985804,0.20640795945146176,-0.4365258404547231,0.37259336059500703,0.796339359512042,False
SMAP1,RNA,8,8w,"trained, F+M pooled",-0.024366082266217542,0.06105461461638183,-0.14403312691432593,0.09530096238189084,0.9779852089976,False
SS18L1,RNA,8,8w,"trained, F+M pooled",0.03653218795466583,0.17866149653773888,-0.31364434525930235,0.38670872116863403,0.9321181328320232,False
ST3GAL6,RNA,8,8w,"trained, F+M pooled",0.049972235269422884,0.07207411454490359,-0.09129302923858815,0.1912374997774339,0.8937488474535783,False
ST8SIA5,RNA,8,8w,"trained, F+M pooled",0.3956511641755208,0.09809510370343161,0.20338476091679486,0.5879175674342467,0.132171617027553,False
STRN4,RNA,8,8w,"trained, F+M pooled",0.00541496554221048,0.05394279985915191,-0.10031292218172726,0.11114285326614821,0.9597827335242716,False
SUSD5,RNA,8,8w,"trained, F+M pooled",0.2279800241404094,0.13517462163003985,-0.03696223425446871,0.4929222825352875,0.5965355994733289,False
TAF1D,RNA,8,8w,"trained, F+M pooled",-0.05733554760165413,0.13110638584466644,-0.31430406385720033,0.1996329686538921,0.971837856082889,False
TCEAL7,RNA,8,8w,"trained, F+M pooled",-0.5177911909995726,0.18026887222500995,-0.8711181805605921,-0.16446420143855311,0.0911426277043093,False
TET1,RNA,8,8w,"trained, F+M pooled",-0.07284524114113838,0.14615397926220325,-0.35930704049505674,0.21361655821277997,0.471617784192267,False
TFRC,RNA,8,8w,"trained, F+M pooled",-0.11176010820808799,0.19829191688535375,-0.5004122653033813,0.2768920488872053,0.8789367445761944,False
TGFBR3,RNA,8,8w,"trained, F+M pooled",0.08112064636494004,0.07452567191758235,-0.06494967059352136,0.22719096332340144,0.9292232637504836,False
THOC3,RNA,8,8w,"trained, F+M pooled",0.05023246780467779,0.05755597929785163,-0.0625772516191114,0.163042187228467,0.6196930948165293,False
THRSP,RNA,8,8w,"trained, F+M pooled",0.3875262609604639,0.23585026383082908,-0.07474025614796109,0.8497927780688889,0.5035359792453816,False
TLR2,RNA,8,8w,"trained, F+M pooled",-0.29303104350441017,0.26082989629337844,-0.8042576402394319,0.21819555323061152,0.6184461508481136,False
TM6SF1,RNA,8,8w,"trained, F+M pooled",0.28546844208768457,0.12026623733363394,0.04974661691376206,0.5211902672616071,0.6183983953595991,False
TM9SF4,RNA,8,8w,"trained, F+M pooled",-0.006484209919266034,0.053618375177543774,-0.11157622526725182,0.09860780542871976,0.9676245259794616,False
TMEM181,RNA,8,8w,"trained, F+M pooled",-0.10082655547621248,0.0817580157087842,-0.2610722662654295,0.059419155313004554,0.5190328703812986,False
TMEM185B,RNA,8,8w,"trained, F+M pooled",0.036401314608206205,0.08415361286257021,-0.1285397666024314,0.2013423958188438,0.7887734567280694,False
TMEM189,RNA,8,8w,"trained, F+M pooled",0.15341987893219416,0.06711135295378405,0.021881627142777416,0.2849581307216109,0.4777902852582826,False
TMEM192,RNA,8,8w,"trained, F+M pooled",-0.025920821424867298,0.08161600507437491,-0.1858881913706421,0.13404654852090753,0.6067741484682747,False
TMEM251,RNA,8,8w,"trained, F+M pooled",0.07193305895826826,0.2214952117339133,-0.36219755604020176,0.5060636739567383,0.9096719407100252,False
TMEM64,RNA,8,8w,"trained, F+M pooled",0.05766853079474351,0.054934735856922386,-0.05000355148482436,0.1653406130743114,0.3422956202682218,False
TMEM9,RNA,8,8w,"trained, F+M pooled",0.2510307541245687,0.17805498534904937,-0.09795701715956806,0.6000185254087055,0.8952494511133866,False
TMSB4X,RNA,8,8w,"trained, F+M pooled",0.05041389376059157,0.04079324031371881,-0.02954085725429729,0.13036864477548044,0.8603359431910911,False
TNFRSF12A,RNA,8,8w,"trained, F+M pooled",-0.13496177389819855,0.21587237533595593,-0.5580716295566722,0.28814808176027507,0.9648004355317664,False
TNMD,RNA,8,8w,"trained, F+M pooled",0.15783388134739526,0.347197667061884,-0.5226735460938973,0.8383413087886878,0.9511255793642472,False
TOP1,RNA,8,8w,"trained, F+M pooled",-0.13292805953919976,0.05625681766327176,-0.2431914221592124,-0.022664696919187113,0.6201170833688439,False
TP53INP2,RNA,8,8w,"trained, F+M pooled",0.09688967417630404,0.04292689204314889,0.012752965771732211,0.18102638258087586,0.291078882451415,False
TPPP3,RNA,8,8w,"trained, F+M pooled",-0.37149786668996343,0.11128186487697381,-0.5896103218488321,-0.15338541153109478,0.0622959757131847,False
TRAPPC1,RNA,8,8w,"trained, F+M pooled",-0.021612651831899365,0.07694324186408595,-0.17242140588550783,0.1291961022217091,0.8851364473515224,False
TRIM41,RNA,8,8w,"trained, F+M pooled",-0.05901354374520786,0.062489976428233764,-0.18149389754454603,0.06346681005413032,0.741165500933177,False
TRIOBP,RNA,8,8w,"trained, F+M pooled",-0.014139070049914607,0.05926397098036423,-0.13029645317142852,0.1020183130715993,0.9808165081262544,False
TRIP10,RNA,8,8w,"trained, F+M pooled",0.023620130220036523,0.0368409301918702,-0.048588092956029075,0.09582835339610211,0.8737832752668735,False
TTC7B,RNA,8,8w,"trained, F+M pooled",0.011126013317860284,0.038418428035658994,-0.06417410563203134,0.0864261322677519,0.9686974000464176,False
TYROBP,RNA,8,8w,"trained, F+M pooled",0.1786129480480611,0.14767183620441526,-0.11082385091259278,0.468049747008715,0.7435744013309559,False
TYW3,RNA,8,8w,"trained, F+M pooled",-0.23468326879044935,0.13008942801995915,-0.4896585477095693,0.020292010128670573,0.6078177713583565,False
UBE2M,RNA,8,8w,"trained, F+M pooled",0.059716726103010244,0.04596818759668788,-0.030380921586498,0.1498143737925185,0.8295622403838664,False
UBR7,RNA,8,8w,"trained, F+M pooled",0.006779685568466199,0.05715144582155108,-0.10523714824177391,0.1187965193787063,0.9578478340143768,False
UCKL1,RNA,8,8w,"trained, F+M pooled",0.26892561666902276,0.0520962582369824,0.16681695052453727,0.37103428281350825,0.0029162375517286,True
UHMK1,RNA,8,8w,"trained, F+M pooled",-0.0814122973925831,0.07120585282775568,-0.22097576893498425,0.05815117414981805,0.6436481310357162,False
UPP1,RNA,8,8w,"trained, F+M pooled",-0.02679798610840739,0.10868207454494493,-0.23981485221649945,0.18621887999968467,0.9882416343956456,False
USP1,RNA,8,8w,"trained, F+M pooled",-0.05293021509651924,0.07710852876904432,-0.2040629314838461,0.09820250129080763,0.833664043364678,False
VEGFB,RNA,8,8w,"trained, F+M pooled",0.269769932423789,0.06516471973287519,0.14204708174735364,0.39749278310022435,0.0791862376524316,False
VIT,RNA,8,8w,"trained, F+M pooled",0.03551054545141199,0.21125744518177023,-0.3785540471048577,0.4495751380076816,0.9511255793642472,False
WBP2,RNA,8,8w,"trained, F+M pooled",0.04010835508091827,0.05658042243610836,-0.07078927289385412,0.15100598305569066,0.7773107843364311,False
WDSUB1,RNA,8,8w,"trained, F+M pooled",-0.005582484567576711,0.09423362383003289,-0.19028038727444116,0.17911541813928775,0.8488755254229071,False
WEE1,RNA,8,8w,"trained, F+M pooled",-0.04668764843348941,0.06893862161201592,-0.18180734679304061,0.0884320499260618,0.6922825573725686,False
WFDC1,RNA,8,8w,"trained, F+M pooled",-0.1312563616038071,0.08500900434992684,-0.2978740101296637,0.035361286922049484,0.1479903021244495,False
XIRP1,RNA,8,8w,"trained, F+M pooled",-0.47851686961973566,0.18621325361245342,-0.8434948467001444,-0.11353889253932697,0.5039402079178106,False
YAF2,RNA,8,8w,"trained, F+M pooled",-0.09791889008947594,0.06804858941743842,-0.23129412534765525,0.035456345168703385,0.4756744010096603,False
YBEY,RNA,8,8w,"trained, F+M pooled",0.24721046162014979,0.10452663801536126,0.04233825111004172,0.4520826721302579,0.0482603564745911,True
YTHDC2,RNA,8,8w,"trained, F+M pooled",0.0055101340521766335,0.10724613793811742,-0.20469229630653352,0.21571256441088676,0.6081938500398071,False
YTHDF3,RNA,8,8w,"trained, F+M pooled",-0.07354832225209099,0.04822655871365082,-0.1680723773308466,0.020975732826664623,0.8097772278053088,False
YWHAE,RNA,8,8w,"trained, F+M pooled",-0.10854709298691022,0.029663310530668077,-0.16668718162701965,-0.05040700434680079,0.03681002257738,True
ZBTB18,RNA,8,8w,"trained, F+M pooled",-0.00459218554587659,0.04765542870497653,-0.09799682580763058,0.0888124547158774,0.9989250472725932,False
ZCRB1,RNA,8,8w,"trained, F+M pooled",-0.00427496219500481,0.053789237060856684,-0.10970186683428391,0.10115194244427429,0.988490897286013,False
ZFAND3,RNA,8,8w,"trained, F+M pooled",-0.0246391648936735,0.036675442274802135,-0.09652303175228569,0.047244701964938685,0.8952564748696977,False
ACAD8,PROT,1,1w,"trained, F+M pooled",0.01527960732366377,0.052404918516368075,-0.08743403296841765,0.1179932476157452,0.6749210499772152,False
ACADM,PROT,1,1w,"trained, F+M pooled",0.23895825534021273,0.047828816423400346,0.14521377515034806,0.3327027355300774,0.123191768118968,False
ACTC1,PROT,1,1w,"trained, F+M pooled",0.19053958884263492,0.17909913527619464,-0.16049471629870657,0.5415738939839764,0.7623682951008484,False
ACTN3,PROT,1,1w,"trained, F+M pooled",-0.03379494777333878,0.034710967888717116,-0.10182844483522432,0.03423854928854677,0.4278951956777335,False
ACYP1,PROT,1,1w,"trained, F+M pooled",-0.07601787693633014,0.06299709466309991,-0.19949218247600597,0.04745642860334569,0.5610881177258109,False
ACYP2,PROT,1,1w,"trained, F+M pooled",-0.0021592091101043805,0.056260336191666684,-0.11242946804577107,0.10811104982556231,0.9856907813753398,False
ADIPOQ,PROT,1,1w,"trained, F+M pooled",0.1335815935476519,0.10100917699916391,-0.06439639337070938,0.3315595804660132,0.7566379997089054,False
AEBP1,PROT,1,1w,"trained, F+M pooled",-0.19809955254160974,0.0821698839521332,-0.35915252508779083,-0.03704657999542865,0.1813403353983725,False
AGBL1,PROT,1,1w,"trained, F+M pooled",-0.09007025965974139,0.05205180907719236,-0.1920918054510384,0.011951286131555633,0.6944894625523735,False
AKR1B10,PROT,1,1w,"trained, F+M pooled",-0.09388178384017344,0.045959668589097814,-0.18396273427480514,-0.0038008334055417287,0.4108820404015137,False
AKT1S1,PROT,1,1w,"trained, F+M pooled",-0.028692529002601944,0.047329923073643136,-0.12145917822694248,0.0640741202217386,0.8410549770803171,False
ALDH1A3,PROT,1,1w,"trained, F+M pooled",-0.19325223711933237,0.08808163769797496,-0.3658922470073633,-0.02061222723130146,0.6410498453959081,False
AMPH,PROT,1,1w,"trained, F+M pooled",0.20003431404721697,0.1392196705050746,-0.07283624014272924,0.47290486823716316,0.7943364012126265,False
ANKRD49,PROT,1,1w,"trained, F+M pooled",-0.02953512817456672,0.09080856100142211,-0.20751990773735404,0.1484496513882206,0.8325029859522232,False
ANP32B,PROT,1,1w,"trained, F+M pooled",0.08514955381114282,0.043501810318869016,-0.00011399441384045417,0.17041310203612609,0.4344093435404346,False
ANXA5,PROT,1,1w,"trained, F+M pooled",-0.09787175649903834,0.05123081845302739,-0.19828416066697202,0.002540647668895335,0.6607610711397217,False
AOC3,PROT,1,1w,"trained, F+M pooled",0.004413663581685522,0.08706163339357886,-0.16622713786972906,0.1750544650331001,0.9949667869746972,False
APOD,PROT,1,1w,"trained, F+M pooled",0.396208615964855,0.18373098870013968,0.03609587811258125,0.7563213538171287,0.4322052106422022,False
APPL2,PROT,1,1w,"trained, F+M pooled",0.10644436646598535,0.08776811105113412,-0.06558113119423753,0.2784698641262082,0.5766956918225487,False
AQP1,PROT,1,1w,"trained, F+M pooled",0.10755820422856614,0.07761915444304782,-0.04457533847980759,0.25969174693693986,0.7998983939431041,False
AS3MT,PROT,1,1w,"trained, F+M pooled",-0.09386174634528,0.042505737889887894,-0.17717299260946026,-0.010550500081099728,0.2635731299635416,False
ASB15,PROT,1,1w,"trained, F+M pooled",0.017527937495675494,0.06855694987127667,-0.11684368425202676,0.15189955924337775,0.7650254050545878,False
ASPN,PROT,1,1w,"trained, F+M pooled",-0.2890524530253528,0.06365570120016717,-0.41381762737768046,-0.16428727867302517,0.1978397350500084,False
ASS1,PROT,1,1w,"trained, F+M pooled",0.0016170180996516244,0.09813451349559119,-0.1907266283517071,0.19396066455101033,0.9754116828623888,False
BASP1,PROT,1,1w,"trained, F+M pooled",-0.026795614296950578,0.062202801147759695,-0.1487131045465596,0.09512187595265842,0.8714803893476989,False
BPGM,PROT,1,1w,"trained, F+M pooled",-0.0885363592922301,0.059541890465973246,-0.20523846460553766,0.028165746021077465,0.6944894625523735,False
BSG,PROT,1,1w,"trained, F+M pooled",0.16738981998196467,0.05189160199820523,0.06568228006548242,0.2690973598984469,0.1813403353983725,False
BVES,PROT,1,1w,"trained, F+M pooled",0.13316584236792345,0.07889064045247438,-0.02145981291892632,0.2877914976547732,0.7540337245758916,False
C1R,PROT,1,1w,"trained, F+M pooled",-0.042202463923392,0.0646992140433636,-0.16901292344838464,0.08460799560160065,0.7983662557370578,False
C3,PROT,1,1w,"trained, F+M pooled",-0.03528204258591807,0.1569312569959577,-0.3428673062979951,0.272303221126159,0.5848362132849927,False
C6orf136,PROT,1,1w,"trained, F+M pooled",0.17176726881993795,0.06424468884393973,0.04584767868581607,0.29768685895405983,0.514564985930445,False
CAB39L,PROT,1,1w,"trained, F+M pooled",-0.015632796602044873,0.0401041308933539,-0.09423689315301852,0.06297129994892876,0.8173462849401468,False
CALCOCO1,PROT,1,1w,"trained, F+M pooled",-0.05456177411702388,0.04651938301805574,-0.14573976483241313,0.03661621659836537,0.7998983939431041,False
CALM3,PROT,1,1w,"trained, F+M pooled",-0.1312822468151757,0.1455868021762514,-0.4166323790806284,0.154067885450277,0.714187606107197,False
CAMK2B,PROT,1,1w,"trained, F+M pooled",-0.016565225682525175,0.029481800840048755,-0.07434955532902074,0.04121910396397038,0.89339869924525,False
CAMK2G,PROT,1,1w,"trained, F+M pooled",0.1301674852431382,0.07606785357481258,-0.018925507763494442,0.27926047824977085,0.5893230012479161,False
CAP1,PROT,1,1w,"trained, F+M pooled",-0.016853458558019487,0.05006579245532315,-0.11498241177045287,0.08127549465441389,0.8497701041596321,False
CAPZB,PROT,1,1w,"trained, F+M pooled",0.0791900747183721,0.07750084468266236,-0.07271158085964612,0.2310917302963903,0.7584496799226923,False
CARM1,PROT,1,1w,"trained, F+M pooled",0.06528863199175763,0.0555155142037524,-0.04352177584759706,0.17409903983111233,0.5748706596584547,False
CARNS1,PROT,1,1w,"trained, F+M pooled",0.07221842186090005,0.04519313794489696,-0.016360128511097985,0.16079697223289807,0.7581572276415547,False
CDC37L1,PROT,1,1w,"trained, F+M pooled",0.018699575453815266,0.03401635394367685,-0.047972478275791354,0.0853716291834219,0.825858428064156,False
CEBPG,PROT,1,1w,"trained, F+M pooled",0.32925071331213174,0.15265674098523693,0.03004350098106734,0.6284579256431961,0.4100183809983385,False
CENPV,PROT,1,1w,"trained, F+M pooled",0.027774270076720977,0.043148550366617765,-0.05679688864184984,0.1123454287952918,0.8041265759718357,False
CES1,PROT,1,1w,"trained, F+M pooled",-0.023029747417642174,0.07379378685783099,-0.16766556965899093,0.12160607482370657,0.7771119726617971,False
CFD,PROT,1,1w,"trained, F+M pooled",-0.06664011211721713,0.056390722906163974,-0.17716592901329853,0.04388570477886426,0.7323473922463247,False
CHAC2,PROT,1,1w,"trained, F+M pooled",-0.23518472351129835,0.08639847588608578,-0.40452573624802646,-0.06584371077457024,0.3278030647924695,False
CHCHD10,PROT,1,1w,"trained, F+M pooled",0.1484048082204237,0.06324667936163263,0.02444131667162376,0.27236829976922367,0.3797678574861126,False
CHP1,PROT,1,1w,"trained, F+M pooled",0.015120363252999593,0.09257061012260992,-0.16631803258731584,0.19655875909331502,0.9710276908903732,False
CHUK,PROT,1,1w,"trained, F+M pooled",0.0918328697569297,0.07773122393989387,-0.06052032916526229,0.24418606867912168,0.6122795188412318,False
CISD1,PROT,1,1w,"trained, F+M pooled",0.010955863426457798,0.06728429030776709,-0.1209213455767657,0.1428330724296813,0.6748135335131971,False
CKB,PROT,1,1w,"trained, F+M pooled",-0.02203874171373865,0.04923887494301255,-0.11854693660204325,0.07446945317456595,0.9189140655223988,False
CLASP1,PROT,1,1w,"trained, F+M pooled",-0.03671967369071193,0.033866692931569464,-0.10309839183658809,0.029659044455164214,0.6475062282982139,False
CLPTM1,PROT,1,1w,"trained, F+M pooled",-0.10741636695134549,0.07427692158477163,-0.2529991332574979,0.038166399354806896,0.1596035372330077,False
CLU,PROT,1,1w,"trained, F+M pooled",-0.1439063827970415,0.08828189005314216,-0.3169388873012001,0.029126121707117147,0.6133328191482396,False
CMC1,PROT,1,1w,"trained, F+M pooled",0.17199130589436273,0.05186728051890565,0.07033143607730766,0.27365117571141784,0.2354013023135124,False
CNN1,PROT,1,1w,"trained, F+M pooled",0.07522271857908529,0.29066374249572885,-0.4944782167125433,0.6449236538707138,0.9091054894038688,False
COL5A2,PROT,1,1w,"trained, F+M pooled",0.17273342708448627,0.2593415273355877,-0.3355759664932656,0.6810428206622381,0.8271787860719839,False
COL6A6,PROT,1,1w,"trained, F+M pooled",0.2709333343351521,0.11777202204742165,0.04010017112220565,0.5017664975480985,0.4088040259505077,False
CORO1C,PROT,1,1w,"trained, F+M pooled",-0.03473967383616496,0.04681590076066582,-0.12649883932706998,0.05701949165474005,0.8691256068013421,False
CPE,PROT,1,1w,"trained, F+M pooled",-0.013211112730107614,0.08382914938634427,-0.17751624552734238,0.15109402006712716,0.766170374798172,False
DBNDD2,PROT,1,1w,"trained, F+M pooled",0.07444975114317164,0.066918596274941,-0.056710697555712716,0.20561019984205597,0.7272058577619692,False
DDX39A,PROT,1,1w,"trained, F+M pooled",0.0636602722886631,0.04924397160021004,-0.03285791204774857,0.16017845662507477,0.676676407417582,False
DGKZ,PROT,1,1w,"trained, F+M pooled",0.07831980477662778,0.06179050094578649,-0.04278957707711373,0.1994291866303693,0.73862208554046,False
DNAJA1,PROT,1,1w,"trained, F+M pooled",0.01977220358372468,0.045161632956770593,-0.06874459701154569,0.10828900417899505,0.8779819581924563,False
DNAJA4,PROT,1,1w,"trained, F+M pooled",0.05085051811302328,0.048161744941550906,-0.043546501972416496,0.14524753819846306,0.3634047128264352,False
DOK7,PROT,1,1w,"trained, F+M pooled",-0.02796946567441818,0.07348185901182254,-0.17199390933759037,0.116054977988754,0.681160057003886,False
DPH3,PROT,1,1w,"trained, F+M pooled",0.07874083012146639,0.11733127958535829,-0.15122847786583582,0.30871013810876863,0.6304825913850709,False
DPYSL2,PROT,1,1w,"trained, F+M pooled",0.04047943565874236,0.04813655209636026,-0.053868206450123746,0.13482707776760847,0.5637536186009434,False
DYNLL1,PROT,1,1w,"trained, F+M pooled",-0.16038087081367497,0.10627800931850045,-0.3686857690779358,0.04792402745058591,0.4693378050620361,False
EEF1A2,PROT,1,1w,"trained, F+M pooled",-0.04357130859566877,0.04219177670818864,-0.1262671909437185,0.03912457375238096,0.6309798399765278,False
EEF1B2,PROT,1,1w,"trained, F+M pooled",0.018223632875071526,0.0714622309026611,-0.12184233969414421,0.15828960544428727,0.485960440932744,False
EFEMP1,PROT,1,1w,"trained, F+M pooled",-0.07424069280429946,0.05959903913493403,-0.19105480950877016,0.04257342390017124,0.7584496799226923,False
EFHD1,PROT,1,1w,"trained, F+M pooled",-0.2095268791617018,0.2917943702761301,-0.7814438449029167,0.3623900865795132,0.7780537481524097,False
EHBP1,PROT,1,1w,"trained, F+M pooled",-0.13826189040793346,0.06818774592131796,-0.27190987241371667,-0.0046139084021502574,0.123191768118968,False
EHBP1L1,PROT,1,1w,"trained, F+M pooled",-0.07315163401367053,0.031100585188606998,-0.13410878098334025,-0.012194487044000814,0.2366052484511183,False
EIF3G,PROT,1,1w,"trained, F+M pooled",-0.002049276591923366,0.04366695011953596,-0.08763649882621384,0.08353794564236712,0.9425828704142888,False
EIF4EBP1,PROT,1,1w,"trained, F+M pooled",0.01236929631366791,0.07228994815478765,-0.1293190020697159,0.1540575946970517,0.9865622156022112,False
FABP4,PROT,1,1w,"trained, F+M pooled",0.1359844961653951,0.05376197625313156,0.030611022709257238,0.24135796962153294,0.3278030647924695,False
FBLN2,PROT,1,1w,"trained, F+M pooled",-0.02788743613082041,0.04857681277501259,-0.12309798916984509,0.06732311690820426,0.680058215018896,False
FBXO40,PROT,1,1w,"trained, F+M pooled",0.04029024806350291,0.03285703055461237,-0.02410953182353734,0.10469002795054316,0.769334289411749,False
FBXO6,PROT,1,1w,"trained, F+M pooled",-0.060940812533696744,0.044446173937580505,-0.14805531345135453,0.02617368838396105,0.6579261943260551,False
FEZ2,PROT,1,1w,"trained, F+M pooled",0.01544889783249663,0.041615449390620105,-0.06611738297311877,0.09701517863811203,0.5262326378451216,False
FGL2,PROT,1,1w,"trained, F+M pooled",0.1177374148421281,0.09812654655531002,-0.07459061640627954,0.31006544609053577,0.4407795299366026,False
FHIT,PROT,1,1w,"trained, F+M pooled",-0.017660423453255088,0.06273558576119467,-0.14062217154519666,0.10530132463868647,0.5555700400621046,False
FHOD3,PROT,1,1w,"trained, F+M pooled",0.009135039592499821,0.050596099018937905,-0.09003331448461847,0.10830339366961812,0.7021909936004133,False
FKBP1A,PROT,1,1w,"trained, F+M pooled",0.09574267184041184,0.08242211211910812,-0.06580466791304006,0.2572900115938637,0.6664188100381784,False
FKBP5,PROT,1,1w,"trained, F+M pooled",0.20936682414426705,0.051721617827129245,0.10799245320309374,0.31074119508544035,0.1853943583514843,False
GBF1,PROT,1,1w,"trained, F+M pooled",-0.057390492934278635,0.034219097284359755,-0.12445992361162375,0.009678937743066489,0.3316110650347028,False
GBP3,PROT,1,1w,"trained, F+M pooled",0.0468041636680112,0.16057381688621614,-0.2679205174289724,0.3615288447649948,0.8368200931287305,False
GCA,PROT,1,1w,"trained, F+M pooled",0.049081968282923896,0.1026041261377326,-0.152022118947032,0.2501860555128798,0.9420561125664187,False
GCLM,PROT,1,1w,"trained, F+M pooled",-0.0227164850494917,0.05334420360918358,-0.1272711241234915,0.08183815402450811,0.8629221202613808,False
GDA,PROT,1,1w,"trained, F+M pooled",-0.06113154004034476,0.061379981130451906,-0.1814363030560305,0.05917322297534098,0.6954439900031605,False
GLYR1,PROT,1,1w,"trained, F+M pooled",0.11498957032232042,0.07664724479930649,-0.0352390294843203,0.26521817012896115,0.6802569547537964,False
GPAM,PROT,1,1w,"trained, F+M pooled",0.01009395173028356,0.05073839750315819,-0.0893533073759065,0.10954121083647361,0.9230826835982028,False
GPCPD1,PROT,1,1w,"trained, F+M pooled",0.1031728458152445,0.06214128680586772,-0.018624076324256222,0.22496976795474521,0.7584496799226923,False
GSTM1,PROT,1,1w,"trained, F+M pooled",-0.1287480744892643,0.05696639320358291,-0.2404022051682868,-0.017093943810241805,0.4088040259505077,False
GSTM2,PROT,1,1w,"trained, F+M pooled",-0.11900608600147707,0.060921701315736036,-0.2384126205803197,0.0004004485773655697,0.4297540650950648,False
GSTM4,PROT,1,1w,"trained, F+M pooled",-0.07078575789910777,0.04794747732694709,-0.16476281345992405,0.023191297661708535,0.7185879134850296,False
GTF2I,PROT,1,1w,"trained, F+M pooled",0.03197652442461263,0.04595191815538141,-0.05808923515993493,0.12204228400916019,0.7006955855901414,False
GUF1,PROT,1,1w,"trained, F+M pooled",0.023210793284595833,0.04651785049037716,-0.06796419367654341,0.11438578024573506,0.7998983939431041,False
GYS1,PROT,1,1w,"trained, F+M pooled",0.06016016970760067,0.03922738455724534,-0.016725504024600185,0.13704584343980153,0.4407795299366026,False
H3-3B,PROT,1,1w,"trained, F+M pooled",0.24370268964575947,0.15056764796133146,-0.05140990035845017,0.5388152796499691,0.29248929164166,False
HOMER2,PROT,1,1w,"trained, F+M pooled",0.06230544834697718,0.06000574160441657,-0.05530580519767929,0.17991670189163367,0.4297540650950648,False
HSF1,PROT,1,1w,"trained, F+M pooled",0.0051100904489318364,0.06357280270342429,-0.11949260284977976,0.12971278374764345,0.6904921572531576,False
HSPA1B,PROT,1,1w,"trained, F+M pooled",0.006822884427464636,0.12550054924550824,-0.23915819209373151,0.2528039609486608,0.6504894057211663,False
HSPA2,PROT,1,1w,"trained, F+M pooled",0.09987866780913826,0.057440317132628586,-0.012704353770813762,0.21246168938909027,0.1813403353983725,False
HSPB6,PROT,1,1w,"trained, F+M pooled",0.33181842350510543,0.07367250344060847,0.18742031676151283,0.47621653024869803,0.0198307565450223,True
IDH3A,PROT,1,1w,"trained, F+M pooled",0.07006934344843857,0.05347071953294684,-0.03473326683613723,0.17487195373301437,0.7584496799226923,False
IGFBP6,PROT,1,1w,"trained, F+M pooled",-0.2566617594674883,0.09882526278786916,-0.4503592745317119,-0.06296424440326479,0.5724326100424131,False
IRF2BPL,PROT,1,1w,"trained, F+M pooled",0.08255524998864235,0.12827415388587562,-0.1688620916276739,0.33397259160495857,0.9140333878444096,False
ITGB6,PROT,1,1w,"trained, F+M pooled",-0.07306286302307571,0.06487788851404015,-0.20022352451059441,0.05409779846444299,0.7429282418548477,False
ITIH3,PROT,1,1w,"trained, F+M pooled",-0.08348855985162622,0.1332148505255536,-0.3445896668817113,0.1776125471784588,0.5431299025410011,False
ITIH4,PROT,1,1w,"trained, F+M pooled",0.04696096602221218,0.1641953294289034,-0.2748618796584385,0.36878381170286284,0.4432931320127349,False
KCNJ11,PROT,1,1w,"trained, F+M pooled",-0.007841191560306092,0.05583871427188436,-0.11728507153319943,0.10160268841258725,0.7523028432098995,False
KCNJ2,PROT,1,1w,"trained, F+M pooled",0.04081411868655528,0.09755151635705643,-0.15038685337327534,0.23201509074638588,0.6304825913850709,False
KCTD9,PROT,1,1w,"trained, F+M pooled",0.3478418951866959,0.23353602649794222,-0.10988871674927086,0.8055725071226627,0.4402505375499853,False
KIF5B,PROT,1,1w,"trained, F+M pooled",-0.04872365170052989,0.04015693233865089,-0.12743123908428564,0.029983935683225854,0.8252091223950393,False
KLHL40,PROT,1,1w,"trained, F+M pooled",-0.30789003023155503,0.07860433388303979,-0.461954524642313,-0.15382553582079705,0.3222387072659824,False
KPNA1,PROT,1,1w,"trained, F+M pooled",-0.017424099801696343,0.03860920624189154,-0.09309814403580377,0.05824994443241108,0.8718719887942277,False
KRT31,PROT,1,1w,"trained, F+M pooled",-0.10449821791611989,0.36773440925119716,-0.8252576600484663,0.6162612242162265,0.9589021569482994,False
LCP1,PROT,1,1w,"trained, F+M pooled",-0.11429487619861042,0.05150560183315037,-0.21524585579158517,-0.013343896605635688,0.5748706596584547,False
LGALS1,PROT,1,1w,"trained, F+M pooled",-0.050762556920395066,0.043460748113219295,-0.13594562322230488,0.03442050938151475,0.7677730063887401,False
LPIN1,PROT,1,1w,"trained, F+M pooled",0.19415270201896945,0.05074972265909574,0.0946832456071418,0.2936221584307971,0.0864513026291757,False
LYZ,PROT,1,1w,"trained, F+M pooled",-0.2016207583805846,0.13761143213893137,-0.4713391653728901,0.06809764861172088,0.7742147350785479,False
MAOA,PROT,1,1w,"trained, F+M pooled",-0.007313213280002526,0.04566484668896249,-0.09681631279036901,0.08218988623036397,0.8588387997721209,False
MAP1LC3B,PROT,1,1w,"trained, F+M pooled",0.0898890177755217,0.15491274335899768,-0.21373995920811373,0.39351799475915716,0.8326152342370315,False
MAP2K3,PROT,1,1w,"trained, F+M pooled",0.1389922566304512,0.04454085919008748,0.05169217261787974,0.22629234064302267,0.2635731299635416,False
MAPRE3,PROT,1,1w,"trained, F+M pooled",0.005859129393706028,0.053870507777438854,-0.09972706585007413,0.11144532463748619,0.7397914018289694,False
METTL21C,PROT,1,1w,"trained, F+M pooled",-0.14135904224438628,0.0742692151780144,-0.28692670399329445,0.004208619504521921,0.2087709228933536,False
METTL7A,PROT,1,1w,"trained, F+M pooled",-0.2548763516713884,0.10989031024031333,-0.4702613597424025,-0.03949134360037426,0.1941333738526012,False
MFAP5,PROT,1,1w,"trained, F+M pooled",0.21067013486921052,0.11828708924785433,-0.021172560056583967,0.442512829795005,0.2269298309070107,False
MFN1,PROT,1,1w,"trained, F+M pooled",0.10149906573346533,0.04496148304202956,0.0133745589710874,0.18962357249584327,0.4433131150787673,False
MGST1,PROT,1,1w,"trained, F+M pooled",-0.11474780683523601,0.28211781074474157,-0.6676987158949295,0.43820310222445746,0.9093625068208936,False
MICU1,PROT,1,1w,"trained, F+M pooled",0.03867166827209877,0.06345284648847056,-0.08569591084530354,0.16303924738950107,0.8252091223950393,False
MIF,PROT,1,1w,"trained, F+M pooled",-0.031170507046514122,0.044425656028670206,-0.11824479286270773,0.055903778769679474,0.8230676592601128,False
MRPL4,PROT,1,1w,"trained, F+M pooled",0.07515181802256071,0.06548030575257263,-0.05318958125248163,0.20349321729760306,0.4487829016422199,False
MRPL48,PROT,1,1w,"trained, F+M pooled",0.06530999856757436,0.06431895739156118,-0.06075515791988556,0.19137515505503427,0.8333036278031977,False
MRPS6,PROT,1,1w,"trained, F+M pooled",0.03482029574682234,0.0635449124699045,-0.08972773269419047,0.15936832418783514,0.9059599762288842,False
MSRA,PROT,1,1w,"trained, F+M pooled",0.07070278644677046,0.06765282122609995,-0.06189674315638542,0.20330231604992632,0.8186585222864122,False
MSRB2,PROT,1,1w,"trained, F+M pooled",0.13977720007309707,0.05344381083402925,0.03502733083839975,0.2445270693077944,0.3525259003717225,False
MT2A,PROT,1,1w,"trained, F+M pooled",-0.016846313249421534,0.25611053476649615,-0.518822961391754,0.4851303348929109,0.7618354799713265,False
MYBPH,PROT,1,1w,"trained, F+M pooled",0.22095680658782618,0.0946578918502798,0.03542733856127778,0.4064862746143746,0.3620772296475704,False
MYH3,PROT,1,1w,"trained, F+M pooled",0.06718368004769176,0.10209272115120979,-0.13291805340867943,0.267285413504063,0.7555651836832622,False
MYH8,PROT,1,1w,"trained, F+M pooled",0.09575194442029325,0.057878533126915814,-0.01768998050846174,0.20919386934904824,0.549548066662648,False
MYOM1,PROT,1,1w,"trained, F+M pooled",0.0007051835253569896,0.032366073256857586,-0.06273232005808388,0.06414268710879786,0.9867869932150888,False
MYPN,PROT,1,1w,"trained, F+M pooled",0.09660725810704725,0.04082511534736833,0.01659003202620532,0.17662448418788917,0.336132704824634,False
NAMPT,PROT,1,1w,"trained, F+M pooled",-0.04002683959232103,0.04892656944849918,-0.1359229157113794,0.05586923652673736,0.8521083998516005,False
NCEH1,PROT,1,1w,"trained, F+M pooled",0.1184043976566854,0.06469239981870883,-0.008392705987983917,0.2452015013013547,0.7356573845998734,False
NDUFAF1,PROT,1,1w,"trained, F+M pooled",0.06317493907626497,0.05762144965671935,-0.04976310225090495,0.17611298040343487,0.7243715769945307,False
NDUFB8,PROT,1,1w,"trained, F+M pooled",-0.016150230289302434,0.06255120669486519,-0.13875059541123821,0.10645013483263334,0.5837285786781518,False
NEDD1,PROT,1,1w,"trained, F+M pooled",-0.05152208487327558,0.06798549142673696,-0.18477364806968002,0.08172947832312885,0.8610312977909886,False
NFIC,PROT,1,1w,"trained, F+M pooled",-0.056295439401608534,0.07983717086456261,-0.21277629429615125,0.1001854154929342,0.8477362209104459,False
NKIRAS2,PROT,1,1w,"trained, F+M pooled",0.06738348572172503,0.08903025344080419,-0.10711581102225118,0.24188278246570125,0.7677730063887401,False
NMRK2,PROT,1,1w,"trained, F+M pooled",-0.4802060779548867,0.15798264711096643,-0.7898520662923809,-0.1705600896173925,0.1456835205163243,False
NQO2,PROT,1,1w,"trained, F+M pooled",-0.015246272726634846,0.03907527441384857,-0.09183381057777804,0.06134126512450835,0.9589901599589372,False
NUCB1,PROT,1,1w,"trained, F+M pooled",0.008272357734367608,0.034251369553894566,-0.05886032659126574,0.07540504206000095,0.9349878010371192,False
NUDT3,PROT,1,1w,"trained, F+M pooled",0.033315489226183145,0.035075795140809905,-0.03543306924980427,0.10206404770217056,0.7799803502047103,False
NUDT6,PROT,1,1w,"trained, F+M pooled",-0.07750305224848597,0.09928795913975838,-0.2721074521624124,0.11710134766544045,0.9017032342645572,False
OGDH,PROT,1,1w,"trained, F+M pooled",0.13482075689558548,0.06265576543603704,0.012015456640952882,0.2576260571502181,0.6804649772731747,False
ORAI1,PROT,1,1w,"trained, F+M pooled",-0.021680029117715733,0.07987495879575654,-0.17823494835739856,0.13487489012196707,0.680058215018896,False
OXNAD1,PROT,1,1w,"trained, F+M pooled",0.14058811615798006,0.05196231823210909,0.03874197242304625,0.24243425989291387,0.485960440932744,False
PARVB,PROT,1,1w,"trained, F+M pooled",-0.014412813237295118,0.04946985167463078,-0.11137372251957145,0.0825480960449812,0.9526001067663508,False
PDK4,PROT,1,1w,"trained, F+M pooled",0.15074525810181724,0.07927149788340736,-0.004626877749661168,0.3061173939532956,0.508824795015835,False
PFKFB3,PROT,1,1w,"trained, F+M pooled",-0.028636580831931623,0.0815925080546539,-0.18855789661905328,0.13128473495519002,0.7677730063887401,False
PHF5A,PROT,1,1w,"trained, F+M pooled",-0.011973581086093879,0.06058414591557728,-0.13071850708062535,0.1067713449084376,0.9497925249133748,False
PHLDA3,PROT,1,1w,"trained, F+M pooled",-0.04059768204372409,0.048406519336343636,-0.13547445994295762,0.05427909585550944,0.5096185195982388,False
PHYHD1,PROT,1,1w,"trained, F+M pooled",-0.024885460443989867,0.08323378444753138,-0.18802367796115138,0.13825275707317164,0.8349838648943503,False
PIGS,PROT,1,1w,"trained, F+M pooled",-0.07840737168511026,0.07082014110008958,-0.21721484824128584,0.0604001048710653,0.3525259003717225,False
PJA2,PROT,1,1w,"trained, F+M pooled",0.10624959370241027,0.07319763296296186,-0.03721776690499498,0.24971695430981553,0.7243715769945307,False
PKM,PROT,1,1w,"trained, F+M pooled",0.06019506848859454,0.047359690543806704,-0.0326299249772666,0.15302006195445567,0.5111791851527363,False
PLA2G2A,PROT,1,1w,"trained, F+M pooled",0.10773460189239449,0.2458640962350465,-0.37415902672829665,0.5896282305130857,0.4913220851832312,False
PLGRKT,PROT,1,1w,"trained, F+M pooled",-0.04688894423660468,0.0771533858500862,-0.1981095805027736,0.10433169202956426,0.5122256474616438,False
PLIN1,PROT,1,1w,"trained, F+M pooled",-0.22204152522523535,0.1924733738829244,-0.5992893380357671,0.15520628758529648,0.6626602519327275,False
PLIN4,PROT,1,1w,"trained, F+M pooled",0.17308812726158113,0.04040592967723309,0.09389250509420427,0.252283749428958,0.0535718096362924,False
PPIF,PROT,1,1w,"trained, F+M pooled",0.246867286333026,0.059898761243262225,0.12946571429623205,0.3642688583698199,0.123191768118968,False
PPIG,PROT,1,1w,"trained, F+M pooled",0.011025329601571458,0.07013651762109334,-0.12644224493577147,0.1484929041389144,0.9520543277940612,False
PPP3R1,PROT,1,1w,"trained, F+M pooled",0.04729828103435078,0.06169813774590576,-0.0736300689476245,0.16822663101632607,0.8677947792572682,False
PRKAR2B,PROT,1,1w,"trained, F+M pooled",-0.18731971701538255,0.10922968264920677,-0.4014098950078278,0.026770460977062704,0.7243715769945307,False
PRMT3,PROT,1,1w,"trained, F+M pooled",0.005296939533870642,0.0492177236608365,-0.0911697988413689,0.10176367790911019,0.986880724308364,False
PTER,PROT,1,1w,"trained, F+M pooled",0.21695177175306724,0.1592208902214524,-0.09512117308097945,0.5290247165871139,0.7799803502047103,False
RARRES2,PROT,1,1w,"trained, F+M pooled",-0.08717150559480501,0.06428060034045978,-0.21316148226210618,0.038818471072496155,0.7788015513422277,False
RBMXL1,PROT,1,1w,"trained, F+M pooled",-0.006452515311053395,0.03490914432983339,-0.07487443819752684,0.06196940757542005,0.9020756295996568,False
RBP4,PROT,1,1w,"trained, F+M pooled",-0.3014171124711618,0.1144943065280171,-0.5258259532660754,-0.0770082716762483,0.5582121868585777,False
RPAP3,PROT,1,1w,"trained, F+M pooled",0.011401525102631647,0.06618696274802334,-0.11832492188349408,0.14112797208875738,0.9592838934872764,False
RPL3,PROT,1,1w,"trained, F+M pooled",-0.19532642120997276,0.04895418549664684,-0.29127662478340055,-0.09937621763654496,0.3175495810280367,False
RPN1,PROT,1,1w,"trained, F+M pooled",-0.05687083502479587,0.053737578614835024,-0.1621964891098725,0.04845481906028078,0.2939837770358951,False
RPS3,PROT,1,1w,"trained, F+M pooled",-0.017005904003414205,0.062177024608683414,-0.1388728722364337,0.10486106422960528,0.8507859329926621,False
RPUSD4,PROT,1,1w,"trained, F+M pooled",-0.06288197361900043,0.09755048662621803,-0.25408092740638777,0.12831698016838688,0.7614050296617402,False
RTN2,PROT,1,1w,"trained, F+M pooled",-0.18454840681417647,0.08036098849233286,-0.34205594425914887,-0.02704086936920408,0.0631849147509124,False
RXRG,PROT,1,1w,"trained, F+M pooled",0.10823473433262235,0.05145326993652204,0.007386325257039139,0.20908314340820555,0.6964717086708426,False
S100A1,PROT,1,1w,"trained, F+M pooled",-0.2826756724988631,0.13271494953006405,-0.5427969735777887,-0.022554371419937602,0.5251471119159532,False
S100A4,PROT,1,1w,"trained, F+M pooled",-0.1707515188080051,0.09382448378085904,-0.3546475070184888,0.013144469402478626,0.6804649772731747,False
S100A8,PROT,1,1w,"trained, F+M pooled",-0.14652950237509937,0.17185084388748478,-0.48335715639456955,0.1902981516443708,0.5610881177258109,False
S100A9,PROT,1,1w,"trained, F+M pooled",0.11989294701083619,0.2400765963602468,-0.3506571818552475,0.5904430758769199,0.5824887552699977,False
SCN4B,PROT,1,1w,"trained, F+M pooled",0.0713321652647234,0.06491523980247442,-0.05590170474812646,0.19856603527757327,0.7323473922463247,False
SCRN1,PROT,1,1w,"trained, F+M pooled",-0.02877504982027538,0.08399593446394256,-0.19340708136960277,0.13585698172905203,0.7998983939431041,False
SF3A3,PROT,1,1w,"trained, F+M pooled",-0.04163460085040916,0.03438407122173355,-0.10902738044500693,0.0257581787441886,0.7998983939431041,False
SHISA4,PROT,1,1w,"trained, F+M pooled",-0.15119557599935307,0.10472440131147753,-0.35645540256984903,0.05406425057114289,0.6530455777300079,False
SLC16A1,PROT,1,1w,"trained, F+M pooled",0.1909217387889217,0.058589079427615764,0.07608714311079481,0.30575633446704864,0.1746927046560878,False
SLC25A25,PROT,1,1w,"trained, F+M pooled",0.09605202177799205,0.14538183497587304,-0.1888963747747191,0.3810004183307032,0.8159434081004341,False
SLC2A4,PROT,1,1w,"trained, F+M pooled",0.25812452924746143,0.06498771334541625,0.13074861109044558,0.3855004474044773,0.073306877329531,False
SMAP1,PROT,1,1w,"trained, F+M pooled",-0.0073635133908325715,0.06100708502904634,-0.12693740004776338,0.11221037326609824,0.6073861911364027,False
SS18L1,PROT,1,1w,"trained, F+M pooled",-0.09335685913599785,0.08642413694375121,-0.26274816754575026,0.07603444927375454,0.8266331372198424,False
STRN4,PROT,1,1w,"trained, F+M pooled",0.023878788728363284,0.08376683342568479,-0.14030420478597888,0.18806178224270548,0.9643288768296144,False
TFRC,PROT,1,1w,"trained, F+M pooled",0.5390557066490044,0.08013716790182521,0.381986857561427,0.6961245557365818,0.001313751708488,True
THOC3,PROT,1,1w,"trained, F+M pooled",0.04637903529728845,0.048426944782917675,-0.0485377764772302,0.1412958470718071,0.80647590188935,False
TM9SF4,PROT,1,1w,"trained, F+M pooled",-0.08725726433910282,0.10304383775069888,-0.2892231863304726,0.11470865765226697,0.7815366763644157,False
TMSB4X,PROT,1,1w,"trained, F+M pooled",1.0298039607477034,0.5390363399359349,-0.026707265526729085,2.086315187022136,0.2383986983084834,False
TNMD,PROT,1,1w,"trained, F+M pooled",-0.41486884170718075,0.17313961500071626,-0.7542224871085845,-0.07551519630577691,0.5194500633654319,False
TOP1,PROT,1,1w,"trained, F+M pooled",0.09497456150838719,0.04599717033288964,0.004820107655923486,0.1851290153608509,0.2366052484511183,False
TPPP3,PROT,1,1w,"trained, F+M pooled",0.10351522406925341,0.07332564567797939,-0.040203041459586183,0.247233489598093,0.5637536186009434,False
TRAPPC1,PROT,1,1w,"trained, F+M pooled",0.07469599088943576,0.050414703626381646,-0.024116828218272254,0.1735088099971438,0.7584496799226923,False
TRIOBP,PROT,1,1w,"trained, F+M pooled",0.02214253517818729,0.03538713943477612,-0.04721625811397391,0.09150132847034849,0.6005312857040093,False
TRIP10,PROT,1,1w,"trained, F+M pooled",-0.04150393503120843,0.03336322110282024,-0.1068958483927361,0.023887978330319234,0.7317499966733917,False
TTC7B,PROT,1,1w,"trained, F+M pooled",-0.08647842269696805,0.08582415351002486,-0.25469376357661677,0.08173691818268065,0.8353884421398589,False
TYW3,PROT,1,1w,"trained, F+M pooled",-0.10075185385427843,0.07333983964563814,-0.24449793955972918,0.04299423185117232,0.5145778020939723,False
UBE2M,PROT,1,1w,"trained, F+M pooled",-0.025416958842931353,0.08819094347966096,-0.19827120806306683,0.14743729037720413,0.9649924907121468,False
UBR7,PROT,1,1w,"trained, F+M pooled",0.1244734590582216,0.24551546310817401,-0.35673684863379945,0.6056837667502426,0.8882010884140291,False
UCKL1,PROT,1,1w,"trained, F+M pooled",0.07509590111115708,0.05768081471994421,-0.03795849573993358,0.18815029796224775,0.3729054006383898,False
UPP1,PROT,1,1w,"trained, F+M pooled",-0.02564504731736079,0.06048885584679268,-0.14420320477707443,0.09291311014235286,0.9124222910760807,False
VEGFB,PROT,1,1w,"trained, F+M pooled",-0.13378439791859195,0.1398279859341879,-0.40784725034960023,0.14027845451241636,0.8680864750196656,False
WBP2,PROT,1,1w,"trained, F+M pooled",-0.05967370613009079,0.04024697849977743,-0.13855778398965457,0.019210371729472972,0.6804649772731747,False
WDSUB1,PROT,1,1w,"trained, F+M pooled",-0.08277159299783775,0.0836322576746094,-0.24669081804007215,0.08114763204439666,0.5632917603374218,False
WFDC1,PROT,1,1w,"trained, F+M pooled",-0.014923130175339559,0.10744821927100259,-0.22552163994650462,0.1956753795958255,0.6025659978835343,False
XIRP1,PROT,1,1w,"trained, F+M pooled",-0.7651335907202114,0.10406925178232161,-0.9691093242135618,-0.561157857226861,0.0038099705963631,True
YTHDC2,PROT,1,1w,"trained, F+M pooled",-0.08929942613148327,0.04613332239069036,-0.17972073801723637,0.0011218857542698302,0.7284262435399671,False
YTHDF3,PROT,1,1w,"trained, F+M pooled",0.0710920052221379,0.04461727610895522,-0.016357855951414313,0.15854186639569012,0.6475062282982139,False
YWHAE,PROT,1,1w,"trained, F+M pooled",-0.040868614954667606,0.07433574019817443,-0.1865666657430895,0.10482943583375427,0.6073861911364027,False
ACAD8,PROT,2,2w,"trained, F+M pooled",0.05754334441383881,0.05240491851636781,-0.0451702958782421,0.1602569847059197,0.7937099372269332,False
ACADM,PROT,2,2w,"trained, F+M pooled",0.3098122972462966,0.047828816423400304,0.21606781705643202,0.4035567774361612,0.0151186264233088,True
ACTC1,PROT,2,2w,"trained, F+M pooled",0.3763220708134928,0.17909913527619442,0.02528776567215174,0.7273563759548338,0.5254085495170436,False
ACTN3,PROT,2,2w,"trained, F+M pooled",-0.011846338013653276,0.034710967888717026,-0.07987983507553864,0.05618715904823209,0.8696005719650556,False
ACYP1,PROT,2,2w,"trained, F+M pooled",-0.13475154457476976,0.06299709466309983,-0.25822585011444543,-0.011277239035094103,0.3390351210909546,False
ACYP2,PROT,2,2w,"trained, F+M pooled",-0.035892336138103664,0.056260336191667,-0.146162595073771,0.07437792279756365,0.4479557336626535,False
ADIPOQ,PROT,2,2w,"trained, F+M pooled",0.010591471129422162,0.10100917699916691,-0.18738651578894497,0.20856945804778929,0.7749048527710388,False
AEBP1,PROT,2,2w,"trained, F+M pooled",-0.1328837686825491,0.08216988395213305,-0.2939367412287299,0.02816920386363167,0.5006604230490133,False
AGBL1,PROT,2,2w,"trained, F+M pooled",-0.17486361651218027,0.052051809077192285,-0.27688516230347715,-0.07284207072088339,0.1963202552389366,False
AKR1B10,PROT,2,2w,"trained, F+M pooled",-0.10302545807638917,0.04595966858909781,-0.19310640851102087,-0.012944507641757474,0.3471429327536801,False
AKT1S1,PROT,2,2w,"trained, F+M pooled",0.036126158549557044,0.047329923073642935,-0.056640490674783106,0.1288928077738972,0.7721743587511888,False
ALDH1A3,PROT,2,2w,"trained, F+M pooled",-0.28385853211650197,0.08808163769797492,-0.45649854200453277,-0.11121852222847114,0.3227429064435254,False
AMPH,PROT,2,2w,"trained, F+M pooled",0.22177245078674052,0.1392196705050741,-0.05109810340320475,0.4946430049766858,0.7069684510172498,False
ANKRD49,PROT,2,2w,"trained, F+M pooled",-0.062601023189284,0.09080856100142191,-0.24058580275207092,0.11538375637350294,0.8704735719117158,False
ANP32B,PROT,2,2w,"trained, F+M pooled",0.05559805875266822,0.043501810318868996,-0.029665489472315017,0.14086160697765146,0.5330192531947022,False
ANXA5,PROT,2,2w,"trained, F+M pooled",-0.09339982905524748,0.05123081845302762,-0.1938122332231816,0.007012575112686659,0.3812182539684975,False
AOC3,PROT,2,2w,"trained, F+M pooled",-0.04735894235301638,0.08706163339357989,-0.21799974380443296,0.1232818590984002,0.913475739255082,False
APOD,PROT,2,2w,"trained, F+M pooled",0.4680762580818669,0.1837309887001397,0.1079635202295931,0.8281889959341407,0.3892939723843736,False
APPL2,PROT,2,2w,"trained, F+M pooled",-0.011137314098475702,0.08776811105113447,-0.18316281175869925,0.16088818356174783,0.5752262615750018,False
AQP1,PROT,2,2w,"trained, F+M pooled",-0.018515213232227223,0.07761915444304783,-0.17064875594060094,0.13361832947614652,0.4795039321226406,False
AS3MT,PROT,2,2w,"trained, F+M pooled",-0.12628800380425595,0.042505737889887846,-0.2095992500684361,-0.04297675754007578,0.3390351210909546,False
ASB15,PROT,2,2w,"trained, F+M pooled",0.07789263843449279,0.06855694987127675,-0.056478983313209635,0.2122642601821952,0.3554554703308751,False
ASPN,PROT,2,2w,"trained, F+M pooled",-0.2544690490843779,0.06365570120016716,-0.37923422343670554,-0.12970387473205028,0.1587942088394837,False
ASS1,PROT,2,2w,"trained, F+M pooled",0.0024456221036656418,0.09813451349559117,-0.18989802434769304,0.19478926855502432,0.9388722634080492,False
BASP1,PROT,2,2w,"trained, F+M pooled",-0.038491495116674504,0.062202801147759584,-0.16040898536628329,0.08342599513293428,0.9072439286829398,False
BPGM,PROT,2,2w,"trained, F+M pooled",-0.13414784670240135,0.05954189046597384,-0.2508499520157101,-0.01744574138909262,0.2610625941466702,False
BSG,PROT,2,2w,"trained, F+M pooled",0.20914348761894336,0.05189160199820532,0.10743594770246093,0.3108510275354258,0.1222017143200582,False
BVES,PROT,2,2w,"trained, F+M pooled",0.07696672563530409,0.07889064045247444,-0.07765892965154582,0.231592380922154,0.5867778189937297,False
C1R,PROT,2,2w,"trained, F+M pooled",-0.11276787235169286,0.0646992140433633,-0.23957833187668492,0.014042587173299204,0.4220283633464043,False
C3,PROT,2,2w,"trained, F+M pooled",-0.21112231674096488,0.1569312569959577,-0.5187075804530419,0.09646294697111218,0.3540121370451166,False
C6orf136,PROT,2,2w,"trained, F+M pooled",0.23664303258460365,0.06424468884393969,0.11072344245048185,0.3625626227187254,0.0505366565858403,False
CAB39L,PROT,2,2w,"trained, F+M pooled",0.003973271759433544,0.04010413089335392,-0.07463082479154014,0.08257736831040723,0.8623362317201781,False
CALCOCO1,PROT,2,2w,"trained, F+M pooled",-0.010427244324922886,0.0465193830180548,-0.10160523504031028,0.08075074639046452,0.9222685193272364,False
CALM3,PROT,2,2w,"trained, F+M pooled",-0.27452453672344956,0.1455868021762515,-0.5598746689889025,0.010825595542003352,0.3436597425867167,False
CAMK2B,PROT,2,2w,"trained, F+M pooled",-0.04452052595191538,0.02948180084004916,-0.10230485559841174,0.013263803694580974,0.6205157760773438,False
CAMK2G,PROT,2,2w,"trained, F+M pooled",0.28473808310966997,0.16379290778588643,-0.03629601615066741,0.6057721823700073,0.4667073096649735,False
CAP1,PROT,2,2w,"trained, F+M pooled",-0.004758334463271132,0.050065792455323006,-0.10288728767570422,0.09337061874916196,0.8911998687242678,False
CAPZB,PROT,2,2w,"trained, F+M pooled",0.04022736432373886,0.07750084468266227,-0.11167429125427919,0.1921290199017569,0.651783294003562,False
CARM1,PROT,2,2w,"trained, F+M pooled",-0.027239270109766147,0.05551551420375233,-0.1360496779491207,0.08157113772958842,0.8800637092816026,False
CARNS1,PROT,2,2w,"trained, F+M pooled",-0.006420798971891919,0.04519313794489678,-0.09499934934388961,0.08215775140010577,0.6815667934837976,False
CDC37L1,PROT,2,2w,"trained, F+M pooled",-0.010193691501757474,0.03401635394367708,-0.07686574523136455,0.056478362227849604,0.7207218450296393,False
CEBPG,PROT,2,2w,"trained, F+M pooled",0.018028613304854196,0.1526567409852373,-0.2811785990262109,0.31723582563591923,0.8394401701785695,False
CENPV,PROT,2,2w,"trained, F+M pooled",0.027277942407622588,0.0431485503666178,-0.0572932163109483,0.11184910112619348,0.886218131968898,False
CES1,PROT,2,2w,"trained, F+M pooled",-0.08120631652547891,0.0737937868578309,-0.2258421387668275,0.06342950571586967,0.6437929396469645,False
CFD,PROT,2,2w,"trained, F+M pooled",-0.074020196479741,0.05639072290616409,-0.1845460133758226,0.03650562041634063,0.5262905545180653,False
CHAC2,PROT,2,2w,"trained, F+M pooled",-0.1499073439565105,0.0863984758860857,-0.3192483566932385,0.01943366878021746,0.2779693751782681,False
CHCHD10,PROT,2,2w,"trained, F+M pooled",0.2129213077228115,0.06324667936163242,0.08895781617401197,0.3368847992716111,0.2576454875598713,False
CHP1,PROT,2,2w,"trained, F+M pooled",-0.08152029908474602,0.09257061012260975,-0.26295869492506113,0.0999180967555691,0.7877142732090207,False
CHUK,PROT,2,2w,"trained, F+M pooled",0.13976164932297805,0.07773122393989393,-0.012591549599214047,0.29211484824517014,0.5006604230490133,False
CISD1,PROT,2,2w,"trained, F+M pooled",0.043594954094251695,0.06728429030776731,-0.08828225490897222,0.1754721630974756,0.6727060963466792,False
CKB,PROT,2,2w,"trained, F+M pooled",0.05920679268194241,0.04923887494301252,-0.03730140220636212,0.15571498757024693,0.7476875778537215,False
CLASP1,PROT,2,2w,"trained, F+M pooled",-0.04261064538244634,0.03386669293156945,-0.10898936352832246,0.02376807276342978,0.7414961806986634,False
CLPTM1,PROT,2,2w,"trained, F+M pooled",-0.181702396198722,0.0742769215847719,-0.32728516250487494,-0.03611962989256909,0.3085953779983284,False
CLU,PROT,2,2w,"trained, F+M pooled",-0.22971605782249704,0.08828189005314213,-0.4027485623266556,-0.056683553318338464,0.1562696285309801,False
CMC1,PROT,2,2w,"trained, F+M pooled",0.24308818880966018,0.05186728051890555,0.1414283189926053,0.3447480586267151,0.0932909573036975,False
CNN1,PROT,2,2w,"trained, F+M pooled",-0.0504445168698961,0.290663742495729,-0.6201454521615251,0.5192564184217328,0.9455837276859138,False
COL5A2,PROT,2,2w,"trained, F+M pooled",0.060707322171260014,0.25934152733558774,-0.44760207140649194,0.569016715749012,0.775851418477671,False
COL6A6,PROT,2,2w,"trained, F+M pooled",0.1960382710865889,0.11777202204742197,-0.03479489212635817,0.42687143429953595,0.5521966727090003,False
CORO1C,PROT,2,2w,"trained, F+M pooled",-0.0017580198636270696,0.04681590076066591,-0.09351718535453225,0.09000114562727811,0.8999762747812686,False
CPE,PROT,2,2w,"trained, F+M pooled",-0.010583170001023497,0.08382914938634443,-0.17488830279825857,0.1537219627962116,0.9128384412192284,False
DBNDD2,PROT,2,2w,"trained, F+M pooled",0.08179292398457512,0.06691859627494112,-0.04936752471430948,0.2129533726834597,0.7476875778537215,False
DDX39A,PROT,2,2w,"trained, F+M pooled",0.1531753360681363,0.04924397160020992,0.05665715173172485,0.24969352040454773,0.1267735401055348,False
DGKZ,PROT,2,2w,"trained, F+M pooled",0.14191344790881832,0.06348297620774067,0.01748681454164662,0.26634008127599,0.321933419592347,False
DNAJA1,PROT,2,2w,"trained, F+M pooled",0.04871612545665021,0.045161632956770725,-0.03980067513862041,0.13723292605192083,0.3912646297950027,False
DNAJA4,PROT,2,2w,"trained, F+M pooled",0.01333090999288437,0.04816174494155099,-0.08106611009255556,0.1077279300783243,0.5757815850054027,False
DOK7,PROT,2,2w,"trained, F+M pooled",0.03581638613908567,0.07348185901182254,-0.10820805752408652,0.17984082980225785,0.599301382070177,False
DPH3,PROT,2,2w,"trained, F+M pooled",-0.19976163894673796,0.1173312795853582,-0.42973094693404,0.030207669040564128,0.2521221847724021,False
DPYSL2,PROT,2,2w,"trained, F+M pooled",0.0549703325196055,0.04813655209636032,-0.03937730958926073,0.14931797462847174,0.715852661050168,False
DYNLL1,PROT,2,2w,"trained, F+M pooled",-0.1499404242208913,0.10627800931850015,-0.3582453224851516,0.058364474043369,0.4576379647402758,False
EEF1A2,PROT,2,2w,"trained, F+M pooled",-0.05529213518717893,0.04219177670818867,-0.1379880175352287,0.02740374716087085,0.6578681438041785,False
EEF1B2,PROT,2,2w,"trained, F+M pooled",-0.04337661665936359,0.07146223090266121,-0.18344258922857956,0.09668935590985236,0.8016143352840727,False
EFEMP1,PROT,2,2w,"trained, F+M pooled",-0.04742149717596062,0.059599039134934334,-0.16423561388043192,0.06939261952851067,0.7911689198370659,False
EFHD1,PROT,2,2w,"trained, F+M pooled",-0.5306728589976787,0.2917943702761303,-1.102589824738894,0.041244106743536735,0.5324935775629649,False
EHBP1,PROT,2,2w,"trained, F+M pooled",-0.09318549988578355,0.0681877459213178,-0.22683348189156644,0.040462482119999324,0.4622041806545817,False
EHBP1L1,PROT,2,2w,"trained, F+M pooled",-0.06400298934964045,0.031100585188607158,-0.12496013631931048,-0.003045842379970423,0.5475862284724464,False
EIF3G,PROT,2,2w,"trained, F+M pooled",-0.03373922143287349,0.043666950119536,-0.11932644366716405,0.05184800080141708,0.8068256015814071,False
EIF4EBP1,PROT,2,2w,"trained, F+M pooled",-0.10827710200474426,0.07228994815478822,-0.24996540038812914,0.03341119637864064,0.632929280392031,False
FABP4,PROT,2,2w,"trained, F+M pooled",0.10914215997948672,0.05376197625313137,0.0037686865233492323,0.2145156334356242,0.3180180900748727,False
FBLN2,PROT,2,2w,"trained, F+M pooled",-0.08239466444030458,0.048576812775012614,-0.17760521747932928,0.01281588859872014,0.2702175321129674,False
FBXO40,PROT,2,2w,"trained, F+M pooled",0.030957277977397307,0.032857030554612365,-0.03344250190964293,0.09535705786443754,0.6527186444977683,False
FBXO6,PROT,2,2w,"trained, F+M pooled",-0.12051366134261575,0.04444617393758047,-0.20762816226027347,-0.033399160424958024,0.1277185692996792,False
FEZ2,PROT,2,2w,"trained, F+M pooled",-0.01662706572381442,0.04161544939062005,-0.09819334652942971,0.06493921508180087,0.9162569488708752,False
FGL2,PROT,2,2w,"trained, F+M pooled",0.13880458255141,0.09812654655530995,-0.05352344869699749,0.3311326137998175,0.5529267053644665,False
FHIT,PROT,2,2w,"trained, F+M pooled",-0.017687585480049114,0.06273558576119487,-0.14064933357199105,0.10527416261189282,0.9211676129554416,False
FHOD3,PROT,2,2w,"trained, F+M pooled",0.01197559762671389,0.05059609901893773,-0.08719275645040406,0.11114395170383184,0.9035950338761336,False
FKBP1A,PROT,2,2w,"trained, F+M pooled",0.1759399966880975,0.08242211211910802,0.014392656934645781,0.33748733644154927,0.3599231279668607,False
FKBP5,PROT,2,2w,"trained, F+M pooled",0.21229457848698305,0.05172161782712932,0.11092020754580958,0.3136689494281565,0.1810688880826761,False
GBF1,PROT,2,2w,"trained, F+M pooled",-0.08166884266723441,0.03421909728435981,-0.14873827334457962,-0.014599411989889191,0.2884316211144273,False
GBP3,PROT,2,2w,"trained, F+M pooled",-0.10281450797678583,0.16057381688621594,-0.4175391890737691,0.21191017312019744,0.7996756788780981,False
GCA,PROT,2,2w,"trained, F+M pooled",-0.04619466985123632,0.10260412613773266,-0.24729875708119234,0.1549094173787197,0.7219164878852504,False
GCLM,PROT,2,2w,"trained, F+M pooled",-0.0113620014224903,0.05334420360918364,-0.11591664049649024,0.09319263765150963,0.8462603837266983,False
GDA,PROT,2,2w,"trained, F+M pooled",-0.05573790673768572,0.06137998113045205,-0.17604266975337174,0.0645668562780003,0.6045187629100153,False
GLYR1,PROT,2,2w,"trained, F+M pooled",0.08765100727964902,0.07664724479930606,-0.06257759252699084,0.23787960708628886,0.4735371080461696,False
GPAM,PROT,2,2w,"trained, F+M pooled",0.01114447610068132,0.050738397503158374,-0.08830278300550909,0.11059173520687174,0.9308281442150113,False
GPCPD1,PROT,2,2w,"trained, F+M pooled",0.13982315727256203,0.06214128680586788,0.01802623513306098,0.2616200794120631,0.117623655651999,False
GSTM1,PROT,2,2w,"trained, F+M pooled",-0.210007610472377,0.05696639320358281,-0.32166174115139934,-0.09835347979335471,0.0912674448765584,False
GSTM2,PROT,2,2w,"trained, F+M pooled",-0.19767296508260723,0.06092170131573587,-0.31707949966144955,-0.07826643050376493,0.1693713546418835,False
GSTM4,PROT,2,2w,"trained, F+M pooled",-0.1018454702180639,0.04794747732694691,-0.19582252577887982,-0.007868414657247955,0.5521966727090003,False
GTF2I,PROT,2,2w,"trained, F+M pooled",0.01961426400033707,0.045951918155381404,-0.07045149558421047,0.10968002358488461,0.8154269083335071,False
GUF1,PROT,2,2w,"trained, F+M pooled",0.08963564559705094,0.04651785049037702,-0.0015393413640880232,0.1808106325581899,0.4481094319713763,False
GYS1,PROT,2,2w,"trained, F+M pooled",0.07494738492596473,0.03922738455724526,-0.001938288806235977,0.15183305865816543,0.2989918880617038,False
H3-3B,PROT,2,2w,"trained, F+M pooled",0.22534977337069548,0.15056764796133135,-0.06976281663351394,0.5204623633749049,0.34490705550334,False
HOMER2,PROT,2,2w,"trained, F+M pooled",0.07161249386344597,0.06000574160441668,-0.04599875968121071,0.18922374740810266,0.4508238877907354,False
HSF1,PROT,2,2w,"trained, F+M pooled",0.0603185639499102,0.06357280270342419,-0.06428412934880122,0.18492125724862163,0.7054159179353575,False
HSPA1B,PROT,2,2w,"trained, F+M pooled",0.026300623191436178,0.12550054924550827,-0.21968045332976002,0.2722816997126324,0.8888472696357976,False
HSPA2,PROT,2,2w,"trained, F+M pooled",0.1263305154181745,0.05744031713262847,0.013747493838222699,0.23891353699812629,0.5196522541648795,False
HSPB6,PROT,2,2w,"trained, F+M pooled",0.3768731908297605,0.07367250344060862,0.23247508408616763,0.5212712975733533,0.0125458463500577,True
IDH3A,PROT,2,2w,"trained, F+M pooled",0.15866034683959856,0.05347071953294696,0.05385773655502253,0.2634629571241746,0.3567948967495271,False
IGFBP6,PROT,2,2w,"trained, F+M pooled",-0.2696419258422861,0.09882526278786916,-0.4633394409065096,-0.07594441077806255,0.1823115302443007,False
IRF2BPL,PROT,2,2w,"trained, F+M pooled",0.14743129892887458,0.12827415388587543,-0.10398604268744127,0.3988486405451904,0.6980803578905687,False
ITGB6,PROT,2,2w,"trained, F+M pooled",-0.01674062578457393,0.06487788851404018,-0.14390128727209267,0.11042003570294483,0.51230564527233,False
ITIH3,PROT,2,2w,"trained, F+M pooled",-0.20027814481325693,0.13321485052555337,-0.4613792518433415,0.060822962216827675,0.2224859205504901,False
ITIH4,PROT,2,2w,"trained, F+M pooled",-0.08725835116390078,0.1641953294289034,-0.40908119684455146,0.23456449451674988,0.51230564527233,False
KCNJ11,PROT,2,2w,"trained, F+M pooled",-0.0032245643808686995,0.05583871427188442,-0.11266844435376216,0.10621931559202477,0.8732441573277238,False
KCNJ2,PROT,2,2w,"trained, F+M pooled",0.20662788902373527,0.09755151635705678,0.015426916963903997,0.3978288610835665,0.3347267627422157,False
KCTD9,PROT,2,2w,"trained, F+M pooled",0.3155177695328352,0.2227594767894565,-0.12109080497449953,0.75212634404017,0.6436705631199114,False
KIF5B,PROT,2,2w,"trained, F+M pooled",-0.04291691703245396,0.04015693233865096,-0.12162450441620984,0.03579067035130192,0.4751515707069445,False
KLHL40,PROT,2,2w,"trained, F+M pooled",-0.28699724490980955,0.07008426576618725,-0.4243624058115365,-0.14963208400808256,0.0798987740625346,False
KPNA1,PROT,2,2w,"trained, F+M pooled",-0.05719883960007858,0.038609206241891486,-0.13287288383418588,0.018475204634028734,0.4220283633464043,False
KRT31,PROT,2,2w,"trained, F+M pooled",0.440769780537006,0.3677344092511978,-0.2799896615953418,1.1615292226693539,0.7435887540445324,False
LCP1,PROT,2,2w,"trained, F+M pooled",-0.15792758127649756,0.051505601833150436,-0.2588785608694724,-0.05697660168352271,0.3001441023429996,False
LGALS1,PROT,2,2w,"trained, F+M pooled",-0.10535391108357559,0.04346074811321931,-0.19053697738548542,-0.02017084478166574,0.4949016202614075,False
LPIN1,PROT,2,2w,"trained, F+M pooled",0.2076959378592728,0.0507497226590958,0.10822648144744501,0.30716539427110057,0.0110154520700932,True
LYZ,PROT,2,2w,"trained, F+M pooled",0.07611680761586527,0.13761143213893165,-0.19360159937644078,0.3458352146081713,0.7069684510172498,False
MAOA,PROT,2,2w,"trained, F+M pooled",0.013606834140595133,0.04566484668896233,-0.07589626536977102,0.10310993365096129,0.9131639982549492,False
MAP1LC3B,PROT,2,2w,"trained, F+M pooled",-0.007028104964489116,0.15491274335899785,-0.3106570819481249,0.29660087201914664,0.6107274234625492,False
MAP2K3,PROT,2,2w,"trained, F+M pooled",0.0965101488759283,0.044540859190087524,0.009210064863356765,0.18381023288849985,0.3469834590552849,False
MAPRE3,PROT,2,2w,"trained, F+M pooled",-0.023880335534652342,0.0538705077774388,-0.1294665307784324,0.0817058597091277,0.5486446022278428,False
METTL21C,PROT,2,2w,"trained, F+M pooled",-0.122312579407868,0.07426921517801423,-0.2678802411567759,0.0232550823410399,0.4670943600464654,False
METTL7A,PROT,2,2w,"trained, F+M pooled",-0.4719810837296621,0.1098903102403134,-0.6873660918006763,-0.25659607565864784,0.1046489717516562,False
MFAP5,PROT,2,2w,"trained, F+M pooled",0.2455055430671313,0.11828708924785458,0.013662848141336309,0.47734823799292625,0.3407482126978126,False
MFN1,PROT,2,2w,"trained, F+M pooled",0.16005431060154698,0.04496148304202945,0.07192980383916926,0.24817881736392472,0.1747536836331408,False
MGST1,PROT,2,2w,"trained, F+M pooled",-0.336458649206732,0.28211781074474174,-0.8894095582664259,0.21649225985296178,0.7409857889894974,False
MICU1,PROT,2,2w,"trained, F+M pooled",0.07139592926772066,0.06345284648847076,-0.052971649849682015,0.19576350838512335,0.3510393302844485,False
MIF,PROT,2,2w,"trained, F+M pooled",-0.04897750232542728,0.04442565602867032,-0.1360517881416211,0.03809678349076654,0.3066727072578143,False
MRPL4,PROT,2,2w,"trained, F+M pooled",0.08858184598920373,0.0654803057525727,-0.03975955328583876,0.21692324526424622,0.4607355678789248,False
MRPL48,PROT,2,2w,"trained, F+M pooled",0.08712432257097844,0.06431895739156131,-0.03894083391648173,0.2131894790584386,0.3469834590552849,False
MRPS6,PROT,2,2w,"trained, F+M pooled",0.06189955976358327,0.06354491246990449,-0.06264846867742951,0.18644758820459606,0.7649796482973029,False
MSRA,PROT,2,2w,"trained, F+M pooled",0.11667580077221106,0.06765282122609989,-0.01592372883094474,0.24927533037536687,0.1693713546418835,False
MSRB2,PROT,2,2w,"trained, F+M pooled",0.20601624539173213,0.0534438108340291,0.1012663761570351,0.31076611462642917,0.2144104915202547,False
MT2A,PROT,2,2w,"trained, F+M pooled",-0.062412460153130095,0.2561105347664959,-0.5643891082954621,0.43956418798920194,0.5648351041686239,False
MYBPH,PROT,2,2w,"trained, F+M pooled",0.24559659016487811,0.09465789185027987,0.06006712213832957,0.4311260581914267,0.3994187929218907,False
MYH3,PROT,2,2w,"trained, F+M pooled",0.06828052005338628,0.10209272115120974,-0.1318212134029848,0.26838225350975736,0.7035245254049816,False
MYH8,PROT,2,2w,"trained, F+M pooled",0.1370279740461891,0.05787853312691571,0.02358604911743431,0.25046989897494387,0.4919329945239146,False
MYOM1,PROT,2,2w,"trained, F+M pooled",-0.003519600532128667,0.03236607325685768,-0.06695710411556972,0.059917903051312386,0.7898813095632341,False
MYPN,PROT,2,2w,"trained, F+M pooled",0.11972171476953009,0.04082511534736844,0.039704488688687936,0.19973894085037225,0.3227429064435254,False
NAMPT,PROT,2,2w,"trained, F+M pooled",-0.035984883245117054,0.04892656944849906,-0.1318809593641752,0.05991119287394111,0.4113321479371973,False
NCEH1,PROT,2,2w,"trained, F+M pooled",0.1729291324740316,0.06469239981870886,0.04613202882936224,0.299726236118701,0.4426492381478604,False
NDUFAF1,PROT,2,2w,"trained, F+M pooled",0.06213126221595912,0.05762144965671945,-0.050806779111210995,0.17506930354312922,0.6809169459067234,False
NDUFB8,PROT,2,2w,"trained, F+M pooled",0.1045143047162168,0.062551206694865,-0.0180860604057186,0.2271146698381522,0.4775549404797672,False
NEDD1,PROT,2,2w,"trained, F+M pooled",0.004180169100731644,0.06798549142673702,-0.1290713940956729,0.1374317322971362,0.7942396332558073,False
NFIC,PROT,2,2w,"trained, F+M pooled",-0.035337521595755046,0.07983717086456273,-0.19181837649029798,0.1211433332987879,0.6907649931068057,False
NKIRAS2,PROT,2,2w,"trained, F+M pooled",0.18581333352377816,0.08903025344080413,0.011314036779802056,0.3603126302677543,0.4290875089721844,False
NMRK2,PROT,2,2w,"trained, F+M pooled",-0.4124674760044738,0.15798264711096635,-0.7221134643419678,-0.1028214876669798,0.2836059459045261,False
NQO2,PROT,2,2w,"trained, F+M pooled",0.023104587293088726,0.039075274413848525,-0.05348295055805438,0.09969212514423184,0.8949412740998162,False
NUCB1,PROT,2,2w,"trained, F+M pooled",-0.031721542077522216,0.03425136955389521,-0.09885422640315683,0.0354111422481124,0.6104902701920558,False
NUDT3,PROT,2,2w,"trained, F+M pooled",0.01867682328514544,0.03507579514080942,-0.050071735190841016,0.0874253817611319,0.7649796482973029,False
NUDT6,PROT,2,2w,"trained, F+M pooled",0.012433501192275551,0.09928795913975816,-0.18217089872165043,0.20703790110620152,0.7697795956085257,False
OGDH,PROT,2,2w,"trained, F+M pooled",0.12794511510230305,0.06265576543603713,0.005139814847670288,0.2507504153569358,0.2871418262112593,False
ORAI1,PROT,2,2w,"trained, F+M pooled",-0.015185663711676903,0.07987495879575696,-0.17174058295136052,0.14136925552800672,0.7435887540445324,False
OXNAD1,PROT,2,2w,"trained, F+M pooled",0.26486053971213164,0.05196231823210922,0.16301439597719758,0.3667066834470657,0.0493811505655985,True
PARVB,PROT,2,2w,"trained, F+M pooled",-0.02406930016533688,0.049469851674633254,-0.12103020944761807,0.0728916091169443,0.2846430821436641,False
PDK4,PROT,2,2w,"trained, F+M pooled",0.25247124736643206,0.0792714978834072,0.09709911151495396,0.40784338321791014,0.1367883845605147,False
PFKFB3,PROT,2,2w,"trained, F+M pooled",5.575881352715699e-05,0.08159250805465379,-0.15986555697359428,0.15997707460064858,0.7567411676539569,False
PHF5A,PROT,2,2w,"trained, F+M pooled",-0.05071652200950081,0.060584145915577384,-0.16946144800403248,0.06802840398503085,0.6524398091272344,False
PHLDA3,PROT,2,2w,"trained, F+M pooled",0.043527956551757604,0.04840651933634376,-0.05134882134747616,0.13840473445099138,0.3049334683874239,False
PHYHD1,PROT,2,2w,"trained, F+M pooled",-0.17131460410393481,0.08323378444753135,-0.33445282162109624,-0.00817638658677336,0.4541597016330148,False
PIGS,PROT,2,2w,"trained, F+M pooled",-0.08971672456888655,0.07082014110008972,-0.2285242011250624,0.049090751987289294,0.6919029020900294,False
PJA2,PROT,2,2w,"trained, F+M pooled",0.0850659455965908,0.0731976329629624,-0.05840141501081551,0.2285333062039971,0.1981211354421726,False
PKM,PROT,2,2w,"trained, F+M pooled",0.0928603773972698,0.04735969054380682,3.538393140842255e-05,0.18568537086313117,0.2888369497916551,False
PLA2G2A,PROT,2,2w,"trained, F+M pooled",0.024586971057506037,0.24586409623504718,-0.45730665756318645,0.5064805996781985,0.6287101513387607,False
PLGRKT,PROT,2,2w,"trained, F+M pooled",-0.009123833051158724,0.07715338585008609,-0.16034446931732746,0.14209680321501003,0.9785339117191748,False
PLIN1,PROT,2,2w,"trained, F+M pooled",-0.3301847269287525,0.19247337388292388,-0.7074325397392833,0.047063085881778266,0.5848702593792557,False
PLIN4,PROT,2,2w,"trained, F+M pooled",0.18298893797810273,0.04040592967723311,0.10379331581072583,0.26218456014547964,0.0465953276089236,True
PPIF,PROT,2,2w,"trained, F+M pooled",0.35826854697775756,0.05989876124326236,0.24086697494096332,0.4756701190145518,0.0316066538829463,True
PPIG,PROT,2,2w,"trained, F+M pooled",-0.0020550651121438173,0.07013651762109353,-0.13952263964948713,0.1354125094251995,0.8780857766049124,False
PPP3R1,PROT,2,2w,"trained, F+M pooled",0.11973251541737204,0.06169813774590569,-0.001195834564603121,0.2406608653993472,0.5242107190059276,False
PRKAR2B,PROT,2,2w,"trained, F+M pooled",-0.17325946148665872,0.10922968264920672,-0.3873496394791039,0.04083071650578646,0.4722150414416458,False
PRMT3,PROT,2,2w,"trained, F+M pooled",-0.043530759090750736,0.04921772366083699,-0.13999749746599122,0.05293597928448975,0.5704703571326901,False
PTER,PROT,2,2w,"trained, F+M pooled",0.2569912958281327,0.15922089022145197,-0.05508164900591317,0.5690642406621785,0.4042803008980041,False
RARRES2,PROT,2,2w,"trained, F+M pooled",-0.14589928648087064,0.06428060034045971,-0.27188926314817163,-0.019909309813569614,0.1751119609686906,False
RBMXL1,PROT,2,2w,"trained, F+M pooled",0.013424922688247737,0.03490914432983313,-0.0549970001982252,0.08184684557472068,0.8135028916259759,False
RBP4,PROT,2,2w,"trained, F+M pooled",-0.3173899779023107,0.11449430652801733,-0.5417988186972247,-0.09298113710739675,0.1587942088394837,False
RPAP3,PROT,2,2w,"trained, F+M pooled",-0.03591550599919626,0.0661869627480236,-0.16564195298532253,0.09381094098692999,0.6072708466960195,False
RPL3,PROT,2,2w,"trained, F+M pooled",-0.2140606801178943,0.0489541854966468,-0.310010883691322,-0.11811047654446659,0.061495177265708,False
RPN1,PROT,2,2w,"trained, F+M pooled",-0.06972006132748952,0.053737578614835066,-0.17504571541256625,0.03560559275758721,0.7368352268303601,False
RPS3,PROT,2,2w,"trained, F+M pooled",-0.09071606347495952,0.062177024608683365,-0.2125830317079789,0.031150904758059872,0.2138194735284138,False
RPUSD4,PROT,2,2w,"trained, F+M pooled",0.004757899442319865,0.09755048662621818,-0.18644105434506777,0.1959568532297075,0.6988386381931425,False
RTN2,PROT,2,2w,"trained, F+M pooled",-0.2652831744803213,0.08036098849233288,-0.4227907119252937,-0.10777563703534887,0.2325491161187906,False
RXRG,PROT,2,2w,"trained, F+M pooled",0.09074715963501723,0.051453269936522016,-0.010101249440565924,0.19159556871060038,0.1932034187026399,False
S100A1,PROT,2,2w,"trained, F+M pooled",-0.46623347691251515,0.13271494953006405,-0.7263547779914407,-0.20611217583358965,0.174882432667291,False
S100A4,PROT,2,2w,"trained, F+M pooled",-0.17179667145223326,0.09382448378085911,-0.3556926596627171,0.0120993167582506,0.5442434581418591,False
S100A8,PROT,2,2w,"trained, F+M pooled",-0.3803632702887672,0.1718508438874846,-0.717190924308237,-0.04353561626929742,0.1607345902804957,False
S100A9,PROT,2,2w,"trained, F+M pooled",-0.1910331132863624,0.24007659636024686,-0.6615832421524462,0.2795170155797214,0.5442434581418591,False
SCN4B,PROT,2,2w,"trained, F+M pooled",0.04343714900166872,0.06491523980245202,-0.08379672101113722,0.17067101901447468,0.6996602243378963,False
SCRN1,PROT,2,2w,"trained, F+M pooled",-0.062345781463499374,0.08399593446394214,-0.22697781301282596,0.10228625008582723,0.6832243351833927,False
SF3A3,PROT,2,2w,"trained, F+M pooled",-0.006399170051169465,0.03438407122173342,-0.07379194964576696,0.06099360954342803,0.932611354461294,False
SHISA4,PROT,2,2w,"trained, F+M pooled",-0.13140117613603813,0.1047244013114776,-0.3366610027065342,0.07385865043445797,0.4035746516639361,False
SLC16A1,PROT,2,2w,"trained, F+M pooled",0.06528068215602872,0.058589079427615987,-0.049553913522098605,0.18011527783415604,0.7476875778537215,False
SLC25A25,PROT,2,2w,"trained, F+M pooled",0.040752849821898036,0.1453818349758728,-0.24419554673081262,0.3257012463746087,0.7054159179353575,False
SLC2A4,PROT,2,2w,"trained, F+M pooled",0.21705552317128793,0.0649877133454163,0.089679605014272,0.34443144132830383,0.0596546050403796,False
SMAP1,PROT,2,2w,"trained, F+M pooled",0.006266210480126781,0.06100708502904403,-0.11330767617679952,0.12584009713705308,0.9565385310693684,False
SS18L1,PROT,2,2w,"trained, F+M pooled",-0.09135577902725299,0.08642413694375105,-0.26074708743700503,0.07803552938249907,0.6403941804008548,False
STRN4,PROT,2,2w,"trained, F+M pooled",0.12088484870944904,0.08376683342568536,-0.04329814480489427,0.28506784222379233,0.487713438835524,False
TFRC,PROT,2,2w,"trained, F+M pooled",0.40801406486667785,0.08013716790182535,0.2509452157791002,0.5650829139542555,0.0100412309057094,True
THOC3,PROT,2,2w,"trained, F+M pooled",0.028247014472425364,0.04842694478291776,-0.06666979730209344,0.12316382624694416,0.804132948276863,False
TM9SF4,PROT,2,2w,"trained, F+M pooled",-0.05150479524679321,0.10304383775069904,-0.25347071723816333,0.1504611267445769,0.7341948249959065,False
TMSB4X,PROT,2,2w,"trained, F+M pooled",1.4016926358034938,0.5390363399359349,0.3451814095290613,2.4582038620779265,0.3437128612610524,False
TNMD,PROT,2,2w,"trained, F+M pooled",-0.2297059834707235,0.17313961500071662,-0.569059628872128,0.10964766193068107,0.7368352268303601,False
TOP1,PROT,2,2w,"trained, F+M pooled",0.1036087266731422,0.045997170332889574,0.01345427282067864,0.19376318052560576,0.521843887452254,False
TPPP3,PROT,2,2w,"trained, F+M pooled",0.044575947916816606,0.07332564567797935,-0.09914231761202291,0.1882942134456561,0.7918706309205881,False
TRAPPC1,PROT,2,2w,"trained, F+M pooled",0.006330563195230087,0.05041470362638139,-0.09248225591247743,0.10514338230293761,0.9708822880645628,False
TRIOBP,PROT,2,2w,"trained, F+M pooled",0.017564700187807526,0.03538713943477614,-0.051794093104353706,0.08692349347996875,0.8840383914931322,False
TRIP10,PROT,2,2w,"trained, F+M pooled",-0.021483299731639226,0.03336322110282031,-0.08687521309316704,0.04390861362988859,0.7230306439965131,False
TTC7B,PROT,2,2w,"trained, F+M pooled",0.07868950585223794,0.08756867948134786,-0.09294510593120386,0.25032411763567974,0.7009940535641341,False
TYW3,PROT,2,2w,"trained, F+M pooled",-0.013216007075173133,0.07333983964563864,-0.1569620927806249,0.1305300786302786,0.2509196326023766,False
UBE2M,PROT,2,2w,"trained, F+M pooled",0.01539559493705092,0.08819094347966049,-0.15745865428308362,0.18824984415718546,0.4117364436743069,False
UBR7,PROT,2,2w,"trained, F+M pooled",0.1313350233223569,0.24551546310817413,-0.3498752843696644,0.6125453310143781,0.5242107190059276,False
UCKL1,PROT,2,2w,"trained, F+M pooled",0.08850185368080211,0.057680814719944073,-0.024552543170288266,0.2015562505318925,0.5867778189937297,False
UPP1,PROT,2,2w,"trained, F+M pooled",0.06778337827938095,0.06048885584679221,-0.05077477918033177,0.18634153573909368,0.6298166829988472,False
VEGFB,PROT,2,2w,"trained, F+M pooled",-0.5383625986625673,0.13982798593418783,-0.8124254510935754,-0.26429974623155916,0.1932034187026399,False
WBP2,PROT,2,2w,"trained, F+M pooled",-0.0950308187343532,0.04024697849977812,-0.17391489659391832,-0.016146740874788096,0.4184260390615081,False
WDSUB1,PROT,2,2w,"trained, F+M pooled",-0.07884243311106275,0.08363225767460927,-0.24276165815329692,0.08507679193117142,0.5284102469650525,False
WFDC1,PROT,2,2w,"trained, F+M pooled",-0.1209119538929224,0.10744821927100282,-0.33151046366408793,0.0896865558782431,0.4622041806545817,False
XIRP1,PROT,2,2w,"trained, F+M pooled",-0.8505264960291148,0.10406925178232158,-1.054502229522465,-0.6465507625357645,0.0006144124804924,True
YTHDC2,PROT,2,2w,"trained, F+M pooled",-0.15220679266206544,0.04613332239069028,-0.24262810454781839,-0.06178548077631249,0.1358575826964417,False
YTHDF3,PROT,2,2w,"trained, F+M pooled",0.05770660168474012,0.04461727610895508,-0.029743259488811832,0.1451564628582921,0.5006604230490133,False
YWHAE,PROT,2,2w,"trained, F+M pooled",-0.13647452032338447,0.0743357401981744,-0.28217257111180627,0.00922353046503735,0.4312606753267757,False
ACAD8,PROT,4,4w,"trained, F+M pooled",0.09474588472411533,0.052404918516367756,-0.007967755567965473,0.19745952501619612,0.3130642127798805,False
ACADM,PROT,4,4w,"trained, F+M pooled",0.3359468589196187,0.047828816423400186,0.2422023787297543,0.42969133910948304,0.0026460211784784,True
ACTC1,PROT,4,4w,"trained, F+M pooled",0.08803239964800451,0.17909913527619473,-0.26300190549333713,0.4390667047893462,0.8799705109920094,False
ACTN3,PROT,4,4w,"trained, F+M pooled",-0.13891624753479076,0.034710967888717005,-0.2069497445966761,-0.07088275047290543,0.0962786664574484,False
ACYP1,PROT,4,4w,"trained, F+M pooled",0.03341450462097611,0.06299709466309977,-0.09005980091869945,0.15688881016065165,0.838558439460325,False
ACYP2,PROT,4,4w,"trained, F+M pooled",-0.05215709022653243,0.05626033619166686,-0.16242734916219947,0.05811316870913461,0.6654907751948136,False
ADIPOQ,PROT,4,4w,"trained, F+M pooled",0.23978300178301415,0.10100917699916691,0.04180501486464702,0.43776098870138125,0.3315029560613738,False
AEBP1,PROT,4,4w,"trained, F+M pooled",-0.09721953005307357,0.08216988395213305,-0.2582725025992544,0.06383344249310721,0.4014465074303603,False
AGBL1,PROT,4,4w,"trained, F+M pooled",-0.10094547491957953,0.05205180907719239,-0.2029670207108766,0.0010760708717175438,0.4466444193852975,False
AKR1B10,PROT,4,4w,"trained, F+M pooled",-0.13511877371130449,0.04595966858909762,-0.2251997241459358,-0.04503782327667315,0.2556646079723639,False
AKT1S1,PROT,4,4w,"trained, F+M pooled",-0.07405735470410994,0.04732992307364297,-0.16682400392845015,0.018709294520230277,0.1998396527953956,False
ALDH1A3,PROT,4,4w,"trained, F+M pooled",-0.20392042126127707,0.08808163769797472,-0.37656043114930754,-0.03128041137324661,0.2316406953618399,False
AMPH,PROT,4,4w,"trained, F+M pooled",0.4307490526236975,0.1392196705050748,0.1578784984337509,0.7036196068136441,0.2645677308465153,False
ANKRD49,PROT,4,4w,"trained, F+M pooled",0.11705848723973823,0.09080856100142207,-0.06092629232304901,0.29504326680252546,0.6606644008302271,False
ANP32B,PROT,4,4w,"trained, F+M pooled",-0.023975806579684716,0.043501810318868996,-0.10923935480466795,0.061287741645298516,0.8839883624281093,False
ANXA5,PROT,4,4w,"trained, F+M pooled",-0.10423108022385175,0.05123081845302748,-0.2046434843917856,-0.0038186760559178884,0.413780462288628,False
AOC3,PROT,4,4w,"trained, F+M pooled",0.046021630941973,0.08706163339358004,-0.12461917050944388,0.2166624323933899,0.8626562960184713,False
APOD,PROT,4,4w,"trained, F+M pooled",0.41423778731873084,0.18373098870013943,0.054125049466457575,0.7743505251710041,0.2156212569348389,False
APPL2,PROT,4,4w,"trained, F+M pooled",-0.0038664124935857904,0.0877681110511345,-0.1758919101538094,0.1681590851666378,0.8839883624281093,False
AQP1,PROT,4,4w,"trained, F+M pooled",0.029589945976628063,0.0776191544430478,-0.12254359673174564,0.18172348868500177,0.7025709384626355,False
AS3MT,PROT,4,4w,"trained, F+M pooled",-0.05818686990557865,0.04250573788988778,-0.14149811616975871,0.02512437635860141,0.4427947026157726,False
ASB15,PROT,4,4w,"trained, F+M pooled",-0.06705417657854182,0.06855694987127667,-0.20142579832624408,0.06731744516916044,0.7751353002487772,False
ASPN,PROT,4,4w,"trained, F+M pooled",-0.1936077684670009,0.0636557012001672,-0.3183729428193286,-0.0688425941146732,0.0811555248275466,False
ASS1,PROT,4,4w,"trained, F+M pooled",-0.011485713133616092,0.0981345134955912,-0.20382935958497483,0.18085793331774264,0.9558254211113124,False
BASP1,PROT,4,4w,"trained, F+M pooled",-0.2194209950276518,0.062202801147759515,-0.34133848527726046,-0.09750350477804316,0.079539866916605,False
BPGM,PROT,4,4w,"trained, F+M pooled",-0.2560509166416323,0.05954189046597355,-0.3727530219549405,-0.13934881132832416,0.0229703502278046,True
BSG,PROT,4,4w,"trained, F+M pooled",0.2081604266011865,0.05189160199820532,0.10645288668470407,0.3098679665176689,0.069502169066543,False
BVES,PROT,4,4w,"trained, F+M pooled",-0.010837745945398042,0.07889064045247383,-0.16546340123224676,0.14378790934145066,0.95316564863305,False
C1R,PROT,4,4w,"trained, F+M pooled",-0.0712090912705463,0.06469921404336335,-0.19801955079553846,0.05560136825444585,0.6241391062474245,False
C3,PROT,4,4w,"trained, F+M pooled",-0.04273683789633466,0.15693125699595767,-0.35032210160841165,0.26484842581574236,0.7140304238149618,False
C6orf136,PROT,4,4w,"trained, F+M pooled",0.26216972123797266,0.06424468884393976,0.13625013110385073,0.38808931137209457,0.1011178675366337,False
CAB39L,PROT,4,4w,"trained, F+M pooled",0.058542613694545234,0.040104130893353906,-0.02006148285642842,0.1371467102455189,0.5229591143872003,False
CALCOCO1,PROT,4,4w,"trained, F+M pooled",0.08946795567023012,0.04651938301805567,-0.0017100350451590002,0.18064594638561926,0.4991269777107128,False
CALM3,PROT,4,4w,"trained, F+M pooled",-0.26726566095032017,0.1455868021762513,-0.5526157932157727,0.01808447131513241,0.1754778845159418,False
CAMK2B,PROT,4,4w,"trained, F+M pooled",-0.11085486597763519,0.029481800840049137,-0.1686391956241315,-0.05307053633113888,0.0610301165483673,False
CAMK2G,PROT,4,4w,"trained, F+M pooled",-0.10193817852361846,0.05328215682667592,-0.20637120590390326,0.002494848856666343,0.4825059864360149,False
CAP1,PROT,4,4w,"trained, F+M pooled",0.03885089199407127,0.05006579245532322,-0.05927806121836224,0.13697984520650477,0.5170741004749504,False
CAPZB,PROT,4,4w,"trained, F+M pooled",-0.06447828003034153,0.030843349319228733,-0.12493124469602984,-0.004025315364653219,0.4515281520117953,False
CARM1,PROT,4,4w,"trained, F+M pooled",-0.05421579168212495,0.05551551420375229,-0.16302619952147945,0.054594616157229534,0.3663530819844134,False
CARNS1,PROT,4,4w,"trained, F+M pooled",0.028244039259317993,0.045193137944897,-0.06033451111268012,0.11682258963131611,0.298081776024534,False
CDC37L1,PROT,4,4w,"trained, F+M pooled",0.0009746435807144751,0.034016353943676816,-0.06569741014889209,0.06764669731032104,0.9508204255587488,False
CEBPG,PROT,4,4w,"trained, F+M pooled",-0.1114546712737087,0.15265674098523735,-0.41066188360477385,0.18775254105735648,0.5496215344952191,False
CENPV,PROT,4,4w,"trained, F+M pooled",-0.07173998727177731,0.04314855036661779,-0.15631114599034818,0.012831171446793563,0.5644131123650203,False
CES1,PROT,4,4w,"trained, F+M pooled",0.17446669953658359,0.07379378685783111,0.02983087729523462,0.3191025217779325,0.4410098750335412,False
CFD,PROT,4,4w,"trained, F+M pooled",-0.12873890843470603,0.0563907229061641,-0.2392647253307877,-0.018213091538624396,0.0321011561673047,True
CHAC2,PROT,4,4w,"trained, F+M pooled",-0.21130293015821672,0.08639847588608542,-0.38064394289494413,-0.0419619174214893,0.4484600207237366,False
CHCHD10,PROT,4,4w,"trained, F+M pooled",0.18032039788444099,0.06324667936163254,0.05635690633564121,0.30428388943324075,0.0948649409768381,False
CHP1,PROT,4,4w,"trained, F+M pooled",0.06058993001251395,0.09257061012261017,-0.12084846582780198,0.24202832585282988,0.6680986427194532,False
CHUK,PROT,4,4w,"trained, F+M pooled",0.05293670839717591,0.0777312239398934,-0.09941649052501517,0.20528990731936697,0.6286063934946026,False
CISD1,PROT,4,4w,"trained, F+M pooled",-0.034017012674100226,0.06728429030776661,-0.1658942216773228,0.09786019632912232,0.8116059826109324,False
CKB,PROT,4,4w,"trained, F+M pooled",0.011678805492442622,0.04923887494301106,-0.08482938939585905,0.1081870003807443,0.9022940239325056,False
CLASP1,PROT,4,4w,"trained, F+M pooled",-0.04417409367949373,0.033866692931569416,-0.11055281182536977,0.02220462446638232,0.672426912028086,False
CLPTM1,PROT,4,4w,"trained, F+M pooled",-0.14760319370233835,0.07427692158477166,-0.2931859600084908,-0.0020204273961859087,0.3613471276891037,False
CLU,PROT,4,4w,"trained, F+M pooled",-0.12314364632632017,0.08828189005314206,-0.2961761508304786,0.049888858177838266,0.2702311891958124,False
CMC1,PROT,4,4w,"trained, F+M pooled",0.34658588070419816,0.051867280518905545,0.24492601088714328,0.44824575052125304,0.0023349601104563,True
CNN1,PROT,4,4w,"trained, F+M pooled",0.28010607858673914,0.2906637424957285,-0.28959485670488877,0.8498070138783671,0.5227123351412757,False
COL5A2,PROT,4,4w,"trained, F+M pooled",0.33039185841083546,0.25934152733558785,-0.17791753516691672,0.8387012519885877,0.3079047101769605,False
COL6A6,PROT,4,4w,"trained, F+M pooled",0.20313287394101778,0.11777202204742165,-0.027700289271928663,0.4339660371539642,0.2318371930165774,False
CORO1C,PROT,4,4w,"trained, F+M pooled",0.06766794576637658,0.046815900760665885,-0.02409121972452856,0.1594271112572817,0.6903953914860672,False
CPE,PROT,4,4w,"trained, F+M pooled",0.12267497438506555,0.08382914938634453,-0.041630158412169715,0.2869801071823008,0.6473962710334751,False
DBNDD2,PROT,4,4w,"trained, F+M pooled",0.1465973091261679,0.06691859627494083,0.015436860427283872,0.2777577578250519,0.3517196987474796,False
DDX39A,PROT,4,4w,"trained, F+M pooled",0.05567268319437968,0.0492439716002099,-0.040845501142031726,0.15219086753079109,0.6783061272706108,False
DGKZ,PROT,4,4w,"trained, F+M pooled",-0.006527759855788994,0.061790500945786656,-0.12763714170953083,0.11458162199795285,0.5688736093841616,False
DNAJA1,PROT,4,4w,"trained, F+M pooled",0.1265656840618395,0.04516163295677065,0.038048883466569025,0.21508248465710994,0.3537207851318643,False
DNAJA4,PROT,4,4w,"trained, F+M pooled",0.04739023949444585,0.048161744941550975,-0.04700678059099405,0.14178725957988575,0.7073591171357613,False
DOK7,PROT,4,4w,"trained, F+M pooled",-0.015884070612763427,0.07348185901182244,-0.15990851427593542,0.12814037305040857,0.7519379036678223,False
DPH3,PROT,4,4w,"trained, F+M pooled",0.10927711602177095,0.11733127958535806,-0.12069219196553085,0.3392464240090728,0.5066700004166115,False
DPYSL2,PROT,4,4w,"trained, F+M pooled",0.04458784949946983,0.04813655209636023,-0.04975979260939622,0.13893549160833588,0.4756068103703572,False
DYNLL1,PROT,4,4w,"trained, F+M pooled",0.03839823777801513,0.1062780093185002,-0.16990666048624528,0.24670313604227553,0.9251138046133032,False
EEF1A2,PROT,4,4w,"trained, F+M pooled",-0.037627201734096616,0.042191776708189875,-0.12032308408214877,0.04506868061395554,0.6355615838016857,False
EEF1B2,PROT,4,4w,"trained, F+M pooled",-0.12392685007742718,0.07146223090266116,-0.26399282264664303,0.01613912249178867,0.2302573771129722,False
EFEMP1,PROT,4,4w,"trained, F+M pooled",0.0009633133206502486,0.05959903913493436,-0.1158508033838211,0.1177774300251216,0.7954618486347902,False
EFHD1,PROT,4,4w,"trained, F+M pooled",0.32307646247858457,0.2917943702761288,-0.24884050326262785,0.894993428219797,0.6747393762079806,False
EHBP1,PROT,4,4w,"trained, F+M pooled",0.023342825830406904,0.06818774592131797,-0.11030515617537633,0.15699080783619013,0.755718516068774,False
EHBP1L1,PROT,4,4w,"trained, F+M pooled",-0.14543335409229738,0.031100585188607033,-0.20639050106196716,-0.0844762071226276,0.0131415508779821,True
EIF3G,PROT,4,4w,"trained, F+M pooled",-0.0009564499002180952,0.043666950119535954,-0.08654367213450856,0.08463077233407237,0.8058028987925303,False
EIF4EBP1,PROT,4,4w,"trained, F+M pooled",-0.05154437964005668,0.0722899481547882,-0.19323267802344155,0.0901439187433282,0.8668130152812147,False
FABP4,PROT,4,4w,"trained, F+M pooled",0.22365455942036927,0.05376197625313157,0.1182810859642314,0.32902803287650717,0.0369377406734183,True
FBLN2,PROT,4,4w,"trained, F+M pooled",-0.050559683486674,0.04857681277501265,-0.1457702365256988,0.044650869552350786,0.6986837820798519,False
FBXO40,PROT,4,4w,"trained, F+M pooled",-0.10010047829829506,0.032857030554612386,-0.16450025818533534,-0.03570069841125478,0.2778724435948144,False
FBXO6,PROT,4,4w,"trained, F+M pooled",0.0442399994395501,0.04444617393758045,-0.042874501478107584,0.13135450035720778,0.7805907040980942,False
FEZ2,PROT,4,4w,"trained, F+M pooled",0.04590228384156458,0.0416154493906202,-0.035663996964051016,0.12746856464718018,0.771009296186757,False
FGL2,PROT,4,4w,"trained, F+M pooled",0.12191686992027773,0.09812654655530961,-0.07041116132812911,0.31424490116868453,0.1731689032484439,False
FHIT,PROT,4,4w,"trained, F+M pooled",0.007108884708203468,0.06273558576119498,-0.1158528633837387,0.13007063280014564,0.7635596363990608,False
FHOD3,PROT,4,4w,"trained, F+M pooled",0.013798815658516728,0.050596099018937794,-0.08536953841860134,0.11296716973563481,0.9537034797376296,False
FKBP1A,PROT,4,4w,"trained, F+M pooled",-0.0054679347685004515,0.08242211211910828,-0.1670152745219527,0.15607940498495176,0.7696226950699014,False
FKBP5,PROT,4,4w,"trained, F+M pooled",0.21531715702505788,0.05172161782712917,0.11394278608388471,0.31669152796623107,0.0647731497686435,False
GBF1,PROT,4,4w,"trained, F+M pooled",-0.04678341134695636,0.03421909728435975,-0.11385284202430147,0.020286019330388746,0.4756068103703572,False
GBP3,PROT,4,4w,"trained, F+M pooled",-0.006529013570808223,0.16057381688621575,-0.3212536946677911,0.30819566752617467,0.6059086267124095,False
GCA,PROT,4,4w,"trained, F+M pooled",-0.045516626830240464,0.10260412613773262,-0.2466207140601964,0.15558746039971547,0.814717822957329,False
GCLM,PROT,4,4w,"trained, F+M pooled",-0.06150998090317677,0.05334420360918336,-0.16606461997717617,0.043044658170822626,0.5718711530610745,False
GDA,PROT,4,4w,"trained, F+M pooled",0.07071272003497618,0.06137998113045217,-0.04959204298071007,0.19101748305066243,0.4397979372770998,False
GLYR1,PROT,4,4w,"trained, F+M pooled",-0.02093582320744392,0.07664724479930661,-0.17116442301408488,0.12929277659919705,0.5167816236180384,False
GPAM,PROT,4,4w,"trained, F+M pooled",0.01649717320796667,0.05073839750315162,-0.08295008589821051,0.11594443231414384,0.8790286844005816,False
GPCPD1,PROT,4,4w,"trained, F+M pooled",-0.12936652556320188,0.06214128680586793,-0.25116344770270305,-0.007569603423700735,0.4396703006782964,False
GSTM1,PROT,4,4w,"trained, F+M pooled",-0.28050847178192534,0.05696639320358284,-0.3921626024609477,-0.16885434110290298,0.0445016304501277,True
GSTM2,PROT,4,4w,"trained, F+M pooled",-0.27728197325756043,0.06092170131573602,-0.396688507836403,-0.15787543867871784,0.0511259846695102,False
GSTM4,PROT,4,4w,"trained, F+M pooled",-0.15006197404897167,0.04794747732694697,-0.24403902960978774,-0.05608491848815561,0.1073296174453033,False
GTF2I,PROT,4,4w,"trained, F+M pooled",0.05470718790071519,0.04595191815538136,-0.035358571683832274,0.14477294748526265,0.5743417019195505,False
GUF1,PROT,4,4w,"trained, F+M pooled",0.12338052056612711,0.04651785049037698,0.032205533604988235,0.214555507527266,0.3311807725251537,False
GYS1,PROT,4,4w,"trained, F+M pooled",0.09071610297836386,0.03922738455724548,0.013830429246162707,0.167601776710565,0.4340078695255136,False
H3-3B,PROT,4,4w,"trained, F+M pooled",0.0053390300323565435,0.150567647961331,-0.2897735599718523,0.30045162003656534,0.6096363888750729,False
HOMER2,PROT,4,4w,"trained, F+M pooled",0.056188828307568134,0.06000574160441642,-0.061422425237088046,0.17380008185222431,0.5066700004166115,False
HSF1,PROT,4,4w,"trained, F+M pooled",0.16716102049518014,0.06357280270342422,0.04255832719646867,0.2917637137938916,0.0922229274812,False
HSPA1B,PROT,4,4w,"trained, F+M pooled",0.29807181858061066,0.12550054924550832,0.05209074205941436,0.544052895101807,0.3584512546015668,False
HSPA2,PROT,4,4w,"trained, F+M pooled",0.10415643385475716,0.057440317132628364,-0.008426587725194432,0.21673945543470874,0.4201271755628539,False
HSPB6,PROT,4,4w,"trained, F+M pooled",0.5901317954016967,0.07367250344060851,0.44573368865810403,0.7345299021452893,8.717583797374687e-05,True
IDH3A,PROT,4,4w,"trained, F+M pooled",0.2009641016540667,0.053470719532946846,0.09616149136949088,0.3057667119386425,0.0501834238439353,False
IGFBP6,PROT,4,4w,"trained, F+M pooled",-0.19715486157769865,0.0988252627878692,-0.3908523766419223,-0.0034573465134750403,0.5535372012718054,False
IRF2BPL,PROT,4,4w,"trained, F+M pooled",-0.03821177894798701,0.12827415388587574,-0.28962912056430345,0.21320556266832946,0.6899088248694987,False
ITGB6,PROT,4,4w,"trained, F+M pooled",-0.02106027768583076,0.0648778885140401,-0.14822093917334936,0.10610038380168783,0.6610350310566931,False
ITIH3,PROT,4,4w,"trained, F+M pooled",-0.11632081324395763,0.13321485052555335,-0.3774219202740422,0.14478029378612692,0.3892030357770383,False
ITIH4,PROT,4,4w,"trained, F+M pooled",-0.03327474042252974,0.16419532942890291,-0.3550975861031795,0.28854810525811997,0.5080322845482719,False
KCNJ11,PROT,4,4w,"trained, F+M pooled",-0.09384921408359023,0.05583871427188445,-0.20329309405648377,0.015594665889303291,0.4579645350095392,False
KCNJ2,PROT,4,4w,"trained, F+M pooled",-0.07777910013883425,0.09755151635705565,-0.2689800721986633,0.11342187192099483,0.5820009163618338,False
KCTD9,PROT,4,4w,"trained, F+M pooled",0.39191215504206345,0.2249841207173319,-0.04905672156390706,0.832881031648034,0.5906128171262396,False
KIF5B,PROT,4,4w,"trained, F+M pooled",-0.04372351465321332,0.04015693233865089,-0.12243110203696907,0.03498407273054242,0.6562491281538484,False
KLHL40,PROT,4,4w,"trained, F+M pooled",0.05630080964973935,0.07860433388303975,-0.09776368476101854,0.21036530406049725,0.7354382657665343,False
KPNA1,PROT,4,4w,"trained, F+M pooled",-0.058383166842277526,0.038609206241891486,-0.13405721107638485,0.017290877391829787,0.6754037725647285,False
KRT31,PROT,4,4w,"trained, F+M pooled",0.4132681914638337,0.367734409251198,-0.3074912506685144,1.1340276335961819,0.555578654825852,False
LCP1,PROT,4,4w,"trained, F+M pooled",-0.11199889770047583,0.05150560183315035,-0.21294987729345052,-0.011047918107501137,0.4104859289978796,False
LGALS1,PROT,4,4w,"trained, F+M pooled",-0.045533774268470946,0.043460748113219226,-0.13071684057038063,0.039649292033438734,0.6785360558074789,False
LPIN1,PROT,4,4w,"trained, F+M pooled",0.2541816280132543,0.05074972265909582,0.15471217160142647,0.3536510844250821,0.0191983992207094,True
LYZ,PROT,4,4w,"trained, F+M pooled",0.14434889358842784,0.13761143213893148,-0.12536951340387786,0.41406730058073354,0.6561427044640966,False
MAOA,PROT,4,4w,"trained, F+M pooled",-0.04816121691930602,0.045664846688962465,-0.13766431642967245,0.04134188259106041,0.7587083048824731,False
MAP1LC3B,PROT,4,4w,"trained, F+M pooled",0.1146206968785836,0.15491274335899793,-0.18900828010505233,0.41824967386221956,0.708923787039682,False
MAP2K3,PROT,4,4w,"trained, F+M pooled",0.05573019370866304,0.044540859190087205,-0.031569890303907874,0.14303027772123394,0.4784490123435477,False
MAPRE3,PROT,4,4w,"trained, F+M pooled",0.18865992505464282,0.10578530497360496,-0.018679272693622878,0.3959991228029085,0.5830929297133044,False
METTL21C,PROT,4,4w,"trained, F+M pooled",-0.19467773064928814,0.0742692151780144,-0.34024539239819634,-0.049110068900379944,0.3173986591242015,False
METTL7A,PROT,4,4w,"trained, F+M pooled",-0.47016667716531796,0.10989031024031332,-0.685551685236332,-0.2547816690943039,0.0378471593063457,True
MFAP5,PROT,4,4w,"trained, F+M pooled",0.1480304526208606,0.1182870892478545,-0.08381224230493423,0.3798731475466554,0.1815734866486571,False
MFN1,PROT,4,4w,"trained, F+M pooled",0.1467713144952107,0.04496148304202938,0.058646807732833095,0.2348958212575883,0.1300703920301595,False
MGST1,PROT,4,4w,"trained, F+M pooled",0.19930204618878,0.28211781074474246,-0.35364886287091524,0.7522529552484752,0.8055716257514588,False
MICU1,PROT,4,4w,"trained, F+M pooled",0.13364188544184194,0.06345284648847067,0.009274306324439416,0.25800946455924445,0.3213036894872253,False
MIF,PROT,4,4w,"trained, F+M pooled",-0.04010240777259974,0.0444256560286702,-0.12717669358879333,0.046971878043593845,0.2174084031781325,False
MRPL4,PROT,4,4w,"trained, F+M pooled",0.17204350833196233,0.06548030575257258,0.043702109056920097,0.30038490760700454,0.3452879494220299,False
MRPL48,PROT,4,4w,"trained, F+M pooled",0.17082765844154307,0.06431895739156115,0.04476250195408321,0.29689281492900294,0.3078254345454061,False
MRPS6,PROT,4,4w,"trained, F+M pooled",0.08143365436547963,0.06354491246990425,-0.0431143740755327,0.20598168280649196,0.663910250665683,False
MSRA,PROT,4,4w,"trained, F+M pooled",0.01729808345199959,0.0676528212260995,-0.11530144615115542,0.14989761305515462,0.9010850505037592,False
MSRB2,PROT,4,4w,"trained, F+M pooled",0.1629956721883063,0.05344381083402929,0.058245802953608886,0.2677455414230037,0.2994697634945499,False
MT2A,PROT,4,4w,"trained, F+M pooled",1.0208248713598844,0.25611053476649687,0.5188482232175505,1.5228015195022184,0.1307111808408929,False
MYBPH,PROT,4,4w,"trained, F+M pooled",0.057729629389724584,0.09465789185027952,-0.12779983863682326,0.24325909741627244,0.4368065730811007,False
MYH3,PROT,4,4w,"trained, F+M pooled",0.11919286551113722,0.10209272115120974,-0.08090886794523386,0.31929459896750834,0.5185821482548925,False
MYH8,PROT,4,4w,"trained, F+M pooled",0.05131194448547098,0.05787853312691561,-0.06212998044328362,0.1647538694142256,0.4678001045568468,False
MYOM1,PROT,4,4w,"trained, F+M pooled",-0.05473502893089934,0.032366073256857725,-0.11817253251434048,0.008702474652541793,0.4745110933520263,False
MYPN,PROT,4,4w,"trained, F+M pooled",0.033794161153574497,0.04082511534736825,-0.046223064927267264,0.11381138723441625,0.6343471463118697,False
NAMPT,PROT,4,4w,"trained, F+M pooled",-0.028301699293585284,0.04892656944849911,-0.12419777541264353,0.06759437682547297,0.8906109694772844,False
NCEH1,PROT,4,4w,"trained, F+M pooled",0.2630475202789311,0.0646923998187088,0.13625041663426182,0.3898446239236003,0.1263841324419182,False
NDUFAF1,PROT,4,4w,"trained, F+M pooled",0.07681669708085288,0.0576214496567193,-0.03612134424631695,0.1897547384080227,0.3630714406140173,False
NDUFB8,PROT,4,4w,"trained, F+M pooled",-0.008408631403919951,0.06255120669486504,-0.13100899652585543,0.11419173371801553,0.785407167974301,False
NEDD1,PROT,4,4w,"trained, F+M pooled",-0.04270211737316683,0.06798549142673689,-0.1759536805695711,0.09054944582323747,0.7646465850211481,False
NFIC,PROT,4,4w,"trained, F+M pooled",-0.12729133148874572,0.0798371708645626,-0.2837721863832884,0.029189523405796974,0.5907807470100825,False
NKIRAS2,PROT,4,4w,"trained, F+M pooled",0.08098759347642005,0.08903025344080442,-0.0935117032675566,0.2554868902203967,0.6537387111709486,False
NMRK2,PROT,4,4w,"trained, F+M pooled",-0.3765687715555469,0.1579826471109662,-0.6862147598930407,-0.06692278321805312,0.414300625820634,False
NQO2,PROT,4,4w,"trained, F+M pooled",0.05538395128475695,0.03907527441384853,-0.021203586566386178,0.13197148913590007,0.5716328759043714,False
NUCB1,PROT,4,4w,"trained, F+M pooled",-0.08269907926634038,0.03425136955389523,-0.14983176359197503,-0.015566394940705719,0.3503115064578245,False
NUDT3,PROT,4,4w,"trained, F+M pooled",-0.026092667630132328,0.03507579514080943,-0.09484122610611881,0.04265589084585416,0.6748366033821138,False
NUDT6,PROT,4,4w,"trained, F+M pooled",0.11410194506333729,0.09928795913975859,-0.08050245485058954,0.3087063449772641,0.3004391746801095,False
OGDH,PROT,4,4w,"trained, F+M pooled",0.2369013538455311,0.06265576543603714,0.1140960535908983,0.3597066541001639,0.0776344157141698,False
ORAI1,PROT,4,4w,"trained, F+M pooled",-0.0244992987996295,0.07987495879575685,-0.18105421803931293,0.13205562044005392,0.6506322538739739,False
OXNAD1,PROT,4,4w,"trained, F+M pooled",0.2840830567271782,0.05196231823210908,0.18223691299224443,0.385929200462112,0.0244033973462114,True
PARVB,PROT,4,4w,"trained, F+M pooled",0.08500837234810367,0.04946985167463324,-0.011952536934177485,0.18196928163038484,0.4014465074303603,False
PDK4,PROT,4,4w,"trained, F+M pooled",0.10118971184551535,0.07927149788340725,-0.054182424005962834,0.25656184769699353,0.3954891013803364,False
PFKFB3,PROT,4,4w,"trained, F+M pooled",0.004486096826801792,0.08159250805465403,-0.1554352189603201,0.16440741261392366,0.9504857701306682,False
PHF5A,PROT,4,4w,"trained, F+M pooled",0.026195992701152002,0.06058414591557706,-0.09254893329337903,0.14494091869568304,0.6759168171631812,False
PHLDA3,PROT,4,4w,"trained, F+M pooled",0.07731810454755078,0.048406519336343615,-0.017558673351682708,0.17219488244678427,0.2994697634945499,False
PHYHD1,PROT,4,4w,"trained, F+M pooled",-0.1378033048858598,0.08323378444753135,-0.30094152240302124,0.025334912631301665,0.6331762457628269,False
PIGS,PROT,4,4w,"trained, F+M pooled",-0.11210698272483818,0.07082014110008947,-0.2509144592810135,0.026700493831337158,0.210972745752978,False
PJA2,PROT,4,4w,"trained, F+M pooled",0.11474683067137485,0.07319763296296218,-0.02872052993603101,0.2582141912787807,0.263701366033908,False
PKM,PROT,4,4w,"trained, F+M pooled",-0.057859324766860384,0.03448079498339217,-0.12544168293430902,0.009723033400588263,0.6334203880686414,False
PLA2G2A,PROT,4,4w,"trained, F+M pooled",0.24963601979337938,0.2458640962350466,-0.23225760882731197,0.7315296484140708,0.3311807725251537,False
PLGRKT,PROT,4,4w,"trained, F+M pooled",-0.10007189834890402,0.07715338585008621,-0.251292534615073,0.051148737917264944,0.6181058382024022,False
PLIN1,PROT,4,4w,"trained, F+M pooled",0.16557898540252455,0.1924733738829244,-0.21166882740800727,0.5428267982130563,0.7650067004734754,False
PLIN4,PROT,4,4w,"trained, F+M pooled",0.210920025690055,0.04411062514893203,0.12446320039814822,0.29737685098196176,0.0097162062312237,True
PPIF,PROT,4,4w,"trained, F+M pooled",0.39851453243122503,0.059898761243262225,0.28111296039443107,0.5159161044680189,0.0025486990068835,True
PPIG,PROT,4,4w,"trained, F+M pooled",-0.04216082852396769,0.0701365176210935,-0.17962840306131095,0.09530674601337558,0.7037403327593503,False
PPP3R1,PROT,4,4w,"trained, F+M pooled",-0.12714685004755885,0.061698137745905546,-0.2480752000295337,-0.0062185000655839845,0.4756068103703572,False
PRKAR2B,PROT,4,4w,"trained, F+M pooled",-0.07679946539784269,0.10922968264920632,-0.2908896433902871,0.1372907125946017,0.7502088097192595,False
PRMT3,PROT,4,4w,"trained, F+M pooled",0.05381987455349571,0.049217723660837244,-0.04264686382174529,0.1502866129287367,0.7247806426433286,False
PTER,PROT,4,4w,"trained, F+M pooled",0.4844651742624521,0.1592208902214521,0.17239222942840599,0.7965381190964982,0.1605314891344944,False
RARRES2,PROT,4,4w,"trained, F+M pooled",-0.14804190125687366,0.0642806003404594,-0.2740318779241741,-0.022051924589573224,0.3238147496731195,False
RBMXL1,PROT,4,4w,"trained, F+M pooled",0.0058143956184212465,0.034909144329833205,-0.06260752726805184,0.07423631850489433,0.9079680325188322,False
RBP4,PROT,4,4w,"trained, F+M pooled",-0.16543228521382333,0.11449430652801722,-0.3898411260087371,0.05897655558109041,0.4832949137648808,False
RPAP3,PROT,4,4w,"trained, F+M pooled",-0.06912912431040441,0.06618696274802337,-0.1988555712965302,0.06059732267572138,0.7726077349822178,False
RPL3,PROT,4,4w,"trained, F+M pooled",-0.15526821012247805,0.04895418549664691,-0.251218413695906,-0.059318006549050104,0.1701496766041536,False
RPN1,PROT,4,4w,"trained, F+M pooled",-0.16423109314716616,0.05373757861483505,-0.2695567472322429,-0.05890543906208946,0.2201422749350227,False
RPS3,PROT,4,4w,"trained, F+M pooled",-0.03860303796211309,0.062177024608683455,-0.16047000619513266,0.08326393027090648,0.8197048040769006,False
RPUSD4,PROT,4,4w,"trained, F+M pooled",0.24326767227353416,0.09755048662621774,0.052068718486147386,0.4344666260609209,0.1166064967094766,False
RTN2,PROT,4,4w,"trained, F+M pooled",-0.29320183581188625,0.08036098849233297,-0.4507093732568589,-0.13569429836691363,0.0834925006316198,False
RXRG,PROT,4,4w,"trained, F+M pooled",-0.03711224970106363,0.05145326993652202,-0.1379606587766468,0.06373615937451954,0.8036821714923327,False
S100A1,PROT,4,4w,"trained, F+M pooled",-0.4029242007641566,0.1327149495300641,-0.6630455018430822,-0.14280289968523097,0.1782192081094459,False
S100A4,PROT,4,4w,"trained, F+M pooled",-0.04303986958643582,0.09382448378085927,-0.22693585779692,0.14085611862404834,0.6510919117792501,False
S100A8,PROT,4,4w,"trained, F+M pooled",-0.306926777545401,0.17185084388748437,-0.6437544315648703,0.02990087647406836,0.3213036894872253,False
S100A9,PROT,4,4w,"trained, F+M pooled",-0.15557032668660725,0.24007659636024645,-0.6261204555526902,0.3149798021794758,0.8170082755022975,False
SCN4B,PROT,4,4w,"trained, F+M pooled",-0.04636821437122852,0.0649152398024747,-0.17360208438407893,0.0808656556416219,0.5834495333449308,False
SCRN1,PROT,4,4w,"trained, F+M pooled",0.1591665278058798,0.08399593446394253,-0.005465503743447536,0.3237985593552072,0.3216387096517094,False
SF3A3,PROT,4,4w,"trained, F+M pooled",-0.025240538170615816,0.034384071221733425,-0.09263331776521333,0.04215224142398169,0.7456800550375702,False
SHISA4,PROT,4,4w,"trained, F+M pooled",-0.1613797506390533,0.10472440131147792,-0.36663957720955,0.04388007593144341,0.5005936362421489,False
SLC16A1,PROT,4,4w,"trained, F+M pooled",0.13602012053711512,0.05858907942761584,0.021185524858988072,0.2508547162152422,0.4799863030303518,False
SLC25A25,PROT,4,4w,"trained, F+M pooled",0.05195330858273299,0.14538183497587265,-0.23299508796997737,0.3369017051354434,0.9270047489634424,False
SLC2A4,PROT,4,4w,"trained, F+M pooled",0.39072708182177274,0.06498771334541639,0.26335116366475664,0.5181029999787888,0.0019317125214747,True
SMAP1,PROT,4,4w,"trained, F+M pooled",-0.04202233094562108,0.061007085029046046,-0.16159621760255133,0.07755155571130917,0.762996716287808,False
SS18L1,PROT,4,4w,"trained, F+M pooled",-0.0530033152082619,0.08642413694375119,-0.22239462361801424,0.11638799320149043,0.8736607757646113,False
STRN4,PROT,4,4w,"trained, F+M pooled",0.09504009906997116,0.08376683342568568,-0.06914289444437277,0.2592230925843151,0.6424741689899509,False
TFRC,PROT,4,4w,"trained, F+M pooled",0.5306396201097044,0.08013716790182522,0.373570771022127,0.6877084691972819,0.0003121855508943,True
THOC3,PROT,4,4w,"trained, F+M pooled",-0.009591516877656556,0.048426944782918056,-0.10450832865217594,0.08532529489686283,0.839495377157142,False
TM9SF4,PROT,4,4w,"trained, F+M pooled",-0.0870110582742513,0.1030438377506988,-0.28897698026562096,0.11495486371711834,0.81622827135926,False
TMSB4X,PROT,4,4w,"trained, F+M pooled",0.554135769366944,0.5390363399359352,-0.5023754569074892,1.6106469956413771,0.522882320144112,False
TNMD,PROT,4,4w,"trained, F+M pooled",-0.23162848689558443,0.17313961500071648,-0.5709821322969887,0.10772515850581985,0.7092705429631502,False
TOP1,PROT,4,4w,"trained, F+M pooled",0.006290792557494063,0.045997170332889456,-0.08386366129496926,0.0964452464099574,0.4617408428558462,False
TPPP3,PROT,4,4w,"trained, F+M pooled",-0.09838260845819911,0.07332564567797911,-0.24210087398703817,0.045335657070639954,0.694837770852321,False
TRAPPC1,PROT,4,4w,"trained, F+M pooled",0.02207920064116523,0.05041470362638146,-0.07673361846654243,0.12089201974887288,0.5710852933851057,False
TRIOBP,PROT,4,4w,"trained, F+M pooled",0.01343332601870052,0.0353871394347761,-0.055925467273460636,0.08279211931086168,0.5509393881472462,False
TRIP10,PROT,4,4w,"trained, F+M pooled",-0.025514501430137306,0.03336322110282021,-0.09090641479166492,0.0398774119313903,0.8544724164915659,False
TTC7B,PROT,4,4w,"trained, F+M pooled",-0.017870801247209946,0.08582415351002501,-0.18608614212685895,0.15034453963243907,0.7259365410435566,False
TYW3,PROT,4,4w,"trained, F+M pooled",-0.05794238723527018,0.0733398396456383,-0.20168847294072123,0.08580369847018088,0.6435037096719654,False
UBE2M,PROT,4,4w,"trained, F+M pooled",-0.0594321438437397,0.0881909434796606,-0.23228639306387447,0.11342210537639505,0.7972760465399245,False
UBR7,PROT,4,4w,"trained, F+M pooled",0.08713182871496572,0.24551546310817451,-0.39407847897705633,0.5683421364069878,0.9279154672079688,False
UCKL1,PROT,4,4w,"trained, F+M pooled",0.11629900381893155,0.057680814719944073,0.0032446069678411654,0.2293534006700219,0.4934493804760855,False
UPP1,PROT,4,4w,"trained, F+M pooled",0.11928941731669349,0.060488855846792595,0.0007312598569799988,0.23784757477640697,0.2857435928350086,False
VEGFB,PROT,4,4w,"trained, F+M pooled",-0.1536567760717821,0.13982798593418758,-0.4277196285027898,0.12040607635922554,0.634107053879251,False
WBP2,PROT,4,4w,"trained, F+M pooled",-0.08289170697887234,0.04024697849977815,-0.16177578483843752,-0.00400762911930716,0.2937682171091046,False
WDSUB1,PROT,4,4w,"trained, F+M pooled",-0.13403962208250605,0.08363225767460919,-0.2979588471247401,0.02987960295972794,0.3311807725251537,False
WFDC1,PROT,4,4w,"trained, F+M pooled",-0.1917138695661146,0.10744821927100243,-0.40231237933727937,0.01888464020505015,0.511477726105493,False
XIRP1,PROT,4,4w,"trained, F+M pooled",-0.5013264928112982,0.10406925178232138,-0.705302226304648,-0.2973507593179483,0.0380324507069391,True
YTHDC2,PROT,4,4w,"trained, F+M pooled",-0.06419416135388728,0.046133322390690366,-0.1546154732396404,0.026227150531865834,0.5483317579662897,False
YTHDF3,PROT,4,4w,"trained, F+M pooled",0.03316698161287055,0.04461727610895525,-0.054282879560681736,0.12061684278642285,0.7852821683095871,False
YWHAE,PROT,4,4w,"trained, F+M pooled",-0.11811158955411682,0.07433574019817435,-0.2638096403425385,0.027586461234304888,0.3640843325781282,False
ACAD8,PROT,8,8w,"trained, F+M pooled",0.14555687547245608,0.05367938735940709,0.04034527624801819,0.25076847469689395,0.0790759188371138,False
ACADM,PROT,8,8w,"trained, F+M pooled",0.3592327022656989,0.048970175722046455,0.26325115785048786,0.45521424668091,1.255537893271318e-05,True
ACTC1,PROT,8,8w,"trained, F+M pooled",0.09535400582852786,0.17909913527619478,-0.2556802993128139,0.44638831096986964,0.8397349836281413,False
ACTN3,PROT,8,8w,"trained, F+M pooled",-0.14181845767923068,0.03577170693693442,-0.21193100327562214,-0.07170591208283922,0.0728271315784086,False
ACYP1,PROT,8,8w,"trained, F+M pooled",0.05531734125456653,0.06466739270263352,-0.07143074844259517,0.18206543095172822,0.2772012030848357,False
ACYP2,PROT,8,8w,"trained, F+M pooled",-0.1237477540448538,0.05749238375071205,-0.23643282619624942,-0.011062681893458187,0.0512116483865245,False
ADIPOQ,PROT,8,8w,"trained, F+M pooled",0.15848234303888425,0.10317797523450002,-0.04374648842073578,0.3607111744985043,0.4020714450340075,False
AEBP1,PROT,8,8w,"trained, F+M pooled",-0.17056408091165556,0.08442998532544332,-0.33604685214952446,-0.005081309673786644,0.0968323953573886,False
AGBL1,PROT,8,8w,"trained, F+M pooled",-0.23474640983329725,0.053438577887145185,-0.3394860224921018,-0.1300067971744927,0.0338570573962053,True
AKR1B10,PROT,8,8w,"trained, F+M pooled",-0.09430220062395522,0.04710060358535164,-0.18661938365124442,-0.001985017596666014,0.419714187470172,False
AKT1S1,PROT,8,8w,"trained, F+M pooled",-0.0469264981917473,0.048376295073280874,-0.14174403653537782,0.0478910401518832,0.3847603876546297,False
ALDH1A3,PROT,8,8w,"trained, F+M pooled",-0.35256779007652955,0.08962997520043701,-0.5282425414693861,-0.176893038683673,0.0572608660857057,False
AMPH,PROT,8,8w,"trained, F+M pooled",0.08632481307049977,0.13921967050507322,-0.18654574111944372,0.35919536726044327,0.5706807725830552,False
ANKRD49,PROT,8,8w,"trained, F+M pooled",-0.20310145889788617,0.09080856100142211,-0.38108623846067347,-0.02511667933509884,0.2476178793176992,False
ANP32B,PROT,8,8w,"trained, F+M pooled",0.055702485921148966,0.04474874584464031,-0.03200505593434604,0.14341002777664397,0.6209640204834215,False
ANXA5,PROT,8,8w,"trained, F+M pooled",-0.12869746428493387,0.05223974648457601,-0.23108736739470284,-0.02630756117516489,0.2965215205067306,False
AOC3,PROT,8,8w,"trained, F+M pooled",0.018729350474744468,0.08936832906297038,-0.15643257448867745,0.1938912754381664,0.8856617115384966,False
APOD,PROT,8,8w,"trained, F+M pooled",0.27759391341511647,0.18373098870013976,-0.08251882443715747,0.6377066512673903,0.4752890904816547,False
APPL2,PROT,8,8w,"trained, F+M pooled",-0.003019181465588533,0.09282469166001546,-0.1849555771192188,0.17891721418804177,0.8661505234696585,False
AQP1,PROT,8,8w,"trained, F+M pooled",0.16472198651212575,0.07917398763815778,0.009540970741336502,0.319903002282915,0.3735397725604877,False
AS3MT,PROT,8,8w,"trained, F+M pooled",-0.09290533663631552,0.04368906038091325,-0.17853589498290548,-0.007274778289725559,0.3244802835409447,False
ASB15,PROT,8,8w,"trained, F+M pooled",-0.23481877127888545,0.07099897474736634,-0.37397676178372347,-0.09566078077404744,0.1414859372066827,False
ASPN,PROT,8,8w,"trained, F+M pooled",-0.11387694038445989,0.06481797387084724,-0.24092016917132048,0.013166288402400694,0.3935311401226966,False
ASS1,PROT,8,8w,"trained, F+M pooled",-0.06795030663623988,0.10280090606356963,-0.2694400825208364,0.1335394692483566,0.6329776237582515,False
BASP1,PROT,8,8w,"trained, F+M pooled",-0.2414511332163491,0.06381612084519599,-0.36653073007293324,-0.11637153635976497,0.048666712049507,True
BPGM,PROT,8,8w,"trained, F+M pooled",-0.34040153233468284,0.06104050245743966,-0.4600409171512646,-0.2207621475181011,0.000642270210627,True
BSG,PROT,8,8w,"trained, F+M pooled",0.3636387236220135,0.05329616619197326,0.2591782378857459,0.4680992093582811,0.0007128123331061,True
BVES,PROT,8,8w,"trained, F+M pooled",0.07749038250084689,0.08078403111624674,-0.08084631848699672,0.2358270834886905,0.6458369133390309,False
C1R,PROT,8,8w,"trained, F+M pooled",-0.09224655774343712,0.06584029022537968,-0.2212935265851813,0.03680041109830706,0.5362523550520019,False
C3,PROT,8,8w,"trained, F+M pooled",-0.06537658703573972,0.16001114646476555,-0.3789984341066802,0.24824526003520075,0.4636443418493453,False
C6orf136,PROT,8,8w,"trained, F+M pooled",0.46686821355695485,0.06591415724863275,0.3376764653496347,0.596059961764275,0.0001627760644762,True
CAB39L,PROT,8,8w,"trained, F+M pooled",0.03324534035043495,0.041145252180711835,-0.04739935392376025,0.11389003462463015,0.6334635317081392,False
CALCOCO1,PROT,8,8w,"trained, F+M pooled",0.09702501880408822,0.04788241176261911,0.0031754917493547613,0.1908745458588217,0.3624526329727728,False
CALM3,PROT,8,8w,"trained, F+M pooled",-0.47314930210422085,0.14775752839586254,-0.7627540577601114,-0.1835445464483303,0.0395982360498705,True
CAMK2B,PROT,8,8w,"trained, F+M pooled",-0.10802717316269156,0.030309323830239144,-0.16743344786996028,-0.04862089845542284,0.1221890075879031,False
CAMK2G,PROT,8,8w,"trained, F+M pooled",-0.13741225605069737,0.044634927410709416,-0.22489671377568782,-0.049927798325706915,0.1803678202918091,False
CAP1,PROT,8,8w,"trained, F+M pooled",0.06877795550530993,0.05130132493529438,-0.03177264136786705,0.16932855237848693,0.1515505978316305,False
CAPZB,PROT,8,8w,"trained, F+M pooled",-0.07521097078804644,0.031932892676867476,-0.13779944043470668,-0.012622501141386189,0.2550402473801722,False
CARM1,PROT,8,8w,"trained, F+M pooled",-0.08387137440235408,0.05676418006284822,-0.1951291673255366,0.027386418520828418,0.393940047831773,False
CARNS1,PROT,8,8w,"trained, F+M pooled",0.12105006921829821,0.046554544466644324,0.029803162063675337,0.21229697637292108,0.0225072144358915,True
CDC37L1,PROT,8,8w,"trained, F+M pooled",-0.06284415128987257,0.03464600758645503,-0.13075032615932441,0.005062023579579286,0.2664540481187566,False
CEBPG,PROT,8,8w,"trained, F+M pooled",0.2575180275173152,0.15718021890283276,-0.050555201532237026,0.5655912565668674,0.4766151801517242,False
CENPV,PROT,8,8w,"trained, F+M pooled",-0.06271725701319741,0.04407823136474947,-0.14911059048810638,0.023676076461711548,0.5180276140478386,False
CES1,PROT,8,8w,"trained, F+M pooled",0.015206206203784897,0.07522953668871153,-0.1322436857060897,0.1626560981136595,0.3958006486863261,False
CFD,PROT,8,8w,"trained, F+M pooled",-0.13950110867087542,0.05784780745403788,-0.25288281128078965,-0.02611940606096118,0.2355043184538356,False
CHAC2,PROT,8,8w,"trained, F+M pooled",-0.23082580021986313,0.08846177473435704,-0.4042108786992029,-0.05744072174052334,0.0685541104862925,False
CHCHD10,PROT,8,8w,"trained, F+M pooled",0.15465280761995082,0.06518736114600461,0.02688557977378178,0.2824200354661198,0.3514595706921699,False
CHP1,PROT,8,8w,"trained, F+M pooled",0.155017670058597,0.09468454892683928,-0.03056404583800798,0.340599385955202,0.3244802835409447,False
CHUK,PROT,8,8w,"trained, F+M pooled",0.1674351580399252,0.08057590779131148,0.009506378768954715,0.3253639373108957,0.1504484198163519,False
CISD1,PROT,8,8w,"trained, F+M pooled",0.10931953581758366,0.06887103130918935,-0.025667685548427466,0.2443067571835948,0.1262450306832508,False
CKB,PROT,8,8w,"trained, F+M pooled",-0.06905231746285018,0.050212548488419724,-0.16746891250015283,0.02936427757445248,0.4655267322667975,False
CLASP1,PROT,8,8w,"trained, F+M pooled",-0.05148156060394692,0.034707945312874966,-0.11950913341718186,0.01654601220928801,0.5526965695376924,False
CLPTM1,PROT,8,8w,"trained, F+M pooled",-0.14946036762646353,0.07584422686588202,-0.29811505228359225,-0.0008056829693347811,0.3181883144302895,False
CLU,PROT,8,8w,"trained, F+M pooled",-0.06727173366957673,0.08975556324761456,-0.24319263763490126,0.1086491702957478,0.2656164014208794,False
CMC1,PROT,8,8w,"trained, F+M pooled",0.4579544555272655,0.05341075708666149,0.353269371637409,0.562639539417122,3.1472774070547216e-05,True
CNN1,PROT,8,8w,"trained, F+M pooled",0.5191821526943525,0.29905600267474747,-0.06696761254815253,1.1053319179368577,0.3696573692725384,False
COL5A2,PROT,8,8w,"trained, F+M pooled",0.2189533822033213,0.2659490738062528,-0.3023068024569342,0.7402135668635768,0.7430678937067732,False
COL6A6,PROT,8,8w,"trained, F+M pooled",0.12946377660477038,0.1208129108606122,-0.10732952868202952,0.36625708189157025,0.4976179959068739,False
CORO1C,PROT,8,8w,"trained, F+M pooled",0.05010178334924558,0.04795867710234126,-0.04389722377134329,0.14410079046983446,0.271372068731035,False
CPE,PROT,8,8w,"trained, F+M pooled",0.07899593111072879,0.0859246516553883,-0.08941638613383228,0.24740824835528985,0.5997858006043364,False
DBNDD2,PROT,8,8w,"trained, F+M pooled",0.2120313171771956,0.06939620614619324,0.07601475313065684,0.3480478812237343,0.0646151621564876,False
DDX39A,PROT,8,8w,"trained, F+M pooled",0.06895291041532439,0.05104826115104605,-0.031101681440725865,0.16900750227137465,0.4183073920863067,False
DGKZ,PROT,8,8w,"trained, F+M pooled",-0.023601360507929044,0.06468875412544069,-0.1503913185937928,0.1031885975779347,0.3258457300622031,False
DNAJA1,PROT,8,8w,"trained, F+M pooled",0.17543464478797938,0.046478082507712654,0.08433760307286257,0.26653168650309617,0.014896775235795,True
DNAJA4,PROT,8,8w,"trained, F+M pooled",0.12244083989740749,0.04943504398359503,0.02554815368956123,0.21933352610525375,0.0186874999618541,True
DOK7,PROT,8,8w,"trained, F+M pooled",0.0965213417919727,0.07520971935726262,-0.05088970814826203,0.24393239173220743,0.3949911207977326,False
DPH3,PROT,8,8w,"trained, F+M pooled",-0.031776330056264755,0.12069213102945803,-0.26833290687400246,0.20478024676147297,0.6044820697013256,False
DPYSL2,PROT,8,8w,"trained, F+M pooled",0.03175984128714519,0.04922349600731899,-0.06471821088720003,0.12823789346149042,0.8536580419287336,False
DYNLL1,PROT,8,8w,"trained, F+M pooled",0.12626608494246871,0.10872811792263903,-0.08684102618590378,0.3393731960708412,0.1775022711738839,False
EEF1A2,PROT,8,8w,"trained, F+M pooled",-0.002053176033839898,0.04332386982155072,-0.08696796088407929,0.0828616088163995,0.3014941106895924,False
EEF1B2,PROT,8,8w,"trained, F+M pooled",-0.11245609273350668,0.0734078178981045,-0.2563354158137915,0.03142323034677813,0.5000047285542508,False
EFEMP1,PROT,8,8w,"trained, F+M pooled",-0.06336150884084989,0.06111434650954088,-0.18314562799955003,0.056422610317850244,0.5375911644600617,False
EFHD1,PROT,8,8w,"trained, F+M pooled",0.17809513748324587,0.2917943702761291,-0.3938218282579671,0.7500121032244589,0.6666050125664181,False
EHBP1,PROT,8,8w,"trained, F+M pooled",-0.11143697962870013,0.07037867593535134,-0.24937918446198876,0.026505225204588492,0.3186537329938544,False
EHBP1L1,PROT,8,8w,"trained, F+M pooled",-0.07310136610368007,0.03196696005103919,-0.13575660780371687,-0.010446124403643259,0.2213401872099999,False
EIF3G,PROT,8,8w,"trained, F+M pooled",0.014158886719347704,0.04490160907303685,-0.07384826706380453,0.10216604050249993,0.6764824913397302,False
EIF4EBP1,PROT,8,8w,"trained, F+M pooled",0.03939599148559118,0.07426105468535024,-0.1061556756976953,0.18494765866887763,0.5526478214370206,False
FABP4,PROT,8,8w,"trained, F+M pooled",0.3030594127686811,0.055407438866832595,0.19446083258968921,0.41165799294767297,0.0015337740662325,True
FBLN2,PROT,8,8w,"trained, F+M pooled",-0.06362976136874644,0.0497933289490387,-0.1612246861088623,0.0339651633713694,0.4431823966161847,False
FBXO40,PROT,8,8w,"trained, F+M pooled",-0.06759977196222022,0.03388453465695075,-0.1340134598898437,-0.001186084034596746,0.3336801944225614,False
FBXO6,PROT,8,8w,"trained, F+M pooled",0.01193108575129396,0.04550525184131411,-0.07725920785768169,0.10112137936026962,0.7444707676686431,False
FEZ2,PROT,8,8w,"trained, F+M pooled",0.0009342024343776229,0.04296190852701219,-0.08327113827856626,0.08513954314732151,0.4294920179045298,False
FGL2,PROT,8,8w,"trained, F+M pooled",0.13116974521360558,0.10083895398126459,-0.06647460458967303,0.3288140950168842,0.1355676266927297,False
FHIT,PROT,8,8w,"trained, F+M pooled",-0.04663716773612158,0.06468109380195702,-0.17341211158795736,0.08013777611571418,0.3268106218442698,False
FHOD3,PROT,8,8w,"trained, F+M pooled",0.018194921094825955,0.051664982668355466,-0.08306844493515075,0.11945828712480266,0.6093458693571665,False
FKBP1A,PROT,8,8w,"trained, F+M pooled",0.12963070761546408,0.08410467664330054,-0.03521445860540498,0.2944758738363331,0.2895832965875439,False
FKBP5,PROT,8,8w,"trained, F+M pooled",0.17689129561636335,0.053059446684247384,0.07289478011523848,0.28088781111748823,0.0329216373394832,True
GBF1,PROT,8,8w,"trained, F+M pooled",-0.07664432369132072,0.03502550632727481,-0.14529431609277935,-0.0079943312898621,0.4001919481977239,False
GBP3,PROT,8,8w,"trained, F+M pooled",-0.18657463643417893,0.16389254758862876,-0.5078040297078913,0.13465475683953343,0.537720849898089,False
GCA,PROT,8,8w,"trained, F+M pooled",-0.1089879685253562,0.10490682279749886,-0.31460534120845396,0.09662940415774157,0.2586089578227502,False
GCLM,PROT,8,8w,"trained, F+M pooled",-0.10655783142596932,0.05443480225493895,-0.21325004384564966,0.00013438099371101964,0.2634819992105786,False
GDA,PROT,8,8w,"trained, F+M pooled",0.14056992789269074,0.06227097485554203,0.01851881717582836,0.2626210386095531,0.0444470727273193,True
GLYR1,PROT,8,8w,"trained, F+M pooled",0.05550893652120265,0.07846538629990144,-0.09828322062660416,0.20930109366900945,0.5278609063578701,False
GPAM,PROT,8,8w,"trained, F+M pooled",0.007258600615158245,0.05202201528781426,-0.09470454934895771,0.1092217505792742,0.8358100299670255,False
GPCPD1,PROT,8,8w,"trained, F+M pooled",-0.25563304495835387,0.0638390496169739,-0.3807575822076227,-0.13050850770908504,0.0043119932793448,True
GSTM1,PROT,8,8w,"trained, F+M pooled",-0.23461056758211601,0.05825317326173279,-0.34878678717511225,-0.12043434798911976,0.002074225782915,True
GSTM2,PROT,8,8w,"trained, F+M pooled",-0.18466237473517277,0.06280575737151867,-0.30776165918334936,-0.06156309028699619,0.0046371047997847,True
GSTM4,PROT,8,8w,"trained, F+M pooled",-0.11627277108136298,0.048642008132762274,-0.21161110702157704,-0.020934435141148927,0.2214196729543753,False
GTF2I,PROT,8,8w,"trained, F+M pooled",-0.03326200686964765,0.04715627903450514,-0.1256883137772777,0.05916430003798242,0.4948827197928679,False
GUF1,PROT,8,8w,"trained, F+M pooled",0.15431386014199466,0.04773118345691178,0.06076074056644758,0.24786697971754174,0.029444500324484,True
GYS1,PROT,8,8w,"trained, F+M pooled",0.12982915245663953,0.04020729095359497,0.0510228621875934,0.20863544272568568,0.077412594401573,False
H3-3B,PROT,8,8w,"trained, F+M pooled",0.3627940182807537,0.15485198458175436,0.05928412850051512,0.6663039080609923,0.2155661588004233,False
HOMER2,PROT,8,8w,"trained, F+M pooled",-0.08984125957375427,0.06130790287354203,-0.21000474920589665,0.030322230058388105,0.4563536272290506,False
HSF1,PROT,8,8w,"trained, F+M pooled",0.11707012852005526,0.0652534139927166,-0.010826562905669287,0.2449668199457798,0.1747694486773602,False
HSPA1B,PROT,8,8w,"trained, F+M pooled",1.0925929065831008,0.12902095721060833,0.8397118304503085,1.3454739827158932,3.3212872241692085e-06,True
HSPA2,PROT,8,8w,"trained, F+M pooled",0.0766109481289908,0.058676826388051516,-0.038395631591590165,0.19161752784957176,0.3856050919671233,False
HSPB6,PROT,8,8w,"trained, F+M pooled",0.6730991145906113,0.07584743399263214,0.5244381439650524,0.8217600852161703,1.5092588797574957e-05,True
IDH3A,PROT,8,8w,"trained, F+M pooled",0.3725360281508874,0.054875749722519705,0.26497955869474876,0.480092497607026,0.0001321597598618,True
IGFBP6,PROT,8,8w,"trained, F+M pooled",-0.3052995366400306,0.10124108265323767,-0.5037320586403764,-0.10686701463968479,0.0921274506242297,False
IRF2BPL,PROT,8,8w,"trained, F+M pooled",0.15003981362107366,0.13138880464559766,-0.10748224348429775,0.40756187072644506,0.4012184579711597,False
ITGB6,PROT,8,8w,"trained, F+M pooled",0.008516335235217843,0.06675980231619069,-0.1223328773045159,0.13936554777495158,0.8949085854649736,False
ITIH3,PROT,8,8w,"trained, F+M pooled",-0.21401702212387017,0.13563169618728702,-0.47985514665095275,0.05182110240321239,0.1541138616096919,False
ITIH4,PROT,8,8w,"trained, F+M pooled",0.06489499945332096,0.16771734731381333,-0.2638310012817532,0.3936210001883951,0.3017974469834226,False
KCNJ11,PROT,8,8w,"trained, F+M pooled",-0.1145508880151741,0.05733246325361164,-0.2269225159922529,-0.002179260038095293,0.4491039648373883,False
KCNJ2,PROT,8,8w,"trained, F+M pooled",0.1448075986916302,0.10251759944879596,-0.05612689622800987,0.3457420936112703,0.4735911636245959,False
KCTD9,PROT,8,8w,"trained, F+M pooled",0.36089386685971303,0.23105077949758834,-0.09196566095556014,0.8137533946749862,0.3278634515585162,False
KIF5B,PROT,8,8w,"trained, F+M pooled",-0.02267134214329245,0.04108301161537387,-0.10319404490942524,0.05785136062284033,0.8552535389105468,False
KLHL40,PROT,8,8w,"trained, F+M pooled",0.15794618971015756,0.12796211425877332,-0.09285955423703818,0.4087519336573533,0.1433627806635814,False
KPNA1,PROT,8,8w,"trained, F+M pooled",-0.07766957088003934,0.03975467552637004,-0.15558873491172462,0.0002495931516459382,0.2618704610788249,False
KRT31,PROT,8,8w,"trained, F+M pooled",0.34601065565303896,0.3765404184591225,-0.39200856452684113,1.084029875832919,0.1995400930414103,False
LCP1,PROT,8,8w,"trained, F+M pooled",-0.13886378759114942,0.05277858693961675,-0.24230981799279824,-0.035417757189500604,0.1884112058581124,False
LGALS1,PROT,8,8w,"trained, F+M pooled",-0.024269989465882078,0.0444205472227209,-0.11133426202241505,0.0627942830906509,0.2627637105695211,False
LPIN1,PROT,8,8w,"trained, F+M pooled",0.35685487893206186,0.05225623982007222,0.2544326488847203,0.45927710897940344,8.482370224969124e-05,True
LYZ,PROT,8,8w,"trained, F+M pooled",0.4247941146622066,0.14174304709687258,0.1469777423523364,0.7026104869720768,0.2439804957019579,False
MAOA,PROT,8,8w,"trained, F+M pooled",0.015410533856986802,0.04682441361193267,-0.07636531682240123,0.10718638453637484,0.814346644206856,False
MAP1LC3B,PROT,8,8w,"trained, F+M pooled",-0.0020898824196054493,0.15491274335899802,-0.30571885940324156,0.30153909456403066,0.7492204515613202,False
MAP2K3,PROT,8,8w,"trained, F+M pooled",0.05062525755392338,0.04589556433785855,-0.03933004854827938,0.14058056365612615,0.2722223702144964,False
MAPRE3,PROT,8,8w,"trained, F+M pooled",-0.06889726443689707,0.11000850787062681,-0.2845139398633256,0.14671941098953145,0.3307745770931004,False
METTL21C,PROT,8,8w,"trained, F+M pooled",-0.2749603517300478,0.07648950617099862,-0.4248797838252051,-0.1250409196348905,0.09517910939664,False
METTL7A,PROT,8,8w,"trained, F+M pooled",-0.6133900939425717,0.1123292993710285,-0.8335555207097876,-0.39322466717535587,0.0010877125111017,True
MFAP5,PROT,8,8w,"trained, F+M pooled",0.12189092257164402,0.12200828774151724,-0.11724532140172977,0.3610271665450178,0.6399312165040577,False
MFN1,PROT,8,8w,"trained, F+M pooled",0.11288020344876953,0.046237410977255936,0.022254877933347905,0.20350552896419116,0.0103615499823082,True
MGST1,PROT,8,8w,"trained, F+M pooled",0.378980435494699,0.28211781074474257,-0.17397047356499645,0.9319313445543944,0.5245594142428037,False
MICU1,PROT,8,8w,"trained, F+M pooled",0.12614835227489757,0.06495939029501759,-0.0011720527033368955,0.253468757253132,0.3130864852123889,False
MIF,PROT,8,8w,"trained, F+M pooled",-0.055629621280587696,0.045769639307218286,-0.14533811432273552,0.034078871761560145,0.2667147509678326,False
MRPL4,PROT,8,8w,"trained, F+M pooled",0.15347249666904078,0.06738120884144785,0.021405327339802993,0.28553966599827857,0.3224809974549908,False
MRPL48,PROT,8,8w,"trained, F+M pooled",0.21954006508669868,0.06566523774316134,0.09083619911010246,0.3482439310632949,0.0581372956512998,False
MRPS6,PROT,8,8w,"trained, F+M pooled",0.1715423572489987,0.06485408701943987,0.04442834669089654,0.2986563678071008,0.0290015503156838,True
MSRA,PROT,8,8w,"trained, F+M pooled",0.10346479290245858,0.06913620792045067,-0.03204217462162473,0.2389717604265419,0.1548675815415107,False
MSRB2,PROT,8,8w,"trained, F+M pooled",0.25293055995139335,0.054914499110667064,0.1452981416944859,0.3605629782083008,0.0081459033124647,True
MT2A,PROT,8,8w,"trained, F+M pooled",1.5771266206367038,0.26403549039807905,1.059617059456469,2.094636181816939,0.0012570545756378,True
MYBPH,PROT,8,8w,"trained, F+M pooled",0.1818952399964528,0.09656164369551717,-0.007365581646760849,0.3711560616396664,0.1355676266927297,False
MYH3,PROT,8,8w,"trained, F+M pooled",-0.04040423069514834,0.1054216035549837,-0.2470305736629164,0.1662221122726197,0.3702241938910779,False
MYH8,PROT,8,8w,"trained, F+M pooled",0.042484790218006406,0.05924681854543782,-0.07363897413105172,0.15860855456706452,0.8240024722973393,False
MYOM1,PROT,8,8w,"trained, F+M pooled",-0.011914148964991971,0.03329370758114515,-0.07716981582403647,0.05334151789405252,0.8206090070975733,False
MYPN,PROT,8,8w,"trained, F+M pooled",0.10935183127454084,0.04200454980975205,0.02702291364742683,0.19168074890165487,0.2266112738160467,False
NAMPT,PROT,8,8w,"trained, F+M pooled",0.007843723005177551,0.05017957097355115,-0.0905082361029827,0.1061956821133378,0.7516619733418608,False
NCEH1,PROT,8,8w,"trained, F+M pooled",0.26900055853513033,0.06657373173623471,0.1385160443321103,0.39948507273815037,0.0189483125874666,True
NDUFAF1,PROT,8,8w,"trained, F+M pooled",0.1329506901372276,0.05860777608680296,0.018079449007093795,0.2478219312673614,0.0910870361532534,False
NDUFB8,PROT,8,8w,"trained, F+M pooled",0.1323342322665432,0.0640284089237044,0.006838550776082586,0.2578299137570038,0.0559856951456126,False
NEDD1,PROT,8,8w,"trained, F+M pooled",-0.0598320093160737,0.06939493858942002,-0.19584608895133693,0.07618207031918954,0.6671498477576348,False
NFIC,PROT,8,8w,"trained, F+M pooled",0.004114366674586845,0.08177046239977197,-0.15615573962896623,0.1643844729781399,0.917533501192534,False
NKIRAS2,PROT,8,8w,"trained, F+M pooled",0.12034949254640283,0.08903025344080413,-0.05414980419757327,0.29484878929037894,0.4361424476218332,False
NMRK2,PROT,8,8w,"trained, F+M pooled",-0.9588296528361276,0.1735384618816333,-1.298965038124129,-0.6186942675481264,0.0070700354896813,True
NQO2,PROT,8,8w,"trained, F+M pooled",0.10264045909099845,0.04018007915748086,0.023887503942335964,0.18139341423966093,0.1658889956051322,False
NUCB1,PROT,8,8w,"trained, F+M pooled",-0.13106279005984955,0.03520427208027849,-0.20006316333719537,-0.062062416782503724,0.1084526191304609,False
NUDT3,PROT,8,8w,"trained, F+M pooled",-0.04521288003592842,0.03592115929110378,-0.11561835224649183,0.025192592174634994,0.4866519084948111,False
NUDT6,PROT,8,8w,"trained, F+M pooled",0.18782845879583354,0.102309126037459,-0.012697428237586073,0.38835434582925316,0.269596794513702,False
OGDH,PROT,8,8w,"trained, F+M pooled",0.35365565820900735,0.06401633640284311,0.22818363885943485,0.4791276775585799,0.0020897386378295,True
ORAI1,PROT,8,8w,"trained, F+M pooled",0.10045524008877031,0.08228426444423426,-0.060821918221928825,0.26173239839946943,0.2002955392679613,False
OXNAD1,PROT,8,8w,"trained, F+M pooled",0.4175831824933426,0.053368078449628084,0.3129817487320715,0.5221846162546137,8.335848419656415e-05,True
PARVB,PROT,8,8w,"trained, F+M pooled",0.14937654002933642,0.05066448215484147,0.05007415500584715,0.24867892505282568,0.0169360463734911,True
PDK4,PROT,8,8w,"trained, F+M pooled",0.05174817084109179,0.08144310023276473,-0.10788030561512707,0.21137664729731065,0.8061187500192792,False
PFKFB3,PROT,8,8w,"trained, F+M pooled",0.1015170090929021,0.08159250805465386,-0.05840430669421948,0.26143832488002366,0.450873050433571,False
PHF5A,PROT,8,8w,"trained, F+M pooled",0.012787807810016498,0.06280221909719685,-0.11030454162048933,0.13588015724052233,0.9201513404961508,False
PHLDA3,PROT,8,8w,"trained, F+M pooled",0.024060815416054003,0.04974873166618731,-0.07344669864967313,0.12156832948178112,0.7782837485502855,False
PHYHD1,PROT,8,8w,"trained, F+M pooled",-0.3195910031577595,0.08539195459288275,-0.4869592341598097,-0.15222277215570934,0.0665667639109651,False
PIGS,PROT,8,8w,"trained, F+M pooled",-0.15424830765800274,0.07251836052307718,-0.296384294283234,-0.012112321032771461,0.2344480826490013,False
PJA2,PROT,8,8w,"trained, F+M pooled",0.06190041694694621,0.07480018292843099,-0.08470794159277853,0.20850877548667093,0.1643851421132519,False
PKM,PROT,8,8w,"trained, F+M pooled",-0.05409997028966283,0.04626879968754277,-0.14478681767724666,0.036586877097920995,0.1786669828873779,False
PLA2G2A,PROT,8,8w,"trained, F+M pooled",0.3137327459696067,0.25121710212014076,-0.17865277418586917,0.8061182661250825,0.3819552240253987,False
PLGRKT,PROT,8,8w,"trained, F+M pooled",-0.08481831697915702,0.07887496306870893,-0.2394132445938265,0.06977661063551248,0.2332318020952972,False
PLIN1,PROT,8,8w,"trained, F+M pooled",0.07718540799792192,0.1975141835928433,-0.3099423918440509,0.4643132078398948,0.8735816140533064,False
PLIN4,PROT,8,8w,"trained, F+M pooled",0.14145242072361114,0.0416979281627078,0.059724481524703846,0.22318035992251845,0.0817768512860369,False
PPIF,PROT,8,8w,"trained, F+M pooled",0.539761187295677,0.061821528775793604,0.41859099089512153,0.6609313836962325,6.3101616370232754e-06,True
PPIG,PROT,8,8w,"trained, F+M pooled",-0.09326590855529977,0.07205254740309182,-0.23448890146535972,0.04795708435476019,0.2142343478360653,False
PPP3R1,PROT,8,8w,"trained, F+M pooled",-0.16194659963231806,0.06353113612865077,-0.28646762644447354,-0.03742557282016254,0.1272812765751817,False
PRKAR2B,PROT,8,8w,"trained, F+M pooled",-0.0630376920784018,0.11186007286138594,-0.28228343488671825,0.15620805072991462,0.6942092106850232,False
PRMT3,PROT,8,8w,"trained, F+M pooled",0.005870358192168145,0.05052590599373622,-0.09316041755555485,0.10490113393989114,0.8022764303782075,False
PTER,PROT,8,8w,"trained, F+M pooled",0.4195021410258171,0.16382048749352304,0.09841398553851194,0.7405902965131224,0.1613078256943545,False
RARRES2,PROT,8,8w,"trained, F+M pooled",-0.2239877682111795,0.06628055078738221,-0.35389764775444865,-0.09407788866791036,0.0447189620887946,True
RBMXL1,PROT,8,8w,"trained, F+M pooled",-0.01217669655882419,0.035735882871387806,-0.0822190269867443,0.05786563386909591,0.8913225736046232,False
RBP4,PROT,8,8w,"trained, F+M pooled",-0.3357926613662016,0.11624245755496172,-0.5636278781739266,-0.10795744455847664,0.1122693763936643,False
RPAP3,PROT,8,8w,"trained, F+M pooled",-0.044605495730983144,0.06781096679445037,-0.17751499064810589,0.08830399918613958,0.8500534338663738,False
RPL3,PROT,8,8w,"trained, F+M pooled",-0.16970204196959437,0.05003082944943811,-0.26776246769049306,-0.07164161624869568,0.1651434076074631,False
RPN1,PROT,8,8w,"trained, F+M pooled",-0.14428843713053482,0.054806463580194885,-0.25170910574771677,-0.036867768513352855,0.2273725630362165,False
RPS3,PROT,8,8w,"trained, F+M pooled",-0.043198015220245106,0.06369523015729205,-0.1680406663285375,0.0816446358880473,0.1518208689378891,False
RPUSD4,PROT,8,8w,"trained, F+M pooled",0.13142859526392814,0.10053125767247434,-0.06561266977412156,0.32846986030197783,0.150425335742181,False
RTN2,PROT,8,8w,"trained, F+M pooled",-0.22091009370541123,0.0824143941823206,-0.3824423063027596,-0.05937788110806286,0.2107743576892785,False
RXRG,PROT,8,8w,"trained, F+M pooled",0.001387067859715678,0.052679158560557215,-0.10186408291897646,0.10463821863840782,0.3504098113595922,False
S100A1,PROT,8,8w,"trained, F+M pooled",-0.5325838758067475,0.13693134308163107,-0.8009693082467444,-0.2641984433667506,0.0344147661527265,True
S100A4,PROT,8,8w,"trained, F+M pooled",0.23899363982548602,0.09509412084543718,0.05260916296842916,0.4253781166825429,0.1660163389111666,False
S100A8,PROT,8,8w,"trained, F+M pooled",-0.05386999093432336,0.1748343737400576,-0.39654536346483626,0.2888053815961895,0.3762416252310598,False
S100A9,PROT,8,8w,"trained, F+M pooled",0.11159780712524808,0.24525790950497747,-0.3691076955045078,0.5923033097550039,0.4167479513848115,False
SCN4B,PROT,8,8w,"trained, F+M pooled",0.007729860800098385,0.06671334269065016,-0.12302829087357592,0.13848801247377268,0.4838581266849273,False
SCRN1,PROT,8,8w,"trained, F+M pooled",-0.05515447221547429,0.08633492855265718,-0.22437093217868234,0.11406198774773377,0.5602731419613064,False
SF3A3,PROT,8,8w,"trained, F+M pooled",-0.024730512911942233,0.03523325873705255,-0.09378770003656522,0.044326674212680765,0.4125932371394342,False
SHISA4,PROT,8,8w,"trained, F+M pooled",-0.09716046078362527,0.1107762526828184,-0.3142819160419493,0.11996099447469881,0.6665954998580238,False
SLC16A1,PROT,8,8w,"trained, F+M pooled",0.25019718493037857,0.05998788738146799,0.1326209256627013,0.3677734441980558,0.0599784548333088,False
SLC25A25,PROT,8,8w,"trained, F+M pooled",0.21148809675370495,0.14538183497587312,-0.07346029979900637,0.49643649330641626,0.4125932371394342,False
SLC2A4,PROT,8,8w,"trained, F+M pooled",0.5466667787950651,0.06707752625801777,0.41519482732935026,0.67813873026078,7.179565414324013e-06,True
SMAP1,PROT,8,8w,"trained, F+M pooled",-0.0507506327997643,0.06268247212405188,-0.17360827816290597,0.07210701256337738,0.7935207443472369,False
SS18L1,PROT,8,8w,"trained, F+M pooled",-0.12529074122386208,0.09020974453428347,-0.3021018405110577,0.05152035806333352,0.4735911636245959,False
STRN4,PROT,8,8w,"trained, F+M pooled",0.09264454394772631,0.08552725975392085,-0.07498888516995855,0.2602779730654112,0.682999295839953,False
TFRC,PROT,8,8w,"trained, F+M pooled",0.35768239107757566,0.08170594050622117,0.19753874768538218,0.5178260344697692,0.0412672634206258,True
THOC3,PROT,8,8w,"trained, F+M pooled",0.09482886926098034,0.049642408990602696,-0.002470252360600944,0.19212799088256163,0.3521913441011894,False
TM9SF4,PROT,8,8w,"trained, F+M pooled",-0.16958433573157616,0.10604947522631704,-0.37744130717515756,0.03827263571200523,0.563168511932875,False
TMSB4X,PROT,8,8w,"trained, F+M pooled",0.5778828609505998,0.5562448701634792,-0.5123570845698194,1.6681228064710192,0.5032119081761556,False
TNMD,PROT,8,8w,"trained, F+M pooled",-0.23309386631579335,0.1776263759176124,-0.5812415631143136,0.11505383048272697,0.3439175150779999,False
TOP1,PROT,8,8w,"trained, F+M pooled",0.032871361929382475,0.04705861242689405,-0.059363518427329856,0.1251062422860948,0.8221679545570516,False
TPPP3,PROT,8,8w,"trained, F+M pooled",-0.36430403211269474,0.07553147025776132,-0.512345713817907,-0.21626235040748257,0.0098250280822218,True
TRAPPC1,PROT,8,8w,"trained, F+M pooled",-0.011754358756305877,0.051679232800938876,-0.11304565504614607,0.08953693753353432,0.8317462518579093,False
TRIOBP,PROT,8,8w,"trained, F+M pooled",-0.01070624629184049,0.03607639703876588,-0.08141598448782161,0.060003491904140636,0.9086238509886564,False
TRIP10,PROT,8,8w,"trained, F+M pooled",-0.0073949795375620065,0.03419913181566935,-0.07442527789627393,0.05963531882114992,0.8956593718889068,False
TTC7B,PROT,8,8w,"trained, F+M pooled",-0.09089766343252674,0.0877080593630398,-0.26280545978408476,0.08101013291903127,0.7051321116970604,False
TYW3,PROT,8,8w,"trained, F+M pooled",-0.011889846846351703,0.07690766143199816,-0.16262886325306808,0.1388491695603647,0.9232226858282812,False
UBE2M,PROT,8,8w,"trained, F+M pooled",0.06185634663994623,0.09081019096159133,-0.11613162764477279,0.23984432092466523,0.4395431786273244,False
UBR7,PROT,8,8w,"trained, F+M pooled",0.40079236886967046,0.2498585878326903,-0.0889304632824025,0.8905152010217434,0.2586089578227502,False
UCKL1,PROT,8,8w,"trained, F+M pooled",0.124937872634381,0.05901041905037039,0.009277451295655034,0.24059829397310695,0.4181954196155167,False
UPP1,PROT,8,8w,"trained, F+M pooled",0.18491477795231034,0.06213502565648122,0.06313012766560716,0.3066994282390135,0.0521524689156474,False
VEGFB,PROT,8,8w,"trained, F+M pooled",-0.047071887770458204,0.139827985934188,-0.3211347402014667,0.22699096466055027,0.5262370812600852,False
WBP2,PROT,8,8w,"trained, F+M pooled",-0.10062338838457946,0.0412689587773319,-0.18151054758815,-0.019736229181008938,0.0351331139191816,True
WDSUB1,PROT,8,8w,"trained, F+M pooled",0.04020994268959768,0.08577750436883683,-0.1279139658733225,0.20833385125251785,0.5796579578717798,False
WFDC1,PROT,8,8w,"trained, F+M pooled",-0.3562596224870276,0.11275570974211974,-0.5772608135815822,-0.1352584313924729,0.1088130178038018,False
XIRP1,PROT,8,8w,"trained, F+M pooled",-0.5204558734408883,0.10555322214111244,-0.7273401888374686,-0.3135715580443079,0.0057029186368825,True
YTHDC2,PROT,8,8w,"trained, F+M pooled",-0.048925839180234514,0.046948926877277614,-0.14094573585969863,0.043094057499229614,0.5785613881718784,False
YTHDF3,PROT,8,8w,"trained, F+M pooled",0.022907189656102077,0.045973394686858744,-0.06720066393014107,0.11301504324234521,0.8022764303782075,False
YWHAE,PROT,8,8w,"trained, F+M pooled",-0.0784061746094781,0.07613825138658818,-0.22763714732719093,0.07082479810823472,0.3688380732537011,False
