gene_symbol,direction,group,weight,source
LUM,1,HF-up,,"Enrichr (Kuleshov 2016 NAR 44:W90) Disease_Perturbations_from_GEO_up/_down 'Cardiomyopathy C0878544 human GSE5406 sample 88'; crowd-extracted GEO signature (Wang 2016 Nat Commun 7:12846); GSE5406 (Hannenhalli 2006 Circulation 114:1269, human LV, ischemic/idiopathic cardiomyopathy vs non-failing); up/down = genes up/down in failing vs non-failing LV"
MX1,1,HF-up,,"Enrichr (Kuleshov 2016 NAR 44:W90) Disease_Perturbations_from_GEO_up/_down 'Cardiomyopathy C0878544 human GSE5406 sample 88'; crowd-extracted GEO signature (Wang 2016 Nat Commun 7:12846); GSE5406 (Hannenhalli 2006 Circulation 114:1269, human LV, ischemic/idiopathic cardiomyopathy vs non-failing); up/down = genes up/down in failing vs non-failing LV"
RSAD2,1,HF-up,,"Enrichr (Kuleshov 2016 NAR 44:W90) Disease_Perturbations_from_GEO_up/_down 'Cardiomyopathy C0878544 human GSE5406 sample 88'; crowd-extracted GEO signature (Wang 2016 Nat Commun 7:12846); GSE5406 (Hannenhalli 2006 Circulation 114:1269, human LV, ischemic/idiopathic cardiomyopathy vs non-failing); up/down = genes up/down in failing vs non-failing LV"
MX2,1,HF-up,,"Enrichr (Kuleshov 2016 NAR 44:W90) Disease_Perturbations_from_GEO_up/_down 'Cardiomyopathy C0878544 human GSE5406 sample 88'; crowd-extracted GEO signature (Wang 2016 Nat Commun 7:12846); GSE5406 (Hannenhalli 2006 Circulation 114:1269, human LV, ischemic/idiopathic cardiomyopathy vs non-failing); up/down = genes up/down in failing vs non-failing LV"
COL1A2,1,HF-up,,"Enrichr (Kuleshov 2016 NAR 44:W90) Disease_Perturbations_from_GEO_up/_down 'Cardiomyopathy C0878544 human GSE5406 sample 88'; crowd-extracted GEO signature (Wang 2016 Nat Commun 7:12846); GSE5406 (Hannenhalli 2006 Circulation 114:1269, human LV, ischemic/idiopathic cardiomyopathy vs non-failing); up/down = genes up/down in failing vs non-failing LV"
COL1A1,1,HF-up,,"Enrichr (Kuleshov 2016 NAR 44:W90) Disease_Perturbations_from_GEO_up/_down 'Cardiomyopathy C0878544 human GSE5406 sample 88'; crowd-extracted GEO signature (Wang 2016 Nat Commun 7:12846); GSE5406 (Hannenhalli 2006 Circulation 114:1269, human LV, ischemic/idiopathic cardiomyopathy vs non-failing); up/down = genes up/down in failing vs non-failing LV"
GLOD4,1,HF-up,,"Enrichr (Kuleshov 2016 NAR 44:W90) Disease_Perturbations_from_GEO_up/_down 'Cardiomyopathy C0878544 human GSE5406 sample 88'; crowd-extracted GEO signature (Wang 2016 Nat Commun 7:12846); GSE5406 (Hannenhalli 2006 Circulation 114:1269, human LV, ischemic/idiopathic cardiomyopathy vs non-failing); up/down = genes up/down in failing vs non-failing LV"
PPP1R3C,1,HF-up,,"Enrichr (Kuleshov 2016 NAR 44:W90) Disease_Perturbations_from_GEO_up/_down 'Cardiomyopathy C0878544 human GSE5406 sample 88'; crowd-extracted GEO signature (Wang 2016 Nat Commun 7:12846); GSE5406 (Hannenhalli 2006 Circulation 114:1269, human LV, ischemic/idiopathic cardiomyopathy vs non-failing); up/down = genes up/down in failing vs non-failing LV"
ANP32E,1,HF-up,,"Enrichr (Kuleshov 2016 NAR 44:W90) Disease_Perturbations_from_GEO_up/_down 'Cardiomyopathy C0878544 human GSE5406 sample 88'; crowd-extracted GEO signature (Wang 2016 Nat Commun 7:12846); GSE5406 (Hannenhalli 2006 Circulation 114:1269, human LV, ischemic/idiopathic cardiomyopathy vs non-failing); up/down = genes up/down in failing vs non-failing LV"
GSAP,1,HF-up,,"Enrichr (Kuleshov 2016 NAR 44:W90) Disease_Perturbations_from_GEO_up/_down 'Cardiomyopathy C0878544 human GSE5406 sample 88'; crowd-extracted GEO signature (Wang 2016 Nat Commun 7:12846); GSE5406 (Hannenhalli 2006 Circulation 114:1269, human LV, ischemic/idiopathic cardiomyopathy vs non-failing); up/down = genes up/down in failing vs non-failing LV"
MXRA5,1,HF-up,,"Enrichr (Kuleshov 2016 NAR 44:W90) Disease_Perturbations_from_GEO_up/_down 'Cardiomyopathy C0878544 human GSE5406 sample 88'; crowd-extracted GEO signature (Wang 2016 Nat Commun 7:12846); GSE5406 (Hannenhalli 2006 Circulation 114:1269, human LV, ischemic/idiopathic cardiomyopathy vs non-failing); up/down = genes up/down in failing vs non-failing LV"
TLN1,1,HF-up,,"Enrichr (Kuleshov 2016 NAR 44:W90) Disease_Perturbations_from_GEO_up/_down 'Cardiomyopathy C0878544 human GSE5406 sample 88'; crowd-extracted GEO signature (Wang 2016 Nat Commun 7:12846); GSE5406 (Hannenhalli 2006 Circulation 114:1269, human LV, ischemic/idiopathic cardiomyopathy vs non-failing); up/down = genes up/down in failing vs non-failing LV"
ITIH5,1,HF-up,,"Enrichr (Kuleshov 2016 NAR 44:W90) Disease_Perturbations_from_GEO_up/_down 'Cardiomyopathy C0878544 human GSE5406 sample 88'; crowd-extracted GEO signature (Wang 2016 Nat Commun 7:12846); GSE5406 (Hannenhalli 2006 Circulation 114:1269, human LV, ischemic/idiopathic cardiomyopathy vs non-failing); up/down = genes up/down in failing vs non-failing LV"
THYN1,1,HF-up,,"Enrichr (Kuleshov 2016 NAR 44:W90) Disease_Perturbations_from_GEO_up/_down 'Cardiomyopathy C0878544 human GSE5406 sample 88'; crowd-extracted GEO signature (Wang 2016 Nat Commun 7:12846); GSE5406 (Hannenhalli 2006 Circulation 114:1269, human LV, ischemic/idiopathic cardiomyopathy vs non-failing); up/down = genes up/down in failing vs non-failing LV"
SERPINE2,1,HF-up,,"Enrichr (Kuleshov 2016 NAR 44:W90) Disease_Perturbations_from_GEO_up/_down 'Cardiomyopathy C0878544 human GSE5406 sample 88'; crowd-extracted GEO signature (Wang 2016 Nat Commun 7:12846); GSE5406 (Hannenhalli 2006 Circulation 114:1269, human LV, ischemic/idiopathic cardiomyopathy vs non-failing); up/down = genes up/down in failing vs non-failing LV"
GLRX,1,HF-up,,"Enrichr (Kuleshov 2016 NAR 44:W90) Disease_Perturbations_from_GEO_up/_down 'Cardiomyopathy C0878544 human GSE5406 sample 88'; crowd-extracted GEO signature (Wang 2016 Nat Commun 7:12846); GSE5406 (Hannenhalli 2006 Circulation 114:1269, human LV, ischemic/idiopathic cardiomyopathy vs non-failing); up/down = genes up/down in failing vs non-failing LV"
FNBP1L,1,HF-up,,"Enrichr (Kuleshov 2016 NAR 44:W90) Disease_Perturbations_from_GEO_up/_down 'Cardiomyopathy C0878544 human GSE5406 sample 88'; crowd-extracted GEO signature (Wang 2016 Nat Commun 7:12846); GSE5406 (Hannenhalli 2006 Circulation 114:1269, human LV, ischemic/idiopathic cardiomyopathy vs non-failing); up/down = genes up/down in failing vs non-failing LV"
SFRP1,1,HF-up,,"Enrichr (Kuleshov 2016 NAR 44:W90) Disease_Perturbations_from_GEO_up/_down 'Cardiomyopathy C0878544 human GSE5406 sample 88'; crowd-extracted GEO signature (Wang 2016 Nat Commun 7:12846); GSE5406 (Hannenhalli 2006 Circulation 114:1269, human LV, ischemic/idiopathic cardiomyopathy vs non-failing); up/down = genes up/down in failing vs non-failing LV"
RPS4Y1,1,HF-up,,"Enrichr (Kuleshov 2016 NAR 44:W90) Disease_Perturbations_from_GEO_up/_down 'Cardiomyopathy C0878544 human GSE5406 sample 88'; crowd-extracted GEO signature (Wang 2016 Nat Commun 7:12846); GSE5406 (Hannenhalli 2006 Circulation 114:1269, human LV, ischemic/idiopathic cardiomyopathy vs non-failing); up/down = genes up/down in failing vs non-failing LV"
PSMB10,1,HF-up,,"Enrichr (Kuleshov 2016 NAR 44:W90) Disease_Perturbations_from_GEO_up/_down 'Cardiomyopathy C0878544 human GSE5406 sample 88'; crowd-extracted GEO signature (Wang 2016 Nat Commun 7:12846); GSE5406 (Hannenhalli 2006 Circulation 114:1269, human LV, ischemic/idiopathic cardiomyopathy vs non-failing); up/down = genes up/down in failing vs non-failing LV"
HERC6,1,HF-up,,"Enrichr (Kuleshov 2016 NAR 44:W90) Disease_Perturbations_from_GEO_up/_down 'Cardiomyopathy C0878544 human GSE5406 sample 88'; crowd-extracted GEO signature (Wang 2016 Nat Commun 7:12846); GSE5406 (Hannenhalli 2006 Circulation 114:1269, human LV, ischemic/idiopathic cardiomyopathy vs non-failing); up/down = genes up/down in failing vs non-failing LV"
DPYSL3,1,HF-up,,"Enrichr (Kuleshov 2016 NAR 44:W90) Disease_Perturbations_from_GEO_up/_down 'Cardiomyopathy C0878544 human GSE5406 sample 88'; crowd-extracted GEO signature (Wang 2016 Nat Commun 7:12846); GSE5406 (Hannenhalli 2006 Circulation 114:1269, human LV, ischemic/idiopathic cardiomyopathy vs non-failing); up/down = genes up/down in failing vs non-failing LV"
STK38L,1,HF-up,,"Enrichr (Kuleshov 2016 NAR 44:W90) Disease_Perturbations_from_GEO_up/_down 'Cardiomyopathy C0878544 human GSE5406 sample 88'; crowd-extracted GEO signature (Wang 2016 Nat Commun 7:12846); GSE5406 (Hannenhalli 2006 Circulation 114:1269, human LV, ischemic/idiopathic cardiomyopathy vs non-failing); up/down = genes up/down in failing vs non-failing LV"
SPOCK1,1,HF-up,,"Enrichr (Kuleshov 2016 NAR 44:W90) Disease_Perturbations_from_GEO_up/_down 'Cardiomyopathy C0878544 human GSE5406 sample 88'; crowd-extracted GEO signature (Wang 2016 Nat Commun 7:12846); GSE5406 (Hannenhalli 2006 Circulation 114:1269, human LV, ischemic/idiopathic cardiomyopathy vs non-failing); up/down = genes up/down in failing vs non-failing LV"
CHST15,1,HF-up,,"Enrichr (Kuleshov 2016 NAR 44:W90) Disease_Perturbations_from_GEO_up/_down 'Cardiomyopathy C0878544 human GSE5406 sample 88'; crowd-extracted GEO signature (Wang 2016 Nat Commun 7:12846); GSE5406 (Hannenhalli 2006 Circulation 114:1269, human LV, ischemic/idiopathic cardiomyopathy vs non-failing); up/down = genes up/down in failing vs non-failing LV"
EGR1,1,HF-up,,"Enrichr (Kuleshov 2016 NAR 44:W90) Disease_Perturbations_from_GEO_up/_down 'Cardiomyopathy C0878544 human GSE5406 sample 88'; crowd-extracted GEO signature (Wang 2016 Nat Commun 7:12846); GSE5406 (Hannenhalli 2006 Circulation 114:1269, human LV, ischemic/idiopathic cardiomyopathy vs non-failing); up/down = genes up/down in failing vs non-failing LV"
OMD,1,HF-up,,"Enrichr (Kuleshov 2016 NAR 44:W90) Disease_Perturbations_from_GEO_up/_down 'Cardiomyopathy C0878544 human GSE5406 sample 88'; crowd-extracted GEO signature (Wang 2016 Nat Commun 7:12846); GSE5406 (Hannenhalli 2006 Circulation 114:1269, human LV, ischemic/idiopathic cardiomyopathy vs non-failing); up/down = genes up/down in failing vs non-failing LV"
PLA2G4C,1,HF-up,,"Enrichr (Kuleshov 2016 NAR 44:W90) Disease_Perturbations_from_GEO_up/_down 'Cardiomyopathy C0878544 human GSE5406 sample 88'; crowd-extracted GEO signature (Wang 2016 Nat Commun 7:12846); GSE5406 (Hannenhalli 2006 Circulation 114:1269, human LV, ischemic/idiopathic cardiomyopathy vs non-failing); up/down = genes up/down in failing vs non-failing LV"
FZD7,1,HF-up,,"Enrichr (Kuleshov 2016 NAR 44:W90) Disease_Perturbations_from_GEO_up/_down 'Cardiomyopathy C0878544 human GSE5406 sample 88'; crowd-extracted GEO signature (Wang 2016 Nat Commun 7:12846); GSE5406 (Hannenhalli 2006 Circulation 114:1269, human LV, ischemic/idiopathic cardiomyopathy vs non-failing); up/down = genes up/down in failing vs non-failing LV"
ERLIN2,1,HF-up,,"Enrichr (Kuleshov 2016 NAR 44:W90) Disease_Perturbations_from_GEO_up/_down 'Cardiomyopathy C0878544 human GSE5406 sample 88'; crowd-extracted GEO signature (Wang 2016 Nat Commun 7:12846); GSE5406 (Hannenhalli 2006 Circulation 114:1269, human LV, ischemic/idiopathic cardiomyopathy vs non-failing); up/down = genes up/down in failing vs non-failing LV"
ABCA8,1,HF-up,,"Enrichr (Kuleshov 2016 NAR 44:W90) Disease_Perturbations_from_GEO_up/_down 'Cardiomyopathy C0878544 human GSE5406 sample 88'; crowd-extracted GEO signature (Wang 2016 Nat Commun 7:12846); GSE5406 (Hannenhalli 2006 Circulation 114:1269, human LV, ischemic/idiopathic cardiomyopathy vs non-failing); up/down = genes up/down in failing vs non-failing LV"
HLA-B,1,HF-up,,"Enrichr (Kuleshov 2016 NAR 44:W90) Disease_Perturbations_from_GEO_up/_down 'Cardiomyopathy C0878544 human GSE5406 sample 88'; crowd-extracted GEO signature (Wang 2016 Nat Commun 7:12846); GSE5406 (Hannenhalli 2006 Circulation 114:1269, human LV, ischemic/idiopathic cardiomyopathy vs non-failing); up/down = genes up/down in failing vs non-failing LV"
ANK1,1,HF-up,,"Enrichr (Kuleshov 2016 NAR 44:W90) Disease_Perturbations_from_GEO_up/_down 'Cardiomyopathy C0878544 human GSE5406 sample 88'; crowd-extracted GEO signature (Wang 2016 Nat Commun 7:12846); GSE5406 (Hannenhalli 2006 Circulation 114:1269, human LV, ischemic/idiopathic cardiomyopathy vs non-failing); up/down = genes up/down in failing vs non-failing LV"
EHD3,1,HF-up,,"Enrichr (Kuleshov 2016 NAR 44:W90) Disease_Perturbations_from_GEO_up/_down 'Cardiomyopathy C0878544 human GSE5406 sample 88'; crowd-extracted GEO signature (Wang 2016 Nat Commun 7:12846); GSE5406 (Hannenhalli 2006 Circulation 114:1269, human LV, ischemic/idiopathic cardiomyopathy vs non-failing); up/down = genes up/down in failing vs non-failing LV"
VNN2,1,HF-up,,"Enrichr (Kuleshov 2016 NAR 44:W90) Disease_Perturbations_from_GEO_up/_down 'Cardiomyopathy C0878544 human GSE5406 sample 88'; crowd-extracted GEO signature (Wang 2016 Nat Commun 7:12846); GSE5406 (Hannenhalli 2006 Circulation 114:1269, human LV, ischemic/idiopathic cardiomyopathy vs non-failing); up/down = genes up/down in failing vs non-failing LV"
PLSCR4,1,HF-up,,"Enrichr (Kuleshov 2016 NAR 44:W90) Disease_Perturbations_from_GEO_up/_down 'Cardiomyopathy C0878544 human GSE5406 sample 88'; crowd-extracted GEO signature (Wang 2016 Nat Commun 7:12846); GSE5406 (Hannenhalli 2006 Circulation 114:1269, human LV, ischemic/idiopathic cardiomyopathy vs non-failing); up/down = genes up/down in failing vs non-failing LV"
PLBD1,1,HF-up,,"Enrichr (Kuleshov 2016 NAR 44:W90) Disease_Perturbations_from_GEO_up/_down 'Cardiomyopathy C0878544 human GSE5406 sample 88'; crowd-extracted GEO signature (Wang 2016 Nat Commun 7:12846); GSE5406 (Hannenhalli 2006 Circulation 114:1269, human LV, ischemic/idiopathic cardiomyopathy vs non-failing); up/down = genes up/down in failing vs non-failing LV"
PPT1,1,HF-up,,"Enrichr (Kuleshov 2016 NAR 44:W90) Disease_Perturbations_from_GEO_up/_down 'Cardiomyopathy C0878544 human GSE5406 sample 88'; crowd-extracted GEO signature (Wang 2016 Nat Commun 7:12846); GSE5406 (Hannenhalli 2006 Circulation 114:1269, human LV, ischemic/idiopathic cardiomyopathy vs non-failing); up/down = genes up/down in failing vs non-failing LV"
HPRT1,1,HF-up,,"Enrichr (Kuleshov 2016 NAR 44:W90) Disease_Perturbations_from_GEO_up/_down 'Cardiomyopathy C0878544 human GSE5406 sample 88'; crowd-extracted GEO signature (Wang 2016 Nat Commun 7:12846); GSE5406 (Hannenhalli 2006 Circulation 114:1269, human LV, ischemic/idiopathic cardiomyopathy vs non-failing); up/down = genes up/down in failing vs non-failing LV"
SSPN,1,HF-up,,"Enrichr (Kuleshov 2016 NAR 44:W90) Disease_Perturbations_from_GEO_up/_down 'Cardiomyopathy C0878544 human GSE5406 sample 88'; crowd-extracted GEO signature (Wang 2016 Nat Commun 7:12846); GSE5406 (Hannenhalli 2006 Circulation 114:1269, human LV, ischemic/idiopathic cardiomyopathy vs non-failing); up/down = genes up/down in failing vs non-failing LV"
MOXD1,1,HF-up,,"Enrichr (Kuleshov 2016 NAR 44:W90) Disease_Perturbations_from_GEO_up/_down 'Cardiomyopathy C0878544 human GSE5406 sample 88'; crowd-extracted GEO signature (Wang 2016 Nat Commun 7:12846); GSE5406 (Hannenhalli 2006 Circulation 114:1269, human LV, ischemic/idiopathic cardiomyopathy vs non-failing); up/down = genes up/down in failing vs non-failing LV"
SPARC,1,HF-up,,"Enrichr (Kuleshov 2016 NAR 44:W90) Disease_Perturbations_from_GEO_up/_down 'Cardiomyopathy C0878544 human GSE5406 sample 88'; crowd-extracted GEO signature (Wang 2016 Nat Commun 7:12846); GSE5406 (Hannenhalli 2006 Circulation 114:1269, human LV, ischemic/idiopathic cardiomyopathy vs non-failing); up/down = genes up/down in failing vs non-failing LV"
MAGED1,1,HF-up,,"Enrichr (Kuleshov 2016 NAR 44:W90) Disease_Perturbations_from_GEO_up/_down 'Cardiomyopathy C0878544 human GSE5406 sample 88'; crowd-extracted GEO signature (Wang 2016 Nat Commun 7:12846); GSE5406 (Hannenhalli 2006 Circulation 114:1269, human LV, ischemic/idiopathic cardiomyopathy vs non-failing); up/down = genes up/down in failing vs non-failing LV"
BEX1,1,HF-up,,"Enrichr (Kuleshov 2016 NAR 44:W90) Disease_Perturbations_from_GEO_up/_down 'Cardiomyopathy C0878544 human GSE5406 sample 88'; crowd-extracted GEO signature (Wang 2016 Nat Commun 7:12846); GSE5406 (Hannenhalli 2006 Circulation 114:1269, human LV, ischemic/idiopathic cardiomyopathy vs non-failing); up/down = genes up/down in failing vs non-failing LV"
MAGED2,1,HF-up,,"Enrichr (Kuleshov 2016 NAR 44:W90) Disease_Perturbations_from_GEO_up/_down 'Cardiomyopathy C0878544 human GSE5406 sample 88'; crowd-extracted GEO signature (Wang 2016 Nat Commun 7:12846); GSE5406 (Hannenhalli 2006 Circulation 114:1269, human LV, ischemic/idiopathic cardiomyopathy vs non-failing); up/down = genes up/down in failing vs non-failing LV"
PDE1A,1,HF-up,,"Enrichr (Kuleshov 2016 NAR 44:W90) Disease_Perturbations_from_GEO_up/_down 'Cardiomyopathy C0878544 human GSE5406 sample 88'; crowd-extracted GEO signature (Wang 2016 Nat Commun 7:12846); GSE5406 (Hannenhalli 2006 Circulation 114:1269, human LV, ischemic/idiopathic cardiomyopathy vs non-failing); up/down = genes up/down in failing vs non-failing LV"
PDGFC,1,HF-up,,"Enrichr (Kuleshov 2016 NAR 44:W90) Disease_Perturbations_from_GEO_up/_down 'Cardiomyopathy C0878544 human GSE5406 sample 88'; crowd-extracted GEO signature (Wang 2016 Nat Commun 7:12846); GSE5406 (Hannenhalli 2006 Circulation 114:1269, human LV, ischemic/idiopathic cardiomyopathy vs non-failing); up/down = genes up/down in failing vs non-failing LV"
TAPBPL,1,HF-up,,"Enrichr (Kuleshov 2016 NAR 44:W90) Disease_Perturbations_from_GEO_up/_down 'Cardiomyopathy C0878544 human GSE5406 sample 88'; crowd-extracted GEO signature (Wang 2016 Nat Commun 7:12846); GSE5406 (Hannenhalli 2006 Circulation 114:1269, human LV, ischemic/idiopathic cardiomyopathy vs non-failing); up/down = genes up/down in failing vs non-failing LV"
ISLR,1,HF-up,,"Enrichr (Kuleshov 2016 NAR 44:W90) Disease_Perturbations_from_GEO_up/_down 'Cardiomyopathy C0878544 human GSE5406 sample 88'; crowd-extracted GEO signature (Wang 2016 Nat Commun 7:12846); GSE5406 (Hannenhalli 2006 Circulation 114:1269, human LV, ischemic/idiopathic cardiomyopathy vs non-failing); up/down = genes up/down in failing vs non-failing LV"
IFIT1,1,HF-up,,"Enrichr (Kuleshov 2016 NAR 44:W90) Disease_Perturbations_from_GEO_up/_down 'Cardiomyopathy C0878544 human GSE5406 sample 88'; crowd-extracted GEO signature (Wang 2016 Nat Commun 7:12846); GSE5406 (Hannenhalli 2006 Circulation 114:1269, human LV, ischemic/idiopathic cardiomyopathy vs non-failing); up/down = genes up/down in failing vs non-failing LV"
RCBTB2,1,HF-up,,"Enrichr (Kuleshov 2016 NAR 44:W90) Disease_Perturbations_from_GEO_up/_down 'Cardiomyopathy C0878544 human GSE5406 sample 88'; crowd-extracted GEO signature (Wang 2016 Nat Commun 7:12846); GSE5406 (Hannenhalli 2006 Circulation 114:1269, human LV, ischemic/idiopathic cardiomyopathy vs non-failing); up/down = genes up/down in failing vs non-failing LV"
IFIT3,1,HF-up,,"Enrichr (Kuleshov 2016 NAR 44:W90) Disease_Perturbations_from_GEO_up/_down 'Cardiomyopathy C0878544 human GSE5406 sample 88'; crowd-extracted GEO signature (Wang 2016 Nat Commun 7:12846); GSE5406 (Hannenhalli 2006 Circulation 114:1269, human LV, ischemic/idiopathic cardiomyopathy vs non-failing); up/down = genes up/down in failing vs non-failing LV"
KIAA0141,1,HF-up,,"Enrichr (Kuleshov 2016 NAR 44:W90) Disease_Perturbations_from_GEO_up/_down 'Cardiomyopathy C0878544 human GSE5406 sample 88'; crowd-extracted GEO signature (Wang 2016 Nat Commun 7:12846); GSE5406 (Hannenhalli 2006 Circulation 114:1269, human LV, ischemic/idiopathic cardiomyopathy vs non-failing); up/down = genes up/down in failing vs non-failing LV"
EPM2AIP1,1,HF-up,,"Enrichr (Kuleshov 2016 NAR 44:W90) Disease_Perturbations_from_GEO_up/_down 'Cardiomyopathy C0878544 human GSE5406 sample 88'; crowd-extracted GEO signature (Wang 2016 Nat Commun 7:12846); GSE5406 (Hannenhalli 2006 Circulation 114:1269, human LV, ischemic/idiopathic cardiomyopathy vs non-failing); up/down = genes up/down in failing vs non-failing LV"
PRDX4,1,HF-up,,"Enrichr (Kuleshov 2016 NAR 44:W90) Disease_Perturbations_from_GEO_up/_down 'Cardiomyopathy C0878544 human GSE5406 sample 88'; crowd-extracted GEO signature (Wang 2016 Nat Commun 7:12846); GSE5406 (Hannenhalli 2006 Circulation 114:1269, human LV, ischemic/idiopathic cardiomyopathy vs non-failing); up/down = genes up/down in failing vs non-failing LV"
ADH5,1,HF-up,,"Enrichr (Kuleshov 2016 NAR 44:W90) Disease_Perturbations_from_GEO_up/_down 'Cardiomyopathy C0878544 human GSE5406 sample 88'; crowd-extracted GEO signature (Wang 2016 Nat Commun 7:12846); GSE5406 (Hannenhalli 2006 Circulation 114:1269, human LV, ischemic/idiopathic cardiomyopathy vs non-failing); up/down = genes up/down in failing vs non-failing LV"
C6,1,HF-up,,"Enrichr (Kuleshov 2016 NAR 44:W90) Disease_Perturbations_from_GEO_up/_down 'Cardiomyopathy C0878544 human GSE5406 sample 88'; crowd-extracted GEO signature (Wang 2016 Nat Commun 7:12846); GSE5406 (Hannenhalli 2006 Circulation 114:1269, human LV, ischemic/idiopathic cardiomyopathy vs non-failing); up/down = genes up/down in failing vs non-failing LV"
FAM134B,1,HF-up,,"Enrichr (Kuleshov 2016 NAR 44:W90) Disease_Perturbations_from_GEO_up/_down 'Cardiomyopathy C0878544 human GSE5406 sample 88'; crowd-extracted GEO signature (Wang 2016 Nat Commun 7:12846); GSE5406 (Hannenhalli 2006 Circulation 114:1269, human LV, ischemic/idiopathic cardiomyopathy vs non-failing); up/down = genes up/down in failing vs non-failing LV"
PLAC8,1,HF-up,,"Enrichr (Kuleshov 2016 NAR 44:W90) Disease_Perturbations_from_GEO_up/_down 'Cardiomyopathy C0878544 human GSE5406 sample 88'; crowd-extracted GEO signature (Wang 2016 Nat Commun 7:12846); GSE5406 (Hannenhalli 2006 Circulation 114:1269, human LV, ischemic/idiopathic cardiomyopathy vs non-failing); up/down = genes up/down in failing vs non-failing LV"
EPB41L2,1,HF-up,,"Enrichr (Kuleshov 2016 NAR 44:W90) Disease_Perturbations_from_GEO_up/_down 'Cardiomyopathy C0878544 human GSE5406 sample 88'; crowd-extracted GEO signature (Wang 2016 Nat Commun 7:12846); GSE5406 (Hannenhalli 2006 Circulation 114:1269, human LV, ischemic/idiopathic cardiomyopathy vs non-failing); up/down = genes up/down in failing vs non-failing LV"
PDGFD,1,HF-up,,"Enrichr (Kuleshov 2016 NAR 44:W90) Disease_Perturbations_from_GEO_up/_down 'Cardiomyopathy C0878544 human GSE5406 sample 88'; crowd-extracted GEO signature (Wang 2016 Nat Commun 7:12846); GSE5406 (Hannenhalli 2006 Circulation 114:1269, human LV, ischemic/idiopathic cardiomyopathy vs non-failing); up/down = genes up/down in failing vs non-failing LV"
PDK4,1,HF-up,,"Enrichr (Kuleshov 2016 NAR 44:W90) Disease_Perturbations_from_GEO_up/_down 'Cardiomyopathy C0878544 human GSE5406 sample 88'; crowd-extracted GEO signature (Wang 2016 Nat Commun 7:12846); GSE5406 (Hannenhalli 2006 Circulation 114:1269, human LV, ischemic/idiopathic cardiomyopathy vs non-failing); up/down = genes up/down in failing vs non-failing LV"
IER2,1,HF-up,,"Enrichr (Kuleshov 2016 NAR 44:W90) Disease_Perturbations_from_GEO_up/_down 'Cardiomyopathy C0878544 human GSE5406 sample 88'; crowd-extracted GEO signature (Wang 2016 Nat Commun 7:12846); GSE5406 (Hannenhalli 2006 Circulation 114:1269, human LV, ischemic/idiopathic cardiomyopathy vs non-failing); up/down = genes up/down in failing vs non-failing LV"
SEC31A,1,HF-up,,"Enrichr (Kuleshov 2016 NAR 44:W90) Disease_Perturbations_from_GEO_up/_down 'Cardiomyopathy C0878544 human GSE5406 sample 88'; crowd-extracted GEO signature (Wang 2016 Nat Commun 7:12846); GSE5406 (Hannenhalli 2006 Circulation 114:1269, human LV, ischemic/idiopathic cardiomyopathy vs non-failing); up/down = genes up/down in failing vs non-failing LV"
PROM1,1,HF-up,,"Enrichr (Kuleshov 2016 NAR 44:W90) Disease_Perturbations_from_GEO_up/_down 'Cardiomyopathy C0878544 human GSE5406 sample 88'; crowd-extracted GEO signature (Wang 2016 Nat Commun 7:12846); GSE5406 (Hannenhalli 2006 Circulation 114:1269, human LV, ischemic/idiopathic cardiomyopathy vs non-failing); up/down = genes up/down in failing vs non-failing LV"
IER3,1,HF-up,,"Enrichr (Kuleshov 2016 NAR 44:W90) Disease_Perturbations_from_GEO_up/_down 'Cardiomyopathy C0878544 human GSE5406 sample 88'; crowd-extracted GEO signature (Wang 2016 Nat Commun 7:12846); GSE5406 (Hannenhalli 2006 Circulation 114:1269, human LV, ischemic/idiopathic cardiomyopathy vs non-failing); up/down = genes up/down in failing vs non-failing LV"
FUCA1,1,HF-up,,"Enrichr (Kuleshov 2016 NAR 44:W90) Disease_Perturbations_from_GEO_up/_down 'Cardiomyopathy C0878544 human GSE5406 sample 88'; crowd-extracted GEO signature (Wang 2016 Nat Commun 7:12846); GSE5406 (Hannenhalli 2006 Circulation 114:1269, human LV, ischemic/idiopathic cardiomyopathy vs non-failing); up/down = genes up/down in failing vs non-failing LV"
BTN3A2,1,HF-up,,"Enrichr (Kuleshov 2016 NAR 44:W90) Disease_Perturbations_from_GEO_up/_down 'Cardiomyopathy C0878544 human GSE5406 sample 88'; crowd-extracted GEO signature (Wang 2016 Nat Commun 7:12846); GSE5406 (Hannenhalli 2006 Circulation 114:1269, human LV, ischemic/idiopathic cardiomyopathy vs non-failing); up/down = genes up/down in failing vs non-failing LV"
PHF11,1,HF-up,,"Enrichr (Kuleshov 2016 NAR 44:W90) Disease_Perturbations_from_GEO_up/_down 'Cardiomyopathy C0878544 human GSE5406 sample 88'; crowd-extracted GEO signature (Wang 2016 Nat Commun 7:12846); GSE5406 (Hannenhalli 2006 Circulation 114:1269, human LV, ischemic/idiopathic cardiomyopathy vs non-failing); up/down = genes up/down in failing vs non-failing LV"
ANXA4,1,HF-up,,"Enrichr (Kuleshov 2016 NAR 44:W90) Disease_Perturbations_from_GEO_up/_down 'Cardiomyopathy C0878544 human GSE5406 sample 88'; crowd-extracted GEO signature (Wang 2016 Nat Commun 7:12846); GSE5406 (Hannenhalli 2006 Circulation 114:1269, human LV, ischemic/idiopathic cardiomyopathy vs non-failing); up/down = genes up/down in failing vs non-failing LV"
USP9Y,1,HF-up,,"Enrichr (Kuleshov 2016 NAR 44:W90) Disease_Perturbations_from_GEO_up/_down 'Cardiomyopathy C0878544 human GSE5406 sample 88'; crowd-extracted GEO signature (Wang 2016 Nat Commun 7:12846); GSE5406 (Hannenhalli 2006 Circulation 114:1269, human LV, ischemic/idiopathic cardiomyopathy vs non-failing); up/down = genes up/down in failing vs non-failing LV"
ANXA6,1,HF-up,,"Enrichr (Kuleshov 2016 NAR 44:W90) Disease_Perturbations_from_GEO_up/_down 'Cardiomyopathy C0878544 human GSE5406 sample 88'; crowd-extracted GEO signature (Wang 2016 Nat Commun 7:12846); GSE5406 (Hannenhalli 2006 Circulation 114:1269, human LV, ischemic/idiopathic cardiomyopathy vs non-failing); up/down = genes up/down in failing vs non-failing LV"
HEG1,1,HF-up,,"Enrichr (Kuleshov 2016 NAR 44:W90) Disease_Perturbations_from_GEO_up/_down 'Cardiomyopathy C0878544 human GSE5406 sample 88'; crowd-extracted GEO signature (Wang 2016 Nat Commun 7:12846); GSE5406 (Hannenhalli 2006 Circulation 114:1269, human LV, ischemic/idiopathic cardiomyopathy vs non-failing); up/down = genes up/down in failing vs non-failing LV"
HBA1,1,HF-up,,"Enrichr (Kuleshov 2016 NAR 44:W90) Disease_Perturbations_from_GEO_up/_down 'Cardiomyopathy C0878544 human GSE5406 sample 88'; crowd-extracted GEO signature (Wang 2016 Nat Commun 7:12846); GSE5406 (Hannenhalli 2006 Circulation 114:1269, human LV, ischemic/idiopathic cardiomyopathy vs non-failing); up/down = genes up/down in failing vs non-failing LV"
TRMT5,1,HF-up,,"Enrichr (Kuleshov 2016 NAR 44:W90) Disease_Perturbations_from_GEO_up/_down 'Cardiomyopathy C0878544 human GSE5406 sample 88'; crowd-extracted GEO signature (Wang 2016 Nat Commun 7:12846); GSE5406 (Hannenhalli 2006 Circulation 114:1269, human LV, ischemic/idiopathic cardiomyopathy vs non-failing); up/down = genes up/down in failing vs non-failing LV"
PLXDC1,1,HF-up,,"Enrichr (Kuleshov 2016 NAR 44:W90) Disease_Perturbations_from_GEO_up/_down 'Cardiomyopathy C0878544 human GSE5406 sample 88'; crowd-extracted GEO signature (Wang 2016 Nat Commun 7:12846); GSE5406 (Hannenhalli 2006 Circulation 114:1269, human LV, ischemic/idiopathic cardiomyopathy vs non-failing); up/down = genes up/down in failing vs non-failing LV"
ITFG1,1,HF-up,,"Enrichr (Kuleshov 2016 NAR 44:W90) Disease_Perturbations_from_GEO_up/_down 'Cardiomyopathy C0878544 human GSE5406 sample 88'; crowd-extracted GEO signature (Wang 2016 Nat Commun 7:12846); GSE5406 (Hannenhalli 2006 Circulation 114:1269, human LV, ischemic/idiopathic cardiomyopathy vs non-failing); up/down = genes up/down in failing vs non-failing LV"
VEGFB,1,HF-up,,"Enrichr (Kuleshov 2016 NAR 44:W90) Disease_Perturbations_from_GEO_up/_down 'Cardiomyopathy C0878544 human GSE5406 sample 88'; crowd-extracted GEO signature (Wang 2016 Nat Commun 7:12846); GSE5406 (Hannenhalli 2006 Circulation 114:1269, human LV, ischemic/idiopathic cardiomyopathy vs non-failing); up/down = genes up/down in failing vs non-failing LV"
RNF146,1,HF-up,,"Enrichr (Kuleshov 2016 NAR 44:W90) Disease_Perturbations_from_GEO_up/_down 'Cardiomyopathy C0878544 human GSE5406 sample 88'; crowd-extracted GEO signature (Wang 2016 Nat Commun 7:12846); GSE5406 (Hannenhalli 2006 Circulation 114:1269, human LV, ischemic/idiopathic cardiomyopathy vs non-failing); up/down = genes up/down in failing vs non-failing LV"
CFHR1,1,HF-up,,"Enrichr (Kuleshov 2016 NAR 44:W90) Disease_Perturbations_from_GEO_up/_down 'Cardiomyopathy C0878544 human GSE5406 sample 88'; crowd-extracted GEO signature (Wang 2016 Nat Commun 7:12846); GSE5406 (Hannenhalli 2006 Circulation 114:1269, human LV, ischemic/idiopathic cardiomyopathy vs non-failing); up/down = genes up/down in failing vs non-failing LV"
COL3A1,1,HF-up,,"Enrichr (Kuleshov 2016 NAR 44:W90) Disease_Perturbations_from_GEO_up/_down 'Cardiomyopathy C0878544 human GSE5406 sample 88'; crowd-extracted GEO signature (Wang 2016 Nat Commun 7:12846); GSE5406 (Hannenhalli 2006 Circulation 114:1269, human LV, ischemic/idiopathic cardiomyopathy vs non-failing); up/down = genes up/down in failing vs non-failing LV"
TPPP3,1,HF-up,,"Enrichr (Kuleshov 2016 NAR 44:W90) Disease_Perturbations_from_GEO_up/_down 'Cardiomyopathy C0878544 human GSE5406 sample 88'; crowd-extracted GEO signature (Wang 2016 Nat Commun 7:12846); GSE5406 (Hannenhalli 2006 Circulation 114:1269, human LV, ischemic/idiopathic cardiomyopathy vs non-failing); up/down = genes up/down in failing vs non-failing LV"
KLHL7,1,HF-up,,"Enrichr (Kuleshov 2016 NAR 44:W90) Disease_Perturbations_from_GEO_up/_down 'Cardiomyopathy C0878544 human GSE5406 sample 88'; crowd-extracted GEO signature (Wang 2016 Nat Commun 7:12846); GSE5406 (Hannenhalli 2006 Circulation 114:1269, human LV, ischemic/idiopathic cardiomyopathy vs non-failing); up/down = genes up/down in failing vs non-failing LV"
CILP,1,HF-up,,"Enrichr (Kuleshov 2016 NAR 44:W90) Disease_Perturbations_from_GEO_up/_down 'Cardiomyopathy C0878544 human GSE5406 sample 88'; crowd-extracted GEO signature (Wang 2016 Nat Commun 7:12846); GSE5406 (Hannenhalli 2006 Circulation 114:1269, human LV, ischemic/idiopathic cardiomyopathy vs non-failing); up/down = genes up/down in failing vs non-failing LV"
TMEM185B,1,HF-up,,"Enrichr (Kuleshov 2016 NAR 44:W90) Disease_Perturbations_from_GEO_up/_down 'Cardiomyopathy C0878544 human GSE5406 sample 88'; crowd-extracted GEO signature (Wang 2016 Nat Commun 7:12846); GSE5406 (Hannenhalli 2006 Circulation 114:1269, human LV, ischemic/idiopathic cardiomyopathy vs non-failing); up/down = genes up/down in failing vs non-failing LV"
DENND1B,1,HF-up,,"Enrichr (Kuleshov 2016 NAR 44:W90) Disease_Perturbations_from_GEO_up/_down 'Cardiomyopathy C0878544 human GSE5406 sample 88'; crowd-extracted GEO signature (Wang 2016 Nat Commun 7:12846); GSE5406 (Hannenhalli 2006 Circulation 114:1269, human LV, ischemic/idiopathic cardiomyopathy vs non-failing); up/down = genes up/down in failing vs non-failing LV"
CETN3,1,HF-up,,"Enrichr (Kuleshov 2016 NAR 44:W90) Disease_Perturbations_from_GEO_up/_down 'Cardiomyopathy C0878544 human GSE5406 sample 88'; crowd-extracted GEO signature (Wang 2016 Nat Commun 7:12846); GSE5406 (Hannenhalli 2006 Circulation 114:1269, human LV, ischemic/idiopathic cardiomyopathy vs non-failing); up/down = genes up/down in failing vs non-failing LV"
HBB,1,HF-up,,"Enrichr (Kuleshov 2016 NAR 44:W90) Disease_Perturbations_from_GEO_up/_down 'Cardiomyopathy C0878544 human GSE5406 sample 88'; crowd-extracted GEO signature (Wang 2016 Nat Commun 7:12846); GSE5406 (Hannenhalli 2006 Circulation 114:1269, human LV, ischemic/idiopathic cardiomyopathy vs non-failing); up/down = genes up/down in failing vs non-failing LV"
HBD,1,HF-up,,"Enrichr (Kuleshov 2016 NAR 44:W90) Disease_Perturbations_from_GEO_up/_down 'Cardiomyopathy C0878544 human GSE5406 sample 88'; crowd-extracted GEO signature (Wang 2016 Nat Commun 7:12846); GSE5406 (Hannenhalli 2006 Circulation 114:1269, human LV, ischemic/idiopathic cardiomyopathy vs non-failing); up/down = genes up/down in failing vs non-failing LV"
CTSO,1,HF-up,,"Enrichr (Kuleshov 2016 NAR 44:W90) Disease_Perturbations_from_GEO_up/_down 'Cardiomyopathy C0878544 human GSE5406 sample 88'; crowd-extracted GEO signature (Wang 2016 Nat Commun 7:12846); GSE5406 (Hannenhalli 2006 Circulation 114:1269, human LV, ischemic/idiopathic cardiomyopathy vs non-failing); up/down = genes up/down in failing vs non-failing LV"
SH3BGRL,1,HF-up,,"Enrichr (Kuleshov 2016 NAR 44:W90) Disease_Perturbations_from_GEO_up/_down 'Cardiomyopathy C0878544 human GSE5406 sample 88'; crowd-extracted GEO signature (Wang 2016 Nat Commun 7:12846); GSE5406 (Hannenhalli 2006 Circulation 114:1269, human LV, ischemic/idiopathic cardiomyopathy vs non-failing); up/down = genes up/down in failing vs non-failing LV"
HLTF,1,HF-up,,"Enrichr (Kuleshov 2016 NAR 44:W90) Disease_Perturbations_from_GEO_up/_down 'Cardiomyopathy C0878544 human GSE5406 sample 88'; crowd-extracted GEO signature (Wang 2016 Nat Commun 7:12846); GSE5406 (Hannenhalli 2006 Circulation 114:1269, human LV, ischemic/idiopathic cardiomyopathy vs non-failing); up/down = genes up/down in failing vs non-failing LV"
CTSK,1,HF-up,,"Enrichr (Kuleshov 2016 NAR 44:W90) Disease_Perturbations_from_GEO_up/_down 'Cardiomyopathy C0878544 human GSE5406 sample 88'; crowd-extracted GEO signature (Wang 2016 Nat Commun 7:12846); GSE5406 (Hannenhalli 2006 Circulation 114:1269, human LV, ischemic/idiopathic cardiomyopathy vs non-failing); up/down = genes up/down in failing vs non-failing LV"
CTSH,1,HF-up,,"Enrichr (Kuleshov 2016 NAR 44:W90) Disease_Perturbations_from_GEO_up/_down 'Cardiomyopathy C0878544 human GSE5406 sample 88'; crowd-extracted GEO signature (Wang 2016 Nat Commun 7:12846); GSE5406 (Hannenhalli 2006 Circulation 114:1269, human LV, ischemic/idiopathic cardiomyopathy vs non-failing); up/down = genes up/down in failing vs non-failing LV"
GPRASP1,1,HF-up,,"Enrichr (Kuleshov 2016 NAR 44:W90) Disease_Perturbations_from_GEO_up/_down 'Cardiomyopathy C0878544 human GSE5406 sample 88'; crowd-extracted GEO signature (Wang 2016 Nat Commun 7:12846); GSE5406 (Hannenhalli 2006 Circulation 114:1269, human LV, ischemic/idiopathic cardiomyopathy vs non-failing); up/down = genes up/down in failing vs non-failing LV"
CTSD,1,HF-up,,"Enrichr (Kuleshov 2016 NAR 44:W90) Disease_Perturbations_from_GEO_up/_down 'Cardiomyopathy C0878544 human GSE5406 sample 88'; crowd-extracted GEO signature (Wang 2016 Nat Commun 7:12846); GSE5406 (Hannenhalli 2006 Circulation 114:1269, human LV, ischemic/idiopathic cardiomyopathy vs non-failing); up/down = genes up/down in failing vs non-failing LV"
P2RY13,1,HF-up,,"Enrichr (Kuleshov 2016 NAR 44:W90) Disease_Perturbations_from_GEO_up/_down 'Cardiomyopathy C0878544 human GSE5406 sample 88'; crowd-extracted GEO signature (Wang 2016 Nat Commun 7:12846); GSE5406 (Hannenhalli 2006 Circulation 114:1269, human LV, ischemic/idiopathic cardiomyopathy vs non-failing); up/down = genes up/down in failing vs non-failing LV"
IL32,1,HF-up,,"Enrichr (Kuleshov 2016 NAR 44:W90) Disease_Perturbations_from_GEO_up/_down 'Cardiomyopathy C0878544 human GSE5406 sample 88'; crowd-extracted GEO signature (Wang 2016 Nat Commun 7:12846); GSE5406 (Hannenhalli 2006 Circulation 114:1269, human LV, ischemic/idiopathic cardiomyopathy vs non-failing); up/down = genes up/down in failing vs non-failing LV"
STAT4,1,HF-up,,"Enrichr (Kuleshov 2016 NAR 44:W90) Disease_Perturbations_from_GEO_up/_down 'Cardiomyopathy C0878544 human GSE5406 sample 88'; crowd-extracted GEO signature (Wang 2016 Nat Commun 7:12846); GSE5406 (Hannenhalli 2006 Circulation 114:1269, human LV, ischemic/idiopathic cardiomyopathy vs non-failing); up/down = genes up/down in failing vs non-failing LV"
TMEM176B,1,HF-up,,"Enrichr (Kuleshov 2016 NAR 44:W90) Disease_Perturbations_from_GEO_up/_down 'Cardiomyopathy C0878544 human GSE5406 sample 88'; crowd-extracted GEO signature (Wang 2016 Nat Commun 7:12846); GSE5406 (Hannenhalli 2006 Circulation 114:1269, human LV, ischemic/idiopathic cardiomyopathy vs non-failing); up/down = genes up/down in failing vs non-failing LV"
AP2B1,1,HF-up,,"Enrichr (Kuleshov 2016 NAR 44:W90) Disease_Perturbations_from_GEO_up/_down 'Cardiomyopathy C0878544 human GSE5406 sample 88'; crowd-extracted GEO signature (Wang 2016 Nat Commun 7:12846); GSE5406 (Hannenhalli 2006 Circulation 114:1269, human LV, ischemic/idiopathic cardiomyopathy vs non-failing); up/down = genes up/down in failing vs non-failing LV"
BGN,1,HF-up,,"Enrichr (Kuleshov 2016 NAR 44:W90) Disease_Perturbations_from_GEO_up/_down 'Cardiomyopathy C0878544 human GSE5406 sample 88'; crowd-extracted GEO signature (Wang 2016 Nat Commun 7:12846); GSE5406 (Hannenhalli 2006 Circulation 114:1269, human LV, ischemic/idiopathic cardiomyopathy vs non-failing); up/down = genes up/down in failing vs non-failing LV"
F3,1,HF-up,,"Enrichr (Kuleshov 2016 NAR 44:W90) Disease_Perturbations_from_GEO_up/_down 'Cardiomyopathy C0878544 human GSE5406 sample 88'; crowd-extracted GEO signature (Wang 2016 Nat Commun 7:12846); GSE5406 (Hannenhalli 2006 Circulation 114:1269, human LV, ischemic/idiopathic cardiomyopathy vs non-failing); up/down = genes up/down in failing vs non-failing LV"
GTF2H5,1,HF-up,,"Enrichr (Kuleshov 2016 NAR 44:W90) Disease_Perturbations_from_GEO_up/_down 'Cardiomyopathy C0878544 human GSE5406 sample 88'; crowd-extracted GEO signature (Wang 2016 Nat Commun 7:12846); GSE5406 (Hannenhalli 2006 Circulation 114:1269, human LV, ischemic/idiopathic cardiomyopathy vs non-failing); up/down = genes up/down in failing vs non-failing LV"
F5,1,HF-up,,"Enrichr (Kuleshov 2016 NAR 44:W90) Disease_Perturbations_from_GEO_up/_down 'Cardiomyopathy C0878544 human GSE5406 sample 88'; crowd-extracted GEO signature (Wang 2016 Nat Commun 7:12846); GSE5406 (Hannenhalli 2006 Circulation 114:1269, human LV, ischemic/idiopathic cardiomyopathy vs non-failing); up/down = genes up/down in failing vs non-failing LV"
ALDH5A1,1,HF-up,,"Enrichr (Kuleshov 2016 NAR 44:W90) Disease_Perturbations_from_GEO_up/_down 'Cardiomyopathy C0878544 human GSE5406 sample 88'; crowd-extracted GEO signature (Wang 2016 Nat Commun 7:12846); GSE5406 (Hannenhalli 2006 Circulation 114:1269, human LV, ischemic/idiopathic cardiomyopathy vs non-failing); up/down = genes up/down in failing vs non-failing LV"
GATM,1,HF-up,,"Enrichr (Kuleshov 2016 NAR 44:W90) Disease_Perturbations_from_GEO_up/_down 'Cardiomyopathy C0878544 human GSE5406 sample 88'; crowd-extracted GEO signature (Wang 2016 Nat Commun 7:12846); GSE5406 (Hannenhalli 2006 Circulation 114:1269, human LV, ischemic/idiopathic cardiomyopathy vs non-failing); up/down = genes up/down in failing vs non-failing LV"
KIT,1,HF-up,,"Enrichr (Kuleshov 2016 NAR 44:W90) Disease_Perturbations_from_GEO_up/_down 'Cardiomyopathy C0878544 human GSE5406 sample 88'; crowd-extracted GEO signature (Wang 2016 Nat Commun 7:12846); GSE5406 (Hannenhalli 2006 Circulation 114:1269, human LV, ischemic/idiopathic cardiomyopathy vs non-failing); up/down = genes up/down in failing vs non-failing LV"
FOSB,1,HF-up,,"Enrichr (Kuleshov 2016 NAR 44:W90) Disease_Perturbations_from_GEO_up/_down 'Cardiomyopathy C0878544 human GSE5406 sample 88'; crowd-extracted GEO signature (Wang 2016 Nat Commun 7:12846); GSE5406 (Hannenhalli 2006 Circulation 114:1269, human LV, ischemic/idiopathic cardiomyopathy vs non-failing); up/down = genes up/down in failing vs non-failing LV"
NUCB2,1,HF-up,,"Enrichr (Kuleshov 2016 NAR 44:W90) Disease_Perturbations_from_GEO_up/_down 'Cardiomyopathy C0878544 human GSE5406 sample 88'; crowd-extracted GEO signature (Wang 2016 Nat Commun 7:12846); GSE5406 (Hannenhalli 2006 Circulation 114:1269, human LV, ischemic/idiopathic cardiomyopathy vs non-failing); up/down = genes up/down in failing vs non-failing LV"
HLA-DPB1,1,HF-up,,"Enrichr (Kuleshov 2016 NAR 44:W90) Disease_Perturbations_from_GEO_up/_down 'Cardiomyopathy C0878544 human GSE5406 sample 88'; crowd-extracted GEO signature (Wang 2016 Nat Commun 7:12846); GSE5406 (Hannenhalli 2006 Circulation 114:1269, human LV, ischemic/idiopathic cardiomyopathy vs non-failing); up/down = genes up/down in failing vs non-failing LV"
FMOD,1,HF-up,,"Enrichr (Kuleshov 2016 NAR 44:W90) Disease_Perturbations_from_GEO_up/_down 'Cardiomyopathy C0878544 human GSE5406 sample 88'; crowd-extracted GEO signature (Wang 2016 Nat Commun 7:12846); GSE5406 (Hannenhalli 2006 Circulation 114:1269, human LV, ischemic/idiopathic cardiomyopathy vs non-failing); up/down = genes up/down in failing vs non-failing LV"
PRKRIR,1,HF-up,,"Enrichr (Kuleshov 2016 NAR 44:W90) Disease_Perturbations_from_GEO_up/_down 'Cardiomyopathy C0878544 human GSE5406 sample 88'; crowd-extracted GEO signature (Wang 2016 Nat Commun 7:12846); GSE5406 (Hannenhalli 2006 Circulation 114:1269, human LV, ischemic/idiopathic cardiomyopathy vs non-failing); up/down = genes up/down in failing vs non-failing LV"
DCP2,1,HF-up,,"Enrichr (Kuleshov 2016 NAR 44:W90) Disease_Perturbations_from_GEO_up/_down 'Cardiomyopathy C0878544 human GSE5406 sample 88'; crowd-extracted GEO signature (Wang 2016 Nat Commun 7:12846); GSE5406 (Hannenhalli 2006 Circulation 114:1269, human LV, ischemic/idiopathic cardiomyopathy vs non-failing); up/down = genes up/down in failing vs non-failing LV"
ECM2,1,HF-up,,"Enrichr (Kuleshov 2016 NAR 44:W90) Disease_Perturbations_from_GEO_up/_down 'Cardiomyopathy C0878544 human GSE5406 sample 88'; crowd-extracted GEO signature (Wang 2016 Nat Commun 7:12846); GSE5406 (Hannenhalli 2006 Circulation 114:1269, human LV, ischemic/idiopathic cardiomyopathy vs non-failing); up/down = genes up/down in failing vs non-failing LV"
CTF1,1,HF-up,,"Enrichr (Kuleshov 2016 NAR 44:W90) Disease_Perturbations_from_GEO_up/_down 'Cardiomyopathy C0878544 human GSE5406 sample 88'; crowd-extracted GEO signature (Wang 2016 Nat Commun 7:12846); GSE5406 (Hannenhalli 2006 Circulation 114:1269, human LV, ischemic/idiopathic cardiomyopathy vs non-failing); up/down = genes up/down in failing vs non-failing LV"
LRRC17,1,HF-up,,"Enrichr (Kuleshov 2016 NAR 44:W90) Disease_Perturbations_from_GEO_up/_down 'Cardiomyopathy C0878544 human GSE5406 sample 88'; crowd-extracted GEO signature (Wang 2016 Nat Commun 7:12846); GSE5406 (Hannenhalli 2006 Circulation 114:1269, human LV, ischemic/idiopathic cardiomyopathy vs non-failing); up/down = genes up/down in failing vs non-failing LV"
FHOD3,1,HF-up,,"Enrichr (Kuleshov 2016 NAR 44:W90) Disease_Perturbations_from_GEO_up/_down 'Cardiomyopathy C0878544 human GSE5406 sample 88'; crowd-extracted GEO signature (Wang 2016 Nat Commun 7:12846); GSE5406 (Hannenhalli 2006 Circulation 114:1269, human LV, ischemic/idiopathic cardiomyopathy vs non-failing); up/down = genes up/down in failing vs non-failing LV"
FAM45A,1,HF-up,,"Enrichr (Kuleshov 2016 NAR 44:W90) Disease_Perturbations_from_GEO_up/_down 'Cardiomyopathy C0878544 human GSE5406 sample 88'; crowd-extracted GEO signature (Wang 2016 Nat Commun 7:12846); GSE5406 (Hannenhalli 2006 Circulation 114:1269, human LV, ischemic/idiopathic cardiomyopathy vs non-failing); up/down = genes up/down in failing vs non-failing LV"
DIRAS3,1,HF-up,,"Enrichr (Kuleshov 2016 NAR 44:W90) Disease_Perturbations_from_GEO_up/_down 'Cardiomyopathy C0878544 human GSE5406 sample 88'; crowd-extracted GEO signature (Wang 2016 Nat Commun 7:12846); GSE5406 (Hannenhalli 2006 Circulation 114:1269, human LV, ischemic/idiopathic cardiomyopathy vs non-failing); up/down = genes up/down in failing vs non-failing LV"
PTN,1,HF-up,,"Enrichr (Kuleshov 2016 NAR 44:W90) Disease_Perturbations_from_GEO_up/_down 'Cardiomyopathy C0878544 human GSE5406 sample 88'; crowd-extracted GEO signature (Wang 2016 Nat Commun 7:12846); GSE5406 (Hannenhalli 2006 Circulation 114:1269, human LV, ischemic/idiopathic cardiomyopathy vs non-failing); up/down = genes up/down in failing vs non-failing LV"
NUDT3,1,HF-up,,"Enrichr (Kuleshov 2016 NAR 44:W90) Disease_Perturbations_from_GEO_up/_down 'Cardiomyopathy C0878544 human GSE5406 sample 88'; crowd-extracted GEO signature (Wang 2016 Nat Commun 7:12846); GSE5406 (Hannenhalli 2006 Circulation 114:1269, human LV, ischemic/idiopathic cardiomyopathy vs non-failing); up/down = genes up/down in failing vs non-failing LV"
FSTL1,1,HF-up,,"Enrichr (Kuleshov 2016 NAR 44:W90) Disease_Perturbations_from_GEO_up/_down 'Cardiomyopathy C0878544 human GSE5406 sample 88'; crowd-extracted GEO signature (Wang 2016 Nat Commun 7:12846); GSE5406 (Hannenhalli 2006 Circulation 114:1269, human LV, ischemic/idiopathic cardiomyopathy vs non-failing); up/down = genes up/down in failing vs non-failing LV"
TUBA1A,1,HF-up,,"Enrichr (Kuleshov 2016 NAR 44:W90) Disease_Perturbations_from_GEO_up/_down 'Cardiomyopathy C0878544 human GSE5406 sample 88'; crowd-extracted GEO signature (Wang 2016 Nat Commun 7:12846); GSE5406 (Hannenhalli 2006 Circulation 114:1269, human LV, ischemic/idiopathic cardiomyopathy vs non-failing); up/down = genes up/down in failing vs non-failing LV"
CHKB-CPT1B,1,HF-up,,"Enrichr (Kuleshov 2016 NAR 44:W90) Disease_Perturbations_from_GEO_up/_down 'Cardiomyopathy C0878544 human GSE5406 sample 88'; crowd-extracted GEO signature (Wang 2016 Nat Commun 7:12846); GSE5406 (Hannenhalli 2006 Circulation 114:1269, human LV, ischemic/idiopathic cardiomyopathy vs non-failing); up/down = genes up/down in failing vs non-failing LV"
TMSB4X,1,HF-up,,"Enrichr (Kuleshov 2016 NAR 44:W90) Disease_Perturbations_from_GEO_up/_down 'Cardiomyopathy C0878544 human GSE5406 sample 88'; crowd-extracted GEO signature (Wang 2016 Nat Commun 7:12846); GSE5406 (Hannenhalli 2006 Circulation 114:1269, human LV, ischemic/idiopathic cardiomyopathy vs non-failing); up/down = genes up/down in failing vs non-failing LV"
FCGRT,1,HF-up,,"Enrichr (Kuleshov 2016 NAR 44:W90) Disease_Perturbations_from_GEO_up/_down 'Cardiomyopathy C0878544 human GSE5406 sample 88'; crowd-extracted GEO signature (Wang 2016 Nat Commun 7:12846); GSE5406 (Hannenhalli 2006 Circulation 114:1269, human LV, ischemic/idiopathic cardiomyopathy vs non-failing); up/down = genes up/down in failing vs non-failing LV"
CXCR2,1,HF-up,,"Enrichr (Kuleshov 2016 NAR 44:W90) Disease_Perturbations_from_GEO_up/_down 'Cardiomyopathy C0878544 human GSE5406 sample 88'; crowd-extracted GEO signature (Wang 2016 Nat Commun 7:12846); GSE5406 (Hannenhalli 2006 Circulation 114:1269, human LV, ischemic/idiopathic cardiomyopathy vs non-failing); up/down = genes up/down in failing vs non-failing LV"
OLFML3,1,HF-up,,"Enrichr (Kuleshov 2016 NAR 44:W90) Disease_Perturbations_from_GEO_up/_down 'Cardiomyopathy C0878544 human GSE5406 sample 88'; crowd-extracted GEO signature (Wang 2016 Nat Commun 7:12846); GSE5406 (Hannenhalli 2006 Circulation 114:1269, human LV, ischemic/idiopathic cardiomyopathy vs non-failing); up/down = genes up/down in failing vs non-failing LV"
ADAMTSL3,1,HF-up,,"Enrichr (Kuleshov 2016 NAR 44:W90) Disease_Perturbations_from_GEO_up/_down 'Cardiomyopathy C0878544 human GSE5406 sample 88'; crowd-extracted GEO signature (Wang 2016 Nat Commun 7:12846); GSE5406 (Hannenhalli 2006 Circulation 114:1269, human LV, ischemic/idiopathic cardiomyopathy vs non-failing); up/down = genes up/down in failing vs non-failing LV"
C10orf76,1,HF-up,,"Enrichr (Kuleshov 2016 NAR 44:W90) Disease_Perturbations_from_GEO_up/_down 'Cardiomyopathy C0878544 human GSE5406 sample 88'; crowd-extracted GEO signature (Wang 2016 Nat Commun 7:12846); GSE5406 (Hannenhalli 2006 Circulation 114:1269, human LV, ischemic/idiopathic cardiomyopathy vs non-failing); up/down = genes up/down in failing vs non-failing LV"
ENPP2,1,HF-up,,"Enrichr (Kuleshov 2016 NAR 44:W90) Disease_Perturbations_from_GEO_up/_down 'Cardiomyopathy C0878544 human GSE5406 sample 88'; crowd-extracted GEO signature (Wang 2016 Nat Commun 7:12846); GSE5406 (Hannenhalli 2006 Circulation 114:1269, human LV, ischemic/idiopathic cardiomyopathy vs non-failing); up/down = genes up/down in failing vs non-failing LV"
FAM21C,1,HF-up,,"Enrichr (Kuleshov 2016 NAR 44:W90) Disease_Perturbations_from_GEO_up/_down 'Cardiomyopathy C0878544 human GSE5406 sample 88'; crowd-extracted GEO signature (Wang 2016 Nat Commun 7:12846); GSE5406 (Hannenhalli 2006 Circulation 114:1269, human LV, ischemic/idiopathic cardiomyopathy vs non-failing); up/down = genes up/down in failing vs non-failing LV"
ANKMY2,1,HF-up,,"Enrichr (Kuleshov 2016 NAR 44:W90) Disease_Perturbations_from_GEO_up/_down 'Cardiomyopathy C0878544 human GSE5406 sample 88'; crowd-extracted GEO signature (Wang 2016 Nat Commun 7:12846); GSE5406 (Hannenhalli 2006 Circulation 114:1269, human LV, ischemic/idiopathic cardiomyopathy vs non-failing); up/down = genes up/down in failing vs non-failing LV"
CORIN,1,HF-up,,"Enrichr (Kuleshov 2016 NAR 44:W90) Disease_Perturbations_from_GEO_up/_down 'Cardiomyopathy C0878544 human GSE5406 sample 88'; crowd-extracted GEO signature (Wang 2016 Nat Commun 7:12846); GSE5406 (Hannenhalli 2006 Circulation 114:1269, human LV, ischemic/idiopathic cardiomyopathy vs non-failing); up/down = genes up/down in failing vs non-failing LV"
JAK2,1,HF-up,,"Enrichr (Kuleshov 2016 NAR 44:W90) Disease_Perturbations_from_GEO_up/_down 'Cardiomyopathy C0878544 human GSE5406 sample 88'; crowd-extracted GEO signature (Wang 2016 Nat Commun 7:12846); GSE5406 (Hannenhalli 2006 Circulation 114:1269, human LV, ischemic/idiopathic cardiomyopathy vs non-failing); up/down = genes up/down in failing vs non-failing LV"
PHLDA1,1,HF-up,,"Enrichr (Kuleshov 2016 NAR 44:W90) Disease_Perturbations_from_GEO_up/_down 'Cardiomyopathy C0878544 human GSE5406 sample 88'; crowd-extracted GEO signature (Wang 2016 Nat Commun 7:12846); GSE5406 (Hannenhalli 2006 Circulation 114:1269, human LV, ischemic/idiopathic cardiomyopathy vs non-failing); up/down = genes up/down in failing vs non-failing LV"
CD74,1,HF-up,,"Enrichr (Kuleshov 2016 NAR 44:W90) Disease_Perturbations_from_GEO_up/_down 'Cardiomyopathy C0878544 human GSE5406 sample 88'; crowd-extracted GEO signature (Wang 2016 Nat Commun 7:12846); GSE5406 (Hannenhalli 2006 Circulation 114:1269, human LV, ischemic/idiopathic cardiomyopathy vs non-failing); up/down = genes up/down in failing vs non-failing LV"
EIF1AY,1,HF-up,,"Enrichr (Kuleshov 2016 NAR 44:W90) Disease_Perturbations_from_GEO_up/_down 'Cardiomyopathy C0878544 human GSE5406 sample 88'; crowd-extracted GEO signature (Wang 2016 Nat Commun 7:12846); GSE5406 (Hannenhalli 2006 Circulation 114:1269, human LV, ischemic/idiopathic cardiomyopathy vs non-failing); up/down = genes up/down in failing vs non-failing LV"
ZBTB16,1,HF-up,,"Enrichr (Kuleshov 2016 NAR 44:W90) Disease_Perturbations_from_GEO_up/_down 'Cardiomyopathy C0878544 human GSE5406 sample 88'; crowd-extracted GEO signature (Wang 2016 Nat Commun 7:12846); GSE5406 (Hannenhalli 2006 Circulation 114:1269, human LV, ischemic/idiopathic cardiomyopathy vs non-failing); up/down = genes up/down in failing vs non-failing LV"
DEFA3,1,HF-up,,"Enrichr (Kuleshov 2016 NAR 44:W90) Disease_Perturbations_from_GEO_up/_down 'Cardiomyopathy C0878544 human GSE5406 sample 88'; crowd-extracted GEO signature (Wang 2016 Nat Commun 7:12846); GSE5406 (Hannenhalli 2006 Circulation 114:1269, human LV, ischemic/idiopathic cardiomyopathy vs non-failing); up/down = genes up/down in failing vs non-failing LV"
DPM1,1,HF-up,,"Enrichr (Kuleshov 2016 NAR 44:W90) Disease_Perturbations_from_GEO_up/_down 'Cardiomyopathy C0878544 human GSE5406 sample 88'; crowd-extracted GEO signature (Wang 2016 Nat Commun 7:12846); GSE5406 (Hannenhalli 2006 Circulation 114:1269, human LV, ischemic/idiopathic cardiomyopathy vs non-failing); up/down = genes up/down in failing vs non-failing LV"
COLQ,1,HF-up,,"Enrichr (Kuleshov 2016 NAR 44:W90) Disease_Perturbations_from_GEO_up/_down 'Cardiomyopathy C0878544 human GSE5406 sample 88'; crowd-extracted GEO signature (Wang 2016 Nat Commun 7:12846); GSE5406 (Hannenhalli 2006 Circulation 114:1269, human LV, ischemic/idiopathic cardiomyopathy vs non-failing); up/down = genes up/down in failing vs non-failing LV"
IFI44L,1,HF-up,,"Enrichr (Kuleshov 2016 NAR 44:W90) Disease_Perturbations_from_GEO_up/_down 'Cardiomyopathy C0878544 human GSE5406 sample 88'; crowd-extracted GEO signature (Wang 2016 Nat Commun 7:12846); GSE5406 (Hannenhalli 2006 Circulation 114:1269, human LV, ischemic/idiopathic cardiomyopathy vs non-failing); up/down = genes up/down in failing vs non-failing LV"
CXCL12,1,HF-up,,"Enrichr (Kuleshov 2016 NAR 44:W90) Disease_Perturbations_from_GEO_up/_down 'Cardiomyopathy C0878544 human GSE5406 sample 88'; crowd-extracted GEO signature (Wang 2016 Nat Commun 7:12846); GSE5406 (Hannenhalli 2006 Circulation 114:1269, human LV, ischemic/idiopathic cardiomyopathy vs non-failing); up/down = genes up/down in failing vs non-failing LV"
COL5A2,1,HF-up,,"Enrichr (Kuleshov 2016 NAR 44:W90) Disease_Perturbations_from_GEO_up/_down 'Cardiomyopathy C0878544 human GSE5406 sample 88'; crowd-extracted GEO signature (Wang 2016 Nat Commun 7:12846); GSE5406 (Hannenhalli 2006 Circulation 114:1269, human LV, ischemic/idiopathic cardiomyopathy vs non-failing); up/down = genes up/down in failing vs non-failing LV"
COL5A1,1,HF-up,,"Enrichr (Kuleshov 2016 NAR 44:W90) Disease_Perturbations_from_GEO_up/_down 'Cardiomyopathy C0878544 human GSE5406 sample 88'; crowd-extracted GEO signature (Wang 2016 Nat Commun 7:12846); GSE5406 (Hannenhalli 2006 Circulation 114:1269, human LV, ischemic/idiopathic cardiomyopathy vs non-failing); up/down = genes up/down in failing vs non-failing LV"
FAP,1,HF-up,,"Enrichr (Kuleshov 2016 NAR 44:W90) Disease_Perturbations_from_GEO_up/_down 'Cardiomyopathy C0878544 human GSE5406 sample 88'; crowd-extracted GEO signature (Wang 2016 Nat Commun 7:12846); GSE5406 (Hannenhalli 2006 Circulation 114:1269, human LV, ischemic/idiopathic cardiomyopathy vs non-failing); up/down = genes up/down in failing vs non-failing LV"
YEATS2,1,HF-up,,"Enrichr (Kuleshov 2016 NAR 44:W90) Disease_Perturbations_from_GEO_up/_down 'Cardiomyopathy C0878544 human GSE5406 sample 88'; crowd-extracted GEO signature (Wang 2016 Nat Commun 7:12846); GSE5406 (Hannenhalli 2006 Circulation 114:1269, human LV, ischemic/idiopathic cardiomyopathy vs non-failing); up/down = genes up/down in failing vs non-failing LV"
APLNR,1,HF-up,,"Enrichr (Kuleshov 2016 NAR 44:W90) Disease_Perturbations_from_GEO_up/_down 'Cardiomyopathy C0878544 human GSE5406 sample 88'; crowd-extracted GEO signature (Wang 2016 Nat Commun 7:12846); GSE5406 (Hannenhalli 2006 Circulation 114:1269, human LV, ischemic/idiopathic cardiomyopathy vs non-failing); up/down = genes up/down in failing vs non-failing LV"
DSC1,1,HF-up,,"Enrichr (Kuleshov 2016 NAR 44:W90) Disease_Perturbations_from_GEO_up/_down 'Cardiomyopathy C0878544 human GSE5406 sample 88'; crowd-extracted GEO signature (Wang 2016 Nat Commun 7:12846); GSE5406 (Hannenhalli 2006 Circulation 114:1269, human LV, ischemic/idiopathic cardiomyopathy vs non-failing); up/down = genes up/down in failing vs non-failing LV"
IVNS1ABP,1,HF-up,,"Enrichr (Kuleshov 2016 NAR 44:W90) Disease_Perturbations_from_GEO_up/_down 'Cardiomyopathy C0878544 human GSE5406 sample 88'; crowd-extracted GEO signature (Wang 2016 Nat Commun 7:12846); GSE5406 (Hannenhalli 2006 Circulation 114:1269, human LV, ischemic/idiopathic cardiomyopathy vs non-failing); up/down = genes up/down in failing vs non-failing LV"
COL16A1,1,HF-up,,"Enrichr (Kuleshov 2016 NAR 44:W90) Disease_Perturbations_from_GEO_up/_down 'Cardiomyopathy C0878544 human GSE5406 sample 88'; crowd-extracted GEO signature (Wang 2016 Nat Commun 7:12846); GSE5406 (Hannenhalli 2006 Circulation 114:1269, human LV, ischemic/idiopathic cardiomyopathy vs non-failing); up/down = genes up/down in failing vs non-failing LV"
MPI,1,HF-up,,"Enrichr (Kuleshov 2016 NAR 44:W90) Disease_Perturbations_from_GEO_up/_down 'Cardiomyopathy C0878544 human GSE5406 sample 88'; crowd-extracted GEO signature (Wang 2016 Nat Commun 7:12846); GSE5406 (Hannenhalli 2006 Circulation 114:1269, human LV, ischemic/idiopathic cardiomyopathy vs non-failing); up/down = genes up/down in failing vs non-failing LV"
TNXA,1,HF-up,,"Enrichr (Kuleshov 2016 NAR 44:W90) Disease_Perturbations_from_GEO_up/_down 'Cardiomyopathy C0878544 human GSE5406 sample 88'; crowd-extracted GEO signature (Wang 2016 Nat Commun 7:12846); GSE5406 (Hannenhalli 2006 Circulation 114:1269, human LV, ischemic/idiopathic cardiomyopathy vs non-failing); up/down = genes up/down in failing vs non-failing LV"
ODC1,1,HF-up,,"Enrichr (Kuleshov 2016 NAR 44:W90) Disease_Perturbations_from_GEO_up/_down 'Cardiomyopathy C0878544 human GSE5406 sample 88'; crowd-extracted GEO signature (Wang 2016 Nat Commun 7:12846); GSE5406 (Hannenhalli 2006 Circulation 114:1269, human LV, ischemic/idiopathic cardiomyopathy vs non-failing); up/down = genes up/down in failing vs non-failing LV"
GLT8D2,1,HF-up,,"Enrichr (Kuleshov 2016 NAR 44:W90) Disease_Perturbations_from_GEO_up/_down 'Cardiomyopathy C0878544 human GSE5406 sample 88'; crowd-extracted GEO signature (Wang 2016 Nat Commun 7:12846); GSE5406 (Hannenhalli 2006 Circulation 114:1269, human LV, ischemic/idiopathic cardiomyopathy vs non-failing); up/down = genes up/down in failing vs non-failing LV"
DLST,1,HF-up,,"Enrichr (Kuleshov 2016 NAR 44:W90) Disease_Perturbations_from_GEO_up/_down 'Cardiomyopathy C0878544 human GSE5406 sample 88'; crowd-extracted GEO signature (Wang 2016 Nat Commun 7:12846); GSE5406 (Hannenhalli 2006 Circulation 114:1269, human LV, ischemic/idiopathic cardiomyopathy vs non-failing); up/down = genes up/down in failing vs non-failing LV"
FAM129A,1,HF-up,,"Enrichr (Kuleshov 2016 NAR 44:W90) Disease_Perturbations_from_GEO_up/_down 'Cardiomyopathy C0878544 human GSE5406 sample 88'; crowd-extracted GEO signature (Wang 2016 Nat Commun 7:12846); GSE5406 (Hannenhalli 2006 Circulation 114:1269, human LV, ischemic/idiopathic cardiomyopathy vs non-failing); up/down = genes up/down in failing vs non-failing LV"
FBLN2,1,HF-up,,"Enrichr (Kuleshov 2016 NAR 44:W90) Disease_Perturbations_from_GEO_up/_down 'Cardiomyopathy C0878544 human GSE5406 sample 88'; crowd-extracted GEO signature (Wang 2016 Nat Commun 7:12846); GSE5406 (Hannenhalli 2006 Circulation 114:1269, human LV, ischemic/idiopathic cardiomyopathy vs non-failing); up/down = genes up/down in failing vs non-failing LV"
ATP1A3,1,HF-up,,"Enrichr (Kuleshov 2016 NAR 44:W90) Disease_Perturbations_from_GEO_up/_down 'Cardiomyopathy C0878544 human GSE5406 sample 88'; crowd-extracted GEO signature (Wang 2016 Nat Commun 7:12846); GSE5406 (Hannenhalli 2006 Circulation 114:1269, human LV, ischemic/idiopathic cardiomyopathy vs non-failing); up/down = genes up/down in failing vs non-failing LV"
CXCL14,1,HF-up,,"Enrichr (Kuleshov 2016 NAR 44:W90) Disease_Perturbations_from_GEO_up/_down 'Cardiomyopathy C0878544 human GSE5406 sample 88'; crowd-extracted GEO signature (Wang 2016 Nat Commun 7:12846); GSE5406 (Hannenhalli 2006 Circulation 114:1269, human LV, ischemic/idiopathic cardiomyopathy vs non-failing); up/down = genes up/down in failing vs non-failing LV"
GTF2E1,1,HF-up,,"Enrichr (Kuleshov 2016 NAR 44:W90) Disease_Perturbations_from_GEO_up/_down 'Cardiomyopathy C0878544 human GSE5406 sample 88'; crowd-extracted GEO signature (Wang 2016 Nat Commun 7:12846); GSE5406 (Hannenhalli 2006 Circulation 114:1269, human LV, ischemic/idiopathic cardiomyopathy vs non-failing); up/down = genes up/down in failing vs non-failing LV"
LOXL1,1,HF-up,,"Enrichr (Kuleshov 2016 NAR 44:W90) Disease_Perturbations_from_GEO_up/_down 'Cardiomyopathy C0878544 human GSE5406 sample 88'; crowd-extracted GEO signature (Wang 2016 Nat Commun 7:12846); GSE5406 (Hannenhalli 2006 Circulation 114:1269, human LV, ischemic/idiopathic cardiomyopathy vs non-failing); up/down = genes up/down in failing vs non-failing LV"
ARMCX1,1,HF-up,,"Enrichr (Kuleshov 2016 NAR 44:W90) Disease_Perturbations_from_GEO_up/_down 'Cardiomyopathy C0878544 human GSE5406 sample 88'; crowd-extracted GEO signature (Wang 2016 Nat Commun 7:12846); GSE5406 (Hannenhalli 2006 Circulation 114:1269, human LV, ischemic/idiopathic cardiomyopathy vs non-failing); up/down = genes up/down in failing vs non-failing LV"
GALNT11,1,HF-up,,"Enrichr (Kuleshov 2016 NAR 44:W90) Disease_Perturbations_from_GEO_up/_down 'Cardiomyopathy C0878544 human GSE5406 sample 88'; crowd-extracted GEO signature (Wang 2016 Nat Commun 7:12846); GSE5406 (Hannenhalli 2006 Circulation 114:1269, human LV, ischemic/idiopathic cardiomyopathy vs non-failing); up/down = genes up/down in failing vs non-failing LV"
CTGF,1,HF-up,,"Enrichr (Kuleshov 2016 NAR 44:W90) Disease_Perturbations_from_GEO_up/_down 'Cardiomyopathy C0878544 human GSE5406 sample 88'; crowd-extracted GEO signature (Wang 2016 Nat Commun 7:12846); GSE5406 (Hannenhalli 2006 Circulation 114:1269, human LV, ischemic/idiopathic cardiomyopathy vs non-failing); up/down = genes up/down in failing vs non-failing LV"
AP3M2,1,HF-up,,"Enrichr (Kuleshov 2016 NAR 44:W90) Disease_Perturbations_from_GEO_up/_down 'Cardiomyopathy C0878544 human GSE5406 sample 88'; crowd-extracted GEO signature (Wang 2016 Nat Commun 7:12846); GSE5406 (Hannenhalli 2006 Circulation 114:1269, human LV, ischemic/idiopathic cardiomyopathy vs non-failing); up/down = genes up/down in failing vs non-failing LV"
COMP,1,HF-up,,"Enrichr (Kuleshov 2016 NAR 44:W90) Disease_Perturbations_from_GEO_up/_down 'Cardiomyopathy C0878544 human GSE5406 sample 88'; crowd-extracted GEO signature (Wang 2016 Nat Commun 7:12846); GSE5406 (Hannenhalli 2006 Circulation 114:1269, human LV, ischemic/idiopathic cardiomyopathy vs non-failing); up/down = genes up/down in failing vs non-failing LV"
FRZB,1,HF-up,,"Enrichr (Kuleshov 2016 NAR 44:W90) Disease_Perturbations_from_GEO_up/_down 'Cardiomyopathy C0878544 human GSE5406 sample 88'; crowd-extracted GEO signature (Wang 2016 Nat Commun 7:12846); GSE5406 (Hannenhalli 2006 Circulation 114:1269, human LV, ischemic/idiopathic cardiomyopathy vs non-failing); up/down = genes up/down in failing vs non-failing LV"
LAPTM4B,1,HF-up,,"Enrichr (Kuleshov 2016 NAR 44:W90) Disease_Perturbations_from_GEO_up/_down 'Cardiomyopathy C0878544 human GSE5406 sample 88'; crowd-extracted GEO signature (Wang 2016 Nat Commun 7:12846); GSE5406 (Hannenhalli 2006 Circulation 114:1269, human LV, ischemic/idiopathic cardiomyopathy vs non-failing); up/down = genes up/down in failing vs non-failing LV"
SCUBE2,1,HF-up,,"Enrichr (Kuleshov 2016 NAR 44:W90) Disease_Perturbations_from_GEO_up/_down 'Cardiomyopathy C0878544 human GSE5406 sample 88'; crowd-extracted GEO signature (Wang 2016 Nat Commun 7:12846); GSE5406 (Hannenhalli 2006 Circulation 114:1269, human LV, ischemic/idiopathic cardiomyopathy vs non-failing); up/down = genes up/down in failing vs non-failing LV"
BASP1,1,HF-up,,"Enrichr (Kuleshov 2016 NAR 44:W90) Disease_Perturbations_from_GEO_up/_down 'Cardiomyopathy C0878544 human GSE5406 sample 88'; crowd-extracted GEO signature (Wang 2016 Nat Commun 7:12846); GSE5406 (Hannenhalli 2006 Circulation 114:1269, human LV, ischemic/idiopathic cardiomyopathy vs non-failing); up/down = genes up/down in failing vs non-failing LV"
EMC2,1,HF-up,,"Enrichr (Kuleshov 2016 NAR 44:W90) Disease_Perturbations_from_GEO_up/_down 'Cardiomyopathy C0878544 human GSE5406 sample 88'; crowd-extracted GEO signature (Wang 2016 Nat Commun 7:12846); GSE5406 (Hannenhalli 2006 Circulation 114:1269, human LV, ischemic/idiopathic cardiomyopathy vs non-failing); up/down = genes up/down in failing vs non-failing LV"
ZNF423,1,HF-up,,"Enrichr (Kuleshov 2016 NAR 44:W90) Disease_Perturbations_from_GEO_up/_down 'Cardiomyopathy C0878544 human GSE5406 sample 88'; crowd-extracted GEO signature (Wang 2016 Nat Commun 7:12846); GSE5406 (Hannenhalli 2006 Circulation 114:1269, human LV, ischemic/idiopathic cardiomyopathy vs non-failing); up/down = genes up/down in failing vs non-failing LV"
HMGN1,1,HF-up,,"Enrichr (Kuleshov 2016 NAR 44:W90) Disease_Perturbations_from_GEO_up/_down 'Cardiomyopathy C0878544 human GSE5406 sample 88'; crowd-extracted GEO signature (Wang 2016 Nat Commun 7:12846); GSE5406 (Hannenhalli 2006 Circulation 114:1269, human LV, ischemic/idiopathic cardiomyopathy vs non-failing); up/down = genes up/down in failing vs non-failing LV"
HMGN2,1,HF-up,,"Enrichr (Kuleshov 2016 NAR 44:W90) Disease_Perturbations_from_GEO_up/_down 'Cardiomyopathy C0878544 human GSE5406 sample 88'; crowd-extracted GEO signature (Wang 2016 Nat Commun 7:12846); GSE5406 (Hannenhalli 2006 Circulation 114:1269, human LV, ischemic/idiopathic cardiomyopathy vs non-failing); up/down = genes up/down in failing vs non-failing LV"
MGAM,1,HF-up,,"Enrichr (Kuleshov 2016 NAR 44:W90) Disease_Perturbations_from_GEO_up/_down 'Cardiomyopathy C0878544 human GSE5406 sample 88'; crowd-extracted GEO signature (Wang 2016 Nat Commun 7:12846); GSE5406 (Hannenhalli 2006 Circulation 114:1269, human LV, ischemic/idiopathic cardiomyopathy vs non-failing); up/down = genes up/down in failing vs non-failing LV"
LRRC49,1,HF-up,,"Enrichr (Kuleshov 2016 NAR 44:W90) Disease_Perturbations_from_GEO_up/_down 'Cardiomyopathy C0878544 human GSE5406 sample 88'; crowd-extracted GEO signature (Wang 2016 Nat Commun 7:12846); GSE5406 (Hannenhalli 2006 Circulation 114:1269, human LV, ischemic/idiopathic cardiomyopathy vs non-failing); up/down = genes up/down in failing vs non-failing LV"
WFS1,1,HF-up,,"Enrichr (Kuleshov 2016 NAR 44:W90) Disease_Perturbations_from_GEO_up/_down 'Cardiomyopathy C0878544 human GSE5406 sample 88'; crowd-extracted GEO signature (Wang 2016 Nat Commun 7:12846); GSE5406 (Hannenhalli 2006 Circulation 114:1269, human LV, ischemic/idiopathic cardiomyopathy vs non-failing); up/down = genes up/down in failing vs non-failing LV"
F2R,1,HF-up,,"Enrichr (Kuleshov 2016 NAR 44:W90) Disease_Perturbations_from_GEO_up/_down 'Cardiomyopathy C0878544 human GSE5406 sample 88'; crowd-extracted GEO signature (Wang 2016 Nat Commun 7:12846); GSE5406 (Hannenhalli 2006 Circulation 114:1269, human LV, ischemic/idiopathic cardiomyopathy vs non-failing); up/down = genes up/down in failing vs non-failing LV"
AUTS2,1,HF-up,,"Enrichr (Kuleshov 2016 NAR 44:W90) Disease_Perturbations_from_GEO_up/_down 'Cardiomyopathy C0878544 human GSE5406 sample 88'; crowd-extracted GEO signature (Wang 2016 Nat Commun 7:12846); GSE5406 (Hannenhalli 2006 Circulation 114:1269, human LV, ischemic/idiopathic cardiomyopathy vs non-failing); up/down = genes up/down in failing vs non-failing LV"
HBG2,1,HF-up,,"Enrichr (Kuleshov 2016 NAR 44:W90) Disease_Perturbations_from_GEO_up/_down 'Cardiomyopathy C0878544 human GSE5406 sample 88'; crowd-extracted GEO signature (Wang 2016 Nat Commun 7:12846); GSE5406 (Hannenhalli 2006 Circulation 114:1269, human LV, ischemic/idiopathic cardiomyopathy vs non-failing); up/down = genes up/down in failing vs non-failing LV"
LHFP,1,HF-up,,"Enrichr (Kuleshov 2016 NAR 44:W90) Disease_Perturbations_from_GEO_up/_down 'Cardiomyopathy C0878544 human GSE5406 sample 88'; crowd-extracted GEO signature (Wang 2016 Nat Commun 7:12846); GSE5406 (Hannenhalli 2006 Circulation 114:1269, human LV, ischemic/idiopathic cardiomyopathy vs non-failing); up/down = genes up/down in failing vs non-failing LV"
EPHX2,1,HF-up,,"Enrichr (Kuleshov 2016 NAR 44:W90) Disease_Perturbations_from_GEO_up/_down 'Cardiomyopathy C0878544 human GSE5406 sample 88'; crowd-extracted GEO signature (Wang 2016 Nat Commun 7:12846); GSE5406 (Hannenhalli 2006 Circulation 114:1269, human LV, ischemic/idiopathic cardiomyopathy vs non-failing); up/down = genes up/down in failing vs non-failing LV"
SLC30A1,1,HF-up,,"Enrichr (Kuleshov 2016 NAR 44:W90) Disease_Perturbations_from_GEO_up/_down 'Cardiomyopathy C0878544 human GSE5406 sample 88'; crowd-extracted GEO signature (Wang 2016 Nat Commun 7:12846); GSE5406 (Hannenhalli 2006 Circulation 114:1269, human LV, ischemic/idiopathic cardiomyopathy vs non-failing); up/down = genes up/down in failing vs non-failing LV"
NBEA,1,HF-up,,"Enrichr (Kuleshov 2016 NAR 44:W90) Disease_Perturbations_from_GEO_up/_down 'Cardiomyopathy C0878544 human GSE5406 sample 88'; crowd-extracted GEO signature (Wang 2016 Nat Commun 7:12846); GSE5406 (Hannenhalli 2006 Circulation 114:1269, human LV, ischemic/idiopathic cardiomyopathy vs non-failing); up/down = genes up/down in failing vs non-failing LV"
ARMCX2,1,HF-up,,"Enrichr (Kuleshov 2016 NAR 44:W90) Disease_Perturbations_from_GEO_up/_down 'Cardiomyopathy C0878544 human GSE5406 sample 88'; crowd-extracted GEO signature (Wang 2016 Nat Commun 7:12846); GSE5406 (Hannenhalli 2006 Circulation 114:1269, human LV, ischemic/idiopathic cardiomyopathy vs non-failing); up/down = genes up/down in failing vs non-failing LV"
ARMCX3,1,HF-up,,"Enrichr (Kuleshov 2016 NAR 44:W90) Disease_Perturbations_from_GEO_up/_down 'Cardiomyopathy C0878544 human GSE5406 sample 88'; crowd-extracted GEO signature (Wang 2016 Nat Commun 7:12846); GSE5406 (Hannenhalli 2006 Circulation 114:1269, human LV, ischemic/idiopathic cardiomyopathy vs non-failing); up/down = genes up/down in failing vs non-failing LV"
MATN2,1,HF-up,,"Enrichr (Kuleshov 2016 NAR 44:W90) Disease_Perturbations_from_GEO_up/_down 'Cardiomyopathy C0878544 human GSE5406 sample 88'; crowd-extracted GEO signature (Wang 2016 Nat Commun 7:12846); GSE5406 (Hannenhalli 2006 Circulation 114:1269, human LV, ischemic/idiopathic cardiomyopathy vs non-failing); up/down = genes up/down in failing vs non-failing LV"
COL21A1,1,HF-up,,"Enrichr (Kuleshov 2016 NAR 44:W90) Disease_Perturbations_from_GEO_up/_down 'Cardiomyopathy C0878544 human GSE5406 sample 88'; crowd-extracted GEO signature (Wang 2016 Nat Commun 7:12846); GSE5406 (Hannenhalli 2006 Circulation 114:1269, human LV, ischemic/idiopathic cardiomyopathy vs non-failing); up/down = genes up/down in failing vs non-failing LV"
LOC100507328,1,HF-up,,"Enrichr (Kuleshov 2016 NAR 44:W90) Disease_Perturbations_from_GEO_up/_down 'Cardiomyopathy C0878544 human GSE5406 sample 88'; crowd-extracted GEO signature (Wang 2016 Nat Commun 7:12846); GSE5406 (Hannenhalli 2006 Circulation 114:1269, human LV, ischemic/idiopathic cardiomyopathy vs non-failing); up/down = genes up/down in failing vs non-failing LV"
FGF14,1,HF-up,,"Enrichr (Kuleshov 2016 NAR 44:W90) Disease_Perturbations_from_GEO_up/_down 'Cardiomyopathy C0878544 human GSE5406 sample 88'; crowd-extracted GEO signature (Wang 2016 Nat Commun 7:12846); GSE5406 (Hannenhalli 2006 Circulation 114:1269, human LV, ischemic/idiopathic cardiomyopathy vs non-failing); up/down = genes up/down in failing vs non-failing LV"
NIT2,1,HF-up,,"Enrichr (Kuleshov 2016 NAR 44:W90) Disease_Perturbations_from_GEO_up/_down 'Cardiomyopathy C0878544 human GSE5406 sample 88'; crowd-extracted GEO signature (Wang 2016 Nat Commun 7:12846); GSE5406 (Hannenhalli 2006 Circulation 114:1269, human LV, ischemic/idiopathic cardiomyopathy vs non-failing); up/down = genes up/down in failing vs non-failing LV"
FBN1,1,HF-up,,"Enrichr (Kuleshov 2016 NAR 44:W90) Disease_Perturbations_from_GEO_up/_down 'Cardiomyopathy C0878544 human GSE5406 sample 88'; crowd-extracted GEO signature (Wang 2016 Nat Commun 7:12846); GSE5406 (Hannenhalli 2006 Circulation 114:1269, human LV, ischemic/idiopathic cardiomyopathy vs non-failing); up/down = genes up/down in failing vs non-failing LV"
FGF12,1,HF-up,,"Enrichr (Kuleshov 2016 NAR 44:W90) Disease_Perturbations_from_GEO_up/_down 'Cardiomyopathy C0878544 human GSE5406 sample 88'; crowd-extracted GEO signature (Wang 2016 Nat Commun 7:12846); GSE5406 (Hannenhalli 2006 Circulation 114:1269, human LV, ischemic/idiopathic cardiomyopathy vs non-failing); up/down = genes up/down in failing vs non-failing LV"
SLC27A6,1,HF-up,,"Enrichr (Kuleshov 2016 NAR 44:W90) Disease_Perturbations_from_GEO_up/_down 'Cardiomyopathy C0878544 human GSE5406 sample 88'; crowd-extracted GEO signature (Wang 2016 Nat Commun 7:12846); GSE5406 (Hannenhalli 2006 Circulation 114:1269, human LV, ischemic/idiopathic cardiomyopathy vs non-failing); up/down = genes up/down in failing vs non-failing LV"
MYOM2,1,HF-up,,"Enrichr (Kuleshov 2016 NAR 44:W90) Disease_Perturbations_from_GEO_up/_down 'Cardiomyopathy C0878544 human GSE5406 sample 88'; crowd-extracted GEO signature (Wang 2016 Nat Commun 7:12846); GSE5406 (Hannenhalli 2006 Circulation 114:1269, human LV, ischemic/idiopathic cardiomyopathy vs non-failing); up/down = genes up/down in failing vs non-failing LV"
NCF2,1,HF-up,,"Enrichr (Kuleshov 2016 NAR 44:W90) Disease_Perturbations_from_GEO_up/_down 'Cardiomyopathy C0878544 human GSE5406 sample 88'; crowd-extracted GEO signature (Wang 2016 Nat Commun 7:12846); GSE5406 (Hannenhalli 2006 Circulation 114:1269, human LV, ischemic/idiopathic cardiomyopathy vs non-failing); up/down = genes up/down in failing vs non-failing LV"
FAM13A,1,HF-up,,"Enrichr (Kuleshov 2016 NAR 44:W90) Disease_Perturbations_from_GEO_up/_down 'Cardiomyopathy C0878544 human GSE5406 sample 88'; crowd-extracted GEO signature (Wang 2016 Nat Commun 7:12846); GSE5406 (Hannenhalli 2006 Circulation 114:1269, human LV, ischemic/idiopathic cardiomyopathy vs non-failing); up/down = genes up/down in failing vs non-failing LV"
HTRA1,1,HF-up,,"Enrichr (Kuleshov 2016 NAR 44:W90) Disease_Perturbations_from_GEO_up/_down 'Cardiomyopathy C0878544 human GSE5406 sample 88'; crowd-extracted GEO signature (Wang 2016 Nat Commun 7:12846); GSE5406 (Hannenhalli 2006 Circulation 114:1269, human LV, ischemic/idiopathic cardiomyopathy vs non-failing); up/down = genes up/down in failing vs non-failing LV"
GSTT1,1,HF-up,,"Enrichr (Kuleshov 2016 NAR 44:W90) Disease_Perturbations_from_GEO_up/_down 'Cardiomyopathy C0878544 human GSE5406 sample 88'; crowd-extracted GEO signature (Wang 2016 Nat Commun 7:12846); GSE5406 (Hannenhalli 2006 Circulation 114:1269, human LV, ischemic/idiopathic cardiomyopathy vs non-failing); up/down = genes up/down in failing vs non-failing LV"
FGF1,1,HF-up,,"Enrichr (Kuleshov 2016 NAR 44:W90) Disease_Perturbations_from_GEO_up/_down 'Cardiomyopathy C0878544 human GSE5406 sample 88'; crowd-extracted GEO signature (Wang 2016 Nat Commun 7:12846); GSE5406 (Hannenhalli 2006 Circulation 114:1269, human LV, ischemic/idiopathic cardiomyopathy vs non-failing); up/down = genes up/down in failing vs non-failing LV"
LTBP1,1,HF-up,,"Enrichr (Kuleshov 2016 NAR 44:W90) Disease_Perturbations_from_GEO_up/_down 'Cardiomyopathy C0878544 human GSE5406 sample 88'; crowd-extracted GEO signature (Wang 2016 Nat Commun 7:12846); GSE5406 (Hannenhalli 2006 Circulation 114:1269, human LV, ischemic/idiopathic cardiomyopathy vs non-failing); up/down = genes up/down in failing vs non-failing LV"
ARHGAP15,1,HF-up,,"Enrichr (Kuleshov 2016 NAR 44:W90) Disease_Perturbations_from_GEO_up/_down 'Cardiomyopathy C0878544 human GSE5406 sample 88'; crowd-extracted GEO signature (Wang 2016 Nat Commun 7:12846); GSE5406 (Hannenhalli 2006 Circulation 114:1269, human LV, ischemic/idiopathic cardiomyopathy vs non-failing); up/down = genes up/down in failing vs non-failing LV"
LTBP2,1,HF-up,,"Enrichr (Kuleshov 2016 NAR 44:W90) Disease_Perturbations_from_GEO_up/_down 'Cardiomyopathy C0878544 human GSE5406 sample 88'; crowd-extracted GEO signature (Wang 2016 Nat Commun 7:12846); GSE5406 (Hannenhalli 2006 Circulation 114:1269, human LV, ischemic/idiopathic cardiomyopathy vs non-failing); up/down = genes up/down in failing vs non-failing LV"
VTN,1,HF-up,,"Enrichr (Kuleshov 2016 NAR 44:W90) Disease_Perturbations_from_GEO_up/_down 'Cardiomyopathy C0878544 human GSE5406 sample 88'; crowd-extracted GEO signature (Wang 2016 Nat Commun 7:12846); GSE5406 (Hannenhalli 2006 Circulation 114:1269, human LV, ischemic/idiopathic cardiomyopathy vs non-failing); up/down = genes up/down in failing vs non-failing LV"
TM7SF2,1,HF-up,,"Enrichr (Kuleshov 2016 NAR 44:W90) Disease_Perturbations_from_GEO_up/_down 'Cardiomyopathy C0878544 human GSE5406 sample 88'; crowd-extracted GEO signature (Wang 2016 Nat Commun 7:12846); GSE5406 (Hannenhalli 2006 Circulation 114:1269, human LV, ischemic/idiopathic cardiomyopathy vs non-failing); up/down = genes up/down in failing vs non-failing LV"
RGS5,1,HF-up,,"Enrichr (Kuleshov 2016 NAR 44:W90) Disease_Perturbations_from_GEO_up/_down 'Cardiomyopathy C0878544 human GSE5406 sample 88'; crowd-extracted GEO signature (Wang 2016 Nat Commun 7:12846); GSE5406 (Hannenhalli 2006 Circulation 114:1269, human LV, ischemic/idiopathic cardiomyopathy vs non-failing); up/down = genes up/down in failing vs non-failing LV"
EFEMP1,1,HF-up,,"Enrichr (Kuleshov 2016 NAR 44:W90) Disease_Perturbations_from_GEO_up/_down 'Cardiomyopathy C0878544 human GSE5406 sample 88'; crowd-extracted GEO signature (Wang 2016 Nat Commun 7:12846); GSE5406 (Hannenhalli 2006 Circulation 114:1269, human LV, ischemic/idiopathic cardiomyopathy vs non-failing); up/down = genes up/down in failing vs non-failing LV"
IL18RAP,1,HF-up,,"Enrichr (Kuleshov 2016 NAR 44:W90) Disease_Perturbations_from_GEO_up/_down 'Cardiomyopathy C0878544 human GSE5406 sample 88'; crowd-extracted GEO signature (Wang 2016 Nat Commun 7:12846); GSE5406 (Hannenhalli 2006 Circulation 114:1269, human LV, ischemic/idiopathic cardiomyopathy vs non-failing); up/down = genes up/down in failing vs non-failing LV"
RGS2,1,HF-up,,"Enrichr (Kuleshov 2016 NAR 44:W90) Disease_Perturbations_from_GEO_up/_down 'Cardiomyopathy C0878544 human GSE5406 sample 88'; crowd-extracted GEO signature (Wang 2016 Nat Commun 7:12846); GSE5406 (Hannenhalli 2006 Circulation 114:1269, human LV, ischemic/idiopathic cardiomyopathy vs non-failing); up/down = genes up/down in failing vs non-failing LV"
NPPA,1,HF-up,,"Enrichr (Kuleshov 2016 NAR 44:W90) Disease_Perturbations_from_GEO_up/_down 'Cardiomyopathy C0878544 human GSE5406 sample 88'; crowd-extracted GEO signature (Wang 2016 Nat Commun 7:12846); GSE5406 (Hannenhalli 2006 Circulation 114:1269, human LV, ischemic/idiopathic cardiomyopathy vs non-failing); up/down = genes up/down in failing vs non-failing LV"
NDN,1,HF-up,,"Enrichr (Kuleshov 2016 NAR 44:W90) Disease_Perturbations_from_GEO_up/_down 'Cardiomyopathy C0878544 human GSE5406 sample 88'; crowd-extracted GEO signature (Wang 2016 Nat Commun 7:12846); GSE5406 (Hannenhalli 2006 Circulation 114:1269, human LV, ischemic/idiopathic cardiomyopathy vs non-failing); up/down = genes up/down in failing vs non-failing LV"
NPPB,1,HF-up,,"Enrichr (Kuleshov 2016 NAR 44:W90) Disease_Perturbations_from_GEO_up/_down 'Cardiomyopathy C0878544 human GSE5406 sample 88'; crowd-extracted GEO signature (Wang 2016 Nat Commun 7:12846); GSE5406 (Hannenhalli 2006 Circulation 114:1269, human LV, ischemic/idiopathic cardiomyopathy vs non-failing); up/down = genes up/down in failing vs non-failing LV"
EIF4EBP3,1,HF-up,,"Enrichr (Kuleshov 2016 NAR 44:W90) Disease_Perturbations_from_GEO_up/_down 'Cardiomyopathy C0878544 human GSE5406 sample 88'; crowd-extracted GEO signature (Wang 2016 Nat Commun 7:12846); GSE5406 (Hannenhalli 2006 Circulation 114:1269, human LV, ischemic/idiopathic cardiomyopathy vs non-failing); up/down = genes up/down in failing vs non-failing LV"
KAL1,1,HF-up,,"Enrichr (Kuleshov 2016 NAR 44:W90) Disease_Perturbations_from_GEO_up/_down 'Cardiomyopathy C0878544 human GSE5406 sample 88'; crowd-extracted GEO signature (Wang 2016 Nat Commun 7:12846); GSE5406 (Hannenhalli 2006 Circulation 114:1269, human LV, ischemic/idiopathic cardiomyopathy vs non-failing); up/down = genes up/down in failing vs non-failing LV"
EIF3CL,1,HF-up,,"Enrichr (Kuleshov 2016 NAR 44:W90) Disease_Perturbations_from_GEO_up/_down 'Cardiomyopathy C0878544 human GSE5406 sample 88'; crowd-extracted GEO signature (Wang 2016 Nat Commun 7:12846); GSE5406 (Hannenhalli 2006 Circulation 114:1269, human LV, ischemic/idiopathic cardiomyopathy vs non-failing); up/down = genes up/down in failing vs non-failing LV"
MOAP1,1,HF-up,,"Enrichr (Kuleshov 2016 NAR 44:W90) Disease_Perturbations_from_GEO_up/_down 'Cardiomyopathy C0878544 human GSE5406 sample 88'; crowd-extracted GEO signature (Wang 2016 Nat Commun 7:12846); GSE5406 (Hannenhalli 2006 Circulation 114:1269, human LV, ischemic/idiopathic cardiomyopathy vs non-failing); up/down = genes up/down in failing vs non-failing LV"
SH3GL2,1,HF-up,,"Enrichr (Kuleshov 2016 NAR 44:W90) Disease_Perturbations_from_GEO_up/_down 'Cardiomyopathy C0878544 human GSE5406 sample 88'; crowd-extracted GEO signature (Wang 2016 Nat Commun 7:12846); GSE5406 (Hannenhalli 2006 Circulation 114:1269, human LV, ischemic/idiopathic cardiomyopathy vs non-failing); up/down = genes up/down in failing vs non-failing LV"
CYP2J2,1,HF-up,,"Enrichr (Kuleshov 2016 NAR 44:W90) Disease_Perturbations_from_GEO_up/_down 'Cardiomyopathy C0878544 human GSE5406 sample 88'; crowd-extracted GEO signature (Wang 2016 Nat Commun 7:12846); GSE5406 (Hannenhalli 2006 Circulation 114:1269, human LV, ischemic/idiopathic cardiomyopathy vs non-failing); up/down = genes up/down in failing vs non-failing LV"
PPP1R12B,1,HF-up,,"Enrichr (Kuleshov 2016 NAR 44:W90) Disease_Perturbations_from_GEO_up/_down 'Cardiomyopathy C0878544 human GSE5406 sample 88'; crowd-extracted GEO signature (Wang 2016 Nat Commun 7:12846); GSE5406 (Hannenhalli 2006 Circulation 114:1269, human LV, ischemic/idiopathic cardiomyopathy vs non-failing); up/down = genes up/down in failing vs non-failing LV"
HSPA5,1,HF-up,,"Enrichr (Kuleshov 2016 NAR 44:W90) Disease_Perturbations_from_GEO_up/_down 'Cardiomyopathy C0878544 human GSE5406 sample 88'; crowd-extracted GEO signature (Wang 2016 Nat Commun 7:12846); GSE5406 (Hannenhalli 2006 Circulation 114:1269, human LV, ischemic/idiopathic cardiomyopathy vs non-failing); up/down = genes up/down in failing vs non-failing LV"
HSPA2,1,HF-up,,"Enrichr (Kuleshov 2016 NAR 44:W90) Disease_Perturbations_from_GEO_up/_down 'Cardiomyopathy C0878544 human GSE5406 sample 88'; crowd-extracted GEO signature (Wang 2016 Nat Commun 7:12846); GSE5406 (Hannenhalli 2006 Circulation 114:1269, human LV, ischemic/idiopathic cardiomyopathy vs non-failing); up/down = genes up/down in failing vs non-failing LV"
ASMTL,1,HF-up,,"Enrichr (Kuleshov 2016 NAR 44:W90) Disease_Perturbations_from_GEO_up/_down 'Cardiomyopathy C0878544 human GSE5406 sample 88'; crowd-extracted GEO signature (Wang 2016 Nat Commun 7:12846); GSE5406 (Hannenhalli 2006 Circulation 114:1269, human LV, ischemic/idiopathic cardiomyopathy vs non-failing); up/down = genes up/down in failing vs non-failing LV"
NAP1L3,1,HF-up,,"Enrichr (Kuleshov 2016 NAR 44:W90) Disease_Perturbations_from_GEO_up/_down 'Cardiomyopathy C0878544 human GSE5406 sample 88'; crowd-extracted GEO signature (Wang 2016 Nat Commun 7:12846); GSE5406 (Hannenhalli 2006 Circulation 114:1269, human LV, ischemic/idiopathic cardiomyopathy vs non-failing); up/down = genes up/down in failing vs non-failing LV"
LAMB1,1,HF-up,,"Enrichr (Kuleshov 2016 NAR 44:W90) Disease_Perturbations_from_GEO_up/_down 'Cardiomyopathy C0878544 human GSE5406 sample 88'; crowd-extracted GEO signature (Wang 2016 Nat Commun 7:12846); GSE5406 (Hannenhalli 2006 Circulation 114:1269, human LV, ischemic/idiopathic cardiomyopathy vs non-failing); up/down = genes up/down in failing vs non-failing LV"
TPCN1,1,HF-up,,"Enrichr (Kuleshov 2016 NAR 44:W90) Disease_Perturbations_from_GEO_up/_down 'Cardiomyopathy C0878544 human GSE5406 sample 88'; crowd-extracted GEO signature (Wang 2016 Nat Commun 7:12846); GSE5406 (Hannenhalli 2006 Circulation 114:1269, human LV, ischemic/idiopathic cardiomyopathy vs non-failing); up/down = genes up/down in failing vs non-failing LV"
VCAN,1,HF-up,,"Enrichr (Kuleshov 2016 NAR 44:W90) Disease_Perturbations_from_GEO_up/_down 'Cardiomyopathy C0878544 human GSE5406 sample 88'; crowd-extracted GEO signature (Wang 2016 Nat Commun 7:12846); GSE5406 (Hannenhalli 2006 Circulation 114:1269, human LV, ischemic/idiopathic cardiomyopathy vs non-failing); up/down = genes up/down in failing vs non-failing LV"
FCGR2A,1,HF-up,,"Enrichr (Kuleshov 2016 NAR 44:W90) Disease_Perturbations_from_GEO_up/_down 'Cardiomyopathy C0878544 human GSE5406 sample 88'; crowd-extracted GEO signature (Wang 2016 Nat Commun 7:12846); GSE5406 (Hannenhalli 2006 Circulation 114:1269, human LV, ischemic/idiopathic cardiomyopathy vs non-failing); up/down = genes up/down in failing vs non-failing LV"
PCCB,1,HF-up,,"Enrichr (Kuleshov 2016 NAR 44:W90) Disease_Perturbations_from_GEO_up/_down 'Cardiomyopathy C0878544 human GSE5406 sample 88'; crowd-extracted GEO signature (Wang 2016 Nat Commun 7:12846); GSE5406 (Hannenhalli 2006 Circulation 114:1269, human LV, ischemic/idiopathic cardiomyopathy vs non-failing); up/down = genes up/down in failing vs non-failing LV"
OGN,1,HF-up,,"Enrichr (Kuleshov 2016 NAR 44:W90) Disease_Perturbations_from_GEO_up/_down 'Cardiomyopathy C0878544 human GSE5406 sample 88'; crowd-extracted GEO signature (Wang 2016 Nat Commun 7:12846); GSE5406 (Hannenhalli 2006 Circulation 114:1269, human LV, ischemic/idiopathic cardiomyopathy vs non-failing); up/down = genes up/down in failing vs non-failing LV"
SYNPO2L,1,HF-up,,"Enrichr (Kuleshov 2016 NAR 44:W90) Disease_Perturbations_from_GEO_up/_down 'Cardiomyopathy C0878544 human GSE5406 sample 88'; crowd-extracted GEO signature (Wang 2016 Nat Commun 7:12846); GSE5406 (Hannenhalli 2006 Circulation 114:1269, human LV, ischemic/idiopathic cardiomyopathy vs non-failing); up/down = genes up/down in failing vs non-failing LV"
MFAP4,1,HF-up,,"Enrichr (Kuleshov 2016 NAR 44:W90) Disease_Perturbations_from_GEO_up/_down 'Cardiomyopathy C0878544 human GSE5406 sample 88'; crowd-extracted GEO signature (Wang 2016 Nat Commun 7:12846); GSE5406 (Hannenhalli 2006 Circulation 114:1269, human LV, ischemic/idiopathic cardiomyopathy vs non-failing); up/down = genes up/down in failing vs non-failing LV"
CPE,1,HF-up,,"Enrichr (Kuleshov 2016 NAR 44:W90) Disease_Perturbations_from_GEO_up/_down 'Cardiomyopathy C0878544 human GSE5406 sample 88'; crowd-extracted GEO signature (Wang 2016 Nat Commun 7:12846); GSE5406 (Hannenhalli 2006 Circulation 114:1269, human LV, ischemic/idiopathic cardiomyopathy vs non-failing); up/down = genes up/down in failing vs non-failing LV"
MCM6,1,HF-up,,"Enrichr (Kuleshov 2016 NAR 44:W90) Disease_Perturbations_from_GEO_up/_down 'Cardiomyopathy C0878544 human GSE5406 sample 88'; crowd-extracted GEO signature (Wang 2016 Nat Commun 7:12846); GSE5406 (Hannenhalli 2006 Circulation 114:1269, human LV, ischemic/idiopathic cardiomyopathy vs non-failing); up/down = genes up/down in failing vs non-failing LV"
DDX3Y,1,HF-up,,"Enrichr (Kuleshov 2016 NAR 44:W90) Disease_Perturbations_from_GEO_up/_down 'Cardiomyopathy C0878544 human GSE5406 sample 88'; crowd-extracted GEO signature (Wang 2016 Nat Commun 7:12846); GSE5406 (Hannenhalli 2006 Circulation 114:1269, human LV, ischemic/idiopathic cardiomyopathy vs non-failing); up/down = genes up/down in failing vs non-failing LV"
HSPB6,1,HF-up,,"Enrichr (Kuleshov 2016 NAR 44:W90) Disease_Perturbations_from_GEO_up/_down 'Cardiomyopathy C0878544 human GSE5406 sample 88'; crowd-extracted GEO signature (Wang 2016 Nat Commun 7:12846); GSE5406 (Hannenhalli 2006 Circulation 114:1269, human LV, ischemic/idiopathic cardiomyopathy vs non-failing); up/down = genes up/down in failing vs non-failing LV"
BCL2A1,1,HF-up,,"Enrichr (Kuleshov 2016 NAR 44:W90) Disease_Perturbations_from_GEO_up/_down 'Cardiomyopathy C0878544 human GSE5406 sample 88'; crowd-extracted GEO signature (Wang 2016 Nat Commun 7:12846); GSE5406 (Hannenhalli 2006 Circulation 114:1269, human LV, ischemic/idiopathic cardiomyopathy vs non-failing); up/down = genes up/down in failing vs non-failing LV"
NREP,1,HF-up,,"Enrichr (Kuleshov 2016 NAR 44:W90) Disease_Perturbations_from_GEO_up/_down 'Cardiomyopathy C0878544 human GSE5406 sample 88'; crowd-extracted GEO signature (Wang 2016 Nat Commun 7:12846); GSE5406 (Hannenhalli 2006 Circulation 114:1269, human LV, ischemic/idiopathic cardiomyopathy vs non-failing); up/down = genes up/down in failing vs non-failing LV"
HMGB2,1,HF-up,,"Enrichr (Kuleshov 2016 NAR 44:W90) Disease_Perturbations_from_GEO_up/_down 'Cardiomyopathy C0878544 human GSE5406 sample 88'; crowd-extracted GEO signature (Wang 2016 Nat Commun 7:12846); GSE5406 (Hannenhalli 2006 Circulation 114:1269, human LV, ischemic/idiopathic cardiomyopathy vs non-failing); up/down = genes up/down in failing vs non-failing LV"
MTR,1,HF-up,,"Enrichr (Kuleshov 2016 NAR 44:W90) Disease_Perturbations_from_GEO_up/_down 'Cardiomyopathy C0878544 human GSE5406 sample 88'; crowd-extracted GEO signature (Wang 2016 Nat Commun 7:12846); GSE5406 (Hannenhalli 2006 Circulation 114:1269, human LV, ischemic/idiopathic cardiomyopathy vs non-failing); up/down = genes up/down in failing vs non-failing LV"
UFSP2,1,HF-up,,"Enrichr (Kuleshov 2016 NAR 44:W90) Disease_Perturbations_from_GEO_up/_down 'Cardiomyopathy C0878544 human GSE5406 sample 88'; crowd-extracted GEO signature (Wang 2016 Nat Commun 7:12846); GSE5406 (Hannenhalli 2006 Circulation 114:1269, human LV, ischemic/idiopathic cardiomyopathy vs non-failing); up/down = genes up/down in failing vs non-failing LV"
FBXO40,1,HF-up,,"Enrichr (Kuleshov 2016 NAR 44:W90) Disease_Perturbations_from_GEO_up/_down 'Cardiomyopathy C0878544 human GSE5406 sample 88'; crowd-extracted GEO signature (Wang 2016 Nat Commun 7:12846); GSE5406 (Hannenhalli 2006 Circulation 114:1269, human LV, ischemic/idiopathic cardiomyopathy vs non-failing); up/down = genes up/down in failing vs non-failing LV"
IDI2-AS1,1,HF-up,,"Enrichr (Kuleshov 2016 NAR 44:W90) Disease_Perturbations_from_GEO_up/_down 'Cardiomyopathy C0878544 human GSE5406 sample 88'; crowd-extracted GEO signature (Wang 2016 Nat Commun 7:12846); GSE5406 (Hannenhalli 2006 Circulation 114:1269, human LV, ischemic/idiopathic cardiomyopathy vs non-failing); up/down = genes up/down in failing vs non-failing LV"
FCGR3B,1,HF-up,,"Enrichr (Kuleshov 2016 NAR 44:W90) Disease_Perturbations_from_GEO_up/_down 'Cardiomyopathy C0878544 human GSE5406 sample 88'; crowd-extracted GEO signature (Wang 2016 Nat Commun 7:12846); GSE5406 (Hannenhalli 2006 Circulation 114:1269, human LV, ischemic/idiopathic cardiomyopathy vs non-failing); up/down = genes up/down in failing vs non-failing LV"
PDLIM3,1,HF-up,,"Enrichr (Kuleshov 2016 NAR 44:W90) Disease_Perturbations_from_GEO_up/_down 'Cardiomyopathy C0878544 human GSE5406 sample 88'; crowd-extracted GEO signature (Wang 2016 Nat Commun 7:12846); GSE5406 (Hannenhalli 2006 Circulation 114:1269, human LV, ischemic/idiopathic cardiomyopathy vs non-failing); up/down = genes up/down in failing vs non-failing LV"
CPT2,1,HF-up,,"Enrichr (Kuleshov 2016 NAR 44:W90) Disease_Perturbations_from_GEO_up/_down 'Cardiomyopathy C0878544 human GSE5406 sample 88'; crowd-extracted GEO signature (Wang 2016 Nat Commun 7:12846); GSE5406 (Hannenhalli 2006 Circulation 114:1269, human LV, ischemic/idiopathic cardiomyopathy vs non-failing); up/down = genes up/down in failing vs non-failing LV"
RBM10,1,HF-up,,"Enrichr (Kuleshov 2016 NAR 44:W90) Disease_Perturbations_from_GEO_up/_down 'Cardiomyopathy C0878544 human GSE5406 sample 88'; crowd-extracted GEO signature (Wang 2016 Nat Commun 7:12846); GSE5406 (Hannenhalli 2006 Circulation 114:1269, human LV, ischemic/idiopathic cardiomyopathy vs non-failing); up/down = genes up/down in failing vs non-failing LV"
ZNF189,1,HF-up,,"Enrichr (Kuleshov 2016 NAR 44:W90) Disease_Perturbations_from_GEO_up/_down 'Cardiomyopathy C0878544 human GSE5406 sample 88'; crowd-extracted GEO signature (Wang 2016 Nat Commun 7:12846); GSE5406 (Hannenhalli 2006 Circulation 114:1269, human LV, ischemic/idiopathic cardiomyopathy vs non-failing); up/down = genes up/down in failing vs non-failing LV"
TAF15,1,HF-up,,"Enrichr (Kuleshov 2016 NAR 44:W90) Disease_Perturbations_from_GEO_up/_down 'Cardiomyopathy C0878544 human GSE5406 sample 88'; crowd-extracted GEO signature (Wang 2016 Nat Commun 7:12846); GSE5406 (Hannenhalli 2006 Circulation 114:1269, human LV, ischemic/idiopathic cardiomyopathy vs non-failing); up/down = genes up/down in failing vs non-failing LV"
TIE1,1,HF-up,,"Enrichr (Kuleshov 2016 NAR 44:W90) Disease_Perturbations_from_GEO_up/_down 'Cardiomyopathy C0878544 human GSE5406 sample 88'; crowd-extracted GEO signature (Wang 2016 Nat Commun 7:12846); GSE5406 (Hannenhalli 2006 Circulation 114:1269, human LV, ischemic/idiopathic cardiomyopathy vs non-failing); up/down = genes up/down in failing vs non-failing LV"
RNASET2,1,HF-up,,"Enrichr (Kuleshov 2016 NAR 44:W90) Disease_Perturbations_from_GEO_up/_down 'Cardiomyopathy C0878544 human GSE5406 sample 88'; crowd-extracted GEO signature (Wang 2016 Nat Commun 7:12846); GSE5406 (Hannenhalli 2006 Circulation 114:1269, human LV, ischemic/idiopathic cardiomyopathy vs non-failing); up/down = genes up/down in failing vs non-failing LV"
PCOLCE,1,HF-up,,"Enrichr (Kuleshov 2016 NAR 44:W90) Disease_Perturbations_from_GEO_up/_down 'Cardiomyopathy C0878544 human GSE5406 sample 88'; crowd-extracted GEO signature (Wang 2016 Nat Commun 7:12846); GSE5406 (Hannenhalli 2006 Circulation 114:1269, human LV, ischemic/idiopathic cardiomyopathy vs non-failing); up/down = genes up/down in failing vs non-failing LV"
SORL1,1,HF-up,,"Enrichr (Kuleshov 2016 NAR 44:W90) Disease_Perturbations_from_GEO_up/_down 'Cardiomyopathy C0878544 human GSE5406 sample 88'; crowd-extracted GEO signature (Wang 2016 Nat Commun 7:12846); GSE5406 (Hannenhalli 2006 Circulation 114:1269, human LV, ischemic/idiopathic cardiomyopathy vs non-failing); up/down = genes up/down in failing vs non-failing LV"
CECR1,1,HF-up,,"Enrichr (Kuleshov 2016 NAR 44:W90) Disease_Perturbations_from_GEO_up/_down 'Cardiomyopathy C0878544 human GSE5406 sample 88'; crowd-extracted GEO signature (Wang 2016 Nat Commun 7:12846); GSE5406 (Hannenhalli 2006 Circulation 114:1269, human LV, ischemic/idiopathic cardiomyopathy vs non-failing); up/down = genes up/down in failing vs non-failing LV"
PKM,1,HF-up,,"Enrichr (Kuleshov 2016 NAR 44:W90) Disease_Perturbations_from_GEO_up/_down 'Cardiomyopathy C0878544 human GSE5406 sample 88'; crowd-extracted GEO signature (Wang 2016 Nat Commun 7:12846); GSE5406 (Hannenhalli 2006 Circulation 114:1269, human LV, ischemic/idiopathic cardiomyopathy vs non-failing); up/down = genes up/down in failing vs non-failing LV"
ASPN,1,HF-up,,"Enrichr (Kuleshov 2016 NAR 44:W90) Disease_Perturbations_from_GEO_up/_down 'Cardiomyopathy C0878544 human GSE5406 sample 88'; crowd-extracted GEO signature (Wang 2016 Nat Commun 7:12846); GSE5406 (Hannenhalli 2006 Circulation 114:1269, human LV, ischemic/idiopathic cardiomyopathy vs non-failing); up/down = genes up/down in failing vs non-failing LV"
SUCLA2,1,HF-up,,"Enrichr (Kuleshov 2016 NAR 44:W90) Disease_Perturbations_from_GEO_up/_down 'Cardiomyopathy C0878544 human GSE5406 sample 88'; crowd-extracted GEO signature (Wang 2016 Nat Commun 7:12846); GSE5406 (Hannenhalli 2006 Circulation 114:1269, human LV, ischemic/idiopathic cardiomyopathy vs non-failing); up/down = genes up/down in failing vs non-failing LV"
PPDPF,1,HF-up,,"Enrichr (Kuleshov 2016 NAR 44:W90) Disease_Perturbations_from_GEO_up/_down 'Cardiomyopathy C0878544 human GSE5406 sample 88'; crowd-extracted GEO signature (Wang 2016 Nat Commun 7:12846); GSE5406 (Hannenhalli 2006 Circulation 114:1269, human LV, ischemic/idiopathic cardiomyopathy vs non-failing); up/down = genes up/down in failing vs non-failing LV"
CRY2,1,HF-up,,"Enrichr (Kuleshov 2016 NAR 44:W90) Disease_Perturbations_from_GEO_up/_down 'Cardiomyopathy C0878544 human GSE5406 sample 88'; crowd-extracted GEO signature (Wang 2016 Nat Commun 7:12846); GSE5406 (Hannenhalli 2006 Circulation 114:1269, human LV, ischemic/idiopathic cardiomyopathy vs non-failing); up/down = genes up/down in failing vs non-failing LV"
TXNIP,1,HF-up,,"Enrichr (Kuleshov 2016 NAR 44:W90) Disease_Perturbations_from_GEO_up/_down 'Cardiomyopathy C0878544 human GSE5406 sample 88'; crowd-extracted GEO signature (Wang 2016 Nat Commun 7:12846); GSE5406 (Hannenhalli 2006 Circulation 114:1269, human LV, ischemic/idiopathic cardiomyopathy vs non-failing); up/down = genes up/down in failing vs non-failing LV"
MNDA,1,HF-up,,"Enrichr (Kuleshov 2016 NAR 44:W90) Disease_Perturbations_from_GEO_up/_down 'Cardiomyopathy C0878544 human GSE5406 sample 88'; crowd-extracted GEO signature (Wang 2016 Nat Commun 7:12846); GSE5406 (Hannenhalli 2006 Circulation 114:1269, human LV, ischemic/idiopathic cardiomyopathy vs non-failing); up/down = genes up/down in failing vs non-failing LV"
S100P,1,HF-up,,"Enrichr (Kuleshov 2016 NAR 44:W90) Disease_Perturbations_from_GEO_up/_down 'Cardiomyopathy C0878544 human GSE5406 sample 88'; crowd-extracted GEO signature (Wang 2016 Nat Commun 7:12846); GSE5406 (Hannenhalli 2006 Circulation 114:1269, human LV, ischemic/idiopathic cardiomyopathy vs non-failing); up/down = genes up/down in failing vs non-failing LV"
SLC25A11,1,HF-up,,"Enrichr (Kuleshov 2016 NAR 44:W90) Disease_Perturbations_from_GEO_up/_down 'Cardiomyopathy C0878544 human GSE5406 sample 88'; crowd-extracted GEO signature (Wang 2016 Nat Commun 7:12846); GSE5406 (Hannenhalli 2006 Circulation 114:1269, human LV, ischemic/idiopathic cardiomyopathy vs non-failing); up/down = genes up/down in failing vs non-failing LV"
UGT2B4,1,HF-up,,"Enrichr (Kuleshov 2016 NAR 44:W90) Disease_Perturbations_from_GEO_up/_down 'Cardiomyopathy C0878544 human GSE5406 sample 88'; crowd-extracted GEO signature (Wang 2016 Nat Commun 7:12846); GSE5406 (Hannenhalli 2006 Circulation 114:1269, human LV, ischemic/idiopathic cardiomyopathy vs non-failing); up/down = genes up/down in failing vs non-failing LV"
PCOLCE2,1,HF-up,,"Enrichr (Kuleshov 2016 NAR 44:W90) Disease_Perturbations_from_GEO_up/_down 'Cardiomyopathy C0878544 human GSE5406 sample 88'; crowd-extracted GEO signature (Wang 2016 Nat Commun 7:12846); GSE5406 (Hannenhalli 2006 Circulation 114:1269, human LV, ischemic/idiopathic cardiomyopathy vs non-failing); up/down = genes up/down in failing vs non-failing LV"
EVL,1,HF-up,,"Enrichr (Kuleshov 2016 NAR 44:W90) Disease_Perturbations_from_GEO_up/_down 'Cardiomyopathy C0878544 human GSE5406 sample 88'; crowd-extracted GEO signature (Wang 2016 Nat Commun 7:12846); GSE5406 (Hannenhalli 2006 Circulation 114:1269, human LV, ischemic/idiopathic cardiomyopathy vs non-failing); up/down = genes up/down in failing vs non-failing LV"
ALDH9A1,1,HF-up,,"Enrichr (Kuleshov 2016 NAR 44:W90) Disease_Perturbations_from_GEO_up/_down 'Cardiomyopathy C0878544 human GSE5406 sample 88'; crowd-extracted GEO signature (Wang 2016 Nat Commun 7:12846); GSE5406 (Hannenhalli 2006 Circulation 114:1269, human LV, ischemic/idiopathic cardiomyopathy vs non-failing); up/down = genes up/down in failing vs non-failing LV"
NUP37,1,HF-up,,"Enrichr (Kuleshov 2016 NAR 44:W90) Disease_Perturbations_from_GEO_up/_down 'Cardiomyopathy C0878544 human GSE5406 sample 88'; crowd-extracted GEO signature (Wang 2016 Nat Commun 7:12846); GSE5406 (Hannenhalli 2006 Circulation 114:1269, human LV, ischemic/idiopathic cardiomyopathy vs non-failing); up/down = genes up/down in failing vs non-failing LV"
COLEC12,1,HF-up,,"Enrichr (Kuleshov 2016 NAR 44:W90) Disease_Perturbations_from_GEO_up/_down 'Cardiomyopathy C0878544 human GSE5406 sample 88'; crowd-extracted GEO signature (Wang 2016 Nat Commun 7:12846); GSE5406 (Hannenhalli 2006 Circulation 114:1269, human LV, ischemic/idiopathic cardiomyopathy vs non-failing); up/down = genes up/down in failing vs non-failing LV"
LSP1,1,HF-up,,"Enrichr (Kuleshov 2016 NAR 44:W90) Disease_Perturbations_from_GEO_up/_down 'Cardiomyopathy C0878544 human GSE5406 sample 88'; crowd-extracted GEO signature (Wang 2016 Nat Commun 7:12846); GSE5406 (Hannenhalli 2006 Circulation 114:1269, human LV, ischemic/idiopathic cardiomyopathy vs non-failing); up/down = genes up/down in failing vs non-failing LV"
ALAS1,1,HF-up,,"Enrichr (Kuleshov 2016 NAR 44:W90) Disease_Perturbations_from_GEO_up/_down 'Cardiomyopathy C0878544 human GSE5406 sample 88'; crowd-extracted GEO signature (Wang 2016 Nat Commun 7:12846); GSE5406 (Hannenhalli 2006 Circulation 114:1269, human LV, ischemic/idiopathic cardiomyopathy vs non-failing); up/down = genes up/down in failing vs non-failing LV"
COL15A1,1,HF-up,,"Enrichr (Kuleshov 2016 NAR 44:W90) Disease_Perturbations_from_GEO_up/_down 'Cardiomyopathy C0878544 human GSE5406 sample 88'; crowd-extracted GEO signature (Wang 2016 Nat Commun 7:12846); GSE5406 (Hannenhalli 2006 Circulation 114:1269, human LV, ischemic/idiopathic cardiomyopathy vs non-failing); up/down = genes up/down in failing vs non-failing LV"
SPATA20,1,HF-up,,"Enrichr (Kuleshov 2016 NAR 44:W90) Disease_Perturbations_from_GEO_up/_down 'Cardiomyopathy C0878544 human GSE5406 sample 88'; crowd-extracted GEO signature (Wang 2016 Nat Commun 7:12846); GSE5406 (Hannenhalli 2006 Circulation 114:1269, human LV, ischemic/idiopathic cardiomyopathy vs non-failing); up/down = genes up/down in failing vs non-failing LV"
THBS2,1,HF-up,,"Enrichr (Kuleshov 2016 NAR 44:W90) Disease_Perturbations_from_GEO_up/_down 'Cardiomyopathy C0878544 human GSE5406 sample 88'; crowd-extracted GEO signature (Wang 2016 Nat Commun 7:12846); GSE5406 (Hannenhalli 2006 Circulation 114:1269, human LV, ischemic/idiopathic cardiomyopathy vs non-failing); up/down = genes up/down in failing vs non-failing LV"
THBS4,1,HF-up,,"Enrichr (Kuleshov 2016 NAR 44:W90) Disease_Perturbations_from_GEO_up/_down 'Cardiomyopathy C0878544 human GSE5406 sample 88'; crowd-extracted GEO signature (Wang 2016 Nat Commun 7:12846); GSE5406 (Hannenhalli 2006 Circulation 114:1269, human LV, ischemic/idiopathic cardiomyopathy vs non-failing); up/down = genes up/down in failing vs non-failing LV"
ADD3,1,HF-up,,"Enrichr (Kuleshov 2016 NAR 44:W90) Disease_Perturbations_from_GEO_up/_down 'Cardiomyopathy C0878544 human GSE5406 sample 88'; crowd-extracted GEO signature (Wang 2016 Nat Commun 7:12846); GSE5406 (Hannenhalli 2006 Circulation 114:1269, human LV, ischemic/idiopathic cardiomyopathy vs non-failing); up/down = genes up/down in failing vs non-failing LV"
HMGCL,1,HF-up,,"Enrichr (Kuleshov 2016 NAR 44:W90) Disease_Perturbations_from_GEO_up/_down 'Cardiomyopathy C0878544 human GSE5406 sample 88'; crowd-extracted GEO signature (Wang 2016 Nat Commun 7:12846); GSE5406 (Hannenhalli 2006 Circulation 114:1269, human LV, ischemic/idiopathic cardiomyopathy vs non-failing); up/down = genes up/down in failing vs non-failing LV"
EDNRA,1,HF-up,,"Enrichr (Kuleshov 2016 NAR 44:W90) Disease_Perturbations_from_GEO_up/_down 'Cardiomyopathy C0878544 human GSE5406 sample 88'; crowd-extracted GEO signature (Wang 2016 Nat Commun 7:12846); GSE5406 (Hannenhalli 2006 Circulation 114:1269, human LV, ischemic/idiopathic cardiomyopathy vs non-failing); up/down = genes up/down in failing vs non-failing LV"
PSD3,1,HF-up,,"Enrichr (Kuleshov 2016 NAR 44:W90) Disease_Perturbations_from_GEO_up/_down 'Cardiomyopathy C0878544 human GSE5406 sample 88'; crowd-extracted GEO signature (Wang 2016 Nat Commun 7:12846); GSE5406 (Hannenhalli 2006 Circulation 114:1269, human LV, ischemic/idiopathic cardiomyopathy vs non-failing); up/down = genes up/down in failing vs non-failing LV"
CCL8,1,HF-up,,"Enrichr (Kuleshov 2016 NAR 44:W90) Disease_Perturbations_from_GEO_up/_down 'Cardiomyopathy C0878544 human GSE5406 sample 88'; crowd-extracted GEO signature (Wang 2016 Nat Commun 7:12846); GSE5406 (Hannenhalli 2006 Circulation 114:1269, human LV, ischemic/idiopathic cardiomyopathy vs non-failing); up/down = genes up/down in failing vs non-failing LV"
ARHGDIB,1,HF-up,,"Enrichr (Kuleshov 2016 NAR 44:W90) Disease_Perturbations_from_GEO_up/_down 'Cardiomyopathy C0878544 human GSE5406 sample 88'; crowd-extracted GEO signature (Wang 2016 Nat Commun 7:12846); GSE5406 (Hannenhalli 2006 Circulation 114:1269, human LV, ischemic/idiopathic cardiomyopathy vs non-failing); up/down = genes up/down in failing vs non-failing LV"
PALMD,1,HF-up,,"Enrichr (Kuleshov 2016 NAR 44:W90) Disease_Perturbations_from_GEO_up/_down 'Cardiomyopathy C0878544 human GSE5406 sample 88'; crowd-extracted GEO signature (Wang 2016 Nat Commun 7:12846); GSE5406 (Hannenhalli 2006 Circulation 114:1269, human LV, ischemic/idiopathic cardiomyopathy vs non-failing); up/down = genes up/down in failing vs non-failing LV"
SLC25A20,1,HF-up,,"Enrichr (Kuleshov 2016 NAR 44:W90) Disease_Perturbations_from_GEO_up/_down 'Cardiomyopathy C0878544 human GSE5406 sample 88'; crowd-extracted GEO signature (Wang 2016 Nat Commun 7:12846); GSE5406 (Hannenhalli 2006 Circulation 114:1269, human LV, ischemic/idiopathic cardiomyopathy vs non-failing); up/down = genes up/down in failing vs non-failing LV"
UBQLN2,1,HF-up,,"Enrichr (Kuleshov 2016 NAR 44:W90) Disease_Perturbations_from_GEO_up/_down 'Cardiomyopathy C0878544 human GSE5406 sample 88'; crowd-extracted GEO signature (Wang 2016 Nat Commun 7:12846); GSE5406 (Hannenhalli 2006 Circulation 114:1269, human LV, ischemic/idiopathic cardiomyopathy vs non-failing); up/down = genes up/down in failing vs non-failing LV"
CCL3,1,HF-up,,"Enrichr (Kuleshov 2016 NAR 44:W90) Disease_Perturbations_from_GEO_up/_down 'Cardiomyopathy C0878544 human GSE5406 sample 88'; crowd-extracted GEO signature (Wang 2016 Nat Commun 7:12846); GSE5406 (Hannenhalli 2006 Circulation 114:1269, human LV, ischemic/idiopathic cardiomyopathy vs non-failing); up/down = genes up/down in failing vs non-failing LV"
CRYM,1,HF-up,,"Enrichr (Kuleshov 2016 NAR 44:W90) Disease_Perturbations_from_GEO_up/_down 'Cardiomyopathy C0878544 human GSE5406 sample 88'; crowd-extracted GEO signature (Wang 2016 Nat Commun 7:12846); GSE5406 (Hannenhalli 2006 Circulation 114:1269, human LV, ischemic/idiopathic cardiomyopathy vs non-failing); up/down = genes up/down in failing vs non-failing LV"
TRIM22,1,HF-up,,"Enrichr (Kuleshov 2016 NAR 44:W90) Disease_Perturbations_from_GEO_up/_down 'Cardiomyopathy C0878544 human GSE5406 sample 88'; crowd-extracted GEO signature (Wang 2016 Nat Commun 7:12846); GSE5406 (Hannenhalli 2006 Circulation 114:1269, human LV, ischemic/idiopathic cardiomyopathy vs non-failing); up/down = genes up/down in failing vs non-failing LV"
SPG11,1,HF-up,,"Enrichr (Kuleshov 2016 NAR 44:W90) Disease_Perturbations_from_GEO_up/_down 'Cardiomyopathy C0878544 human GSE5406 sample 88'; crowd-extracted GEO signature (Wang 2016 Nat Commun 7:12846); GSE5406 (Hannenhalli 2006 Circulation 114:1269, human LV, ischemic/idiopathic cardiomyopathy vs non-failing); up/down = genes up/down in failing vs non-failing LV"
TNNI1,1,HF-up,,"Enrichr (Kuleshov 2016 NAR 44:W90) Disease_Perturbations_from_GEO_up/_down 'Cardiomyopathy C0878544 human GSE5406 sample 88'; crowd-extracted GEO signature (Wang 2016 Nat Commun 7:12846); GSE5406 (Hannenhalli 2006 Circulation 114:1269, human LV, ischemic/idiopathic cardiomyopathy vs non-failing); up/down = genes up/down in failing vs non-failing LV"
RBFOX1,-1,HF-down,,"Enrichr (Kuleshov 2016 NAR 44:W90) Disease_Perturbations_from_GEO_up/_down 'Cardiomyopathy C0878544 human GSE5406 sample 88'; crowd-extracted GEO signature (Wang 2016 Nat Commun 7:12846); GSE5406 (Hannenhalli 2006 Circulation 114:1269, human LV, ischemic/idiopathic cardiomyopathy vs non-failing); up/down = genes up/down in failing vs non-failing LV"
IFRD1,-1,HF-down,,"Enrichr (Kuleshov 2016 NAR 44:W90) Disease_Perturbations_from_GEO_up/_down 'Cardiomyopathy C0878544 human GSE5406 sample 88'; crowd-extracted GEO signature (Wang 2016 Nat Commun 7:12846); GSE5406 (Hannenhalli 2006 Circulation 114:1269, human LV, ischemic/idiopathic cardiomyopathy vs non-failing); up/down = genes up/down in failing vs non-failing LV"
SS18L2,-1,HF-down,,"Enrichr (Kuleshov 2016 NAR 44:W90) Disease_Perturbations_from_GEO_up/_down 'Cardiomyopathy C0878544 human GSE5406 sample 88'; crowd-extracted GEO signature (Wang 2016 Nat Commun 7:12846); GSE5406 (Hannenhalli 2006 Circulation 114:1269, human LV, ischemic/idiopathic cardiomyopathy vs non-failing); up/down = genes up/down in failing vs non-failing LV"
MTUS2,-1,HF-down,,"Enrichr (Kuleshov 2016 NAR 44:W90) Disease_Perturbations_from_GEO_up/_down 'Cardiomyopathy C0878544 human GSE5406 sample 88'; crowd-extracted GEO signature (Wang 2016 Nat Commun 7:12846); GSE5406 (Hannenhalli 2006 Circulation 114:1269, human LV, ischemic/idiopathic cardiomyopathy vs non-failing); up/down = genes up/down in failing vs non-failing LV"
GTPBP6,-1,HF-down,,"Enrichr (Kuleshov 2016 NAR 44:W90) Disease_Perturbations_from_GEO_up/_down 'Cardiomyopathy C0878544 human GSE5406 sample 88'; crowd-extracted GEO signature (Wang 2016 Nat Commun 7:12846); GSE5406 (Hannenhalli 2006 Circulation 114:1269, human LV, ischemic/idiopathic cardiomyopathy vs non-failing); up/down = genes up/down in failing vs non-failing LV"
REV1,-1,HF-down,,"Enrichr (Kuleshov 2016 NAR 44:W90) Disease_Perturbations_from_GEO_up/_down 'Cardiomyopathy C0878544 human GSE5406 sample 88'; crowd-extracted GEO signature (Wang 2016 Nat Commun 7:12846); GSE5406 (Hannenhalli 2006 Circulation 114:1269, human LV, ischemic/idiopathic cardiomyopathy vs non-failing); up/down = genes up/down in failing vs non-failing LV"
ETNPPL,-1,HF-down,,"Enrichr (Kuleshov 2016 NAR 44:W90) Disease_Perturbations_from_GEO_up/_down 'Cardiomyopathy C0878544 human GSE5406 sample 88'; crowd-extracted GEO signature (Wang 2016 Nat Commun 7:12846); GSE5406 (Hannenhalli 2006 Circulation 114:1269, human LV, ischemic/idiopathic cardiomyopathy vs non-failing); up/down = genes up/down in failing vs non-failing LV"
LARP6,-1,HF-down,,"Enrichr (Kuleshov 2016 NAR 44:W90) Disease_Perturbations_from_GEO_up/_down 'Cardiomyopathy C0878544 human GSE5406 sample 88'; crowd-extracted GEO signature (Wang 2016 Nat Commun 7:12846); GSE5406 (Hannenhalli 2006 Circulation 114:1269, human LV, ischemic/idiopathic cardiomyopathy vs non-failing); up/down = genes up/down in failing vs non-failing LV"
MYL7,-1,HF-down,,"Enrichr (Kuleshov 2016 NAR 44:W90) Disease_Perturbations_from_GEO_up/_down 'Cardiomyopathy C0878544 human GSE5406 sample 88'; crowd-extracted GEO signature (Wang 2016 Nat Commun 7:12846); GSE5406 (Hannenhalli 2006 Circulation 114:1269, human LV, ischemic/idiopathic cardiomyopathy vs non-failing); up/down = genes up/down in failing vs non-failing LV"
SCD,-1,HF-down,,"Enrichr (Kuleshov 2016 NAR 44:W90) Disease_Perturbations_from_GEO_up/_down 'Cardiomyopathy C0878544 human GSE5406 sample 88'; crowd-extracted GEO signature (Wang 2016 Nat Commun 7:12846); GSE5406 (Hannenhalli 2006 Circulation 114:1269, human LV, ischemic/idiopathic cardiomyopathy vs non-failing); up/down = genes up/down in failing vs non-failing LV"
DDX39A,-1,HF-down,,"Enrichr (Kuleshov 2016 NAR 44:W90) Disease_Perturbations_from_GEO_up/_down 'Cardiomyopathy C0878544 human GSE5406 sample 88'; crowd-extracted GEO signature (Wang 2016 Nat Commun 7:12846); GSE5406 (Hannenhalli 2006 Circulation 114:1269, human LV, ischemic/idiopathic cardiomyopathy vs non-failing); up/down = genes up/down in failing vs non-failing LV"
MTHFD2,-1,HF-down,,"Enrichr (Kuleshov 2016 NAR 44:W90) Disease_Perturbations_from_GEO_up/_down 'Cardiomyopathy C0878544 human GSE5406 sample 88'; crowd-extracted GEO signature (Wang 2016 Nat Commun 7:12846); GSE5406 (Hannenhalli 2006 Circulation 114:1269, human LV, ischemic/idiopathic cardiomyopathy vs non-failing); up/down = genes up/down in failing vs non-failing LV"
CRISPLD2,-1,HF-down,,"Enrichr (Kuleshov 2016 NAR 44:W90) Disease_Perturbations_from_GEO_up/_down 'Cardiomyopathy C0878544 human GSE5406 sample 88'; crowd-extracted GEO signature (Wang 2016 Nat Commun 7:12846); GSE5406 (Hannenhalli 2006 Circulation 114:1269, human LV, ischemic/idiopathic cardiomyopathy vs non-failing); up/down = genes up/down in failing vs non-failing LV"
RBP4,-1,HF-down,,"Enrichr (Kuleshov 2016 NAR 44:W90) Disease_Perturbations_from_GEO_up/_down 'Cardiomyopathy C0878544 human GSE5406 sample 88'; crowd-extracted GEO signature (Wang 2016 Nat Commun 7:12846); GSE5406 (Hannenhalli 2006 Circulation 114:1269, human LV, ischemic/idiopathic cardiomyopathy vs non-failing); up/down = genes up/down in failing vs non-failing LV"
GPD1L,-1,HF-down,,"Enrichr (Kuleshov 2016 NAR 44:W90) Disease_Perturbations_from_GEO_up/_down 'Cardiomyopathy C0878544 human GSE5406 sample 88'; crowd-extracted GEO signature (Wang 2016 Nat Commun 7:12846); GSE5406 (Hannenhalli 2006 Circulation 114:1269, human LV, ischemic/idiopathic cardiomyopathy vs non-failing); up/down = genes up/down in failing vs non-failing LV"
GTF2IRD1,-1,HF-down,,"Enrichr (Kuleshov 2016 NAR 44:W90) Disease_Perturbations_from_GEO_up/_down 'Cardiomyopathy C0878544 human GSE5406 sample 88'; crowd-extracted GEO signature (Wang 2016 Nat Commun 7:12846); GSE5406 (Hannenhalli 2006 Circulation 114:1269, human LV, ischemic/idiopathic cardiomyopathy vs non-failing); up/down = genes up/down in failing vs non-failing LV"
SIK1,-1,HF-down,,"Enrichr (Kuleshov 2016 NAR 44:W90) Disease_Perturbations_from_GEO_up/_down 'Cardiomyopathy C0878544 human GSE5406 sample 88'; crowd-extracted GEO signature (Wang 2016 Nat Commun 7:12846); GSE5406 (Hannenhalli 2006 Circulation 114:1269, human LV, ischemic/idiopathic cardiomyopathy vs non-failing); up/down = genes up/down in failing vs non-failing LV"
IFITM3,-1,HF-down,,"Enrichr (Kuleshov 2016 NAR 44:W90) Disease_Perturbations_from_GEO_up/_down 'Cardiomyopathy C0878544 human GSE5406 sample 88'; crowd-extracted GEO signature (Wang 2016 Nat Commun 7:12846); GSE5406 (Hannenhalli 2006 Circulation 114:1269, human LV, ischemic/idiopathic cardiomyopathy vs non-failing); up/down = genes up/down in failing vs non-failing LV"
CCDC69,-1,HF-down,,"Enrichr (Kuleshov 2016 NAR 44:W90) Disease_Perturbations_from_GEO_up/_down 'Cardiomyopathy C0878544 human GSE5406 sample 88'; crowd-extracted GEO signature (Wang 2016 Nat Commun 7:12846); GSE5406 (Hannenhalli 2006 Circulation 114:1269, human LV, ischemic/idiopathic cardiomyopathy vs non-failing); up/down = genes up/down in failing vs non-failing LV"
SERPINE1,-1,HF-down,,"Enrichr (Kuleshov 2016 NAR 44:W90) Disease_Perturbations_from_GEO_up/_down 'Cardiomyopathy C0878544 human GSE5406 sample 88'; crowd-extracted GEO signature (Wang 2016 Nat Commun 7:12846); GSE5406 (Hannenhalli 2006 Circulation 114:1269, human LV, ischemic/idiopathic cardiomyopathy vs non-failing); up/down = genes up/down in failing vs non-failing LV"
ADH1B,-1,HF-down,,"Enrichr (Kuleshov 2016 NAR 44:W90) Disease_Perturbations_from_GEO_up/_down 'Cardiomyopathy C0878544 human GSE5406 sample 88'; crowd-extracted GEO signature (Wang 2016 Nat Commun 7:12846); GSE5406 (Hannenhalli 2006 Circulation 114:1269, human LV, ischemic/idiopathic cardiomyopathy vs non-failing); up/down = genes up/down in failing vs non-failing LV"
AQP3,-1,HF-down,,"Enrichr (Kuleshov 2016 NAR 44:W90) Disease_Perturbations_from_GEO_up/_down 'Cardiomyopathy C0878544 human GSE5406 sample 88'; crowd-extracted GEO signature (Wang 2016 Nat Commun 7:12846); GSE5406 (Hannenhalli 2006 Circulation 114:1269, human LV, ischemic/idiopathic cardiomyopathy vs non-failing); up/down = genes up/down in failing vs non-failing LV"
HERC2P9,-1,HF-down,,"Enrichr (Kuleshov 2016 NAR 44:W90) Disease_Perturbations_from_GEO_up/_down 'Cardiomyopathy C0878544 human GSE5406 sample 88'; crowd-extracted GEO signature (Wang 2016 Nat Commun 7:12846); GSE5406 (Hannenhalli 2006 Circulation 114:1269, human LV, ischemic/idiopathic cardiomyopathy vs non-failing); up/down = genes up/down in failing vs non-failing LV"
SSFA2,-1,HF-down,,"Enrichr (Kuleshov 2016 NAR 44:W90) Disease_Perturbations_from_GEO_up/_down 'Cardiomyopathy C0878544 human GSE5406 sample 88'; crowd-extracted GEO signature (Wang 2016 Nat Commun 7:12846); GSE5406 (Hannenhalli 2006 Circulation 114:1269, human LV, ischemic/idiopathic cardiomyopathy vs non-failing); up/down = genes up/down in failing vs non-failing LV"
C4A,-1,HF-down,,"Enrichr (Kuleshov 2016 NAR 44:W90) Disease_Perturbations_from_GEO_up/_down 'Cardiomyopathy C0878544 human GSE5406 sample 88'; crowd-extracted GEO signature (Wang 2016 Nat Commun 7:12846); GSE5406 (Hannenhalli 2006 Circulation 114:1269, human LV, ischemic/idiopathic cardiomyopathy vs non-failing); up/down = genes up/down in failing vs non-failing LV"
CHORDC1,-1,HF-down,,"Enrichr (Kuleshov 2016 NAR 44:W90) Disease_Perturbations_from_GEO_up/_down 'Cardiomyopathy C0878544 human GSE5406 sample 88'; crowd-extracted GEO signature (Wang 2016 Nat Commun 7:12846); GSE5406 (Hannenhalli 2006 Circulation 114:1269, human LV, ischemic/idiopathic cardiomyopathy vs non-failing); up/down = genes up/down in failing vs non-failing LV"
UGP2,-1,HF-down,,"Enrichr (Kuleshov 2016 NAR 44:W90) Disease_Perturbations_from_GEO_up/_down 'Cardiomyopathy C0878544 human GSE5406 sample 88'; crowd-extracted GEO signature (Wang 2016 Nat Commun 7:12846); GSE5406 (Hannenhalli 2006 Circulation 114:1269, human LV, ischemic/idiopathic cardiomyopathy vs non-failing); up/down = genes up/down in failing vs non-failing LV"
MXI1,-1,HF-down,,"Enrichr (Kuleshov 2016 NAR 44:W90) Disease_Perturbations_from_GEO_up/_down 'Cardiomyopathy C0878544 human GSE5406 sample 88'; crowd-extracted GEO signature (Wang 2016 Nat Commun 7:12846); GSE5406 (Hannenhalli 2006 Circulation 114:1269, human LV, ischemic/idiopathic cardiomyopathy vs non-failing); up/down = genes up/down in failing vs non-failing LV"
RABAC1,-1,HF-down,,"Enrichr (Kuleshov 2016 NAR 44:W90) Disease_Perturbations_from_GEO_up/_down 'Cardiomyopathy C0878544 human GSE5406 sample 88'; crowd-extracted GEO signature (Wang 2016 Nat Commun 7:12846); GSE5406 (Hannenhalli 2006 Circulation 114:1269, human LV, ischemic/idiopathic cardiomyopathy vs non-failing); up/down = genes up/down in failing vs non-failing LV"
NKX2-5,-1,HF-down,,"Enrichr (Kuleshov 2016 NAR 44:W90) Disease_Perturbations_from_GEO_up/_down 'Cardiomyopathy C0878544 human GSE5406 sample 88'; crowd-extracted GEO signature (Wang 2016 Nat Commun 7:12846); GSE5406 (Hannenhalli 2006 Circulation 114:1269, human LV, ischemic/idiopathic cardiomyopathy vs non-failing); up/down = genes up/down in failing vs non-failing LV"
SH3BGR,-1,HF-down,,"Enrichr (Kuleshov 2016 NAR 44:W90) Disease_Perturbations_from_GEO_up/_down 'Cardiomyopathy C0878544 human GSE5406 sample 88'; crowd-extracted GEO signature (Wang 2016 Nat Commun 7:12846); GSE5406 (Hannenhalli 2006 Circulation 114:1269, human LV, ischemic/idiopathic cardiomyopathy vs non-failing); up/down = genes up/down in failing vs non-failing LV"
TSPYL2,-1,HF-down,,"Enrichr (Kuleshov 2016 NAR 44:W90) Disease_Perturbations_from_GEO_up/_down 'Cardiomyopathy C0878544 human GSE5406 sample 88'; crowd-extracted GEO signature (Wang 2016 Nat Commun 7:12846); GSE5406 (Hannenhalli 2006 Circulation 114:1269, human LV, ischemic/idiopathic cardiomyopathy vs non-failing); up/down = genes up/down in failing vs non-failing LV"
DMPK,-1,HF-down,,"Enrichr (Kuleshov 2016 NAR 44:W90) Disease_Perturbations_from_GEO_up/_down 'Cardiomyopathy C0878544 human GSE5406 sample 88'; crowd-extracted GEO signature (Wang 2016 Nat Commun 7:12846); GSE5406 (Hannenhalli 2006 Circulation 114:1269, human LV, ischemic/idiopathic cardiomyopathy vs non-failing); up/down = genes up/down in failing vs non-failing LV"
VPS13D,-1,HF-down,,"Enrichr (Kuleshov 2016 NAR 44:W90) Disease_Perturbations_from_GEO_up/_down 'Cardiomyopathy C0878544 human GSE5406 sample 88'; crowd-extracted GEO signature (Wang 2016 Nat Commun 7:12846); GSE5406 (Hannenhalli 2006 Circulation 114:1269, human LV, ischemic/idiopathic cardiomyopathy vs non-failing); up/down = genes up/down in failing vs non-failing LV"
XRCC4,-1,HF-down,,"Enrichr (Kuleshov 2016 NAR 44:W90) Disease_Perturbations_from_GEO_up/_down 'Cardiomyopathy C0878544 human GSE5406 sample 88'; crowd-extracted GEO signature (Wang 2016 Nat Commun 7:12846); GSE5406 (Hannenhalli 2006 Circulation 114:1269, human LV, ischemic/idiopathic cardiomyopathy vs non-failing); up/down = genes up/down in failing vs non-failing LV"
CMC2,-1,HF-down,,"Enrichr (Kuleshov 2016 NAR 44:W90) Disease_Perturbations_from_GEO_up/_down 'Cardiomyopathy C0878544 human GSE5406 sample 88'; crowd-extracted GEO signature (Wang 2016 Nat Commun 7:12846); GSE5406 (Hannenhalli 2006 Circulation 114:1269, human LV, ischemic/idiopathic cardiomyopathy vs non-failing); up/down = genes up/down in failing vs non-failing LV"
TUBG1,-1,HF-down,,"Enrichr (Kuleshov 2016 NAR 44:W90) Disease_Perturbations_from_GEO_up/_down 'Cardiomyopathy C0878544 human GSE5406 sample 88'; crowd-extracted GEO signature (Wang 2016 Nat Commun 7:12846); GSE5406 (Hannenhalli 2006 Circulation 114:1269, human LV, ischemic/idiopathic cardiomyopathy vs non-failing); up/down = genes up/down in failing vs non-failing LV"
PTP4A2,-1,HF-down,,"Enrichr (Kuleshov 2016 NAR 44:W90) Disease_Perturbations_from_GEO_up/_down 'Cardiomyopathy C0878544 human GSE5406 sample 88'; crowd-extracted GEO signature (Wang 2016 Nat Commun 7:12846); GSE5406 (Hannenhalli 2006 Circulation 114:1269, human LV, ischemic/idiopathic cardiomyopathy vs non-failing); up/down = genes up/down in failing vs non-failing LV"
ACE2,-1,HF-down,,"Enrichr (Kuleshov 2016 NAR 44:W90) Disease_Perturbations_from_GEO_up/_down 'Cardiomyopathy C0878544 human GSE5406 sample 88'; crowd-extracted GEO signature (Wang 2016 Nat Commun 7:12846); GSE5406 (Hannenhalli 2006 Circulation 114:1269, human LV, ischemic/idiopathic cardiomyopathy vs non-failing); up/down = genes up/down in failing vs non-failing LV"
PTP4A3,-1,HF-down,,"Enrichr (Kuleshov 2016 NAR 44:W90) Disease_Perturbations_from_GEO_up/_down 'Cardiomyopathy C0878544 human GSE5406 sample 88'; crowd-extracted GEO signature (Wang 2016 Nat Commun 7:12846); GSE5406 (Hannenhalli 2006 Circulation 114:1269, human LV, ischemic/idiopathic cardiomyopathy vs non-failing); up/down = genes up/down in failing vs non-failing LV"
FERMT2,-1,HF-down,,"Enrichr (Kuleshov 2016 NAR 44:W90) Disease_Perturbations_from_GEO_up/_down 'Cardiomyopathy C0878544 human GSE5406 sample 88'; crowd-extracted GEO signature (Wang 2016 Nat Commun 7:12846); GSE5406 (Hannenhalli 2006 Circulation 114:1269, human LV, ischemic/idiopathic cardiomyopathy vs non-failing); up/down = genes up/down in failing vs non-failing LV"
FOSL1,-1,HF-down,,"Enrichr (Kuleshov 2016 NAR 44:W90) Disease_Perturbations_from_GEO_up/_down 'Cardiomyopathy C0878544 human GSE5406 sample 88'; crowd-extracted GEO signature (Wang 2016 Nat Commun 7:12846); GSE5406 (Hannenhalli 2006 Circulation 114:1269, human LV, ischemic/idiopathic cardiomyopathy vs non-failing); up/down = genes up/down in failing vs non-failing LV"
SLC6A8,-1,HF-down,,"Enrichr (Kuleshov 2016 NAR 44:W90) Disease_Perturbations_from_GEO_up/_down 'Cardiomyopathy C0878544 human GSE5406 sample 88'; crowd-extracted GEO signature (Wang 2016 Nat Commun 7:12846); GSE5406 (Hannenhalli 2006 Circulation 114:1269, human LV, ischemic/idiopathic cardiomyopathy vs non-failing); up/down = genes up/down in failing vs non-failing LV"
POR,-1,HF-down,,"Enrichr (Kuleshov 2016 NAR 44:W90) Disease_Perturbations_from_GEO_up/_down 'Cardiomyopathy C0878544 human GSE5406 sample 88'; crowd-extracted GEO signature (Wang 2016 Nat Commun 7:12846); GSE5406 (Hannenhalli 2006 Circulation 114:1269, human LV, ischemic/idiopathic cardiomyopathy vs non-failing); up/down = genes up/down in failing vs non-failing LV"
ADCK3,-1,HF-down,,"Enrichr (Kuleshov 2016 NAR 44:W90) Disease_Perturbations_from_GEO_up/_down 'Cardiomyopathy C0878544 human GSE5406 sample 88'; crowd-extracted GEO signature (Wang 2016 Nat Commun 7:12846); GSE5406 (Hannenhalli 2006 Circulation 114:1269, human LV, ischemic/idiopathic cardiomyopathy vs non-failing); up/down = genes up/down in failing vs non-failing LV"
FASN,-1,HF-down,,"Enrichr (Kuleshov 2016 NAR 44:W90) Disease_Perturbations_from_GEO_up/_down 'Cardiomyopathy C0878544 human GSE5406 sample 88'; crowd-extracted GEO signature (Wang 2016 Nat Commun 7:12846); GSE5406 (Hannenhalli 2006 Circulation 114:1269, human LV, ischemic/idiopathic cardiomyopathy vs non-failing); up/down = genes up/down in failing vs non-failing LV"
JTB,-1,HF-down,,"Enrichr (Kuleshov 2016 NAR 44:W90) Disease_Perturbations_from_GEO_up/_down 'Cardiomyopathy C0878544 human GSE5406 sample 88'; crowd-extracted GEO signature (Wang 2016 Nat Commun 7:12846); GSE5406 (Hannenhalli 2006 Circulation 114:1269, human LV, ischemic/idiopathic cardiomyopathy vs non-failing); up/down = genes up/down in failing vs non-failing LV"
PSME4,-1,HF-down,,"Enrichr (Kuleshov 2016 NAR 44:W90) Disease_Perturbations_from_GEO_up/_down 'Cardiomyopathy C0878544 human GSE5406 sample 88'; crowd-extracted GEO signature (Wang 2016 Nat Commun 7:12846); GSE5406 (Hannenhalli 2006 Circulation 114:1269, human LV, ischemic/idiopathic cardiomyopathy vs non-failing); up/down = genes up/down in failing vs non-failing LV"
MMP23B,-1,HF-down,,"Enrichr (Kuleshov 2016 NAR 44:W90) Disease_Perturbations_from_GEO_up/_down 'Cardiomyopathy C0878544 human GSE5406 sample 88'; crowd-extracted GEO signature (Wang 2016 Nat Commun 7:12846); GSE5406 (Hannenhalli 2006 Circulation 114:1269, human LV, ischemic/idiopathic cardiomyopathy vs non-failing); up/down = genes up/down in failing vs non-failing LV"
ATF4,-1,HF-down,,"Enrichr (Kuleshov 2016 NAR 44:W90) Disease_Perturbations_from_GEO_up/_down 'Cardiomyopathy C0878544 human GSE5406 sample 88'; crowd-extracted GEO signature (Wang 2016 Nat Commun 7:12846); GSE5406 (Hannenhalli 2006 Circulation 114:1269, human LV, ischemic/idiopathic cardiomyopathy vs non-failing); up/down = genes up/down in failing vs non-failing LV"
OGDH,-1,HF-down,,"Enrichr (Kuleshov 2016 NAR 44:W90) Disease_Perturbations_from_GEO_up/_down 'Cardiomyopathy C0878544 human GSE5406 sample 88'; crowd-extracted GEO signature (Wang 2016 Nat Commun 7:12846); GSE5406 (Hannenhalli 2006 Circulation 114:1269, human LV, ischemic/idiopathic cardiomyopathy vs non-failing); up/down = genes up/down in failing vs non-failing LV"
SLC22A5,-1,HF-down,,"Enrichr (Kuleshov 2016 NAR 44:W90) Disease_Perturbations_from_GEO_up/_down 'Cardiomyopathy C0878544 human GSE5406 sample 88'; crowd-extracted GEO signature (Wang 2016 Nat Commun 7:12846); GSE5406 (Hannenhalli 2006 Circulation 114:1269, human LV, ischemic/idiopathic cardiomyopathy vs non-failing); up/down = genes up/down in failing vs non-failing LV"
MT1M,-1,HF-down,,"Enrichr (Kuleshov 2016 NAR 44:W90) Disease_Perturbations_from_GEO_up/_down 'Cardiomyopathy C0878544 human GSE5406 sample 88'; crowd-extracted GEO signature (Wang 2016 Nat Commun 7:12846); GSE5406 (Hannenhalli 2006 Circulation 114:1269, human LV, ischemic/idiopathic cardiomyopathy vs non-failing); up/down = genes up/down in failing vs non-failing LV"
MT1X,-1,HF-down,,"Enrichr (Kuleshov 2016 NAR 44:W90) Disease_Perturbations_from_GEO_up/_down 'Cardiomyopathy C0878544 human GSE5406 sample 88'; crowd-extracted GEO signature (Wang 2016 Nat Commun 7:12846); GSE5406 (Hannenhalli 2006 Circulation 114:1269, human LV, ischemic/idiopathic cardiomyopathy vs non-failing); up/down = genes up/down in failing vs non-failing LV"
PPL,-1,HF-down,,"Enrichr (Kuleshov 2016 NAR 44:W90) Disease_Perturbations_from_GEO_up/_down 'Cardiomyopathy C0878544 human GSE5406 sample 88'; crowd-extracted GEO signature (Wang 2016 Nat Commun 7:12846); GSE5406 (Hannenhalli 2006 Circulation 114:1269, human LV, ischemic/idiopathic cardiomyopathy vs non-failing); up/down = genes up/down in failing vs non-failing LV"
C3,-1,HF-down,,"Enrichr (Kuleshov 2016 NAR 44:W90) Disease_Perturbations_from_GEO_up/_down 'Cardiomyopathy C0878544 human GSE5406 sample 88'; crowd-extracted GEO signature (Wang 2016 Nat Commun 7:12846); GSE5406 (Hannenhalli 2006 Circulation 114:1269, human LV, ischemic/idiopathic cardiomyopathy vs non-failing); up/down = genes up/down in failing vs non-failing LV"
PRDX6,-1,HF-down,,"Enrichr (Kuleshov 2016 NAR 44:W90) Disease_Perturbations_from_GEO_up/_down 'Cardiomyopathy C0878544 human GSE5406 sample 88'; crowd-extracted GEO signature (Wang 2016 Nat Commun 7:12846); GSE5406 (Hannenhalli 2006 Circulation 114:1269, human LV, ischemic/idiopathic cardiomyopathy vs non-failing); up/down = genes up/down in failing vs non-failing LV"
SOX18,-1,HF-down,,"Enrichr (Kuleshov 2016 NAR 44:W90) Disease_Perturbations_from_GEO_up/_down 'Cardiomyopathy C0878544 human GSE5406 sample 88'; crowd-extracted GEO signature (Wang 2016 Nat Commun 7:12846); GSE5406 (Hannenhalli 2006 Circulation 114:1269, human LV, ischemic/idiopathic cardiomyopathy vs non-failing); up/down = genes up/down in failing vs non-failing LV"
AP1S2,-1,HF-down,,"Enrichr (Kuleshov 2016 NAR 44:W90) Disease_Perturbations_from_GEO_up/_down 'Cardiomyopathy C0878544 human GSE5406 sample 88'; crowd-extracted GEO signature (Wang 2016 Nat Commun 7:12846); GSE5406 (Hannenhalli 2006 Circulation 114:1269, human LV, ischemic/idiopathic cardiomyopathy vs non-failing); up/down = genes up/down in failing vs non-failing LV"
HMOX2,-1,HF-down,,"Enrichr (Kuleshov 2016 NAR 44:W90) Disease_Perturbations_from_GEO_up/_down 'Cardiomyopathy C0878544 human GSE5406 sample 88'; crowd-extracted GEO signature (Wang 2016 Nat Commun 7:12846); GSE5406 (Hannenhalli 2006 Circulation 114:1269, human LV, ischemic/idiopathic cardiomyopathy vs non-failing); up/down = genes up/down in failing vs non-failing LV"
GLUL,-1,HF-down,,"Enrichr (Kuleshov 2016 NAR 44:W90) Disease_Perturbations_from_GEO_up/_down 'Cardiomyopathy C0878544 human GSE5406 sample 88'; crowd-extracted GEO signature (Wang 2016 Nat Commun 7:12846); GSE5406 (Hannenhalli 2006 Circulation 114:1269, human LV, ischemic/idiopathic cardiomyopathy vs non-failing); up/down = genes up/down in failing vs non-failing LV"
CD14,-1,HF-down,,"Enrichr (Kuleshov 2016 NAR 44:W90) Disease_Perturbations_from_GEO_up/_down 'Cardiomyopathy C0878544 human GSE5406 sample 88'; crowd-extracted GEO signature (Wang 2016 Nat Commun 7:12846); GSE5406 (Hannenhalli 2006 Circulation 114:1269, human LV, ischemic/idiopathic cardiomyopathy vs non-failing); up/down = genes up/down in failing vs non-failing LV"
APOD,-1,HF-down,,"Enrichr (Kuleshov 2016 NAR 44:W90) Disease_Perturbations_from_GEO_up/_down 'Cardiomyopathy C0878544 human GSE5406 sample 88'; crowd-extracted GEO signature (Wang 2016 Nat Commun 7:12846); GSE5406 (Hannenhalli 2006 Circulation 114:1269, human LV, ischemic/idiopathic cardiomyopathy vs non-failing); up/down = genes up/down in failing vs non-failing LV"
SLC19A2,-1,HF-down,,"Enrichr (Kuleshov 2016 NAR 44:W90) Disease_Perturbations_from_GEO_up/_down 'Cardiomyopathy C0878544 human GSE5406 sample 88'; crowd-extracted GEO signature (Wang 2016 Nat Commun 7:12846); GSE5406 (Hannenhalli 2006 Circulation 114:1269, human LV, ischemic/idiopathic cardiomyopathy vs non-failing); up/down = genes up/down in failing vs non-failing LV"
AASS,-1,HF-down,,"Enrichr (Kuleshov 2016 NAR 44:W90) Disease_Perturbations_from_GEO_up/_down 'Cardiomyopathy C0878544 human GSE5406 sample 88'; crowd-extracted GEO signature (Wang 2016 Nat Commun 7:12846); GSE5406 (Hannenhalli 2006 Circulation 114:1269, human LV, ischemic/idiopathic cardiomyopathy vs non-failing); up/down = genes up/down in failing vs non-failing LV"
DUSP1,-1,HF-down,,"Enrichr (Kuleshov 2016 NAR 44:W90) Disease_Perturbations_from_GEO_up/_down 'Cardiomyopathy C0878544 human GSE5406 sample 88'; crowd-extracted GEO signature (Wang 2016 Nat Commun 7:12846); GSE5406 (Hannenhalli 2006 Circulation 114:1269, human LV, ischemic/idiopathic cardiomyopathy vs non-failing); up/down = genes up/down in failing vs non-failing LV"
JUP,-1,HF-down,,"Enrichr (Kuleshov 2016 NAR 44:W90) Disease_Perturbations_from_GEO_up/_down 'Cardiomyopathy C0878544 human GSE5406 sample 88'; crowd-extracted GEO signature (Wang 2016 Nat Commun 7:12846); GSE5406 (Hannenhalli 2006 Circulation 114:1269, human LV, ischemic/idiopathic cardiomyopathy vs non-failing); up/down = genes up/down in failing vs non-failing LV"
LSAMP,-1,HF-down,,"Enrichr (Kuleshov 2016 NAR 44:W90) Disease_Perturbations_from_GEO_up/_down 'Cardiomyopathy C0878544 human GSE5406 sample 88'; crowd-extracted GEO signature (Wang 2016 Nat Commun 7:12846); GSE5406 (Hannenhalli 2006 Circulation 114:1269, human LV, ischemic/idiopathic cardiomyopathy vs non-failing); up/down = genes up/down in failing vs non-failing LV"
KLHL3,-1,HF-down,,"Enrichr (Kuleshov 2016 NAR 44:W90) Disease_Perturbations_from_GEO_up/_down 'Cardiomyopathy C0878544 human GSE5406 sample 88'; crowd-extracted GEO signature (Wang 2016 Nat Commun 7:12846); GSE5406 (Hannenhalli 2006 Circulation 114:1269, human LV, ischemic/idiopathic cardiomyopathy vs non-failing); up/down = genes up/down in failing vs non-failing LV"
EMP3,-1,HF-down,,"Enrichr (Kuleshov 2016 NAR 44:W90) Disease_Perturbations_from_GEO_up/_down 'Cardiomyopathy C0878544 human GSE5406 sample 88'; crowd-extracted GEO signature (Wang 2016 Nat Commun 7:12846); GSE5406 (Hannenhalli 2006 Circulation 114:1269, human LV, ischemic/idiopathic cardiomyopathy vs non-failing); up/down = genes up/down in failing vs non-failing LV"
LYVE1,-1,HF-down,,"Enrichr (Kuleshov 2016 NAR 44:W90) Disease_Perturbations_from_GEO_up/_down 'Cardiomyopathy C0878544 human GSE5406 sample 88'; crowd-extracted GEO signature (Wang 2016 Nat Commun 7:12846); GSE5406 (Hannenhalli 2006 Circulation 114:1269, human LV, ischemic/idiopathic cardiomyopathy vs non-failing); up/down = genes up/down in failing vs non-failing LV"
GNL3,-1,HF-down,,"Enrichr (Kuleshov 2016 NAR 44:W90) Disease_Perturbations_from_GEO_up/_down 'Cardiomyopathy C0878544 human GSE5406 sample 88'; crowd-extracted GEO signature (Wang 2016 Nat Commun 7:12846); GSE5406 (Hannenhalli 2006 Circulation 114:1269, human LV, ischemic/idiopathic cardiomyopathy vs non-failing); up/down = genes up/down in failing vs non-failing LV"
C1orf21,-1,HF-down,,"Enrichr (Kuleshov 2016 NAR 44:W90) Disease_Perturbations_from_GEO_up/_down 'Cardiomyopathy C0878544 human GSE5406 sample 88'; crowd-extracted GEO signature (Wang 2016 Nat Commun 7:12846); GSE5406 (Hannenhalli 2006 Circulation 114:1269, human LV, ischemic/idiopathic cardiomyopathy vs non-failing); up/down = genes up/down in failing vs non-failing LV"
RHOC,-1,HF-down,,"Enrichr (Kuleshov 2016 NAR 44:W90) Disease_Perturbations_from_GEO_up/_down 'Cardiomyopathy C0878544 human GSE5406 sample 88'; crowd-extracted GEO signature (Wang 2016 Nat Commun 7:12846); GSE5406 (Hannenhalli 2006 Circulation 114:1269, human LV, ischemic/idiopathic cardiomyopathy vs non-failing); up/down = genes up/down in failing vs non-failing LV"
SLC7A6,-1,HF-down,,"Enrichr (Kuleshov 2016 NAR 44:W90) Disease_Perturbations_from_GEO_up/_down 'Cardiomyopathy C0878544 human GSE5406 sample 88'; crowd-extracted GEO signature (Wang 2016 Nat Commun 7:12846); GSE5406 (Hannenhalli 2006 Circulation 114:1269, human LV, ischemic/idiopathic cardiomyopathy vs non-failing); up/down = genes up/down in failing vs non-failing LV"
SLCO4A1,-1,HF-down,,"Enrichr (Kuleshov 2016 NAR 44:W90) Disease_Perturbations_from_GEO_up/_down 'Cardiomyopathy C0878544 human GSE5406 sample 88'; crowd-extracted GEO signature (Wang 2016 Nat Commun 7:12846); GSE5406 (Hannenhalli 2006 Circulation 114:1269, human LV, ischemic/idiopathic cardiomyopathy vs non-failing); up/down = genes up/down in failing vs non-failing LV"
CSDC2,-1,HF-down,,"Enrichr (Kuleshov 2016 NAR 44:W90) Disease_Perturbations_from_GEO_up/_down 'Cardiomyopathy C0878544 human GSE5406 sample 88'; crowd-extracted GEO signature (Wang 2016 Nat Commun 7:12846); GSE5406 (Hannenhalli 2006 Circulation 114:1269, human LV, ischemic/idiopathic cardiomyopathy vs non-failing); up/down = genes up/down in failing vs non-failing LV"
MYOT,-1,HF-down,,"Enrichr (Kuleshov 2016 NAR 44:W90) Disease_Perturbations_from_GEO_up/_down 'Cardiomyopathy C0878544 human GSE5406 sample 88'; crowd-extracted GEO signature (Wang 2016 Nat Commun 7:12846); GSE5406 (Hannenhalli 2006 Circulation 114:1269, human LV, ischemic/idiopathic cardiomyopathy vs non-failing); up/down = genes up/down in failing vs non-failing LV"
PXMP2,-1,HF-down,,"Enrichr (Kuleshov 2016 NAR 44:W90) Disease_Perturbations_from_GEO_up/_down 'Cardiomyopathy C0878544 human GSE5406 sample 88'; crowd-extracted GEO signature (Wang 2016 Nat Commun 7:12846); GSE5406 (Hannenhalli 2006 Circulation 114:1269, human LV, ischemic/idiopathic cardiomyopathy vs non-failing); up/down = genes up/down in failing vs non-failing LV"
CCNG1,-1,HF-down,,"Enrichr (Kuleshov 2016 NAR 44:W90) Disease_Perturbations_from_GEO_up/_down 'Cardiomyopathy C0878544 human GSE5406 sample 88'; crowd-extracted GEO signature (Wang 2016 Nat Commun 7:12846); GSE5406 (Hannenhalli 2006 Circulation 114:1269, human LV, ischemic/idiopathic cardiomyopathy vs non-failing); up/down = genes up/down in failing vs non-failing LV"
CALU,-1,HF-down,,"Enrichr (Kuleshov 2016 NAR 44:W90) Disease_Perturbations_from_GEO_up/_down 'Cardiomyopathy C0878544 human GSE5406 sample 88'; crowd-extracted GEO signature (Wang 2016 Nat Commun 7:12846); GSE5406 (Hannenhalli 2006 Circulation 114:1269, human LV, ischemic/idiopathic cardiomyopathy vs non-failing); up/down = genes up/down in failing vs non-failing LV"
SGK1,-1,HF-down,,"Enrichr (Kuleshov 2016 NAR 44:W90) Disease_Perturbations_from_GEO_up/_down 'Cardiomyopathy C0878544 human GSE5406 sample 88'; crowd-extracted GEO signature (Wang 2016 Nat Commun 7:12846); GSE5406 (Hannenhalli 2006 Circulation 114:1269, human LV, ischemic/idiopathic cardiomyopathy vs non-failing); up/down = genes up/down in failing vs non-failing LV"
SERPINA3,-1,HF-down,,"Enrichr (Kuleshov 2016 NAR 44:W90) Disease_Perturbations_from_GEO_up/_down 'Cardiomyopathy C0878544 human GSE5406 sample 88'; crowd-extracted GEO signature (Wang 2016 Nat Commun 7:12846); GSE5406 (Hannenhalli 2006 Circulation 114:1269, human LV, ischemic/idiopathic cardiomyopathy vs non-failing); up/down = genes up/down in failing vs non-failing LV"
HIST2H2AA4,-1,HF-down,,"Enrichr (Kuleshov 2016 NAR 44:W90) Disease_Perturbations_from_GEO_up/_down 'Cardiomyopathy C0878544 human GSE5406 sample 88'; crowd-extracted GEO signature (Wang 2016 Nat Commun 7:12846); GSE5406 (Hannenhalli 2006 Circulation 114:1269, human LV, ischemic/idiopathic cardiomyopathy vs non-failing); up/down = genes up/down in failing vs non-failing LV"
CLIC4,-1,HF-down,,"Enrichr (Kuleshov 2016 NAR 44:W90) Disease_Perturbations_from_GEO_up/_down 'Cardiomyopathy C0878544 human GSE5406 sample 88'; crowd-extracted GEO signature (Wang 2016 Nat Commun 7:12846); GSE5406 (Hannenhalli 2006 Circulation 114:1269, human LV, ischemic/idiopathic cardiomyopathy vs non-failing); up/down = genes up/down in failing vs non-failing LV"
DAZAP1,-1,HF-down,,"Enrichr (Kuleshov 2016 NAR 44:W90) Disease_Perturbations_from_GEO_up/_down 'Cardiomyopathy C0878544 human GSE5406 sample 88'; crowd-extracted GEO signature (Wang 2016 Nat Commun 7:12846); GSE5406 (Hannenhalli 2006 Circulation 114:1269, human LV, ischemic/idiopathic cardiomyopathy vs non-failing); up/down = genes up/down in failing vs non-failing LV"
ABHD5,-1,HF-down,,"Enrichr (Kuleshov 2016 NAR 44:W90) Disease_Perturbations_from_GEO_up/_down 'Cardiomyopathy C0878544 human GSE5406 sample 88'; crowd-extracted GEO signature (Wang 2016 Nat Commun 7:12846); GSE5406 (Hannenhalli 2006 Circulation 114:1269, human LV, ischemic/idiopathic cardiomyopathy vs non-failing); up/down = genes up/down in failing vs non-failing LV"
CITED2,-1,HF-down,,"Enrichr (Kuleshov 2016 NAR 44:W90) Disease_Perturbations_from_GEO_up/_down 'Cardiomyopathy C0878544 human GSE5406 sample 88'; crowd-extracted GEO signature (Wang 2016 Nat Commun 7:12846); GSE5406 (Hannenhalli 2006 Circulation 114:1269, human LV, ischemic/idiopathic cardiomyopathy vs non-failing); up/down = genes up/down in failing vs non-failing LV"
SDCCAG3,-1,HF-down,,"Enrichr (Kuleshov 2016 NAR 44:W90) Disease_Perturbations_from_GEO_up/_down 'Cardiomyopathy C0878544 human GSE5406 sample 88'; crowd-extracted GEO signature (Wang 2016 Nat Commun 7:12846); GSE5406 (Hannenhalli 2006 Circulation 114:1269, human LV, ischemic/idiopathic cardiomyopathy vs non-failing); up/down = genes up/down in failing vs non-failing LV"
FLII,-1,HF-down,,"Enrichr (Kuleshov 2016 NAR 44:W90) Disease_Perturbations_from_GEO_up/_down 'Cardiomyopathy C0878544 human GSE5406 sample 88'; crowd-extracted GEO signature (Wang 2016 Nat Commun 7:12846); GSE5406 (Hannenhalli 2006 Circulation 114:1269, human LV, ischemic/idiopathic cardiomyopathy vs non-failing); up/down = genes up/down in failing vs non-failing LV"
CLTB,-1,HF-down,,"Enrichr (Kuleshov 2016 NAR 44:W90) Disease_Perturbations_from_GEO_up/_down 'Cardiomyopathy C0878544 human GSE5406 sample 88'; crowd-extracted GEO signature (Wang 2016 Nat Commun 7:12846); GSE5406 (Hannenhalli 2006 Circulation 114:1269, human LV, ischemic/idiopathic cardiomyopathy vs non-failing); up/down = genes up/down in failing vs non-failing LV"
TNFRSF11B,-1,HF-down,,"Enrichr (Kuleshov 2016 NAR 44:W90) Disease_Perturbations_from_GEO_up/_down 'Cardiomyopathy C0878544 human GSE5406 sample 88'; crowd-extracted GEO signature (Wang 2016 Nat Commun 7:12846); GSE5406 (Hannenhalli 2006 Circulation 114:1269, human LV, ischemic/idiopathic cardiomyopathy vs non-failing); up/down = genes up/down in failing vs non-failing LV"
AREG,-1,HF-down,,"Enrichr (Kuleshov 2016 NAR 44:W90) Disease_Perturbations_from_GEO_up/_down 'Cardiomyopathy C0878544 human GSE5406 sample 88'; crowd-extracted GEO signature (Wang 2016 Nat Commun 7:12846); GSE5406 (Hannenhalli 2006 Circulation 114:1269, human LV, ischemic/idiopathic cardiomyopathy vs non-failing); up/down = genes up/down in failing vs non-failing LV"
MRPL34,-1,HF-down,,"Enrichr (Kuleshov 2016 NAR 44:W90) Disease_Perturbations_from_GEO_up/_down 'Cardiomyopathy C0878544 human GSE5406 sample 88'; crowd-extracted GEO signature (Wang 2016 Nat Commun 7:12846); GSE5406 (Hannenhalli 2006 Circulation 114:1269, human LV, ischemic/idiopathic cardiomyopathy vs non-failing); up/down = genes up/down in failing vs non-failing LV"
STIP1,-1,HF-down,,"Enrichr (Kuleshov 2016 NAR 44:W90) Disease_Perturbations_from_GEO_up/_down 'Cardiomyopathy C0878544 human GSE5406 sample 88'; crowd-extracted GEO signature (Wang 2016 Nat Commun 7:12846); GSE5406 (Hannenhalli 2006 Circulation 114:1269, human LV, ischemic/idiopathic cardiomyopathy vs non-failing); up/down = genes up/down in failing vs non-failing LV"
TRIM8,-1,HF-down,,"Enrichr (Kuleshov 2016 NAR 44:W90) Disease_Perturbations_from_GEO_up/_down 'Cardiomyopathy C0878544 human GSE5406 sample 88'; crowd-extracted GEO signature (Wang 2016 Nat Commun 7:12846); GSE5406 (Hannenhalli 2006 Circulation 114:1269, human LV, ischemic/idiopathic cardiomyopathy vs non-failing); up/down = genes up/down in failing vs non-failing LV"
MAP1LC3B,-1,HF-down,,"Enrichr (Kuleshov 2016 NAR 44:W90) Disease_Perturbations_from_GEO_up/_down 'Cardiomyopathy C0878544 human GSE5406 sample 88'; crowd-extracted GEO signature (Wang 2016 Nat Commun 7:12846); GSE5406 (Hannenhalli 2006 Circulation 114:1269, human LV, ischemic/idiopathic cardiomyopathy vs non-failing); up/down = genes up/down in failing vs non-failing LV"
LOC653513,-1,HF-down,,"Enrichr (Kuleshov 2016 NAR 44:W90) Disease_Perturbations_from_GEO_up/_down 'Cardiomyopathy C0878544 human GSE5406 sample 88'; crowd-extracted GEO signature (Wang 2016 Nat Commun 7:12846); GSE5406 (Hannenhalli 2006 Circulation 114:1269, human LV, ischemic/idiopathic cardiomyopathy vs non-failing); up/down = genes up/down in failing vs non-failing LV"
GSE1,-1,HF-down,,"Enrichr (Kuleshov 2016 NAR 44:W90) Disease_Perturbations_from_GEO_up/_down 'Cardiomyopathy C0878544 human GSE5406 sample 88'; crowd-extracted GEO signature (Wang 2016 Nat Commun 7:12846); GSE5406 (Hannenhalli 2006 Circulation 114:1269, human LV, ischemic/idiopathic cardiomyopathy vs non-failing); up/down = genes up/down in failing vs non-failing LV"
TIMP3,-1,HF-down,,"Enrichr (Kuleshov 2016 NAR 44:W90) Disease_Perturbations_from_GEO_up/_down 'Cardiomyopathy C0878544 human GSE5406 sample 88'; crowd-extracted GEO signature (Wang 2016 Nat Commun 7:12846); GSE5406 (Hannenhalli 2006 Circulation 114:1269, human LV, ischemic/idiopathic cardiomyopathy vs non-failing); up/down = genes up/down in failing vs non-failing LV"
ANKRD2,-1,HF-down,,"Enrichr (Kuleshov 2016 NAR 44:W90) Disease_Perturbations_from_GEO_up/_down 'Cardiomyopathy C0878544 human GSE5406 sample 88'; crowd-extracted GEO signature (Wang 2016 Nat Commun 7:12846); GSE5406 (Hannenhalli 2006 Circulation 114:1269, human LV, ischemic/idiopathic cardiomyopathy vs non-failing); up/down = genes up/down in failing vs non-failing LV"
QSOX1,-1,HF-down,,"Enrichr (Kuleshov 2016 NAR 44:W90) Disease_Perturbations_from_GEO_up/_down 'Cardiomyopathy C0878544 human GSE5406 sample 88'; crowd-extracted GEO signature (Wang 2016 Nat Commun 7:12846); GSE5406 (Hannenhalli 2006 Circulation 114:1269, human LV, ischemic/idiopathic cardiomyopathy vs non-failing); up/down = genes up/down in failing vs non-failing LV"
TIMP4,-1,HF-down,,"Enrichr (Kuleshov 2016 NAR 44:W90) Disease_Perturbations_from_GEO_up/_down 'Cardiomyopathy C0878544 human GSE5406 sample 88'; crowd-extracted GEO signature (Wang 2016 Nat Commun 7:12846); GSE5406 (Hannenhalli 2006 Circulation 114:1269, human LV, ischemic/idiopathic cardiomyopathy vs non-failing); up/down = genes up/down in failing vs non-failing LV"
ANKRD1,-1,HF-down,,"Enrichr (Kuleshov 2016 NAR 44:W90) Disease_Perturbations_from_GEO_up/_down 'Cardiomyopathy C0878544 human GSE5406 sample 88'; crowd-extracted GEO signature (Wang 2016 Nat Commun 7:12846); GSE5406 (Hannenhalli 2006 Circulation 114:1269, human LV, ischemic/idiopathic cardiomyopathy vs non-failing); up/down = genes up/down in failing vs non-failing LV"
TIMP1,-1,HF-down,,"Enrichr (Kuleshov 2016 NAR 44:W90) Disease_Perturbations_from_GEO_up/_down 'Cardiomyopathy C0878544 human GSE5406 sample 88'; crowd-extracted GEO signature (Wang 2016 Nat Commun 7:12846); GSE5406 (Hannenhalli 2006 Circulation 114:1269, human LV, ischemic/idiopathic cardiomyopathy vs non-failing); up/down = genes up/down in failing vs non-failing LV"
NFIL3,-1,HF-down,,"Enrichr (Kuleshov 2016 NAR 44:W90) Disease_Perturbations_from_GEO_up/_down 'Cardiomyopathy C0878544 human GSE5406 sample 88'; crowd-extracted GEO signature (Wang 2016 Nat Commun 7:12846); GSE5406 (Hannenhalli 2006 Circulation 114:1269, human LV, ischemic/idiopathic cardiomyopathy vs non-failing); up/down = genes up/down in failing vs non-failing LV"
LMCD1,-1,HF-down,,"Enrichr (Kuleshov 2016 NAR 44:W90) Disease_Perturbations_from_GEO_up/_down 'Cardiomyopathy C0878544 human GSE5406 sample 88'; crowd-extracted GEO signature (Wang 2016 Nat Commun 7:12846); GSE5406 (Hannenhalli 2006 Circulation 114:1269, human LV, ischemic/idiopathic cardiomyopathy vs non-failing); up/down = genes up/down in failing vs non-failing LV"
SNX7,-1,HF-down,,"Enrichr (Kuleshov 2016 NAR 44:W90) Disease_Perturbations_from_GEO_up/_down 'Cardiomyopathy C0878544 human GSE5406 sample 88'; crowd-extracted GEO signature (Wang 2016 Nat Commun 7:12846); GSE5406 (Hannenhalli 2006 Circulation 114:1269, human LV, ischemic/idiopathic cardiomyopathy vs non-failing); up/down = genes up/down in failing vs non-failing LV"
TEAD4,-1,HF-down,,"Enrichr (Kuleshov 2016 NAR 44:W90) Disease_Perturbations_from_GEO_up/_down 'Cardiomyopathy C0878544 human GSE5406 sample 88'; crowd-extracted GEO signature (Wang 2016 Nat Commun 7:12846); GSE5406 (Hannenhalli 2006 Circulation 114:1269, human LV, ischemic/idiopathic cardiomyopathy vs non-failing); up/down = genes up/down in failing vs non-failing LV"
BRD4,-1,HF-down,,"Enrichr (Kuleshov 2016 NAR 44:W90) Disease_Perturbations_from_GEO_up/_down 'Cardiomyopathy C0878544 human GSE5406 sample 88'; crowd-extracted GEO signature (Wang 2016 Nat Commun 7:12846); GSE5406 (Hannenhalli 2006 Circulation 114:1269, human LV, ischemic/idiopathic cardiomyopathy vs non-failing); up/down = genes up/down in failing vs non-failing LV"
EGLN1,-1,HF-down,,"Enrichr (Kuleshov 2016 NAR 44:W90) Disease_Perturbations_from_GEO_up/_down 'Cardiomyopathy C0878544 human GSE5406 sample 88'; crowd-extracted GEO signature (Wang 2016 Nat Commun 7:12846); GSE5406 (Hannenhalli 2006 Circulation 114:1269, human LV, ischemic/idiopathic cardiomyopathy vs non-failing); up/down = genes up/down in failing vs non-failing LV"
MPP3,-1,HF-down,,"Enrichr (Kuleshov 2016 NAR 44:W90) Disease_Perturbations_from_GEO_up/_down 'Cardiomyopathy C0878544 human GSE5406 sample 88'; crowd-extracted GEO signature (Wang 2016 Nat Commun 7:12846); GSE5406 (Hannenhalli 2006 Circulation 114:1269, human LV, ischemic/idiopathic cardiomyopathy vs non-failing); up/down = genes up/down in failing vs non-failing LV"
NQO2,-1,HF-down,,"Enrichr (Kuleshov 2016 NAR 44:W90) Disease_Perturbations_from_GEO_up/_down 'Cardiomyopathy C0878544 human GSE5406 sample 88'; crowd-extracted GEO signature (Wang 2016 Nat Commun 7:12846); GSE5406 (Hannenhalli 2006 Circulation 114:1269, human LV, ischemic/idiopathic cardiomyopathy vs non-failing); up/down = genes up/down in failing vs non-failing LV"
CDV3,-1,HF-down,,"Enrichr (Kuleshov 2016 NAR 44:W90) Disease_Perturbations_from_GEO_up/_down 'Cardiomyopathy C0878544 human GSE5406 sample 88'; crowd-extracted GEO signature (Wang 2016 Nat Commun 7:12846); GSE5406 (Hannenhalli 2006 Circulation 114:1269, human LV, ischemic/idiopathic cardiomyopathy vs non-failing); up/down = genes up/down in failing vs non-failing LV"
CCT2,-1,HF-down,,"Enrichr (Kuleshov 2016 NAR 44:W90) Disease_Perturbations_from_GEO_up/_down 'Cardiomyopathy C0878544 human GSE5406 sample 88'; crowd-extracted GEO signature (Wang 2016 Nat Commun 7:12846); GSE5406 (Hannenhalli 2006 Circulation 114:1269, human LV, ischemic/idiopathic cardiomyopathy vs non-failing); up/down = genes up/down in failing vs non-failing LV"
MBNL2,-1,HF-down,,"Enrichr (Kuleshov 2016 NAR 44:W90) Disease_Perturbations_from_GEO_up/_down 'Cardiomyopathy C0878544 human GSE5406 sample 88'; crowd-extracted GEO signature (Wang 2016 Nat Commun 7:12846); GSE5406 (Hannenhalli 2006 Circulation 114:1269, human LV, ischemic/idiopathic cardiomyopathy vs non-failing); up/down = genes up/down in failing vs non-failing LV"
SORT1,-1,HF-down,,"Enrichr (Kuleshov 2016 NAR 44:W90) Disease_Perturbations_from_GEO_up/_down 'Cardiomyopathy C0878544 human GSE5406 sample 88'; crowd-extracted GEO signature (Wang 2016 Nat Commun 7:12846); GSE5406 (Hannenhalli 2006 Circulation 114:1269, human LV, ischemic/idiopathic cardiomyopathy vs non-failing); up/down = genes up/down in failing vs non-failing LV"
STAT3,-1,HF-down,,"Enrichr (Kuleshov 2016 NAR 44:W90) Disease_Perturbations_from_GEO_up/_down 'Cardiomyopathy C0878544 human GSE5406 sample 88'; crowd-extracted GEO signature (Wang 2016 Nat Commun 7:12846); GSE5406 (Hannenhalli 2006 Circulation 114:1269, human LV, ischemic/idiopathic cardiomyopathy vs non-failing); up/down = genes up/down in failing vs non-failing LV"
G0S2,-1,HF-down,,"Enrichr (Kuleshov 2016 NAR 44:W90) Disease_Perturbations_from_GEO_up/_down 'Cardiomyopathy C0878544 human GSE5406 sample 88'; crowd-extracted GEO signature (Wang 2016 Nat Commun 7:12846); GSE5406 (Hannenhalli 2006 Circulation 114:1269, human LV, ischemic/idiopathic cardiomyopathy vs non-failing); up/down = genes up/down in failing vs non-failing LV"
AKR1C2,-1,HF-down,,"Enrichr (Kuleshov 2016 NAR 44:W90) Disease_Perturbations_from_GEO_up/_down 'Cardiomyopathy C0878544 human GSE5406 sample 88'; crowd-extracted GEO signature (Wang 2016 Nat Commun 7:12846); GSE5406 (Hannenhalli 2006 Circulation 114:1269, human LV, ischemic/idiopathic cardiomyopathy vs non-failing); up/down = genes up/down in failing vs non-failing LV"
AKR1C1,-1,HF-down,,"Enrichr (Kuleshov 2016 NAR 44:W90) Disease_Perturbations_from_GEO_up/_down 'Cardiomyopathy C0878544 human GSE5406 sample 88'; crowd-extracted GEO signature (Wang 2016 Nat Commun 7:12846); GSE5406 (Hannenhalli 2006 Circulation 114:1269, human LV, ischemic/idiopathic cardiomyopathy vs non-failing); up/down = genes up/down in failing vs non-failing LV"
LAPTM5,-1,HF-down,,"Enrichr (Kuleshov 2016 NAR 44:W90) Disease_Perturbations_from_GEO_up/_down 'Cardiomyopathy C0878544 human GSE5406 sample 88'; crowd-extracted GEO signature (Wang 2016 Nat Commun 7:12846); GSE5406 (Hannenhalli 2006 Circulation 114:1269, human LV, ischemic/idiopathic cardiomyopathy vs non-failing); up/down = genes up/down in failing vs non-failing LV"
ORMDL2,-1,HF-down,,"Enrichr (Kuleshov 2016 NAR 44:W90) Disease_Perturbations_from_GEO_up/_down 'Cardiomyopathy C0878544 human GSE5406 sample 88'; crowd-extracted GEO signature (Wang 2016 Nat Commun 7:12846); GSE5406 (Hannenhalli 2006 Circulation 114:1269, human LV, ischemic/idiopathic cardiomyopathy vs non-failing); up/down = genes up/down in failing vs non-failing LV"
AKR1C3,-1,HF-down,,"Enrichr (Kuleshov 2016 NAR 44:W90) Disease_Perturbations_from_GEO_up/_down 'Cardiomyopathy C0878544 human GSE5406 sample 88'; crowd-extracted GEO signature (Wang 2016 Nat Commun 7:12846); GSE5406 (Hannenhalli 2006 Circulation 114:1269, human LV, ischemic/idiopathic cardiomyopathy vs non-failing); up/down = genes up/down in failing vs non-failing LV"
SLC39A14,-1,HF-down,,"Enrichr (Kuleshov 2016 NAR 44:W90) Disease_Perturbations_from_GEO_up/_down 'Cardiomyopathy C0878544 human GSE5406 sample 88'; crowd-extracted GEO signature (Wang 2016 Nat Commun 7:12846); GSE5406 (Hannenhalli 2006 Circulation 114:1269, human LV, ischemic/idiopathic cardiomyopathy vs non-failing); up/down = genes up/down in failing vs non-failing LV"
GNMT,-1,HF-down,,"Enrichr (Kuleshov 2016 NAR 44:W90) Disease_Perturbations_from_GEO_up/_down 'Cardiomyopathy C0878544 human GSE5406 sample 88'; crowd-extracted GEO signature (Wang 2016 Nat Commun 7:12846); GSE5406 (Hannenhalli 2006 Circulation 114:1269, human LV, ischemic/idiopathic cardiomyopathy vs non-failing); up/down = genes up/down in failing vs non-failing LV"
TPST2,-1,HF-down,,"Enrichr (Kuleshov 2016 NAR 44:W90) Disease_Perturbations_from_GEO_up/_down 'Cardiomyopathy C0878544 human GSE5406 sample 88'; crowd-extracted GEO signature (Wang 2016 Nat Commun 7:12846); GSE5406 (Hannenhalli 2006 Circulation 114:1269, human LV, ischemic/idiopathic cardiomyopathy vs non-failing); up/down = genes up/down in failing vs non-failing LV"
CLIP1,-1,HF-down,,"Enrichr (Kuleshov 2016 NAR 44:W90) Disease_Perturbations_from_GEO_up/_down 'Cardiomyopathy C0878544 human GSE5406 sample 88'; crowd-extracted GEO signature (Wang 2016 Nat Commun 7:12846); GSE5406 (Hannenhalli 2006 Circulation 114:1269, human LV, ischemic/idiopathic cardiomyopathy vs non-failing); up/down = genes up/down in failing vs non-failing LV"
PLEKHO1,-1,HF-down,,"Enrichr (Kuleshov 2016 NAR 44:W90) Disease_Perturbations_from_GEO_up/_down 'Cardiomyopathy C0878544 human GSE5406 sample 88'; crowd-extracted GEO signature (Wang 2016 Nat Commun 7:12846); GSE5406 (Hannenhalli 2006 Circulation 114:1269, human LV, ischemic/idiopathic cardiomyopathy vs non-failing); up/down = genes up/down in failing vs non-failing LV"
PLP2,-1,HF-down,,"Enrichr (Kuleshov 2016 NAR 44:W90) Disease_Perturbations_from_GEO_up/_down 'Cardiomyopathy C0878544 human GSE5406 sample 88'; crowd-extracted GEO signature (Wang 2016 Nat Commun 7:12846); GSE5406 (Hannenhalli 2006 Circulation 114:1269, human LV, ischemic/idiopathic cardiomyopathy vs non-failing); up/down = genes up/down in failing vs non-failing LV"
SAA2,-1,HF-down,,"Enrichr (Kuleshov 2016 NAR 44:W90) Disease_Perturbations_from_GEO_up/_down 'Cardiomyopathy C0878544 human GSE5406 sample 88'; crowd-extracted GEO signature (Wang 2016 Nat Commun 7:12846); GSE5406 (Hannenhalli 2006 Circulation 114:1269, human LV, ischemic/idiopathic cardiomyopathy vs non-failing); up/down = genes up/down in failing vs non-failing LV"
RAB9A,-1,HF-down,,"Enrichr (Kuleshov 2016 NAR 44:W90) Disease_Perturbations_from_GEO_up/_down 'Cardiomyopathy C0878544 human GSE5406 sample 88'; crowd-extracted GEO signature (Wang 2016 Nat Commun 7:12846); GSE5406 (Hannenhalli 2006 Circulation 114:1269, human LV, ischemic/idiopathic cardiomyopathy vs non-failing); up/down = genes up/down in failing vs non-failing LV"
PLIN2,-1,HF-down,,"Enrichr (Kuleshov 2016 NAR 44:W90) Disease_Perturbations_from_GEO_up/_down 'Cardiomyopathy C0878544 human GSE5406 sample 88'; crowd-extracted GEO signature (Wang 2016 Nat Commun 7:12846); GSE5406 (Hannenhalli 2006 Circulation 114:1269, human LV, ischemic/idiopathic cardiomyopathy vs non-failing); up/down = genes up/down in failing vs non-failing LV"
RAMP1,-1,HF-down,,"Enrichr (Kuleshov 2016 NAR 44:W90) Disease_Perturbations_from_GEO_up/_down 'Cardiomyopathy C0878544 human GSE5406 sample 88'; crowd-extracted GEO signature (Wang 2016 Nat Commun 7:12846); GSE5406 (Hannenhalli 2006 Circulation 114:1269, human LV, ischemic/idiopathic cardiomyopathy vs non-failing); up/down = genes up/down in failing vs non-failing LV"
CLDND1,-1,HF-down,,"Enrichr (Kuleshov 2016 NAR 44:W90) Disease_Perturbations_from_GEO_up/_down 'Cardiomyopathy C0878544 human GSE5406 sample 88'; crowd-extracted GEO signature (Wang 2016 Nat Commun 7:12846); GSE5406 (Hannenhalli 2006 Circulation 114:1269, human LV, ischemic/idiopathic cardiomyopathy vs non-failing); up/down = genes up/down in failing vs non-failing LV"
RAD1,-1,HF-down,,"Enrichr (Kuleshov 2016 NAR 44:W90) Disease_Perturbations_from_GEO_up/_down 'Cardiomyopathy C0878544 human GSE5406 sample 88'; crowd-extracted GEO signature (Wang 2016 Nat Commun 7:12846); GSE5406 (Hannenhalli 2006 Circulation 114:1269, human LV, ischemic/idiopathic cardiomyopathy vs non-failing); up/down = genes up/down in failing vs non-failing LV"
SRPX,-1,HF-down,,"Enrichr (Kuleshov 2016 NAR 44:W90) Disease_Perturbations_from_GEO_up/_down 'Cardiomyopathy C0878544 human GSE5406 sample 88'; crowd-extracted GEO signature (Wang 2016 Nat Commun 7:12846); GSE5406 (Hannenhalli 2006 Circulation 114:1269, human LV, ischemic/idiopathic cardiomyopathy vs non-failing); up/down = genes up/down in failing vs non-failing LV"
POPDC3,-1,HF-down,,"Enrichr (Kuleshov 2016 NAR 44:W90) Disease_Perturbations_from_GEO_up/_down 'Cardiomyopathy C0878544 human GSE5406 sample 88'; crowd-extracted GEO signature (Wang 2016 Nat Commun 7:12846); GSE5406 (Hannenhalli 2006 Circulation 114:1269, human LV, ischemic/idiopathic cardiomyopathy vs non-failing); up/down = genes up/down in failing vs non-failing LV"
LAD1,-1,HF-down,,"Enrichr (Kuleshov 2016 NAR 44:W90) Disease_Perturbations_from_GEO_up/_down 'Cardiomyopathy C0878544 human GSE5406 sample 88'; crowd-extracted GEO signature (Wang 2016 Nat Commun 7:12846); GSE5406 (Hannenhalli 2006 Circulation 114:1269, human LV, ischemic/idiopathic cardiomyopathy vs non-failing); up/down = genes up/down in failing vs non-failing LV"
CDKN1A,-1,HF-down,,"Enrichr (Kuleshov 2016 NAR 44:W90) Disease_Perturbations_from_GEO_up/_down 'Cardiomyopathy C0878544 human GSE5406 sample 88'; crowd-extracted GEO signature (Wang 2016 Nat Commun 7:12846); GSE5406 (Hannenhalli 2006 Circulation 114:1269, human LV, ischemic/idiopathic cardiomyopathy vs non-failing); up/down = genes up/down in failing vs non-failing LV"
DERL1,-1,HF-down,,"Enrichr (Kuleshov 2016 NAR 44:W90) Disease_Perturbations_from_GEO_up/_down 'Cardiomyopathy C0878544 human GSE5406 sample 88'; crowd-extracted GEO signature (Wang 2016 Nat Commun 7:12846); GSE5406 (Hannenhalli 2006 Circulation 114:1269, human LV, ischemic/idiopathic cardiomyopathy vs non-failing); up/down = genes up/down in failing vs non-failing LV"
NUDT4,-1,HF-down,,"Enrichr (Kuleshov 2016 NAR 44:W90) Disease_Perturbations_from_GEO_up/_down 'Cardiomyopathy C0878544 human GSE5406 sample 88'; crowd-extracted GEO signature (Wang 2016 Nat Commun 7:12846); GSE5406 (Hannenhalli 2006 Circulation 114:1269, human LV, ischemic/idiopathic cardiomyopathy vs non-failing); up/down = genes up/down in failing vs non-failing LV"
PTS,-1,HF-down,,"Enrichr (Kuleshov 2016 NAR 44:W90) Disease_Perturbations_from_GEO_up/_down 'Cardiomyopathy C0878544 human GSE5406 sample 88'; crowd-extracted GEO signature (Wang 2016 Nat Commun 7:12846); GSE5406 (Hannenhalli 2006 Circulation 114:1269, human LV, ischemic/idiopathic cardiomyopathy vs non-failing); up/down = genes up/down in failing vs non-failing LV"
GRAMD3,-1,HF-down,,"Enrichr (Kuleshov 2016 NAR 44:W90) Disease_Perturbations_from_GEO_up/_down 'Cardiomyopathy C0878544 human GSE5406 sample 88'; crowd-extracted GEO signature (Wang 2016 Nat Commun 7:12846); GSE5406 (Hannenhalli 2006 Circulation 114:1269, human LV, ischemic/idiopathic cardiomyopathy vs non-failing); up/down = genes up/down in failing vs non-failing LV"
CXORF40A,-1,HF-down,,"Enrichr (Kuleshov 2016 NAR 44:W90) Disease_Perturbations_from_GEO_up/_down 'Cardiomyopathy C0878544 human GSE5406 sample 88'; crowd-extracted GEO signature (Wang 2016 Nat Commun 7:12846); GSE5406 (Hannenhalli 2006 Circulation 114:1269, human LV, ischemic/idiopathic cardiomyopathy vs non-failing); up/down = genes up/down in failing vs non-failing LV"
FADS3,-1,HF-down,,"Enrichr (Kuleshov 2016 NAR 44:W90) Disease_Perturbations_from_GEO_up/_down 'Cardiomyopathy C0878544 human GSE5406 sample 88'; crowd-extracted GEO signature (Wang 2016 Nat Commun 7:12846); GSE5406 (Hannenhalli 2006 Circulation 114:1269, human LV, ischemic/idiopathic cardiomyopathy vs non-failing); up/down = genes up/down in failing vs non-failing LV"
NAMPT,-1,HF-down,,"Enrichr (Kuleshov 2016 NAR 44:W90) Disease_Perturbations_from_GEO_up/_down 'Cardiomyopathy C0878544 human GSE5406 sample 88'; crowd-extracted GEO signature (Wang 2016 Nat Commun 7:12846); GSE5406 (Hannenhalli 2006 Circulation 114:1269, human LV, ischemic/idiopathic cardiomyopathy vs non-failing); up/down = genes up/down in failing vs non-failing LV"
HYAL2,-1,HF-down,,"Enrichr (Kuleshov 2016 NAR 44:W90) Disease_Perturbations_from_GEO_up/_down 'Cardiomyopathy C0878544 human GSE5406 sample 88'; crowd-extracted GEO signature (Wang 2016 Nat Commun 7:12846); GSE5406 (Hannenhalli 2006 Circulation 114:1269, human LV, ischemic/idiopathic cardiomyopathy vs non-failing); up/down = genes up/down in failing vs non-failing LV"
CHN2,-1,HF-down,,"Enrichr (Kuleshov 2016 NAR 44:W90) Disease_Perturbations_from_GEO_up/_down 'Cardiomyopathy C0878544 human GSE5406 sample 88'; crowd-extracted GEO signature (Wang 2016 Nat Commun 7:12846); GSE5406 (Hannenhalli 2006 Circulation 114:1269, human LV, ischemic/idiopathic cardiomyopathy vs non-failing); up/down = genes up/down in failing vs non-failing LV"
TMEM38B,-1,HF-down,,"Enrichr (Kuleshov 2016 NAR 44:W90) Disease_Perturbations_from_GEO_up/_down 'Cardiomyopathy C0878544 human GSE5406 sample 88'; crowd-extracted GEO signature (Wang 2016 Nat Commun 7:12846); GSE5406 (Hannenhalli 2006 Circulation 114:1269, human LV, ischemic/idiopathic cardiomyopathy vs non-failing); up/down = genes up/down in failing vs non-failing LV"
CD59,-1,HF-down,,"Enrichr (Kuleshov 2016 NAR 44:W90) Disease_Perturbations_from_GEO_up/_down 'Cardiomyopathy C0878544 human GSE5406 sample 88'; crowd-extracted GEO signature (Wang 2016 Nat Commun 7:12846); GSE5406 (Hannenhalli 2006 Circulation 114:1269, human LV, ischemic/idiopathic cardiomyopathy vs non-failing); up/down = genes up/down in failing vs non-failing LV"
RARRES1,-1,HF-down,,"Enrichr (Kuleshov 2016 NAR 44:W90) Disease_Perturbations_from_GEO_up/_down 'Cardiomyopathy C0878544 human GSE5406 sample 88'; crowd-extracted GEO signature (Wang 2016 Nat Commun 7:12846); GSE5406 (Hannenhalli 2006 Circulation 114:1269, human LV, ischemic/idiopathic cardiomyopathy vs non-failing); up/down = genes up/down in failing vs non-failing LV"
CD163,-1,HF-down,,"Enrichr (Kuleshov 2016 NAR 44:W90) Disease_Perturbations_from_GEO_up/_down 'Cardiomyopathy C0878544 human GSE5406 sample 88'; crowd-extracted GEO signature (Wang 2016 Nat Commun 7:12846); GSE5406 (Hannenhalli 2006 Circulation 114:1269, human LV, ischemic/idiopathic cardiomyopathy vs non-failing); up/down = genes up/down in failing vs non-failing LV"
EIF1AX,-1,HF-down,,"Enrichr (Kuleshov 2016 NAR 44:W90) Disease_Perturbations_from_GEO_up/_down 'Cardiomyopathy C0878544 human GSE5406 sample 88'; crowd-extracted GEO signature (Wang 2016 Nat Commun 7:12846); GSE5406 (Hannenhalli 2006 Circulation 114:1269, human LV, ischemic/idiopathic cardiomyopathy vs non-failing); up/down = genes up/down in failing vs non-failing LV"
ATP1B3,-1,HF-down,,"Enrichr (Kuleshov 2016 NAR 44:W90) Disease_Perturbations_from_GEO_up/_down 'Cardiomyopathy C0878544 human GSE5406 sample 88'; crowd-extracted GEO signature (Wang 2016 Nat Commun 7:12846); GSE5406 (Hannenhalli 2006 Circulation 114:1269, human LV, ischemic/idiopathic cardiomyopathy vs non-failing); up/down = genes up/down in failing vs non-failing LV"
CRIM1,-1,HF-down,,"Enrichr (Kuleshov 2016 NAR 44:W90) Disease_Perturbations_from_GEO_up/_down 'Cardiomyopathy C0878544 human GSE5406 sample 88'; crowd-extracted GEO signature (Wang 2016 Nat Commun 7:12846); GSE5406 (Hannenhalli 2006 Circulation 114:1269, human LV, ischemic/idiopathic cardiomyopathy vs non-failing); up/down = genes up/down in failing vs non-failing LV"
ATP1B1,-1,HF-down,,"Enrichr (Kuleshov 2016 NAR 44:W90) Disease_Perturbations_from_GEO_up/_down 'Cardiomyopathy C0878544 human GSE5406 sample 88'; crowd-extracted GEO signature (Wang 2016 Nat Commun 7:12846); GSE5406 (Hannenhalli 2006 Circulation 114:1269, human LV, ischemic/idiopathic cardiomyopathy vs non-failing); up/down = genes up/down in failing vs non-failing LV"
TUBA4A,-1,HF-down,,"Enrichr (Kuleshov 2016 NAR 44:W90) Disease_Perturbations_from_GEO_up/_down 'Cardiomyopathy C0878544 human GSE5406 sample 88'; crowd-extracted GEO signature (Wang 2016 Nat Commun 7:12846); GSE5406 (Hannenhalli 2006 Circulation 114:1269, human LV, ischemic/idiopathic cardiomyopathy vs non-failing); up/down = genes up/down in failing vs non-failing LV"
KLHL21,-1,HF-down,,"Enrichr (Kuleshov 2016 NAR 44:W90) Disease_Perturbations_from_GEO_up/_down 'Cardiomyopathy C0878544 human GSE5406 sample 88'; crowd-extracted GEO signature (Wang 2016 Nat Commun 7:12846); GSE5406 (Hannenhalli 2006 Circulation 114:1269, human LV, ischemic/idiopathic cardiomyopathy vs non-failing); up/down = genes up/down in failing vs non-failing LV"
EMCN,-1,HF-down,,"Enrichr (Kuleshov 2016 NAR 44:W90) Disease_Perturbations_from_GEO_up/_down 'Cardiomyopathy C0878544 human GSE5406 sample 88'; crowd-extracted GEO signature (Wang 2016 Nat Commun 7:12846); GSE5406 (Hannenhalli 2006 Circulation 114:1269, human LV, ischemic/idiopathic cardiomyopathy vs non-failing); up/down = genes up/down in failing vs non-failing LV"
UBE2S,-1,HF-down,,"Enrichr (Kuleshov 2016 NAR 44:W90) Disease_Perturbations_from_GEO_up/_down 'Cardiomyopathy C0878544 human GSE5406 sample 88'; crowd-extracted GEO signature (Wang 2016 Nat Commun 7:12846); GSE5406 (Hannenhalli 2006 Circulation 114:1269, human LV, ischemic/idiopathic cardiomyopathy vs non-failing); up/down = genes up/down in failing vs non-failing LV"
BAMBI,-1,HF-down,,"Enrichr (Kuleshov 2016 NAR 44:W90) Disease_Perturbations_from_GEO_up/_down 'Cardiomyopathy C0878544 human GSE5406 sample 88'; crowd-extracted GEO signature (Wang 2016 Nat Commun 7:12846); GSE5406 (Hannenhalli 2006 Circulation 114:1269, human LV, ischemic/idiopathic cardiomyopathy vs non-failing); up/down = genes up/down in failing vs non-failing LV"
POLE3,-1,HF-down,,"Enrichr (Kuleshov 2016 NAR 44:W90) Disease_Perturbations_from_GEO_up/_down 'Cardiomyopathy C0878544 human GSE5406 sample 88'; crowd-extracted GEO signature (Wang 2016 Nat Commun 7:12846); GSE5406 (Hannenhalli 2006 Circulation 114:1269, human LV, ischemic/idiopathic cardiomyopathy vs non-failing); up/down = genes up/down in failing vs non-failing LV"
SLCO2A1,-1,HF-down,,"Enrichr (Kuleshov 2016 NAR 44:W90) Disease_Perturbations_from_GEO_up/_down 'Cardiomyopathy C0878544 human GSE5406 sample 88'; crowd-extracted GEO signature (Wang 2016 Nat Commun 7:12846); GSE5406 (Hannenhalli 2006 Circulation 114:1269, human LV, ischemic/idiopathic cardiomyopathy vs non-failing); up/down = genes up/down in failing vs non-failing LV"
EHBP1L1,-1,HF-down,,"Enrichr (Kuleshov 2016 NAR 44:W90) Disease_Perturbations_from_GEO_up/_down 'Cardiomyopathy C0878544 human GSE5406 sample 88'; crowd-extracted GEO signature (Wang 2016 Nat Commun 7:12846); GSE5406 (Hannenhalli 2006 Circulation 114:1269, human LV, ischemic/idiopathic cardiomyopathy vs non-failing); up/down = genes up/down in failing vs non-failing LV"
XIST,-1,HF-down,,"Enrichr (Kuleshov 2016 NAR 44:W90) Disease_Perturbations_from_GEO_up/_down 'Cardiomyopathy C0878544 human GSE5406 sample 88'; crowd-extracted GEO signature (Wang 2016 Nat Commun 7:12846); GSE5406 (Hannenhalli 2006 Circulation 114:1269, human LV, ischemic/idiopathic cardiomyopathy vs non-failing); up/down = genes up/down in failing vs non-failing LV"
CDK2AP2,-1,HF-down,,"Enrichr (Kuleshov 2016 NAR 44:W90) Disease_Perturbations_from_GEO_up/_down 'Cardiomyopathy C0878544 human GSE5406 sample 88'; crowd-extracted GEO signature (Wang 2016 Nat Commun 7:12846); GSE5406 (Hannenhalli 2006 Circulation 114:1269, human LV, ischemic/idiopathic cardiomyopathy vs non-failing); up/down = genes up/down in failing vs non-failing LV"
FKBP5,-1,HF-down,,"Enrichr (Kuleshov 2016 NAR 44:W90) Disease_Perturbations_from_GEO_up/_down 'Cardiomyopathy C0878544 human GSE5406 sample 88'; crowd-extracted GEO signature (Wang 2016 Nat Commun 7:12846); GSE5406 (Hannenhalli 2006 Circulation 114:1269, human LV, ischemic/idiopathic cardiomyopathy vs non-failing); up/down = genes up/down in failing vs non-failing LV"
STEAP3,-1,HF-down,,"Enrichr (Kuleshov 2016 NAR 44:W90) Disease_Perturbations_from_GEO_up/_down 'Cardiomyopathy C0878544 human GSE5406 sample 88'; crowd-extracted GEO signature (Wang 2016 Nat Commun 7:12846); GSE5406 (Hannenhalli 2006 Circulation 114:1269, human LV, ischemic/idiopathic cardiomyopathy vs non-failing); up/down = genes up/down in failing vs non-failing LV"
FKBP4,-1,HF-down,,"Enrichr (Kuleshov 2016 NAR 44:W90) Disease_Perturbations_from_GEO_up/_down 'Cardiomyopathy C0878544 human GSE5406 sample 88'; crowd-extracted GEO signature (Wang 2016 Nat Commun 7:12846); GSE5406 (Hannenhalli 2006 Circulation 114:1269, human LV, ischemic/idiopathic cardiomyopathy vs non-failing); up/down = genes up/down in failing vs non-failing LV"
SNRPB,-1,HF-down,,"Enrichr (Kuleshov 2016 NAR 44:W90) Disease_Perturbations_from_GEO_up/_down 'Cardiomyopathy C0878544 human GSE5406 sample 88'; crowd-extracted GEO signature (Wang 2016 Nat Commun 7:12846); GSE5406 (Hannenhalli 2006 Circulation 114:1269, human LV, ischemic/idiopathic cardiomyopathy vs non-failing); up/down = genes up/down in failing vs non-failing LV"
S100A9,-1,HF-down,,"Enrichr (Kuleshov 2016 NAR 44:W90) Disease_Perturbations_from_GEO_up/_down 'Cardiomyopathy C0878544 human GSE5406 sample 88'; crowd-extracted GEO signature (Wang 2016 Nat Commun 7:12846); GSE5406 (Hannenhalli 2006 Circulation 114:1269, human LV, ischemic/idiopathic cardiomyopathy vs non-failing); up/down = genes up/down in failing vs non-failing LV"
S100A8,-1,HF-down,,"Enrichr (Kuleshov 2016 NAR 44:W90) Disease_Perturbations_from_GEO_up/_down 'Cardiomyopathy C0878544 human GSE5406 sample 88'; crowd-extracted GEO signature (Wang 2016 Nat Commun 7:12846); GSE5406 (Hannenhalli 2006 Circulation 114:1269, human LV, ischemic/idiopathic cardiomyopathy vs non-failing); up/down = genes up/down in failing vs non-failing LV"
POGLUT1,-1,HF-down,,"Enrichr (Kuleshov 2016 NAR 44:W90) Disease_Perturbations_from_GEO_up/_down 'Cardiomyopathy C0878544 human GSE5406 sample 88'; crowd-extracted GEO signature (Wang 2016 Nat Commun 7:12846); GSE5406 (Hannenhalli 2006 Circulation 114:1269, human LV, ischemic/idiopathic cardiomyopathy vs non-failing); up/down = genes up/down in failing vs non-failing LV"
NDRG4,-1,HF-down,,"Enrichr (Kuleshov 2016 NAR 44:W90) Disease_Perturbations_from_GEO_up/_down 'Cardiomyopathy C0878544 human GSE5406 sample 88'; crowd-extracted GEO signature (Wang 2016 Nat Commun 7:12846); GSE5406 (Hannenhalli 2006 Circulation 114:1269, human LV, ischemic/idiopathic cardiomyopathy vs non-failing); up/down = genes up/down in failing vs non-failing LV"
ACSS3,-1,HF-down,,"Enrichr (Kuleshov 2016 NAR 44:W90) Disease_Perturbations_from_GEO_up/_down 'Cardiomyopathy C0878544 human GSE5406 sample 88'; crowd-extracted GEO signature (Wang 2016 Nat Commun 7:12846); GSE5406 (Hannenhalli 2006 Circulation 114:1269, human LV, ischemic/idiopathic cardiomyopathy vs non-failing); up/down = genes up/down in failing vs non-failing LV"
SEPW1,-1,HF-down,,"Enrichr (Kuleshov 2016 NAR 44:W90) Disease_Perturbations_from_GEO_up/_down 'Cardiomyopathy C0878544 human GSE5406 sample 88'; crowd-extracted GEO signature (Wang 2016 Nat Commun 7:12846); GSE5406 (Hannenhalli 2006 Circulation 114:1269, human LV, ischemic/idiopathic cardiomyopathy vs non-failing); up/down = genes up/down in failing vs non-failing LV"
SLC1A3,-1,HF-down,,"Enrichr (Kuleshov 2016 NAR 44:W90) Disease_Perturbations_from_GEO_up/_down 'Cardiomyopathy C0878544 human GSE5406 sample 88'; crowd-extracted GEO signature (Wang 2016 Nat Commun 7:12846); GSE5406 (Hannenhalli 2006 Circulation 114:1269, human LV, ischemic/idiopathic cardiomyopathy vs non-failing); up/down = genes up/down in failing vs non-failing LV"
CLU,-1,HF-down,,"Enrichr (Kuleshov 2016 NAR 44:W90) Disease_Perturbations_from_GEO_up/_down 'Cardiomyopathy C0878544 human GSE5406 sample 88'; crowd-extracted GEO signature (Wang 2016 Nat Commun 7:12846); GSE5406 (Hannenhalli 2006 Circulation 114:1269, human LV, ischemic/idiopathic cardiomyopathy vs non-failing); up/down = genes up/down in failing vs non-failing LV"
ATP1A2,-1,HF-down,,"Enrichr (Kuleshov 2016 NAR 44:W90) Disease_Perturbations_from_GEO_up/_down 'Cardiomyopathy C0878544 human GSE5406 sample 88'; crowd-extracted GEO signature (Wang 2016 Nat Commun 7:12846); GSE5406 (Hannenhalli 2006 Circulation 114:1269, human LV, ischemic/idiopathic cardiomyopathy vs non-failing); up/down = genes up/down in failing vs non-failing LV"
ATP1A1,-1,HF-down,,"Enrichr (Kuleshov 2016 NAR 44:W90) Disease_Perturbations_from_GEO_up/_down 'Cardiomyopathy C0878544 human GSE5406 sample 88'; crowd-extracted GEO signature (Wang 2016 Nat Commun 7:12846); GSE5406 (Hannenhalli 2006 Circulation 114:1269, human LV, ischemic/idiopathic cardiomyopathy vs non-failing); up/down = genes up/down in failing vs non-failing LV"
TUBA3C,-1,HF-down,,"Enrichr (Kuleshov 2016 NAR 44:W90) Disease_Perturbations_from_GEO_up/_down 'Cardiomyopathy C0878544 human GSE5406 sample 88'; crowd-extracted GEO signature (Wang 2016 Nat Commun 7:12846); GSE5406 (Hannenhalli 2006 Circulation 114:1269, human LV, ischemic/idiopathic cardiomyopathy vs non-failing); up/down = genes up/down in failing vs non-failing LV"
TUBA3D,-1,HF-down,,"Enrichr (Kuleshov 2016 NAR 44:W90) Disease_Perturbations_from_GEO_up/_down 'Cardiomyopathy C0878544 human GSE5406 sample 88'; crowd-extracted GEO signature (Wang 2016 Nat Commun 7:12846); GSE5406 (Hannenhalli 2006 Circulation 114:1269, human LV, ischemic/idiopathic cardiomyopathy vs non-failing); up/down = genes up/down in failing vs non-failing LV"
TMEM127,-1,HF-down,,"Enrichr (Kuleshov 2016 NAR 44:W90) Disease_Perturbations_from_GEO_up/_down 'Cardiomyopathy C0878544 human GSE5406 sample 88'; crowd-extracted GEO signature (Wang 2016 Nat Commun 7:12846); GSE5406 (Hannenhalli 2006 Circulation 114:1269, human LV, ischemic/idiopathic cardiomyopathy vs non-failing); up/down = genes up/down in failing vs non-failing LV"
NRAP,-1,HF-down,,"Enrichr (Kuleshov 2016 NAR 44:W90) Disease_Perturbations_from_GEO_up/_down 'Cardiomyopathy C0878544 human GSE5406 sample 88'; crowd-extracted GEO signature (Wang 2016 Nat Commun 7:12846); GSE5406 (Hannenhalli 2006 Circulation 114:1269, human LV, ischemic/idiopathic cardiomyopathy vs non-failing); up/down = genes up/down in failing vs non-failing LV"
NACC2,-1,HF-down,,"Enrichr (Kuleshov 2016 NAR 44:W90) Disease_Perturbations_from_GEO_up/_down 'Cardiomyopathy C0878544 human GSE5406 sample 88'; crowd-extracted GEO signature (Wang 2016 Nat Commun 7:12846); GSE5406 (Hannenhalli 2006 Circulation 114:1269, human LV, ischemic/idiopathic cardiomyopathy vs non-failing); up/down = genes up/down in failing vs non-failing LV"
FLNC,-1,HF-down,,"Enrichr (Kuleshov 2016 NAR 44:W90) Disease_Perturbations_from_GEO_up/_down 'Cardiomyopathy C0878544 human GSE5406 sample 88'; crowd-extracted GEO signature (Wang 2016 Nat Commun 7:12846); GSE5406 (Hannenhalli 2006 Circulation 114:1269, human LV, ischemic/idiopathic cardiomyopathy vs non-failing); up/down = genes up/down in failing vs non-failing LV"
EMC6,-1,HF-down,,"Enrichr (Kuleshov 2016 NAR 44:W90) Disease_Perturbations_from_GEO_up/_down 'Cardiomyopathy C0878544 human GSE5406 sample 88'; crowd-extracted GEO signature (Wang 2016 Nat Commun 7:12846); GSE5406 (Hannenhalli 2006 Circulation 114:1269, human LV, ischemic/idiopathic cardiomyopathy vs non-failing); up/down = genes up/down in failing vs non-failing LV"
NPTX2,-1,HF-down,,"Enrichr (Kuleshov 2016 NAR 44:W90) Disease_Perturbations_from_GEO_up/_down 'Cardiomyopathy C0878544 human GSE5406 sample 88'; crowd-extracted GEO signature (Wang 2016 Nat Commun 7:12846); GSE5406 (Hannenhalli 2006 Circulation 114:1269, human LV, ischemic/idiopathic cardiomyopathy vs non-failing); up/down = genes up/down in failing vs non-failing LV"
PCNT,-1,HF-down,,"Enrichr (Kuleshov 2016 NAR 44:W90) Disease_Perturbations_from_GEO_up/_down 'Cardiomyopathy C0878544 human GSE5406 sample 88'; crowd-extracted GEO signature (Wang 2016 Nat Commun 7:12846); GSE5406 (Hannenhalli 2006 Circulation 114:1269, human LV, ischemic/idiopathic cardiomyopathy vs non-failing); up/down = genes up/down in failing vs non-failing LV"
MAP3K6,-1,HF-down,,"Enrichr (Kuleshov 2016 NAR 44:W90) Disease_Perturbations_from_GEO_up/_down 'Cardiomyopathy C0878544 human GSE5406 sample 88'; crowd-extracted GEO signature (Wang 2016 Nat Commun 7:12846); GSE5406 (Hannenhalli 2006 Circulation 114:1269, human LV, ischemic/idiopathic cardiomyopathy vs non-failing); up/down = genes up/down in failing vs non-failing LV"
KPNA2,-1,HF-down,,"Enrichr (Kuleshov 2016 NAR 44:W90) Disease_Perturbations_from_GEO_up/_down 'Cardiomyopathy C0878544 human GSE5406 sample 88'; crowd-extracted GEO signature (Wang 2016 Nat Commun 7:12846); GSE5406 (Hannenhalli 2006 Circulation 114:1269, human LV, ischemic/idiopathic cardiomyopathy vs non-failing); up/down = genes up/down in failing vs non-failing LV"
OPN3,-1,HF-down,,"Enrichr (Kuleshov 2016 NAR 44:W90) Disease_Perturbations_from_GEO_up/_down 'Cardiomyopathy C0878544 human GSE5406 sample 88'; crowd-extracted GEO signature (Wang 2016 Nat Commun 7:12846); GSE5406 (Hannenhalli 2006 Circulation 114:1269, human LV, ischemic/idiopathic cardiomyopathy vs non-failing); up/down = genes up/down in failing vs non-failing LV"
CADPS2,-1,HF-down,,"Enrichr (Kuleshov 2016 NAR 44:W90) Disease_Perturbations_from_GEO_up/_down 'Cardiomyopathy C0878544 human GSE5406 sample 88'; crowd-extracted GEO signature (Wang 2016 Nat Commun 7:12846); GSE5406 (Hannenhalli 2006 Circulation 114:1269, human LV, ischemic/idiopathic cardiomyopathy vs non-failing); up/down = genes up/down in failing vs non-failing LV"
YARS,-1,HF-down,,"Enrichr (Kuleshov 2016 NAR 44:W90) Disease_Perturbations_from_GEO_up/_down 'Cardiomyopathy C0878544 human GSE5406 sample 88'; crowd-extracted GEO signature (Wang 2016 Nat Commun 7:12846); GSE5406 (Hannenhalli 2006 Circulation 114:1269, human LV, ischemic/idiopathic cardiomyopathy vs non-failing); up/down = genes up/down in failing vs non-failing LV"
SLC38A2,-1,HF-down,,"Enrichr (Kuleshov 2016 NAR 44:W90) Disease_Perturbations_from_GEO_up/_down 'Cardiomyopathy C0878544 human GSE5406 sample 88'; crowd-extracted GEO signature (Wang 2016 Nat Commun 7:12846); GSE5406 (Hannenhalli 2006 Circulation 114:1269, human LV, ischemic/idiopathic cardiomyopathy vs non-failing); up/down = genes up/down in failing vs non-failing LV"
CERS6,-1,HF-down,,"Enrichr (Kuleshov 2016 NAR 44:W90) Disease_Perturbations_from_GEO_up/_down 'Cardiomyopathy C0878544 human GSE5406 sample 88'; crowd-extracted GEO signature (Wang 2016 Nat Commun 7:12846); GSE5406 (Hannenhalli 2006 Circulation 114:1269, human LV, ischemic/idiopathic cardiomyopathy vs non-failing); up/down = genes up/down in failing vs non-failing LV"
MAP2K1,-1,HF-down,,"Enrichr (Kuleshov 2016 NAR 44:W90) Disease_Perturbations_from_GEO_up/_down 'Cardiomyopathy C0878544 human GSE5406 sample 88'; crowd-extracted GEO signature (Wang 2016 Nat Commun 7:12846); GSE5406 (Hannenhalli 2006 Circulation 114:1269, human LV, ischemic/idiopathic cardiomyopathy vs non-failing); up/down = genes up/down in failing vs non-failing LV"
VEZF1,-1,HF-down,,"Enrichr (Kuleshov 2016 NAR 44:W90) Disease_Perturbations_from_GEO_up/_down 'Cardiomyopathy C0878544 human GSE5406 sample 88'; crowd-extracted GEO signature (Wang 2016 Nat Commun 7:12846); GSE5406 (Hannenhalli 2006 Circulation 114:1269, human LV, ischemic/idiopathic cardiomyopathy vs non-failing); up/down = genes up/down in failing vs non-failing LV"
DNAJC15,-1,HF-down,,"Enrichr (Kuleshov 2016 NAR 44:W90) Disease_Perturbations_from_GEO_up/_down 'Cardiomyopathy C0878544 human GSE5406 sample 88'; crowd-extracted GEO signature (Wang 2016 Nat Commun 7:12846); GSE5406 (Hannenhalli 2006 Circulation 114:1269, human LV, ischemic/idiopathic cardiomyopathy vs non-failing); up/down = genes up/down in failing vs non-failing LV"
MFHAS1,-1,HF-down,,"Enrichr (Kuleshov 2016 NAR 44:W90) Disease_Perturbations_from_GEO_up/_down 'Cardiomyopathy C0878544 human GSE5406 sample 88'; crowd-extracted GEO signature (Wang 2016 Nat Commun 7:12846); GSE5406 (Hannenhalli 2006 Circulation 114:1269, human LV, ischemic/idiopathic cardiomyopathy vs non-failing); up/down = genes up/down in failing vs non-failing LV"
GEM,-1,HF-down,,"Enrichr (Kuleshov 2016 NAR 44:W90) Disease_Perturbations_from_GEO_up/_down 'Cardiomyopathy C0878544 human GSE5406 sample 88'; crowd-extracted GEO signature (Wang 2016 Nat Commun 7:12846); GSE5406 (Hannenhalli 2006 Circulation 114:1269, human LV, ischemic/idiopathic cardiomyopathy vs non-failing); up/down = genes up/down in failing vs non-failing LV"
HOPX,-1,HF-down,,"Enrichr (Kuleshov 2016 NAR 44:W90) Disease_Perturbations_from_GEO_up/_down 'Cardiomyopathy C0878544 human GSE5406 sample 88'; crowd-extracted GEO signature (Wang 2016 Nat Commun 7:12846); GSE5406 (Hannenhalli 2006 Circulation 114:1269, human LV, ischemic/idiopathic cardiomyopathy vs non-failing); up/down = genes up/down in failing vs non-failing LV"
MAFF,-1,HF-down,,"Enrichr (Kuleshov 2016 NAR 44:W90) Disease_Perturbations_from_GEO_up/_down 'Cardiomyopathy C0878544 human GSE5406 sample 88'; crowd-extracted GEO signature (Wang 2016 Nat Commun 7:12846); GSE5406 (Hannenhalli 2006 Circulation 114:1269, human LV, ischemic/idiopathic cardiomyopathy vs non-failing); up/down = genes up/down in failing vs non-failing LV"
RCAN1,-1,HF-down,,"Enrichr (Kuleshov 2016 NAR 44:W90) Disease_Perturbations_from_GEO_up/_down 'Cardiomyopathy C0878544 human GSE5406 sample 88'; crowd-extracted GEO signature (Wang 2016 Nat Commun 7:12846); GSE5406 (Hannenhalli 2006 Circulation 114:1269, human LV, ischemic/idiopathic cardiomyopathy vs non-failing); up/down = genes up/down in failing vs non-failing LV"
DLG1,-1,HF-down,,"Enrichr (Kuleshov 2016 NAR 44:W90) Disease_Perturbations_from_GEO_up/_down 'Cardiomyopathy C0878544 human GSE5406 sample 88'; crowd-extracted GEO signature (Wang 2016 Nat Commun 7:12846); GSE5406 (Hannenhalli 2006 Circulation 114:1269, human LV, ischemic/idiopathic cardiomyopathy vs non-failing); up/down = genes up/down in failing vs non-failing LV"
METTL22,-1,HF-down,,"Enrichr (Kuleshov 2016 NAR 44:W90) Disease_Perturbations_from_GEO_up/_down 'Cardiomyopathy C0878544 human GSE5406 sample 88'; crowd-extracted GEO signature (Wang 2016 Nat Commun 7:12846); GSE5406 (Hannenhalli 2006 Circulation 114:1269, human LV, ischemic/idiopathic cardiomyopathy vs non-failing); up/down = genes up/down in failing vs non-failing LV"
BCL2L1,-1,HF-down,,"Enrichr (Kuleshov 2016 NAR 44:W90) Disease_Perturbations_from_GEO_up/_down 'Cardiomyopathy C0878544 human GSE5406 sample 88'; crowd-extracted GEO signature (Wang 2016 Nat Commun 7:12846); GSE5406 (Hannenhalli 2006 Circulation 114:1269, human LV, ischemic/idiopathic cardiomyopathy vs non-failing); up/down = genes up/down in failing vs non-failing LV"
IARS,-1,HF-down,,"Enrichr (Kuleshov 2016 NAR 44:W90) Disease_Perturbations_from_GEO_up/_down 'Cardiomyopathy C0878544 human GSE5406 sample 88'; crowd-extracted GEO signature (Wang 2016 Nat Commun 7:12846); GSE5406 (Hannenhalli 2006 Circulation 114:1269, human LV, ischemic/idiopathic cardiomyopathy vs non-failing); up/down = genes up/down in failing vs non-failing LV"
GCLM,-1,HF-down,,"Enrichr (Kuleshov 2016 NAR 44:W90) Disease_Perturbations_from_GEO_up/_down 'Cardiomyopathy C0878544 human GSE5406 sample 88'; crowd-extracted GEO signature (Wang 2016 Nat Commun 7:12846); GSE5406 (Hannenhalli 2006 Circulation 114:1269, human LV, ischemic/idiopathic cardiomyopathy vs non-failing); up/down = genes up/down in failing vs non-failing LV"
CDH19,-1,HF-down,,"Enrichr (Kuleshov 2016 NAR 44:W90) Disease_Perturbations_from_GEO_up/_down 'Cardiomyopathy C0878544 human GSE5406 sample 88'; crowd-extracted GEO signature (Wang 2016 Nat Commun 7:12846); GSE5406 (Hannenhalli 2006 Circulation 114:1269, human LV, ischemic/idiopathic cardiomyopathy vs non-failing); up/down = genes up/down in failing vs non-failing LV"
SELT,-1,HF-down,,"Enrichr (Kuleshov 2016 NAR 44:W90) Disease_Perturbations_from_GEO_up/_down 'Cardiomyopathy C0878544 human GSE5406 sample 88'; crowd-extracted GEO signature (Wang 2016 Nat Commun 7:12846); GSE5406 (Hannenhalli 2006 Circulation 114:1269, human LV, ischemic/idiopathic cardiomyopathy vs non-failing); up/down = genes up/down in failing vs non-failing LV"
LRRC59,-1,HF-down,,"Enrichr (Kuleshov 2016 NAR 44:W90) Disease_Perturbations_from_GEO_up/_down 'Cardiomyopathy C0878544 human GSE5406 sample 88'; crowd-extracted GEO signature (Wang 2016 Nat Commun 7:12846); GSE5406 (Hannenhalli 2006 Circulation 114:1269, human LV, ischemic/idiopathic cardiomyopathy vs non-failing); up/down = genes up/down in failing vs non-failing LV"
FCN3,-1,HF-down,,"Enrichr (Kuleshov 2016 NAR 44:W90) Disease_Perturbations_from_GEO_up/_down 'Cardiomyopathy C0878544 human GSE5406 sample 88'; crowd-extracted GEO signature (Wang 2016 Nat Commun 7:12846); GSE5406 (Hannenhalli 2006 Circulation 114:1269, human LV, ischemic/idiopathic cardiomyopathy vs non-failing); up/down = genes up/down in failing vs non-failing LV"
BLM,-1,HF-down,,"Enrichr (Kuleshov 2016 NAR 44:W90) Disease_Perturbations_from_GEO_up/_down 'Cardiomyopathy C0878544 human GSE5406 sample 88'; crowd-extracted GEO signature (Wang 2016 Nat Commun 7:12846); GSE5406 (Hannenhalli 2006 Circulation 114:1269, human LV, ischemic/idiopathic cardiomyopathy vs non-failing); up/down = genes up/down in failing vs non-failing LV"
IRS1,-1,HF-down,,"Enrichr (Kuleshov 2016 NAR 44:W90) Disease_Perturbations_from_GEO_up/_down 'Cardiomyopathy C0878544 human GSE5406 sample 88'; crowd-extracted GEO signature (Wang 2016 Nat Commun 7:12846); GSE5406 (Hannenhalli 2006 Circulation 114:1269, human LV, ischemic/idiopathic cardiomyopathy vs non-failing); up/down = genes up/down in failing vs non-failing LV"
COX17,-1,HF-down,,"Enrichr (Kuleshov 2016 NAR 44:W90) Disease_Perturbations_from_GEO_up/_down 'Cardiomyopathy C0878544 human GSE5406 sample 88'; crowd-extracted GEO signature (Wang 2016 Nat Commun 7:12846); GSE5406 (Hannenhalli 2006 Circulation 114:1269, human LV, ischemic/idiopathic cardiomyopathy vs non-failing); up/down = genes up/down in failing vs non-failing LV"
GOLT1B,-1,HF-down,,"Enrichr (Kuleshov 2016 NAR 44:W90) Disease_Perturbations_from_GEO_up/_down 'Cardiomyopathy C0878544 human GSE5406 sample 88'; crowd-extracted GEO signature (Wang 2016 Nat Commun 7:12846); GSE5406 (Hannenhalli 2006 Circulation 114:1269, human LV, ischemic/idiopathic cardiomyopathy vs non-failing); up/down = genes up/down in failing vs non-failing LV"
IRS2,-1,HF-down,,"Enrichr (Kuleshov 2016 NAR 44:W90) Disease_Perturbations_from_GEO_up/_down 'Cardiomyopathy C0878544 human GSE5406 sample 88'; crowd-extracted GEO signature (Wang 2016 Nat Commun 7:12846); GSE5406 (Hannenhalli 2006 Circulation 114:1269, human LV, ischemic/idiopathic cardiomyopathy vs non-failing); up/down = genes up/down in failing vs non-failing LV"
UBFD1,-1,HF-down,,"Enrichr (Kuleshov 2016 NAR 44:W90) Disease_Perturbations_from_GEO_up/_down 'Cardiomyopathy C0878544 human GSE5406 sample 88'; crowd-extracted GEO signature (Wang 2016 Nat Commun 7:12846); GSE5406 (Hannenhalli 2006 Circulation 114:1269, human LV, ischemic/idiopathic cardiomyopathy vs non-failing); up/down = genes up/down in failing vs non-failing LV"
TGM2,-1,HF-down,,"Enrichr (Kuleshov 2016 NAR 44:W90) Disease_Perturbations_from_GEO_up/_down 'Cardiomyopathy C0878544 human GSE5406 sample 88'; crowd-extracted GEO signature (Wang 2016 Nat Commun 7:12846); GSE5406 (Hannenhalli 2006 Circulation 114:1269, human LV, ischemic/idiopathic cardiomyopathy vs non-failing); up/down = genes up/down in failing vs non-failing LV"
FGF7,-1,HF-down,,"Enrichr (Kuleshov 2016 NAR 44:W90) Disease_Perturbations_from_GEO_up/_down 'Cardiomyopathy C0878544 human GSE5406 sample 88'; crowd-extracted GEO signature (Wang 2016 Nat Commun 7:12846); GSE5406 (Hannenhalli 2006 Circulation 114:1269, human LV, ischemic/idiopathic cardiomyopathy vs non-failing); up/down = genes up/down in failing vs non-failing LV"
CNN1,-1,HF-down,,"Enrichr (Kuleshov 2016 NAR 44:W90) Disease_Perturbations_from_GEO_up/_down 'Cardiomyopathy C0878544 human GSE5406 sample 88'; crowd-extracted GEO signature (Wang 2016 Nat Commun 7:12846); GSE5406 (Hannenhalli 2006 Circulation 114:1269, human LV, ischemic/idiopathic cardiomyopathy vs non-failing); up/down = genes up/down in failing vs non-failing LV"
IGHG2,-1,HF-down,,"Enrichr (Kuleshov 2016 NAR 44:W90) Disease_Perturbations_from_GEO_up/_down 'Cardiomyopathy C0878544 human GSE5406 sample 88'; crowd-extracted GEO signature (Wang 2016 Nat Commun 7:12846); GSE5406 (Hannenhalli 2006 Circulation 114:1269, human LV, ischemic/idiopathic cardiomyopathy vs non-failing); up/down = genes up/down in failing vs non-failing LV"
PODXL,-1,HF-down,,"Enrichr (Kuleshov 2016 NAR 44:W90) Disease_Perturbations_from_GEO_up/_down 'Cardiomyopathy C0878544 human GSE5406 sample 88'; crowd-extracted GEO signature (Wang 2016 Nat Commun 7:12846); GSE5406 (Hannenhalli 2006 Circulation 114:1269, human LV, ischemic/idiopathic cardiomyopathy vs non-failing); up/down = genes up/down in failing vs non-failing LV"
PDZD2,-1,HF-down,,"Enrichr (Kuleshov 2016 NAR 44:W90) Disease_Perturbations_from_GEO_up/_down 'Cardiomyopathy C0878544 human GSE5406 sample 88'; crowd-extracted GEO signature (Wang 2016 Nat Commun 7:12846); GSE5406 (Hannenhalli 2006 Circulation 114:1269, human LV, ischemic/idiopathic cardiomyopathy vs non-failing); up/down = genes up/down in failing vs non-failing LV"
C6orf106,-1,HF-down,,"Enrichr (Kuleshov 2016 NAR 44:W90) Disease_Perturbations_from_GEO_up/_down 'Cardiomyopathy C0878544 human GSE5406 sample 88'; crowd-extracted GEO signature (Wang 2016 Nat Commun 7:12846); GSE5406 (Hannenhalli 2006 Circulation 114:1269, human LV, ischemic/idiopathic cardiomyopathy vs non-failing); up/down = genes up/down in failing vs non-failing LV"
BAG2,-1,HF-down,,"Enrichr (Kuleshov 2016 NAR 44:W90) Disease_Perturbations_from_GEO_up/_down 'Cardiomyopathy C0878544 human GSE5406 sample 88'; crowd-extracted GEO signature (Wang 2016 Nat Commun 7:12846); GSE5406 (Hannenhalli 2006 Circulation 114:1269, human LV, ischemic/idiopathic cardiomyopathy vs non-failing); up/down = genes up/down in failing vs non-failing LV"
GAREM,-1,HF-down,,"Enrichr (Kuleshov 2016 NAR 44:W90) Disease_Perturbations_from_GEO_up/_down 'Cardiomyopathy C0878544 human GSE5406 sample 88'; crowd-extracted GEO signature (Wang 2016 Nat Commun 7:12846); GSE5406 (Hannenhalli 2006 Circulation 114:1269, human LV, ischemic/idiopathic cardiomyopathy vs non-failing); up/down = genes up/down in failing vs non-failing LV"
ABL1,-1,HF-down,,"Enrichr (Kuleshov 2016 NAR 44:W90) Disease_Perturbations_from_GEO_up/_down 'Cardiomyopathy C0878544 human GSE5406 sample 88'; crowd-extracted GEO signature (Wang 2016 Nat Commun 7:12846); GSE5406 (Hannenhalli 2006 Circulation 114:1269, human LV, ischemic/idiopathic cardiomyopathy vs non-failing); up/down = genes up/down in failing vs non-failing LV"
C1QTNF1,-1,HF-down,,"Enrichr (Kuleshov 2016 NAR 44:W90) Disease_Perturbations_from_GEO_up/_down 'Cardiomyopathy C0878544 human GSE5406 sample 88'; crowd-extracted GEO signature (Wang 2016 Nat Commun 7:12846); GSE5406 (Hannenhalli 2006 Circulation 114:1269, human LV, ischemic/idiopathic cardiomyopathy vs non-failing); up/down = genes up/down in failing vs non-failing LV"
MARK3,-1,HF-down,,"Enrichr (Kuleshov 2016 NAR 44:W90) Disease_Perturbations_from_GEO_up/_down 'Cardiomyopathy C0878544 human GSE5406 sample 88'; crowd-extracted GEO signature (Wang 2016 Nat Commun 7:12846); GSE5406 (Hannenhalli 2006 Circulation 114:1269, human LV, ischemic/idiopathic cardiomyopathy vs non-failing); up/down = genes up/down in failing vs non-failing LV"
PSPH,-1,HF-down,,"Enrichr (Kuleshov 2016 NAR 44:W90) Disease_Perturbations_from_GEO_up/_down 'Cardiomyopathy C0878544 human GSE5406 sample 88'; crowd-extracted GEO signature (Wang 2016 Nat Commun 7:12846); GSE5406 (Hannenhalli 2006 Circulation 114:1269, human LV, ischemic/idiopathic cardiomyopathy vs non-failing); up/down = genes up/down in failing vs non-failing LV"
TRDN,-1,HF-down,,"Enrichr (Kuleshov 2016 NAR 44:W90) Disease_Perturbations_from_GEO_up/_down 'Cardiomyopathy C0878544 human GSE5406 sample 88'; crowd-extracted GEO signature (Wang 2016 Nat Commun 7:12846); GSE5406 (Hannenhalli 2006 Circulation 114:1269, human LV, ischemic/idiopathic cardiomyopathy vs non-failing); up/down = genes up/down in failing vs non-failing LV"
COA4,-1,HF-down,,"Enrichr (Kuleshov 2016 NAR 44:W90) Disease_Perturbations_from_GEO_up/_down 'Cardiomyopathy C0878544 human GSE5406 sample 88'; crowd-extracted GEO signature (Wang 2016 Nat Commun 7:12846); GSE5406 (Hannenhalli 2006 Circulation 114:1269, human LV, ischemic/idiopathic cardiomyopathy vs non-failing); up/down = genes up/down in failing vs non-failing LV"
GPX3,-1,HF-down,,"Enrichr (Kuleshov 2016 NAR 44:W90) Disease_Perturbations_from_GEO_up/_down 'Cardiomyopathy C0878544 human GSE5406 sample 88'; crowd-extracted GEO signature (Wang 2016 Nat Commun 7:12846); GSE5406 (Hannenhalli 2006 Circulation 114:1269, human LV, ischemic/idiopathic cardiomyopathy vs non-failing); up/down = genes up/down in failing vs non-failing LV"
SUN2,-1,HF-down,,"Enrichr (Kuleshov 2016 NAR 44:W90) Disease_Perturbations_from_GEO_up/_down 'Cardiomyopathy C0878544 human GSE5406 sample 88'; crowd-extracted GEO signature (Wang 2016 Nat Commun 7:12846); GSE5406 (Hannenhalli 2006 Circulation 114:1269, human LV, ischemic/idiopathic cardiomyopathy vs non-failing); up/down = genes up/down in failing vs non-failing LV"
SRGN,-1,HF-down,,"Enrichr (Kuleshov 2016 NAR 44:W90) Disease_Perturbations_from_GEO_up/_down 'Cardiomyopathy C0878544 human GSE5406 sample 88'; crowd-extracted GEO signature (Wang 2016 Nat Commun 7:12846); GSE5406 (Hannenhalli 2006 Circulation 114:1269, human LV, ischemic/idiopathic cardiomyopathy vs non-failing); up/down = genes up/down in failing vs non-failing LV"
HSP90AA1,-1,HF-down,,"Enrichr (Kuleshov 2016 NAR 44:W90) Disease_Perturbations_from_GEO_up/_down 'Cardiomyopathy C0878544 human GSE5406 sample 88'; crowd-extracted GEO signature (Wang 2016 Nat Commun 7:12846); GSE5406 (Hannenhalli 2006 Circulation 114:1269, human LV, ischemic/idiopathic cardiomyopathy vs non-failing); up/down = genes up/down in failing vs non-failing LV"
ITGA5,-1,HF-down,,"Enrichr (Kuleshov 2016 NAR 44:W90) Disease_Perturbations_from_GEO_up/_down 'Cardiomyopathy C0878544 human GSE5406 sample 88'; crowd-extracted GEO signature (Wang 2016 Nat Commun 7:12846); GSE5406 (Hannenhalli 2006 Circulation 114:1269, human LV, ischemic/idiopathic cardiomyopathy vs non-failing); up/down = genes up/down in failing vs non-failing LV"
KCNIP2,-1,HF-down,,"Enrichr (Kuleshov 2016 NAR 44:W90) Disease_Perturbations_from_GEO_up/_down 'Cardiomyopathy C0878544 human GSE5406 sample 88'; crowd-extracted GEO signature (Wang 2016 Nat Commun 7:12846); GSE5406 (Hannenhalli 2006 Circulation 114:1269, human LV, ischemic/idiopathic cardiomyopathy vs non-failing); up/down = genes up/down in failing vs non-failing LV"
PLA2G2A,-1,HF-down,,"Enrichr (Kuleshov 2016 NAR 44:W90) Disease_Perturbations_from_GEO_up/_down 'Cardiomyopathy C0878544 human GSE5406 sample 88'; crowd-extracted GEO signature (Wang 2016 Nat Commun 7:12846); GSE5406 (Hannenhalli 2006 Circulation 114:1269, human LV, ischemic/idiopathic cardiomyopathy vs non-failing); up/down = genes up/down in failing vs non-failing LV"
TXNRD1,-1,HF-down,,"Enrichr (Kuleshov 2016 NAR 44:W90) Disease_Perturbations_from_GEO_up/_down 'Cardiomyopathy C0878544 human GSE5406 sample 88'; crowd-extracted GEO signature (Wang 2016 Nat Commun 7:12846); GSE5406 (Hannenhalli 2006 Circulation 114:1269, human LV, ischemic/idiopathic cardiomyopathy vs non-failing); up/down = genes up/down in failing vs non-failing LV"
ASNS,-1,HF-down,,"Enrichr (Kuleshov 2016 NAR 44:W90) Disease_Perturbations_from_GEO_up/_down 'Cardiomyopathy C0878544 human GSE5406 sample 88'; crowd-extracted GEO signature (Wang 2016 Nat Commun 7:12846); GSE5406 (Hannenhalli 2006 Circulation 114:1269, human LV, ischemic/idiopathic cardiomyopathy vs non-failing); up/down = genes up/down in failing vs non-failing LV"
TPRKB,-1,HF-down,,"Enrichr (Kuleshov 2016 NAR 44:W90) Disease_Perturbations_from_GEO_up/_down 'Cardiomyopathy C0878544 human GSE5406 sample 88'; crowd-extracted GEO signature (Wang 2016 Nat Commun 7:12846); GSE5406 (Hannenhalli 2006 Circulation 114:1269, human LV, ischemic/idiopathic cardiomyopathy vs non-failing); up/down = genes up/down in failing vs non-failing LV"
TGFBR2,-1,HF-down,,"Enrichr (Kuleshov 2016 NAR 44:W90) Disease_Perturbations_from_GEO_up/_down 'Cardiomyopathy C0878544 human GSE5406 sample 88'; crowd-extracted GEO signature (Wang 2016 Nat Commun 7:12846); GSE5406 (Hannenhalli 2006 Circulation 114:1269, human LV, ischemic/idiopathic cardiomyopathy vs non-failing); up/down = genes up/down in failing vs non-failing LV"
MARCH5,-1,HF-down,,"Enrichr (Kuleshov 2016 NAR 44:W90) Disease_Perturbations_from_GEO_up/_down 'Cardiomyopathy C0878544 human GSE5406 sample 88'; crowd-extracted GEO signature (Wang 2016 Nat Commun 7:12846); GSE5406 (Hannenhalli 2006 Circulation 114:1269, human LV, ischemic/idiopathic cardiomyopathy vs non-failing); up/down = genes up/down in failing vs non-failing LV"
TGFBR3,-1,HF-down,,"Enrichr (Kuleshov 2016 NAR 44:W90) Disease_Perturbations_from_GEO_up/_down 'Cardiomyopathy C0878544 human GSE5406 sample 88'; crowd-extracted GEO signature (Wang 2016 Nat Commun 7:12846); GSE5406 (Hannenhalli 2006 Circulation 114:1269, human LV, ischemic/idiopathic cardiomyopathy vs non-failing); up/down = genes up/down in failing vs non-failing LV"
EPN3,-1,HF-down,,"Enrichr (Kuleshov 2016 NAR 44:W90) Disease_Perturbations_from_GEO_up/_down 'Cardiomyopathy C0878544 human GSE5406 sample 88'; crowd-extracted GEO signature (Wang 2016 Nat Commun 7:12846); GSE5406 (Hannenhalli 2006 Circulation 114:1269, human LV, ischemic/idiopathic cardiomyopathy vs non-failing); up/down = genes up/down in failing vs non-failing LV"
MEIS2,-1,HF-down,,"Enrichr (Kuleshov 2016 NAR 44:W90) Disease_Perturbations_from_GEO_up/_down 'Cardiomyopathy C0878544 human GSE5406 sample 88'; crowd-extracted GEO signature (Wang 2016 Nat Commun 7:12846); GSE5406 (Hannenhalli 2006 Circulation 114:1269, human LV, ischemic/idiopathic cardiomyopathy vs non-failing); up/down = genes up/down in failing vs non-failing LV"
ACTA1,-1,HF-down,,"Enrichr (Kuleshov 2016 NAR 44:W90) Disease_Perturbations_from_GEO_up/_down 'Cardiomyopathy C0878544 human GSE5406 sample 88'; crowd-extracted GEO signature (Wang 2016 Nat Commun 7:12846); GSE5406 (Hannenhalli 2006 Circulation 114:1269, human LV, ischemic/idiopathic cardiomyopathy vs non-failing); up/down = genes up/down in failing vs non-failing LV"
LPIN1,-1,HF-down,,"Enrichr (Kuleshov 2016 NAR 44:W90) Disease_Perturbations_from_GEO_up/_down 'Cardiomyopathy C0878544 human GSE5406 sample 88'; crowd-extracted GEO signature (Wang 2016 Nat Commun 7:12846); GSE5406 (Hannenhalli 2006 Circulation 114:1269, human LV, ischemic/idiopathic cardiomyopathy vs non-failing); up/down = genes up/down in failing vs non-failing LV"
MEIS1,-1,HF-down,,"Enrichr (Kuleshov 2016 NAR 44:W90) Disease_Perturbations_from_GEO_up/_down 'Cardiomyopathy C0878544 human GSE5406 sample 88'; crowd-extracted GEO signature (Wang 2016 Nat Commun 7:12846); GSE5406 (Hannenhalli 2006 Circulation 114:1269, human LV, ischemic/idiopathic cardiomyopathy vs non-failing); up/down = genes up/down in failing vs non-failing LV"
BCL6,-1,HF-down,,"Enrichr (Kuleshov 2016 NAR 44:W90) Disease_Perturbations_from_GEO_up/_down 'Cardiomyopathy C0878544 human GSE5406 sample 88'; crowd-extracted GEO signature (Wang 2016 Nat Commun 7:12846); GSE5406 (Hannenhalli 2006 Circulation 114:1269, human LV, ischemic/idiopathic cardiomyopathy vs non-failing); up/down = genes up/down in failing vs non-failing LV"
MTFR1,-1,HF-down,,"Enrichr (Kuleshov 2016 NAR 44:W90) Disease_Perturbations_from_GEO_up/_down 'Cardiomyopathy C0878544 human GSE5406 sample 88'; crowd-extracted GEO signature (Wang 2016 Nat Commun 7:12846); GSE5406 (Hannenhalli 2006 Circulation 114:1269, human LV, ischemic/idiopathic cardiomyopathy vs non-failing); up/down = genes up/down in failing vs non-failing LV"
TMEM45A,-1,HF-down,,"Enrichr (Kuleshov 2016 NAR 44:W90) Disease_Perturbations_from_GEO_up/_down 'Cardiomyopathy C0878544 human GSE5406 sample 88'; crowd-extracted GEO signature (Wang 2016 Nat Commun 7:12846); GSE5406 (Hannenhalli 2006 Circulation 114:1269, human LV, ischemic/idiopathic cardiomyopathy vs non-failing); up/down = genes up/down in failing vs non-failing LV"
SOS1,-1,HF-down,,"Enrichr (Kuleshov 2016 NAR 44:W90) Disease_Perturbations_from_GEO_up/_down 'Cardiomyopathy C0878544 human GSE5406 sample 88'; crowd-extracted GEO signature (Wang 2016 Nat Commun 7:12846); GSE5406 (Hannenhalli 2006 Circulation 114:1269, human LV, ischemic/idiopathic cardiomyopathy vs non-failing); up/down = genes up/down in failing vs non-failing LV"
NNMT,-1,HF-down,,"Enrichr (Kuleshov 2016 NAR 44:W90) Disease_Perturbations_from_GEO_up/_down 'Cardiomyopathy C0878544 human GSE5406 sample 88'; crowd-extracted GEO signature (Wang 2016 Nat Commun 7:12846); GSE5406 (Hannenhalli 2006 Circulation 114:1269, human LV, ischemic/idiopathic cardiomyopathy vs non-failing); up/down = genes up/down in failing vs non-failing LV"
NID1,-1,HF-down,,"Enrichr (Kuleshov 2016 NAR 44:W90) Disease_Perturbations_from_GEO_up/_down 'Cardiomyopathy C0878544 human GSE5406 sample 88'; crowd-extracted GEO signature (Wang 2016 Nat Commun 7:12846); GSE5406 (Hannenhalli 2006 Circulation 114:1269, human LV, ischemic/idiopathic cardiomyopathy vs non-failing); up/down = genes up/down in failing vs non-failing LV"
NCAM1,-1,HF-down,,"Enrichr (Kuleshov 2016 NAR 44:W90) Disease_Perturbations_from_GEO_up/_down 'Cardiomyopathy C0878544 human GSE5406 sample 88'; crowd-extracted GEO signature (Wang 2016 Nat Commun 7:12846); GSE5406 (Hannenhalli 2006 Circulation 114:1269, human LV, ischemic/idiopathic cardiomyopathy vs non-failing); up/down = genes up/down in failing vs non-failing LV"
AMD1,-1,HF-down,,"Enrichr (Kuleshov 2016 NAR 44:W90) Disease_Perturbations_from_GEO_up/_down 'Cardiomyopathy C0878544 human GSE5406 sample 88'; crowd-extracted GEO signature (Wang 2016 Nat Commun 7:12846); GSE5406 (Hannenhalli 2006 Circulation 114:1269, human LV, ischemic/idiopathic cardiomyopathy vs non-failing); up/down = genes up/down in failing vs non-failing LV"
GMPR,-1,HF-down,,"Enrichr (Kuleshov 2016 NAR 44:W90) Disease_Perturbations_from_GEO_up/_down 'Cardiomyopathy C0878544 human GSE5406 sample 88'; crowd-extracted GEO signature (Wang 2016 Nat Commun 7:12846); GSE5406 (Hannenhalli 2006 Circulation 114:1269, human LV, ischemic/idiopathic cardiomyopathy vs non-failing); up/down = genes up/down in failing vs non-failing LV"
HSPB2,-1,HF-down,,"Enrichr (Kuleshov 2016 NAR 44:W90) Disease_Perturbations_from_GEO_up/_down 'Cardiomyopathy C0878544 human GSE5406 sample 88'; crowd-extracted GEO signature (Wang 2016 Nat Commun 7:12846); GSE5406 (Hannenhalli 2006 Circulation 114:1269, human LV, ischemic/idiopathic cardiomyopathy vs non-failing); up/down = genes up/down in failing vs non-failing LV"
UAP1,-1,HF-down,,"Enrichr (Kuleshov 2016 NAR 44:W90) Disease_Perturbations_from_GEO_up/_down 'Cardiomyopathy C0878544 human GSE5406 sample 88'; crowd-extracted GEO signature (Wang 2016 Nat Commun 7:12846); GSE5406 (Hannenhalli 2006 Circulation 114:1269, human LV, ischemic/idiopathic cardiomyopathy vs non-failing); up/down = genes up/down in failing vs non-failing LV"
RHOT1,-1,HF-down,,"Enrichr (Kuleshov 2016 NAR 44:W90) Disease_Perturbations_from_GEO_up/_down 'Cardiomyopathy C0878544 human GSE5406 sample 88'; crowd-extracted GEO signature (Wang 2016 Nat Commun 7:12846); GSE5406 (Hannenhalli 2006 Circulation 114:1269, human LV, ischemic/idiopathic cardiomyopathy vs non-failing); up/down = genes up/down in failing vs non-failing LV"
RAI2,-1,HF-down,,"Enrichr (Kuleshov 2016 NAR 44:W90) Disease_Perturbations_from_GEO_up/_down 'Cardiomyopathy C0878544 human GSE5406 sample 88'; crowd-extracted GEO signature (Wang 2016 Nat Commun 7:12846); GSE5406 (Hannenhalli 2006 Circulation 114:1269, human LV, ischemic/idiopathic cardiomyopathy vs non-failing); up/down = genes up/down in failing vs non-failing LV"
DUSP13,-1,HF-down,,"Enrichr (Kuleshov 2016 NAR 44:W90) Disease_Perturbations_from_GEO_up/_down 'Cardiomyopathy C0878544 human GSE5406 sample 88'; crowd-extracted GEO signature (Wang 2016 Nat Commun 7:12846); GSE5406 (Hannenhalli 2006 Circulation 114:1269, human LV, ischemic/idiopathic cardiomyopathy vs non-failing); up/down = genes up/down in failing vs non-failing LV"
BCL7B,-1,HF-down,,"Enrichr (Kuleshov 2016 NAR 44:W90) Disease_Perturbations_from_GEO_up/_down 'Cardiomyopathy C0878544 human GSE5406 sample 88'; crowd-extracted GEO signature (Wang 2016 Nat Commun 7:12846); GSE5406 (Hannenhalli 2006 Circulation 114:1269, human LV, ischemic/idiopathic cardiomyopathy vs non-failing); up/down = genes up/down in failing vs non-failing LV"
DVL1,-1,HF-down,,"Enrichr (Kuleshov 2016 NAR 44:W90) Disease_Perturbations_from_GEO_up/_down 'Cardiomyopathy C0878544 human GSE5406 sample 88'; crowd-extracted GEO signature (Wang 2016 Nat Commun 7:12846); GSE5406 (Hannenhalli 2006 Circulation 114:1269, human LV, ischemic/idiopathic cardiomyopathy vs non-failing); up/down = genes up/down in failing vs non-failing LV"
MKNK2,-1,HF-down,,"Enrichr (Kuleshov 2016 NAR 44:W90) Disease_Perturbations_from_GEO_up/_down 'Cardiomyopathy C0878544 human GSE5406 sample 88'; crowd-extracted GEO signature (Wang 2016 Nat Commun 7:12846); GSE5406 (Hannenhalli 2006 Circulation 114:1269, human LV, ischemic/idiopathic cardiomyopathy vs non-failing); up/down = genes up/down in failing vs non-failing LV"
AOX1,-1,HF-down,,"Enrichr (Kuleshov 2016 NAR 44:W90) Disease_Perturbations_from_GEO_up/_down 'Cardiomyopathy C0878544 human GSE5406 sample 88'; crowd-extracted GEO signature (Wang 2016 Nat Commun 7:12846); GSE5406 (Hannenhalli 2006 Circulation 114:1269, human LV, ischemic/idiopathic cardiomyopathy vs non-failing); up/down = genes up/down in failing vs non-failing LV"
LINC00312,-1,HF-down,,"Enrichr (Kuleshov 2016 NAR 44:W90) Disease_Perturbations_from_GEO_up/_down 'Cardiomyopathy C0878544 human GSE5406 sample 88'; crowd-extracted GEO signature (Wang 2016 Nat Commun 7:12846); GSE5406 (Hannenhalli 2006 Circulation 114:1269, human LV, ischemic/idiopathic cardiomyopathy vs non-failing); up/down = genes up/down in failing vs non-failing LV"
MYO16,-1,HF-down,,"Enrichr (Kuleshov 2016 NAR 44:W90) Disease_Perturbations_from_GEO_up/_down 'Cardiomyopathy C0878544 human GSE5406 sample 88'; crowd-extracted GEO signature (Wang 2016 Nat Commun 7:12846); GSE5406 (Hannenhalli 2006 Circulation 114:1269, human LV, ischemic/idiopathic cardiomyopathy vs non-failing); up/down = genes up/down in failing vs non-failing LV"
H2AFZ,-1,HF-down,,"Enrichr (Kuleshov 2016 NAR 44:W90) Disease_Perturbations_from_GEO_up/_down 'Cardiomyopathy C0878544 human GSE5406 sample 88'; crowd-extracted GEO signature (Wang 2016 Nat Commun 7:12846); GSE5406 (Hannenhalli 2006 Circulation 114:1269, human LV, ischemic/idiopathic cardiomyopathy vs non-failing); up/down = genes up/down in failing vs non-failing LV"
NOS3,-1,HF-down,,"Enrichr (Kuleshov 2016 NAR 44:W90) Disease_Perturbations_from_GEO_up/_down 'Cardiomyopathy C0878544 human GSE5406 sample 88'; crowd-extracted GEO signature (Wang 2016 Nat Commun 7:12846); GSE5406 (Hannenhalli 2006 Circulation 114:1269, human LV, ischemic/idiopathic cardiomyopathy vs non-failing); up/down = genes up/down in failing vs non-failing LV"
MID1IP1,-1,HF-down,,"Enrichr (Kuleshov 2016 NAR 44:W90) Disease_Perturbations_from_GEO_up/_down 'Cardiomyopathy C0878544 human GSE5406 sample 88'; crowd-extracted GEO signature (Wang 2016 Nat Commun 7:12846); GSE5406 (Hannenhalli 2006 Circulation 114:1269, human LV, ischemic/idiopathic cardiomyopathy vs non-failing); up/down = genes up/down in failing vs non-failing LV"
RWDD1,-1,HF-down,,"Enrichr (Kuleshov 2016 NAR 44:W90) Disease_Perturbations_from_GEO_up/_down 'Cardiomyopathy C0878544 human GSE5406 sample 88'; crowd-extracted GEO signature (Wang 2016 Nat Commun 7:12846); GSE5406 (Hannenhalli 2006 Circulation 114:1269, human LV, ischemic/idiopathic cardiomyopathy vs non-failing); up/down = genes up/down in failing vs non-failing LV"
CYP4B1,-1,HF-down,,"Enrichr (Kuleshov 2016 NAR 44:W90) Disease_Perturbations_from_GEO_up/_down 'Cardiomyopathy C0878544 human GSE5406 sample 88'; crowd-extracted GEO signature (Wang 2016 Nat Commun 7:12846); GSE5406 (Hannenhalli 2006 Circulation 114:1269, human LV, ischemic/idiopathic cardiomyopathy vs non-failing); up/down = genes up/down in failing vs non-failing LV"
GLRX2,-1,HF-down,,"Enrichr (Kuleshov 2016 NAR 44:W90) Disease_Perturbations_from_GEO_up/_down 'Cardiomyopathy C0878544 human GSE5406 sample 88'; crowd-extracted GEO signature (Wang 2016 Nat Commun 7:12846); GSE5406 (Hannenhalli 2006 Circulation 114:1269, human LV, ischemic/idiopathic cardiomyopathy vs non-failing); up/down = genes up/down in failing vs non-failing LV"
COBL,-1,HF-down,,"Enrichr (Kuleshov 2016 NAR 44:W90) Disease_Perturbations_from_GEO_up/_down 'Cardiomyopathy C0878544 human GSE5406 sample 88'; crowd-extracted GEO signature (Wang 2016 Nat Commun 7:12846); GSE5406 (Hannenhalli 2006 Circulation 114:1269, human LV, ischemic/idiopathic cardiomyopathy vs non-failing); up/down = genes up/down in failing vs non-failing LV"
KLF4,-1,HF-down,,"Enrichr (Kuleshov 2016 NAR 44:W90) Disease_Perturbations_from_GEO_up/_down 'Cardiomyopathy C0878544 human GSE5406 sample 88'; crowd-extracted GEO signature (Wang 2016 Nat Commun 7:12846); GSE5406 (Hannenhalli 2006 Circulation 114:1269, human LV, ischemic/idiopathic cardiomyopathy vs non-failing); up/down = genes up/down in failing vs non-failing LV"
DLK1,-1,HF-down,,"Enrichr (Kuleshov 2016 NAR 44:W90) Disease_Perturbations_from_GEO_up/_down 'Cardiomyopathy C0878544 human GSE5406 sample 88'; crowd-extracted GEO signature (Wang 2016 Nat Commun 7:12846); GSE5406 (Hannenhalli 2006 Circulation 114:1269, human LV, ischemic/idiopathic cardiomyopathy vs non-failing); up/down = genes up/down in failing vs non-failing LV"
KLHL41,-1,HF-down,,"Enrichr (Kuleshov 2016 NAR 44:W90) Disease_Perturbations_from_GEO_up/_down 'Cardiomyopathy C0878544 human GSE5406 sample 88'; crowd-extracted GEO signature (Wang 2016 Nat Commun 7:12846); GSE5406 (Hannenhalli 2006 Circulation 114:1269, human LV, ischemic/idiopathic cardiomyopathy vs non-failing); up/down = genes up/down in failing vs non-failing LV"
RANGAP1,-1,HF-down,,"Enrichr (Kuleshov 2016 NAR 44:W90) Disease_Perturbations_from_GEO_up/_down 'Cardiomyopathy C0878544 human GSE5406 sample 88'; crowd-extracted GEO signature (Wang 2016 Nat Commun 7:12846); GSE5406 (Hannenhalli 2006 Circulation 114:1269, human LV, ischemic/idiopathic cardiomyopathy vs non-failing); up/down = genes up/down in failing vs non-failing LV"
P2RX5,-1,HF-down,,"Enrichr (Kuleshov 2016 NAR 44:W90) Disease_Perturbations_from_GEO_up/_down 'Cardiomyopathy C0878544 human GSE5406 sample 88'; crowd-extracted GEO signature (Wang 2016 Nat Commun 7:12846); GSE5406 (Hannenhalli 2006 Circulation 114:1269, human LV, ischemic/idiopathic cardiomyopathy vs non-failing); up/down = genes up/down in failing vs non-failing LV"
PALLD,-1,HF-down,,"Enrichr (Kuleshov 2016 NAR 44:W90) Disease_Perturbations_from_GEO_up/_down 'Cardiomyopathy C0878544 human GSE5406 sample 88'; crowd-extracted GEO signature (Wang 2016 Nat Commun 7:12846); GSE5406 (Hannenhalli 2006 Circulation 114:1269, human LV, ischemic/idiopathic cardiomyopathy vs non-failing); up/down = genes up/down in failing vs non-failing LV"
ACKR1,-1,HF-down,,"Enrichr (Kuleshov 2016 NAR 44:W90) Disease_Perturbations_from_GEO_up/_down 'Cardiomyopathy C0878544 human GSE5406 sample 88'; crowd-extracted GEO signature (Wang 2016 Nat Commun 7:12846); GSE5406 (Hannenhalli 2006 Circulation 114:1269, human LV, ischemic/idiopathic cardiomyopathy vs non-failing); up/down = genes up/down in failing vs non-failing LV"
POLR1D,-1,HF-down,,"Enrichr (Kuleshov 2016 NAR 44:W90) Disease_Perturbations_from_GEO_up/_down 'Cardiomyopathy C0878544 human GSE5406 sample 88'; crowd-extracted GEO signature (Wang 2016 Nat Commun 7:12846); GSE5406 (Hannenhalli 2006 Circulation 114:1269, human LV, ischemic/idiopathic cardiomyopathy vs non-failing); up/down = genes up/down in failing vs non-failing LV"
NAA15,-1,HF-down,,"Enrichr (Kuleshov 2016 NAR 44:W90) Disease_Perturbations_from_GEO_up/_down 'Cardiomyopathy C0878544 human GSE5406 sample 88'; crowd-extracted GEO signature (Wang 2016 Nat Commun 7:12846); GSE5406 (Hannenhalli 2006 Circulation 114:1269, human LV, ischemic/idiopathic cardiomyopathy vs non-failing); up/down = genes up/down in failing vs non-failing LV"
KCTD12,-1,HF-down,,"Enrichr (Kuleshov 2016 NAR 44:W90) Disease_Perturbations_from_GEO_up/_down 'Cardiomyopathy C0878544 human GSE5406 sample 88'; crowd-extracted GEO signature (Wang 2016 Nat Commun 7:12846); GSE5406 (Hannenhalli 2006 Circulation 114:1269, human LV, ischemic/idiopathic cardiomyopathy vs non-failing); up/down = genes up/down in failing vs non-failing LV"
ACKR3,-1,HF-down,,"Enrichr (Kuleshov 2016 NAR 44:W90) Disease_Perturbations_from_GEO_up/_down 'Cardiomyopathy C0878544 human GSE5406 sample 88'; crowd-extracted GEO signature (Wang 2016 Nat Commun 7:12846); GSE5406 (Hannenhalli 2006 Circulation 114:1269, human LV, ischemic/idiopathic cardiomyopathy vs non-failing); up/down = genes up/down in failing vs non-failing LV"
SLC25A12,-1,HF-down,,"Enrichr (Kuleshov 2016 NAR 44:W90) Disease_Perturbations_from_GEO_up/_down 'Cardiomyopathy C0878544 human GSE5406 sample 88'; crowd-extracted GEO signature (Wang 2016 Nat Commun 7:12846); GSE5406 (Hannenhalli 2006 Circulation 114:1269, human LV, ischemic/idiopathic cardiomyopathy vs non-failing); up/down = genes up/down in failing vs non-failing LV"
HIST1H2BE,-1,HF-down,,"Enrichr (Kuleshov 2016 NAR 44:W90) Disease_Perturbations_from_GEO_up/_down 'Cardiomyopathy C0878544 human GSE5406 sample 88'; crowd-extracted GEO signature (Wang 2016 Nat Commun 7:12846); GSE5406 (Hannenhalli 2006 Circulation 114:1269, human LV, ischemic/idiopathic cardiomyopathy vs non-failing); up/down = genes up/down in failing vs non-failing LV"
HIST1H2BD,-1,HF-down,,"Enrichr (Kuleshov 2016 NAR 44:W90) Disease_Perturbations_from_GEO_up/_down 'Cardiomyopathy C0878544 human GSE5406 sample 88'; crowd-extracted GEO signature (Wang 2016 Nat Commun 7:12846); GSE5406 (Hannenhalli 2006 Circulation 114:1269, human LV, ischemic/idiopathic cardiomyopathy vs non-failing); up/down = genes up/down in failing vs non-failing LV"
MTCH1,-1,HF-down,,"Enrichr (Kuleshov 2016 NAR 44:W90) Disease_Perturbations_from_GEO_up/_down 'Cardiomyopathy C0878544 human GSE5406 sample 88'; crowd-extracted GEO signature (Wang 2016 Nat Commun 7:12846); GSE5406 (Hannenhalli 2006 Circulation 114:1269, human LV, ischemic/idiopathic cardiomyopathy vs non-failing); up/down = genes up/down in failing vs non-failing LV"
CEBPD,-1,HF-down,,"Enrichr (Kuleshov 2016 NAR 44:W90) Disease_Perturbations_from_GEO_up/_down 'Cardiomyopathy C0878544 human GSE5406 sample 88'; crowd-extracted GEO signature (Wang 2016 Nat Commun 7:12846); GSE5406 (Hannenhalli 2006 Circulation 114:1269, human LV, ischemic/idiopathic cardiomyopathy vs non-failing); up/down = genes up/down in failing vs non-failing LV"
RNF14,-1,HF-down,,"Enrichr (Kuleshov 2016 NAR 44:W90) Disease_Perturbations_from_GEO_up/_down 'Cardiomyopathy C0878544 human GSE5406 sample 88'; crowd-extracted GEO signature (Wang 2016 Nat Commun 7:12846); GSE5406 (Hannenhalli 2006 Circulation 114:1269, human LV, ischemic/idiopathic cardiomyopathy vs non-failing); up/down = genes up/down in failing vs non-failing LV"
THBS1,-1,HF-down,,"Enrichr (Kuleshov 2016 NAR 44:W90) Disease_Perturbations_from_GEO_up/_down 'Cardiomyopathy C0878544 human GSE5406 sample 88'; crowd-extracted GEO signature (Wang 2016 Nat Commun 7:12846); GSE5406 (Hannenhalli 2006 Circulation 114:1269, human LV, ischemic/idiopathic cardiomyopathy vs non-failing); up/down = genes up/down in failing vs non-failing LV"
ATP2A2,-1,HF-down,,"Enrichr (Kuleshov 2016 NAR 44:W90) Disease_Perturbations_from_GEO_up/_down 'Cardiomyopathy C0878544 human GSE5406 sample 88'; crowd-extracted GEO signature (Wang 2016 Nat Commun 7:12846); GSE5406 (Hannenhalli 2006 Circulation 114:1269, human LV, ischemic/idiopathic cardiomyopathy vs non-failing); up/down = genes up/down in failing vs non-failing LV"
YBX3,-1,HF-down,,"Enrichr (Kuleshov 2016 NAR 44:W90) Disease_Perturbations_from_GEO_up/_down 'Cardiomyopathy C0878544 human GSE5406 sample 88'; crowd-extracted GEO signature (Wang 2016 Nat Commun 7:12846); GSE5406 (Hannenhalli 2006 Circulation 114:1269, human LV, ischemic/idiopathic cardiomyopathy vs non-failing); up/down = genes up/down in failing vs non-failing LV"
SYNE2,-1,HF-down,,"Enrichr (Kuleshov 2016 NAR 44:W90) Disease_Perturbations_from_GEO_up/_down 'Cardiomyopathy C0878544 human GSE5406 sample 88'; crowd-extracted GEO signature (Wang 2016 Nat Commun 7:12846); GSE5406 (Hannenhalli 2006 Circulation 114:1269, human LV, ischemic/idiopathic cardiomyopathy vs non-failing); up/down = genes up/down in failing vs non-failing LV"
SAMHD1,-1,HF-down,,"Enrichr (Kuleshov 2016 NAR 44:W90) Disease_Perturbations_from_GEO_up/_down 'Cardiomyopathy C0878544 human GSE5406 sample 88'; crowd-extracted GEO signature (Wang 2016 Nat Commun 7:12846); GSE5406 (Hannenhalli 2006 Circulation 114:1269, human LV, ischemic/idiopathic cardiomyopathy vs non-failing); up/down = genes up/down in failing vs non-failing LV"
IL1RL1,-1,HF-down,,"Enrichr (Kuleshov 2016 NAR 44:W90) Disease_Perturbations_from_GEO_up/_down 'Cardiomyopathy C0878544 human GSE5406 sample 88'; crowd-extracted GEO signature (Wang 2016 Nat Commun 7:12846); GSE5406 (Hannenhalli 2006 Circulation 114:1269, human LV, ischemic/idiopathic cardiomyopathy vs non-failing); up/down = genes up/down in failing vs non-failing LV"
NT5DC2,-1,HF-down,,"Enrichr (Kuleshov 2016 NAR 44:W90) Disease_Perturbations_from_GEO_up/_down 'Cardiomyopathy C0878544 human GSE5406 sample 88'; crowd-extracted GEO signature (Wang 2016 Nat Commun 7:12846); GSE5406 (Hannenhalli 2006 Circulation 114:1269, human LV, ischemic/idiopathic cardiomyopathy vs non-failing); up/down = genes up/down in failing vs non-failing LV"
CBS,-1,HF-down,,"Enrichr (Kuleshov 2016 NAR 44:W90) Disease_Perturbations_from_GEO_up/_down 'Cardiomyopathy C0878544 human GSE5406 sample 88'; crowd-extracted GEO signature (Wang 2016 Nat Commun 7:12846); GSE5406 (Hannenhalli 2006 Circulation 114:1269, human LV, ischemic/idiopathic cardiomyopathy vs non-failing); up/down = genes up/down in failing vs non-failing LV"
ADAMTS1,-1,HF-down,,"Enrichr (Kuleshov 2016 NAR 44:W90) Disease_Perturbations_from_GEO_up/_down 'Cardiomyopathy C0878544 human GSE5406 sample 88'; crowd-extracted GEO signature (Wang 2016 Nat Commun 7:12846); GSE5406 (Hannenhalli 2006 Circulation 114:1269, human LV, ischemic/idiopathic cardiomyopathy vs non-failing); up/down = genes up/down in failing vs non-failing LV"
SEC61A1,-1,HF-down,,"Enrichr (Kuleshov 2016 NAR 44:W90) Disease_Perturbations_from_GEO_up/_down 'Cardiomyopathy C0878544 human GSE5406 sample 88'; crowd-extracted GEO signature (Wang 2016 Nat Commun 7:12846); GSE5406 (Hannenhalli 2006 Circulation 114:1269, human LV, ischemic/idiopathic cardiomyopathy vs non-failing); up/down = genes up/down in failing vs non-failing LV"
CDC37L1,-1,HF-down,,"Enrichr (Kuleshov 2016 NAR 44:W90) Disease_Perturbations_from_GEO_up/_down 'Cardiomyopathy C0878544 human GSE5406 sample 88'; crowd-extracted GEO signature (Wang 2016 Nat Commun 7:12846); GSE5406 (Hannenhalli 2006 Circulation 114:1269, human LV, ischemic/idiopathic cardiomyopathy vs non-failing); up/down = genes up/down in failing vs non-failing LV"
VSIG4,-1,HF-down,,"Enrichr (Kuleshov 2016 NAR 44:W90) Disease_Perturbations_from_GEO_up/_down 'Cardiomyopathy C0878544 human GSE5406 sample 88'; crowd-extracted GEO signature (Wang 2016 Nat Commun 7:12846); GSE5406 (Hannenhalli 2006 Circulation 114:1269, human LV, ischemic/idiopathic cardiomyopathy vs non-failing); up/down = genes up/down in failing vs non-failing LV"
