column_id,gene,direction,logFC,stat,fdr_bh,n_collapsed,agreement,cell,group,comparison
human_acute|VL|RNA|EE_vs_CON_15to45min,ALAS2,1,0.114788331721328,0.192974939653589,0.9611814451603564,1.0,1.0,0.192974939653589,erythroid (EDS subset),"Human vastus lateralis RNA, EE–CON 15–45 min"
human_acute|VL|RNA|EE_vs_CON_15to45min,AHSP,1,,,,,,,erythroid (EDS subset),"Human vastus lateralis RNA, EE–CON 15–45 min"
human_acute|VL|RNA|EE_vs_CON_15to45min,CA1,1,,,,,,,erythroid (EDS subset),"Human vastus lateralis RNA, EE–CON 15–45 min"
human_acute|VL|RNA|EE_vs_CON_15to45min,EPB42,1,,,,,,,erythroid (EDS subset),"Human vastus lateralis RNA, EE–CON 15–45 min"
human_acute|VL|RNA|EE_vs_CON_15to45min,FECH,1,-0.0618097672167863,-1.33948124781148,0.5516884632857819,1.0,-1.0,-1.33948124781148,erythroid (EDS subset),"Human vastus lateralis RNA, EE–CON 15–45 min"
human_acute|VL|RNA|EE_vs_CON_15to45min,GLRX5,1,-0.0436625586600412,-0.892541129242539,0.7315640658445471,1.0,-1.0,-0.892541129242539,erythroid (EDS subset),"Human vastus lateralis RNA, EE–CON 15–45 min"
human_acute|VL|RNA|EE_vs_CON_15to45min,GSPT1,1,-0.0349320266149657,-0.785624767791417,0.7714307108662031,1.0,-1.0,-0.785624767791417,erythroid (EDS subset),"Human vastus lateralis RNA, EE–CON 15–45 min"
human_acute|VL|RNA|EE_vs_CON_15to45min,GYPB,1,,,,,,,erythroid (EDS subset),"Human vastus lateralis RNA, EE–CON 15–45 min"
human_acute|VL|RNA|EE_vs_CON_15to45min,GYPE,1,,,,,,,erythroid (EDS subset),"Human vastus lateralis RNA, EE–CON 15–45 min"
human_acute|VL|RNA|EE_vs_CON_15to45min,HBA2,1,-0.0091388391187956,-0.0181263519456435,0.9965359559229124,1.0,-1.0,-0.0181263519456435,erythroid (EDS subset),"Human vastus lateralis RNA, EE–CON 15–45 min"
human_acute|VL|RNA|EE_vs_CON_15to45min,HBB,1,0.0057327696343604,0.0108954248949643,0.998541038998681,1.0,1.0,0.0108954248949643,erythroid (EDS subset),"Human vastus lateralis RNA, EE–CON 15–45 min"
human_acute|VL|RNA|EE_vs_CON_15to45min,HBD,1,,,,,,,erythroid (EDS subset),"Human vastus lateralis RNA, EE–CON 15–45 min"
human_acute|VL|RNA|EE_vs_CON_15to45min,HBM,1,,,,,,,erythroid (EDS subset),"Human vastus lateralis RNA, EE–CON 15–45 min"
human_acute|VL|RNA|EE_vs_CON_15to45min,HBQ1,1,,,,,,,erythroid (EDS subset),"Human vastus lateralis RNA, EE–CON 15–45 min"
human_acute|VL|RNA|EE_vs_CON_15to45min,BPGM,1,0.0044956236098925,0.0477079138815035,0.9907935951286432,1.0,1.0,0.0477079138815035,erythroid (EDS subset),"Human vastus lateralis RNA, EE–CON 15–45 min"
human_acute|VL|RNA|EE_vs_CON_15to45min,MYL4,1,,,,,,,erythroid (EDS subset),"Human vastus lateralis RNA, EE–CON 15–45 min"
human_acute|VL|RNA|EE_vs_CON_15to45min,SELENBP1,1,-0.202423310145452,-2.69608704608596,0.0955823372961238,1.0,-1.0,-2.69608704608596,erythroid (EDS subset),"Human vastus lateralis RNA, EE–CON 15–45 min"
human_acute|VL|RNA|EE_vs_CON_15to45min,SLC25A37,1,-0.0938276472967576,-1.52198596160251,0.4726247676843826,1.0,-1.0,-1.52198596160251,erythroid (EDS subset),"Human vastus lateralis RNA, EE–CON 15–45 min"
human_acute|VL|RNA|EE_vs_CON_15to45min,SNCA,1,,,,,,,erythroid (EDS subset),"Human vastus lateralis RNA, EE–CON 15–45 min"
human_acute|VL|RNA|EE_vs_CON_15to45min,TMCC2,1,-0.033009926754346,-0.234639162411998,0.9512928489923964,1.0,-1.0,-0.234639162411998,erythroid (EDS subset),"Human vastus lateralis RNA, EE–CON 15–45 min"
human_acute|VL|RNA|EE_vs_CON_15to45min,TSPAN5,1,0.150145980869576,0.56832494482569,0.8503605253346155,1.0,1.0,0.56832494482569,erythroid (EDS subset),"Human vastus lateralis RNA, EE–CON 15–45 min"
human_acute|VL|RNA|EE_vs_CON_15to45min,GATA1,1,,,,,,,erythroid (EDS subset),"Human vastus lateralis RNA, EE–CON 15–45 min"
human_acute|VL|RNA|EE_vs_CON_3.5to4h,ALAS2,1,-0.230392443559295,-0.38473515669391,0.8702558883267463,1.0,-1.0,-0.38473515669391,erythroid (EDS subset),"Human vastus lateralis RNA, EE–CON 3.5–4 h"
human_acute|VL|RNA|EE_vs_CON_3.5to4h,AHSP,1,,,,,,,erythroid (EDS subset),"Human vastus lateralis RNA, EE–CON 3.5–4 h"
human_acute|VL|RNA|EE_vs_CON_3.5to4h,CA1,1,,,,,,,erythroid (EDS subset),"Human vastus lateralis RNA, EE–CON 3.5–4 h"
human_acute|VL|RNA|EE_vs_CON_3.5to4h,EPB42,1,,,,,,,erythroid (EDS subset),"Human vastus lateralis RNA, EE–CON 3.5–4 h"
human_acute|VL|RNA|EE_vs_CON_3.5to4h,FECH,1,-0.0774150456886966,-1.59621470254682,0.3290188827015415,1.0,-1.0,-1.59621470254682,erythroid (EDS subset),"Human vastus lateralis RNA, EE–CON 3.5–4 h"
human_acute|VL|RNA|EE_vs_CON_3.5to4h,GLRX5,1,-0.0798285022387626,-1.54809246092254,0.3474984709962037,1.0,-1.0,-1.54809246092254,erythroid (EDS subset),"Human vastus lateralis RNA, EE–CON 3.5–4 h"
human_acute|VL|RNA|EE_vs_CON_3.5to4h,GSPT1,1,0.0474453169808999,1.01475249273842,0.5912559526591188,1.0,1.0,1.01475249273842,erythroid (EDS subset),"Human vastus lateralis RNA, EE–CON 3.5–4 h"
human_acute|VL|RNA|EE_vs_CON_3.5to4h,GYPB,1,,,,,,,erythroid (EDS subset),"Human vastus lateralis RNA, EE–CON 3.5–4 h"
human_acute|VL|RNA|EE_vs_CON_3.5to4h,GYPE,1,,,,,,,erythroid (EDS subset),"Human vastus lateralis RNA, EE–CON 3.5–4 h"
human_acute|VL|RNA|EE_vs_CON_3.5to4h,HBA2,1,-0.094126017333481,-0.184723012331422,0.9421371106304666,1.0,-1.0,-0.184723012331422,erythroid (EDS subset),"Human vastus lateralis RNA, EE–CON 3.5–4 h"
human_acute|VL|RNA|EE_vs_CON_3.5to4h,HBB,1,-0.0142501628149797,-0.0262075451843776,0.992332600050438,1.0,-1.0,-0.0262075451843776,erythroid (EDS subset),"Human vastus lateralis RNA, EE–CON 3.5–4 h"
human_acute|VL|RNA|EE_vs_CON_3.5to4h,HBD,1,,,,,,,erythroid (EDS subset),"Human vastus lateralis RNA, EE–CON 3.5–4 h"
human_acute|VL|RNA|EE_vs_CON_3.5to4h,HBM,1,,,,,,,erythroid (EDS subset),"Human vastus lateralis RNA, EE–CON 3.5–4 h"
human_acute|VL|RNA|EE_vs_CON_3.5to4h,HBQ1,1,,,,,,,erythroid (EDS subset),"Human vastus lateralis RNA, EE–CON 3.5–4 h"
human_acute|VL|RNA|EE_vs_CON_3.5to4h,BPGM,1,-0.0627853677894743,-0.645737450098547,0.7602925992653687,1.0,-1.0,-0.645737450098547,erythroid (EDS subset),"Human vastus lateralis RNA, EE–CON 3.5–4 h"
human_acute|VL|RNA|EE_vs_CON_3.5to4h,MYL4,1,,,,,,,erythroid (EDS subset),"Human vastus lateralis RNA, EE–CON 3.5–4 h"
human_acute|VL|RNA|EE_vs_CON_3.5to4h,SELENBP1,1,-0.240145053685827,-3.04400139579373,0.0239028810316047,1.0,-1.0,-3.04400139579373,erythroid (EDS subset),"Human vastus lateralis RNA, EE–CON 3.5–4 h"
human_acute|VL|RNA|EE_vs_CON_3.5to4h,SLC25A37,1,0.0544418000284725,0.840546225024322,0.6729551572133625,1.0,1.0,0.840546225024322,erythroid (EDS subset),"Human vastus lateralis RNA, EE–CON 3.5–4 h"
human_acute|VL|RNA|EE_vs_CON_3.5to4h,SNCA,1,,,,,,,erythroid (EDS subset),"Human vastus lateralis RNA, EE–CON 3.5–4 h"
human_acute|VL|RNA|EE_vs_CON_3.5to4h,TMCC2,1,-0.738310343249438,-4.9321262906731,4.6456167912916776e-05,1.0,-1.0,-4.0,erythroid (EDS subset),"Human vastus lateralis RNA, EE–CON 3.5–4 h"
human_acute|VL|RNA|EE_vs_CON_3.5to4h,TSPAN5,1,0.158459324040406,0.669630161673622,0.7519195440442084,1.0,1.0,0.669630161673622,erythroid (EDS subset),"Human vastus lateralis RNA, EE–CON 3.5–4 h"
human_acute|VL|RNA|EE_vs_CON_3.5to4h,GATA1,1,,,,,,,erythroid (EDS subset),"Human vastus lateralis RNA, EE–CON 3.5–4 h"
human_acute|VL|RNA|EE_vs_CON_24h,ALAS2,1,0.892851284130481,1.61945848469065,0.3786039136831478,1.0,1.0,1.61945848469065,erythroid (EDS subset),"Human vastus lateralis RNA, EE–CON 24 h"
human_acute|VL|RNA|EE_vs_CON_24h,AHSP,1,,,,,,,erythroid (EDS subset),"Human vastus lateralis RNA, EE–CON 24 h"
human_acute|VL|RNA|EE_vs_CON_24h,CA1,1,,,,,,,erythroid (EDS subset),"Human vastus lateralis RNA, EE–CON 24 h"
human_acute|VL|RNA|EE_vs_CON_24h,EPB42,1,,,,,,,erythroid (EDS subset),"Human vastus lateralis RNA, EE–CON 24 h"
human_acute|VL|RNA|EE_vs_CON_24h,FECH,1,0.0032802393430451,0.0728729961451385,0.986379721297992,1.0,1.0,0.0728729961451385,erythroid (EDS subset),"Human vastus lateralis RNA, EE–CON 24 h"
human_acute|VL|RNA|EE_vs_CON_24h,GLRX5,1,0.139946692517974,2.93247629411064,0.0477710414224937,1.0,1.0,2.93247629411064,erythroid (EDS subset),"Human vastus lateralis RNA, EE–CON 24 h"
human_acute|VL|RNA|EE_vs_CON_24h,GSPT1,1,-0.0437477819635639,-1.00561365769141,0.6496049048117695,1.0,-1.0,-1.00561365769141,erythroid (EDS subset),"Human vastus lateralis RNA, EE–CON 24 h"
human_acute|VL|RNA|EE_vs_CON_24h,GYPB,1,,,,,,,erythroid (EDS subset),"Human vastus lateralis RNA, EE–CON 24 h"
human_acute|VL|RNA|EE_vs_CON_24h,GYPE,1,,,,,,,erythroid (EDS subset),"Human vastus lateralis RNA, EE–CON 24 h"
human_acute|VL|RNA|EE_vs_CON_24h,HBA2,1,0.593655333536614,1.23360037976527,0.5499168542575066,1.0,1.0,1.23360037976527,erythroid (EDS subset),"Human vastus lateralis RNA, EE–CON 24 h"
human_acute|VL|RNA|EE_vs_CON_24h,HBB,1,0.407134157944651,0.795376218824142,0.7388043228690679,1.0,1.0,0.795376218824142,erythroid (EDS subset),"Human vastus lateralis RNA, EE–CON 24 h"
human_acute|VL|RNA|EE_vs_CON_24h,HBD,1,,,,,,,erythroid (EDS subset),"Human vastus lateralis RNA, EE–CON 24 h"
human_acute|VL|RNA|EE_vs_CON_24h,HBM,1,,,,,,,erythroid (EDS subset),"Human vastus lateralis RNA, EE–CON 24 h"
human_acute|VL|RNA|EE_vs_CON_24h,HBQ1,1,,,,,,,erythroid (EDS subset),"Human vastus lateralis RNA, EE–CON 24 h"
human_acute|VL|RNA|EE_vs_CON_24h,BPGM,1,0.376360878338073,4.12215579110519,0.0021431539212903,1.0,1.0,4.0,erythroid (EDS subset),"Human vastus lateralis RNA, EE–CON 24 h"
human_acute|VL|RNA|EE_vs_CON_24h,MYL4,1,,,,,,,erythroid (EDS subset),"Human vastus lateralis RNA, EE–CON 24 h"
human_acute|VL|RNA|EE_vs_CON_24h,SELENBP1,1,-0.0759380141757386,-1.03432609886845,0.6376562264270685,1.0,-1.0,-1.03432609886845,erythroid (EDS subset),"Human vastus lateralis RNA, EE–CON 24 h"
human_acute|VL|RNA|EE_vs_CON_24h,SLC25A37,1,0.0574490186584029,0.957431058609505,0.6679022702758399,1.0,1.0,0.957431058609505,erythroid (EDS subset),"Human vastus lateralis RNA, EE–CON 24 h"
human_acute|VL|RNA|EE_vs_CON_24h,SNCA,1,,,,,,,erythroid (EDS subset),"Human vastus lateralis RNA, EE–CON 24 h"
human_acute|VL|RNA|EE_vs_CON_24h,TMCC2,1,-0.122445225819307,-0.887236303158515,0.7007320720537402,1.0,-1.0,-0.887236303158515,erythroid (EDS subset),"Human vastus lateralis RNA, EE–CON 24 h"
human_acute|VL|RNA|EE_vs_CON_24h,TSPAN5,1,0.361360697396661,1.44605216973633,0.4510896100592094,1.0,1.0,1.44605216973633,erythroid (EDS subset),"Human vastus lateralis RNA, EE–CON 24 h"
human_acute|VL|RNA|EE_vs_CON_24h,GATA1,1,,,,,,,erythroid (EDS subset),"Human vastus lateralis RNA, EE–CON 24 h"
human_acute|VL|RNA|RE_vs_CON_15to45min,ALAS2,1,0.120114212812477,0.20836006543377,0.9521134102358292,1.0,1.0,0.20836006543377,erythroid (EDS subset),"Human vastus lateralis RNA, RE–CON 15–45 min"
human_acute|VL|RNA|RE_vs_CON_15to45min,AHSP,1,,,,,,,erythroid (EDS subset),"Human vastus lateralis RNA, RE–CON 15–45 min"
human_acute|VL|RNA|RE_vs_CON_15to45min,CA1,1,,,,,,,erythroid (EDS subset),"Human vastus lateralis RNA, RE–CON 15–45 min"
human_acute|VL|RNA|RE_vs_CON_15to45min,EPB42,1,,,,,,,erythroid (EDS subset),"Human vastus lateralis RNA, RE–CON 15–45 min"
human_acute|VL|RNA|RE_vs_CON_15to45min,FECH,1,-0.101122760574203,-2.26098596219637,0.2098065385494948,1.0,-1.0,-2.26098596219637,erythroid (EDS subset),"Human vastus lateralis RNA, RE–CON 15–45 min"
human_acute|VL|RNA|RE_vs_CON_15to45min,GLRX5,1,-0.065571587868253,-1.38389156634623,0.5328385563470521,1.0,-1.0,-1.38389156634623,erythroid (EDS subset),"Human vastus lateralis RNA, RE–CON 15–45 min"
human_acute|VL|RNA|RE_vs_CON_15to45min,GSPT1,1,-0.0487325521811002,-1.13083849535277,0.6371421904087103,1.0,-1.0,-1.13083849535277,erythroid (EDS subset),"Human vastus lateralis RNA, RE–CON 15–45 min"
human_acute|VL|RNA|RE_vs_CON_15to45min,GYPB,1,,,,,,,erythroid (EDS subset),"Human vastus lateralis RNA, RE–CON 15–45 min"
human_acute|VL|RNA|RE_vs_CON_15to45min,GYPE,1,,,,,,,erythroid (EDS subset),"Human vastus lateralis RNA, RE–CON 15–45 min"
human_acute|VL|RNA|RE_vs_CON_15to45min,HBA2,1,-0.182072875018652,-0.364285287006208,0.910039894632941,1.0,-1.0,-0.364285287006208,erythroid (EDS subset),"Human vastus lateralis RNA, RE–CON 15–45 min"
human_acute|VL|RNA|RE_vs_CON_15to45min,HBB,1,-0.332389950733531,-0.635455923812567,0.8267899974671375,1.0,-1.0,-0.635455923812567,erythroid (EDS subset),"Human vastus lateralis RNA, RE–CON 15–45 min"
human_acute|VL|RNA|RE_vs_CON_15to45min,HBD,1,,,,,,,erythroid (EDS subset),"Human vastus lateralis RNA, RE–CON 15–45 min"
human_acute|VL|RNA|RE_vs_CON_15to45min,HBM,1,,,,,,,erythroid (EDS subset),"Human vastus lateralis RNA, RE–CON 15–45 min"
human_acute|VL|RNA|RE_vs_CON_15to45min,HBQ1,1,,,,,,,erythroid (EDS subset),"Human vastus lateralis RNA, RE–CON 15–45 min"
human_acute|VL|RNA|RE_vs_CON_15to45min,BPGM,1,0.00542295365643,0.0594275280545972,0.9870362899744208,1.0,1.0,0.0594275280545972,erythroid (EDS subset),"Human vastus lateralis RNA, RE–CON 15–45 min"
human_acute|VL|RNA|RE_vs_CON_15to45min,MYL4,1,,,,,,,erythroid (EDS subset),"Human vastus lateralis RNA, RE–CON 15–45 min"
human_acute|VL|RNA|RE_vs_CON_15to45min,SELENBP1,1,-0.151349308615023,-2.0797239633925,0.2676099545928763,1.0,-1.0,-2.0797239633925,erythroid (EDS subset),"Human vastus lateralis RNA, RE–CON 15–45 min"
human_acute|VL|RNA|RE_vs_CON_15to45min,SLC25A37,1,-0.0450606753965017,-0.755240526220878,0.7866014294484869,1.0,-1.0,-0.755240526220878,erythroid (EDS subset),"Human vastus lateralis RNA, RE–CON 15–45 min"
human_acute|VL|RNA|RE_vs_CON_15to45min,SNCA,1,,,,,,,erythroid (EDS subset),"Human vastus lateralis RNA, RE–CON 15–45 min"
human_acute|VL|RNA|RE_vs_CON_15to45min,TMCC2,1,-0.248809936560518,-1.81578298175575,0.3622590465325666,1.0,-1.0,-1.81578298175575,erythroid (EDS subset),"Human vastus lateralis RNA, RE–CON 15–45 min"
human_acute|VL|RNA|RE_vs_CON_15to45min,TSPAN5,1,-0.0251532636723977,-0.0984677039480575,0.9786480865623028,1.0,-1.0,-0.0984677039480575,erythroid (EDS subset),"Human vastus lateralis RNA, RE–CON 15–45 min"
human_acute|VL|RNA|RE_vs_CON_15to45min,GATA1,1,,,,,,,erythroid (EDS subset),"Human vastus lateralis RNA, RE–CON 15–45 min"
human_acute|VL|RNA|RE_vs_CON_3.5to4h,ALAS2,1,-1.16911857506481,-2.02929724612915,0.1060972327157751,1.0,-1.0,-2.02929724612915,erythroid (EDS subset),"Human vastus lateralis RNA, RE–CON 3.5–4 h"
human_acute|VL|RNA|RE_vs_CON_3.5to4h,AHSP,1,,,,,,,erythroid (EDS subset),"Human vastus lateralis RNA, RE–CON 3.5–4 h"
human_acute|VL|RNA|RE_vs_CON_3.5to4h,CA1,1,,,,,,,erythroid (EDS subset),"Human vastus lateralis RNA, RE–CON 3.5–4 h"
human_acute|VL|RNA|RE_vs_CON_3.5to4h,EPB42,1,,,,,,,erythroid (EDS subset),"Human vastus lateralis RNA, RE–CON 3.5–4 h"
human_acute|VL|RNA|RE_vs_CON_3.5to4h,FECH,1,-0.0970357678204046,-2.08511483603059,0.0956348744296966,1.0,-1.0,-2.08511483603059,erythroid (EDS subset),"Human vastus lateralis RNA, RE–CON 3.5–4 h"
human_acute|VL|RNA|RE_vs_CON_3.5to4h,GLRX5,1,-0.0231616002996438,-0.469857132981312,0.7662990878433403,1.0,-1.0,-0.469857132981312,erythroid (EDS subset),"Human vastus lateralis RNA, RE–CON 3.5–4 h"
human_acute|VL|RNA|RE_vs_CON_3.5to4h,GSPT1,1,0.131734111465429,2.94452302918947,0.0134350160890057,1.0,1.0,2.94452302918947,erythroid (EDS subset),"Human vastus lateralis RNA, RE–CON 3.5–4 h"
human_acute|VL|RNA|RE_vs_CON_3.5to4h,GYPB,1,,,,,,,erythroid (EDS subset),"Human vastus lateralis RNA, RE–CON 3.5–4 h"
human_acute|VL|RNA|RE_vs_CON_3.5to4h,GYPE,1,,,,,,,erythroid (EDS subset),"Human vastus lateralis RNA, RE–CON 3.5–4 h"
human_acute|VL|RNA|RE_vs_CON_3.5to4h,HBA2,1,-0.357756128176955,-0.694624804858186,0.6434438267503884,1.0,-1.0,-0.694624804858186,erythroid (EDS subset),"Human vastus lateralis RNA, RE–CON 3.5–4 h"
human_acute|VL|RNA|RE_vs_CON_3.5to4h,HBB,1,-0.642249066978309,-1.16093698678657,0.3991609177457444,1.0,-1.0,-1.16093698678657,erythroid (EDS subset),"Human vastus lateralis RNA, RE–CON 3.5–4 h"
human_acute|VL|RNA|RE_vs_CON_3.5to4h,HBD,1,,,,,,,erythroid (EDS subset),"Human vastus lateralis RNA, RE–CON 3.5–4 h"
human_acute|VL|RNA|RE_vs_CON_3.5to4h,HBM,1,,,,,,,erythroid (EDS subset),"Human vastus lateralis RNA, RE–CON 3.5–4 h"
human_acute|VL|RNA|RE_vs_CON_3.5to4h,HBQ1,1,,,,,,,erythroid (EDS subset),"Human vastus lateralis RNA, RE–CON 3.5–4 h"
human_acute|VL|RNA|RE_vs_CON_3.5to4h,BPGM,1,-0.0718074147550176,-0.771098867174701,0.6011926007602966,1.0,-1.0,-0.771098867174701,erythroid (EDS subset),"Human vastus lateralis RNA, RE–CON 3.5–4 h"
human_acute|VL|RNA|RE_vs_CON_3.5to4h,MYL4,1,,,,,,,erythroid (EDS subset),"Human vastus lateralis RNA, RE–CON 3.5–4 h"
human_acute|VL|RNA|RE_vs_CON_3.5to4h,SELENBP1,1,-0.246603751372626,-3.25688000222995,0.0057243255026084,1.0,-1.0,-3.25688000222995,erythroid (EDS subset),"Human vastus lateralis RNA, RE–CON 3.5–4 h"
human_acute|VL|RNA|RE_vs_CON_3.5to4h,SLC25A37,1,-0.0075889753252278,-0.122365303000428,0.9435179660631884,1.0,-1.0,-0.122365303000428,erythroid (EDS subset),"Human vastus lateralis RNA, RE–CON 3.5–4 h"
human_acute|VL|RNA|RE_vs_CON_3.5to4h,SNCA,1,,,,,,,erythroid (EDS subset),"Human vastus lateralis RNA, RE–CON 3.5–4 h"
human_acute|VL|RNA|RE_vs_CON_3.5to4h,TMCC2,1,-1.02638065161369,-7.08467242704372,3.392051817918633e-10,1.0,-1.0,-4.0,erythroid (EDS subset),"Human vastus lateralis RNA, RE–CON 3.5–4 h"
human_acute|VL|RNA|RE_vs_CON_3.5to4h,TSPAN5,1,0.547144643145678,2.43801168009481,0.046352386374353,1.0,1.0,2.43801168009481,erythroid (EDS subset),"Human vastus lateralis RNA, RE–CON 3.5–4 h"
human_acute|VL|RNA|RE_vs_CON_3.5to4h,GATA1,1,,,,,,,erythroid (EDS subset),"Human vastus lateralis RNA, RE–CON 3.5–4 h"
human_acute|VL|RNA|RE_vs_CON_24h,ALAS2,1,0.38673403441407,0.687184816555681,0.7141041211940596,1.0,1.0,0.687184816555681,erythroid (EDS subset),"Human vastus lateralis RNA, RE–CON 24 h"
human_acute|VL|RNA|RE_vs_CON_24h,AHSP,1,,,,,,,erythroid (EDS subset),"Human vastus lateralis RNA, RE–CON 24 h"
human_acute|VL|RNA|RE_vs_CON_24h,CA1,1,,,,,,,erythroid (EDS subset),"Human vastus lateralis RNA, RE–CON 24 h"
human_acute|VL|RNA|RE_vs_CON_24h,EPB42,1,,,,,,,erythroid (EDS subset),"Human vastus lateralis RNA, RE–CON 24 h"
human_acute|VL|RNA|RE_vs_CON_24h,FECH,1,-0.15984101904132,-3.62464311444707,0.0033077577178314,1.0,-1.0,-3.62464311444707,erythroid (EDS subset),"Human vastus lateralis RNA, RE–CON 24 h"
human_acute|VL|RNA|RE_vs_CON_24h,GLRX5,1,-0.0370989901068048,-0.795522438459735,0.662460109864089,1.0,-1.0,-0.795522438459735,erythroid (EDS subset),"Human vastus lateralis RNA, RE–CON 24 h"
human_acute|VL|RNA|RE_vs_CON_24h,GSPT1,1,0.027986091718053,0.657314932238663,0.7291755823093126,1.0,1.0,0.657314932238663,erythroid (EDS subset),"Human vastus lateralis RNA, RE–CON 24 h"
human_acute|VL|RNA|RE_vs_CON_24h,GYPB,1,,,,,,,erythroid (EDS subset),"Human vastus lateralis RNA, RE–CON 24 h"
human_acute|VL|RNA|RE_vs_CON_24h,GYPE,1,,,,,,,erythroid (EDS subset),"Human vastus lateralis RNA, RE–CON 24 h"
human_acute|VL|RNA|RE_vs_CON_24h,HBA2,1,0.0435909105346058,0.0872671759880086,0.9723943734800587,1.0,1.0,0.0872671759880086,erythroid (EDS subset),"Human vastus lateralis RNA, RE–CON 24 h"
human_acute|VL|RNA|RE_vs_CON_24h,HBB,1,-0.0200621320431016,-0.0378343994296799,0.98761117402897,1.0,-1.0,-0.0378343994296799,erythroid (EDS subset),"Human vastus lateralis RNA, RE–CON 24 h"
human_acute|VL|RNA|RE_vs_CON_24h,HBD,1,,,,,,,erythroid (EDS subset),"Human vastus lateralis RNA, RE–CON 24 h"
human_acute|VL|RNA|RE_vs_CON_24h,HBM,1,,,,,,,erythroid (EDS subset),"Human vastus lateralis RNA, RE–CON 24 h"
human_acute|VL|RNA|RE_vs_CON_24h,HBQ1,1,,,,,,,erythroid (EDS subset),"Human vastus lateralis RNA, RE–CON 24 h"
human_acute|VL|RNA|RE_vs_CON_24h,BPGM,1,0.531103515624805,5.98284607043434,3.589342175077862e-07,1.0,1.0,4.0,erythroid (EDS subset),"Human vastus lateralis RNA, RE–CON 24 h"
human_acute|VL|RNA|RE_vs_CON_24h,MYL4,1,,,,,,,erythroid (EDS subset),"Human vastus lateralis RNA, RE–CON 24 h"
human_acute|VL|RNA|RE_vs_CON_24h,SELENBP1,1,-0.293411912913778,-4.08029564186072,0.0007781415655872,1.0,-1.0,-4.0,erythroid (EDS subset),"Human vastus lateralis RNA, RE–CON 24 h"
human_acute|VL|RNA|RE_vs_CON_24h,SLC25A37,1,0.236757083333914,4.04253411046562,0.0008818815357491,1.0,1.0,4.0,erythroid (EDS subset),"Human vastus lateralis RNA, RE–CON 24 h"
human_acute|VL|RNA|RE_vs_CON_24h,SNCA,1,,,,,,,erythroid (EDS subset),"Human vastus lateralis RNA, RE–CON 24 h"
human_acute|VL|RNA|RE_vs_CON_24h,TMCC2,1,-0.0892987719066123,-0.666547987602833,0.7243789993636327,1.0,-1.0,-0.666547987602833,erythroid (EDS subset),"Human vastus lateralis RNA, RE–CON 24 h"
human_acute|VL|RNA|RE_vs_CON_24h,TSPAN5,1,0.358356748016178,1.45428516151872,0.3433332842706604,1.0,1.0,1.45428516151872,erythroid (EDS subset),"Human vastus lateralis RNA, RE–CON 24 h"
human_acute|VL|RNA|RE_vs_CON_24h,GATA1,1,,,,,,,erythroid (EDS subset),"Human vastus lateralis RNA, RE–CON 24 h"
human_acute|VL|PROT|EE_vs_CON_15to45min,ALAS2,1,,,,,,,erythroid (EDS subset),"Human vastus lateralis protein, EE–CON 15–45 min"
human_acute|VL|PROT|EE_vs_CON_15to45min,AHSP,1,0.328137478957074,1.06037736938965,0.9976662116187048,1.0,1.0,1.06037736938965,erythroid (EDS subset),"Human vastus lateralis protein, EE–CON 15–45 min"
human_acute|VL|PROT|EE_vs_CON_15to45min,CA1,1,0.504465416305386,1.4864661462315,0.9976662116187048,1.0,1.0,1.4864661462315,erythroid (EDS subset),"Human vastus lateralis protein, EE–CON 15–45 min"
human_acute|VL|PROT|EE_vs_CON_15to45min,EPB42,1,0.32504836492499,1.24950453943068,0.9976662116187048,1.0,1.0,1.24950453943068,erythroid (EDS subset),"Human vastus lateralis protein, EE–CON 15–45 min"
human_acute|VL|PROT|EE_vs_CON_15to45min,FECH,1,-0.0869656906732959,-1.83040241187796,0.9976662116187048,1.0,-1.0,-1.83040241187796,erythroid (EDS subset),"Human vastus lateralis protein, EE–CON 15–45 min"
human_acute|VL|PROT|EE_vs_CON_15to45min,GLRX5,1,-0.0789531111902566,-1.72390157185819,0.9976662116187048,1.0,-1.0,-1.72390157185819,erythroid (EDS subset),"Human vastus lateralis protein, EE–CON 15–45 min"
human_acute|VL|PROT|EE_vs_CON_15to45min,GSPT1,1,0.0061700316531774,0.216614588684403,0.9976662116187048,1.0,1.0,0.216614588684403,erythroid (EDS subset),"Human vastus lateralis protein, EE–CON 15–45 min"
human_acute|VL|PROT|EE_vs_CON_15to45min,GYPB,1,,,,,,,erythroid (EDS subset),"Human vastus lateralis protein, EE–CON 15–45 min"
human_acute|VL|PROT|EE_vs_CON_15to45min,GYPE,1,,,,,,,erythroid (EDS subset),"Human vastus lateralis protein, EE–CON 15–45 min"
human_acute|VL|PROT|EE_vs_CON_15to45min,HBA2,1,,,,,,,erythroid (EDS subset),"Human vastus lateralis protein, EE–CON 15–45 min"
human_acute|VL|PROT|EE_vs_CON_15to45min,HBB,1,0.374778908273708,1.06049884896026,0.9976662116187048,1.0,1.0,1.06049884896026,erythroid (EDS subset),"Human vastus lateralis protein, EE–CON 15–45 min"
human_acute|VL|PROT|EE_vs_CON_15to45min,HBD,1,0.295248977033851,0.889148345723684,0.9976662116187048,1.0,1.0,0.889148345723684,erythroid (EDS subset),"Human vastus lateralis protein, EE–CON 15–45 min"
human_acute|VL|PROT|EE_vs_CON_15to45min,HBM,1,0.153987146310544,0.553237396646512,0.9976662116187048,1.0,1.0,0.553237396646512,erythroid (EDS subset),"Human vastus lateralis protein, EE–CON 15–45 min"
human_acute|VL|PROT|EE_vs_CON_15to45min,HBQ1,1,0.106615489492463,0.439808955181802,0.9976662116187048,1.0,1.0,0.439808955181802,erythroid (EDS subset),"Human vastus lateralis protein, EE–CON 15–45 min"
human_acute|VL|PROT|EE_vs_CON_15to45min,BPGM,1,0.20731781237235,1.0842065302849,0.9976662116187048,1.0,1.0,1.0842065302849,erythroid (EDS subset),"Human vastus lateralis protein, EE–CON 15–45 min"
human_acute|VL|PROT|EE_vs_CON_15to45min,MYL4,1,0.0113593057549202,0.0684103054969838,0.9976662116187048,1.0,1.0,0.0684103054969838,erythroid (EDS subset),"Human vastus lateralis protein, EE–CON 15–45 min"
human_acute|VL|PROT|EE_vs_CON_15to45min,SELENBP1,1,0.0466080626225854,0.555950160703569,0.9976662116187048,1.0,1.0,0.555950160703569,erythroid (EDS subset),"Human vastus lateralis protein, EE–CON 15–45 min"
human_acute|VL|PROT|EE_vs_CON_15to45min,SLC25A37,1,,,,,,,erythroid (EDS subset),"Human vastus lateralis protein, EE–CON 15–45 min"
human_acute|VL|PROT|EE_vs_CON_15to45min,SNCA,1,0.363401665250987,1.2794462768342,0.9976662116187048,1.0,1.0,1.2794462768342,erythroid (EDS subset),"Human vastus lateralis protein, EE–CON 15–45 min"
human_acute|VL|PROT|EE_vs_CON_15to45min,TMCC2,1,,,,,,,erythroid (EDS subset),"Human vastus lateralis protein, EE–CON 15–45 min"
human_acute|VL|PROT|EE_vs_CON_15to45min,TSPAN5,1,,,,,,,erythroid (EDS subset),"Human vastus lateralis protein, EE–CON 15–45 min"
human_acute|VL|PROT|EE_vs_CON_15to45min,GATA1,1,,,,,,,erythroid (EDS subset),"Human vastus lateralis protein, EE–CON 15–45 min"
human_acute|VL|PROT|EE_vs_CON_3.5to4h,ALAS2,1,,,,,,,erythroid (EDS subset),"Human vastus lateralis protein, EE–CON 3.5–4 h"
human_acute|VL|PROT|EE_vs_CON_3.5to4h,AHSP,1,0.0832155843136632,0.24621795724145,0.9992395295828024,1.0,1.0,0.24621795724145,erythroid (EDS subset),"Human vastus lateralis protein, EE–CON 3.5–4 h"
human_acute|VL|PROT|EE_vs_CON_3.5to4h,CA1,1,-0.182875547072008,-0.49050110475305,0.9992395295828024,1.0,-1.0,-0.49050110475305,erythroid (EDS subset),"Human vastus lateralis protein, EE–CON 3.5–4 h"
human_acute|VL|PROT|EE_vs_CON_3.5to4h,EPB42,1,-0.111853208178174,-0.391380356798164,0.9992395295828024,1.0,-1.0,-0.391380356798164,erythroid (EDS subset),"Human vastus lateralis protein, EE–CON 3.5–4 h"
human_acute|VL|PROT|EE_vs_CON_3.5to4h,FECH,1,0.0053268358064028,0.100971582492338,0.9992395295828024,1.0,1.0,0.100971582492338,erythroid (EDS subset),"Human vastus lateralis protein, EE–CON 3.5–4 h"
human_acute|VL|PROT|EE_vs_CON_3.5to4h,GLRX5,1,-0.0143650414363252,-0.282264018932705,0.9992395295828024,1.0,-1.0,-0.282264018932705,erythroid (EDS subset),"Human vastus lateralis protein, EE–CON 3.5–4 h"
human_acute|VL|PROT|EE_vs_CON_3.5to4h,GSPT1,1,0.0389775382052353,1.23665613740927,0.9992395295828024,1.0,1.0,1.23665613740927,erythroid (EDS subset),"Human vastus lateralis protein, EE–CON 3.5–4 h"
human_acute|VL|PROT|EE_vs_CON_3.5to4h,GYPB,1,,,,,,,erythroid (EDS subset),"Human vastus lateralis protein, EE–CON 3.5–4 h"
human_acute|VL|PROT|EE_vs_CON_3.5to4h,GYPE,1,,,,,,,erythroid (EDS subset),"Human vastus lateralis protein, EE–CON 3.5–4 h"
human_acute|VL|PROT|EE_vs_CON_3.5to4h,HBA2,1,,,,,,,erythroid (EDS subset),"Human vastus lateralis protein, EE–CON 3.5–4 h"
human_acute|VL|PROT|EE_vs_CON_3.5to4h,HBB,1,-0.0175133579052906,-0.0451092088276705,0.9992395295828024,1.0,-1.0,-0.0451092088276705,erythroid (EDS subset),"Human vastus lateralis protein, EE–CON 3.5–4 h"
human_acute|VL|PROT|EE_vs_CON_3.5to4h,HBD,1,-0.0136146201474165,-0.0373208975185333,0.9992395295828024,1.0,-1.0,-0.0373208975185333,erythroid (EDS subset),"Human vastus lateralis protein, EE–CON 3.5–4 h"
human_acute|VL|PROT|EE_vs_CON_3.5to4h,HBM,1,-0.103528266139308,-0.338302383335013,0.9992395295828024,1.0,-1.0,-0.338302383335013,erythroid (EDS subset),"Human vastus lateralis protein, EE–CON 3.5–4 h"
human_acute|VL|PROT|EE_vs_CON_3.5to4h,HBQ1,1,-0.252416598672997,-0.953198673106422,0.9992395295828024,1.0,-1.0,-0.953198673106422,erythroid (EDS subset),"Human vastus lateralis protein, EE–CON 3.5–4 h"
human_acute|VL|PROT|EE_vs_CON_3.5to4h,BPGM,1,-0.114706133263239,-0.546037875820637,0.9992395295828024,1.0,-1.0,-0.546037875820637,erythroid (EDS subset),"Human vastus lateralis protein, EE–CON 3.5–4 h"
human_acute|VL|PROT|EE_vs_CON_3.5to4h,MYL4,1,0.151831535709728,0.830590276911921,0.9992395295828024,1.0,1.0,0.830590276911921,erythroid (EDS subset),"Human vastus lateralis protein, EE–CON 3.5–4 h"
human_acute|VL|PROT|EE_vs_CON_3.5to4h,SELENBP1,1,0.0440707180625987,0.474374965575175,0.9992395295828024,1.0,1.0,0.474374965575175,erythroid (EDS subset),"Human vastus lateralis protein, EE–CON 3.5–4 h"
human_acute|VL|PROT|EE_vs_CON_3.5to4h,SLC25A37,1,,,,,,,erythroid (EDS subset),"Human vastus lateralis protein, EE–CON 3.5–4 h"
human_acute|VL|PROT|EE_vs_CON_3.5to4h,SNCA,1,-0.134263014629207,-0.43028109313599,0.9992395295828024,1.0,-1.0,-0.43028109313599,erythroid (EDS subset),"Human vastus lateralis protein, EE–CON 3.5–4 h"
human_acute|VL|PROT|EE_vs_CON_3.5to4h,TMCC2,1,,,,,,,erythroid (EDS subset),"Human vastus lateralis protein, EE–CON 3.5–4 h"
human_acute|VL|PROT|EE_vs_CON_3.5to4h,TSPAN5,1,,,,,,,erythroid (EDS subset),"Human vastus lateralis protein, EE–CON 3.5–4 h"
human_acute|VL|PROT|EE_vs_CON_3.5to4h,GATA1,1,,,,,,,erythroid (EDS subset),"Human vastus lateralis protein, EE–CON 3.5–4 h"
human_acute|VL|PROT|EE_vs_CON_24h,ALAS2,1,,,,,,,erythroid (EDS subset),"Human vastus lateralis protein, EE–CON 24 h"
human_acute|VL|PROT|EE_vs_CON_24h,AHSP,1,0.0801543767312001,0.26764251638307,0.963823525889336,1.0,1.0,0.26764251638307,erythroid (EDS subset),"Human vastus lateralis protein, EE–CON 24 h"
human_acute|VL|PROT|EE_vs_CON_24h,CA1,1,0.304602518455318,0.921361783622732,0.848699451091728,1.0,1.0,0.921361783622732,erythroid (EDS subset),"Human vastus lateralis protein, EE–CON 24 h"
human_acute|VL|PROT|EE_vs_CON_24h,EPB42,1,0.24358467528717,0.961198080688953,0.8420314703955107,1.0,1.0,0.961198080688953,erythroid (EDS subset),"Human vastus lateralis protein, EE–CON 24 h"
human_acute|VL|PROT|EE_vs_CON_24h,FECH,1,-0.053864051657768,-1.17593596200005,0.7897288744062139,1.0,-1.0,-1.17593596200005,erythroid (EDS subset),"Human vastus lateralis protein, EE–CON 24 h"
human_acute|VL|PROT|EE_vs_CON_24h,GLRX5,1,-0.0435056332344159,-0.987756279139574,0.8340097386981494,1.0,-1.0,-0.987756279139574,erythroid (EDS subset),"Human vastus lateralis protein, EE–CON 24 h"
human_acute|VL|PROT|EE_vs_CON_24h,GSPT1,1,0.0257678042477367,0.933583668407996,0.8483688345474533,1.0,1.0,0.933583668407996,erythroid (EDS subset),"Human vastus lateralis protein, EE–CON 24 h"
human_acute|VL|PROT|EE_vs_CON_24h,GYPB,1,,,,,,,erythroid (EDS subset),"Human vastus lateralis protein, EE–CON 24 h"
human_acute|VL|PROT|EE_vs_CON_24h,GYPE,1,,,,,,,erythroid (EDS subset),"Human vastus lateralis protein, EE–CON 24 h"
human_acute|VL|PROT|EE_vs_CON_24h,HBA2,1,,,,,,,erythroid (EDS subset),"Human vastus lateralis protein, EE–CON 24 h"
human_acute|VL|PROT|EE_vs_CON_24h,HBB,1,0.313481694607021,0.910584652164333,0.8506283324316517,1.0,1.0,0.910584652164333,erythroid (EDS subset),"Human vastus lateralis protein, EE–CON 24 h"
human_acute|VL|PROT|EE_vs_CON_24h,HBD,1,0.330965081872649,1.02315417369536,0.8257414125491135,1.0,1.0,1.02315417369536,erythroid (EDS subset),"Human vastus lateralis protein, EE–CON 24 h"
human_acute|VL|PROT|EE_vs_CON_24h,HBM,1,0.396533770708805,1.45489700573799,0.7532082268600881,1.0,1.0,1.45489700573799,erythroid (EDS subset),"Human vastus lateralis protein, EE–CON 24 h"
human_acute|VL|PROT|EE_vs_CON_24h,HBQ1,1,0.136440203694106,0.571311983074887,0.9160851099362618,1.0,1.0,0.571311983074887,erythroid (EDS subset),"Human vastus lateralis protein, EE–CON 24 h"
human_acute|VL|PROT|EE_vs_CON_24h,BPGM,1,0.314609912961449,1.68896591186568,0.6974170731265167,1.0,1.0,1.68896591186568,erythroid (EDS subset),"Human vastus lateralis protein, EE–CON 24 h"
human_acute|VL|PROT|EE_vs_CON_24h,MYL4,1,-0.182652363564393,-1.1306048871931,0.7987364457446084,1.0,-1.0,-1.1306048871931,erythroid (EDS subset),"Human vastus lateralis protein, EE–CON 24 h"
human_acute|VL|PROT|EE_vs_CON_24h,SELENBP1,1,0.073493157260048,0.906207835091812,0.8523026738537774,1.0,1.0,0.906207835091812,erythroid (EDS subset),"Human vastus lateralis protein, EE–CON 24 h"
human_acute|VL|PROT|EE_vs_CON_24h,SLC25A37,1,,,,,,,erythroid (EDS subset),"Human vastus lateralis protein, EE–CON 24 h"
human_acute|VL|PROT|EE_vs_CON_24h,SNCA,1,0.237685757904059,0.859036034722574,0.8624389292131367,1.0,1.0,0.859036034722574,erythroid (EDS subset),"Human vastus lateralis protein, EE–CON 24 h"
human_acute|VL|PROT|EE_vs_CON_24h,TMCC2,1,,,,,,,erythroid (EDS subset),"Human vastus lateralis protein, EE–CON 24 h"
human_acute|VL|PROT|EE_vs_CON_24h,TSPAN5,1,,,,,,,erythroid (EDS subset),"Human vastus lateralis protein, EE–CON 24 h"
human_acute|VL|PROT|EE_vs_CON_24h,GATA1,1,,,,,,,erythroid (EDS subset),"Human vastus lateralis protein, EE–CON 24 h"
human_acute|VL|PROT|RE_vs_CON_15to45min,ALAS2,1,,,,,,,erythroid (EDS subset),"Human vastus lateralis protein, RE–CON 15–45 min"
human_acute|VL|PROT|RE_vs_CON_15to45min,AHSP,1,0.258159297003121,0.85574624822336,0.8683828398350464,1.0,1.0,0.85574624822336,erythroid (EDS subset),"Human vastus lateralis protein, RE–CON 15–45 min"
human_acute|VL|PROT|RE_vs_CON_15to45min,CA1,1,0.492284441568448,1.46997117564766,0.8067779026272052,1.0,1.0,1.46997117564766,erythroid (EDS subset),"Human vastus lateralis protein, RE–CON 15–45 min"
human_acute|VL|PROT|RE_vs_CON_15to45min,EPB42,1,0.320528880673196,1.24860797268543,0.8069674612887112,1.0,1.0,1.24860797268543,erythroid (EDS subset),"Human vastus lateralis protein, RE–CON 15–45 min"
human_acute|VL|PROT|RE_vs_CON_15to45min,FECH,1,-0.0961174155899764,-2.0551598511071,0.8067779026272052,1.0,-1.0,-2.0551598511071,erythroid (EDS subset),"Human vastus lateralis protein, RE–CON 15–45 min"
human_acute|VL|PROT|RE_vs_CON_15to45min,GLRX5,1,-0.111986491989661,-2.48640831748314,0.8067779026272052,1.0,-1.0,-2.48640831748314,erythroid (EDS subset),"Human vastus lateralis protein, RE–CON 15–45 min"
human_acute|VL|PROT|RE_vs_CON_15to45min,GSPT1,1,-0.0161632124805285,-0.575500363749753,0.9128028076442752,1.0,-1.0,-0.575500363749753,erythroid (EDS subset),"Human vastus lateralis protein, RE–CON 15–45 min"
human_acute|VL|PROT|RE_vs_CON_15to45min,GYPB,1,,,,,,,erythroid (EDS subset),"Human vastus lateralis protein, RE–CON 15–45 min"
human_acute|VL|PROT|RE_vs_CON_15to45min,GYPE,1,,,,,,,erythroid (EDS subset),"Human vastus lateralis protein, RE–CON 15–45 min"
human_acute|VL|PROT|RE_vs_CON_15to45min,HBA2,1,,,,,,,erythroid (EDS subset),"Human vastus lateralis protein, RE–CON 15–45 min"
human_acute|VL|PROT|RE_vs_CON_15to45min,HBB,1,0.518171334154687,1.48585875516303,0.8067779026272052,1.0,1.0,1.48585875516303,erythroid (EDS subset),"Human vastus lateralis protein, RE–CON 15–45 min"
human_acute|VL|PROT|RE_vs_CON_15to45min,HBD,1,0.443343293751594,1.35299144639899,0.8067779026272052,1.0,1.0,1.35299144639899,erythroid (EDS subset),"Human vastus lateralis protein, RE–CON 15–45 min"
human_acute|VL|PROT|RE_vs_CON_15to45min,HBM,1,0.139446793811866,0.505264157612114,0.921015495009132,1.0,1.0,0.505264157612114,erythroid (EDS subset),"Human vastus lateralis protein, RE–CON 15–45 min"
human_acute|VL|PROT|RE_vs_CON_15to45min,HBQ1,1,0.181500539939439,0.75932309823478,0.8811385680542834,1.0,1.0,0.75932309823478,erythroid (EDS subset),"Human vastus lateralis protein, RE–CON 15–45 min"
human_acute|VL|PROT|RE_vs_CON_15to45min,BPGM,1,0.214173759224423,1.13503889791317,0.8100150710513055,1.0,1.0,1.13503889791317,erythroid (EDS subset),"Human vastus lateralis protein, RE–CON 15–45 min"
human_acute|VL|PROT|RE_vs_CON_15to45min,MYL4,1,0.121367137086092,0.740741633431364,0.8839900245377683,1.0,1.0,0.740741633431364,erythroid (EDS subset),"Human vastus lateralis protein, RE–CON 15–45 min"
human_acute|VL|PROT|RE_vs_CON_15to45min,SELENBP1,1,0.0629278043792208,0.761635427993807,0.880669527448527,1.0,1.0,0.761635427993807,erythroid (EDS subset),"Human vastus lateralis protein, RE–CON 15–45 min"
human_acute|VL|PROT|RE_vs_CON_15to45min,SLC25A37,1,,,,,,,erythroid (EDS subset),"Human vastus lateralis protein, RE–CON 15–45 min"
human_acute|VL|PROT|RE_vs_CON_15to45min,SNCA,1,0.337545671377793,1.2043057754295,0.8077205365761873,1.0,1.0,1.2043057754295,erythroid (EDS subset),"Human vastus lateralis protein, RE–CON 15–45 min"
human_acute|VL|PROT|RE_vs_CON_15to45min,TMCC2,1,,,,,,,erythroid (EDS subset),"Human vastus lateralis protein, RE–CON 15–45 min"
human_acute|VL|PROT|RE_vs_CON_15to45min,TSPAN5,1,,,,,,,erythroid (EDS subset),"Human vastus lateralis protein, RE–CON 15–45 min"
human_acute|VL|PROT|RE_vs_CON_15to45min,GATA1,1,,,,,,,erythroid (EDS subset),"Human vastus lateralis protein, RE–CON 15–45 min"
human_acute|VL|PROT|RE_vs_CON_3.5to4h,ALAS2,1,,,,,,,erythroid (EDS subset),"Human vastus lateralis protein, RE–CON 3.5–4 h"
human_acute|VL|PROT|RE_vs_CON_3.5to4h,AHSP,1,-0.229989912711909,-0.706649502073397,0.9999070318892754,1.0,-1.0,-0.706649502073397,erythroid (EDS subset),"Human vastus lateralis protein, RE–CON 3.5–4 h"
human_acute|VL|PROT|RE_vs_CON_3.5to4h,CA1,1,-0.320974637213822,-0.888115578664014,0.9999070318892754,1.0,-1.0,-0.888115578664014,erythroid (EDS subset),"Human vastus lateralis protein, RE–CON 3.5–4 h"
human_acute|VL|PROT|RE_vs_CON_3.5to4h,EPB42,1,-0.340159398861716,-1.22785610834026,0.9999070318892754,1.0,-1.0,-1.22785610834026,erythroid (EDS subset),"Human vastus lateralis protein, RE–CON 3.5–4 h"
human_acute|VL|PROT|RE_vs_CON_3.5to4h,FECH,1,0.0162608607489728,0.317392541805421,0.9999070318892754,1.0,1.0,0.317392541805421,erythroid (EDS subset),"Human vastus lateralis protein, RE–CON 3.5–4 h"
human_acute|VL|PROT|RE_vs_CON_3.5to4h,GLRX5,1,-0.0633976274453155,-1.28117094042844,0.9999070318892754,1.0,-1.0,-1.28117094042844,erythroid (EDS subset),"Human vastus lateralis protein, RE–CON 3.5–4 h"
human_acute|VL|PROT|RE_vs_CON_3.5to4h,GSPT1,1,0.0440219984419407,1.44050900048983,0.9999070318892754,1.0,1.0,1.44050900048983,erythroid (EDS subset),"Human vastus lateralis protein, RE–CON 3.5–4 h"
human_acute|VL|PROT|RE_vs_CON_3.5to4h,GYPB,1,,,,,,,erythroid (EDS subset),"Human vastus lateralis protein, RE–CON 3.5–4 h"
human_acute|VL|PROT|RE_vs_CON_3.5to4h,GYPE,1,,,,,,,erythroid (EDS subset),"Human vastus lateralis protein, RE–CON 3.5–4 h"
human_acute|VL|PROT|RE_vs_CON_3.5to4h,HBA2,1,,,,,,,erythroid (EDS subset),"Human vastus lateralis protein, RE–CON 3.5–4 h"
human_acute|VL|PROT|RE_vs_CON_3.5to4h,HBB,1,-0.19216227805985,-0.510597102033436,0.9999070318892754,1.0,-1.0,-0.510597102033436,erythroid (EDS subset),"Human vastus lateralis protein, RE–CON 3.5–4 h"
human_acute|VL|PROT|RE_vs_CON_3.5to4h,HBD,1,-0.243123422421794,-0.687523854493823,0.9999070318892754,1.0,-1.0,-0.687523854493823,erythroid (EDS subset),"Human vastus lateralis protein, RE–CON 3.5–4 h"
human_acute|VL|PROT|RE_vs_CON_3.5to4h,HBM,1,-0.137442732130052,-0.463584161639523,0.9999070318892754,1.0,-1.0,-0.463584161639523,erythroid (EDS subset),"Human vastus lateralis protein, RE–CON 3.5–4 h"
human_acute|VL|PROT|RE_vs_CON_3.5to4h,HBQ1,1,-0.334690967124106,-1.30494728003072,0.9999070318892754,1.0,-1.0,-1.30494728003072,erythroid (EDS subset),"Human vastus lateralis protein, RE–CON 3.5–4 h"
human_acute|VL|PROT|RE_vs_CON_3.5to4h,BPGM,1,-0.279044899647674,-1.37032833345563,0.9999070318892754,1.0,-1.0,-1.37032833345563,erythroid (EDS subset),"Human vastus lateralis protein, RE–CON 3.5–4 h"
human_acute|VL|PROT|RE_vs_CON_3.5to4h,MYL4,1,0.121918258549091,0.688072025731715,0.9999070318892754,1.0,1.0,0.688072025731715,erythroid (EDS subset),"Human vastus lateralis protein, RE–CON 3.5–4 h"
human_acute|VL|PROT|RE_vs_CON_3.5to4h,SELENBP1,1,-0.0300756738689515,-0.333761865680769,0.9999070318892754,1.0,-1.0,-0.333761865680769,erythroid (EDS subset),"Human vastus lateralis protein, RE–CON 3.5–4 h"
human_acute|VL|PROT|RE_vs_CON_3.5to4h,SLC25A37,1,,,,,,,erythroid (EDS subset),"Human vastus lateralis protein, RE–CON 3.5–4 h"
human_acute|VL|PROT|RE_vs_CON_3.5to4h,SNCA,1,-0.299039129924152,-0.988640299546755,0.9999070318892754,1.0,-1.0,-0.988640299546755,erythroid (EDS subset),"Human vastus lateralis protein, RE–CON 3.5–4 h"
human_acute|VL|PROT|RE_vs_CON_3.5to4h,TMCC2,1,,,,,,,erythroid (EDS subset),"Human vastus lateralis protein, RE–CON 3.5–4 h"
human_acute|VL|PROT|RE_vs_CON_3.5to4h,TSPAN5,1,,,,,,,erythroid (EDS subset),"Human vastus lateralis protein, RE–CON 3.5–4 h"
human_acute|VL|PROT|RE_vs_CON_3.5to4h,GATA1,1,,,,,,,erythroid (EDS subset),"Human vastus lateralis protein, RE–CON 3.5–4 h"
human_acute|VL|PROT|RE_vs_CON_24h,ALAS2,1,,,,,,,erythroid (EDS subset),"Human vastus lateralis protein, RE–CON 24 h"
human_acute|VL|PROT|RE_vs_CON_24h,AHSP,1,0.099626664330605,0.344067338602585,0.9606152912239292,1.0,1.0,0.344067338602585,erythroid (EDS subset),"Human vastus lateralis protein, RE–CON 24 h"
human_acute|VL|PROT|RE_vs_CON_24h,CA1,1,0.230878495409033,0.72041464084854,0.8975224639361541,1.0,1.0,0.72041464084854,erythroid (EDS subset),"Human vastus lateralis protein, RE–CON 24 h"
human_acute|VL|PROT|RE_vs_CON_24h,EPB42,1,0.19710635541473,0.802353779497057,0.8852304735128086,1.0,1.0,0.802353779497057,erythroid (EDS subset),"Human vastus lateralis protein, RE–CON 24 h"
human_acute|VL|PROT|RE_vs_CON_24h,FECH,1,-0.0898011799636087,-2.02688773317779,0.5573744382284216,1.0,-1.0,-2.02688773317779,erythroid (EDS subset),"Human vastus lateralis protein, RE–CON 24 h"
human_acute|VL|PROT|RE_vs_CON_24h,GLRX5,1,-0.102842400430445,-2.41463105468948,0.441735899736719,1.0,-1.0,-2.41463105468948,erythroid (EDS subset),"Human vastus lateralis protein, RE–CON 24 h"
human_acute|VL|PROT|RE_vs_CON_24h,GSPT1,1,0.0474765722870413,1.77674493422214,0.6279914561930028,1.0,1.0,1.77674493422214,erythroid (EDS subset),"Human vastus lateralis protein, RE–CON 24 h"
human_acute|VL|PROT|RE_vs_CON_24h,GYPB,1,,,,,,,erythroid (EDS subset),"Human vastus lateralis protein, RE–CON 24 h"
human_acute|VL|PROT|RE_vs_CON_24h,GYPE,1,,,,,,,erythroid (EDS subset),"Human vastus lateralis protein, RE–CON 24 h"
human_acute|VL|PROT|RE_vs_CON_24h,HBA2,1,,,,,,,erythroid (EDS subset),"Human vastus lateralis protein, RE–CON 24 h"
human_acute|VL|PROT|RE_vs_CON_24h,HBB,1,0.237736044457483,0.712369824383679,0.8990929155227164,1.0,1.0,0.712369824383679,erythroid (EDS subset),"Human vastus lateralis protein, RE–CON 24 h"
human_acute|VL|PROT|RE_vs_CON_24h,HBD,1,0.245496084546722,0.782899139360509,0.8863109109124518,1.0,1.0,0.782899139360509,erythroid (EDS subset),"Human vastus lateralis protein, RE–CON 24 h"
human_acute|VL|PROT|RE_vs_CON_24h,HBM,1,0.171183751355168,0.64096402382891,0.9063295737815956,1.0,1.0,0.64096402382891,erythroid (EDS subset),"Human vastus lateralis protein, RE–CON 24 h"
human_acute|VL|PROT|RE_vs_CON_24h,HBQ1,1,0.0514332048779856,0.222468607661275,0.9783505612536252,1.0,1.0,0.222468607661275,erythroid (EDS subset),"Human vastus lateralis protein, RE–CON 24 h"
human_acute|VL|PROT|RE_vs_CON_24h,BPGM,1,0.119148359000061,0.65984037952498,0.9049818964841596,1.0,1.0,0.65984037952498,erythroid (EDS subset),"Human vastus lateralis protein, RE–CON 24 h"
human_acute|VL|PROT|RE_vs_CON_24h,MYL4,1,-0.31996396838302,-2.04376966045413,0.5573744382284216,1.0,-1.0,-2.04376966045413,erythroid (EDS subset),"Human vastus lateralis protein, RE–CON 24 h"
human_acute|VL|PROT|RE_vs_CON_24h,SELENBP1,1,0.0256613164221225,0.326949967189799,0.9610722454083191,1.0,1.0,0.326949967189799,erythroid (EDS subset),"Human vastus lateralis protein, RE–CON 24 h"
human_acute|VL|PROT|RE_vs_CON_24h,SLC25A37,1,,,,,,,erythroid (EDS subset),"Human vastus lateralis protein, RE–CON 24 h"
human_acute|VL|PROT|RE_vs_CON_24h,SNCA,1,0.209786950479169,0.782148171323205,0.8865351659664326,1.0,1.0,0.782148171323205,erythroid (EDS subset),"Human vastus lateralis protein, RE–CON 24 h"
human_acute|VL|PROT|RE_vs_CON_24h,TMCC2,1,,,,,,,erythroid (EDS subset),"Human vastus lateralis protein, RE–CON 24 h"
human_acute|VL|PROT|RE_vs_CON_24h,TSPAN5,1,,,,,,,erythroid (EDS subset),"Human vastus lateralis protein, RE–CON 24 h"
human_acute|VL|PROT|RE_vs_CON_24h,GATA1,1,,,,,,,erythroid (EDS subset),"Human vastus lateralis protein, RE–CON 24 h"
rat_train|SKM-GN|RNA|F_1w,ALAS2,1,0.792734643630515,2.87627017891069,0.2327616528089821,1.0,1.0,2.87627017891069,erythroid (EDS subset),"Rat gastrocnemius RNA, female 1 wk"
rat_train|SKM-GN|RNA|F_1w,AHSP,1,,,,,,,erythroid (EDS subset),"Rat gastrocnemius RNA, female 1 wk"
rat_train|SKM-GN|RNA|F_1w,CA1,1,,,,,,,erythroid (EDS subset),"Rat gastrocnemius RNA, female 1 wk"
rat_train|SKM-GN|RNA|F_1w,EPB42,1,,,,,,,erythroid (EDS subset),"Rat gastrocnemius RNA, female 1 wk"
rat_train|SKM-GN|RNA|F_1w,FECH,1,0.0475083779471152,0.855688785085659,0.9311886160854655,1.0,1.0,0.855688785085659,erythroid (EDS subset),"Rat gastrocnemius RNA, female 1 wk"
rat_train|SKM-GN|RNA|F_1w,GLRX5,1,0.132908850411696,1.3174479447425,0.8402934134151827,1.0,1.0,1.3174479447425,erythroid (EDS subset),"Rat gastrocnemius RNA, female 1 wk"
rat_train|SKM-GN|RNA|F_1w,GSPT1,1,0.0533680703413394,0.939251637062901,0.918160754230119,1.0,1.0,0.939251637062901,erythroid (EDS subset),"Rat gastrocnemius RNA, female 1 wk"
rat_train|SKM-GN|RNA|F_1w,GYPB,1,,,,,,,erythroid (EDS subset),"Rat gastrocnemius RNA, female 1 wk"
rat_train|SKM-GN|RNA|F_1w,GYPE,1,,,,,,,erythroid (EDS subset),"Rat gastrocnemius RNA, female 1 wk"
rat_train|SKM-GN|RNA|F_1w,HBA2,1,,,,,,,erythroid (EDS subset),"Rat gastrocnemius RNA, female 1 wk"
rat_train|SKM-GN|RNA|F_1w,HBB,1,1.04645156951575,3.60932069563349,0.0485977294875124,1.0,1.0,3.60932069563349,erythroid (EDS subset),"Rat gastrocnemius RNA, female 1 wk"
rat_train|SKM-GN|RNA|F_1w,HBD,1,0.0093985123974435,0.0148324181711855,0.9985336772635088,1.0,1.0,0.0148324181711855,erythroid (EDS subset),"Rat gastrocnemius RNA, female 1 wk"
rat_train|SKM-GN|RNA|F_1w,HBM,1,,,,,,,erythroid (EDS subset),"Rat gastrocnemius RNA, female 1 wk"
rat_train|SKM-GN|RNA|F_1w,HBQ1,1,,,,,,,erythroid (EDS subset),"Rat gastrocnemius RNA, female 1 wk"
rat_train|SKM-GN|RNA|F_1w,BPGM,1,0.0061224256321013,0.121043618793971,0.994920732417242,1.0,1.0,0.121043618793971,erythroid (EDS subset),"Rat gastrocnemius RNA, female 1 wk"
rat_train|SKM-GN|RNA|F_1w,MYL4,1,-0.320375506541725,-2.74212963293986,0.2961191938783641,1.0,-1.0,-2.74212963293986,erythroid (EDS subset),"Rat gastrocnemius RNA, female 1 wk"
rat_train|SKM-GN|RNA|F_1w,SELENBP1,1,-0.233593526786447,-1.73206759471051,0.7067709962774038,2.0,-1.0,-1.73206759471051,erythroid (EDS subset),"Rat gastrocnemius RNA, female 1 wk"
rat_train|SKM-GN|RNA|F_1w,SLC25A37,1,0.215831987157646,1.07049775090757,0.8938443809224522,1.0,1.0,1.07049775090757,erythroid (EDS subset),"Rat gastrocnemius RNA, female 1 wk"
rat_train|SKM-GN|RNA|F_1w,SNCA,1,0.858714058460929,1.5265638145395,0.7751264721951007,1.0,1.0,1.5265638145395,erythroid (EDS subset),"Rat gastrocnemius RNA, female 1 wk"
rat_train|SKM-GN|RNA|F_1w,TMCC2,1,0.102393850763443,1.15111187066853,0.8816207542719472,1.0,1.0,1.15111187066853,erythroid (EDS subset),"Rat gastrocnemius RNA, female 1 wk"
rat_train|SKM-GN|RNA|F_1w,TSPAN5,1,0.0553626442566833,0.471619446140744,0.972338607399036,1.0,1.0,0.471619446140744,erythroid (EDS subset),"Rat gastrocnemius RNA, female 1 wk"
rat_train|SKM-GN|RNA|F_1w,GATA1,1,,,,,,,erythroid (EDS subset),"Rat gastrocnemius RNA, female 1 wk"
rat_train|SKM-GN|RNA|F_2w,ALAS2,1,0.255709986678735,1.06496775755817,0.9973696164570588,1.0,1.0,1.06496775755817,erythroid (EDS subset),"Rat gastrocnemius RNA, female 2 wk"
rat_train|SKM-GN|RNA|F_2w,AHSP,1,,,,,,,erythroid (EDS subset),"Rat gastrocnemius RNA, female 2 wk"
rat_train|SKM-GN|RNA|F_2w,CA1,1,,,,,,,erythroid (EDS subset),"Rat gastrocnemius RNA, female 2 wk"
rat_train|SKM-GN|RNA|F_2w,EPB42,1,,,,,,,erythroid (EDS subset),"Rat gastrocnemius RNA, female 2 wk"
rat_train|SKM-GN|RNA|F_2w,FECH,1,0.0111177318662768,0.229985331500187,0.9973696164570588,1.0,1.0,0.229985331500187,erythroid (EDS subset),"Rat gastrocnemius RNA, female 2 wk"
rat_train|SKM-GN|RNA|F_2w,GLRX5,1,0.204628552414577,2.33440052131017,0.7391910055282039,1.0,1.0,2.33440052131017,erythroid (EDS subset),"Rat gastrocnemius RNA, female 2 wk"
rat_train|SKM-GN|RNA|F_2w,GSPT1,1,0.0383571497398652,0.775684647130436,0.9973696164570588,1.0,1.0,0.775684647130436,erythroid (EDS subset),"Rat gastrocnemius RNA, female 2 wk"
rat_train|SKM-GN|RNA|F_2w,GYPB,1,,,,,,,erythroid (EDS subset),"Rat gastrocnemius RNA, female 2 wk"
rat_train|SKM-GN|RNA|F_2w,GYPE,1,,,,,,,erythroid (EDS subset),"Rat gastrocnemius RNA, female 2 wk"
rat_train|SKM-GN|RNA|F_2w,HBA2,1,,,,,,,erythroid (EDS subset),"Rat gastrocnemius RNA, female 2 wk"
rat_train|SKM-GN|RNA|F_2w,HBB,1,0.261745968474827,1.03321786767736,0.9973696164570588,1.0,1.0,1.03321786767736,erythroid (EDS subset),"Rat gastrocnemius RNA, female 2 wk"
rat_train|SKM-GN|RNA|F_2w,HBD,1,-0.466567294561431,-0.843600120405787,0.9973696164570588,1.0,-1.0,-0.843600120405787,erythroid (EDS subset),"Rat gastrocnemius RNA, female 2 wk"
rat_train|SKM-GN|RNA|F_2w,HBM,1,,,,,,,erythroid (EDS subset),"Rat gastrocnemius RNA, female 2 wk"
rat_train|SKM-GN|RNA|F_2w,HBQ1,1,,,,,,,erythroid (EDS subset),"Rat gastrocnemius RNA, female 2 wk"
rat_train|SKM-GN|RNA|F_2w,BPGM,1,-0.094456704304402,-2.13480917288169,0.8017750356031094,1.0,-1.0,-2.13480917288169,erythroid (EDS subset),"Rat gastrocnemius RNA, female 2 wk"
rat_train|SKM-GN|RNA|F_2w,MYL4,1,0.136143692029487,1.35465260331009,0.9973696164570588,1.0,1.0,1.35465260331009,erythroid (EDS subset),"Rat gastrocnemius RNA, female 2 wk"
rat_train|SKM-GN|RNA|F_2w,SELENBP1,1,-0.226897485478154,-1.94236380520602,0.8927037415469476,2.0,-1.0,-1.94236380520602,erythroid (EDS subset),"Rat gastrocnemius RNA, female 2 wk"
rat_train|SKM-GN|RNA|F_2w,SLC25A37,1,0.166711882289823,0.948851594543511,0.9973696164570588,1.0,1.0,0.948851594543511,erythroid (EDS subset),"Rat gastrocnemius RNA, female 2 wk"
rat_train|SKM-GN|RNA|F_2w,SNCA,1,-0.268935928893814,-0.538521217426459,0.9973696164570588,1.0,-1.0,-0.538521217426459,erythroid (EDS subset),"Rat gastrocnemius RNA, female 2 wk"
rat_train|SKM-GN|RNA|F_2w,TMCC2,1,0.0515472607955959,0.666144674792257,0.9973696164570588,1.0,1.0,0.666144674792257,erythroid (EDS subset),"Rat gastrocnemius RNA, female 2 wk"
rat_train|SKM-GN|RNA|F_2w,TSPAN5,1,-0.0741120694200897,-0.719592291455801,0.9973696164570588,1.0,-1.0,-0.719592291455801,erythroid (EDS subset),"Rat gastrocnemius RNA, female 2 wk"
rat_train|SKM-GN|RNA|F_2w,GATA1,1,,,,,,,erythroid (EDS subset),"Rat gastrocnemius RNA, female 2 wk"
rat_train|SKM-GN|RNA|F_4w,ALAS2,1,0.321201529297188,1.32861868786564,1.0,1.0,1.0,1.32861868786564,erythroid (EDS subset),"Rat gastrocnemius RNA, female 4 wk"
rat_train|SKM-GN|RNA|F_4w,AHSP,1,,,,,,,erythroid (EDS subset),"Rat gastrocnemius RNA, female 4 wk"
rat_train|SKM-GN|RNA|F_4w,CA1,1,,,,,,,erythroid (EDS subset),"Rat gastrocnemius RNA, female 4 wk"
rat_train|SKM-GN|RNA|F_4w,EPB42,1,,,,,,,erythroid (EDS subset),"Rat gastrocnemius RNA, female 4 wk"
rat_train|SKM-GN|RNA|F_4w,FECH,1,-0.0095038388890478,-0.197665538368274,1.0,1.0,-1.0,-0.197665538368274,erythroid (EDS subset),"Rat gastrocnemius RNA, female 4 wk"
rat_train|SKM-GN|RNA|F_4w,GLRX5,1,0.229128214391405,2.62594796809861,0.6151505357766137,1.0,1.0,2.62594796809861,erythroid (EDS subset),"Rat gastrocnemius RNA, female 4 wk"
rat_train|SKM-GN|RNA|F_4w,GSPT1,1,0.0456379656604079,0.928400475201504,1.0,1.0,1.0,0.928400475201504,erythroid (EDS subset),"Rat gastrocnemius RNA, female 4 wk"
rat_train|SKM-GN|RNA|F_4w,GYPB,1,,,,,,,erythroid (EDS subset),"Rat gastrocnemius RNA, female 4 wk"
rat_train|SKM-GN|RNA|F_4w,GYPE,1,,,,,,,erythroid (EDS subset),"Rat gastrocnemius RNA, female 4 wk"
rat_train|SKM-GN|RNA|F_4w,HBA2,1,,,,,,,erythroid (EDS subset),"Rat gastrocnemius RNA, female 4 wk"
rat_train|SKM-GN|RNA|F_4w,HBB,1,0.665141259288786,2.63449458297184,0.6151505357766137,1.0,1.0,2.63449458297184,erythroid (EDS subset),"Rat gastrocnemius RNA, female 4 wk"
rat_train|SKM-GN|RNA|F_4w,HBD,1,-0.371020977950392,-0.673167466918308,1.0,1.0,-1.0,-0.673167466918308,erythroid (EDS subset),"Rat gastrocnemius RNA, female 4 wk"
rat_train|SKM-GN|RNA|F_4w,HBM,1,,,,,,,erythroid (EDS subset),"Rat gastrocnemius RNA, female 4 wk"
rat_train|SKM-GN|RNA|F_4w,HBQ1,1,,,,,,,erythroid (EDS subset),"Rat gastrocnemius RNA, female 4 wk"
rat_train|SKM-GN|RNA|F_4w,BPGM,1,-0.117742187045032,-2.67894505571276,0.5938277110087004,1.0,-1.0,-2.67894505571276,erythroid (EDS subset),"Rat gastrocnemius RNA, female 4 wk"
rat_train|SKM-GN|RNA|F_4w,MYL4,1,-0.0373628898899477,-0.374522094068229,1.0,1.0,-1.0,-0.374522094068229,erythroid (EDS subset),"Rat gastrocnemius RNA, female 4 wk"
rat_train|SKM-GN|RNA|F_4w,SELENBP1,1,-0.25451784487996,-2.18438290617683,0.8186832423689807,2.0,-1.0,-2.18438290617683,erythroid (EDS subset),"Rat gastrocnemius RNA, female 4 wk"
rat_train|SKM-GN|RNA|F_4w,SLC25A37,1,0.189718450369256,1.08829732673291,1.0,1.0,1.0,1.08829732673291,erythroid (EDS subset),"Rat gastrocnemius RNA, female 4 wk"
rat_train|SKM-GN|RNA|F_4w,SNCA,1,0.375604875627623,0.767143938971029,1.0,1.0,1.0,0.767143938971029,erythroid (EDS subset),"Rat gastrocnemius RNA, female 4 wk"
rat_train|SKM-GN|RNA|F_4w,TMCC2,1,0.0017276611324886,0.0223903235601434,1.0,1.0,1.0,0.0223903235601434,erythroid (EDS subset),"Rat gastrocnemius RNA, female 4 wk"
rat_train|SKM-GN|RNA|F_4w,TSPAN5,1,-0.0419289076819319,-0.411275329746062,1.0,1.0,-1.0,-0.411275329746062,erythroid (EDS subset),"Rat gastrocnemius RNA, female 4 wk"
rat_train|SKM-GN|RNA|F_4w,GATA1,1,,,,,,,erythroid (EDS subset),"Rat gastrocnemius RNA, female 4 wk"
rat_train|SKM-GN|RNA|F_8w,ALAS2,1,0.326685270753552,1.29164755607865,0.9449869020917308,1.0,1.0,1.29164755607865,erythroid (EDS subset),"Rat gastrocnemius RNA, female 8 wk"
rat_train|SKM-GN|RNA|F_8w,AHSP,1,,,,,,,erythroid (EDS subset),"Rat gastrocnemius RNA, female 8 wk"
rat_train|SKM-GN|RNA|F_8w,CA1,1,,,,,,,erythroid (EDS subset),"Rat gastrocnemius RNA, female 8 wk"
rat_train|SKM-GN|RNA|F_8w,EPB42,1,,,,,,,erythroid (EDS subset),"Rat gastrocnemius RNA, female 8 wk"
rat_train|SKM-GN|RNA|F_8w,FECH,1,0.0097117475483564,0.187012935789241,0.9989250472725932,1.0,1.0,0.187012935789241,erythroid (EDS subset),"Rat gastrocnemius RNA, female 8 wk"
rat_train|SKM-GN|RNA|F_8w,GLRX5,1,0.272375929466585,2.88864151679039,0.3287739382124147,1.0,1.0,2.88864151679039,erythroid (EDS subset),"Rat gastrocnemius RNA, female 8 wk"
rat_train|SKM-GN|RNA|F_8w,GSPT1,1,-0.0068258562780639,-0.128242345351811,0.9989250472725932,1.0,-1.0,-0.128242345351811,erythroid (EDS subset),"Rat gastrocnemius RNA, female 8 wk"
rat_train|SKM-GN|RNA|F_8w,GYPB,1,,,,,,,erythroid (EDS subset),"Rat gastrocnemius RNA, female 8 wk"
rat_train|SKM-GN|RNA|F_8w,GYPE,1,,,,,,,erythroid (EDS subset),"Rat gastrocnemius RNA, female 8 wk"
rat_train|SKM-GN|RNA|F_8w,HBA2,1,,,,,,,erythroid (EDS subset),"Rat gastrocnemius RNA, female 8 wk"
rat_train|SKM-GN|RNA|F_8w,HBB,1,0.726297703774078,2.70865030836624,0.3976076638736064,1.0,1.0,2.70865030836624,erythroid (EDS subset),"Rat gastrocnemius RNA, female 8 wk"
rat_train|SKM-GN|RNA|F_8w,HBD,1,0.29085887794838,0.503655640592542,0.9989250472725932,1.0,1.0,0.503655640592542,erythroid (EDS subset),"Rat gastrocnemius RNA, female 8 wk"
rat_train|SKM-GN|RNA|F_8w,HBM,1,,,,,,,erythroid (EDS subset),"Rat gastrocnemius RNA, female 8 wk"
rat_train|SKM-GN|RNA|F_8w,HBQ1,1,,,,,,,erythroid (EDS subset),"Rat gastrocnemius RNA, female 8 wk"
rat_train|SKM-GN|RNA|F_8w,BPGM,1,-0.0827495506768304,-1.73729816822081,0.8205583936625135,1.0,-1.0,-1.73729816822081,erythroid (EDS subset),"Rat gastrocnemius RNA, female 8 wk"
rat_train|SKM-GN|RNA|F_8w,MYL4,1,-0.0358052382462923,-0.32933942950202,0.9989250472725932,1.0,-1.0,-0.32933942950202,erythroid (EDS subset),"Rat gastrocnemius RNA, female 8 wk"
rat_train|SKM-GN|RNA|F_8w,SELENBP1,1,-0.497824922722746,-3.93850708321768,0.045166747135886,2.0,-1.0,-3.93850708321768,erythroid (EDS subset),"Rat gastrocnemius RNA, female 8 wk"
rat_train|SKM-GN|RNA|F_8w,SLC25A37,1,0.338461959421357,1.82696732941676,0.7918288427558023,1.0,1.0,1.82696732941676,erythroid (EDS subset),"Rat gastrocnemius RNA, female 8 wk"
rat_train|SKM-GN|RNA|F_8w,SNCA,1,-0.345538419384884,-0.65955321776255,0.9989250472725932,1.0,-1.0,-0.65955321776255,erythroid (EDS subset),"Rat gastrocnemius RNA, female 8 wk"
rat_train|SKM-GN|RNA|F_8w,TMCC2,1,-0.04923870790811,-0.590073944677879,0.9989250472725932,1.0,-1.0,-0.590073944677879,erythroid (EDS subset),"Rat gastrocnemius RNA, female 8 wk"
rat_train|SKM-GN|RNA|F_8w,TSPAN5,1,0.114543569531875,1.04271360850296,0.9678680476239324,1.0,1.0,1.04271360850296,erythroid (EDS subset),"Rat gastrocnemius RNA, female 8 wk"
rat_train|SKM-GN|RNA|F_8w,GATA1,1,,,,,,,erythroid (EDS subset),"Rat gastrocnemius RNA, female 8 wk"
rat_train|SKM-GN|RNA|M_1w,ALAS2,1,0.277330039055547,0.508730417365256,0.987765159052593,1.0,1.0,0.508730417365256,erythroid (EDS subset),"Rat gastrocnemius RNA, male 1 wk"
rat_train|SKM-GN|RNA|M_1w,AHSP,1,,,,,,,erythroid (EDS subset),"Rat gastrocnemius RNA, male 1 wk"
rat_train|SKM-GN|RNA|M_1w,CA1,1,,,,,,,erythroid (EDS subset),"Rat gastrocnemius RNA, male 1 wk"
rat_train|SKM-GN|RNA|M_1w,EPB42,1,,,,,,,erythroid (EDS subset),"Rat gastrocnemius RNA, male 1 wk"
rat_train|SKM-GN|RNA|M_1w,FECH,1,0.0940713863575,1.90205251043102,0.6314883118651976,1.0,1.0,1.90205251043102,erythroid (EDS subset),"Rat gastrocnemius RNA, male 1 wk"
rat_train|SKM-GN|RNA|M_1w,GLRX5,1,0.151828577635184,2.12866720545522,0.5476586446615948,1.0,1.0,2.12866720545522,erythroid (EDS subset),"Rat gastrocnemius RNA, male 1 wk"
rat_train|SKM-GN|RNA|M_1w,GSPT1,1,0.0154525381428529,0.363700564569449,0.9944880717722148,1.0,1.0,0.363700564569449,erythroid (EDS subset),"Rat gastrocnemius RNA, male 1 wk"
rat_train|SKM-GN|RNA|M_1w,GYPB,1,,,,,,,erythroid (EDS subset),"Rat gastrocnemius RNA, male 1 wk"
rat_train|SKM-GN|RNA|M_1w,GYPE,1,,,,,,,erythroid (EDS subset),"Rat gastrocnemius RNA, male 1 wk"
rat_train|SKM-GN|RNA|M_1w,HBA2,1,,,,,,,erythroid (EDS subset),"Rat gastrocnemius RNA, male 1 wk"
rat_train|SKM-GN|RNA|M_1w,HBB,1,0.225798957599346,0.481153001180565,0.9914024517135214,1.0,1.0,0.481153001180565,erythroid (EDS subset),"Rat gastrocnemius RNA, male 1 wk"
rat_train|SKM-GN|RNA|M_1w,HBD,1,1.06138510058308,1.46864630370867,0.8065884955631724,2.0,1.0,1.46864630370867,erythroid (EDS subset),"Rat gastrocnemius RNA, male 1 wk"
rat_train|SKM-GN|RNA|M_1w,HBM,1,,,,,,,erythroid (EDS subset),"Rat gastrocnemius RNA, male 1 wk"
rat_train|SKM-GN|RNA|M_1w,HBQ1,1,,,,,,,erythroid (EDS subset),"Rat gastrocnemius RNA, male 1 wk"
rat_train|SKM-GN|RNA|M_1w,BPGM,1,-0.174744122846542,-3.16368852703788,0.1352473374940204,1.0,-1.0,-3.16368852703788,erythroid (EDS subset),"Rat gastrocnemius RNA, male 1 wk"
rat_train|SKM-GN|RNA|M_1w,MYL4,1,-0.118628908856193,-0.67491100736123,0.9782314651952496,1.0,-1.0,-0.67491100736123,erythroid (EDS subset),"Rat gastrocnemius RNA, male 1 wk"
rat_train|SKM-GN|RNA|M_1w,SELENBP1,1,-0.159323298516596,-0.94322237722529,0.9473667385066166,2.0,-1.0,-0.94322237722529,erythroid (EDS subset),"Rat gastrocnemius RNA, male 1 wk"
rat_train|SKM-GN|RNA|M_1w,SLC25A37,1,0.466688946347811,2.43205873814001,0.4041969561606742,1.0,1.0,2.43205873814001,erythroid (EDS subset),"Rat gastrocnemius RNA, male 1 wk"
rat_train|SKM-GN|RNA|M_1w,SNCA,1,-1.19252619025231,-2.20396473913583,0.5172263937229855,1.0,-1.0,-2.20396473913583,erythroid (EDS subset),"Rat gastrocnemius RNA, male 1 wk"
rat_train|SKM-GN|RNA|M_1w,TMCC2,1,-0.0689681200187989,-0.979301924370621,0.9395328322251773,1.0,-1.0,-0.979301924370621,erythroid (EDS subset),"Rat gastrocnemius RNA, male 1 wk"
rat_train|SKM-GN|RNA|M_1w,TSPAN5,1,-0.11638349481769,-1.20215422309266,0.8894538994602103,1.0,-1.0,-1.20215422309266,erythroid (EDS subset),"Rat gastrocnemius RNA, male 1 wk"
rat_train|SKM-GN|RNA|M_1w,GATA1,1,,,,,,,erythroid (EDS subset),"Rat gastrocnemius RNA, male 1 wk"
rat_train|SKM-GN|RNA|M_2w,ALAS2,1,0.733975421137432,1.28823111629974,0.9802081387566794,1.0,1.0,1.28823111629974,erythroid (EDS subset),"Rat gastrocnemius RNA, male 2 wk"
rat_train|SKM-GN|RNA|M_2w,AHSP,1,,,,,,,erythroid (EDS subset),"Rat gastrocnemius RNA, male 2 wk"
rat_train|SKM-GN|RNA|M_2w,CA1,1,,,,,,,erythroid (EDS subset),"Rat gastrocnemius RNA, male 2 wk"
rat_train|SKM-GN|RNA|M_2w,EPB42,1,,,,,,,erythroid (EDS subset),"Rat gastrocnemius RNA, male 2 wk"
rat_train|SKM-GN|RNA|M_2w,FECH,1,0.0737683408880863,1.41750481703888,0.9795320807084732,1.0,1.0,1.41750481703888,erythroid (EDS subset),"Rat gastrocnemius RNA, male 2 wk"
rat_train|SKM-GN|RNA|M_2w,GLRX5,1,0.0494072091020792,0.657149509266207,0.9934648698188544,1.0,1.0,0.657149509266207,erythroid (EDS subset),"Rat gastrocnemius RNA, male 2 wk"
rat_train|SKM-GN|RNA|M_2w,GSPT1,1,0.011373445773559,0.254227098589374,0.9973799997489348,1.0,1.0,0.254227098589374,erythroid (EDS subset),"Rat gastrocnemius RNA, male 2 wk"
rat_train|SKM-GN|RNA|M_2w,GYPB,1,,,,,,,erythroid (EDS subset),"Rat gastrocnemius RNA, male 2 wk"
rat_train|SKM-GN|RNA|M_2w,GYPE,1,,,,,,,erythroid (EDS subset),"Rat gastrocnemius RNA, male 2 wk"
rat_train|SKM-GN|RNA|M_2w,HBA2,1,,,,,,,erythroid (EDS subset),"Rat gastrocnemius RNA, male 2 wk"
rat_train|SKM-GN|RNA|M_2w,HBB,1,0.313653755025557,0.638538812332493,0.9934648698188544,1.0,1.0,0.638538812332493,erythroid (EDS subset),"Rat gastrocnemius RNA, male 2 wk"
rat_train|SKM-GN|RNA|M_2w,HBD,1,1.0286836673008,1.36215126305395,0.9802081387566794,2.0,1.0,1.36215126305395,erythroid (EDS subset),"Rat gastrocnemius RNA, male 2 wk"
rat_train|SKM-GN|RNA|M_2w,HBM,1,,,,,,,erythroid (EDS subset),"Rat gastrocnemius RNA, male 2 wk"
rat_train|SKM-GN|RNA|M_2w,HBQ1,1,,,,,,,erythroid (EDS subset),"Rat gastrocnemius RNA, male 2 wk"
rat_train|SKM-GN|RNA|M_2w,BPGM,1,-0.100521991561376,-1.73591518970306,0.9242436035603632,1.0,-1.0,-1.73591518970306,erythroid (EDS subset),"Rat gastrocnemius RNA, male 2 wk"
rat_train|SKM-GN|RNA|M_2w,MYL4,1,0.0127903486160457,0.0694029407170802,0.9996191879600907,1.0,1.0,0.0694029407170802,erythroid (EDS subset),"Rat gastrocnemius RNA, male 2 wk"
rat_train|SKM-GN|RNA|M_2w,SELENBP1,1,-2.37209937554817,-2.82102753907434,0.4120717461739238,2.0,-1.0,-2.82102753907434,erythroid (EDS subset),"Rat gastrocnemius RNA, male 2 wk"
rat_train|SKM-GN|RNA|M_2w,SLC25A37,1,0.381985763289452,1.88830172218319,0.8936015303584584,1.0,1.0,1.88830172218319,erythroid (EDS subset),"Rat gastrocnemius RNA, male 2 wk"
rat_train|SKM-GN|RNA|M_2w,SNCA,1,0.0033215555385055,0.0062806596980963,1.0,1.0,1.0,0.0062806596980963,erythroid (EDS subset),"Rat gastrocnemius RNA, male 2 wk"
rat_train|SKM-GN|RNA|M_2w,TMCC2,1,0.0312741461485497,0.42393192371451,0.9934648698188544,1.0,1.0,0.42393192371451,erythroid (EDS subset),"Rat gastrocnemius RNA, male 2 wk"
rat_train|SKM-GN|RNA|M_2w,TSPAN5,1,0.0254127575277623,0.250256549172852,0.9973799997489348,1.0,1.0,0.250256549172852,erythroid (EDS subset),"Rat gastrocnemius RNA, male 2 wk"
rat_train|SKM-GN|RNA|M_2w,GATA1,1,,,,,,,erythroid (EDS subset),"Rat gastrocnemius RNA, male 2 wk"
rat_train|SKM-GN|RNA|M_4w,ALAS2,1,-0.165900201917332,-0.323564108050338,0.978145228209613,1.0,-1.0,-0.323564108050338,erythroid (EDS subset),"Rat gastrocnemius RNA, male 4 wk"
rat_train|SKM-GN|RNA|M_4w,AHSP,1,,,,,,,erythroid (EDS subset),"Rat gastrocnemius RNA, male 4 wk"
rat_train|SKM-GN|RNA|M_4w,CA1,1,,,,,,,erythroid (EDS subset),"Rat gastrocnemius RNA, male 4 wk"
rat_train|SKM-GN|RNA|M_4w,EPB42,1,,,,,,,erythroid (EDS subset),"Rat gastrocnemius RNA, male 4 wk"
rat_train|SKM-GN|RNA|M_4w,FECH,1,0.0441940196753612,0.951976944122634,0.9375872437397582,1.0,1.0,0.951976944122634,erythroid (EDS subset),"Rat gastrocnemius RNA, male 4 wk"
rat_train|SKM-GN|RNA|M_4w,GLRX5,1,0.0834078975815971,1.24420604289891,0.8771504492318777,1.0,1.0,1.24420604289891,erythroid (EDS subset),"Rat gastrocnemius RNA, male 4 wk"
rat_train|SKM-GN|RNA|M_4w,GSPT1,1,-0.0639968234974573,-1.60074594923718,0.7681602013232647,1.0,-1.0,-1.60074594923718,erythroid (EDS subset),"Rat gastrocnemius RNA, male 4 wk"
rat_train|SKM-GN|RNA|M_4w,GYPB,1,,,,,,,erythroid (EDS subset),"Rat gastrocnemius RNA, male 4 wk"
rat_train|SKM-GN|RNA|M_4w,GYPE,1,,,,,,,erythroid (EDS subset),"Rat gastrocnemius RNA, male 4 wk"
rat_train|SKM-GN|RNA|M_4w,HBA2,1,,,,,,,erythroid (EDS subset),"Rat gastrocnemius RNA, male 4 wk"
rat_train|SKM-GN|RNA|M_4w,HBB,1,-0.316403113973154,-0.717326366464891,0.9702328708546026,1.0,-1.0,-0.717326366464891,erythroid (EDS subset),"Rat gastrocnemius RNA, male 4 wk"
rat_train|SKM-GN|RNA|M_4w,HBD,1,0.73692720438253,1.081508338474,0.924031867934912,2.0,1.0,1.081508338474,erythroid (EDS subset),"Rat gastrocnemius RNA, male 4 wk"
rat_train|SKM-GN|RNA|M_4w,HBM,1,,,,,,,erythroid (EDS subset),"Rat gastrocnemius RNA, male 4 wk"
rat_train|SKM-GN|RNA|M_4w,HBQ1,1,,,,,,,erythroid (EDS subset),"Rat gastrocnemius RNA, male 4 wk"
rat_train|SKM-GN|RNA|M_4w,BPGM,1,-0.167805535056836,-3.23859213755328,0.1103875659439506,1.0,-1.0,-3.23859213755328,erythroid (EDS subset),"Rat gastrocnemius RNA, male 4 wk"
rat_train|SKM-GN|RNA|M_4w,MYL4,1,0.159772483918277,0.973230862726319,0.937112267566295,1.0,1.0,0.973230862726319,erythroid (EDS subset),"Rat gastrocnemius RNA, male 4 wk"
rat_train|SKM-GN|RNA|M_4w,SELENBP1,1,-1.9690680982899,-2.61615119682932,0.3006591229875099,2.0,-1.0,-2.61615119682932,erythroid (EDS subset),"Rat gastrocnemius RNA, male 4 wk"
rat_train|SKM-GN|RNA|M_4w,SLC25A37,1,0.261281095226855,1.45085281775989,0.8246996518824861,1.0,1.0,1.45085281775989,erythroid (EDS subset),"Rat gastrocnemius RNA, male 4 wk"
rat_train|SKM-GN|RNA|M_4w,SNCA,1,-0.267293506851169,-0.56010754171358,0.974200841076456,1.0,-1.0,-0.56010754171358,erythroid (EDS subset),"Rat gastrocnemius RNA, male 4 wk"
rat_train|SKM-GN|RNA|M_4w,TMCC2,1,-0.0258600369452972,-0.391921303590433,0.974691223620156,1.0,-1.0,-0.391921303590433,erythroid (EDS subset),"Rat gastrocnemius RNA, male 4 wk"
rat_train|SKM-GN|RNA|M_4w,TSPAN5,1,0.0278166428697939,0.309351996805287,0.9805363392751244,1.0,1.0,0.309351996805287,erythroid (EDS subset),"Rat gastrocnemius RNA, male 4 wk"
rat_train|SKM-GN|RNA|M_4w,GATA1,1,,,,,,,erythroid (EDS subset),"Rat gastrocnemius RNA, male 4 wk"
rat_train|SKM-GN|RNA|M_8w,ALAS2,1,0.38245392249749,0.720876293165371,0.8528687893673952,1.0,1.0,0.720876293165371,erythroid (EDS subset),"Rat gastrocnemius RNA, male 8 wk"
rat_train|SKM-GN|RNA|M_8w,AHSP,1,,,,,,,erythroid (EDS subset),"Rat gastrocnemius RNA, male 8 wk"
rat_train|SKM-GN|RNA|M_8w,CA1,1,,,,,,,erythroid (EDS subset),"Rat gastrocnemius RNA, male 8 wk"
rat_train|SKM-GN|RNA|M_8w,EPB42,1,,,,,,,erythroid (EDS subset),"Rat gastrocnemius RNA, male 8 wk"
rat_train|SKM-GN|RNA|M_8w,FECH,1,0.173803653051227,3.61182137641876,0.0176039383288031,1.0,1.0,3.61182137641876,erythroid (EDS subset),"Rat gastrocnemius RNA, male 8 wk"
rat_train|SKM-GN|RNA|M_8w,GLRX5,1,0.073819940224371,1.05882961900011,0.7418015278930987,1.0,1.0,1.05882961900011,erythroid (EDS subset),"Rat gastrocnemius RNA, male 8 wk"
rat_train|SKM-GN|RNA|M_8w,GSPT1,1,-0.10810398247127,-2.59414160246272,0.1557361586243281,1.0,-1.0,-2.59414160246272,erythroid (EDS subset),"Rat gastrocnemius RNA, male 8 wk"
rat_train|SKM-GN|RNA|M_8w,GYPB,1,,,,,,,erythroid (EDS subset),"Rat gastrocnemius RNA, male 8 wk"
rat_train|SKM-GN|RNA|M_8w,GYPE,1,,,,,,,erythroid (EDS subset),"Rat gastrocnemius RNA, male 8 wk"
rat_train|SKM-GN|RNA|M_8w,HBA2,1,,,,,,,erythroid (EDS subset),"Rat gastrocnemius RNA, male 8 wk"
rat_train|SKM-GN|RNA|M_8w,HBB,1,0.382649198006222,0.838155120643892,0.8138276048022103,1.0,1.0,0.838155120643892,erythroid (EDS subset),"Rat gastrocnemius RNA, male 8 wk"
rat_train|SKM-GN|RNA|M_8w,HBD,1,1.26410870400451,1.79161667612735,0.4392620188984903,2.0,1.0,1.79161667612735,erythroid (EDS subset),"Rat gastrocnemius RNA, male 8 wk"
rat_train|SKM-GN|RNA|M_8w,HBM,1,,,,,,,erythroid (EDS subset),"Rat gastrocnemius RNA, male 8 wk"
rat_train|SKM-GN|RNA|M_8w,HBQ1,1,,,,,,,erythroid (EDS subset),"Rat gastrocnemius RNA, male 8 wk"
rat_train|SKM-GN|RNA|M_8w,BPGM,1,-0.301858618873274,-5.59195833728827,1.0189631014143624e-05,1.0,-1.0,-4.0,erythroid (EDS subset),"Rat gastrocnemius RNA, male 8 wk"
rat_train|SKM-GN|RNA|M_8w,MYL4,1,0.143739114847506,0.842709364246486,0.8123452142696125,1.0,1.0,0.842709364246486,erythroid (EDS subset),"Rat gastrocnemius RNA, male 8 wk"
rat_train|SKM-GN|RNA|M_8w,SELENBP1,1,-1.34612372654505,-1.75540293914185,0.4557833316746476,2.0,-1.0,-1.75540293914185,erythroid (EDS subset),"Rat gastrocnemius RNA, male 8 wk"
rat_train|SKM-GN|RNA|M_8w,SLC25A37,1,0.706529547580709,3.8139125418976,0.0100788976175734,1.0,1.0,3.8139125418976,erythroid (EDS subset),"Rat gastrocnemius RNA, male 8 wk"
rat_train|SKM-GN|RNA|M_8w,SNCA,1,0.0793418939401481,0.159963523142319,0.9808376937016352,1.0,1.0,0.159963523142319,erythroid (EDS subset),"Rat gastrocnemius RNA, male 8 wk"
rat_train|SKM-GN|RNA|M_8w,TMCC2,1,0.11834619458585,1.732804658809,0.4656181064953234,1.0,1.0,1.732804658809,erythroid (EDS subset),"Rat gastrocnemius RNA, male 8 wk"
rat_train|SKM-GN|RNA|M_8w,TSPAN5,1,0.0656999981055808,0.700972604432891,0.8584137947893479,1.0,1.0,0.700972604432891,erythroid (EDS subset),"Rat gastrocnemius RNA, male 8 wk"
rat_train|SKM-GN|RNA|M_8w,GATA1,1,,,,,,,erythroid (EDS subset),"Rat gastrocnemius RNA, male 8 wk"
rat_train|SKM-GN|PROT|F_1w,ALAS2,1,,,,,,,erythroid (EDS subset),"Rat gastrocnemius protein, female 1 wk"
rat_train|SKM-GN|PROT|F_1w,AHSP,1,0.417004231689379,1.13872984493968,0.8353884421398589,1.0,1.0,1.13872984493968,erythroid (EDS subset),"Rat gastrocnemius protein, female 1 wk"
rat_train|SKM-GN|PROT|F_1w,CA1,1,-0.297526629609134,-0.920386732956842,0.8666698684077633,1.0,-1.0,-0.920386732956842,erythroid (EDS subset),"Rat gastrocnemius protein, female 1 wk"
rat_train|SKM-GN|PROT|F_1w,EPB42,1,-0.089932205185569,-0.500618822097846,0.9388519073063036,1.0,-1.0,-0.500618822097846,erythroid (EDS subset),"Rat gastrocnemius protein, female 1 wk"
rat_train|SKM-GN|PROT|F_1w,FECH,1,0.0696452874169141,1.17351826183711,0.8266331372198424,1.0,1.0,1.17351826183711,erythroid (EDS subset),"Rat gastrocnemius protein, female 1 wk"
rat_train|SKM-GN|PROT|F_1w,GLRX5,1,0.227986950320091,1.42321826339929,0.7956831392194706,1.0,1.0,1.42321826339929,erythroid (EDS subset),"Rat gastrocnemius protein, female 1 wk"
rat_train|SKM-GN|PROT|F_1w,GSPT1,1,0.0182969422052888,0.36598568562886,0.9604262853880774,1.0,1.0,0.36598568562886,erythroid (EDS subset),"Rat gastrocnemius protein, female 1 wk"
rat_train|SKM-GN|PROT|F_1w,GYPB,1,,,,,,,erythroid (EDS subset),"Rat gastrocnemius protein, female 1 wk"
rat_train|SKM-GN|PROT|F_1w,GYPE,1,,,,,,,erythroid (EDS subset),"Rat gastrocnemius protein, female 1 wk"
rat_train|SKM-GN|PROT|F_1w,HBA2,1,,,,,,,erythroid (EDS subset),"Rat gastrocnemius protein, female 1 wk"
rat_train|SKM-GN|PROT|F_1w,HBB,1,-0.291133858919353,-0.899928674895991,0.8692095896386306,1.0,-1.0,-0.899928674895991,erythroid (EDS subset),"Rat gastrocnemius protein, female 1 wk"
rat_train|SKM-GN|PROT|F_1w,HBD,1,-0.285252883584534,-0.87489112554049,0.8719118079905964,2.0,-1.0,-0.87489112554049,erythroid (EDS subset),"Rat gastrocnemius protein, female 1 wk"
rat_train|SKM-GN|PROT|F_1w,HBM,1,,,,,,,erythroid (EDS subset),"Rat gastrocnemius protein, female 1 wk"
rat_train|SKM-GN|PROT|F_1w,HBQ1,1,-0.150140721942421,-0.813523558037629,0.8827403296981654,1.0,-1.0,-0.813523558037629,erythroid (EDS subset),"Rat gastrocnemius protein, female 1 wk"
rat_train|SKM-GN|PROT|F_1w,BPGM,1,-0.180563604781324,-2.07126748099429,0.6944894625523735,1.0,-1.0,-2.07126748099429,erythroid (EDS subset),"Rat gastrocnemius protein, female 1 wk"
rat_train|SKM-GN|PROT|F_1w,MYL4,1,0.664765343814677,1.26118188685514,0.8120752084999707,1.0,1.0,1.26118188685514,erythroid (EDS subset),"Rat gastrocnemius protein, female 1 wk"
rat_train|SKM-GN|PROT|F_1w,SELENBP1,1,,,,,,,erythroid (EDS subset),"Rat gastrocnemius protein, female 1 wk"
rat_train|SKM-GN|PROT|F_1w,SLC25A37,1,,,,,,,erythroid (EDS subset),"Rat gastrocnemius protein, female 1 wk"
rat_train|SKM-GN|PROT|F_1w,SNCA,1,-0.149654801549788,-0.662008058114064,0.9177418606631288,1.0,-1.0,-0.662008058114064,erythroid (EDS subset),"Rat gastrocnemius protein, female 1 wk"
rat_train|SKM-GN|PROT|F_1w,TMCC2,1,,,,,,,erythroid (EDS subset),"Rat gastrocnemius protein, female 1 wk"
rat_train|SKM-GN|PROT|F_1w,TSPAN5,1,,,,,,,erythroid (EDS subset),"Rat gastrocnemius protein, female 1 wk"
rat_train|SKM-GN|PROT|F_1w,GATA1,1,,,,,,,erythroid (EDS subset),"Rat gastrocnemius protein, female 1 wk"
rat_train|SKM-GN|PROT|F_2w,ALAS2,1,,,,,,,erythroid (EDS subset),"Rat gastrocnemius protein, female 2 wk"
rat_train|SKM-GN|PROT|F_2w,AHSP,1,-0.155786120575386,-0.425411282297742,0.8976716757134434,1.0,-1.0,-0.425411282297742,erythroid (EDS subset),"Rat gastrocnemius protein, female 2 wk"
rat_train|SKM-GN|PROT|F_2w,CA1,1,-0.781330325730999,-2.41701412342279,0.2577321780907488,1.0,-1.0,-2.41701412342279,erythroid (EDS subset),"Rat gastrocnemius protein, female 2 wk"
rat_train|SKM-GN|PROT|F_2w,EPB42,1,-0.249612207006526,-1.38949744193421,0.5697486298892809,1.0,-1.0,-1.38949744193421,erythroid (EDS subset),"Rat gastrocnemius protein, female 2 wk"
rat_train|SKM-GN|PROT|F_2w,FECH,1,0.118673157835369,1.9996344774343,0.3729542527328054,1.0,1.0,1.9996344774343,erythroid (EDS subset),"Rat gastrocnemius protein, female 2 wk"
rat_train|SKM-GN|PROT|F_2w,GLRX5,1,0.566178072467374,3.53439077078951,0.0997934144042284,1.0,1.0,3.53439077078951,erythroid (EDS subset),"Rat gastrocnemius protein, female 2 wk"
rat_train|SKM-GN|PROT|F_2w,GSPT1,1,0.0954674346137618,1.90959309595712,0.3926568862615577,1.0,1.0,1.90959309595712,erythroid (EDS subset),"Rat gastrocnemius protein, female 2 wk"
rat_train|SKM-GN|PROT|F_2w,GYPB,1,,,,,,,erythroid (EDS subset),"Rat gastrocnemius protein, female 2 wk"
rat_train|SKM-GN|PROT|F_2w,GYPE,1,,,,,,,erythroid (EDS subset),"Rat gastrocnemius protein, female 2 wk"
rat_train|SKM-GN|PROT|F_2w,HBA2,1,,,,,,,erythroid (EDS subset),"Rat gastrocnemius protein, female 2 wk"
rat_train|SKM-GN|PROT|F_2w,HBB,1,-0.862623963740197,-2.66647116726222,0.2019135740966326,1.0,-1.0,-2.66647116726222,erythroid (EDS subset),"Rat gastrocnemius protein, female 2 wk"
rat_train|SKM-GN|PROT|F_2w,HBD,1,-0.640060119830114,-1.9631104569914,0.3819727267574268,2.0,-1.0,-1.9631104569914,erythroid (EDS subset),"Rat gastrocnemius protein, female 2 wk"
rat_train|SKM-GN|PROT|F_2w,HBM,1,,,,,,,erythroid (EDS subset),"Rat gastrocnemius protein, female 2 wk"
rat_train|SKM-GN|PROT|F_2w,HBQ1,1,-0.515311744377986,-2.79216882909173,0.1982025301166868,1.0,-1.0,-2.79216882909173,erythroid (EDS subset),"Rat gastrocnemius protein, female 2 wk"
rat_train|SKM-GN|PROT|F_2w,BPGM,1,-0.209761852719272,-2.40620420054594,0.2610625941466702,1.0,-1.0,-2.40620420054594,erythroid (EDS subset),"Rat gastrocnemius protein, female 2 wk"
rat_train|SKM-GN|PROT|F_2w,MYL4,1,-0.504054141798473,-0.956283235197904,0.7237629132208987,1.0,-1.0,-0.956283235197904,erythroid (EDS subset),"Rat gastrocnemius protein, female 2 wk"
rat_train|SKM-GN|PROT|F_2w,SELENBP1,1,,,,,,,erythroid (EDS subset),"Rat gastrocnemius protein, female 2 wk"
rat_train|SKM-GN|PROT|F_2w,SLC25A37,1,,,,,,,erythroid (EDS subset),"Rat gastrocnemius protein, female 2 wk"
rat_train|SKM-GN|PROT|F_2w,SNCA,1,-0.0044729295181719,-0.0197863039056648,0.9951622427709704,1.0,-1.0,-0.0197863039056648,erythroid (EDS subset),"Rat gastrocnemius protein, female 2 wk"
rat_train|SKM-GN|PROT|F_2w,TMCC2,1,,,,,,,erythroid (EDS subset),"Rat gastrocnemius protein, female 2 wk"
rat_train|SKM-GN|PROT|F_2w,TSPAN5,1,,,,,,,erythroid (EDS subset),"Rat gastrocnemius protein, female 2 wk"
rat_train|SKM-GN|PROT|F_2w,GATA1,1,,,,,,,erythroid (EDS subset),"Rat gastrocnemius protein, female 2 wk"
rat_train|SKM-GN|PROT|F_4w,ALAS2,1,,,,,,,erythroid (EDS subset),"Rat gastrocnemius protein, female 4 wk"
rat_train|SKM-GN|PROT|F_4w,AHSP,1,0.210306048266953,0.574290991635045,0.8488161854340274,1.0,1.0,0.574290991635045,erythroid (EDS subset),"Rat gastrocnemius protein, female 4 wk"
rat_train|SKM-GN|PROT|F_4w,CA1,1,-0.308589669814295,-0.954609805507944,0.7234233730152386,1.0,-1.0,-0.954609805507944,erythroid (EDS subset),"Rat gastrocnemius protein, female 4 wk"
rat_train|SKM-GN|PROT|F_4w,EPB42,1,-0.0783530483892638,-0.436162003494417,0.890142017046289,1.0,-1.0,-0.436162003494417,erythroid (EDS subset),"Rat gastrocnemius protein, female 4 wk"
rat_train|SKM-GN|PROT|F_4w,FECH,1,0.0283289833380319,0.477341404127592,0.879870410422129,1.0,1.0,0.477341404127592,erythroid (EDS subset),"Rat gastrocnemius protein, female 4 wk"
rat_train|SKM-GN|PROT|F_4w,GLRX5,1,0.161317397866376,1.0070307380538,0.7064915849859169,1.0,1.0,1.0070307380538,erythroid (EDS subset),"Rat gastrocnemius protein, female 4 wk"
rat_train|SKM-GN|PROT|F_4w,GSPT1,1,-0.0180743328319048,-0.361532928264746,0.9107279074229986,1.0,-1.0,-0.361532928264746,erythroid (EDS subset),"Rat gastrocnemius protein, female 4 wk"
rat_train|SKM-GN|PROT|F_4w,GYPB,1,,,,,,,erythroid (EDS subset),"Rat gastrocnemius protein, female 4 wk"
rat_train|SKM-GN|PROT|F_4w,GYPE,1,,,,,,,erythroid (EDS subset),"Rat gastrocnemius protein, female 4 wk"
rat_train|SKM-GN|PROT|F_4w,HBA2,1,,,,,,,erythroid (EDS subset),"Rat gastrocnemius protein, female 4 wk"
rat_train|SKM-GN|PROT|F_4w,HBB,1,-0.272298595831188,-0.841706682389976,0.7625411812906517,1.0,-1.0,-0.841706682389976,erythroid (EDS subset),"Rat gastrocnemius protein, female 4 wk"
rat_train|SKM-GN|PROT|F_4w,HBD,1,-0.361234951562294,-1.17879899915665,0.648699823387485,2.0,-1.0,-1.17879899915665,erythroid (EDS subset),"Rat gastrocnemius protein, female 4 wk"
rat_train|SKM-GN|PROT|F_4w,HBM,1,,,,,,,erythroid (EDS subset),"Rat gastrocnemius protein, female 4 wk"
rat_train|SKM-GN|PROT|F_4w,HBQ1,1,-0.326470602981531,-1.76895064241185,0.4673236676767054,1.0,-1.0,-1.76895064241185,erythroid (EDS subset),"Rat gastrocnemius protein, female 4 wk"
rat_train|SKM-GN|PROT|F_4w,BPGM,1,-0.359969253447488,-4.12925190392904,0.0229703502278046,1.0,-1.0,-4.0,erythroid (EDS subset),"Rat gastrocnemius protein, female 4 wk"
rat_train|SKM-GN|PROT|F_4w,MYL4,1,1.08954501221224,2.0670668937557,0.3461831583591233,1.0,1.0,2.0670668937557,erythroid (EDS subset),"Rat gastrocnemius protein, female 4 wk"
rat_train|SKM-GN|PROT|F_4w,SELENBP1,1,,,,,,,erythroid (EDS subset),"Rat gastrocnemius protein, female 4 wk"
rat_train|SKM-GN|PROT|F_4w,SLC25A37,1,,,,,,,erythroid (EDS subset),"Rat gastrocnemius protein, female 4 wk"
rat_train|SKM-GN|PROT|F_4w,SNCA,1,-0.144838678217528,-0.64070361333976,0.8260128213523682,1.0,-1.0,-0.64070361333976,erythroid (EDS subset),"Rat gastrocnemius protein, female 4 wk"
rat_train|SKM-GN|PROT|F_4w,TMCC2,1,,,,,,,erythroid (EDS subset),"Rat gastrocnemius protein, female 4 wk"
rat_train|SKM-GN|PROT|F_4w,TSPAN5,1,,,,,,,erythroid (EDS subset),"Rat gastrocnemius protein, female 4 wk"
rat_train|SKM-GN|PROT|F_4w,GATA1,1,,,,,,,erythroid (EDS subset),"Rat gastrocnemius protein, female 4 wk"
rat_train|SKM-GN|PROT|F_8w,ALAS2,1,,,,,,,erythroid (EDS subset),"Rat gastrocnemius protein, female 8 wk"
rat_train|SKM-GN|PROT|F_8w,AHSP,1,0.423419868709018,1.15624927710219,0.5636305250483501,1.0,1.0,1.15624927710219,erythroid (EDS subset),"Rat gastrocnemius protein, female 8 wk"
rat_train|SKM-GN|PROT|F_8w,CA1,1,-0.749802527033585,-2.31948413869989,0.1704855719843914,1.0,-1.0,-2.31948413869989,erythroid (EDS subset),"Rat gastrocnemius protein, female 8 wk"
rat_train|SKM-GN|PROT|F_8w,EPB42,1,-0.304444312748388,-1.69472718841929,0.3518435000460817,1.0,-1.0,-1.69472718841929,erythroid (EDS subset),"Rat gastrocnemius protein, female 8 wk"
rat_train|SKM-GN|PROT|F_8w,FECH,1,0.176333237440436,2.97120281902885,0.0613479020592529,1.0,1.0,2.97120281902885,erythroid (EDS subset),"Rat gastrocnemius protein, female 8 wk"
rat_train|SKM-GN|PROT|F_8w,GLRX5,1,0.628346385846126,3.92247911918465,0.010365388092849,1.0,1.0,3.92247911918465,erythroid (EDS subset),"Rat gastrocnemius protein, female 8 wk"
rat_train|SKM-GN|PROT|F_8w,GSPT1,1,0.0173101358661109,0.346247032548207,0.8968919836209681,1.0,1.0,0.346247032548207,erythroid (EDS subset),"Rat gastrocnemius protein, female 8 wk"
rat_train|SKM-GN|PROT|F_8w,GYPB,1,,,,,,,erythroid (EDS subset),"Rat gastrocnemius protein, female 8 wk"
rat_train|SKM-GN|PROT|F_8w,GYPE,1,,,,,,,erythroid (EDS subset),"Rat gastrocnemius protein, female 8 wk"
rat_train|SKM-GN|PROT|F_8w,HBA2,1,,,,,,,erythroid (EDS subset),"Rat gastrocnemius protein, female 8 wk"
rat_train|SKM-GN|PROT|F_8w,HBB,1,-0.764000661917068,-2.36161505175234,0.1614618865735206,1.0,-1.0,-2.36161505175234,erythroid (EDS subset),"Rat gastrocnemius protein, female 8 wk"
rat_train|SKM-GN|PROT|F_8w,HBD,1,-0.643181188866164,-1.9726830003695,0.2618704610788249,2.0,-1.0,-1.9726830003695,erythroid (EDS subset),"Rat gastrocnemius protein, female 8 wk"
rat_train|SKM-GN|PROT|F_8w,HBM,1,,,,,,,erythroid (EDS subset),"Rat gastrocnemius protein, female 8 wk"
rat_train|SKM-GN|PROT|F_8w,HBQ1,1,-0.437058712986898,-2.36816204598246,0.1754014763062727,1.0,-1.0,-2.36816204598246,erythroid (EDS subset),"Rat gastrocnemius protein, female 8 wk"
rat_train|SKM-GN|PROT|F_8w,BPGM,1,-0.462368706018239,-5.30388871093274,0.000642270210627,1.0,-1.0,-4.0,erythroid (EDS subset),"Rat gastrocnemius protein, female 8 wk"
rat_train|SKM-GN|PROT|F_8w,MYL4,1,0.529669821577724,1.00488088195802,0.6271034992161363,1.0,1.0,1.00488088195802,erythroid (EDS subset),"Rat gastrocnemius protein, female 8 wk"
rat_train|SKM-GN|PROT|F_8w,SELENBP1,1,,,,,,,erythroid (EDS subset),"Rat gastrocnemius protein, female 8 wk"
rat_train|SKM-GN|PROT|F_8w,SLC25A37,1,,,,,,,erythroid (EDS subset),"Rat gastrocnemius protein, female 8 wk"
rat_train|SKM-GN|PROT|F_8w,SNCA,1,-0.33414777891988,-1.47812512498829,0.4301062329925441,1.0,-1.0,-1.47812512498829,erythroid (EDS subset),"Rat gastrocnemius protein, female 8 wk"
rat_train|SKM-GN|PROT|F_8w,TMCC2,1,,,,,,,erythroid (EDS subset),"Rat gastrocnemius protein, female 8 wk"
rat_train|SKM-GN|PROT|F_8w,TSPAN5,1,,,,,,,erythroid (EDS subset),"Rat gastrocnemius protein, female 8 wk"
rat_train|SKM-GN|PROT|F_8w,GATA1,1,,,,,,,erythroid (EDS subset),"Rat gastrocnemius protein, female 8 wk"
rat_train|SKM-GN|PROT|M_1w,ALAS2,1,,,,,,,erythroid (EDS subset),"Rat gastrocnemius protein, male 1 wk"
rat_train|SKM-GN|PROT|M_1w,AHSP,1,1.05979343926899,2.56216312596258,0.2635731299635416,1.0,1.0,2.56216312596258,erythroid (EDS subset),"Rat gastrocnemius protein, male 1 wk"
rat_train|SKM-GN|PROT|M_1w,CA1,1,0.617892064488607,1.74720837325064,0.4630369167536092,1.0,1.0,1.74720837325064,erythroid (EDS subset),"Rat gastrocnemius protein, male 1 wk"
rat_train|SKM-GN|PROT|M_1w,EPB42,1,0.384358895381693,1.64770967282782,0.4902744413123261,1.0,1.0,1.64770967282782,erythroid (EDS subset),"Rat gastrocnemius protein, male 1 wk"
rat_train|SKM-GN|PROT|M_1w,FECH,1,-0.128383769117822,-2.30575038407626,0.3268855153448712,1.0,-1.0,-2.30575038407626,erythroid (EDS subset),"Rat gastrocnemius protein, male 1 wk"
rat_train|SKM-GN|PROT|M_1w,GLRX5,1,0.518036410295141,2.95041682232178,0.1865849229282696,1.0,1.0,2.95041682232178,erythroid (EDS subset),"Rat gastrocnemius protein, male 1 wk"
rat_train|SKM-GN|PROT|M_1w,GSPT1,1,0.0554150283742581,1.34403467749398,0.6000659461579868,1.0,1.0,1.34403467749398,erythroid (EDS subset),"Rat gastrocnemius protein, male 1 wk"
rat_train|SKM-GN|PROT|M_1w,GYPB,1,,,,,,,erythroid (EDS subset),"Rat gastrocnemius protein, male 1 wk"
rat_train|SKM-GN|PROT|M_1w,GYPE,1,,,,,,,erythroid (EDS subset),"Rat gastrocnemius protein, male 1 wk"
rat_train|SKM-GN|PROT|M_1w,HBA2,1,,,,,,,erythroid (EDS subset),"Rat gastrocnemius protein, male 1 wk"
rat_train|SKM-GN|PROT|M_1w,HBB,1,0.607830624114881,1.59133265340218,0.5111791851527363,1.0,1.0,1.59133265340218,erythroid (EDS subset),"Rat gastrocnemius protein, male 1 wk"
rat_train|SKM-GN|PROT|M_1w,HBD,1,0.759126343984414,2.68320574721428,0.2422697849049557,2.0,1.0,2.68320574721428,erythroid (EDS subset),"Rat gastrocnemius protein, male 1 wk"
rat_train|SKM-GN|PROT|M_1w,HBM,1,,,,,,,erythroid (EDS subset),"Rat gastrocnemius protein, male 1 wk"
rat_train|SKM-GN|PROT|M_1w,HBQ1,1,0.120020032878822,0.447666086992367,0.895207690990834,1.0,1.0,0.447666086992367,erythroid (EDS subset),"Rat gastrocnemius protein, male 1 wk"
rat_train|SKM-GN|PROT|M_1w,BPGM,1,-0.0080645036780717,-0.0989281341988376,0.9816624415367228,1.0,-1.0,-0.0989281341988376,erythroid (EDS subset),"Rat gastrocnemius protein, male 1 wk"
rat_train|SKM-GN|PROT|M_1w,MYL4,1,-1.0763262610686,-1.85917043939182,0.4360253039227681,1.0,-1.0,-1.85917043939182,erythroid (EDS subset),"Rat gastrocnemius protein, male 1 wk"
rat_train|SKM-GN|PROT|M_1w,SELENBP1,1,,,,,,,erythroid (EDS subset),"Rat gastrocnemius protein, male 1 wk"
rat_train|SKM-GN|PROT|M_1w,SLC25A37,1,,,,,,,erythroid (EDS subset),"Rat gastrocnemius protein, male 1 wk"
rat_train|SKM-GN|PROT|M_1w,SNCA,1,0.478515870722327,2.26972587433236,0.3316110650347028,1.0,1.0,2.26972587433236,erythroid (EDS subset),"Rat gastrocnemius protein, male 1 wk"
rat_train|SKM-GN|PROT|M_1w,TMCC2,1,,,,,,,erythroid (EDS subset),"Rat gastrocnemius protein, male 1 wk"
rat_train|SKM-GN|PROT|M_1w,TSPAN5,1,,,,,,,erythroid (EDS subset),"Rat gastrocnemius protein, male 1 wk"
rat_train|SKM-GN|PROT|M_1w,GATA1,1,,,,,,,erythroid (EDS subset),"Rat gastrocnemius protein, male 1 wk"
rat_train|SKM-GN|PROT|M_2w,ALAS2,1,,,,,,,erythroid (EDS subset),"Rat gastrocnemius protein, male 2 wk"
rat_train|SKM-GN|PROT|M_2w,AHSP,1,1.40832223328861,3.40476847836901,0.1222017143200582,1.0,1.0,3.40476847836901,erythroid (EDS subset),"Rat gastrocnemius protein, male 2 wk"
rat_train|SKM-GN|PROT|M_2w,CA1,1,0.298396966307903,0.843774678539135,0.8132154153739628,1.0,1.0,0.843774678539135,erythroid (EDS subset),"Rat gastrocnemius protein, male 2 wk"
rat_train|SKM-GN|PROT|M_2w,EPB42,1,0.146615345708783,0.628525906937713,0.8789986338238034,1.0,1.0,0.628525906937713,erythroid (EDS subset),"Rat gastrocnemius protein, male 2 wk"
rat_train|SKM-GN|PROT|M_2w,FECH,1,-0.0652751084107684,-1.17232970587288,0.7262893773781409,1.0,-1.0,-1.17232970587288,erythroid (EDS subset),"Rat gastrocnemius protein, male 2 wk"
rat_train|SKM-GN|PROT|M_2w,GLRX5,1,0.462614714970127,2.63476892777446,0.3001441023429996,1.0,1.0,2.63476892777446,erythroid (EDS subset),"Rat gastrocnemius protein, male 2 wk"
rat_train|SKM-GN|PROT|M_2w,GSPT1,1,0.0401137718253848,0.972918393441497,0.7787827393690832,1.0,1.0,0.972918393441497,erythroid (EDS subset),"Rat gastrocnemius protein, male 2 wk"
rat_train|SKM-GN|PROT|M_2w,GYPB,1,,,,,,,erythroid (EDS subset),"Rat gastrocnemius protein, male 2 wk"
rat_train|SKM-GN|PROT|M_2w,GYPE,1,,,,,,,erythroid (EDS subset),"Rat gastrocnemius protein, male 2 wk"
rat_train|SKM-GN|PROT|M_2w,HBA2,1,,,,,,,erythroid (EDS subset),"Rat gastrocnemius protein, male 2 wk"
rat_train|SKM-GN|PROT|M_2w,HBB,1,0.454713192548025,1.19046313648333,0.7207218450296393,1.0,1.0,1.19046313648333,erythroid (EDS subset),"Rat gastrocnemius protein, male 2 wk"
rat_train|SKM-GN|PROT|M_2w,HBD,1,0.411087508662103,1.21108857910685,0.7128685103163829,2.0,1.0,1.21108857910685,erythroid (EDS subset),"Rat gastrocnemius protein, male 2 wk"
rat_train|SKM-GN|PROT|M_2w,HBM,1,,,,,,,erythroid (EDS subset),"Rat gastrocnemius protein, male 2 wk"
rat_train|SKM-GN|PROT|M_2w,HBQ1,1,0.166090713292391,0.619506410071109,0.8833631013776257,1.0,1.0,0.619506410071109,erythroid (EDS subset),"Rat gastrocnemius protein, male 2 wk"
rat_train|SKM-GN|PROT|M_2w,BPGM,1,-0.0680283041445521,-0.834510525431454,0.8145208318709446,1.0,-1.0,-0.834510525431454,erythroid (EDS subset),"Rat gastrocnemius protein, male 2 wk"
rat_train|SKM-GN|PROT|M_2w,MYL4,1,-0.588548773151713,-1.01661784234237,0.7672547672888378,1.0,-1.0,-1.01661784234237,erythroid (EDS subset),"Rat gastrocnemius protein, male 2 wk"
rat_train|SKM-GN|PROT|M_2w,SELENBP1,1,,,,,,,erythroid (EDS subset),"Rat gastrocnemius protein, male 2 wk"
rat_train|SKM-GN|PROT|M_2w,SLC25A37,1,,,,,,,erythroid (EDS subset),"Rat gastrocnemius protein, male 2 wk"
rat_train|SKM-GN|PROT|M_2w,SNCA,1,0.289452979475522,1.37295115400554,0.6719229498088715,1.0,1.0,1.37295115400554,erythroid (EDS subset),"Rat gastrocnemius protein, male 2 wk"
rat_train|SKM-GN|PROT|M_2w,TMCC2,1,,,,,,,erythroid (EDS subset),"Rat gastrocnemius protein, male 2 wk"
rat_train|SKM-GN|PROT|M_2w,TSPAN5,1,,,,,,,erythroid (EDS subset),"Rat gastrocnemius protein, male 2 wk"
rat_train|SKM-GN|PROT|M_2w,GATA1,1,,,,,,,erythroid (EDS subset),"Rat gastrocnemius protein, male 2 wk"
rat_train|SKM-GN|PROT|M_4w,ALAS2,1,,,,,,,erythroid (EDS subset),"Rat gastrocnemius protein, male 4 wk"
rat_train|SKM-GN|PROT|M_4w,AHSP,1,0.659277526929766,1.59387339710311,0.4802104841984702,1.0,1.0,1.59387339710311,erythroid (EDS subset),"Rat gastrocnemius protein, male 4 wk"
rat_train|SKM-GN|PROT|M_4w,CA1,1,0.406304212308181,1.14890312180882,0.6496992360409375,1.0,1.0,1.14890312180882,erythroid (EDS subset),"Rat gastrocnemius protein, male 4 wk"
rat_train|SKM-GN|PROT|M_4w,EPB42,1,0.320299752914712,1.37309428095278,0.5616149245738413,1.0,1.0,1.37309428095278,erythroid (EDS subset),"Rat gastrocnemius protein, male 4 wk"
rat_train|SKM-GN|PROT|M_4w,FECH,1,-0.107791282851134,-1.93591287700848,0.3741157194706096,1.0,-1.0,-1.93591287700848,erythroid (EDS subset),"Rat gastrocnemius protein, male 4 wk"
rat_train|SKM-GN|PROT|M_4w,GLRX5,1,0.461468457382772,2.62824054945734,0.1853016142618342,1.0,1.0,2.62824054945734,erythroid (EDS subset),"Rat gastrocnemius protein, male 4 wk"
rat_train|SKM-GN|PROT|M_4w,GSPT1,1,0.0529918726941198,1.28526352175123,0.5957608689603388,1.0,1.0,1.28526352175123,erythroid (EDS subset),"Rat gastrocnemius protein, male 4 wk"
rat_train|SKM-GN|PROT|M_4w,GYPB,1,,,,,,,erythroid (EDS subset),"Rat gastrocnemius protein, male 4 wk"
rat_train|SKM-GN|PROT|M_4w,GYPE,1,,,,,,,erythroid (EDS subset),"Rat gastrocnemius protein, male 4 wk"
rat_train|SKM-GN|PROT|M_4w,HBA2,1,,,,,,,erythroid (EDS subset),"Rat gastrocnemius protein, male 4 wk"
rat_train|SKM-GN|PROT|M_4w,HBB,1,0.439842350314629,1.15153048667804,0.6487184489206187,1.0,1.0,1.15153048667804,erythroid (EDS subset),"Rat gastrocnemius protein, male 4 wk"
rat_train|SKM-GN|PROT|M_4w,HBD,1,0.454201466914551,1.60541917175687,0.4781658295896997,2.0,1.0,1.60541917175687,erythroid (EDS subset),"Rat gastrocnemius protein, male 4 wk"
rat_train|SKM-GN|PROT|M_4w,HBM,1,,,,,,,erythroid (EDS subset),"Rat gastrocnemius protein, male 4 wk"
rat_train|SKM-GN|PROT|M_4w,HBQ1,1,0.174808512658394,0.652023174445799,0.8172546977907931,1.0,1.0,0.652023174445799,erythroid (EDS subset),"Rat gastrocnemius protein, male 4 wk"
rat_train|SKM-GN|PROT|M_4w,BPGM,1,-0.165181073144084,-2.02629399445114,0.3494695959493482,1.0,-1.0,-2.02629399445114,erythroid (EDS subset),"Rat gastrocnemius protein, male 4 wk"
rat_train|SKM-GN|PROT|M_4w,MYL4,1,-0.576443463643915,-0.995707980332458,0.7028501408639192,1.0,-1.0,-0.995707980332458,erythroid (EDS subset),"Rat gastrocnemius protein, male 4 wk"
rat_train|SKM-GN|PROT|M_4w,SELENBP1,1,,,,,,,erythroid (EDS subset),"Rat gastrocnemius protein, male 4 wk"
rat_train|SKM-GN|PROT|M_4w,SLC25A37,1,,,,,,,erythroid (EDS subset),"Rat gastrocnemius protein, male 4 wk"
rat_train|SKM-GN|PROT|M_4w,SNCA,1,0.507615698341031,2.40775396436223,0.2408018443891947,1.0,1.0,2.40775396436223,erythroid (EDS subset),"Rat gastrocnemius protein, male 4 wk"
rat_train|SKM-GN|PROT|M_4w,TMCC2,1,,,,,,,erythroid (EDS subset),"Rat gastrocnemius protein, male 4 wk"
rat_train|SKM-GN|PROT|M_4w,TSPAN5,1,,,,,,,erythroid (EDS subset),"Rat gastrocnemius protein, male 4 wk"
rat_train|SKM-GN|PROT|M_4w,GATA1,1,,,,,,,erythroid (EDS subset),"Rat gastrocnemius protein, male 4 wk"
rat_train|SKM-GN|PROT|M_8w,ALAS2,1,,,,,,,erythroid (EDS subset),"Rat gastrocnemius protein, male 8 wk"
rat_train|SKM-GN|PROT|M_8w,AHSP,1,1.21170411802345,2.79309553954434,0.1087614910697583,1.0,1.0,2.79309553954434,erythroid (EDS subset),"Rat gastrocnemius protein, male 8 wk"
rat_train|SKM-GN|PROT|M_8w,CA1,1,0.382667369727014,1.03170889134804,0.629972586076622,1.0,1.0,1.03170889134804,erythroid (EDS subset),"Rat gastrocnemius protein, male 8 wk"
rat_train|SKM-GN|PROT|M_8w,EPB42,1,0.293022541461744,1.19770108461231,0.5522628808952477,1.0,1.0,1.19770108461231,erythroid (EDS subset),"Rat gastrocnemius protein, male 8 wk"
rat_train|SKM-GN|PROT|M_8w,FECH,1,-0.0883495253969087,-1.5128993848699,0.4341406584416737,1.0,-1.0,-1.5128993848699,erythroid (EDS subset),"Rat gastrocnemius protein, male 8 wk"
rat_train|SKM-GN|PROT|M_8w,GLRX5,1,0.218704769018819,1.1876405049608,0.5577214904266662,1.0,1.0,1.1876405049608,erythroid (EDS subset),"Rat gastrocnemius protein, male 8 wk"
rat_train|SKM-GN|PROT|M_8w,GSPT1,1,-0.0730220499839385,-1.68865368680625,0.3803447497263818,1.0,-1.0,-1.68865368680625,erythroid (EDS subset),"Rat gastrocnemius protein, male 8 wk"
rat_train|SKM-GN|PROT|M_8w,GYPB,1,,,,,,,erythroid (EDS subset),"Rat gastrocnemius protein, male 8 wk"
rat_train|SKM-GN|PROT|M_8w,GYPE,1,,,,,,,erythroid (EDS subset),"Rat gastrocnemius protein, male 8 wk"
rat_train|SKM-GN|PROT|M_8w,HBA2,1,,,,,,,erythroid (EDS subset),"Rat gastrocnemius protein, male 8 wk"
rat_train|SKM-GN|PROT|M_8w,HBB,1,0.390161950814706,0.973928262130463,0.6553062732326491,1.0,1.0,0.973928262130463,erythroid (EDS subset),"Rat gastrocnemius protein, male 8 wk"
rat_train|SKM-GN|PROT|M_8w,HBD,1,0.533073696763901,1.49738176293792,0.4400505171689785,2.0,1.0,1.49738176293792,erythroid (EDS subset),"Rat gastrocnemius protein, male 8 wk"
rat_train|SKM-GN|PROT|M_8w,HBM,1,,,,,,,erythroid (EDS subset),"Rat gastrocnemius protein, male 8 wk"
rat_train|SKM-GN|PROT|M_8w,HBQ1,1,0.0160369438398415,0.0553794537577161,0.985911753850008,1.0,1.0,0.0553794537577161,erythroid (EDS subset),"Rat gastrocnemius protein, male 8 wk"
rat_train|SKM-GN|PROT|M_8w,BPGM,1,-0.223083913927395,-2.60924035519592,0.1392609575948839,1.0,-1.0,-2.60924035519592,erythroid (EDS subset),"Rat gastrocnemius protein, male 8 wk"
rat_train|SKM-GN|PROT|M_8w,MYL4,1,-0.852877372470403,-1.40464157503731,0.4735911636245959,1.0,-1.0,-1.40464157503731,erythroid (EDS subset),"Rat gastrocnemius protein, male 8 wk"
rat_train|SKM-GN|PROT|M_8w,SELENBP1,1,,,,,,,erythroid (EDS subset),"Rat gastrocnemius protein, male 8 wk"
rat_train|SKM-GN|PROT|M_8w,SLC25A37,1,,,,,,,erythroid (EDS subset),"Rat gastrocnemius protein, male 8 wk"
rat_train|SKM-GN|PROT|M_8w,SNCA,1,0.300047741495431,1.35697260998688,0.4915407182491214,1.0,1.0,1.35697260998688,erythroid (EDS subset),"Rat gastrocnemius protein, male 8 wk"
rat_train|SKM-GN|PROT|M_8w,TMCC2,1,,,,,,,erythroid (EDS subset),"Rat gastrocnemius protein, male 8 wk"
rat_train|SKM-GN|PROT|M_8w,TSPAN5,1,,,,,,,erythroid (EDS subset),"Rat gastrocnemius protein, male 8 wk"
rat_train|SKM-GN|PROT|M_8w,GATA1,1,,,,,,,erythroid (EDS subset),"Rat gastrocnemius protein, male 8 wk"
rat_train|SKM-VL|RNA|F_1w,ALAS2,1,0.625260327785081,1.12315228745672,0.9990421786671966,1.0,1.0,1.12315228745672,erythroid (EDS subset),"Rat vastus lateralis RNA, female 1 wk"
rat_train|SKM-VL|RNA|F_1w,AHSP,1,,,,,,,erythroid (EDS subset),"Rat vastus lateralis RNA, female 1 wk"
rat_train|SKM-VL|RNA|F_1w,CA1,1,,,,,,,erythroid (EDS subset),"Rat vastus lateralis RNA, female 1 wk"
rat_train|SKM-VL|RNA|F_1w,EPB42,1,,,,,,,erythroid (EDS subset),"Rat vastus lateralis RNA, female 1 wk"
rat_train|SKM-VL|RNA|F_1w,FECH,1,0.019179429795506,0.240017126275908,0.9990421786671966,1.0,1.0,0.240017126275908,erythroid (EDS subset),"Rat vastus lateralis RNA, female 1 wk"
rat_train|SKM-VL|RNA|F_1w,GLRX5,1,-0.0095641890349798,-0.103076278611135,0.9990421786671966,1.0,-1.0,-0.103076278611135,erythroid (EDS subset),"Rat vastus lateralis RNA, female 1 wk"
rat_train|SKM-VL|RNA|F_1w,GSPT1,1,0.0030824389912182,0.0543487479993958,0.9990421786671966,1.0,1.0,0.0543487479993958,erythroid (EDS subset),"Rat vastus lateralis RNA, female 1 wk"
rat_train|SKM-VL|RNA|F_1w,GYPB,1,,,,,,,erythroid (EDS subset),"Rat vastus lateralis RNA, female 1 wk"
rat_train|SKM-VL|RNA|F_1w,GYPE,1,,,,,,,erythroid (EDS subset),"Rat vastus lateralis RNA, female 1 wk"
rat_train|SKM-VL|RNA|F_1w,HBA2,1,,,,,,,erythroid (EDS subset),"Rat vastus lateralis RNA, female 1 wk"
rat_train|SKM-VL|RNA|F_1w,HBB,1,1.04797434874854,2.80953224237885,0.3562846887689664,1.0,1.0,2.80953224237885,erythroid (EDS subset),"Rat vastus lateralis RNA, female 1 wk"
rat_train|SKM-VL|RNA|F_1w,HBD,1,0.496606894648011,0.487616828079008,0.9990421786671966,1.0,1.0,0.487616828079008,erythroid (EDS subset),"Rat vastus lateralis RNA, female 1 wk"
rat_train|SKM-VL|RNA|F_1w,HBM,1,,,,,,,erythroid (EDS subset),"Rat vastus lateralis RNA, female 1 wk"
rat_train|SKM-VL|RNA|F_1w,HBQ1,1,,,,,,,erythroid (EDS subset),"Rat vastus lateralis RNA, female 1 wk"
rat_train|SKM-VL|RNA|F_1w,BPGM,1,-0.100813642206243,-1.13461830361867,0.9990421786671966,1.0,-1.0,-1.13461830361867,erythroid (EDS subset),"Rat vastus lateralis RNA, female 1 wk"
rat_train|SKM-VL|RNA|F_1w,MYL4,1,0.0646544247466716,0.269008287916245,0.9990421786671966,1.0,1.0,0.269008287916245,erythroid (EDS subset),"Rat vastus lateralis RNA, female 1 wk"
rat_train|SKM-VL|RNA|F_1w,SELENBP1,1,1.39820764567857,0.843487584549662,0.9990421786671966,2.0,1.0,0.843487584549662,erythroid (EDS subset),"Rat vastus lateralis RNA, female 1 wk"
rat_train|SKM-VL|RNA|F_1w,SLC25A37,1,-0.297827490759469,-1.09472045743271,0.9990421786671966,1.0,-1.0,-1.09472045743271,erythroid (EDS subset),"Rat vastus lateralis RNA, female 1 wk"
rat_train|SKM-VL|RNA|F_1w,SNCA,1,0.357562523466187,0.461729526567461,0.9990421786671966,1.0,1.0,0.461729526567461,erythroid (EDS subset),"Rat vastus lateralis RNA, female 1 wk"
rat_train|SKM-VL|RNA|F_1w,TMCC2,1,-0.0477121968873797,-0.495668555074184,0.9990421786671966,1.0,-1.0,-0.495668555074184,erythroid (EDS subset),"Rat vastus lateralis RNA, female 1 wk"
rat_train|SKM-VL|RNA|F_1w,TSPAN5,1,0.145755764333845,0.950213612167235,0.9990421786671966,1.0,1.0,0.950213612167235,erythroid (EDS subset),"Rat vastus lateralis RNA, female 1 wk"
rat_train|SKM-VL|RNA|F_1w,GATA1,1,,,,,,,erythroid (EDS subset),"Rat vastus lateralis RNA, female 1 wk"
rat_train|SKM-VL|RNA|F_2w,ALAS2,1,0.0425479204750932,0.0709108325290315,0.9925223711302524,1.0,1.0,0.0709108325290315,erythroid (EDS subset),"Rat vastus lateralis RNA, female 2 wk"
rat_train|SKM-VL|RNA|F_2w,AHSP,1,,,,,,,erythroid (EDS subset),"Rat vastus lateralis RNA, female 2 wk"
rat_train|SKM-VL|RNA|F_2w,CA1,1,,,,,,,erythroid (EDS subset),"Rat vastus lateralis RNA, female 2 wk"
rat_train|SKM-VL|RNA|F_2w,EPB42,1,,,,,,,erythroid (EDS subset),"Rat vastus lateralis RNA, female 2 wk"
rat_train|SKM-VL|RNA|F_2w,FECH,1,-0.040503446005963,-0.475528165246211,0.9338213823103022,1.0,-1.0,-0.475528165246211,erythroid (EDS subset),"Rat vastus lateralis RNA, female 2 wk"
rat_train|SKM-VL|RNA|F_2w,GLRX5,1,-0.0247744838618021,-0.250781031490566,0.96578967168234,1.0,-1.0,-0.250781031490566,erythroid (EDS subset),"Rat vastus lateralis RNA, female 2 wk"
rat_train|SKM-VL|RNA|F_2w,GSPT1,1,-0.023387962122036,-0.386771879708412,0.948172618274045,1.0,-1.0,-0.386771879708412,erythroid (EDS subset),"Rat vastus lateralis RNA, female 2 wk"
rat_train|SKM-VL|RNA|F_2w,GYPB,1,,,,,,,erythroid (EDS subset),"Rat vastus lateralis RNA, female 2 wk"
rat_train|SKM-VL|RNA|F_2w,GYPE,1,,,,,,,erythroid (EDS subset),"Rat vastus lateralis RNA, female 2 wk"
rat_train|SKM-VL|RNA|F_2w,HBA2,1,,,,,,,erythroid (EDS subset),"Rat vastus lateralis RNA, female 2 wk"
rat_train|SKM-VL|RNA|F_2w,HBB,1,0.711235400208923,1.78593987906062,0.5787945149352636,1.0,1.0,1.78593987906062,erythroid (EDS subset),"Rat vastus lateralis RNA, female 2 wk"
rat_train|SKM-VL|RNA|F_2w,HBD,1,1.77302111723716,1.70635865430827,0.6114504140100879,1.0,1.0,1.70635865430827,erythroid (EDS subset),"Rat vastus lateralis RNA, female 2 wk"
rat_train|SKM-VL|RNA|F_2w,HBM,1,,,,,,,erythroid (EDS subset),"Rat vastus lateralis RNA, female 2 wk"
rat_train|SKM-VL|RNA|F_2w,HBQ1,1,,,,,,,erythroid (EDS subset),"Rat vastus lateralis RNA, female 2 wk"
rat_train|SKM-VL|RNA|F_2w,BPGM,1,-0.231428313517421,-2.44284880899203,0.3283053839176389,1.0,-1.0,-2.44284880899203,erythroid (EDS subset),"Rat vastus lateralis RNA, female 2 wk"
rat_train|SKM-VL|RNA|F_2w,MYL4,1,0.160814719837383,0.629650426599573,0.9148850048538903,1.0,1.0,0.629650426599573,erythroid (EDS subset),"Rat vastus lateralis RNA, female 2 wk"
rat_train|SKM-VL|RNA|F_2w,SELENBP1,1,1.3220457206276,0.748364318276499,0.8884492748985149,2.0,1.0,0.748364318276499,erythroid (EDS subset),"Rat vastus lateralis RNA, female 2 wk"
rat_train|SKM-VL|RNA|F_2w,SLC25A37,1,-0.318798158359597,-1.09862348315099,0.8037162233469516,1.0,-1.0,-1.09862348315099,erythroid (EDS subset),"Rat vastus lateralis RNA, female 2 wk"
rat_train|SKM-VL|RNA|F_2w,SNCA,1,-0.656020979849955,-0.752001066860771,0.887283630644087,1.0,-1.0,-0.752001066860771,erythroid (EDS subset),"Rat vastus lateralis RNA, female 2 wk"
rat_train|SKM-VL|RNA|F_2w,TMCC2,1,-0.140196440562644,-1.36621609899864,0.7332105286451763,1.0,-1.0,-1.36621609899864,erythroid (EDS subset),"Rat vastus lateralis RNA, female 2 wk"
rat_train|SKM-VL|RNA|F_2w,TSPAN5,1,-0.0639369640556186,-0.389842664261912,0.9481305038971852,1.0,-1.0,-0.389842664261912,erythroid (EDS subset),"Rat vastus lateralis RNA, female 2 wk"
rat_train|SKM-VL|RNA|F_2w,GATA1,1,,,,,,,erythroid (EDS subset),"Rat vastus lateralis RNA, female 2 wk"
rat_train|SKM-VL|RNA|F_4w,ALAS2,1,-0.0201699219117146,-0.0339422583860123,0.997888133050924,1.0,-1.0,-0.0339422583860123,erythroid (EDS subset),"Rat vastus lateralis RNA, female 4 wk"
rat_train|SKM-VL|RNA|F_4w,AHSP,1,,,,,,,erythroid (EDS subset),"Rat vastus lateralis RNA, female 4 wk"
rat_train|SKM-VL|RNA|F_4w,CA1,1,,,,,,,erythroid (EDS subset),"Rat vastus lateralis RNA, female 4 wk"
rat_train|SKM-VL|RNA|F_4w,EPB42,1,,,,,,,erythroid (EDS subset),"Rat vastus lateralis RNA, female 4 wk"
rat_train|SKM-VL|RNA|F_4w,FECH,1,0.0186994286157218,0.223543596983331,0.9838898119822496,1.0,1.0,0.223543596983331,erythroid (EDS subset),"Rat vastus lateralis RNA, female 4 wk"
rat_train|SKM-VL|RNA|F_4w,GLRX5,1,0.172538352305386,1.78105703762561,0.541887077318955,1.0,1.0,1.78105703762561,erythroid (EDS subset),"Rat vastus lateralis RNA, female 4 wk"
rat_train|SKM-VL|RNA|F_4w,GSPT1,1,-0.0018479408058582,-0.0311738157643696,0.9980999680625444,1.0,-1.0,-0.0311738157643696,erythroid (EDS subset),"Rat vastus lateralis RNA, female 4 wk"
rat_train|SKM-VL|RNA|F_4w,GYPB,1,,,,,,,erythroid (EDS subset),"Rat vastus lateralis RNA, female 4 wk"
rat_train|SKM-VL|RNA|F_4w,GYPE,1,,,,,,,erythroid (EDS subset),"Rat vastus lateralis RNA, female 4 wk"
rat_train|SKM-VL|RNA|F_4w,HBA2,1,,,,,,,erythroid (EDS subset),"Rat vastus lateralis RNA, female 4 wk"
rat_train|SKM-VL|RNA|F_4w,HBB,1,0.514380682044234,1.28883616234791,0.7430243439642598,1.0,1.0,1.28883616234791,erythroid (EDS subset),"Rat vastus lateralis RNA, female 4 wk"
rat_train|SKM-VL|RNA|F_4w,HBD,1,1.60945872868332,1.53843126711696,0.6483004406581877,1.0,1.0,1.53843126711696,erythroid (EDS subset),"Rat vastus lateralis RNA, female 4 wk"
rat_train|SKM-VL|RNA|F_4w,HBM,1,,,,,,,erythroid (EDS subset),"Rat vastus lateralis RNA, female 4 wk"
rat_train|SKM-VL|RNA|F_4w,HBQ1,1,,,,,,,erythroid (EDS subset),"Rat vastus lateralis RNA, female 4 wk"
rat_train|SKM-VL|RNA|F_4w,BPGM,1,-0.119165209499881,-1.27986959168271,0.7447245939916962,1.0,-1.0,-1.27986959168271,erythroid (EDS subset),"Rat vastus lateralis RNA, female 4 wk"
rat_train|SKM-VL|RNA|F_4w,MYL4,1,-0.0036291324089996,-0.0143570862887984,0.9992015292113172,1.0,-1.0,-0.0143570862887984,erythroid (EDS subset),"Rat vastus lateralis RNA, female 4 wk"
rat_train|SKM-VL|RNA|F_4w,SELENBP1,1,-1.15227235665879,-0.657352547467219,0.9140258526441706,2.0,-1.0,-0.657352547467219,erythroid (EDS subset),"Rat vastus lateralis RNA, female 4 wk"
rat_train|SKM-VL|RNA|F_4w,SLC25A37,1,-0.0015152693858606,-0.0053591933141966,1.0,1.0,-1.0,-0.0053591933141966,erythroid (EDS subset),"Rat vastus lateralis RNA, female 4 wk"
rat_train|SKM-VL|RNA|F_4w,SNCA,1,-0.314458662863541,-0.379778385106106,0.9601955676081804,1.0,-1.0,-0.379778385106106,erythroid (EDS subset),"Rat vastus lateralis RNA, female 4 wk"
rat_train|SKM-VL|RNA|F_4w,TMCC2,1,-0.156771723300069,-1.55387025322126,0.6406511768410235,1.0,-1.0,-1.55387025322126,erythroid (EDS subset),"Rat vastus lateralis RNA, female 4 wk"
rat_train|SKM-VL|RNA|F_4w,TSPAN5,1,-0.126109038995777,-0.782151027015003,0.8879703071489388,1.0,-1.0,-0.782151027015003,erythroid (EDS subset),"Rat vastus lateralis RNA, female 4 wk"
rat_train|SKM-VL|RNA|F_4w,GATA1,1,,,,,,,erythroid (EDS subset),"Rat vastus lateralis RNA, female 4 wk"
rat_train|SKM-VL|RNA|F_8w,ALAS2,1,0.0424913044467066,0.0986547728435579,0.9882898007582192,1.0,1.0,0.0986547728435579,erythroid (EDS subset),"Rat vastus lateralis RNA, female 8 wk"
rat_train|SKM-VL|RNA|F_8w,AHSP,1,,,,,,,erythroid (EDS subset),"Rat vastus lateralis RNA, female 8 wk"
rat_train|SKM-VL|RNA|F_8w,CA1,1,,,,,,,erythroid (EDS subset),"Rat vastus lateralis RNA, female 8 wk"
rat_train|SKM-VL|RNA|F_8w,EPB42,1,,,,,,,erythroid (EDS subset),"Rat vastus lateralis RNA, female 8 wk"
rat_train|SKM-VL|RNA|F_8w,FECH,1,0.0480769076666269,0.774032150420454,0.8588286364769127,1.0,1.0,0.774032150420454,erythroid (EDS subset),"Rat vastus lateralis RNA, female 8 wk"
rat_train|SKM-VL|RNA|F_8w,GLRX5,1,0.189724848890079,2.63518467507186,0.1494710673975348,1.0,1.0,2.63518467507186,erythroid (EDS subset),"Rat vastus lateralis RNA, female 8 wk"
rat_train|SKM-VL|RNA|F_8w,GSPT1,1,-0.0219495011777981,-0.498459757097077,0.924227078858998,1.0,-1.0,-0.498459757097077,erythroid (EDS subset),"Rat vastus lateralis RNA, female 8 wk"
rat_train|SKM-VL|RNA|F_8w,GYPB,1,,,,,,,erythroid (EDS subset),"Rat vastus lateralis RNA, female 8 wk"
rat_train|SKM-VL|RNA|F_8w,GYPE,1,,,,,,,erythroid (EDS subset),"Rat vastus lateralis RNA, female 8 wk"
rat_train|SKM-VL|RNA|F_8w,HBA2,1,,,,,,,erythroid (EDS subset),"Rat vastus lateralis RNA, female 8 wk"
rat_train|SKM-VL|RNA|F_8w,HBB,1,0.374693344577237,1.30680969644158,0.6670833433810758,1.0,1.0,1.30680969644158,erythroid (EDS subset),"Rat vastus lateralis RNA, female 8 wk"
rat_train|SKM-VL|RNA|F_8w,HBD,1,1.00795566059145,1.32909030058914,0.6590394328024389,1.0,1.0,1.32909030058914,erythroid (EDS subset),"Rat vastus lateralis RNA, female 8 wk"
rat_train|SKM-VL|RNA|F_8w,HBM,1,,,,,,,erythroid (EDS subset),"Rat vastus lateralis RNA, female 8 wk"
rat_train|SKM-VL|RNA|F_8w,HBQ1,1,,,,,,,erythroid (EDS subset),"Rat vastus lateralis RNA, female 8 wk"
rat_train|SKM-VL|RNA|F_8w,BPGM,1,-0.176914859809239,-2.56299249638031,0.1698920913319963,1.0,-1.0,-2.56299249638031,erythroid (EDS subset),"Rat vastus lateralis RNA, female 8 wk"
rat_train|SKM-VL|RNA|F_8w,MYL4,1,0.245288664914666,1.31494242189124,0.6641503173885983,1.0,1.0,1.31494242189124,erythroid (EDS subset),"Rat vastus lateralis RNA, female 8 wk"
rat_train|SKM-VL|RNA|F_8w,SELENBP1,1,-0.408281179188216,-3.00925471501735,0.0681351495025143,2.0,-1.0,-3.00925471501735,erythroid (EDS subset),"Rat vastus lateralis RNA, female 8 wk"
rat_train|SKM-VL|RNA|F_8w,SLC25A37,1,-0.204963715043619,-0.984392788401028,0.7946555895980677,1.0,-1.0,-0.984392788401028,erythroid (EDS subset),"Rat vastus lateralis RNA, female 8 wk"
rat_train|SKM-VL|RNA|F_8w,SNCA,1,-0.628206905788857,-1.03305066528594,0.7765161853455724,1.0,-1.0,-1.03305066528594,erythroid (EDS subset),"Rat vastus lateralis RNA, female 8 wk"
rat_train|SKM-VL|RNA|F_8w,TMCC2,1,-0.0367429914556394,-0.491762730133963,0.924227078858998,1.0,-1.0,-0.491762730133963,erythroid (EDS subset),"Rat vastus lateralis RNA, female 8 wk"
rat_train|SKM-VL|RNA|F_8w,TSPAN5,1,0.0511766754242002,0.427604797684745,0.934973749957368,1.0,1.0,0.427604797684745,erythroid (EDS subset),"Rat vastus lateralis RNA, female 8 wk"
rat_train|SKM-VL|RNA|F_8w,GATA1,1,,,,,,,erythroid (EDS subset),"Rat vastus lateralis RNA, female 8 wk"
rat_train|SKM-VL|RNA|M_1w,ALAS2,1,0.674851312662969,0.804643556416669,0.965834053325972,1.0,1.0,0.804643556416669,erythroid (EDS subset),"Rat vastus lateralis RNA, male 1 wk"
rat_train|SKM-VL|RNA|M_1w,AHSP,1,,,,,,,erythroid (EDS subset),"Rat vastus lateralis RNA, male 1 wk"
rat_train|SKM-VL|RNA|M_1w,CA1,1,,,,,,,erythroid (EDS subset),"Rat vastus lateralis RNA, male 1 wk"
rat_train|SKM-VL|RNA|M_1w,EPB42,1,,,,,,,erythroid (EDS subset),"Rat vastus lateralis RNA, male 1 wk"
rat_train|SKM-VL|RNA|M_1w,FECH,1,0.0571563635094774,0.590380551036159,0.9776860110233848,1.0,1.0,0.590380551036159,erythroid (EDS subset),"Rat vastus lateralis RNA, male 1 wk"
rat_train|SKM-VL|RNA|M_1w,GLRX5,1,0.140808386166067,0.922143250396418,0.9580237231184566,1.0,1.0,0.922143250396418,erythroid (EDS subset),"Rat vastus lateralis RNA, male 1 wk"
rat_train|SKM-VL|RNA|M_1w,GSPT1,1,0.0181045587561485,0.26615266409127,0.9927335805170904,1.0,1.0,0.26615266409127,erythroid (EDS subset),"Rat vastus lateralis RNA, male 1 wk"
rat_train|SKM-VL|RNA|M_1w,GYPB,1,,,,,,,erythroid (EDS subset),"Rat vastus lateralis RNA, male 1 wk"
rat_train|SKM-VL|RNA|M_1w,GYPE,1,,,,,,,erythroid (EDS subset),"Rat vastus lateralis RNA, male 1 wk"
rat_train|SKM-VL|RNA|M_1w,HBA2,1,,,,,,,erythroid (EDS subset),"Rat vastus lateralis RNA, male 1 wk"
rat_train|SKM-VL|RNA|M_1w,HBB,1,0.288639301596236,0.431268205914126,0.9864826044272808,1.0,1.0,0.431268205914126,erythroid (EDS subset),"Rat vastus lateralis RNA, male 1 wk"
rat_train|SKM-VL|RNA|M_1w,HBD,1,1.65650925770675,1.43773864244994,0.8911278764657992,1.0,1.0,1.43773864244994,erythroid (EDS subset),"Rat vastus lateralis RNA, male 1 wk"
rat_train|SKM-VL|RNA|M_1w,HBM,1,,,,,,,erythroid (EDS subset),"Rat vastus lateralis RNA, male 1 wk"
rat_train|SKM-VL|RNA|M_1w,HBQ1,1,,,,,,,erythroid (EDS subset),"Rat vastus lateralis RNA, male 1 wk"
rat_train|SKM-VL|RNA|M_1w,BPGM,1,0.0436556463476077,0.35618739506827,0.9904615990981024,1.0,1.0,0.35618739506827,erythroid (EDS subset),"Rat vastus lateralis RNA, male 1 wk"
rat_train|SKM-VL|RNA|M_1w,MYL4,1,0.0282274794662919,0.0578537622460911,0.9979420204881544,1.0,1.0,0.0578537622460911,erythroid (EDS subset),"Rat vastus lateralis RNA, male 1 wk"
rat_train|SKM-VL|RNA|M_1w,SELENBP1,1,-0.889375273315849,-2.75455385412213,0.5336868864145239,2.0,-1.0,-2.75455385412213,erythroid (EDS subset),"Rat vastus lateralis RNA, male 1 wk"
rat_train|SKM-VL|RNA|M_1w,SLC25A37,1,0.170058094270278,0.643581962592629,0.975191696056238,1.0,1.0,0.643581962592629,erythroid (EDS subset),"Rat vastus lateralis RNA, male 1 wk"
rat_train|SKM-VL|RNA|M_1w,SNCA,1,-1.38716387461254,-1.25771831701867,0.9107738807539696,1.0,-1.0,-1.25771831701867,erythroid (EDS subset),"Rat vastus lateralis RNA, male 1 wk"
rat_train|SKM-VL|RNA|M_1w,TMCC2,1,0.158098001508146,1.19267038540335,0.9213813275286252,1.0,1.0,1.19267038540335,erythroid (EDS subset),"Rat vastus lateralis RNA, male 1 wk"
rat_train|SKM-VL|RNA|M_1w,TSPAN5,1,-0.064723793445541,-0.348119008193254,0.9907670418837452,1.0,-1.0,-0.348119008193254,erythroid (EDS subset),"Rat vastus lateralis RNA, male 1 wk"
rat_train|SKM-VL|RNA|M_1w,GATA1,1,,,,,,,erythroid (EDS subset),"Rat vastus lateralis RNA, male 1 wk"
rat_train|SKM-VL|RNA|M_2w,ALAS2,1,0.855578689293328,0.908793088142913,0.9427807177684888,1.0,1.0,0.908793088142913,erythroid (EDS subset),"Rat vastus lateralis RNA, male 2 wk"
rat_train|SKM-VL|RNA|M_2w,AHSP,1,,,,,,,erythroid (EDS subset),"Rat vastus lateralis RNA, male 2 wk"
rat_train|SKM-VL|RNA|M_2w,CA1,1,,,,,,,erythroid (EDS subset),"Rat vastus lateralis RNA, male 2 wk"
rat_train|SKM-VL|RNA|M_2w,EPB42,1,,,,,,,erythroid (EDS subset),"Rat vastus lateralis RNA, male 2 wk"
rat_train|SKM-VL|RNA|M_2w,FECH,1,0.0659232474206173,0.606844236600906,0.9754917487021126,1.0,1.0,0.606844236600906,erythroid (EDS subset),"Rat vastus lateralis RNA, male 2 wk"
rat_train|SKM-VL|RNA|M_2w,GLRX5,1,0.171695708954119,1.0023027883005,0.9363517785034312,1.0,1.0,1.0023027883005,erythroid (EDS subset),"Rat vastus lateralis RNA, male 2 wk"
rat_train|SKM-VL|RNA|M_2w,GSPT1,1,-0.0400766022035526,-0.524182818760574,0.9839355610186342,1.0,-1.0,-0.524182818760574,erythroid (EDS subset),"Rat vastus lateralis RNA, male 2 wk"
rat_train|SKM-VL|RNA|M_2w,GYPB,1,,,,,,,erythroid (EDS subset),"Rat vastus lateralis RNA, male 2 wk"
rat_train|SKM-VL|RNA|M_2w,GYPE,1,,,,,,,erythroid (EDS subset),"Rat vastus lateralis RNA, male 2 wk"
rat_train|SKM-VL|RNA|M_2w,HBA2,1,,,,,,,erythroid (EDS subset),"Rat vastus lateralis RNA, male 2 wk"
rat_train|SKM-VL|RNA|M_2w,HBB,1,0.997271163551718,1.33346519761806,0.8877362000935034,1.0,1.0,1.33346519761806,erythroid (EDS subset),"Rat vastus lateralis RNA, male 2 wk"
rat_train|SKM-VL|RNA|M_2w,HBD,1,3.34748674516591,2.64367436278095,0.5191560986152118,1.0,1.0,2.64367436278095,erythroid (EDS subset),"Rat vastus lateralis RNA, male 2 wk"
rat_train|SKM-VL|RNA|M_2w,HBM,1,,,,,,,erythroid (EDS subset),"Rat vastus lateralis RNA, male 2 wk"
rat_train|SKM-VL|RNA|M_2w,HBQ1,1,,,,,,,erythroid (EDS subset),"Rat vastus lateralis RNA, male 2 wk"
rat_train|SKM-VL|RNA|M_2w,BPGM,1,0.0612210689879643,0.445269202358424,0.9873619576027725,1.0,1.0,0.445269202358424,erythroid (EDS subset),"Rat vastus lateralis RNA, male 2 wk"
rat_train|SKM-VL|RNA|M_2w,MYL4,1,-0.343330778826954,-0.627337776477457,0.9727356633900792,1.0,-1.0,-0.627337776477457,erythroid (EDS subset),"Rat vastus lateralis RNA, male 2 wk"
rat_train|SKM-VL|RNA|M_2w,SELENBP1,1,-0.853843063750021,-2.36198127331181,0.6518080878457914,2.0,-1.0,-2.36198127331181,erythroid (EDS subset),"Rat vastus lateralis RNA, male 2 wk"
rat_train|SKM-VL|RNA|M_2w,SLC25A37,1,0.220882572173728,0.74259311975539,0.963892211692442,1.0,1.0,0.74259311975539,erythroid (EDS subset),"Rat vastus lateralis RNA, male 2 wk"
rat_train|SKM-VL|RNA|M_2w,SNCA,1,-2.11137117660658,-1.69095347498918,0.8245356599394037,1.0,-1.0,-1.69095347498918,erythroid (EDS subset),"Rat vastus lateralis RNA, male 2 wk"
rat_train|SKM-VL|RNA|M_2w,TMCC2,1,0.28695097190019,1.93071251829133,0.7585855944744481,1.0,1.0,1.93071251829133,erythroid (EDS subset),"Rat vastus lateralis RNA, male 2 wk"
rat_train|SKM-VL|RNA|M_2w,TSPAN5,1,-0.0916549733535321,-0.439528669920281,0.9873619576027725,1.0,-1.0,-0.439528669920281,erythroid (EDS subset),"Rat vastus lateralis RNA, male 2 wk"
rat_train|SKM-VL|RNA|M_2w,GATA1,1,,,,,,,erythroid (EDS subset),"Rat vastus lateralis RNA, male 2 wk"
rat_train|SKM-VL|RNA|M_4w,ALAS2,1,0.485419885294603,0.498863560603819,1.0,1.0,1.0,0.498863560603819,erythroid (EDS subset),"Rat vastus lateralis RNA, male 4 wk"
rat_train|SKM-VL|RNA|M_4w,AHSP,1,,,,,,,erythroid (EDS subset),"Rat vastus lateralis RNA, male 4 wk"
rat_train|SKM-VL|RNA|M_4w,CA1,1,,,,,,,erythroid (EDS subset),"Rat vastus lateralis RNA, male 4 wk"
rat_train|SKM-VL|RNA|M_4w,EPB42,1,,,,,,,erythroid (EDS subset),"Rat vastus lateralis RNA, male 4 wk"
rat_train|SKM-VL|RNA|M_4w,FECH,1,0.027492785013702,0.247591004041779,1.0,1.0,1.0,0.247591004041779,erythroid (EDS subset),"Rat vastus lateralis RNA, male 4 wk"
rat_train|SKM-VL|RNA|M_4w,GLRX5,1,0.232934725101278,1.32953620626531,0.913686153242029,1.0,1.0,1.32953620626531,erythroid (EDS subset),"Rat vastus lateralis RNA, male 4 wk"
rat_train|SKM-VL|RNA|M_4w,GSPT1,1,0.0021276190360716,0.02723272410658,1.0,1.0,1.0,0.02723272410658,erythroid (EDS subset),"Rat vastus lateralis RNA, male 4 wk"
rat_train|SKM-VL|RNA|M_4w,GYPB,1,,,,,,,erythroid (EDS subset),"Rat vastus lateralis RNA, male 4 wk"
rat_train|SKM-VL|RNA|M_4w,GYPE,1,,,,,,,erythroid (EDS subset),"Rat vastus lateralis RNA, male 4 wk"
rat_train|SKM-VL|RNA|M_4w,HBA2,1,,,,,,,erythroid (EDS subset),"Rat vastus lateralis RNA, male 4 wk"
rat_train|SKM-VL|RNA|M_4w,HBB,1,0.340564486919296,0.440858765089013,1.0,1.0,1.0,0.440858765089013,erythroid (EDS subset),"Rat vastus lateralis RNA, male 4 wk"
rat_train|SKM-VL|RNA|M_4w,HBD,1,2.51164425787118,1.88243615243601,0.795721256155488,1.0,1.0,1.88243615243601,erythroid (EDS subset),"Rat vastus lateralis RNA, male 4 wk"
rat_train|SKM-VL|RNA|M_4w,HBM,1,,,,,,,erythroid (EDS subset),"Rat vastus lateralis RNA, male 4 wk"
rat_train|SKM-VL|RNA|M_4w,HBQ1,1,,,,,,,erythroid (EDS subset),"Rat vastus lateralis RNA, male 4 wk"
rat_train|SKM-VL|RNA|M_4w,BPGM,1,0.0116977810374852,0.0831759284264234,1.0,1.0,1.0,0.0831759284264234,erythroid (EDS subset),"Rat vastus lateralis RNA, male 4 wk"
rat_train|SKM-VL|RNA|M_4w,MYL4,1,0.0477987110751648,0.085406510661541,1.0,1.0,1.0,0.085406510661541,erythroid (EDS subset),"Rat vastus lateralis RNA, male 4 wk"
rat_train|SKM-VL|RNA|M_4w,SELENBP1,1,3.17755446134238,1.49997320643796,0.8946652631521145,2.0,1.0,1.49997320643796,erythroid (EDS subset),"Rat vastus lateralis RNA, male 4 wk"
rat_train|SKM-VL|RNA|M_4w,SLC25A37,1,0.452529049364136,1.49570781339494,0.8949285114837117,1.0,1.0,1.49570781339494,erythroid (EDS subset),"Rat vastus lateralis RNA, male 4 wk"
rat_train|SKM-VL|RNA|M_4w,SNCA,1,-1.80253419592898,-1.41522744824197,0.9084078783265412,1.0,-1.0,-1.41522744824197,erythroid (EDS subset),"Rat vastus lateralis RNA, male 4 wk"
rat_train|SKM-VL|RNA|M_4w,TMCC2,1,0.214913977257613,1.41448817109344,0.9084078783265412,1.0,1.0,1.41448817109344,erythroid (EDS subset),"Rat vastus lateralis RNA, male 4 wk"
rat_train|SKM-VL|RNA|M_4w,TSPAN5,1,-0.162940671773996,-0.764459170785439,0.9988390488918656,1.0,-1.0,-0.764459170785439,erythroid (EDS subset),"Rat vastus lateralis RNA, male 4 wk"
rat_train|SKM-VL|RNA|M_4w,GATA1,1,,,,,,,erythroid (EDS subset),"Rat vastus lateralis RNA, male 4 wk"
rat_train|SKM-VL|RNA|M_8w,ALAS2,1,1.45146622829512,2.06313534994674,0.4241494886990429,1.0,1.0,2.06313534994674,erythroid (EDS subset),"Rat vastus lateralis RNA, male 8 wk"
rat_train|SKM-VL|RNA|M_8w,AHSP,1,,,,,,,erythroid (EDS subset),"Rat vastus lateralis RNA, male 8 wk"
rat_train|SKM-VL|RNA|M_8w,CA1,1,,,,,,,erythroid (EDS subset),"Rat vastus lateralis RNA, male 8 wk"
rat_train|SKM-VL|RNA|M_8w,EPB42,1,,,,,,,erythroid (EDS subset),"Rat vastus lateralis RNA, male 8 wk"
rat_train|SKM-VL|RNA|M_8w,FECH,1,0.0847470315449364,1.05319548390457,0.7704759705017117,1.0,1.0,1.05319548390457,erythroid (EDS subset),"Rat vastus lateralis RNA, male 8 wk"
rat_train|SKM-VL|RNA|M_8w,GLRX5,1,0.104767502798092,0.822755382539683,0.836261295458755,1.0,1.0,0.822755382539683,erythroid (EDS subset),"Rat vastus lateralis RNA, male 8 wk"
rat_train|SKM-VL|RNA|M_8w,GSPT1,1,-0.0740283136254302,-1.3024822493845,0.692933505283085,1.0,-1.0,-1.3024822493845,erythroid (EDS subset),"Rat vastus lateralis RNA, male 8 wk"
rat_train|SKM-VL|RNA|M_8w,GYPB,1,,,,,,,erythroid (EDS subset),"Rat vastus lateralis RNA, male 8 wk"
rat_train|SKM-VL|RNA|M_8w,GYPE,1,,,,,,,erythroid (EDS subset),"Rat vastus lateralis RNA, male 8 wk"
rat_train|SKM-VL|RNA|M_8w,HBA2,1,,,,,,,erythroid (EDS subset),"Rat vastus lateralis RNA, male 8 wk"
rat_train|SKM-VL|RNA|M_8w,HBB,1,1.61778645216664,2.89546583624291,0.1846871182126328,1.0,1.0,2.89546583624291,erythroid (EDS subset),"Rat vastus lateralis RNA, male 8 wk"
rat_train|SKM-VL|RNA|M_8w,HBD,1,2.17757683213411,2.25456646645013,0.3627232230753314,1.0,1.0,2.25456646645013,erythroid (EDS subset),"Rat vastus lateralis RNA, male 8 wk"
rat_train|SKM-VL|RNA|M_8w,HBM,1,,,,,,,erythroid (EDS subset),"Rat vastus lateralis RNA, male 8 wk"
rat_train|SKM-VL|RNA|M_8w,HBQ1,1,,,,,,,erythroid (EDS subset),"Rat vastus lateralis RNA, male 8 wk"
rat_train|SKM-VL|RNA|M_8w,BPGM,1,-0.337095751971853,-3.29985263238651,0.0953595208492035,1.0,-1.0,-3.29985263238651,erythroid (EDS subset),"Rat vastus lateralis RNA, male 8 wk"
rat_train|SKM-VL|RNA|M_8w,MYL4,1,0.0143310477934791,0.0352713848056105,0.9959582065461228,1.0,1.0,0.0352713848056105,erythroid (EDS subset),"Rat vastus lateralis RNA, male 8 wk"
rat_train|SKM-VL|RNA|M_8w,SELENBP1,1,-0.721391001294495,-0.460034552136284,0.924647848660182,2.0,-1.0,-0.460034552136284,erythroid (EDS subset),"Rat vastus lateralis RNA, male 8 wk"
rat_train|SKM-VL|RNA|M_8w,SLC25A37,1,0.355779891265059,1.61313914384604,0.5926745628982134,1.0,1.0,1.61313914384604,erythroid (EDS subset),"Rat vastus lateralis RNA, male 8 wk"
rat_train|SKM-VL|RNA|M_8w,SNCA,1,0.0483480151658391,0.0537745224479818,0.9933653365604216,1.0,1.0,0.0537745224479818,erythroid (EDS subset),"Rat vastus lateralis RNA, male 8 wk"
rat_train|SKM-VL|RNA|M_8w,TMCC2,1,0.03949615006851,0.35868031141891,0.9425958133875184,1.0,1.0,0.35868031141891,erythroid (EDS subset),"Rat vastus lateralis RNA, male 8 wk"
rat_train|SKM-VL|RNA|M_8w,TSPAN5,1,-0.176905668372457,-1.14640214821443,0.7451847410207129,1.0,-1.0,-1.14640214821443,erythroid (EDS subset),"Rat vastus lateralis RNA, male 8 wk"
rat_train|SKM-VL|RNA|M_8w,GATA1,1,,,,,,,erythroid (EDS subset),"Rat vastus lateralis RNA, male 8 wk"
rat_train|HEART|RNA|F_1w,ALAS2,1,0.829192882530137,2.26445561555399,0.8643640681071116,1.0,1.0,2.26445561555399,erythroid (EDS subset),"Rat heart RNA, female 1 wk"
rat_train|HEART|RNA|F_1w,AHSP,1,,,,,,,erythroid (EDS subset),"Rat heart RNA, female 1 wk"
rat_train|HEART|RNA|F_1w,CA1,1,,,,,,,erythroid (EDS subset),"Rat heart RNA, female 1 wk"
rat_train|HEART|RNA|F_1w,EPB42,1,0.148575967986411,0.302000516118297,0.9998454844552934,1.0,1.0,0.302000516118297,erythroid (EDS subset),"Rat heart RNA, female 1 wk"
rat_train|HEART|RNA|F_1w,FECH,1,0.0501808385932038,1.46256250789663,0.9998454844552934,1.0,1.0,1.46256250789663,erythroid (EDS subset),"Rat heart RNA, female 1 wk"
rat_train|HEART|RNA|F_1w,GLRX5,1,-0.0169065564937522,-0.373704018529794,0.9998454844552934,1.0,-1.0,-0.373704018529794,erythroid (EDS subset),"Rat heart RNA, female 1 wk"
rat_train|HEART|RNA|F_1w,GSPT1,1,0.072745479118961,1.8792065197704,0.9737684222009472,1.0,1.0,1.8792065197704,erythroid (EDS subset),"Rat heart RNA, female 1 wk"
rat_train|HEART|RNA|F_1w,GYPB,1,,,,,,,erythroid (EDS subset),"Rat heart RNA, female 1 wk"
rat_train|HEART|RNA|F_1w,GYPE,1,,,,,,,erythroid (EDS subset),"Rat heart RNA, female 1 wk"
rat_train|HEART|RNA|F_1w,HBA2,1,,,,,,,erythroid (EDS subset),"Rat heart RNA, female 1 wk"
rat_train|HEART|RNA|F_1w,HBB,1,0.689533523618302,2.10604084034461,0.906474119827254,1.0,1.0,2.10604084034461,erythroid (EDS subset),"Rat heart RNA, female 1 wk"
rat_train|HEART|RNA|F_1w,HBD,1,0.18791950958977,0.283526688713002,0.9998454844552934,2.0,1.0,0.283526688713002,erythroid (EDS subset),"Rat heart RNA, female 1 wk"
rat_train|HEART|RNA|F_1w,HBM,1,,,,,,,erythroid (EDS subset),"Rat heart RNA, female 1 wk"
rat_train|HEART|RNA|F_1w,HBQ1,1,,,,,,,erythroid (EDS subset),"Rat heart RNA, female 1 wk"
rat_train|HEART|RNA|F_1w,BPGM,1,0.103771614643348,1.24066578628854,0.9998454844552934,1.0,1.0,1.24066578628854,erythroid (EDS subset),"Rat heart RNA, female 1 wk"
rat_train|HEART|RNA|F_1w,MYL4,1,1.47010731702114,1.8484776110361,0.9780888783227192,1.0,1.0,1.8484776110361,erythroid (EDS subset),"Rat heart RNA, female 1 wk"
rat_train|HEART|RNA|F_1w,SELENBP1,1,-0.0777232132801786,-1.63347903957254,0.9998454844552934,2.0,-1.0,-1.63347903957254,erythroid (EDS subset),"Rat heart RNA, female 1 wk"
rat_train|HEART|RNA|F_1w,SLC25A37,1,-0.0392146583212782,-0.306295158850878,0.9998454844552934,1.0,-1.0,-0.306295158850878,erythroid (EDS subset),"Rat heart RNA, female 1 wk"
rat_train|HEART|RNA|F_1w,SNCA,1,2.10290513774317,2.67741328838304,0.6623052239498294,1.0,1.0,2.67741328838304,erythroid (EDS subset),"Rat heart RNA, female 1 wk"
rat_train|HEART|RNA|F_1w,TMCC2,1,0.0652436362267113,1.13732004163617,0.9998454844552934,1.0,1.0,1.13732004163617,erythroid (EDS subset),"Rat heart RNA, female 1 wk"
rat_train|HEART|RNA|F_1w,TSPAN5,1,0.0034715577614303,0.0255278128648208,0.9998454844552934,1.0,1.0,0.0255278128648208,erythroid (EDS subset),"Rat heart RNA, female 1 wk"
rat_train|HEART|RNA|F_1w,GATA1,1,,,,,,,erythroid (EDS subset),"Rat heart RNA, female 1 wk"
rat_train|HEART|RNA|F_2w,ALAS2,1,0.303362133273862,0.803835807407242,1.0,1.0,1.0,0.803835807407242,erythroid (EDS subset),"Rat heart RNA, female 2 wk"
rat_train|HEART|RNA|F_2w,AHSP,1,,,,,,,erythroid (EDS subset),"Rat heart RNA, female 2 wk"
rat_train|HEART|RNA|F_2w,CA1,1,,,,,,,erythroid (EDS subset),"Rat heart RNA, female 2 wk"
rat_train|HEART|RNA|F_2w,EPB42,1,-0.101736438525653,-0.194293167368021,1.0,1.0,-1.0,-0.194293167368021,erythroid (EDS subset),"Rat heart RNA, female 2 wk"
rat_train|HEART|RNA|F_2w,FECH,1,0.0734291905389026,2.0709299037738,0.70526440815011,1.0,1.0,2.0709299037738,erythroid (EDS subset),"Rat heart RNA, female 2 wk"
rat_train|HEART|RNA|F_2w,GLRX5,1,-0.0914298075655356,-1.94653280134471,0.7688274447477217,1.0,-1.0,-1.94653280134471,erythroid (EDS subset),"Rat heart RNA, female 2 wk"
rat_train|HEART|RNA|F_2w,GSPT1,1,0.0229574226831981,0.57322633794829,1.0,1.0,1.0,0.57322633794829,erythroid (EDS subset),"Rat heart RNA, female 2 wk"
rat_train|HEART|RNA|F_2w,GYPB,1,,,,,,,erythroid (EDS subset),"Rat heart RNA, female 2 wk"
rat_train|HEART|RNA|F_2w,GYPE,1,,,,,,,erythroid (EDS subset),"Rat heart RNA, female 2 wk"
rat_train|HEART|RNA|F_2w,HBA2,1,,,,,,,erythroid (EDS subset),"Rat heart RNA, female 2 wk"
rat_train|HEART|RNA|F_2w,HBB,1,0.199932201746609,0.593260664590247,1.0,1.0,1.0,0.593260664590247,erythroid (EDS subset),"Rat heart RNA, female 2 wk"
rat_train|HEART|RNA|F_2w,HBD,1,-0.294738792896591,-0.429216142761386,1.0,2.0,-1.0,-0.429216142761386,erythroid (EDS subset),"Rat heart RNA, female 2 wk"
rat_train|HEART|RNA|F_2w,HBM,1,,,,,,,erythroid (EDS subset),"Rat heart RNA, female 2 wk"
rat_train|HEART|RNA|F_2w,HBQ1,1,,,,,,,erythroid (EDS subset),"Rat heart RNA, female 2 wk"
rat_train|HEART|RNA|F_2w,BPGM,1,0.0159916038797866,0.184367554313121,1.0,1.0,1.0,0.184367554313121,erythroid (EDS subset),"Rat heart RNA, female 2 wk"
rat_train|HEART|RNA|F_2w,MYL4,1,1.42571846000276,1.74826487662039,0.8582509138393628,1.0,1.0,1.74826487662039,erythroid (EDS subset),"Rat heart RNA, female 2 wk"
rat_train|HEART|RNA|F_2w,SELENBP1,1,-0.06766783199581,-1.37777416838423,0.9519327969621948,2.0,-1.0,-1.37777416838423,erythroid (EDS subset),"Rat heart RNA, female 2 wk"
rat_train|HEART|RNA|F_2w,SLC25A37,1,-0.0004769204911076,-0.0036027820419412,1.0,1.0,-1.0,-0.0036027820419412,erythroid (EDS subset),"Rat heart RNA, female 2 wk"
rat_train|HEART|RNA|F_2w,SNCA,1,1.75852756537956,2.16079101842148,0.6809875084093593,1.0,1.0,2.16079101842148,erythroid (EDS subset),"Rat heart RNA, female 2 wk"
rat_train|HEART|RNA|F_2w,TMCC2,1,0.0270718950906098,0.455786938691568,1.0,1.0,1.0,0.455786938691568,erythroid (EDS subset),"Rat heart RNA, female 2 wk"
rat_train|HEART|RNA|F_2w,TSPAN5,1,-0.0732206468081885,-0.516612122129564,1.0,1.0,-1.0,-0.516612122129564,erythroid (EDS subset),"Rat heart RNA, female 2 wk"
rat_train|HEART|RNA|F_2w,GATA1,1,,,,,,,erythroid (EDS subset),"Rat heart RNA, female 2 wk"
rat_train|HEART|RNA|F_4w,ALAS2,1,-0.0413302600251744,-0.110807175493251,0.9998459062106204,1.0,-1.0,-0.110807175493251,erythroid (EDS subset),"Rat heart RNA, female 4 wk"
rat_train|HEART|RNA|F_4w,AHSP,1,,,,,,,erythroid (EDS subset),"Rat heart RNA, female 4 wk"
rat_train|HEART|RNA|F_4w,CA1,1,,,,,,,erythroid (EDS subset),"Rat heart RNA, female 4 wk"
rat_train|HEART|RNA|F_4w,EPB42,1,-0.85172904647667,-1.58365992217346,0.821225575828481,1.0,-1.0,-1.58365992217346,erythroid (EDS subset),"Rat heart RNA, female 4 wk"
rat_train|HEART|RNA|F_4w,FECH,1,0.0012041040879931,0.0346267949942342,1.0,1.0,1.0,0.0346267949942342,erythroid (EDS subset),"Rat heart RNA, female 4 wk"
rat_train|HEART|RNA|F_4w,GLRX5,1,-0.0051455897578059,-0.112508168879054,0.9998459062106204,1.0,-1.0,-0.112508168879054,erythroid (EDS subset),"Rat heart RNA, female 4 wk"
rat_train|HEART|RNA|F_4w,GSPT1,1,0.0003875277348354,0.0098693372216024,1.0,1.0,1.0,0.0098693372216024,erythroid (EDS subset),"Rat heart RNA, female 4 wk"
rat_train|HEART|RNA|F_4w,GYPB,1,,,,,,,erythroid (EDS subset),"Rat heart RNA, female 4 wk"
rat_train|HEART|RNA|F_4w,GYPE,1,,,,,,,erythroid (EDS subset),"Rat heart RNA, female 4 wk"
rat_train|HEART|RNA|F_4w,HBA2,1,,,,,,,erythroid (EDS subset),"Rat heart RNA, female 4 wk"
rat_train|HEART|RNA|F_4w,HBB,1,-0.207746571851107,-0.624500892418245,0.9775445635233996,1.0,-1.0,-0.624500892418245,erythroid (EDS subset),"Rat heart RNA, female 4 wk"
rat_train|HEART|RNA|F_4w,HBD,1,-4.07568668831189,-1.4030575922571,0.8606678082985976,2.0,-1.0,-1.4030575922571,erythroid (EDS subset),"Rat heart RNA, female 4 wk"
rat_train|HEART|RNA|F_4w,HBM,1,,,,,,,erythroid (EDS subset),"Rat heart RNA, female 4 wk"
rat_train|HEART|RNA|F_4w,HBQ1,1,,,,,,,erythroid (EDS subset),"Rat heart RNA, female 4 wk"
rat_train|HEART|RNA|F_4w,BPGM,1,-0.0012262907579367,-0.0144320974024382,1.0,1.0,-1.0,-0.0144320974024382,erythroid (EDS subset),"Rat heart RNA, female 4 wk"
rat_train|HEART|RNA|F_4w,MYL4,1,-0.109097167210271,-0.135595732431197,0.9998459062106204,1.0,-1.0,-0.135595732431197,erythroid (EDS subset),"Rat heart RNA, female 4 wk"
rat_train|HEART|RNA|F_4w,SELENBP1,1,-0.326026531155091,-1.32411039692485,0.8763072934737965,2.0,-1.0,-1.32411039692485,erythroid (EDS subset),"Rat heart RNA, female 4 wk"
rat_train|HEART|RNA|F_4w,SLC25A37,1,-0.0362866442907219,-0.280407332946207,0.9942445415169392,1.0,-1.0,-0.280407332946207,erythroid (EDS subset),"Rat heart RNA, female 4 wk"
rat_train|HEART|RNA|F_4w,SNCA,1,0.394654241289399,0.475899554808543,0.9837455058361928,1.0,1.0,0.475899554808543,erythroid (EDS subset),"Rat heart RNA, female 4 wk"
rat_train|HEART|RNA|F_4w,TMCC2,1,0.0588415137273741,1.01359775853123,0.9282103985671832,1.0,1.0,1.01359775853123,erythroid (EDS subset),"Rat heart RNA, female 4 wk"
rat_train|HEART|RNA|F_4w,TSPAN5,1,-0.21831202198107,-1.57097565605768,0.8235167897097382,1.0,-1.0,-1.57097565605768,erythroid (EDS subset),"Rat heart RNA, female 4 wk"
rat_train|HEART|RNA|F_4w,GATA1,1,,,,,,,erythroid (EDS subset),"Rat heart RNA, female 4 wk"
rat_train|HEART|RNA|F_8w,ALAS2,1,0.226453204504734,0.613153141107766,0.9038153721026748,1.0,1.0,0.613153141107766,erythroid (EDS subset),"Rat heart RNA, female 8 wk"
rat_train|HEART|RNA|F_8w,AHSP,1,,,,,,,erythroid (EDS subset),"Rat heart RNA, female 8 wk"
rat_train|HEART|RNA|F_8w,CA1,1,,,,,,,erythroid (EDS subset),"Rat heart RNA, female 8 wk"
rat_train|HEART|RNA|F_8w,EPB42,1,0.30029422453949,0.605734939152493,0.9057446498546594,1.0,1.0,0.605734939152493,erythroid (EDS subset),"Rat heart RNA, female 8 wk"
rat_train|HEART|RNA|F_8w,FECH,1,0.0054432717036267,0.156337777670768,0.9830472334197754,1.0,1.0,0.156337777670768,erythroid (EDS subset),"Rat heart RNA, female 8 wk"
rat_train|HEART|RNA|F_8w,GLRX5,1,0.0031795905002057,0.0695174157902042,0.9931132564558676,1.0,1.0,0.0695174157902042,erythroid (EDS subset),"Rat heart RNA, female 8 wk"
rat_train|HEART|RNA|F_8w,GSPT1,1,0.017717079557966,0.451910917875213,0.934935463303512,1.0,1.0,0.451910917875213,erythroid (EDS subset),"Rat heart RNA, female 8 wk"
rat_train|HEART|RNA|F_8w,GYPB,1,,,,,,,erythroid (EDS subset),"Rat heart RNA, female 8 wk"
rat_train|HEART|RNA|F_8w,GYPE,1,,,,,,,erythroid (EDS subset),"Rat heart RNA, female 8 wk"
rat_train|HEART|RNA|F_8w,HBA2,1,,,,,,,erythroid (EDS subset),"Rat heart RNA, female 8 wk"
rat_train|HEART|RNA|F_8w,HBB,1,0.290414286993885,0.882067866101109,0.838285029440334,1.0,1.0,0.882067866101109,erythroid (EDS subset),"Rat heart RNA, female 8 wk"
rat_train|HEART|RNA|F_8w,HBD,1,-3.08648604418037,-1.06634227890477,0.7782632962946822,2.0,-1.0,-1.06634227890477,erythroid (EDS subset),"Rat heart RNA, female 8 wk"
rat_train|HEART|RNA|F_8w,HBM,1,,,,,,,erythroid (EDS subset),"Rat heart RNA, female 8 wk"
rat_train|HEART|RNA|F_8w,HBQ1,1,,,,,,,erythroid (EDS subset),"Rat heart RNA, female 8 wk"
rat_train|HEART|RNA|F_8w,BPGM,1,0.0487428221103395,0.575204705841303,0.9127122216788064,1.0,1.0,0.575204705841303,erythroid (EDS subset),"Rat heart RNA, female 8 wk"
rat_train|HEART|RNA|F_8w,MYL4,1,0.298169647513251,0.373833499786565,0.9500001611433346,1.0,1.0,0.373833499786565,erythroid (EDS subset),"Rat heart RNA, female 8 wk"
rat_train|HEART|RNA|F_8w,SELENBP1,1,-0.275788521889087,-1.1217467849638,0.7541469811813566,2.0,-1.0,-1.1217467849638,erythroid (EDS subset),"Rat heart RNA, female 8 wk"
rat_train|HEART|RNA|F_8w,SLC25A37,1,-0.165245897971921,-1.25931322048852,0.6998732985437076,1.0,-1.0,-1.25931322048852,erythroid (EDS subset),"Rat heart RNA, female 8 wk"
rat_train|HEART|RNA|F_8w,SNCA,1,-0.346647122691233,-0.392971927578941,0.9471173028621778,1.0,-1.0,-0.392971927578941,erythroid (EDS subset),"Rat heart RNA, female 8 wk"
rat_train|HEART|RNA|F_8w,TMCC2,1,0.0988858091052602,1.70640574448096,0.5384052237359128,1.0,1.0,1.70640574448096,erythroid (EDS subset),"Rat heart RNA, female 8 wk"
rat_train|HEART|RNA|F_8w,TSPAN5,1,-0.0174842580621487,-0.126442944578203,0.986812739927824,1.0,-1.0,-0.126442944578203,erythroid (EDS subset),"Rat heart RNA, female 8 wk"
rat_train|HEART|RNA|F_8w,GATA1,1,,,,,,,erythroid (EDS subset),"Rat heart RNA, female 8 wk"
rat_train|HEART|RNA|M_1w,ALAS2,1,-0.78973655735798,-3.60981892132955,0.0835056240614152,1.0,-1.0,-3.60981892132955,erythroid (EDS subset),"Rat heart RNA, male 1 wk"
rat_train|HEART|RNA|M_1w,AHSP,1,,,,,,,erythroid (EDS subset),"Rat heart RNA, male 1 wk"
rat_train|HEART|RNA|M_1w,CA1,1,,,,,,,erythroid (EDS subset),"Rat heart RNA, male 1 wk"
rat_train|HEART|RNA|M_1w,EPB42,1,0.271784381698366,0.402588581420447,0.9923953428772244,1.0,1.0,0.402588581420447,erythroid (EDS subset),"Rat heart RNA, male 1 wk"
rat_train|HEART|RNA|M_1w,FECH,1,0.0525281110470519,1.1933246237462,0.9547654755204036,1.0,1.0,1.1933246237462,erythroid (EDS subset),"Rat heart RNA, male 1 wk"
rat_train|HEART|RNA|M_1w,GLRX5,1,0.0116765026041538,0.210163812869114,0.9952615144306414,1.0,1.0,0.210163812869114,erythroid (EDS subset),"Rat heart RNA, male 1 wk"
rat_train|HEART|RNA|M_1w,GSPT1,1,0.0135468346583449,0.278865087262403,0.9941774730396212,1.0,1.0,0.278865087262403,erythroid (EDS subset),"Rat heart RNA, male 1 wk"
rat_train|HEART|RNA|M_1w,GYPB,1,,,,,,,erythroid (EDS subset),"Rat heart RNA, male 1 wk"
rat_train|HEART|RNA|M_1w,GYPE,1,,,,,,,erythroid (EDS subset),"Rat heart RNA, male 1 wk"
rat_train|HEART|RNA|M_1w,HBA2,1,,,,,,,erythroid (EDS subset),"Rat heart RNA, male 1 wk"
rat_train|HEART|RNA|M_1w,HBB,1,-0.855382039392687,-3.66936716257028,0.0716751502922809,1.0,-1.0,-3.66936716257028,erythroid (EDS subset),"Rat heart RNA, male 1 wk"
rat_train|HEART|RNA|M_1w,HBD,1,-0.965292257938138,-1.98842325810931,0.7605775712721089,2.0,-1.0,-1.98842325810931,erythroid (EDS subset),"Rat heart RNA, male 1 wk"
rat_train|HEART|RNA|M_1w,HBM,1,,,,,,,erythroid (EDS subset),"Rat heart RNA, male 1 wk"
rat_train|HEART|RNA|M_1w,HBQ1,1,,,,,,,erythroid (EDS subset),"Rat heart RNA, male 1 wk"
rat_train|HEART|RNA|M_1w,BPGM,1,-0.144057989106849,-1.88379290096757,0.798830487924971,1.0,-1.0,-1.88379290096757,erythroid (EDS subset),"Rat heart RNA, male 1 wk"
rat_train|HEART|RNA|M_1w,MYL4,1,-0.674627423393174,-0.940545039120679,0.980572227924856,1.0,-1.0,-0.940545039120679,erythroid (EDS subset),"Rat heart RNA, male 1 wk"
rat_train|HEART|RNA|M_1w,SELENBP1,1,-0.0628995110408784,-1.15574926664558,0.9639253837891536,2.0,-1.0,-1.15574926664558,erythroid (EDS subset),"Rat heart RNA, male 1 wk"
rat_train|HEART|RNA|M_1w,SLC25A37,1,-0.260821946047277,-1.67559545746655,0.8659199091503689,1.0,-1.0,-1.67559545746655,erythroid (EDS subset),"Rat heart RNA, male 1 wk"
rat_train|HEART|RNA|M_1w,SNCA,1,0.0860969551360154,0.118099816948171,0.9956729044771214,1.0,1.0,0.118099816948171,erythroid (EDS subset),"Rat heart RNA, male 1 wk"
rat_train|HEART|RNA|M_1w,TMCC2,1,-0.0291133374584477,-0.539279788870875,0.9923953428772244,1.0,-1.0,-0.539279788870875,erythroid (EDS subset),"Rat heart RNA, male 1 wk"
rat_train|HEART|RNA|M_1w,TSPAN5,1,-0.0244886753861318,-0.155744507528558,0.9954461489343376,1.0,-1.0,-0.155744507528558,erythroid (EDS subset),"Rat heart RNA, male 1 wk"
rat_train|HEART|RNA|M_1w,GATA1,1,,,,,,,erythroid (EDS subset),"Rat heart RNA, male 1 wk"
rat_train|HEART|RNA|M_2w,ALAS2,1,-0.114427381216852,-0.592878793103955,0.941375301597371,1.0,-1.0,-0.592878793103955,erythroid (EDS subset),"Rat heart RNA, male 2 wk"
rat_train|HEART|RNA|M_2w,AHSP,1,,,,,,,erythroid (EDS subset),"Rat heart RNA, male 2 wk"
rat_train|HEART|RNA|M_2w,CA1,1,,,,,,,erythroid (EDS subset),"Rat heart RNA, male 2 wk"
rat_train|HEART|RNA|M_2w,EPB42,1,-1.23002041074376,-1.86258268044296,0.5931701345671176,1.0,-1.0,-1.86258268044296,erythroid (EDS subset),"Rat heart RNA, male 2 wk"
rat_train|HEART|RNA|M_2w,FECH,1,0.0235607265337921,0.597066930853593,0.9405194037489896,1.0,1.0,0.597066930853593,erythroid (EDS subset),"Rat heart RNA, male 2 wk"
rat_train|HEART|RNA|M_2w,GLRX5,1,-0.0006314956433275,-0.0126822061537102,0.999784507060809,1.0,-1.0,-0.0126822061537102,erythroid (EDS subset),"Rat heart RNA, male 2 wk"
rat_train|HEART|RNA|M_2w,GSPT1,1,0.0056121311918773,0.128986414408822,0.9907609760464988,1.0,1.0,0.128986414408822,erythroid (EDS subset),"Rat heart RNA, male 2 wk"
rat_train|HEART|RNA|M_2w,GYPB,1,,,,,,,erythroid (EDS subset),"Rat heart RNA, male 2 wk"
rat_train|HEART|RNA|M_2w,GYPE,1,,,,,,,erythroid (EDS subset),"Rat heart RNA, male 2 wk"
rat_train|HEART|RNA|M_2w,HBA2,1,,,,,,,erythroid (EDS subset),"Rat heart RNA, male 2 wk"
rat_train|HEART|RNA|M_2w,HBB,1,-0.668315690336615,-3.20639039300001,0.0911474037583012,1.0,-1.0,-3.20639039300001,erythroid (EDS subset),"Rat heart RNA, male 2 wk"
rat_train|HEART|RNA|M_2w,HBD,1,-0.90902061189628,-2.0916155522341,0.4826009225948759,2.0,-1.0,-2.0916155522341,erythroid (EDS subset),"Rat heart RNA, male 2 wk"
rat_train|HEART|RNA|M_2w,HBM,1,,,,,,,erythroid (EDS subset),"Rat heart RNA, male 2 wk"
rat_train|HEART|RNA|M_2w,HBQ1,1,,,,,,,erythroid (EDS subset),"Rat heart RNA, male 2 wk"
rat_train|HEART|RNA|M_2w,BPGM,1,-0.118421792241185,-1.7305257561941,0.6383008499727287,1.0,-1.0,-1.7305257561941,erythroid (EDS subset),"Rat heart RNA, male 2 wk"
rat_train|HEART|RNA|M_2w,MYL4,1,-1.58012093987328,-2.45543615648154,0.315455808608973,1.0,-1.0,-2.45543615648154,erythroid (EDS subset),"Rat heart RNA, male 2 wk"
rat_train|HEART|RNA|M_2w,SELENBP1,1,0.0183378706990017,0.0545308358641551,0.9975179213481896,2.0,1.0,0.0545308358641551,erythroid (EDS subset),"Rat heart RNA, male 2 wk"
rat_train|HEART|RNA|M_2w,SLC25A37,1,-0.0132695647148607,-0.0968933077980054,0.9964927918775008,1.0,-1.0,-0.0968933077980054,erythroid (EDS subset),"Rat heart RNA, male 2 wk"
rat_train|HEART|RNA|M_2w,SNCA,1,-0.0864241734507896,-0.132152216966408,0.9907609760464988,1.0,-1.0,-0.132152216966408,erythroid (EDS subset),"Rat heart RNA, male 2 wk"
rat_train|HEART|RNA|M_2w,TMCC2,1,-0.0246394540722406,-0.510450027769564,0.9580885101170554,1.0,-1.0,-0.510450027769564,erythroid (EDS subset),"Rat heart RNA, male 2 wk"
rat_train|HEART|RNA|M_2w,TSPAN5,1,-0.0832286744227086,-0.59115338318852,0.941375301597371,1.0,-1.0,-0.59115338318852,erythroid (EDS subset),"Rat heart RNA, male 2 wk"
rat_train|HEART|RNA|M_2w,GATA1,1,,,,,,,erythroid (EDS subset),"Rat heart RNA, male 2 wk"
rat_train|HEART|RNA|M_4w,ALAS2,1,-0.875878785771054,-4.29711667055734,0.0064084743840345,1.0,-1.0,-4.0,erythroid (EDS subset),"Rat heart RNA, male 4 wk"
rat_train|HEART|RNA|M_4w,AHSP,1,,,,,,,erythroid (EDS subset),"Rat heart RNA, male 4 wk"
rat_train|HEART|RNA|M_4w,CA1,1,,,,,,,erythroid (EDS subset),"Rat heart RNA, male 4 wk"
rat_train|HEART|RNA|M_4w,EPB42,1,-0.734935310022251,-1.1344848483423,0.9327433643652656,1.0,-1.0,-1.1344848483423,erythroid (EDS subset),"Rat heart RNA, male 4 wk"
rat_train|HEART|RNA|M_4w,FECH,1,-0.0246077909051673,-0.610311594519706,0.9895864982393524,1.0,-1.0,-0.610311594519706,erythroid (EDS subset),"Rat heart RNA, male 4 wk"
rat_train|HEART|RNA|M_4w,GLRX5,1,-0.0036873981107209,-0.0725387471888336,0.9989631386092234,1.0,-1.0,-0.0725387471888336,erythroid (EDS subset),"Rat heart RNA, male 4 wk"
rat_train|HEART|RNA|M_4w,GSPT1,1,0.0109088118545249,0.245643374726698,0.9965324722031856,1.0,1.0,0.245643374726698,erythroid (EDS subset),"Rat heart RNA, male 4 wk"
rat_train|HEART|RNA|M_4w,GYPB,1,,,,,,,erythroid (EDS subset),"Rat heart RNA, male 4 wk"
rat_train|HEART|RNA|M_4w,GYPE,1,,,,,,,erythroid (EDS subset),"Rat heart RNA, male 4 wk"
rat_train|HEART|RNA|M_4w,HBA2,1,,,,,,,erythroid (EDS subset),"Rat heart RNA, male 4 wk"
rat_train|HEART|RNA|M_4w,HBB,1,-1.05519185665842,-4.92505998367582,0.0005929954926966,1.0,-1.0,-4.0,erythroid (EDS subset),"Rat heart RNA, male 4 wk"
rat_train|HEART|RNA|M_4w,HBD,1,-0.909510598178396,-2.03928631696444,0.6442409195398935,2.0,-1.0,-2.03928631696444,erythroid (EDS subset),"Rat heart RNA, male 4 wk"
rat_train|HEART|RNA|M_4w,HBM,1,,,,,,,erythroid (EDS subset),"Rat heart RNA, male 4 wk"
rat_train|HEART|RNA|M_4w,HBQ1,1,,,,,,,erythroid (EDS subset),"Rat heart RNA, male 4 wk"
rat_train|HEART|RNA|M_4w,BPGM,1,-0.0887422169880959,-1.2619134347909,0.9165618937303444,1.0,-1.0,-1.2619134347909,erythroid (EDS subset),"Rat heart RNA, male 4 wk"
rat_train|HEART|RNA|M_4w,MYL4,1,1.04424477729226,1.59983416876424,0.8310203631922165,1.0,1.0,1.59983416876424,erythroid (EDS subset),"Rat heart RNA, male 4 wk"
rat_train|HEART|RNA|M_4w,SELENBP1,1,0.165807971737846,0.485746988223213,0.9945638095900664,2.0,1.0,0.485746988223213,erythroid (EDS subset),"Rat heart RNA, male 4 wk"
rat_train|HEART|RNA|M_4w,SLC25A37,1,-0.0746858522956975,-0.527945030627588,0.9936258721584702,1.0,-1.0,-0.527945030627588,erythroid (EDS subset),"Rat heart RNA, male 4 wk"
rat_train|HEART|RNA|M_4w,SNCA,1,-0.0165440440856971,-0.0243477478664195,0.9992418457925424,1.0,-1.0,-0.0243477478664195,erythroid (EDS subset),"Rat heart RNA, male 4 wk"
rat_train|HEART|RNA|M_4w,TMCC2,1,0.0315491445090005,0.639857005645878,0.9895654843075598,1.0,1.0,0.639857005645878,erythroid (EDS subset),"Rat heart RNA, male 4 wk"
rat_train|HEART|RNA|M_4w,TSPAN5,1,-0.160022324934799,-1.09723864315953,0.9380461080491472,1.0,-1.0,-1.09723864315953,erythroid (EDS subset),"Rat heart RNA, male 4 wk"
rat_train|HEART|RNA|M_4w,GATA1,1,,,,,,,erythroid (EDS subset),"Rat heart RNA, male 4 wk"
rat_train|HEART|RNA|M_8w,ALAS2,1,0.136671011641746,0.695249696596802,0.8966650106806628,1.0,1.0,0.695249696596802,erythroid (EDS subset),"Rat heart RNA, male 8 wk"
rat_train|HEART|RNA|M_8w,AHSP,1,,,,,,,erythroid (EDS subset),"Rat heart RNA, male 8 wk"
rat_train|HEART|RNA|M_8w,CA1,1,,,,,,,erythroid (EDS subset),"Rat heart RNA, male 8 wk"
rat_train|HEART|RNA|M_8w,EPB42,1,-0.132202670043494,-0.210628938279031,0.9831174655505986,1.0,-1.0,-0.210628938279031,erythroid (EDS subset),"Rat heart RNA, male 8 wk"
rat_train|HEART|RNA|M_8w,FECH,1,-0.0037273080202178,-0.0929576104270891,0.9906752920562036,1.0,-1.0,-0.0929576104270891,erythroid (EDS subset),"Rat heart RNA, male 8 wk"
rat_train|HEART|RNA|M_8w,GLRX5,1,0.044401081517455,0.878979418928696,0.8504205200973222,1.0,1.0,0.878979418928696,erythroid (EDS subset),"Rat heart RNA, male 8 wk"
rat_train|HEART|RNA|M_8w,GSPT1,1,-0.0514362824873914,-1.16118865139532,0.7717457763609633,1.0,-1.0,-1.16118865139532,erythroid (EDS subset),"Rat heart RNA, male 8 wk"
rat_train|HEART|RNA|M_8w,GYPB,1,,,,,,,erythroid (EDS subset),"Rat heart RNA, male 8 wk"
rat_train|HEART|RNA|M_8w,GYPE,1,,,,,,,erythroid (EDS subset),"Rat heart RNA, male 8 wk"
rat_train|HEART|RNA|M_8w,HBA2,1,,,,,,,erythroid (EDS subset),"Rat heart RNA, male 8 wk"
rat_train|HEART|RNA|M_8w,HBB,1,-0.24194246544252,-1.14454575856707,0.778158109762998,1.0,-1.0,-1.14454575856707,erythroid (EDS subset),"Rat heart RNA, male 8 wk"
rat_train|HEART|RNA|M_8w,HBD,1,0.207097784274945,0.473532913958859,0.937731018481234,2.0,1.0,0.473532913958859,erythroid (EDS subset),"Rat heart RNA, male 8 wk"
rat_train|HEART|RNA|M_8w,HBM,1,,,,,,,erythroid (EDS subset),"Rat heart RNA, male 8 wk"
rat_train|HEART|RNA|M_8w,HBQ1,1,,,,,,,erythroid (EDS subset),"Rat heart RNA, male 8 wk"
rat_train|HEART|RNA|M_8w,BPGM,1,-0.152458105697537,-2.17225148402591,0.3340785151001327,1.0,-1.0,-2.17225148402591,erythroid (EDS subset),"Rat heart RNA, male 8 wk"
rat_train|HEART|RNA|M_8w,MYL4,1,0.268560407174036,0.412404385923987,0.9491876038692918,1.0,1.0,0.412404385923987,erythroid (EDS subset),"Rat heart RNA, male 8 wk"
rat_train|HEART|RNA|M_8w,SELENBP1,1,-0.0521887460271928,-1.05286669723416,0.8039310635757239,2.0,-1.0,-1.05286669723416,erythroid (EDS subset),"Rat heart RNA, male 8 wk"
rat_train|HEART|RNA|M_8w,SLC25A37,1,0.0072466564887106,0.0514602122920811,0.9932887009593718,1.0,1.0,0.0514602122920811,erythroid (EDS subset),"Rat heart RNA, male 8 wk"
rat_train|HEART|RNA|M_8w,SNCA,1,1.07852925689621,1.62604560836553,0.5874218488137358,1.0,1.0,1.62604560836553,erythroid (EDS subset),"Rat heart RNA, male 8 wk"
rat_train|HEART|RNA|M_8w,TMCC2,1,0.0713340833762509,1.45506522576818,0.6596158270323801,1.0,1.0,1.45506522576818,erythroid (EDS subset),"Rat heart RNA, male 8 wk"
rat_train|HEART|RNA|M_8w,TSPAN5,1,0.123285363302953,0.862375077765601,0.8541958702855705,1.0,1.0,0.862375077765601,erythroid (EDS subset),"Rat heart RNA, male 8 wk"
rat_train|HEART|RNA|M_8w,GATA1,1,,,,,,,erythroid (EDS subset),"Rat heart RNA, male 8 wk"
rat_train|HEART|PROT|F_1w,ALAS2,1,-0.115900738702856,-1.26824499580731,0.874027713028693,1.0,-1.0,-1.26824499580731,erythroid (EDS subset),"Rat heart protein, female 1 wk"
rat_train|HEART|PROT|F_1w,AHSP,1,0.479744680278079,2.87270318776725,0.6784900696630204,1.0,1.0,2.87270318776725,erythroid (EDS subset),"Rat heart protein, female 1 wk"
rat_train|HEART|PROT|F_1w,CA1,1,0.147570034812196,1.07257635025966,0.8810372753496025,1.0,1.0,1.07257635025966,erythroid (EDS subset),"Rat heart protein, female 1 wk"
rat_train|HEART|PROT|F_1w,EPB42,1,0.132625559140493,0.978532381952606,0.8958002474333464,1.0,1.0,0.978532381952606,erythroid (EDS subset),"Rat heart protein, female 1 wk"
rat_train|HEART|PROT|F_1w,FECH,1,-0.0127251930687002,-0.321141651290757,0.9732060940628448,1.0,-1.0,-0.321141651290757,erythroid (EDS subset),"Rat heart protein, female 1 wk"
rat_train|HEART|PROT|F_1w,GLRX5,1,0.0464570096197392,1.10216198161664,0.8786564133157925,1.0,1.0,1.10216198161664,erythroid (EDS subset),"Rat heart protein, female 1 wk"
rat_train|HEART|PROT|F_1w,GSPT1,1,-0.0048951639686027,-0.206132802730383,0.9841021374241596,1.0,-1.0,-0.206132802730383,erythroid (EDS subset),"Rat heart protein, female 1 wk"
rat_train|HEART|PROT|F_1w,GYPB,1,,,,,,,erythroid (EDS subset),"Rat heart protein, female 1 wk"
rat_train|HEART|PROT|F_1w,GYPE,1,,,,,,,erythroid (EDS subset),"Rat heart protein, female 1 wk"
rat_train|HEART|PROT|F_1w,HBA2,1,,,,,,,erythroid (EDS subset),"Rat heart protein, female 1 wk"
rat_train|HEART|PROT|F_1w,HBB,1,0.0807824842499968,0.748540503991954,0.9325766526686372,1.0,1.0,0.748540503991954,erythroid (EDS subset),"Rat heart protein, female 1 wk"
rat_train|HEART|PROT|F_1w,HBD,1,0.0974149361647908,0.643996653037059,0.9473707305273013,1.0,1.0,0.643996653037059,erythroid (EDS subset),"Rat heart protein, female 1 wk"
rat_train|HEART|PROT|F_1w,HBM,1,,,,,,,erythroid (EDS subset),"Rat heart protein, female 1 wk"
rat_train|HEART|PROT|F_1w,HBQ1,1,0.153326335095506,1.89670433088987,0.8112920964996146,1.0,1.0,1.89670433088987,erythroid (EDS subset),"Rat heart protein, female 1 wk"
rat_train|HEART|PROT|F_1w,BPGM,1,0.0836094840735493,0.68304599713066,0.9441518993720164,1.0,1.0,0.68304599713066,erythroid (EDS subset),"Rat heart protein, female 1 wk"
rat_train|HEART|PROT|F_1w,MYL4,1,0.789142609634621,1.14162167971297,0.8774700571981707,1.0,1.0,1.14162167971297,erythroid (EDS subset),"Rat heart protein, female 1 wk"
rat_train|HEART|PROT|F_1w,SELENBP1,1,,,,,,,erythroid (EDS subset),"Rat heart protein, female 1 wk"
rat_train|HEART|PROT|F_1w,SLC25A37,1,,,,,,,erythroid (EDS subset),"Rat heart protein, female 1 wk"
rat_train|HEART|PROT|F_1w,SNCA,1,0.173985626693876,1.81950268196343,0.8181585656585281,1.0,1.0,1.81950268196343,erythroid (EDS subset),"Rat heart protein, female 1 wk"
rat_train|HEART|PROT|F_1w,TMCC2,1,,,,,,,erythroid (EDS subset),"Rat heart protein, female 1 wk"
rat_train|HEART|PROT|F_1w,TSPAN5,1,,,,,,,erythroid (EDS subset),"Rat heart protein, female 1 wk"
rat_train|HEART|PROT|F_1w,GATA1,1,,,,,,,erythroid (EDS subset),"Rat heart protein, female 1 wk"
rat_train|HEART|PROT|F_2w,ALAS2,1,-0.101883499319345,-1.11486121325223,0.6640679727079749,1.0,-1.0,-1.11486121325223,erythroid (EDS subset),"Rat heart protein, female 2 wk"
rat_train|HEART|PROT|F_2w,AHSP,1,0.322005907053024,1.92816603017865,0.3941755578300764,1.0,1.0,1.92816603017865,erythroid (EDS subset),"Rat heart protein, female 2 wk"
rat_train|HEART|PROT|F_2w,CA1,1,0.110487626890926,0.803052027129614,0.7489262387057768,1.0,1.0,0.803052027129614,erythroid (EDS subset),"Rat heart protein, female 2 wk"
rat_train|HEART|PROT|F_2w,EPB42,1,0.127933499077566,0.943913619631108,0.7054973514317501,1.0,1.0,0.943913619631108,erythroid (EDS subset),"Rat heart protein, female 2 wk"
rat_train|HEART|PROT|F_2w,FECH,1,-0.0261738345827499,-0.660540740964489,0.7968179562260842,1.0,-1.0,-0.660540740964489,erythroid (EDS subset),"Rat heart protein, female 2 wk"
rat_train|HEART|PROT|F_2w,GLRX5,1,0.0138537181459581,0.328670346401717,0.904315999480088,1.0,1.0,0.328670346401717,erythroid (EDS subset),"Rat heart protein, female 2 wk"
rat_train|HEART|PROT|F_2w,GSPT1,1,0.0084540665384967,0.355996334592015,0.8956581765966287,1.0,1.0,0.355996334592015,erythroid (EDS subset),"Rat heart protein, female 2 wk"
rat_train|HEART|PROT|F_2w,GYPB,1,,,,,,,erythroid (EDS subset),"Rat heart protein, female 2 wk"
rat_train|HEART|PROT|F_2w,GYPE,1,,,,,,,erythroid (EDS subset),"Rat heart protein, female 2 wk"
rat_train|HEART|PROT|F_2w,HBA2,1,,,,,,,erythroid (EDS subset),"Rat heart protein, female 2 wk"
rat_train|HEART|PROT|F_2w,HBB,1,0.11781239281957,1.09166422296134,0.65187634469034,1.0,1.0,1.09166422296134,erythroid (EDS subset),"Rat heart protein, female 2 wk"
rat_train|HEART|PROT|F_2w,HBD,1,0.0116719274204114,0.0771614958564561,0.9784928377000864,1.0,1.0,0.0771614958564561,erythroid (EDS subset),"Rat heart protein, female 2 wk"
rat_train|HEART|PROT|F_2w,HBM,1,,,,,,,erythroid (EDS subset),"Rat heart protein, female 2 wk"
rat_train|HEART|PROT|F_2w,HBQ1,1,0.1499450607706,1.85487669800487,0.4128145639103459,1.0,1.0,1.85487669800487,erythroid (EDS subset),"Rat heart protein, female 2 wk"
rat_train|HEART|PROT|F_2w,BPGM,1,0.0844911362926578,0.690248637187543,0.7875809530140921,1.0,1.0,0.690248637187543,erythroid (EDS subset),"Rat heart protein, female 2 wk"
rat_train|HEART|PROT|F_2w,MYL4,1,0.516727129979613,0.747528883725745,0.7687540919581287,1.0,1.0,0.747528883725745,erythroid (EDS subset),"Rat heart protein, female 2 wk"
rat_train|HEART|PROT|F_2w,SELENBP1,1,,,,,,,erythroid (EDS subset),"Rat heart protein, female 2 wk"
rat_train|HEART|PROT|F_2w,SLC25A37,1,,,,,,,erythroid (EDS subset),"Rat heart protein, female 2 wk"
rat_train|HEART|PROT|F_2w,SNCA,1,0.0568765121657448,0.594801814338271,0.817129286620019,1.0,1.0,0.594801814338271,erythroid (EDS subset),"Rat heart protein, female 2 wk"
rat_train|HEART|PROT|F_2w,TMCC2,1,,,,,,,erythroid (EDS subset),"Rat heart protein, female 2 wk"
rat_train|HEART|PROT|F_2w,TSPAN5,1,,,,,,,erythroid (EDS subset),"Rat heart protein, female 2 wk"
rat_train|HEART|PROT|F_2w,GATA1,1,,,,,,,erythroid (EDS subset),"Rat heart protein, female 2 wk"
rat_train|HEART|PROT|F_4w,ALAS2,1,0.0578858088775986,0.633416044271194,0.8602310663227434,1.0,1.0,0.633416044271194,erythroid (EDS subset),"Rat heart protein, female 4 wk"
rat_train|HEART|PROT|F_4w,AHSP,1,0.10018220756401,0.599889397126564,0.8629052503051452,1.0,1.0,0.599889397126564,erythroid (EDS subset),"Rat heart protein, female 4 wk"
rat_train|HEART|PROT|F_4w,CA1,1,-0.0966075852584701,-0.702168372703845,0.83587653863267,1.0,-1.0,-0.702168372703845,erythroid (EDS subset),"Rat heart protein, female 4 wk"
rat_train|HEART|PROT|F_4w,EPB42,1,-0.0477387763860842,-0.352224253539944,0.9278201749058702,1.0,-1.0,-0.352224253539944,erythroid (EDS subset),"Rat heart protein, female 4 wk"
rat_train|HEART|PROT|F_4w,FECH,1,0.0767213598099254,1.93619256270729,0.4201639253605987,1.0,1.0,1.93619256270729,erythroid (EDS subset),"Rat heart protein, female 4 wk"
rat_train|HEART|PROT|F_4w,GLRX5,1,0.0797924105978459,1.89302243304795,0.433101982702693,1.0,1.0,1.89302243304795,erythroid (EDS subset),"Rat heart protein, female 4 wk"
rat_train|HEART|PROT|F_4w,GSPT1,1,-0.0253289410849977,-1.06658850439562,0.7182036259345559,1.0,-1.0,-1.06658850439562,erythroid (EDS subset),"Rat heart protein, female 4 wk"
rat_train|HEART|PROT|F_4w,GYPB,1,,,,,,,erythroid (EDS subset),"Rat heart protein, female 4 wk"
rat_train|HEART|PROT|F_4w,GYPE,1,,,,,,,erythroid (EDS subset),"Rat heart protein, female 4 wk"
rat_train|HEART|PROT|F_4w,HBA2,1,,,,,,,erythroid (EDS subset),"Rat heart protein, female 4 wk"
rat_train|HEART|PROT|F_4w,HBB,1,-0.0539779387826921,-0.500166265942047,0.8909892080027665,1.0,-1.0,-0.500166265942047,erythroid (EDS subset),"Rat heart protein, female 4 wk"
rat_train|HEART|PROT|F_4w,HBD,1,-0.19825565955601,-1.31064071102755,0.6345807967073571,1.0,-1.0,-1.31064071102755,erythroid (EDS subset),"Rat heart protein, female 4 wk"
rat_train|HEART|PROT|F_4w,HBM,1,,,,,,,erythroid (EDS subset),"Rat heart protein, female 4 wk"
rat_train|HEART|PROT|F_4w,HBQ1,1,0.0431235029753245,0.533453922351251,0.8820216907197931,1.0,1.0,0.533453922351251,erythroid (EDS subset),"Rat heart protein, female 4 wk"
rat_train|HEART|PROT|F_4w,BPGM,1,-0.0600806229016234,-0.490827439408315,0.8924315827505457,1.0,-1.0,-0.490827439408315,erythroid (EDS subset),"Rat heart protein, female 4 wk"
rat_train|HEART|PROT|F_4w,MYL4,1,0.508176597325169,0.735159163307371,0.8252473513839743,1.0,1.0,0.735159163307371,erythroid (EDS subset),"Rat heart protein, female 4 wk"
rat_train|HEART|PROT|F_4w,SELENBP1,1,,,,,,,erythroid (EDS subset),"Rat heart protein, female 4 wk"
rat_train|HEART|PROT|F_4w,SLC25A37,1,,,,,,,erythroid (EDS subset),"Rat heart protein, female 4 wk"
rat_train|HEART|PROT|F_4w,SNCA,1,-0.0074749485885291,-0.0781713366949421,0.9862853803578152,1.0,-1.0,-0.0781713366949421,erythroid (EDS subset),"Rat heart protein, female 4 wk"
rat_train|HEART|PROT|F_4w,TMCC2,1,,,,,,,erythroid (EDS subset),"Rat heart protein, female 4 wk"
rat_train|HEART|PROT|F_4w,TSPAN5,1,,,,,,,erythroid (EDS subset),"Rat heart protein, female 4 wk"
rat_train|HEART|PROT|F_4w,GATA1,1,,,,,,,erythroid (EDS subset),"Rat heart protein, female 4 wk"
rat_train|HEART|PROT|F_8w,ALAS2,1,-0.0929881460894956,-1.01752372130908,0.7508497425479439,1.0,-1.0,-1.01752372130908,erythroid (EDS subset),"Rat heart protein, female 8 wk"
rat_train|HEART|PROT|F_8w,AHSP,1,0.212861035421471,1.27460834928332,0.6388534804273773,1.0,1.0,1.27460834928332,erythroid (EDS subset),"Rat heart protein, female 8 wk"
rat_train|HEART|PROT|F_8w,CA1,1,-0.180167555717387,-1.30950337981888,0.6263820771605513,1.0,-1.0,-1.30950337981888,erythroid (EDS subset),"Rat heart protein, female 8 wk"
rat_train|HEART|PROT|F_8w,EPB42,1,-0.181853910624112,-1.34174695649654,0.6142258404713212,1.0,-1.0,-1.34174695649654,erythroid (EDS subset),"Rat heart protein, female 8 wk"
rat_train|HEART|PROT|F_8w,FECH,1,-0.0350331551183596,-0.884120596355274,0.7803017664389368,1.0,-1.0,-0.884120596355274,erythroid (EDS subset),"Rat heart protein, female 8 wk"
rat_train|HEART|PROT|F_8w,GLRX5,1,0.0234999517204015,0.557520890131682,0.8795848515936959,1.0,1.0,0.557520890131682,erythroid (EDS subset),"Rat heart protein, female 8 wk"
rat_train|HEART|PROT|F_8w,GSPT1,1,-0.0097293024255779,-0.409695852980455,0.913201513039615,1.0,-1.0,-0.409695852980455,erythroid (EDS subset),"Rat heart protein, female 8 wk"
rat_train|HEART|PROT|F_8w,GYPB,1,,,,,,,erythroid (EDS subset),"Rat heart protein, female 8 wk"
rat_train|HEART|PROT|F_8w,GYPE,1,,,,,,,erythroid (EDS subset),"Rat heart protein, female 8 wk"
rat_train|HEART|PROT|F_8w,HBA2,1,,,,,,,erythroid (EDS subset),"Rat heart protein, female 8 wk"
rat_train|HEART|PROT|F_8w,HBB,1,-0.123406115293908,-1.14349634819252,0.6900861858447124,1.0,-1.0,-1.14349634819252,erythroid (EDS subset),"Rat heart protein, female 8 wk"
rat_train|HEART|PROT|F_8w,HBD,1,-0.204910867700939,-1.35463737046538,0.6095233899507848,1.0,-1.0,-1.35463737046538,erythroid (EDS subset),"Rat heart protein, female 8 wk"
rat_train|HEART|PROT|F_8w,HBM,1,,,,,,,erythroid (EDS subset),"Rat heart protein, female 8 wk"
rat_train|HEART|PROT|F_8w,HBQ1,1,0.086469551806839,1.06966082049752,0.7173878130171348,1.0,1.0,1.06966082049752,erythroid (EDS subset),"Rat heart protein, female 8 wk"
rat_train|HEART|PROT|F_8w,BPGM,1,-0.169053109030148,-1.38107597128525,0.6001263838584672,1.0,-1.0,-1.38107597128525,erythroid (EDS subset),"Rat heart protein, female 8 wk"
rat_train|HEART|PROT|F_8w,MYL4,1,0.600860283832417,0.869241019464378,0.7865622085939022,1.0,1.0,0.869241019464378,erythroid (EDS subset),"Rat heart protein, female 8 wk"
rat_train|HEART|PROT|F_8w,SELENBP1,1,,,,,,,erythroid (EDS subset),"Rat heart protein, female 8 wk"
rat_train|HEART|PROT|F_8w,SLC25A37,1,,,,,,,erythroid (EDS subset),"Rat heart protein, female 8 wk"
rat_train|HEART|PROT|F_8w,SNCA,1,-0.0181542701316808,-0.189853287431614,0.9642918009300652,1.0,-1.0,-0.189853287431614,erythroid (EDS subset),"Rat heart protein, female 8 wk"
rat_train|HEART|PROT|F_8w,TMCC2,1,,,,,,,erythroid (EDS subset),"Rat heart protein, female 8 wk"
rat_train|HEART|PROT|F_8w,TSPAN5,1,,,,,,,erythroid (EDS subset),"Rat heart protein, female 8 wk"
rat_train|HEART|PROT|F_8w,GATA1,1,,,,,,,erythroid (EDS subset),"Rat heart protein, female 8 wk"
rat_train|HEART|PROT|M_1w,ALAS2,1,-0.0482337540924849,-0.401118027794058,0.9416630667581944,1.0,-1.0,-0.401118027794058,erythroid (EDS subset),"Rat heart protein, male 1 wk"
rat_train|HEART|PROT|M_1w,AHSP,1,0.0915505512522976,0.786008952346711,0.8420313558901087,1.0,1.0,0.786008952346711,erythroid (EDS subset),"Rat heart protein, male 1 wk"
rat_train|HEART|PROT|M_1w,CA1,1,-0.312162596047118,-2.42105209891524,0.4484401352931501,1.0,-1.0,-2.42105209891524,erythroid (EDS subset),"Rat heart protein, male 1 wk"
rat_train|HEART|PROT|M_1w,EPB42,1,-0.322959556350934,-2.53419786389898,0.4108156082863954,1.0,-1.0,-2.53419786389898,erythroid (EDS subset),"Rat heart protein, male 1 wk"
rat_train|HEART|PROT|M_1w,FECH,1,0.0432535217818232,1.24619488641326,0.7336393585230502,1.0,1.0,1.24619488641326,erythroid (EDS subset),"Rat heart protein, male 1 wk"
rat_train|HEART|PROT|M_1w,GLRX5,1,0.015754176424225,0.446502225522245,0.9309783512858252,1.0,1.0,0.446502225522245,erythroid (EDS subset),"Rat heart protein, male 1 wk"
rat_train|HEART|PROT|M_1w,GSPT1,1,-0.0057646109945173,-0.289218553422658,0.9571031200042992,1.0,-1.0,-0.289218553422658,erythroid (EDS subset),"Rat heart protein, male 1 wk"
rat_train|HEART|PROT|M_1w,GYPB,1,,,,,,,erythroid (EDS subset),"Rat heart protein, male 1 wk"
rat_train|HEART|PROT|M_1w,GYPE,1,,,,,,,erythroid (EDS subset),"Rat heart protein, male 1 wk"
rat_train|HEART|PROT|M_1w,HBA2,1,,,,,,,erythroid (EDS subset),"Rat heart protein, male 1 wk"
rat_train|HEART|PROT|M_1w,HBB,1,-0.159523713061304,-1.47596458077174,0.6645705696969393,1.0,-1.0,-1.47596458077174,erythroid (EDS subset),"Rat heart protein, male 1 wk"
rat_train|HEART|PROT|M_1w,HBD,1,-0.209327625771364,-1.50705033107546,0.6536401804887643,1.0,-1.0,-1.50705033107546,erythroid (EDS subset),"Rat heart protein, male 1 wk"
rat_train|HEART|PROT|M_1w,HBM,1,,,,,,,erythroid (EDS subset),"Rat heart protein, male 1 wk"
rat_train|HEART|PROT|M_1w,HBQ1,1,-0.195992774332854,-1.98953738336212,0.5389591628756153,1.0,-1.0,-1.98953738336212,erythroid (EDS subset),"Rat heart protein, male 1 wk"
rat_train|HEART|PROT|M_1w,BPGM,1,-0.25249029297304,-2.39622390929248,0.4519859059688285,1.0,-1.0,-2.39622390929248,erythroid (EDS subset),"Rat heart protein, male 1 wk"
rat_train|HEART|PROT|M_1w,MYL4,1,0.127253859121287,0.174709873343084,0.9747592694596136,1.0,1.0,0.174709873343084,erythroid (EDS subset),"Rat heart protein, male 1 wk"
rat_train|HEART|PROT|M_1w,SELENBP1,1,,,,,,,erythroid (EDS subset),"Rat heart protein, male 1 wk"
rat_train|HEART|PROT|M_1w,SLC25A37,1,,,,,,,erythroid (EDS subset),"Rat heart protein, male 1 wk"
rat_train|HEART|PROT|M_1w,SNCA,1,-0.0495638891688294,-0.645210677143531,0.8802127869490034,1.0,-1.0,-0.645210677143531,erythroid (EDS subset),"Rat heart protein, male 1 wk"
rat_train|HEART|PROT|M_1w,TMCC2,1,,,,,,,erythroid (EDS subset),"Rat heart protein, male 1 wk"
rat_train|HEART|PROT|M_1w,TSPAN5,1,,,,,,,erythroid (EDS subset),"Rat heart protein, male 1 wk"
rat_train|HEART|PROT|M_1w,GATA1,1,,,,,,,erythroid (EDS subset),"Rat heart protein, male 1 wk"
rat_train|HEART|PROT|M_2w,ALAS2,1,-0.0456915314639877,-0.379976581391173,0.935568634353954,1.0,-1.0,-0.379976581391173,erythroid (EDS subset),"Rat heart protein, male 2 wk"
rat_train|HEART|PROT|M_2w,AHSP,1,0.093856146383069,0.805803682017745,0.8319499612239791,1.0,1.0,0.805803682017745,erythroid (EDS subset),"Rat heart protein, male 2 wk"
rat_train|HEART|PROT|M_2w,CA1,1,-0.334397865752784,-2.59350308142412,0.2256889535524698,1.0,-1.0,-2.59350308142412,erythroid (EDS subset),"Rat heart protein, male 2 wk"
rat_train|HEART|PROT|M_2w,EPB42,1,-0.355315734015536,-2.78809020028946,0.1823689768811653,1.0,-1.0,-2.78809020028946,erythroid (EDS subset),"Rat heart protein, male 2 wk"
rat_train|HEART|PROT|M_2w,FECH,1,0.092140052833192,2.65468470414414,0.2092241692189912,1.0,1.0,2.65468470414414,erythroid (EDS subset),"Rat heart protein, male 2 wk"
rat_train|HEART|PROT|M_2w,GLRX5,1,0.0835386955983873,2.36763969740425,0.2800945288779738,1.0,1.0,2.36763969740425,erythroid (EDS subset),"Rat heart protein, male 2 wk"
rat_train|HEART|PROT|M_2w,GSPT1,1,-0.0035679431689378,-0.179008672570602,0.972460406680424,1.0,-1.0,-0.179008672570602,erythroid (EDS subset),"Rat heart protein, male 2 wk"
rat_train|HEART|PROT|M_2w,GYPB,1,,,,,,,erythroid (EDS subset),"Rat heart protein, male 2 wk"
rat_train|HEART|PROT|M_2w,GYPE,1,,,,,,,erythroid (EDS subset),"Rat heart protein, male 2 wk"
rat_train|HEART|PROT|M_2w,HBA2,1,,,,,,,erythroid (EDS subset),"Rat heart protein, male 2 wk"
rat_train|HEART|PROT|M_2w,HBB,1,-0.138553298922481,-1.28193958023077,0.6654033111886415,1.0,-1.0,-1.28193958023077,erythroid (EDS subset),"Rat heart protein, male 2 wk"
rat_train|HEART|PROT|M_2w,HBD,1,-0.260157550954309,-1.87299942782377,0.4525156282140904,1.0,-1.0,-1.87299942782377,erythroid (EDS subset),"Rat heart protein, male 2 wk"
rat_train|HEART|PROT|M_2w,HBM,1,,,,,,,erythroid (EDS subset),"Rat heart protein, male 2 wk"
rat_train|HEART|PROT|M_2w,HBQ1,1,-0.11111242323174,-1.12791055960089,0.7226804107674302,1.0,-1.0,-1.12791055960089,erythroid (EDS subset),"Rat heart protein, male 2 wk"
rat_train|HEART|PROT|M_2w,BPGM,1,-0.286263701391896,-2.71674573133419,0.1962062064787563,1.0,-1.0,-2.71674573133419,erythroid (EDS subset),"Rat heart protein, male 2 wk"
rat_train|HEART|PROT|M_2w,MYL4,1,0.179156251943424,0.245967912500197,0.961340984436206,1.0,1.0,0.245967912500197,erythroid (EDS subset),"Rat heart protein, male 2 wk"
rat_train|HEART|PROT|M_2w,SELENBP1,1,,,,,,,erythroid (EDS subset),"Rat heart protein, male 2 wk"
rat_train|HEART|PROT|M_2w,SLC25A37,1,,,,,,,erythroid (EDS subset),"Rat heart protein, male 2 wk"
rat_train|HEART|PROT|M_2w,SNCA,1,-0.0293644995421745,-0.382259926557632,0.9329736884320756,1.0,-1.0,-0.382259926557632,erythroid (EDS subset),"Rat heart protein, male 2 wk"
rat_train|HEART|PROT|M_2w,TMCC2,1,,,,,,,erythroid (EDS subset),"Rat heart protein, male 2 wk"
rat_train|HEART|PROT|M_2w,TSPAN5,1,,,,,,,erythroid (EDS subset),"Rat heart protein, male 2 wk"
rat_train|HEART|PROT|M_2w,GATA1,1,,,,,,,erythroid (EDS subset),"Rat heart protein, male 2 wk"
rat_train|HEART|PROT|M_4w,ALAS2,1,-0.132702697064224,-1.10357249048644,0.6267824388723501,1.0,-1.0,-1.10357249048644,erythroid (EDS subset),"Rat heart protein, male 4 wk"
rat_train|HEART|PROT|M_4w,AHSP,1,-0.178914853481726,-1.53607678622151,0.4379415249175287,1.0,-1.0,-1.53607678622151,erythroid (EDS subset),"Rat heart protein, male 4 wk"
rat_train|HEART|PROT|M_4w,CA1,1,-0.441029884371367,-3.42051335029413,0.0607204218288086,1.0,-1.0,-3.42051335029413,erythroid (EDS subset),"Rat heart protein, male 4 wk"
rat_train|HEART|PROT|M_4w,EPB42,1,-0.373270610072526,-2.9289784559717,0.1122906781194068,1.0,-1.0,-2.9289784559717,erythroid (EDS subset),"Rat heart protein, male 4 wk"
rat_train|HEART|PROT|M_4w,FECH,1,0.0144106339555926,0.415190662069502,0.864931681743262,1.0,1.0,0.415190662069502,erythroid (EDS subset),"Rat heart protein, male 4 wk"
rat_train|HEART|PROT|M_4w,GLRX5,1,0.0263131729899306,0.745763534962685,0.7362184036334867,1.0,1.0,0.745763534962685,erythroid (EDS subset),"Rat heart protein, male 4 wk"
rat_train|HEART|PROT|M_4w,GSPT1,1,-0.061368581019104,-3.0789470867726,0.0932510082122193,1.0,-1.0,-3.0789470867726,erythroid (EDS subset),"Rat heart protein, male 4 wk"
rat_train|HEART|PROT|M_4w,GYPB,1,,,,,,,erythroid (EDS subset),"Rat heart protein, male 4 wk"
rat_train|HEART|PROT|M_4w,GYPE,1,,,,,,,erythroid (EDS subset),"Rat heart protein, male 4 wk"
rat_train|HEART|PROT|M_4w,HBA2,1,,,,,,,erythroid (EDS subset),"Rat heart protein, male 4 wk"
rat_train|HEART|PROT|M_4w,HBB,1,-0.167260379826305,-1.5475467042018,0.4336053282945651,1.0,-1.0,-1.5475467042018,erythroid (EDS subset),"Rat heart protein, male 4 wk"
rat_train|HEART|PROT|M_4w,HBD,1,-0.209167075116887,-1.50589444963797,0.4484619231529388,1.0,-1.0,-1.50589444963797,erythroid (EDS subset),"Rat heart protein, male 4 wk"
rat_train|HEART|PROT|M_4w,HBM,1,,,,,,,erythroid (EDS subset),"Rat heart protein, male 4 wk"
rat_train|HEART|PROT|M_4w,HBQ1,1,-0.0912761069348476,-0.926550621944006,0.6726369616859476,1.0,-1.0,-0.926550621944006,erythroid (EDS subset),"Rat heart protein, male 4 wk"
rat_train|HEART|PROT|M_4w,BPGM,1,-0.352146093388525,-3.34199338360952,0.066613279680716,1.0,-1.0,-3.34199338360952,erythroid (EDS subset),"Rat heart protein, male 4 wk"
rat_train|HEART|PROT|M_4w,MYL4,1,0.351340831994106,0.482364249554423,0.8370187035278939,1.0,1.0,0.482364249554423,erythroid (EDS subset),"Rat heart protein, male 4 wk"
rat_train|HEART|PROT|M_4w,SELENBP1,1,,,,,,,erythroid (EDS subset),"Rat heart protein, male 4 wk"
rat_train|HEART|PROT|M_4w,SLC25A37,1,,,,,,,erythroid (EDS subset),"Rat heart protein, male 4 wk"
rat_train|HEART|PROT|M_4w,SNCA,1,-0.0866410878141449,-1.12787264830245,0.5958212809366797,1.0,-1.0,-1.12787264830245,erythroid (EDS subset),"Rat heart protein, male 4 wk"
rat_train|HEART|PROT|M_4w,TMCC2,1,,,,,,,erythroid (EDS subset),"Rat heart protein, male 4 wk"
rat_train|HEART|PROT|M_4w,TSPAN5,1,,,,,,,erythroid (EDS subset),"Rat heart protein, male 4 wk"
rat_train|HEART|PROT|M_4w,GATA1,1,,,,,,,erythroid (EDS subset),"Rat heart protein, male 4 wk"
rat_train|HEART|PROT|M_8w,ALAS2,1,-0.0878987493177388,-0.730977168069716,0.7933327840766985,1.0,-1.0,-0.730977168069716,erythroid (EDS subset),"Rat heart protein, male 8 wk"
rat_train|HEART|PROT|M_8w,AHSP,1,0.360533036755636,3.09536306041154,0.0655012439745626,1.0,1.0,3.09536306041154,erythroid (EDS subset),"Rat heart protein, male 8 wk"
rat_train|HEART|PROT|M_8w,CA1,1,-0.272382954804015,-2.11253152295497,0.2574238223946743,1.0,-1.0,-2.11253152295497,erythroid (EDS subset),"Rat heart protein, male 8 wk"
rat_train|HEART|PROT|M_8w,EPB42,1,-0.229517217996574,-1.80097486554301,0.3637233022928981,1.0,-1.0,-1.80097486554301,erythroid (EDS subset),"Rat heart protein, male 8 wk"
rat_train|HEART|PROT|M_8w,FECH,1,0.121642630348384,3.50469551761953,0.034084951043766,1.0,1.0,3.50469551761953,erythroid (EDS subset),"Rat heart protein, male 8 wk"
rat_train|HEART|PROT|M_8w,GLRX5,1,0.0907937600009396,2.57326151569655,0.1437654654458097,1.0,1.0,2.57326151569655,erythroid (EDS subset),"Rat heart protein, male 8 wk"
rat_train|HEART|PROT|M_8w,GSPT1,1,-0.040489431965966,-2.03141113133902,0.2826544549235905,1.0,-1.0,-2.03141113133902,erythroid (EDS subset),"Rat heart protein, male 8 wk"
rat_train|HEART|PROT|M_8w,GYPB,1,,,,,,,erythroid (EDS subset),"Rat heart protein, male 8 wk"
rat_train|HEART|PROT|M_8w,GYPE,1,,,,,,,erythroid (EDS subset),"Rat heart protein, male 8 wk"
rat_train|HEART|PROT|M_8w,HBA2,1,,,,,,,erythroid (EDS subset),"Rat heart protein, male 8 wk"
rat_train|HEART|PROT|M_8w,HBB,1,-0.0945882683572007,-0.875161010063189,0.7290824550428026,1.0,-1.0,-0.875161010063189,erythroid (EDS subset),"Rat heart protein, male 8 wk"
rat_train|HEART|PROT|M_8w,HBD,1,0.053191084747824,0.382948220924395,0.9015142598267954,1.0,1.0,0.382948220924395,erythroid (EDS subset),"Rat heart protein, male 8 wk"
rat_train|HEART|PROT|M_8w,HBM,1,,,,,,,erythroid (EDS subset),"Rat heart protein, male 8 wk"
rat_train|HEART|PROT|M_8w,HBQ1,1,-0.0292633570434235,-0.297054536825364,0.927868655229583,1.0,-1.0,-0.297054536825364,erythroid (EDS subset),"Rat heart protein, male 8 wk"
rat_train|HEART|PROT|M_8w,BPGM,1,-0.242226230385687,-2.29881425489078,0.2039283576657992,1.0,-1.0,-2.29881425489078,erythroid (EDS subset),"Rat heart protein, male 8 wk"
rat_train|HEART|PROT|M_8w,MYL4,1,0.77595565463306,1.06532811717388,0.6538771334987654,1.0,1.0,1.06532811717388,erythroid (EDS subset),"Rat heart protein, male 8 wk"
rat_train|HEART|PROT|M_8w,SELENBP1,1,,,,,,,erythroid (EDS subset),"Rat heart protein, male 8 wk"
rat_train|HEART|PROT|M_8w,SLC25A37,1,,,,,,,erythroid (EDS subset),"Rat heart protein, male 8 wk"
rat_train|HEART|PROT|M_8w,SNCA,1,-0.0050352399896214,-0.0655475318374933,0.9842361152616724,1.0,-1.0,-0.0655475318374933,erythroid (EDS subset),"Rat heart protein, male 8 wk"
rat_train|HEART|PROT|M_8w,TMCC2,1,,,,,,,erythroid (EDS subset),"Rat heart protein, male 8 wk"
rat_train|HEART|PROT|M_8w,TSPAN5,1,,,,,,,erythroid (EDS subset),"Rat heart protein, male 8 wk"
rat_train|HEART|PROT|M_8w,GATA1,1,,,,,,,erythroid (EDS subset),"Rat heart protein, male 8 wk"
