gene,layer,x,time,series,logFC,se,lo,hi,fdr_min,significant
ABHD2,RNA,1,1w,"trained, F+M pooled",0.006650575067627331,0.13163324637705243,-0.2513505878313954,0.2646517379666501,0.9965388031697692,False
ACER3,RNA,1,1w,"trained, F+M pooled",-0.04782653223241901,0.14341426881039654,-0.32891849910079624,0.23326543463595822,0.9787980924694352,False
ACOT13,RNA,1,1w,"trained, F+M pooled",0.20550977248542748,0.059835257701463744,0.08823266739055854,0.32278687758029645,0.0495318192653147,True
ACOX1,RNA,1,1w,"trained, F+M pooled",-0.005750257950353878,0.043227157423659276,-0.09047548650072605,0.0789749706000183,0.9692584089214836,False
ACSL1,RNA,1,1w,"trained, F+M pooled",0.09941645579742138,0.07059788874510431,-0.038955406142983054,0.23778831773782583,0.904496534014304,False
ADM,RNA,1,1w,"trained, F+M pooled",0.015059729325452461,0.14196978661264076,-0.26320105243532343,0.29332051108622836,0.950924214705594,False
AGO3,RNA,1,1w,"trained, F+M pooled",0.17224374955351995,0.12939054244643428,-0.0813617136414912,0.4258492127485311,0.9086227165422068,False
AKAP10,RNA,1,1w,"trained, F+M pooled",0.019493449473793223,0.08544161732317532,-0.1479721204796304,0.18695901942721685,0.6862998012159015,False
ALOX5AP,RNA,1,1w,"trained, F+M pooled",0.00870599986665352,0.11718552908397434,-0.22097763713793617,0.2383896368712432,0.950924214705594,False
ALPL,RNA,1,1w,"trained, F+M pooled",0.13941965816209848,0.10348483153577283,-0.06341061164801626,0.3422499279722132,0.8860698557734975,False
ALYREF,RNA,1,1w,"trained, F+M pooled",0.05280378062241669,0.0735682599632476,-0.0913900089055486,0.196997570150382,0.9578993178067128,False
ANKRD13A,RNA,1,1w,"trained, F+M pooled",0.036159035944258684,0.060310161062911476,-0.08204887973904781,0.15436695162756517,0.9743004532168628,False
ANLN,RNA,1,1w,"trained, F+M pooled",-0.06247123303004144,0.4227852246052574,-0.891130273256346,0.7661878071962631,0.9902478442526024,False
ANXA3,RNA,1,1w,"trained, F+M pooled",0.1586319118134699,0.08803708479901169,-0.01392077439259301,0.3311845980195328,0.5594759423971615,False
AP5B1,RNA,1,1w,"trained, F+M pooled",0.008263014621591526,0.0897895161089763,-0.16772443695200204,0.18425046619518506,0.950924214705594,False
ARG1,RNA,1,1w,"trained, F+M pooled",-0.41383012032688155,0.3764846851881338,-1.1517401032956238,0.3240798626418608,0.939590046380059,False
ARHGEF40,RNA,1,1w,"trained, F+M pooled",-0.08852265728703618,0.05858962108698454,-0.20335831461752588,0.02631300004345352,0.895665537882708,False
ASCC2,RNA,1,1w,"trained, F+M pooled",0.1502244900975657,0.09416451352141776,-0.03433795640441312,0.3347869365995445,0.597354726514576,False
ASPH,RNA,1,1w,"trained, F+M pooled",-0.05103379836777119,0.041281897986206066,-0.13194631842073506,0.029878721685192698,0.89904453608729,False
ATOX1,RNA,1,1w,"trained, F+M pooled",-0.11098276371907925,0.08131505270570522,-0.27036026702226146,0.04839473958410295,0.840357544227345,False
ATP6V0E1,RNA,1,1w,"trained, F+M pooled",0.06504860590690649,0.07883463810170734,-0.08946728477243988,0.21956449658625288,0.9298444128905682,False
ATP8B4,RNA,1,1w,"trained, F+M pooled",0.22833128660213653,0.29032930773835686,-0.3407141565650429,0.797376729769316,0.950924214705594,False
ATXN1,RNA,1,1w,"trained, F+M pooled",0.0074869291378910924,0.05442114642867054,-0.09917851786230317,0.11415237613808535,0.9922543778770953,False
AURKA,RNA,1,1w,"trained, F+M pooled",0.19859083095442479,0.22363731105525947,-0.23973829871388377,0.6369199606227334,0.8870483330740211,False
B4GALT5,RNA,1,1w,"trained, F+M pooled",-0.1205133653798381,0.10854593130298389,-0.3332633907336865,0.0922366599740103,0.7220030065304844,False
BASP1,RNA,1,1w,"trained, F+M pooled",0.04096477253271165,0.151881339582505,-0.25672265304899816,0.33865219811442143,0.9007549369852352,False
BCAT1,RNA,1,1w,"trained, F+M pooled",-0.1940374558966306,0.20192492496314665,-0.589810308824398,0.20173539703113683,0.833950016127703,False
BCL2A1,RNA,1,1w,"trained, F+M pooled",-0.04412852792448224,0.3810993206462009,-0.7910831963910361,0.7028261405420715,0.9534586086204204,False
BCL6,RNA,1,1w,"trained, F+M pooled",0.17058177367978192,0.1355042937638496,-0.09500664209736329,0.4361701894569271,0.7733673258034895,False
BMX,RNA,1,1w,"trained, F+M pooled",-0.2863496237086678,0.49850765321933177,-1.263424624018558,0.6907253766012225,0.9544587106530068,False
BPGM,RNA,1,1w,"trained, F+M pooled",-0.07637127289777783,0.03730268738552173,-0.1494845401734004,-0.0032580056221552384,0.1352473374940204,False
BST1,RNA,1,1w,"trained, F+M pooled",-0.17086560902496772,0.40019274639438246,-0.9552433919579574,0.6135121739080219,0.9902478442526024,False
C15orf48,RNA,1,1w,"trained, F+M pooled",-0.202257823706912,0.31662372759633706,-0.8228403297957326,0.41832468238190856,0.9802491256293866,False
C1QA,RNA,1,1w,"trained, F+M pooled",-0.03143628424569194,0.08175780409113909,-0.19168158026432455,0.12880901177294066,0.9472338992999416,False
C1QB,RNA,1,1w,"trained, F+M pooled",0.1344696415898131,0.07885487258249439,-0.02008590867187593,0.2890251918515021,0.7067709962774038,False
C1QC,RNA,1,1w,"trained, F+M pooled",0.06544642512514232,0.08579234929620771,-0.1027065794954248,0.23359942974570944,0.950924214705594,False
C3AR1,RNA,1,1w,"trained, F+M pooled",0.4111883585769443,0.19339864387018546,0.032127016591380786,0.7902497005625078,0.4748337806993531,False
C3orf62,RNA,1,1w,"trained, F+M pooled",-1.5609758284259603,0.4677401870089818,-2.4777465949635644,-0.644205061888356,0.4018509894799214,False
C8orf88,RNA,1,1w,"trained, F+M pooled",0.3837432676186483,0.4377797273492457,-0.4743049979858732,1.2417915332231697,0.3840105591341526,False
CA2,RNA,1,1w,"trained, F+M pooled",0.30617871770982447,0.0910761492980428,0.1276694650856606,0.48468797033398836,0.0760791564398588,False
CA4,RNA,1,1w,"trained, F+M pooled",0.36249833199225895,0.14106230004819773,0.0860162238977914,0.6389804400867265,0.1100835138993083,False
CAPN3,RNA,1,1w,"trained, F+M pooled",-0.02382305478854398,0.03170325111286959,-0.08596142696976837,0.03831531739268042,0.8916457249932177,False
CARD6,RNA,1,1w,"trained, F+M pooled",-0.02979306981839137,0.07850709588929897,-0.18366697776141733,0.1240808381246346,0.9921672916978436,False
CCNA2,RNA,1,1w,"trained, F+M pooled",-0.6516472185162386,0.5643443717963825,-1.7577621872371485,0.4544677502046711,0.8312246087123808,False
CCNB1,RNA,1,1w,"trained, F+M pooled",0.5036043071315646,0.4522831213002629,-0.3828706106169507,1.39007922488008,0.950924214705594,False
CCR1,RNA,1,1w,"trained, F+M pooled",0.07617329552635035,0.1612058249736809,-0.2397901214220642,0.3921367124747649,0.9810968307417356,False
CD14,RNA,1,1w,"trained, F+M pooled",-0.035078062154391944,0.14023446507425172,-0.30993761369992534,0.23978148939114144,0.9902478442526024,False
CD163,RNA,1,1w,"trained, F+M pooled",0.09496198676046853,0.08545505773523339,-0.0725299264005889,0.26245389992152596,0.878400933643614,False
CD200,RNA,1,1w,"trained, F+M pooled",-0.09952618707652877,0.07967389861180948,-0.25568702835567536,0.05663465420261782,0.7988283683587143,False
CD274,RNA,1,1w,"trained, F+M pooled",-0.1121411638483496,0.13563005580034967,-0.37797607321703497,0.15369374552033577,0.8024829669109101,False
CD59,RNA,1,1w,"trained, F+M pooled",-0.06185810988806586,0.04503440110208013,-0.1501255360481429,0.0264093162720112,0.855530414991693,False
CD63,RNA,1,1w,"trained, F+M pooled",-0.1546429984269267,0.046708216734653404,-0.24619110322684737,-0.06309489362700602,0.0207731770096172,True
CDA,RNA,1,1w,"trained, F+M pooled",0.4138298895833984,0.27742800699261466,-0.12992900412212638,0.9575887832889232,0.6908654267439418,False
CDC20,RNA,1,1w,"trained, F+M pooled",0.43279122630482764,0.30255569416997,-0.1602179342683136,1.0258003868779688,0.8125433051699418,False
CEACAM1,RNA,1,1w,"trained, F+M pooled",-0.15254405439917973,0.17486187254066296,-0.4952733245788791,0.19018521578051967,0.9136171428243206,False
CEBPA,RNA,1,1w,"trained, F+M pooled",-0.0007653139350538317,0.14354985759154185,-0.28212303481447587,0.28059240694436816,0.9472338992999416,False
CEBPD,RNA,1,1w,"trained, F+M pooled",0.5838123509333892,0.2024215415501149,0.18706612949516405,0.9805585723716144,0.242424810449511,False
CFLAR,RNA,1,1w,"trained, F+M pooled",-0.049327232058505664,0.08105667052511376,-0.20819830628772862,0.10954384217071728,0.8938443809224522,False
CHST15,RNA,1,1w,"trained, F+M pooled",-0.035486936902110675,0.16778337775623467,-0.3643423573043306,0.29336848350010925,0.7067709962774038,False
CHST2,RNA,1,1w,"trained, F+M pooled",-0.06725216142632051,0.28000328389043777,-0.6160585978515786,0.48155427499893755,0.9830272277373476,False
CKAP4,RNA,1,1w,"trained, F+M pooled",-0.19492768827792303,0.09125303841669856,-0.3737836435746522,-0.016071732981193854,0.2693450029719138,False
CLEC4D,RNA,1,1w,"trained, F+M pooled",0.01132776726083751,0.30015429459818366,-0.5769746501516024,0.5996301846732774,0.950924214705594,False
CLIC2,RNA,1,1w,"trained, F+M pooled",0.048648914639932914,0.10607392386924333,-0.159255976143784,0.25655380542364986,0.9432058986856392,False
CLIC3,RNA,1,1w,"trained, F+M pooled",0.02169749329653771,0.13018364954458483,-0.23346245981084857,0.27685744640392396,0.9588509122246184,False
CMPK2,RNA,1,1w,"trained, F+M pooled",-0.23810081039505407,0.11530384496873423,-0.4640963465337732,-0.01210527425633498,0.2490996904138906,False
CNIH4,RNA,1,1w,"trained, F+M pooled",-0.010301240549527907,0.07723115104259497,-0.16167429659301405,0.14107181549395822,0.9902478442526024,False
COL6A3,RNA,1,1w,"trained, F+M pooled",-0.10565564022042466,0.06966387369481589,-0.24219683266226377,0.030885552221414467,0.8341026035423338,False
COQ2,RNA,1,1w,"trained, F+M pooled",-0.007528441986748178,0.05121832325553051,-0.10791635556758798,0.09285947159409162,0.9888743924710788,False
CPA3,RNA,1,1w,"trained, F+M pooled",0.19285988804210466,0.15289895970381132,-0.10682207297736554,0.49254184906157483,0.6767730850281312,False
CPD,RNA,1,1w,"trained, F+M pooled",0.017673103226046552,0.047861756590812383,-0.07613593969194572,0.11148214614403883,0.6384324713625307,False
CPEB4,RNA,1,1w,"trained, F+M pooled",0.034201214318623226,0.05036059736899475,-0.06450555652460649,0.13290798516185293,0.9588509122246184,False
CR1L,RNA,1,1w,"trained, F+M pooled",0.006583964242553452,0.06038853912226246,-0.11177757243708097,0.12494550092218787,0.855530414991693,False
CREB5,RNA,1,1w,"trained, F+M pooled",0.06993293398261421,0.12997804655664472,-0.18482403726840943,0.32468990523363783,0.9830272277373476,False
CRISPLD2,RNA,1,1w,"trained, F+M pooled",0.08801891748549637,0.08081899124629265,-0.07038630535723722,0.24642414032822996,0.4571499953345664,False
CSRNP1,RNA,1,1w,"trained, F+M pooled",0.35549838528351996,0.16743255915135805,0.02733056934685818,0.6836662012201817,0.133595744454823,False
CUX1,RNA,1,1w,"trained, F+M pooled",-0.04080182838853167,0.042034819134537854,-0.12319007389222586,0.041586417115162526,0.8125433051699418,False
CXXC5,RNA,1,1w,"trained, F+M pooled",-0.2853366067690927,0.0868023087452872,-0.4554691319098556,-0.11520408162832982,0.2086578387321197,False
CYP1B1,RNA,1,1w,"trained, F+M pooled",-0.045721611290797756,0.1618123952760656,-0.36287390603188635,0.2714306834502908,0.8522571066833606,False
CYSTM1,RNA,1,1w,"trained, F+M pooled",-0.020836392922663167,0.09646946866044956,-0.2099165514971443,0.16824376565181795,0.876983772338368,False
DAAM2,RNA,1,1w,"trained, F+M pooled",0.20101718166130988,0.15476012313292822,-0.10231265967922942,0.5043470230018492,0.9350672165824612,False
DACH1,RNA,1,1w,"trained, F+M pooled",-0.46135445535355835,0.26236628784469174,-0.9755923795291541,0.05288346882203743,0.6538949206667305,False
DDX17,RNA,1,1w,"trained, F+M pooled",-0.04578396665596096,0.03906183426425391,-0.12234516181389862,0.0307772285019767,0.8069427109245313,False
DENND3,RNA,1,1w,"trained, F+M pooled",0.0293145402576248,0.11067044448294178,-0.18759953092894108,0.2462286114441907,0.4620660818613979,False
DGAT2,RNA,1,1w,"trained, F+M pooled",0.3293771277901677,0.07861544492699167,0.17529085573326403,0.4834633998470714,0.1295589975335858,False
DHRS13,RNA,1,1w,"trained, F+M pooled",-0.03702158997727795,0.17859151689165015,-0.3870609630849122,0.31301778313035633,0.9350177217567766,False
DHRS7B,RNA,1,1w,"trained, F+M pooled",0.07400266890572076,0.1128923128904281,-0.14726626435951834,0.2952716021709598,0.9136171428243206,False
DLGAP5,RNA,1,1w,"trained, F+M pooled",0.11643399804627891,0.321081537344341,-0.5128858151486293,0.7457538112411872,0.9918088367764024,False
DMXL2,RNA,1,1w,"trained, F+M pooled",-0.009510469099438658,0.1142236840708673,-0.23338888987833856,0.21436795167946127,0.9620027856062164,False
DNAJC3,RNA,1,1w,"trained, F+M pooled",0.04803425199866178,0.06325929382930026,-0.07595396390676673,0.1720224679040903,0.8522571066833606,False
DPY19L3,RNA,1,1w,"trained, F+M pooled",-0.08039854915710386,0.11066046861202898,-0.2972930676366807,0.13649596932247293,0.9121950560115202,False
DUSP3,RNA,1,1w,"trained, F+M pooled",-0.013641923643109342,0.04566564085729671,-0.1031465797234109,0.07586273243719222,0.9841950970596822,False
DYSF,RNA,1,1w,"trained, F+M pooled",-0.08583979436458529,0.031791327287069376,-0.14815079584724128,-0.023528792881929314,0.4339189749514923,False
EBF1,RNA,1,1w,"trained, F+M pooled",0.05441149152760768,0.09953390477595282,-0.14067496183325984,0.2494979448884752,0.8469138131202574,False
EIF1AY,RNA,1,1w,"trained, F+M pooled",-0.0143678748865103,0.08693050372106585,-0.18475166217979938,0.15601591240677876,0.9965139327688778,False
EIF4E3,RNA,1,1w,"trained, F+M pooled",-0.060913917379190795,0.06430761139336542,-0.18695683571018704,0.06512900095180543,0.5377238502719114,False
ELL,RNA,1,1w,"trained, F+M pooled",0.012774119847955963,0.08037679279784082,-0.14476439403581207,0.17031263373172398,0.9921672916978436,False
EMP1,RNA,1,1w,"trained, F+M pooled",-0.17221945990719453,0.08880995643061011,-0.34628697451119034,0.0018480546968012712,0.7762679188513952,False
ERLIN1,RNA,1,1w,"trained, F+M pooled",0.055690666347502464,0.08342316053730862,-0.10781872830562242,0.21920006100062736,0.9364847309162384,False
ETS2,RNA,1,1w,"trained, F+M pooled",0.12013624736922814,0.08232048729546937,-0.04121190772989182,0.2814844024683481,0.7472785076538373,False
EZH2,RNA,1,1w,"trained, F+M pooled",-0.3600271973361697,0.16345815615666315,-0.6804051834032294,-0.039649211269109974,0.6761241570316092,False
F5,RNA,1,1w,"trained, F+M pooled",-0.050558027918830004,0.3425758304787887,-0.7220066556572559,0.6208905998195958,0.972993349657834,False
F8,RNA,1,1w,"trained, F+M pooled",0.0991070313092587,0.05835816651295318,-0.015274975056129542,0.21348903767464694,0.8755153509712966,False
FAM126B,RNA,1,1w,"trained, F+M pooled",0.06720053302673187,0.10334997210710203,-0.1353654123031881,0.26976647835665185,0.9184649923947452,False
FAM20A,RNA,1,1w,"trained, F+M pooled",0.2765353038136311,0.15231550055922136,-0.022003077282442718,0.5750736849097049,0.5658780227202788,False
FBXO6,RNA,1,1w,"trained, F+M pooled",0.13191678478250893,0.05264789756402787,0.028726905557014307,0.23510666400800356,0.4041969561606742,False
FEM1C,RNA,1,1w,"trained, F+M pooled",-0.14139322126934306,0.07159912828833269,-0.28172751271447516,-0.0010589298242109912,0.7253891978117484,False
FEZ1,RNA,1,1w,"trained, F+M pooled",-0.42930812814431424,0.23180033916688256,-0.8836367929114041,0.02502053662277559,0.4531276952239679,False
FGD4,RNA,1,1w,"trained, F+M pooled",0.11141553370967555,0.13659541421301316,-0.15631147814783025,0.37914254556718135,0.9600927496738034,False
FGF13,RNA,1,1w,"trained, F+M pooled",-0.23400773963625043,0.08461053194037313,-0.3998443822393818,-0.0681710970331191,0.343782908140766,False
FHL2,RNA,1,1w,"trained, F+M pooled",-0.37513399322492563,0.2648323208596831,-0.8942053421099045,0.14393735566005322,0.7905608532946176,False
FKBP5,RNA,1,1w,"trained, F+M pooled",0.2550104101722613,0.09794922582695596,0.06302992755142761,0.44699089279309495,0.5446201970641757,False
FKBP9,RNA,1,1w,"trained, F+M pooled",-0.0437917917642644,0.06659488652314569,-0.17431776934962995,0.08673418582110115,0.4419737525017725,False
FLOT1,RNA,1,1w,"trained, F+M pooled",-0.02800731184808052,0.03942016860712378,-0.10527084231804312,0.04925621862188209,0.7777929870708797,False
FLOT2,RNA,1,1w,"trained, F+M pooled",-0.02273739694355875,0.037785681988145116,-0.09679733364032318,0.05132253975320568,0.9480734071114182,False
FLT3,RNA,1,1w,"trained, F+M pooled",-0.07600814551552537,0.34305825175498517,-0.7484023189552963,0.5963860279242456,0.7944389225440176,False
FNDC3B,RNA,1,1w,"trained, F+M pooled",0.1535063090924113,0.07101687007367524,0.014313243748007826,0.2926993744368148,0.7251852790210422,False
FOS,RNA,1,1w,"trained, F+M pooled",-0.6567315802737594,0.3690530512746834,-1.3800755607721389,0.06661240022462,0.4243808269204778,False
FOSL2,RNA,1,1w,"trained, F+M pooled",-0.07980288546578629,0.2477209419722365,-0.5653359317313699,0.4057301607997973,0.9902478442526024,False
FOXM1,RNA,1,1w,"trained, F+M pooled",-0.3893205017266688,0.3037350706611528,-0.9846412402225282,0.2060002367691906,0.4275167082180724,False
FRMD4B,RNA,1,1w,"trained, F+M pooled",0.09825391218223309,0.10246364027801196,-0.10257482276267035,0.2990826471271365,0.7905608532946176,False
G0S2,RNA,1,1w,"trained, F+M pooled",0.3759688759301318,0.2812744262981147,-0.1753289996141731,0.9272667514744366,0.4842142709263592,False
GADD45A,RNA,1,1w,"trained, F+M pooled",0.27326958310639127,0.10021492264536351,0.07684833472147878,0.46969083149130375,0.4368808638952456,False
GAS7,RNA,1,1w,"trained, F+M pooled",-0.243552692560369,0.08671873227718961,-0.41352140782366065,-0.07358397729707736,0.0370548723499832,True
GBP1,RNA,1,1w,"trained, F+M pooled",0.027404544953585942,0.19955793523855914,-0.36372900811398995,0.4185380980211619,0.9902478442526024,False
GGH,RNA,1,1w,"trained, F+M pooled",-0.0932461549052553,0.12210509449580517,-0.33257214011703345,0.14607983030652283,0.785666831069552,False
GM2A,RNA,1,1w,"trained, F+M pooled",-0.0890542008811963,0.08390496480887648,-0.2535079319065942,0.0753995301442016,0.9407429736631784,False
GNG8,RNA,1,1w,"trained, F+M pooled",0.44181316246383256,0.35468513872516666,-0.2533697094374941,1.1369960343651593,0.832376398403289,False
GNS,RNA,1,1w,"trained, F+M pooled",-0.014770535612042557,0.04179271725092881,-0.09668426142386302,0.06714319019977791,0.9902478442526024,False
GPRIN3,RNA,1,1w,"trained, F+M pooled",-0.06544323933211046,0.2641876520324978,-0.5832510373158061,0.4523645586515851,0.9585887028994732,False
GRAMD1A,RNA,1,1w,"trained, F+M pooled",0.08713122013597736,0.05466679074392996,-0.02001568972212535,0.19427812999408006,0.8292766015981157,False
GRB10,RNA,1,1w,"trained, F+M pooled",-0.08935983145987171,0.06073649991664879,-0.20840337129650333,0.029683708376759918,0.8717375624591109,False
GYG1,RNA,1,1w,"trained, F+M pooled",-0.06273332194870934,0.03887058022117246,-0.13891965918220736,0.013453015284788677,0.832376398403289,False
H2BC11,RNA,1,1w,"trained, F+M pooled",-0.38103359334212367,0.37289788869671153,-1.1119134551876784,0.349846268503431,0.5570221615347849,False
HDAC4,RNA,1,1w,"trained, F+M pooled",-0.029042427060585095,0.08077620034314578,-0.18736377973315083,0.12927892561198062,0.7294045294485398,False
HGF,RNA,1,1w,"trained, F+M pooled",-0.1510011322848734,0.1944463075684241,-0.5321158951189846,0.2301136305492378,0.949391501488524,False
HIP1,RNA,1,1w,"trained, F+M pooled",-0.006673601998707537,0.05701565930736907,-0.11842429424115092,0.10507709024373585,0.9294984403258274,False
HLA-DQA1,RNA,1,1w,"trained, F+M pooled",-0.22665169146602868,0.09966909133626926,-0.4220031104851164,-0.03130027244694092,0.7088176673493545,False
HMMR,RNA,1,1w,"trained, F+M pooled",-0.11820325208466391,0.2508229627317986,-0.6098162590389892,0.3734097548696613,0.9534586086204204,False
HMOX1,RNA,1,1w,"trained, F+M pooled",0.12014072096167658,0.12643254408788088,-0.12766706545056994,0.3679485073739231,0.904442488622107,False
HP,RNA,1,1w,"trained, F+M pooled",-0.5390406667060545,0.40710896366306554,-1.336974235485663,0.25889290207355387,0.8704002145168808,False
HPSE,RNA,1,1w,"trained, F+M pooled",0.19179627703742774,0.21219562672902284,-0.22410715135145703,0.6076997054263125,0.904442488622107,False
HS3ST1,RNA,1,1w,"trained, F+M pooled",-0.023104570733134253,0.13946093471135196,-0.2964480027673841,0.25023886130111556,0.9944880717722148,False
HSPA1A,RNA,1,1w,"trained, F+M pooled",-0.6265525860512083,0.269505198890223,-1.1547827758760454,-0.09832239622637129,0.3084441113538949,False
HSPA1B,RNA,1,1w,"trained, F+M pooled",-0.6265525860512083,0.269505198890223,-1.1547827758760454,-0.09832239622637129,0.3084441113538949,False
IER3,RNA,1,1w,"trained, F+M pooled",0.056576017939220506,0.18669440841170432,-0.30934502254771995,0.422497058426161,0.9747100825057516,False
IFI27,RNA,1,1w,"trained, F+M pooled",-0.0602184225220568,0.04961057584104674,-0.15745515117050843,0.03701830612639482,0.8417315710388676,False
IFI44,RNA,1,1w,"trained, F+M pooled",0.07263484153797946,0.14140079392191168,-0.20451071454896746,0.34978039762492635,0.950924214705594,False
IFI44L,RNA,1,1w,"trained, F+M pooled",-0.44601436593857835,0.2903066245196312,-1.0150153499970553,0.12298661811989875,0.7037239706367916,False
IFRD1,RNA,1,1w,"trained, F+M pooled",0.008480123323671021,0.07999937962288538,-0.14831866073718433,0.16527890738452636,0.9902478442526024,False
IGF2R,RNA,1,1w,"trained, F+M pooled",-0.10265321235526427,0.038810925551798735,-0.1787226264367898,-0.026583798273738746,0.4093327050785631,False
IL18RAP,RNA,1,1w,"trained, F+M pooled",-0.37802944191655646,0.4046685489936665,-1.1711797979441427,0.41512091411102986,0.9588509122246184,False
IL1B,RNA,1,1w,"trained, F+M pooled",-0.4200941981345332,0.5516217723014266,-1.5012728718453294,0.661084475576263,0.8484482706258536,False
IL2RB,RNA,1,1w,"trained, F+M pooled",-0.06985888817000943,0.1878191897129901,-0.43798450000747,0.2982667236674512,0.9294984403258274,False
IRAK3,RNA,1,1w,"trained, F+M pooled",0.02223063071628169,0.09957635296583552,-0.1729390210967559,0.2174002825293193,0.950924214705594,False
JUNB,RNA,1,1w,"trained, F+M pooled",-0.17975931368384296,0.09652504927511132,-0.36894841026306113,0.009429782895375244,0.6706537035559036,False
KCNF1,RNA,1,1w,"trained, F+M pooled",-0.2691916769552002,0.6366720259288461,-1.5170688477757386,0.9786854938653381,0.9825925733453744,False
KCTD14,RNA,1,1w,"trained, F+M pooled",-0.3767586939385706,0.2963940862785882,-0.9576911030446034,0.20417371516746224,0.5143063994624616,False
KDM5D,RNA,1,1w,"trained, F+M pooled",-0.0921749575476807,0.09382731789648036,-0.2760765006247822,0.0917265855294208,0.9395328322251773,False
KDM6B,RNA,1,1w,"trained, F+M pooled",0.10883575231249003,0.057400473070797056,-0.0036691749062721934,0.22134067953125225,0.5377238502719114,False
KIF11,RNA,1,1w,"trained, F+M pooled",-0.4948422444832828,0.4100057671670942,-1.2984535481307873,0.30876905916422176,0.8207342887279073,False
KIF1B,RNA,1,1w,"trained, F+M pooled",-0.026546424165385215,0.03299814765585665,-0.09122279357086426,0.03812994524009382,0.9004056192860783,False
KIF20A,RNA,1,1w,"trained, F+M pooled",0.19154493116411017,0.30283179087811085,-0.40200537895698707,0.7850952412852075,0.6597411343040047,False
KIF4A,RNA,1,1w,"trained, F+M pooled",0.23191505512618216,0.475344312863741,-0.6997597980867503,1.1635899083391146,0.7785589609900855,False
KLRB1,RNA,1,1w,"trained, F+M pooled",-0.3739516589603642,0.40532295279113534,-1.1683846464309895,0.4204813285102611,0.7839747743203881,False
KREMEN1,RNA,1,1w,"trained, F+M pooled",0.0696057481866852,0.11007058440305209,-0.1461325972432969,0.2853440936166673,0.9470711128177628,False
LGR6,RNA,1,1w,"trained, F+M pooled",0.18608981191666019,0.2015807596631059,-0.20900847702302738,0.5811881008563478,0.878400933643614,False
LHFPL2,RNA,1,1w,"trained, F+M pooled",0.12033697429758584,0.20290834928805124,-0.2773633903069946,0.5180373389021663,0.8072383799520492,False
LILRA5,RNA,1,1w,"trained, F+M pooled",-0.10662390743491285,0.31298987067962336,-0.7200840539669746,0.506836239097149,0.894484931567626,False
LIMK2,RNA,1,1w,"trained, F+M pooled",-0.09443069140096413,0.06773328952022403,-0.22718793886060323,0.038326556058674965,0.8970468408714124,False
LMNB1,RNA,1,1w,"trained, F+M pooled",-0.1555825865396167,0.11603456595163203,-0.38301033580481547,0.07184516272558206,0.7873488650638618,False
LONRF3,RNA,1,1w,"trained, F+M pooled",0.26634217599447785,0.16646873087481684,-0.059936536520163175,0.5926208885091189,0.3996907439657698,False
LRG1,RNA,1,1w,"trained, F+M pooled",0.05710297415888948,0.10660631970632169,-0.151845412465501,0.26605136078327996,0.6715883114680145,False
LRRN1,RNA,1,1w,"trained, F+M pooled",-0.2057465737083005,0.238547459684349,-0.6732995946896245,0.2618064472730236,0.6168940108629349,False
LRRN3,RNA,1,1w,"trained, F+M pooled",0.22109791956165373,0.2950716997865234,-0.35724261201993224,0.7994384511432396,0.8794236206919437,False
MAFB,RNA,1,1w,"trained, F+M pooled",0.037726088892609706,0.21352977523490566,-0.3807922705678054,0.4562444483530248,0.6761241570316092,False
MAFF,RNA,1,1w,"trained, F+M pooled",0.07985991806967994,0.15229154807042808,-0.21863151614835907,0.378351352287719,0.7132394514874737,False
MAFG,RNA,1,1w,"trained, F+M pooled",-0.00401682436722174,0.06795636495458413,-0.1372112996782066,0.12917765094376316,0.9965388031697692,False
MAGOH,RNA,1,1w,"trained, F+M pooled",0.0012726944699716007,0.09399593235740995,-0.1829593329505519,0.1855047218904951,0.9800161978495908,False
MANSC1,RNA,1,1w,"trained, F+M pooled",0.20060227110650136,0.16371806166232233,-0.1202851297516504,0.5214896719646531,0.7801893656455059,False
MAP2K6,RNA,1,1w,"trained, F+M pooled",0.08378716711733075,0.06149594996981975,-0.036744894823515964,0.20431922905817745,0.7885090271430512,False
MAPK14,RNA,1,1w,"trained, F+M pooled",0.038830159887967425,0.049235275490393464,-0.05767098007320376,0.1353312998491386,0.9765529701586368,False
MARCKS,RNA,1,1w,"trained, F+M pooled",-0.2494338872608693,0.11153544235898784,-0.46804335428448546,-0.030824420237253125,0.6738757213688052,False
MCTP1,RNA,1,1w,"trained, F+M pooled",-6.180499539122197e-05,0.2947051476207529,-0.5776838943320669,0.5775602843412845,0.9940991471927608,False
MCTP2,RNA,1,1w,"trained, F+M pooled",0.4954569871480667,0.26141502174514175,-0.016916455472411107,1.0078304297685445,0.5966787782838682,False
METTL9,RNA,1,1w,"trained, F+M pooled",-0.14492202255375053,0.07934967612733057,-0.3004473877633185,0.010603342655817388,0.8284327820348941,False
MGST1,RNA,1,1w,"trained, F+M pooled",-0.1601248330480036,0.17973859094172182,-0.5124124712937783,0.19216280519777115,0.5130288377582817,False
MKI67,RNA,1,1w,"trained, F+M pooled",-0.21100717357926982,0.22747769803513088,-0.6568634617281264,0.2348491145695867,0.5342723788194498,False
MKNK1,RNA,1,1w,"trained, F+M pooled",0.03891867108326092,0.06403100841554617,-0.08658210541120956,0.1644194475777314,0.5468336171908661,False
MMRN1,RNA,1,1w,"trained, F+M pooled",-0.5909068691423132,0.2805506660838175,-1.1407861746665955,-0.04102756361803084,0.1865619818524123,False
MRC1,RNA,1,1w,"trained, F+M pooled",0.12081181792819108,0.0846633471930653,-0.0451283425702169,0.28675197842659905,0.7127681207568587,False
MRPL53,RNA,1,1w,"trained, F+M pooled",0.241400806375138,0.22430995158605238,-0.19824669873352468,0.6810483114838006,0.4092237358932464,False
MRVI1,RNA,1,1w,"trained, F+M pooled",0.11080574598723379,0.1011334593363274,-0.08741583431196791,0.3090273262864355,0.8919724397420808,False
MS4A4A,RNA,1,1w,"trained, F+M pooled",0.6729188286335984,0.40430060084325947,-0.11951034901919011,1.465348006286387,0.6706537035559036,False
MSRA,RNA,1,1w,"trained, F+M pooled",-0.1483776307425161,0.12928130557712475,-0.4017689896736806,0.1050137281886484,0.931117274490566,False
MSRB1,RNA,1,1w,"trained, F+M pooled",-0.08465911570134738,0.05575269047681243,-0.19393438903589974,0.024616157633204988,0.8619214153389819,False
MT2A,RNA,1,1w,"trained, F+M pooled",0.3632028999729944,0.19329844796901732,-0.01566205804627957,0.7420678579922684,0.5062762444012038,False
MTF1,RNA,1,1w,"trained, F+M pooled",-0.029949711625961665,0.09319841668615564,-0.2126186083308267,0.1527191850789034,0.904442488622107,False
MTX1,RNA,1,1w,"trained, F+M pooled",-0.0660251865784821,0.0769040461555531,-0.2167571170433662,0.084706743886402,0.7821393036384553,False
NABP1,RNA,1,1w,"trained, F+M pooled",0.021829294985811733,0.1347670023606086,-0.24231402964098112,0.28597261961260456,0.9034571052909944,False
NCAPG2,RNA,1,1w,"trained, F+M pooled",0.14294561430163333,0.24047116374967284,-0.32837786664772545,0.6142690952509922,0.9692584089214836,False
NCF4,RNA,1,1w,"trained, F+M pooled",-0.444554042772216,0.20602494198106175,-0.848362929055097,-0.040745156489334966,0.4999057675094266,False
NEXN,RNA,1,1w,"trained, F+M pooled",-0.031153361040293218,0.040872722355209626,-0.11126389685650408,0.04895717477591764,0.5822703748970743,False
NFIL3,RNA,1,1w,"trained, F+M pooled",0.19931343603954396,0.13159600357951126,-0.05861473097629813,0.4572416030553861,0.5742812976843776,False
NLRC4,RNA,1,1w,"trained, F+M pooled",-0.14872601111895467,0.37441949289826093,-0.882588217199546,0.5851361949616367,0.9692584089214836,False
NPL,RNA,1,1w,"trained, F+M pooled",0.0014988464816204886,0.14538982225437183,-0.28346520513694834,0.28646289810018927,0.998201907528224,False
NQO2,RNA,1,1w,"trained, F+M pooled",-0.06214103721289399,0.09477370922481085,-0.24789750729352325,0.12361543286773527,0.9578993178067128,False
NR1D2,RNA,1,1w,"trained, F+M pooled",0.10197096125940874,0.05298919872661985,-0.0018878682447661527,0.20582979076358365,0.6324105821678266,False
NRIP1,RNA,1,1w,"trained, F+M pooled",0.35102133354263254,0.11301775312154054,0.1295065374244131,0.572536129660852,0.1164221906346475,False
NRN1,RNA,1,1w,"trained, F+M pooled",-0.33287754668587777,0.4919159069284386,-1.2970327242656174,0.6312776308938619,0.8938443809224522,False
NTNG2,RNA,1,1w,"trained, F+M pooled",0.003105540099008522,0.09803466126092183,-0.18904239597239827,0.1952534761704153,0.972555348872264,False
NUMB,RNA,1,1w,"trained, F+M pooled",0.07380502980902957,0.08911426376525972,-0.10085892717087948,0.24846898678893864,0.9473667385066166,False
NUSAP1,RNA,1,1w,"trained, F+M pooled",-0.7144888447100913,0.3874469012736157,-1.473884771206378,0.0449070817861954,0.2353311390394711,False
OPHN1,RNA,1,1w,"trained, F+M pooled",-0.002502658727838064,0.10388384121292829,-0.2061149875051775,0.2011096700495014,0.9824525007822392,False
PAPSS2,RNA,1,1w,"trained, F+M pooled",-0.007129375543757718,0.09427084016608449,-0.19190022226928333,0.17764147118176787,0.9888743924710788,False
PCDH9,RNA,1,1w,"trained, F+M pooled",0.3427360806311279,0.36501641470090024,-0.37269609218263655,1.0581682534448924,0.7944389225440176,False
PCMTD2,RNA,1,1w,"trained, F+M pooled",0.07067303861215399,0.061946672222075394,-0.05074243894311378,0.19208851616742176,0.9502757748657756,False
PFKFB3,RNA,1,1w,"trained, F+M pooled",-0.008917762028899606,0.2104224652174237,-0.42134579385505005,0.40351026979725085,0.9257591965812696,False
PGS1,RNA,1,1w,"trained, F+M pooled",-0.08558046843387289,0.06631509864356867,-0.21555806177526748,0.04439712490752172,0.7251852790210422,False
PHTF1,RNA,1,1w,"trained, F+M pooled",0.1824763467904825,0.11606728499444716,-0.045015531798633934,0.4099682253795989,0.5822703748970743,False
PLA2G4A,RNA,1,1w,"trained, F+M pooled",-0.24654970078448346,0.15791779929726776,-0.5560685874071283,0.06296918583816136,0.3996907439657698,False
PLBD1,RNA,1,1w,"trained, F+M pooled",0.017642459542413922,0.04982414962487141,-0.08001287372233404,0.11529779280716188,0.9863965644790595,False
PLEKHN1,RNA,1,1w,"trained, F+M pooled",0.11064496885889216,0.1733369149749184,-0.2290953844919479,0.45038532220973226,0.8542208757755198,False
PLEKHO2,RNA,1,1w,"trained, F+M pooled",-0.07554588675229258,0.10798815987796108,-0.2872026801130963,0.1361109066085111,0.9420873209292407,False
PLP2,RNA,1,1w,"trained, F+M pooled",-0.14042339172437113,0.07288569352509344,-0.2832793510335543,0.0024325675848120287,0.7667144329146091,False
PLSCR1,RNA,1,1w,"trained, F+M pooled",-0.14861790291757804,0.19931274101631952,-0.5392708753095643,0.24203506947440823,0.9526097384289508,False
PLXNC1,RNA,1,1w,"trained, F+M pooled",-0.19930812539998183,0.19517574111169364,-0.5818525779789013,0.18323632717893767,0.9107605687532684,False
PPP1R15A,RNA,1,1w,"trained, F+M pooled",-0.26952431544513866,0.10373399023522353,-0.4728429363061768,-0.06620569458410053,0.0220790874922347,True
PPP1R3B,RNA,1,1w,"trained, F+M pooled",-0.05243009260802744,0.1606589169104074,-0.36732156975242597,0.2624613845363711,0.9902478442526024,False
PPP1R3D,RNA,1,1w,"trained, F+M pooled",0.20483802465980852,0.0893811701432486,0.029650931179041273,0.38002511814057577,0.0249804232485837,True
PRC1,RNA,1,1w,"trained, F+M pooled",0.026578702850223575,0.35652581078535733,-0.6722118862890768,0.7253692919895239,0.8104902594942011,False
PRF1,RNA,1,1w,"trained, F+M pooled",0.1223459549358678,0.349267182264254,-0.5622177223020701,0.8069096321738056,0.9481834107195862,False
PRKACB,RNA,1,1w,"trained, F+M pooled",0.0026655031320967698,0.06782543944477407,-0.1302723581796604,0.13560336444385393,0.9921672916978436,False
PRKCD,RNA,1,1w,"trained, F+M pooled",-0.14826505770324316,0.14106858407083941,-0.4247594824820884,0.12822936707560206,0.7491242356297312,False
PROS1,RNA,1,1w,"trained, F+M pooled",-0.030621510044831074,0.12078152923392245,-0.2673533073433191,0.20611028725365693,0.9944880717722148,False
PRSS23,RNA,1,1w,"trained, F+M pooled",0.030963710637278895,0.06152306651442104,-0.08962149973098635,0.15154892100554412,0.9848187339689118,False
PSTPIP2,RNA,1,1w,"trained, F+M pooled",-0.05695404582036574,0.05510312690261311,-0.16495617454948744,0.051048082908755954,0.757414313173049,False
PTGS2,RNA,1,1w,"trained, F+M pooled",-0.185995406412134,0.3851630898701045,-0.9409150625575388,0.5689242497332708,0.9600927496738034,False
PYGL,RNA,1,1w,"trained, F+M pooled",-0.27278884451769925,0.2624015320292627,-0.7870958472950541,0.2415181582596556,0.8467313319014302,False
QPCT,RNA,1,1w,"trained, F+M pooled",-0.17333290044353347,0.2806757331356308,-0.7234573373893698,0.3767915365023029,0.9692584089214836,False
RAB13,RNA,1,1w,"trained, F+M pooled",0.07339456052190624,0.20043443093780958,-0.3194569241162005,0.466246045160013,0.974435016194232,False
RAB20,RNA,1,1w,"trained, F+M pooled",-0.2912942484973816,0.08005623053254238,-0.4482044603411647,-0.13438403665359855,0.2017731670882653,False
RAB31,RNA,1,1w,"trained, F+M pooled",-0.016374336921639074,0.09283096519713004,-0.19832302870801394,0.16557435486473582,0.9588509122246184,False
RAB32,RNA,1,1w,"trained, F+M pooled",-0.041106090403321624,0.17987484689420688,-0.3936607903159671,0.31144860950932385,0.9810968307417356,False
RACGAP1,RNA,1,1w,"trained, F+M pooled",0.5559491624779528,0.4296583049258088,-0.2861811151766325,1.398079440132538,0.6027806861235074,False
RBL2,RNA,1,1w,"trained, F+M pooled",-0.05545898548397966,0.04826390090920571,-0.15005623126602285,0.03913826029806353,0.7829997796747818,False
RBPJ,RNA,1,1w,"trained, F+M pooled",-0.06756734131973395,0.05421239335603389,-0.17382363229756037,0.03868894965809247,0.878400933643614,False
RC3H1,RNA,1,1w,"trained, F+M pooled",0.10681876807727403,0.05987088234141765,-0.010528161311904566,0.22416569746645262,0.4041969561606742,False
RETN,RNA,1,1w,"trained, F+M pooled",-0.7604505391079021,0.5950857043071279,-1.9268185195498728,0.4059174413340686,0.7988283683587143,False
RGL1,RNA,1,1w,"trained, F+M pooled",-0.008419403729265168,0.07966083875452203,-0.16455464768812833,0.147715840229598,0.969499484013155,False
RNASE2,RNA,1,1w,"trained, F+M pooled",0.36123146862276573,0.29534147492121104,-0.21763782222280786,0.9401007594683393,0.8232239930880483,False
RNASE4,RNA,1,1w,"trained, F+M pooled",0.40856042455762975,0.7470643162473412,-1.0556856352871589,1.8728064844024184,0.7253891978117484,False
RRAGD,RNA,1,1w,"trained, F+M pooled",-0.09177121003192185,0.04932550620052882,-0.18844920218495834,0.0049067821211146445,0.6783320369321871,False
RRM2,RNA,1,1w,"trained, F+M pooled",0.5269002130709098,0.25941193196610485,0.01845282641734436,1.0353475997244752,0.782953083228904,False
RTN1,RNA,1,1w,"trained, F+M pooled",0.04093508070100377,0.09912348550488408,-0.153346950888569,0.23521711229057654,0.9863442644446264,False
S100A9,RNA,1,1w,"trained, F+M pooled",0.09928875331691203,0.5390344098322118,-0.9572186899542232,1.1557961965880472,0.9391908872360988,False
SAMSN1,RNA,1,1w,"trained, F+M pooled",0.06581037356681078,0.41042442654437183,-0.738621502460158,0.8702422495937795,0.9902478442526024,False
SEC24D,RNA,1,1w,"trained, F+M pooled",0.08417753423735949,0.10815742636687233,-0.12781102144171025,0.29616608991642923,0.7178871519630942,False
SELENBP1,RNA,1,1w,"trained, F+M pooled",-0.20467992106040933,0.10539231437667033,-0.4112488572386832,0.0018890151178645176,0.7067709962774038,False
SELP,RNA,1,1w,"trained, F+M pooled",-0.4309323812306036,0.2648325951449041,-0.9500042677146157,0.08813950525340841,0.6825535236891804,False
SEMA4A,RNA,1,1w,"trained, F+M pooled",-0.09982285113450512,0.15338925859896,-0.4004657979884667,0.20082009571945647,0.9606134276943966,False
SERPINB1,RNA,1,1w,"trained, F+M pooled",-0.0583458105082059,0.1654899096403413,-0.38270603340327486,0.266014412386863,0.9934842536526864,False
SERPING1,RNA,1,1w,"trained, F+M pooled",0.01921271603403147,0.07593180380966656,-0.129613619432915,0.16803905150097792,0.9366360959647588,False
SIGLEC1,RNA,1,1w,"trained, F+M pooled",0.46746839694123216,0.13578572793291066,0.20132837019272726,0.7336084236897371,0.2444755114979814,False
SIPA1L2,RNA,1,1w,"trained, F+M pooled",0.15548228186256244,0.08548808384697056,-0.01207436247749985,0.32303892620262475,0.6692574072670412,False
SLA,RNA,1,1w,"trained, F+M pooled",0.36508577314022517,0.2672578612043958,-0.15873963482039066,0.888911181100841,0.8552636710518207,False
SLAMF7,RNA,1,1w,"trained, F+M pooled",-0.07679341094896446,0.4113243585136915,-0.8829891536357997,0.7294023317378708,0.7540546369848974,False
SLC11A1,RNA,1,1w,"trained, F+M pooled",-0.22166683267133247,0.21007857199718707,-0.6334208337858191,0.1900871684431542,0.8469138131202574,False
SLC16A10,RNA,1,1w,"trained, F+M pooled",-0.08585021807886564,0.08557702690409953,-0.2535811908109007,0.08188075465316944,0.447942764861431,False
SLC16A3,RNA,1,1w,"trained, F+M pooled",-0.004395001400188278,0.05762569075462541,-0.11734135527925409,0.10855135247887752,0.895665537882708,False
SLC16A6,RNA,1,1w,"trained, F+M pooled",-0.1964266510470926,0.13734655647487312,-0.4656259017378439,0.0727725996436587,0.8851793370452733,False
SLC22A15,RNA,1,1w,"trained, F+M pooled",-0.2580347832832362,0.21065223736575034,-0.6709131685201069,0.15484360195363445,0.9292821780133936,False
SLC26A8,RNA,1,1w,"trained, F+M pooled",0.3468576558187342,0.17572845393758071,0.002429886101075973,0.6912854255363924,0.6668952518009582,False
SLC2A3,RNA,1,1w,"trained, F+M pooled",0.28652719234706664,0.1425476442864803,0.007133809545565251,0.5659205751485681,0.3385299102908323,False
SLC37A3,RNA,1,1w,"trained, F+M pooled",-0.03163653310381039,0.08705403443169657,-0.20226244058993567,0.13898937438231487,0.9802491256293866,False
SLPI,RNA,1,1w,"trained, F+M pooled",0.47405461137920474,0.396195150516306,-0.302487883632755,1.2505971063911645,0.7361492509049595,False
SNCA,RNA,1,1w,"trained, F+M pooled",-0.20672662176119727,0.3899596360776324,-0.9710475084733567,0.5575942649509622,0.5172263937229855,False
SOCS3,RNA,1,1w,"trained, F+M pooled",-0.6240203126016893,0.28750623341221154,-1.1875325300896238,-0.06050809511375477,0.6830679473893482,False
SOD2,RNA,1,1w,"trained, F+M pooled",0.12978630268309188,0.0454396135769655,0.0407246600722395,0.21884794529394425,0.2184834331384048,False
SORT1,RNA,1,1w,"trained, F+M pooled",0.027436583663965185,0.07405784768094213,-0.11771679779068138,0.17258996511861174,0.8521332083422999,False
SPON2,RNA,1,1w,"trained, F+M pooled",0.011080086523136952,0.18289450569892082,-0.34739314464674786,0.3695533176930218,0.9620027856062164,False
SRPK1,RNA,1,1w,"trained, F+M pooled",-0.017161263432522993,0.053631069053132197,-0.1222781587766621,0.08795563191161612,0.9534586086204204,False
SRSF6,RNA,1,1w,"trained, F+M pooled",0.040006055652855865,0.054624218175566036,-0.06705741197125356,0.1470695232769653,0.9619295241572328,False
ST6GALNAC3,RNA,1,1w,"trained, F+M pooled",0.025076494661251232,0.2905627783860038,-0.5444265509753161,0.5945795402978187,0.9800161978495908,False
TECPR2,RNA,1,1w,"trained, F+M pooled",0.05108669048265476,0.09972229875528013,-0.14436901507769428,0.24654239604300382,0.9888743924710788,False
TGFB1I1,RNA,1,1w,"trained, F+M pooled",0.06221234683071253,0.12662064869973894,-0.18596412462077577,0.31038881828220083,0.972338607399036,False
TGFBR3,RNA,1,1w,"trained, F+M pooled",0.1586682759242404,0.07755514345900465,0.006660194744591286,0.3106763571038895,0.0710010132572219,False
THBD,RNA,1,1w,"trained, F+M pooled",-0.01920586402498252,0.08173200209677042,-0.17940058813465254,0.14098886008468753,0.9585887028994732,False
THBS1,RNA,1,1w,"trained, F+M pooled",0.07268756084222507,0.1877826069845962,-0.2953663488475835,0.4407414705320336,0.7294045294485398,False
TIMP1,RNA,1,1w,"trained, F+M pooled",-0.2477055723121084,0.1788935359828726,-0.5983369028385387,0.1029257582143219,0.8619214153389819,False
TLE3,RNA,1,1w,"trained, F+M pooled",0.014308933320246048,0.08846137184722816,-0.15907535550032115,0.18769322214081324,0.972993349657834,False
TLR2,RNA,1,1w,"trained, F+M pooled",-0.46208099480799963,0.27435073949534494,-0.9998084442188757,0.07564645460287639,0.7619421031958511,False
TLR4,RNA,1,1w,"trained, F+M pooled",-0.08016184374579287,0.16747082788135903,-0.40840466639325657,0.2480809789016708,0.949391501488524,False
TLR5,RNA,1,1w,"trained, F+M pooled",-0.24524351019662674,0.12141674162028135,-0.48322032377237817,-0.0072666966208753125,0.7333964749703631,False
TLR8,RNA,1,1w,"trained, F+M pooled",-0.14646710454086534,0.1943729902189184,-0.5274381653699454,0.23450395628821472,0.9429849759455358,False
TM6SF1,RNA,1,1w,"trained, F+M pooled",0.3413252855993665,0.12406587645306658,0.098156167751356,0.5844944034473769,0.2086936903892588,False
TMEM120A,RNA,1,1w,"trained, F+M pooled",0.03885036997044113,0.08338741173095698,-0.12458895702223455,0.20228969696311683,0.8469138131202574,False
TMEM158,RNA,1,1w,"trained, F+M pooled",-0.46796101033525517,0.24692092505599428,-0.951926023445004,0.016004002774493598,0.3078274837140164,False
TMEM176A,RNA,1,1w,"trained, F+M pooled",-0.12941336634748146,0.114028829276234,-0.3529098717289001,0.0940831390339372,0.8781446711720798,False
TMEM176B,RNA,1,1w,"trained, F+M pooled",0.06162529714051769,0.09130636248787076,-0.11733517333570899,0.24058576761674438,0.7873488650638618,False
TMEM185B,RNA,1,1w,"trained, F+M pooled",0.03440460002944094,0.08761967504839313,-0.13732996306540957,0.20613916312429148,0.3840105591341526,False
TMEM260,RNA,1,1w,"trained, F+M pooled",-0.11631621236993038,0.09673905254265754,-0.30592475535353914,0.07329233061367839,0.9041465736725584,False
TMEM45B,RNA,1,1w,"trained, F+M pooled",-0.17403070684169897,0.226518733940342,-0.6180074253647693,0.26994601168137133,0.9188365737792276,False
TOP2A,RNA,1,1w,"trained, F+M pooled",-0.5600225447947115,0.29928773742747006,-1.1466265101525528,0.026581420563129843,0.2204696050223205,False
TP53I3,RNA,1,1w,"trained, F+M pooled",-0.037040746992399405,0.0675317897615769,-0.1694030549250901,0.09532156094029132,0.9263372814893068,False
TPX2,RNA,1,1w,"trained, F+M pooled",-0.24186344792711356,0.19811138275313478,-0.6301617581232577,0.14643486226903057,0.7886336800824609,False
TSHZ3,RNA,1,1w,"trained, F+M pooled",-0.14959841220395917,0.10504747573451746,-0.35549146464361336,0.056294640235695054,0.5440765134920531,False
TSPAN13,RNA,1,1w,"trained, F+M pooled",-0.1270133565945149,0.06744983331600106,-0.259215029893877,0.005188316704847179,0.4902096559597635,False
TSPO,RNA,1,1w,"trained, F+M pooled",0.10208567772152162,0.12222207317549631,-0.13746958570245116,0.34164094114549437,0.8945824456470749,False
TUBG1,RNA,1,1w,"trained, F+M pooled",0.07230363946346105,0.05125860531530255,-0.02816322695453194,0.17277050588145404,0.8823152561680426,False
TUFT1,RNA,1,1w,"trained, F+M pooled",0.3501598905314016,0.2661058573629782,-0.17140758990003568,0.8717273709628389,0.916331694792778,False
TXN,RNA,1,1w,"trained, F+M pooled",-0.16457173692021246,0.1028741362005221,-0.36620504387323577,0.03706157003281085,0.7373933359206688,False
UGCG,RNA,1,1w,"trained, F+M pooled",-0.1336910334026799,0.0702729631174838,-0.2714260411129481,0.004043974307588322,0.7373933359206688,False
UHRF1,RNA,1,1w,"trained, F+M pooled",-0.13904084378480555,0.19652206736460068,-0.5242240958194229,0.2461424082498118,0.950924214705594,False
UPP1,RNA,1,1w,"trained, F+M pooled",0.14083430428618154,0.11399357889861601,-0.08259311035510583,0.36426171892746895,0.7568733836712261,False
VCAN,RNA,1,1w,"trained, F+M pooled",-0.134552606063844,0.10938331386753576,-0.3489439012442141,0.07983868911652608,0.8715341032448595,False
VIM,RNA,1,1w,"trained, F+M pooled",-0.07514949161468595,0.06931854145428207,-0.2110138328650788,0.06071484963570689,0.9534586086204204,False
VMP1,RNA,1,1w,"trained, F+M pooled",-0.0404188737242229,0.05704425152082373,-0.1522256067050374,0.07138785925659161,0.9782314651952496,False
VNN1,RNA,1,1w,"trained, F+M pooled",0.16111040192871673,0.3304657341662268,-0.48660243703708783,0.8088232408945213,0.9888743924710788,False
WDFY3,RNA,1,1w,"trained, F+M pooled",0.03513666048514997,0.04785971239770065,-0.0586683758143433,0.12894169678464323,0.9263574036038328,False
WSB1,RNA,1,1w,"trained, F+M pooled",-0.2002850741258966,0.1213630837070726,-0.43815671819175894,0.0375865699399657,0.5846182394029316,False
YIPF1,RNA,1,1w,"trained, F+M pooled",-0.02120410010563585,0.12499598834400238,-0.2661962372598805,0.22378803704860883,0.9481834107195862,False
ZCWPW2,RNA,1,1w,"trained, F+M pooled",-0.09653844443666564,0.2726730954072822,-0.6309777114349386,0.4379008225616074,0.9726130075243916,False
ZNF438,RNA,1,1w,"trained, F+M pooled",0.053633777111369095,0.15287746377357975,-0.24600605188484717,0.35327360610758535,0.8521332083422999,False
ZNF516,RNA,1,1w,"trained, F+M pooled",0.13989991439687785,0.08726103835276501,-0.03113172077454157,0.31093154956829727,0.7164430609580319,False
ZWINT,RNA,1,1w,"trained, F+M pooled",-0.06551979982913202,0.055660806632179226,-0.17461498082820331,0.04357538116993927,0.8181163319544047,False
ABHD2,RNA,2,2w,"trained, F+M pooled",-0.08715683961358,0.12420588423235872,-0.3306003727090031,0.15628669348184307,0.9934648698188544,False
ACER3,RNA,2,2w,"trained, F+M pooled",0.042433828471044044,0.1372070789937301,-0.22649204635666698,0.31135970329875506,0.9934648698188544,False
ACOT13,RNA,2,2w,"trained, F+M pooled",0.13241322109265136,0.05791761998254696,0.01889468592685932,0.24593175625844338,0.7570739757912148,False
ACOX1,RNA,2,2w,"trained, F+M pooled",-0.06977673389549793,0.04136909332421664,-0.15086015681096254,0.01130668901996669,0.9242436035603632,False
ACSL1,RNA,2,2w,"trained, F+M pooled",0.01108025742747325,0.06912562526565823,-0.12440596809321687,0.14656648294816338,0.9973696164570588,False
ADM,RNA,2,2w,"trained, F+M pooled",0.01127875213538078,0.13539029400773506,-0.25408622411977994,0.27664372839054147,0.9965040406506946,False
AGO3,RNA,2,2w,"trained, F+M pooled",0.05166432178839198,0.12719608512768743,-0.19764000506187537,0.30096864863865935,0.9934648698188544,False
AKAP10,RNA,2,2w,"trained, F+M pooled",0.05055936643161111,0.08240384938448064,-0.11095217836197097,0.21207091122519317,0.8030693194146259,False
ALOX5AP,RNA,2,2w,"trained, F+M pooled",0.023129368252074012,0.11492923686958688,-0.20213193601231627,0.2483906725164643,0.9934648698188544,False
ALPL,RNA,2,2w,"trained, F+M pooled",0.01147225200813784,0.10053961623883155,-0.185585395819972,0.20852989983624767,0.9973696164570588,False
ALYREF,RNA,2,2w,"trained, F+M pooled",0.08835990737670144,0.07085113011554071,-0.05050830764975836,0.22722812240316123,0.8936015303584584,False
ANKRD13A,RNA,2,2w,"trained, F+M pooled",0.009323537098776065,0.0577585289509549,-0.10388317964509554,0.12253025384264767,0.9973696164570588,False
ANLN,RNA,2,2w,"trained, F+M pooled",0.5479499718125784,0.3969817233600475,-0.23013420597311463,1.3260341495982715,0.9934648698188544,False
ANXA3,RNA,2,2w,"trained, F+M pooled",7.864918835415237e-05,0.08412868493476357,-0.16481357328378243,0.16497087166049074,0.9973696164570588,False
AP5B1,RNA,2,2w,"trained, F+M pooled",0.12949342577553125,0.08679559863765379,-0.04062594755427018,0.29961279910533267,0.9934648698188544,False
ARG1,RNA,2,2w,"trained, F+M pooled",-0.014691364184624047,0.33814633518996734,-0.67745818115696,0.648075452787712,0.9973696164570588,False
ARHGEF40,RNA,2,2w,"trained, F+M pooled",-0.10135996801483498,0.05548471876299286,-0.21011001679030097,0.007390080760631024,0.9829284279599884,False
ASCC2,RNA,2,2w,"trained, F+M pooled",0.016160906455430227,0.09090884585460274,-0.16202043141959113,0.19434224433045158,0.9934648698188544,False
ASPH,RNA,2,2w,"trained, F+M pooled",-0.05143689154994232,0.03939310314632244,-0.1286473737167343,0.02577359061684966,0.9934648698188544,False
ATOX1,RNA,2,2w,"trained, F+M pooled",0.062262240163162355,0.07770845646102882,-0.09004633450045414,0.21457081482677887,0.9934648698188544,False
ATP6V0E1,RNA,2,2w,"trained, F+M pooled",-0.021776577877652244,0.07553026237340493,-0.1698158921295259,0.12626273637422142,0.9934648698188544,False
ATP8B4,RNA,2,2w,"trained, F+M pooled",-0.09803181044833141,0.28623572928723684,-0.6590538398513156,0.46299021895465275,0.9934648698188544,False
ATXN1,RNA,2,2w,"trained, F+M pooled",0.015155047660620057,0.052102255730934605,-0.08696537357201176,0.11727546889325188,0.9934648698188544,False
AURKA,RNA,2,2w,"trained, F+M pooled",-0.006425942454934783,0.21827339118300704,-0.43424178917362855,0.421389904263759,0.9973696164570588,False
B4GALT5,RNA,2,2w,"trained, F+M pooled",-0.03409114627554662,0.10393628873417926,-0.23780627219453798,0.16962397964344472,0.9934648698188544,False
BASP1,RNA,2,2w,"trained, F+M pooled",-0.11979295802417136,0.14459223946521685,-0.40319374737599634,0.16360783132765364,0.941273494391347,False
BCAT1,RNA,2,2w,"trained, F+M pooled",-0.4359233756236665,0.20529990876113138,-0.8383111967954839,-0.033535554451849026,0.4458241254449946,False
BCL2A1,RNA,2,2w,"trained, F+M pooled",-0.16463703415058,0.37452994093810815,-0.898715718389272,0.5694416500881119,0.9973696164570588,False
BCL6,RNA,2,2w,"trained, F+M pooled",-0.1295896963371128,0.1343097622384758,-0.3928368303245253,0.13365743765029978,0.9943652699355122,False
BMX,RNA,2,2w,"trained, F+M pooled",1.1786206627557205,0.4353520088466783,0.3253307254162311,2.03191060009521,0.4525480619811788,False
BPGM,RNA,2,2w,"trained, F+M pooled",-0.09669247170782835,0.035157679589695734,-0.165601523703632,-0.02778341971202472,0.8017750356031094,False
BST1,RNA,2,2w,"trained, F+M pooled",0.24154202769337757,0.3754321150982193,-0.49430491789913217,0.9773889732858874,0.9934648698188544,False
C15orf48,RNA,2,2w,"trained, F+M pooled",-0.47455962916401623,0.3230966452437024,-1.1078290538416729,0.15870979551364045,0.9299944837746764,False
C1QA,RNA,2,2w,"trained, F+M pooled",0.11238343614972811,0.0781254749177759,-0.04074249468911266,0.26550936698856886,0.9934648698188544,False
C1QB,RNA,2,2w,"trained, F+M pooled",0.09684685653351584,0.07608673801198663,-0.052283149969977974,0.24597686303700966,0.9960463275791284,False
C1QC,RNA,2,2w,"trained, F+M pooled",0.12578080883685117,0.08294939707372721,-0.03680000942765416,0.2883616271013565,0.9934648698188544,False
C3AR1,RNA,2,2w,"trained, F+M pooled",0.006750597409971501,0.1887550635339365,-0.363209327116544,0.3767105219364871,0.991950752975209,False
C3orf62,RNA,2,2w,"trained, F+M pooled",-0.9294056539045022,0.4318181271617389,-1.7757691831415103,-0.08304212466749405,0.7647598340713307,False
C8orf88,RNA,2,2w,"trained, F+M pooled",0.1620891844762302,0.419328710774828,-0.6597950886424326,0.9839734575948931,0.9934648698188544,False
CA2,RNA,2,2w,"trained, F+M pooled",0.4097923999815627,0.08939715993854414,0.2345739665020162,0.5850108334611092,0.0316810872394507,True
CA4,RNA,2,2w,"trained, F+M pooled",0.0013419069409671624,0.1352941200726777,-0.2638345684014811,0.2665183822834154,0.9934648698188544,False
CAPN3,RNA,2,2w,"trained, F+M pooled",-0.026175073355228756,0.030945413928354825,-0.08682808465480421,0.0344779379443467,0.9934648698188544,False
CARD6,RNA,2,2w,"trained, F+M pooled",-0.058062735010734945,0.07521053841170884,-0.20547539029768427,0.08934992027621438,0.9934648698188544,False
CCNA2,RNA,2,2w,"trained, F+M pooled",-0.4530546892241209,0.5397977157800181,-1.5110582121529565,0.6049488337047146,0.9220041911836828,False
CCNB1,RNA,2,2w,"trained, F+M pooled",-0.07384954152268153,0.4534143722992599,-0.9625417112292309,0.8148426281838679,0.9934648698188544,False
CCR1,RNA,2,2w,"trained, F+M pooled",0.19348898599547915,0.15801104649724762,-0.1162126651391262,0.5031906371300845,0.9960463275791284,False
CD14,RNA,2,2w,"trained, F+M pooled",-0.13478516055119186,0.13530748005570287,-0.3999878214603695,0.13041750035798574,0.9934648698188544,False
CD163,RNA,2,2w,"trained, F+M pooled",0.1725304631554187,0.08229362858393875,0.011234951130898757,0.3338259751799386,0.9242436035603632,False
CD200,RNA,2,2w,"trained, F+M pooled",0.030775466563658215,0.07633409393268033,-0.11883935754439522,0.18039029067171164,0.9973696164570588,False
CD274,RNA,2,2w,"trained, F+M pooled",-0.14302820883326556,0.13245392485603263,-0.4026379015510895,0.11658148388455841,0.9973696164570588,False
CD59,RNA,2,2w,"trained, F+M pooled",-0.14191578893720072,0.0434904605578835,-0.22715709163065237,-0.05667448624374907,0.492441780696932,False
CD63,RNA,2,2w,"trained, F+M pooled",-0.12567656672283933,0.04490254197460486,-0.21368554899306486,-0.03766758445261381,0.7333778730996107,False
CDA,RNA,2,2w,"trained, F+M pooled",-0.6066420539951245,0.28273585734985196,-1.1608043344008343,-0.05247977358941469,0.94230969503748,False
CDC20,RNA,2,2w,"trained, F+M pooled",0.5342025683423137,0.2876060300804192,-0.029505250615307843,1.0979103872999354,0.9802081387566794,False
CEACAM1,RNA,2,2w,"trained, F+M pooled",-0.040172570530420185,0.16633296243257298,-0.3661851768982632,0.28584003583742285,0.9973696164570588,False
CEBPA,RNA,2,2w,"trained, F+M pooled",0.01267290698017756,0.1373175032135282,-0.25646939931833773,0.2818152132786928,0.9973696164570588,False
CEBPD,RNA,2,2w,"trained, F+M pooled",0.5543052040427083,0.194928344473778,0.17224564887410349,0.9363647592113131,0.4525480619811788,False
CFLAR,RNA,2,2w,"trained, F+M pooled",-0.06314728636093013,0.07867137055336569,-0.21734317264552688,0.09104859992366661,0.9965040406506946,False
CHST15,RNA,2,2w,"trained, F+M pooled",-0.05174580999255708,0.16157432696687507,-0.3684314908476322,0.2649398708625181,0.9934648698188544,False
CHST2,RNA,2,2w,"trained, F+M pooled",0.21121522677597862,0.2646351288749667,-0.3074696258189561,0.7299000793709133,0.9973696164570588,False
CKAP4,RNA,2,2w,"trained, F+M pooled",-0.2534347683062384,0.08994416868537426,-0.429725338929572,-0.07714419768290484,0.5833889738366765,False
CLEC4D,RNA,2,2w,"trained, F+M pooled",-0.07797038560692833,0.28841759104015985,-0.6432688640456417,0.48732809283178496,0.9934648698188544,False
CLIC2,RNA,2,2w,"trained, F+M pooled",-0.07841618304055745,0.10050585422732465,-0.2754076573261137,0.11857529124499885,0.9973696164570588,False
CLIC3,RNA,2,2w,"trained, F+M pooled",0.1797346162529439,0.1255448155935107,-0.06633322231033703,0.4258024548162248,0.9222120706038648,False
CMPK2,RNA,2,2w,"trained, F+M pooled",-0.0897027293786449,0.11042930215106067,-0.3061441615947238,0.12673870283743402,0.8936015303584584,False
CNIH4,RNA,2,2w,"trained, F+M pooled",-0.027060632814537,0.07539391385225729,-0.17483270396496128,0.1207114383358873,0.9934648698188544,False
COL6A3,RNA,2,2w,"trained, F+M pooled",-0.2792084769149805,0.06959099824280733,-0.4156068334708829,-0.14281012035907814,0.0053491063954391,True
COQ2,RNA,2,2w,"trained, F+M pooled",-0.009646308301078384,0.04865084521327706,-0.10500196491910141,0.08570934831694466,0.9973696164570588,False
CPA3,RNA,2,2w,"trained, F+M pooled",0.1106384430570085,0.1579632062505484,-0.1989694411940664,0.42024632730808337,0.9934648698188544,False
CPD,RNA,2,2w,"trained, F+M pooled",0.019234110671621563,0.04661070105667654,-0.07212286339946446,0.11059108474270758,0.9934648698188544,False
CPEB4,RNA,2,2w,"trained, F+M pooled",0.05483708248420984,0.04839957716600108,-0.040026088761152274,0.14970025372957196,0.9338742296650592,False
CR1L,RNA,2,2w,"trained, F+M pooled",-0.024954432490632658,0.058849829506320055,-0.14030009832301998,0.09039123334175465,0.9965040406506946,False
CREB5,RNA,2,2w,"trained, F+M pooled",-0.05955212306606518,0.12823176420129995,-0.31088638090061305,0.19178213476848271,0.9973696164570588,False
CRISPLD2,RNA,2,2w,"trained, F+M pooled",0.039309198346394236,0.07972011042655583,-0.11694221808965519,0.19556061478244366,0.9829284279599884,False
CSRNP1,RNA,2,2w,"trained, F+M pooled",0.057021417116163556,0.165263578888432,-0.26689519750516316,0.38093803173749025,0.9934648698188544,False
CUX1,RNA,2,2w,"trained, F+M pooled",-0.02383375498291429,0.039823687342721285,-0.10188818217464801,0.05422067220881943,0.9973696164570588,False
CXXC5,RNA,2,2w,"trained, F+M pooled",-0.09007623500049633,0.08240314445228221,-0.2515863981269695,0.07143392812597679,0.9726936754330452,False
CYP1B1,RNA,2,2w,"trained, F+M pooled",0.051542262977076876,0.15516526874264155,-0.25258166375850055,0.3556661897126543,0.9973696164570588,False
CYSTM1,RNA,2,2w,"trained, F+M pooled",0.013120167738459173,0.09141592011188199,-0.16605503568082952,0.19229537115774786,0.9934648698188544,False
DAAM2,RNA,2,2w,"trained, F+M pooled",0.07401921527109749,0.15031778128276663,-0.2206036360431251,0.3686420665853201,0.9934648698188544,False
DACH1,RNA,2,2w,"trained, F+M pooled",-0.003735756890199909,0.24634695873721954,-0.48657579601515016,0.4791042822347504,0.9934648698188544,False
DDX17,RNA,2,2w,"trained, F+M pooled",-0.007686897398732579,0.03746474152041325,-0.08111779077874254,0.06574399598127739,0.9973696164570588,False
DENND3,RNA,2,2w,"trained, F+M pooled",-0.012192751460703938,0.10764783956772567,-0.22318251701344624,0.19879701409203834,0.9973696164570588,False
DGAT2,RNA,2,2w,"trained, F+M pooled",0.09656434572612327,0.07745512454689095,-0.055247698385783,0.24837638983802954,0.9802081387566794,False
DHRS13,RNA,2,2w,"trained, F+M pooled",-0.18959640981408188,0.1733469615199123,-0.52935645439311,0.1501636347649462,0.9934648698188544,False
DHRS7B,RNA,2,2w,"trained, F+M pooled",0.029402006609261976,0.1087995707649777,-0.1838451520900943,0.24264916530861827,0.9973696164570588,False
DLGAP5,RNA,2,2w,"trained, F+M pooled",-0.20344910336177602,0.3212240567477749,-0.8330482545874147,0.4261500478638627,0.9934648698188544,False
DMXL2,RNA,2,2w,"trained, F+M pooled",0.0246388245852082,0.10907443606962203,-0.18914707011125098,0.23842471928166736,0.9973696164570588,False
DNAJC3,RNA,2,2w,"trained, F+M pooled",0.1095219854523143,0.05958194807302754,-0.007258632770819673,0.22630260367544827,0.9497217241042416,False
DPY19L3,RNA,2,2w,"trained, F+M pooled",-0.2462404673875634,0.10710510781174985,-0.45616647869859306,-0.03631445607653369,0.9294633073204076,False
DUSP3,RNA,2,2w,"trained, F+M pooled",0.07578911538867582,0.043189482551000066,-0.008862270411284304,0.16044050118863595,0.809747488589924,False
DYSF,RNA,2,2w,"trained, F+M pooled",-0.12718542584365322,0.029736480378471982,-0.1854689273854583,-0.06890192430184813,0.1547460136271231,False
EBF1,RNA,2,2w,"trained, F+M pooled",0.1367784838452857,0.0943074336094181,-0.04806408602917375,0.32162105371974514,0.9829284279599884,False
EIF1AY,RNA,2,2w,"trained, F+M pooled",-0.09033116996949768,0.08425773161122344,-0.2554763239274956,0.07481398398850024,0.9919946800003048,False
EIF4E3,RNA,2,2w,"trained, F+M pooled",-0.011405828148550736,0.060804348252776426,-0.13058235072399255,0.10777069442689106,0.9942643742930696,False
ELL,RNA,2,2w,"trained, F+M pooled",0.1320640263455814,0.07808508025821115,-0.020982730960512452,0.28511078365167525,0.9726936754330452,False
EMP1,RNA,2,2w,"trained, F+M pooled",-0.2661738603228988,0.0838861445047226,-0.4305907035521551,-0.10175701709364249,0.7203472406216406,False
ERLIN1,RNA,2,2w,"trained, F+M pooled",-0.07136585072198945,0.08056345006979394,-0.22927021285878557,0.08653851141480667,0.9934648698188544,False
ETS2,RNA,2,2w,"trained, F+M pooled",0.20070289888045295,0.07974594765209114,0.04440084148235432,0.35700495627855156,0.809747488589924,False
EZH2,RNA,2,2w,"trained, F+M pooled",-0.18656894768082685,0.1570746822865776,-0.49443532496251896,0.12129742960086523,0.9799232934361888,False
F5,RNA,2,2w,"trained, F+M pooled",0.39616165096355094,0.3274694462580938,-0.24567846370231294,1.038001765629415,0.9802081387566794,False
F8,RNA,2,2w,"trained, F+M pooled",0.12055163332756984,0.05591822967161402,0.010951903171206354,0.23015136348393334,0.8141093650731918,False
FAM126B,RNA,2,2w,"trained, F+M pooled",0.001178219908864806,0.09916804732023425,-0.19319115283879434,0.19554759265652394,0.9934648698188544,False
FAM20A,RNA,2,2w,"trained, F+M pooled",0.10182991349542467,0.14944410527595864,-0.19108053284545426,0.3947403598363036,0.9957401913085856,False
FBXO6,RNA,2,2w,"trained, F+M pooled",0.1261409395649743,0.05022855042211853,0.027692980737621983,0.2245888983923266,0.9096374050884062,False
FEM1C,RNA,2,2w,"trained, F+M pooled",-0.027209279840807694,0.06975092400705162,-0.16392109089462886,0.10950253121301347,0.9934648698188544,False
FEZ1,RNA,2,2w,"trained, F+M pooled",-0.2958090568255926,0.21896863429512622,-0.72498758004404,0.1333694663928548,0.7473808383575539,False
FGD4,RNA,2,2w,"trained, F+M pooled",0.1419926708540746,0.13195533655582928,-0.11663978879535078,0.4006251305035,0.9802081387566794,False
FGF13,RNA,2,2w,"trained, F+M pooled",-0.17839967329827203,0.08267312235302199,-0.3404389931101951,-0.016360353486348927,0.9338742296650592,False
FHL2,RNA,2,2w,"trained, F+M pooled",-0.5534296968956144,0.24338384075527703,-1.0304620247759573,-0.07639736901527144,0.8324275066721295,False
FKBP5,RNA,2,2w,"trained, F+M pooled",0.2177410534333434,0.09313349751567913,0.03519939830261232,0.4002827085640745,0.9313583685062023,False
FKBP9,RNA,2,2w,"trained, F+M pooled",-0.07795455684967874,0.06648479867559604,-0.208264762253847,0.0523556485544895,0.9588591439860864,False
FLOT1,RNA,2,2w,"trained, F+M pooled",-0.01109536469128641,0.03703870830953711,-0.08369123297797915,0.06150050359540632,0.9635353567846509,False
FLOT2,RNA,2,2w,"trained, F+M pooled",-0.07116101450489937,0.036323091554019554,-0.1423542739507777,3.224494097896213e-05,0.9802081387566794,False
FLT3,RNA,2,2w,"trained, F+M pooled",-0.33662362537157503,0.3294349031218838,-0.9823160354904672,0.3090687847473172,0.9934648698188544,False
FNDC3B,RNA,2,2w,"trained, F+M pooled",-0.02018407191062789,0.06984792247106474,-0.15708599995391476,0.11671785613265899,0.9934648698188544,False
FOS,RNA,2,2w,"trained, F+M pooled",-0.7672765801144865,0.35098346019623816,-1.4552041620991134,-0.07934899812985974,0.9242436035603632,False
FOSL2,RNA,2,2w,"trained, F+M pooled",0.08815012461883147,0.23203321974130164,-0.3666349860741197,0.5429352353117827,0.9973696164570588,False
FOXM1,RNA,2,2w,"trained, F+M pooled",-0.48565814244154415,0.28951275608771593,-1.0531031443734673,0.081786859490379,0.9934648698188544,False
FRMD4B,RNA,2,2w,"trained, F+M pooled",-0.017904147863544138,0.09885263202239562,-0.21165530662743956,0.1758470109003513,0.9802081387566794,False
G0S2,RNA,2,2w,"trained, F+M pooled",0.1909212083566024,0.28046667248047735,-0.35879346970513315,0.740635886418338,0.9934648698188544,False
GADD45A,RNA,2,2w,"trained, F+M pooled",0.10928382111081268,0.09645094166223889,-0.07976002454717553,0.2983276667688009,0.9934648698188544,False
GAS7,RNA,2,2w,"trained, F+M pooled",-0.2613793875293375,0.08441873693853837,-0.42684011192887267,-0.0959186631298023,0.5199619208503449,False
GBP1,RNA,2,2w,"trained, F+M pooled",0.10736255705609836,0.17830843977267705,-0.24212198489834863,0.4568470990105454,0.9973696164570588,False
GGH,RNA,2,2w,"trained, F+M pooled",-0.14132629603676397,0.12020220106372548,-0.3769226101216659,0.09427001804813795,0.986158089815754,False
GM2A,RNA,2,2w,"trained, F+M pooled",-0.06745161239829772,0.08081361305977403,-0.2258462939954548,0.09094306919885936,0.9934648698188544,False
GNG8,RNA,2,2w,"trained, F+M pooled",0.03983380613230607,0.34937445870785916,-0.6449401329350979,0.7246077451997099,0.9960463275791284,False
GNS,RNA,2,2w,"trained, F+M pooled",0.026392372831010723,0.05791840612899089,-0.08712770318181143,0.13991244884383286,0.9934648698188544,False
GPRIN3,RNA,2,2w,"trained, F+M pooled",0.024127196641392623,0.2589925773288986,-0.4834982549232486,0.5317526482060339,0.9973696164570588,False
GRAMD1A,RNA,2,2w,"trained, F+M pooled",-0.003926218204538381,0.05306744102236789,-0.10793840260837945,0.10008596619930268,0.9934648698188544,False
GRB10,RNA,2,2w,"trained, F+M pooled",0.005506406963240264,0.05891713098046149,-0.10997116975846424,0.12098398368494478,0.9965040406506946,False
GYG1,RNA,2,2w,"trained, F+M pooled",-0.005292638751272046,0.0369914215766254,-0.07779582504145782,0.06721054753891373,0.9934648698188544,False
H2BC11,RNA,2,2w,"trained, F+M pooled",0.047263185738909363,0.3437188290705198,-0.6264257192393095,0.7209520907171283,0.9960463275791284,False
HDAC4,RNA,2,2w,"trained, F+M pooled",0.046284122063672405,0.07602696129021133,-0.1027287220651418,0.19529696619248663,0.94230969503748,False
HGF,RNA,2,2w,"trained, F+M pooled",-0.15073245076059713,0.18679269346267965,-0.5168461299474493,0.21538122842625498,0.9934648698188544,False
HIP1,RNA,2,2w,"trained, F+M pooled",-0.09746884026810654,0.05407786484716843,-0.20346145536855664,0.00852377483234358,0.920785280037108,False
HLA-DQA1,RNA,2,2w,"trained, F+M pooled",-0.34298326627240266,0.0969821655764892,-0.5330683108023215,-0.15289822174248383,0.5054032165572944,False
HMMR,RNA,2,2w,"trained, F+M pooled",-0.1572522628840211,0.23950744374308852,-0.6266868526204745,0.31218232685243236,0.9973696164570588,False
HMOX1,RNA,2,2w,"trained, F+M pooled",-0.0924523585229979,0.11827407246188483,-0.32426954054829216,0.13936482350229634,0.9934648698188544,False
HP,RNA,2,2w,"trained, F+M pooled",-0.433023700159562,0.3834049618032161,-1.1844974252938656,0.31845002497474156,0.9934648698188544,False
HPSE,RNA,2,2w,"trained, F+M pooled",-0.004218567183677568,0.2086388990770136,-0.41315080937462423,0.40471367500726907,0.9934648698188544,False
HS3ST1,RNA,2,2w,"trained, F+M pooled",0.15258651045499907,0.13605711611166593,-0.11408543712386612,0.4192584580338643,0.9802081387566794,False
HSPA1A,RNA,2,2w,"trained, F+M pooled",-0.5387406861746494,0.2773385617008067,-1.0823242671082305,0.004842894758931626,0.9686910188215806,False
HSPA1B,RNA,2,2w,"trained, F+M pooled",-0.5387406861746494,0.2773385617008067,-1.0823242671082305,0.004842894758931626,0.9686910188215806,False
IER3,RNA,2,2w,"trained, F+M pooled",0.08657598809904705,0.1802352636353395,-0.2666851286262184,0.4398371048243125,0.9965040406506946,False
IFI27,RNA,2,2w,"trained, F+M pooled",-0.08669409787085136,0.04710331941825011,-0.17901660393062158,0.005628408188918854,0.4109797640693209,False
IFI44,RNA,2,2w,"trained, F+M pooled",0.09164378767631708,0.12847084247705925,-0.16015906357871906,0.34344663893135324,0.9973696164570588,False
IFI44L,RNA,2,2w,"trained, F+M pooled",0.005685258537731141,0.26770958772244846,-0.5190255333982678,0.5303960504737302,0.9934648698188544,False
IFRD1,RNA,2,2w,"trained, F+M pooled",-0.10402428769369283,0.07781312501055644,-0.2565380127143835,0.0484894373269978,0.991950752975209,False
IGF2R,RNA,2,2w,"trained, F+M pooled",-0.10842754475857011,0.037020842705303474,-0.18098839646096493,-0.035866693056175306,0.490950887454266,False
IL18RAP,RNA,2,2w,"trained, F+M pooled",-0.19778246345691244,0.3754941764855465,-0.9337510493685836,0.5381861224547587,0.9973696164570588,False
IL1B,RNA,2,2w,"trained, F+M pooled",-0.4407474355488724,0.5569131034991823,-1.5322971184072696,0.6508022473095249,0.9696617709741482,False
IL2RB,RNA,2,2w,"trained, F+M pooled",-0.022332275440663383,0.181180792865698,-0.37744662945743146,0.33278207857610465,0.9934648698188544,False
IRAK3,RNA,2,2w,"trained, F+M pooled",-0.026933558767233808,0.0956488014249514,-0.21440520956013853,0.16053809202567093,0.9945200805235908,False
JUNB,RNA,2,2w,"trained, F+M pooled",-0.2540422646287054,0.08956122224782351,-0.42958226023443946,-0.0785022690229713,0.4018628558434523,False
KCNF1,RNA,2,2w,"trained, F+M pooled",0.04322726469994537,0.6271329856707948,-1.1859533872148122,1.272407916614703,0.9934648698188544,False
KCTD14,RNA,2,2w,"trained, F+M pooled",-0.475413774364143,0.28700870121739347,-1.0379508287502341,0.08712328002194814,0.9737764096797782,False
KDM5D,RNA,2,2w,"trained, F+M pooled",-0.0290828153732696,0.09867328531225779,-0.22248245458529486,0.16431682383875568,0.9965040406506946,False
KDM6B,RNA,2,2w,"trained, F+M pooled",0.08046803526705712,0.05606581192429163,-0.029420956104554474,0.1903570266386687,0.9934648698188544,False
KIF11,RNA,2,2w,"trained, F+M pooled",-0.2400346391638557,0.37929423893413533,-0.9834513474747609,0.5033820691470495,0.9965040406506946,False
KIF1B,RNA,2,2w,"trained, F+M pooled",-0.012617972602924082,0.03171910207658177,-0.07478741267302434,0.04955146746717618,0.9973696164570588,False
KIF20A,RNA,2,2w,"trained, F+M pooled",0.3749843083467125,0.2726652434250544,-0.1594395687663941,0.909408185459819,0.8605151286529662,False
KIF4A,RNA,2,2w,"trained, F+M pooled",0.5833895859746052,0.4345834506022675,-0.268393977205839,1.4351731491550495,0.799372262785524,False
KLRB1,RNA,2,2w,"trained, F+M pooled",-0.044881526544336546,0.3872830204884899,-0.8039562467017767,0.7141931936131036,0.9934648698188544,False
KREMEN1,RNA,2,2w,"trained, F+M pooled",-0.2180822128779727,0.10403106451911132,-0.4219830993354309,-0.014181326420514506,0.8766092994011337,False
LGR6,RNA,2,2w,"trained, F+M pooled",0.10150615407084101,0.19785545169107946,-0.2862905312436747,0.48930283938535674,0.9934648698188544,False
LHFPL2,RNA,2,2w,"trained, F+M pooled",-0.04542127398077078,0.1981806688818852,-0.4338553849892658,0.3430128370277242,0.9960463275791284,False
LILRA5,RNA,2,2w,"trained, F+M pooled",0.09205227666643925,0.30031811873588826,-0.4965712360559018,0.6806757893887803,0.9973696164570588,False
LIMK2,RNA,2,2w,"trained, F+M pooled",-0.09327200029520595,0.0651705496857805,-0.22100627767933573,0.03446227708892381,0.9934648698188544,False
LMNB1,RNA,2,2w,"trained, F+M pooled",-0.012647670749239798,0.10980141032398456,-0.22785843498424954,0.20256309348576992,0.9973696164570588,False
LONRF3,RNA,2,2w,"trained, F+M pooled",0.13433382784051667,0.16052664202742115,-0.18029839053322877,0.4489660462142621,0.9802081387566794,False
LRG1,RNA,2,2w,"trained, F+M pooled",0.13502384621789315,0.10108057805374211,-0.06309408676744138,0.3331417792032277,0.9957639517679336,False
LRRN1,RNA,2,2w,"trained, F+M pooled",-0.14148377706198015,0.21795111655183547,-0.5686679655035777,0.2857004113796173,0.9973696164570588,False
LRRN3,RNA,2,2w,"trained, F+M pooled",0.11171472085491499,0.2865461398987161,-0.44991571334656855,0.6733451550563985,0.9934648698188544,False
MAFB,RNA,2,2w,"trained, F+M pooled",0.3061045983787262,0.2095663161693348,-0.10464538131316997,0.7168545780706224,0.6348463500479489,False
MAFF,RNA,2,2w,"trained, F+M pooled",-0.07993273136779376,0.14626601813561546,-0.36661412691360007,0.20674866417801252,0.9934648698188544,False
MAFG,RNA,2,2w,"trained, F+M pooled",0.07156246649752732,0.0647123195587627,-0.055273679837647555,0.1983986128327022,0.96324313323337,False
MAGOH,RNA,2,2w,"trained, F+M pooled",-0.008101514162802113,0.09061071439779841,-0.185698514382487,0.16949548605688278,0.9934648698188544,False
MANSC1,RNA,2,2w,"trained, F+M pooled",0.12026581317666366,0.15634798763788654,-0.18617624259359397,0.42670786894692125,0.94230969503748,False
MAP2K6,RNA,2,2w,"trained, F+M pooled",-0.007888058333187644,0.05942313225897861,-0.12435739756078573,0.10858128089441044,0.9973696164570588,False
MAPK14,RNA,2,2w,"trained, F+M pooled",0.07926109666234278,0.047331933572201036,-0.013509493139171241,0.1720316864638568,0.9338742296650592,False
MARCKS,RNA,2,2w,"trained, F+M pooled",-0.20245606492551482,0.10835370434662425,-0.41482932544489837,0.009917195593868722,0.9608217263539413,False
MCTP1,RNA,2,2w,"trained, F+M pooled",0.18868212345133725,0.27670905957531133,-0.35366763331627293,0.7310318802189475,0.9973696164570588,False
MCTP2,RNA,2,2w,"trained, F+M pooled",0.5110677509898615,0.2521902455483654,0.01677486971506531,1.0053606322646575,0.9557088413913708,False
METTL9,RNA,2,2w,"trained, F+M pooled",-0.12090015464825686,0.07795271889782289,-0.27368748368798973,0.031887174391475995,0.9934648698188544,False
MGST1,RNA,2,2w,"trained, F+M pooled",0.06270860980062475,0.16776029469291226,-0.2661015677974833,0.3915187873987328,0.9973696164570588,False
MKI67,RNA,2,2w,"trained, F+M pooled",0.24184758141028462,0.20848814645868508,-0.16678918564873813,0.6504843484693074,0.9934648698188544,False
MKNK1,RNA,2,2w,"trained, F+M pooled",0.02733054657022736,0.06232810572442542,-0.09483254064964645,0.14949363379010117,0.9973696164570588,False
MMRN1,RNA,2,2w,"trained, F+M pooled",0.293880238759311,0.2639075811070063,-0.22337862021042132,0.8111390977290434,0.9973696164570588,False
MRC1,RNA,2,2w,"trained, F+M pooled",0.009471691015978508,0.08117494936479337,-0.1496312097390165,0.1685745917709735,0.9945200805235908,False
MRPL53,RNA,2,2w,"trained, F+M pooled",0.5427977918523161,0.20860646547242778,0.13392911952635767,0.9516664641782746,0.5163396380257905,False
MRVI1,RNA,2,2w,"trained, F+M pooled",0.27071436350493816,0.09658013527322948,0.08141729836940839,0.46001142864046796,0.579794556456397,False
MS4A4A,RNA,2,2w,"trained, F+M pooled",0.8109542567379054,0.38577526780570126,0.054834731838731,1.5670737816370799,0.9098007531915252,False
MSRA,RNA,2,2w,"trained, F+M pooled",-0.068751617678956,0.12419762706891577,-0.3121789667340309,0.17467573137611891,0.9938303592177414,False
MSRB1,RNA,2,2w,"trained, F+M pooled",-0.1603149798676412,0.05474311658256226,-0.26761148836946325,-0.05301847136581918,0.6475274392579038,False
MT2A,RNA,2,2w,"trained, F+M pooled",0.050050374065596724,0.18744516168192216,-0.31734214283097073,0.41744289096216414,0.9934648698188544,False
MTF1,RNA,2,2w,"trained, F+M pooled",0.3134671348070307,0.1492259128281978,0.020984345663763004,0.6059499239502983,0.8442190008131125,False
MTX1,RNA,2,2w,"trained, F+M pooled",-0.1306703258253545,0.07363952559516697,-0.27500379599188174,0.013663144341172745,0.9795320807084732,False
NABP1,RNA,2,2w,"trained, F+M pooled",0.0858695098721233,0.1312458159767659,-0.17137228944233787,0.3431113091865845,0.9973696164570588,False
NCAPG2,RNA,2,2w,"trained, F+M pooled",0.12470568822217395,0.23049976345649953,-0.3270738481525651,0.576485224596913,0.9973696164570588,False
NCF4,RNA,2,2w,"trained, F+M pooled",-0.161337514212847,0.1912467875898861,-0.5361812178890237,0.21350618946332975,0.9973696164570588,False
NEXN,RNA,2,2w,"trained, F+M pooled",0.0232417055622558,0.04049671309189017,-0.05613185209784893,0.10261526322236053,0.9802081387566794,False
NFIL3,RNA,2,2w,"trained, F+M pooled",0.21509160681479617,0.1322730343042305,-0.04416354042149562,0.47434675405108795,0.9338742296650592,False
NLRC4,RNA,2,2w,"trained, F+M pooled",-0.35188464608525766,0.3576579328719378,-1.0528941945142558,0.34912490234374044,0.9934648698188544,False
NPL,RNA,2,2w,"trained, F+M pooled",0.11869102824750191,0.13731735011305332,-0.1504509779740826,0.38783303446908646,0.9459995710844674,False
NQO2,RNA,2,2w,"trained, F+M pooled",-0.041153285807533135,0.09039491490598128,-0.21832731902325644,0.13602074740819017,0.9973696164570588,False
NR1D2,RNA,2,2w,"trained, F+M pooled",0.04422816760466683,0.05225906184198309,-0.05819959360562002,0.14665592881495368,0.9934648698188544,False
NRIP1,RNA,2,2w,"trained, F+M pooled",-0.04540978946525645,0.10417419054101099,-0.24959120292563797,0.15877162399512507,0.9934648698188544,False
NRN1,RNA,2,2w,"trained, F+M pooled",0.24617697472228522,0.4556460065291157,-0.6468891980747815,1.1392431475193519,0.9973696164570588,False
NTNG2,RNA,2,2w,"trained, F+M pooled",0.11544140159496362,0.09412430318538632,-0.06904223264839358,0.2999250358383208,0.9934648698188544,False
NUMB,RNA,2,2w,"trained, F+M pooled",0.041457479384019724,0.08513452942625778,-0.12540619829144553,0.20832115705948498,0.991950752975209,False
NUSAP1,RNA,2,2w,"trained, F+M pooled",-0.1732071741742041,0.35169346553627756,-0.862526366625308,0.5161120182768999,0.9934648698188544,False
OPHN1,RNA,2,2w,"trained, F+M pooled",0.061847414601158876,0.09927598055686876,-0.13273350729030386,0.25642833649262164,0.9973696164570588,False
PAPSS2,RNA,2,2w,"trained, F+M pooled",0.11664330315453969,0.08976519849609593,-0.05929648589780834,0.2925830922068877,0.9802081387566794,False
PCDH9,RNA,2,2w,"trained, F+M pooled",-0.03137569438001713,0.35124312697576704,-0.7198122232525205,0.6570608344924863,0.9973696164570588,False
PCMTD2,RNA,2,2w,"trained, F+M pooled",0.06991267146574476,0.0587142477893097,-0.04516725420130224,0.18499259713279176,0.9934648698188544,False
PFKFB3,RNA,2,2w,"trained, F+M pooled",0.435352706491183,0.2094853055618357,0.024761507589985077,0.845943905392381,0.919593548274684,False
PGS1,RNA,2,2w,"trained, F+M pooled",-0.06576128333858688,0.06379134932717184,-0.1907923280198437,0.059269761342669924,0.9802081387566794,False
PHTF1,RNA,2,2w,"trained, F+M pooled",0.19449116181992643,0.11221001752541475,-0.025440472529886488,0.4144227961697393,0.6219497800506295,False
PLA2G4A,RNA,2,2w,"trained, F+M pooled",-0.10670596705251008,0.14895735647371783,-0.398662385740997,0.18525045163597686,0.9934648698188544,False
PLBD1,RNA,2,2w,"trained, F+M pooled",-0.013014034275508764,0.04875566513897418,-0.10857513794789816,0.08254706939688064,0.9934648698188544,False
PLEKHN1,RNA,2,2w,"trained, F+M pooled",0.0677746764832407,0.16598793687086352,-0.2575616797836518,0.3931110327501332,0.9934648698188544,False
PLEKHO2,RNA,2,2w,"trained, F+M pooled",-0.1064389368395179,0.10469683911521353,-0.31164474150533644,0.09876686782630063,0.8936015303584584,False
PLP2,RNA,2,2w,"trained, F+M pooled",-0.2457099628858074,0.07117567268145676,-0.3852142813414626,-0.10620564443015215,0.6159233410901083,False
PLSCR1,RNA,2,2w,"trained, F+M pooled",0.0010782082390923715,0.18865698159484873,-0.3686894756868111,0.37084589216499586,0.9934648698188544,False
PLXNC1,RNA,2,2w,"trained, F+M pooled",-0.5222433728370047,0.1871903915051965,-0.8891365401871898,-0.1553502054868196,0.8004061775819982,False
PPP1R15A,RNA,2,2w,"trained, F+M pooled",-0.25156623188668636,0.09757601513545518,-0.4428152215521785,-0.06031724222119422,0.859270442131403,False
PPP1R3B,RNA,2,2w,"trained, F+M pooled",-0.04285855758016271,0.15548461928187252,-0.3476084113726328,0.2618912962123074,0.9973696164570588,False
PPP1R3D,RNA,2,2w,"trained, F+M pooled",0.11820334526192207,0.08594142898462476,-0.05024185554794246,0.2866485460717866,0.9934648698188544,False
PRC1,RNA,2,2w,"trained, F+M pooled",0.13259717530377735,0.3370132418753847,-0.5279487787719765,0.7931431293795312,0.9934648698188544,False
PRF1,RNA,2,2w,"trained, F+M pooled",-0.41161508833926713,0.3404855228545005,-1.078966713134088,0.2557365364555539,0.9802081387566794,False
PRKACB,RNA,2,2w,"trained, F+M pooled",-0.027251321344411845,0.06469335410417078,-0.15405029538858658,0.09954765269976289,0.9934648698188544,False
PRKCD,RNA,2,2w,"trained, F+M pooled",0.14533622972748686,0.13498093428923638,-0.11922640147941646,0.4098988609343902,0.9802081387566794,False
PROS1,RNA,2,2w,"trained, F+M pooled",0.03178036192146541,0.117006348647294,-0.19755208142723082,0.2611128052701617,0.9934648698188544,False
PRSS23,RNA,2,2w,"trained, F+M pooled",0.02574201358660572,0.05845909734633671,-0.08883781721221423,0.14032184438542566,0.9973696164570588,False
PSTPIP2,RNA,2,2w,"trained, F+M pooled",-0.04007871902987122,0.05201667455763345,-0.14203140116283278,0.06187396310309034,0.9973696164570588,False
PTGS2,RNA,2,2w,"trained, F+M pooled",-0.19004656642950518,0.36691737132256225,-0.9092046142217272,0.5291114813627169,0.9934648698188544,False
PYGL,RNA,2,2w,"trained, F+M pooled",-0.2736085177438775,0.25275434385352075,-0.7690070316967781,0.22178999620902312,0.974129288147714,False
QPCT,RNA,2,2w,"trained, F+M pooled",-0.39171630333051116,0.2726688284970666,-0.9261472071847616,0.14271460052373935,0.7914412149738904,False
RAB13,RNA,2,2w,"trained, F+M pooled",0.11372914046295567,0.19688786406333886,-0.2721710731011885,0.49962935402709985,0.9934648698188544,False
RAB20,RNA,2,2w,"trained, F+M pooled",-0.04436627726409845,0.07624803364801788,-0.1938124232142135,0.1050798686860166,0.9934648698188544,False
RAB31,RNA,2,2w,"trained, F+M pooled",-0.09362592302274426,0.08960610620898063,-0.2692538911923463,0.08200204514685776,0.9338742296650592,False
RAB32,RNA,2,2w,"trained, F+M pooled",-0.2720448182171188,0.17355154364826303,-0.6122058437677143,0.06811620733347673,0.94230969503748,False
RACGAP1,RNA,2,2w,"trained, F+M pooled",0.037066152831678155,0.4149391147087043,-0.7762145119973823,0.8503468176607386,0.9934648698188544,False
RBL2,RNA,2,2w,"trained, F+M pooled",0.031412424184643004,0.047060983490482024,-0.06082710345670177,0.12365195182598777,0.9973696164570588,False
RBPJ,RNA,2,2w,"trained, F+M pooled",-0.042957903566057484,0.05204625868836323,-0.14496857059524942,0.059052763463134456,0.9973696164570588,False
RC3H1,RNA,2,2w,"trained, F+M pooled",0.1750930798647163,0.05776164440378883,0.06188025683329021,0.28830590289614244,0.6217500170877035,False
RETN,RNA,2,2w,"trained, F+M pooled",0.12647976363231278,0.5629321376495706,-0.9768672261608458,1.2298267534254712,0.9973696164570588,False
RGL1,RNA,2,2w,"trained, F+M pooled",-0.010453494196904346,0.07798317414450791,-0.16330051552013983,0.14239352712633116,0.9934648698188544,False
RNASE2,RNA,2,2w,"trained, F+M pooled",0.11110345534254357,0.2873519700635797,-0.4521064059820727,0.6743133166671598,0.9973696164570588,False
RNASE4,RNA,2,2w,"trained, F+M pooled",0.00469537017395209,0.11711424178905057,-0.22484854373258703,0.2342392840804912,0.991950752975209,False
RRAGD,RNA,2,2w,"trained, F+M pooled",-0.013203431897690847,0.04778776425119518,-0.1068674498300334,0.0804605860346517,0.9973696164570588,False
RRM2,RNA,2,2w,"trained, F+M pooled",-0.009910252863266186,0.2665419505974357,-0.5323324760342402,0.5125119703077078,0.9973696164570588,False
RTN1,RNA,2,2w,"trained, F+M pooled",0.010453463768590474,0.09497698053222375,-0.1757014180745681,0.19660834561174903,0.9973696164570588,False
S100A9,RNA,2,2w,"trained, F+M pooled",-0.3541992471062325,0.5540029456334724,-1.4400450205478383,0.7316465263353733,0.9934648698188544,False
SAMSN1,RNA,2,2w,"trained, F+M pooled",-0.4005433835866791,0.4075859386223423,-1.1994118232864701,0.3983250561131118,0.9934648698188544,False
SEC24D,RNA,2,2w,"trained, F+M pooled",-0.08071435018955322,0.10419657232068802,-0.28493963193810173,0.12351093155899528,0.8570125244346989,False
SELENBP1,RNA,2,2w,"trained, F+M pooled",-0.2675150094786776,0.11570395141044823,-0.49429475424315616,-0.04073526471419911,0.4120717461739238,False
SELP,RNA,2,2w,"trained, F+M pooled",0.09541135205877743,0.25334324606295555,-0.4011414102246154,0.5919641143421703,0.9973696164570588,False
SEMA4A,RNA,2,2w,"trained, F+M pooled",-0.1115598298222725,0.14789863119381594,-0.4014411469621517,0.17832148731760675,0.9934648698188544,False
SERPINB1,RNA,2,2w,"trained, F+M pooled",-0.06240967065809828,0.15996438324590745,-0.3759398618200769,0.25112052050388034,0.9973696164570588,False
SERPING1,RNA,2,2w,"trained, F+M pooled",-0.01869402571934589,0.07228662574085262,-0.16037581217141703,0.12298776073272524,0.9934648698188544,False
SIGLEC1,RNA,2,2w,"trained, F+M pooled",0.27326168473264967,0.1322577695232499,0.01403645646707985,0.5324869129982195,0.8905441422605771,False
SIPA1L2,RNA,2,2w,"trained, F+M pooled",0.025764564526664032,0.08369270745101876,-0.1382731420773327,0.18980227113066078,0.9973696164570588,False
SLA,RNA,2,2w,"trained, F+M pooled",0.6439281017881409,0.2547494226131369,0.1446192334663926,1.1432369701098892,0.920785280037108,False
SLAMF7,RNA,2,2w,"trained, F+M pooled",0.11895041624272804,0.38534131058308024,-0.6363185525001092,0.8742193849855653,0.9934648698188544,False
SLC11A1,RNA,2,2w,"trained, F+M pooled",-0.10721830472058833,0.20171436311599739,-0.5025784564279432,0.2881418469867666,0.9934648698188544,False
SLC16A10,RNA,2,2w,"trained, F+M pooled",-0.15604153248216246,0.08259320254131991,-0.3179242094631495,0.0058411444988245576,0.9934648698188544,False
SLC16A3,RNA,2,2w,"trained, F+M pooled",0.042591320166617486,0.05476410759470814,-0.06474633071901047,0.14992897105224545,0.9934648698188544,False
SLC16A6,RNA,2,2w,"trained, F+M pooled",-0.43336494215573834,0.13292419301402167,-0.6938963604632208,-0.1728335238482559,0.662553229124522,False
SLC22A15,RNA,2,2w,"trained, F+M pooled",-0.4652519635003945,0.1999359820574789,-0.8571264883330532,-0.07337743866773588,0.9344695332186008,False
SLC26A8,RNA,2,2w,"trained, F+M pooled",0.1472735577124334,0.17321624671505106,-0.1922302858490667,0.4867774012739335,0.9960463275791284,False
SLC2A3,RNA,2,2w,"trained, F+M pooled",0.25507038176979485,0.13920953016203272,-0.017780297347789298,0.527921060887379,0.8272422819279075,False
SLC37A3,RNA,2,2w,"trained, F+M pooled",-0.07118754284042146,0.08394234480351702,-0.23571453865531483,0.0933394529744719,0.9934648698188544,False
SLPI,RNA,2,2w,"trained, F+M pooled",0.24024904986400525,0.38600259231640355,-0.5163160310761457,0.9968141308041563,0.9934648698188544,False
SNCA,RNA,2,2w,"trained, F+M pooled",-0.14060045465774693,0.363094526204829,-0.8522657260192118,0.5710648167037179,0.9973696164570588,False
SOCS3,RNA,2,2w,"trained, F+M pooled",-0.3098104169387056,0.2694344693228596,-0.8379019768115104,0.21828114293409917,0.9934648698188544,False
SOD2,RNA,2,2w,"trained, F+M pooled",0.11175985269334694,0.04496187536064797,0.023634576986476932,0.19988512840021694,0.6159233410901083,False
SORT1,RNA,2,2w,"trained, F+M pooled",0.09861483127232654,0.071260501796724,-0.04105575224925248,0.23828541479390555,0.9934648698188544,False
SPON2,RNA,2,2w,"trained, F+M pooled",0.14819045595375574,0.1788846140199979,-0.2024233875254401,0.49880429943295157,0.9934648698188544,False
SRPK1,RNA,2,2w,"trained, F+M pooled",0.008165533348073128,0.051323895322359016,-0.09242930148375054,0.1087603681798968,0.9973696164570588,False
SRSF6,RNA,2,2w,"trained, F+M pooled",-0.015653337769067407,0.051450855281786015,-0.116497014121368,0.08519033858323317,0.9973696164570588,False
ST6GALNAC3,RNA,2,2w,"trained, F+M pooled",-0.0884174362126968,0.2787657707109393,-0.6347983468061378,0.45796347438074414,0.9965040406506946,False
TECPR2,RNA,2,2w,"trained, F+M pooled",0.1879441640208737,0.09443215681568967,0.002857136662121923,0.3730311913796255,0.8927037415469476,False
TGFB1I1,RNA,2,2w,"trained, F+M pooled",0.17508010040743746,0.11827806622691919,-0.056744909397324156,0.4069051102121991,0.9934648698188544,False
TGFBR3,RNA,2,2w,"trained, F+M pooled",0.061712181476886854,0.07512923656642692,-0.08554112219330991,0.20896548514708363,0.9934648698188544,False
THBD,RNA,2,2w,"trained, F+M pooled",-0.0037199284962833624,0.0787840808353134,-0.15813672693349762,0.1506968699409309,0.9934648698188544,False
THBS1,RNA,2,2w,"trained, F+M pooled",0.027996239145898383,0.19117388775590524,-0.3467045808556759,0.40269705914747267,0.9973696164570588,False
TIMP1,RNA,2,2w,"trained, F+M pooled",-0.15913090184252598,0.17641194723763154,-0.5048983184282838,0.18663651474323184,0.9934648698188544,False
TLE3,RNA,2,2w,"trained, F+M pooled",-0.07361893857813832,0.08658903157894053,-0.24333344047286176,0.09609556331658513,0.9935747020579678,False
TLR2,RNA,2,2w,"trained, F+M pooled",-0.4600142893322314,0.2684630169457956,-0.9862018025459907,0.06617322388152796,0.9933279266221487,False
TLR4,RNA,2,2w,"trained, F+M pooled",-0.1584685089391591,0.15862979647104286,-0.46938291002240307,0.15244589214408488,0.9795320807084732,False
TLR5,RNA,2,2w,"trained, F+M pooled",-0.0303604971698597,0.11513759965388135,-0.25603019249146713,0.19530919815174774,0.9973696164570588,False
TLR8,RNA,2,2w,"trained, F+M pooled",0.009746517738306747,0.18143411938773554,-0.3458643562616549,0.3653573917382684,0.9951064058771788,False
TM6SF1,RNA,2,2w,"trained, F+M pooled",-0.0014511313641607747,0.12317666695394669,-0.2428773985938963,0.23997513586557473,0.9973696164570588,False
TMEM120A,RNA,2,2w,"trained, F+M pooled",-0.01689627095037583,0.07958471732143367,-0.17288231690038583,0.13908977499963418,0.9934648698188544,False
TMEM158,RNA,2,2w,"trained, F+M pooled",-0.12823886707182325,0.23282536616145574,-0.5845765847482765,0.32809885060463,0.9802081387566794,False
TMEM176A,RNA,2,2w,"trained, F+M pooled",0.08592498704770214,0.10917430332349336,-0.12805664746634482,0.29990662156174913,0.9973696164570588,False
TMEM176B,RNA,2,2w,"trained, F+M pooled",0.06980532828155671,0.08784675427026158,-0.10237431008815596,0.2419849666512694,0.9973696164570588,False
TMEM185B,RNA,2,2w,"trained, F+M pooled",0.10229372926716439,0.08423015583811072,-0.06279737617553262,0.2673848347098614,0.8381998501366337,False
TMEM260,RNA,2,2w,"trained, F+M pooled",0.0006698349233200497,0.09187754154057189,-0.17941014649620085,0.18074981634284093,0.9934648698188544,False
TMEM45B,RNA,2,2w,"trained, F+M pooled",0.4236412037227767,0.2163260170409701,-0.00035778967752470026,0.847640197123078,0.8442190008131125,False
TOP2A,RNA,2,2w,"trained, F+M pooled",-0.3329614220697188,0.27086981330075655,-0.8638662561392016,0.19794341199976406,0.9960463275791284,False
TP53I3,RNA,2,2w,"trained, F+M pooled",-0.008917186913310624,0.06390592889406412,-0.1341728075456763,0.11633843371905504,0.9973696164570588,False
TPX2,RNA,2,2w,"trained, F+M pooled",-0.1512232701633201,0.1907649087492816,-0.525122491311912,0.22267595098527182,0.9338742296650592,False
TSHZ3,RNA,2,2w,"trained, F+M pooled",-0.09603506603634922,0.10176952789690052,-0.29550334071427425,0.1034332086415758,0.9338742296650592,False
TSPAN13,RNA,2,2w,"trained, F+M pooled",0.003120998259704215,0.06490297071149126,-0.12408882433481866,0.1303308208542271,0.9685301969887272,False
TSPO,RNA,2,2w,"trained, F+M pooled",0.027652051005597218,0.11922701161262066,-0.20603289175513925,0.2613369937663337,0.9973696164570588,False
TUBG1,RNA,2,2w,"trained, F+M pooled",0.0781574466974481,0.048521817619075876,-0.01694531583594061,0.17326020923083682,0.9557088413913708,False
TUFT1,RNA,2,2w,"trained, F+M pooled",0.37497295676179937,0.2556522615365529,-0.12610547584984427,0.876051389373443,0.920361812491875,False
TXN,RNA,2,2w,"trained, F+M pooled",-0.11411232674420083,0.0966433927026165,-0.30353337644132916,0.07530872295292751,0.9934648698188544,False
UGCG,RNA,2,2w,"trained, F+M pooled",-0.11832449780956404,0.06780437946882695,-0.25122108156846484,0.014572085949336774,0.7969558134621143,False
UHRF1,RNA,2,2w,"trained, F+M pooled",-0.03395412138089988,0.18991618857840462,-0.4061898509945729,0.33828160823277315,0.9973696164570588,False
UPP1,RNA,2,2w,"trained, F+M pooled",0.01540050544621641,0.10869134220442692,-0.19763452527446035,0.22843553616689316,0.9934648698188544,False
VCAN,RNA,2,2w,"trained, F+M pooled",-0.2736961559425951,0.10413375913185255,-0.4777983238410261,-0.06959398804416411,0.3492543000392553,False
VIM,RNA,2,2w,"trained, F+M pooled",0.0006739195318098867,0.06523604403241644,-0.12718872677172632,0.12853656583534612,0.9973696164570588,False
VMP1,RNA,2,2w,"trained, F+M pooled",0.034905106028646424,0.05401379244398299,-0.07096192716156023,0.14077213921885307,0.9934648698188544,False
VNN1,RNA,2,2w,"trained, F+M pooled",0.10408395171507948,0.31915906736605537,-0.521467820322389,0.7296357237525479,0.9934648698188544,False
WDFY3,RNA,2,2w,"trained, F+M pooled",0.0583351389763216,0.04551617165262598,-0.03087655746282532,0.14754683541546854,0.9973696164570588,False
WSB1,RNA,2,2w,"trained, F+M pooled",-0.22215857106270717,0.11509760334655036,-0.44774987362194585,0.0034327314965315325,0.94230969503748,False
YIPF1,RNA,2,2w,"trained, F+M pooled",-0.04972977131596237,0.1198276438552796,-0.28459195327231035,0.18513241064038563,0.9934648698188544,False
ZCWPW2,RNA,2,2w,"trained, F+M pooled",-0.11789689903092036,0.2542811651680212,-0.6162879827602419,0.38049418469840113,0.9966528134258256,False
ZNF438,RNA,2,2w,"trained, F+M pooled",0.01446757629855898,0.1470714575399244,-0.27379248047969285,0.30272763307681083,0.9965040406506946,False
ZNF516,RNA,2,2w,"trained, F+M pooled",0.04079887317636146,0.08269509743336058,-0.12128351779302526,0.2028812641457482,0.9934648698188544,False
ZWINT,RNA,2,2w,"trained, F+M pooled",-0.012912774681669785,0.05320604941698153,-0.11719663153895357,0.09137108217561402,0.9934648698188544,False
ABHD2,RNA,4,4w,"trained, F+M pooled",0.011744257885950404,0.11759865935897597,-0.2187491144576425,0.2422376302295433,0.974200841076456,False
ACER3,RNA,4,4w,"trained, F+M pooled",-0.005595037750423748,0.12930484750637375,-0.2590325388629163,0.24784246336206878,0.951294486375192,False
ACOT13,RNA,4,4w,"trained, F+M pooled",0.14793734904244837,0.05434595640636861,0.0414192744859659,0.25445542359893086,0.5118536091122536,False
ACOX1,RNA,4,4w,"trained, F+M pooled",0.014703027831270081,0.03900350066046685,-0.06174383346324495,0.09114988912578512,0.95609804940182,False
ACSL1,RNA,4,4w,"trained, F+M pooled",0.12169015953616621,0.064536547763337,-0.004801474079974305,0.24818179315230673,0.9405086042182422,False
ADM,RNA,4,4w,"trained, F+M pooled",0.020813486346606454,0.12763714767048764,-0.2293553230875493,0.2709822957807622,0.953237888476221,False
AGO3,RNA,4,4w,"trained, F+M pooled",0.1672220090084152,0.11779943506087526,-0.06366488371090032,0.3981089017277307,0.9732948846213269,False
AKAP10,RNA,4,4w,"trained, F+M pooled",0.12347411685736835,0.07659977862280389,-0.026661449243327265,0.273609682958064,0.3146059662980209,False
ALOX5AP,RNA,4,4w,"trained, F+M pooled",0.09892879751607869,0.10637570466127631,-0.10956758362002289,0.3074251786521803,0.9759748154936542,False
ALPL,RNA,4,4w,"trained, F+M pooled",0.04054218509017771,0.09405142110339074,-0.14379860027246813,0.22488297045282354,0.9951143449736474,False
ALYREF,RNA,4,4w,"trained, F+M pooled",-0.11550243464908365,0.06719411279198322,-0.24720289572137077,0.016198026423203463,0.9353798657880652,False
ANKRD13A,RNA,4,4w,"trained, F+M pooled",0.009523070400720944,0.05448674514336943,-0.09727095008028314,0.11631709088172504,0.9914658481375528,False
ANLN,RNA,4,4w,"trained, F+M pooled",0.1661956651881907,0.3768666152806249,-0.572462900761834,0.9048542311382155,0.9952790387521236,False
ANXA3,RNA,4,4w,"trained, F+M pooled",0.0550879690087861,0.07947490309030901,-0.10068284104821956,0.21085877906579176,0.9502944174157678,False
AP5B1,RNA,4,4w,"trained, F+M pooled",0.07225325798030435,0.08090226525832639,-0.08631518192601537,0.23082169788662407,0.9484794275978662,False
ARG1,RNA,4,4w,"trained, F+M pooled",-0.4456087706237279,0.3334612064112796,-1.0991927351898358,0.20797519394238012,0.937112267566295,False
ARHGEF40,RNA,4,4w,"trained, F+M pooled",-0.06602777302721992,0.05243375716684529,-0.16879793707423668,0.03674239101979686,0.9559179690649188,False
ASCC2,RNA,4,4w,"trained, F+M pooled",0.13324667978226867,0.08495666804310034,-0.033268389582207986,0.29976174914674536,0.8923108909736676,False
ASPH,RNA,4,4w,"trained, F+M pooled",-0.037766381066324836,0.037283656518456006,-0.1108423478424986,0.035309585709848934,0.974691223620156,False
ATOX1,RNA,4,4w,"trained, F+M pooled",0.01607319893060512,0.07263019255552713,-0.12628197847822806,0.15842837633943832,0.974200841076456,False
ATP6V0E1,RNA,4,4w,"trained, F+M pooled",0.003370027649905902,0.0708939082201018,-0.13558203246149364,0.14232208776130545,0.974200841076456,False
ATP8B4,RNA,4,4w,"trained, F+M pooled",0.10964824452982636,0.2624583681504173,-0.40477015704499153,0.6240666461046442,0.974200841076456,False
ATXN1,RNA,4,4w,"trained, F+M pooled",-0.08167242675901985,0.04929203553058653,-0.17828481639896945,0.014939962880929747,0.576461462709154,False
AURKA,RNA,4,4w,"trained, F+M pooled",0.14592555331530518,0.20378883221179467,-0.2535005578198124,0.5453516644504227,0.9474239014434734,False
B4GALT5,RNA,4,4w,"trained, F+M pooled",-0.0015490373737527489,0.09743182615273994,-0.19251541663312305,0.18941734188561754,0.974691223620156,False
BASP1,RNA,4,4w,"trained, F+M pooled",0.019620110261697216,0.13618155980248609,-0.24729574695117548,0.2865359674745699,0.9914658481375528,False
BCAT1,RNA,4,4w,"trained, F+M pooled",-0.14580710939043648,0.18290272050092635,-0.5042964415722521,0.21268222279137913,0.9554855964393228,False
BCL2A1,RNA,4,4w,"trained, F+M pooled",-0.16885966604054276,0.3491397550217791,-0.8531735858832297,0.5154542538021443,0.9951143449736474,False
BCL6,RNA,4,4w,"trained, F+M pooled",0.016437143530244464,0.12451394816759824,-0.22761019487824807,0.260484481938737,0.9914658481375528,False
BMX,RNA,4,4w,"trained, F+M pooled",0.43543711399046503,0.423465122687908,-0.3945545264778346,1.2654287544587648,0.974200841076456,False
BPGM,RNA,4,4w,"trained, F+M pooled",-0.13869063461163153,0.03351706655879502,-0.20438408506686978,-0.0729971841563933,0.1103875659439506,False
BST1,RNA,4,4w,"trained, F+M pooled",-0.5765554480709134,0.3779412047278731,-1.3173202093375447,0.16420931319571785,0.8547498168378767,False
C15orf48,RNA,4,4w,"trained, F+M pooled",-0.12028959946986838,0.29058020855650296,-0.6898268082406142,0.44924760930087737,0.8661527200883291,False
C1QA,RNA,4,4w,"trained, F+M pooled",0.11133096801649077,0.07369367054986946,-0.03310862626125337,0.2557705622942349,0.8875448251740108,False
C1QB,RNA,4,4w,"trained, F+M pooled",0.18231582535922328,0.07132032621039393,0.042527985986851174,0.32210366473159535,0.7642864808748531,False
C1QC,RNA,4,4w,"trained, F+M pooled",0.11069505057076405,0.07790387420558859,-0.04199654287218958,0.2633866440137177,0.968917433627057,False
C3AR1,RNA,4,4w,"trained, F+M pooled",-0.004956550189537488,0.17822073330378604,-0.35426918746495817,0.34435608708588317,0.974200841076456,False
C3orf62,RNA,4,4w,"trained, F+M pooled",-0.6042202620447268,0.39180828066391804,-1.372164492146006,0.16372396805655254,0.6567289152883232,False
C8orf88,RNA,4,4w,"trained, F+M pooled",0.2961656076944765,0.3998824829081104,-0.48760405880541985,1.0799352741943729,0.9952790387521236,False
CA2,RNA,4,4w,"trained, F+M pooled",0.4481533802606334,0.08286339742874844,0.28574112130028645,0.6105656392209804,0.0013769166904613,True
CA4,RNA,4,4w,"trained, F+M pooled",0.18318322048290736,0.12706608091854382,-0.06586629811743852,0.4322327390832532,0.7973949790438221,False
CAPN3,RNA,4,4w,"trained, F+M pooled",0.010265681998364083,0.02886939292150852,-0.046318328127792616,0.06684969212452078,0.953237888476221,False
CARD6,RNA,4,4w,"trained, F+M pooled",-0.046616029786178875,0.07086341184245566,-0.18550831699739198,0.09227625742503423,0.9535169074986588,False
CCNA2,RNA,4,4w,"trained, F+M pooled",-0.010261219108795388,0.4815383588973698,-0.9540764025476401,0.9335539643300493,0.9952790387521236,False
CCNB1,RNA,4,4w,"trained, F+M pooled",-0.2947819473964228,0.43138651553307616,-1.140299517841252,0.5507356230484064,0.9571225368032094,False
CCR1,RNA,4,4w,"trained, F+M pooled",0.09081152741873852,0.14644097863126568,-0.19621279069854222,0.37783584553601923,0.9978048114103996,False
CD14,RNA,4,4w,"trained, F+M pooled",-0.02333236145579594,0.12653856041681788,-0.27134793987275896,0.2246832169611671,0.9267733672431812,False
CD163,RNA,4,4w,"trained, F+M pooled",0.2054166211883536,0.07741630126868065,0.053680670701739513,0.3571525716749677,0.2298803367204057,False
CD200,RNA,4,4w,"trained, F+M pooled",-0.01153942050694254,0.07183273945865623,-0.15233158984590875,0.12925274883202367,0.9484794275978662,False
CD274,RNA,4,4w,"trained, F+M pooled",-0.025191704444692608,0.12191430048086765,-0.2641437333871932,0.213760324497808,0.986634798161971,False
CD59,RNA,4,4w,"trained, F+M pooled",-0.11888942573033325,0.04087473491374559,-0.1990039061612746,-0.03877494529939189,0.4711109315282328,False
CD63,RNA,4,4w,"trained, F+M pooled",-0.04612534166360863,0.04215077257566096,-0.1287408559119041,0.036490172584686856,0.975866261908105,False
CDA,RNA,4,4w,"trained, F+M pooled",-0.1361404777808861,0.2572994699473385,-0.6404474388776695,0.3681664833158973,0.9743741773271936,False
CDC20,RNA,4,4w,"trained, F+M pooled",0.05485208795802809,0.2807641260134519,-0.4954455990283376,0.6051497749443938,0.9564803965743434,False
CEACAM1,RNA,4,4w,"trained, F+M pooled",-0.0573131531474186,0.15616549277636027,-0.36339751898908473,0.24877121269424757,0.974200841076456,False
CEBPA,RNA,4,4w,"trained, F+M pooled",0.029652030005107653,0.12861156643172014,-0.2224266402010638,0.2817307002112791,0.9864849559941656,False
CEBPD,RNA,4,4w,"trained, F+M pooled",0.4377446286198869,0.18384213234974914,0.07741404921437861,0.7980752080253952,0.4766507096907122,False
CFLAR,RNA,4,4w,"trained, F+M pooled",-0.036214562707740254,0.07328415651380507,-0.1798515094747982,0.10742238405931767,0.9813780013713732,False
CHST15,RNA,4,4w,"trained, F+M pooled",0.061571574826041926,0.1499438275383196,-0.23231832714906453,0.35546147680114837,0.9928667923292752,False
CHST2,RNA,4,4w,"trained, F+M pooled",-0.13893645625014905,0.2547800326614681,-0.6383053202666265,0.3604324077663284,0.9571225368032094,False
CKAP4,RNA,4,4w,"trained, F+M pooled",-0.04050864595408555,0.08197247792200293,-0.2011747026812113,0.12015741077304021,0.974200841076456,False
CLEC4D,RNA,4,4w,"trained, F+M pooled",-0.20860454225647285,0.2723566580686781,-0.7424235920710819,0.3252145075581362,0.7948346950666569,False
CLIC2,RNA,4,4w,"trained, F+M pooled",0.08560222095378187,0.09443217346872612,-0.09948483904492134,0.27068928095248507,0.9952790387521236,False
CLIC3,RNA,4,4w,"trained, F+M pooled",0.10701708553611636,0.11698350904191751,-0.12227059218604197,0.3363047632582747,0.9952790387521236,False
CMPK2,RNA,4,4w,"trained, F+M pooled",-0.04983951748144767,0.10306064686920098,-0.2518383853450816,0.15215935038218625,0.974691223620156,False
CNIH4,RNA,4,4w,"trained, F+M pooled",-0.01621127153692401,0.07012671948412001,-0.1536596417257992,0.1212370986519512,0.9848360684066256,False
COL6A3,RNA,4,4w,"trained, F+M pooled",-0.15390797550989627,0.0640857332919746,-0.2795160127621665,-0.028299938257626056,0.6217187274912811,False
COQ2,RNA,4,4w,"trained, F+M pooled",-0.06095703301705387,0.046175188824133365,-0.15146040311235526,0.02954633707824752,0.9105789580377928,False
CPA3,RNA,4,4w,"trained, F+M pooled",0.002165605853602129,0.143224616343671,-0.27855464217999304,0.28288585388719734,0.9952790387521236,False
CPD,RNA,4,4w,"trained, F+M pooled",0.012224386156403253,0.04360707517029316,-0.07324548117737133,0.09769425349017784,0.9710643529185332,False
CPEB4,RNA,4,4w,"trained, F+M pooled",0.05411029003715694,0.04558680479669423,-0.03523984736436376,0.14346042743867765,0.8575834735875617,False
CR1L,RNA,4,4w,"trained, F+M pooled",0.036009047083950384,0.05466903440878732,-0.07114226035727275,0.14316035452517353,0.9952790387521236,False
CREB5,RNA,4,4w,"trained, F+M pooled",-0.09936658224778416,0.11892832573919455,-0.3324661006966055,0.13373293620103716,0.953237888476221,False
CRISPLD2,RNA,4,4w,"trained, F+M pooled",-0.12311454519771786,0.07416415219683191,-0.2684762835035084,0.022247193108072688,0.8693283490932556,False
CSRNP1,RNA,4,4w,"trained, F+M pooled",0.1691897081857805,0.15298721649059258,-0.13066523613578096,0.46904465250734195,0.8547498168378767,False
CUX1,RNA,4,4w,"trained, F+M pooled",-0.015608579647574264,0.037731283831616926,-0.08956189595754344,0.058344736662394904,0.9925268838752628,False
CXXC5,RNA,4,4w,"trained, F+M pooled",-0.19388563234650172,0.07803850245650776,-0.3468410971612569,-0.040930167531746525,0.8256109581111097,False
CYP1B1,RNA,4,4w,"trained, F+M pooled",-0.052120349506856185,0.14654636966980827,-0.3393512340596804,0.23511053504596802,0.9543461931023456,False
CYSTM1,RNA,4,4w,"trained, F+M pooled",0.05134925633296934,0.08625103135568338,-0.11770276512417006,0.22040127779010876,0.9267733672431812,False
DAAM2,RNA,4,4w,"trained, F+M pooled",0.051242212640001325,0.14078270770858342,-0.22469189446882215,0.32717631974882483,0.9742608834365794,False
DACH1,RNA,4,4w,"trained, F+M pooled",-0.21973761986696969,0.23343216883220289,-0.6772646707780874,0.237789431044148,0.6764299300412058,False
DDX17,RNA,4,4w,"trained, F+M pooled",-0.0512520853689948,0.03530801782419021,-0.12045580030440761,0.017951629566418013,0.9732948846213269,False
DENND3,RNA,4,4w,"trained, F+M pooled",-0.04255102030152602,0.10053059349214072,-0.23959098354612182,0.15448894294306978,0.9878282604369824,False
DGAT2,RNA,4,4w,"trained, F+M pooled",0.07763693469112608,0.07213676829149654,-0.06375113116020713,0.21902500054245927,0.974200841076456,False
DHRS13,RNA,4,4w,"trained, F+M pooled",-0.06479308139562513,0.1606556134144913,-0.3796780836880281,0.25009192089677784,0.986089910422578,False
DHRS7B,RNA,4,4w,"trained, F+M pooled",0.06894330250091142,0.10189046552102235,-0.13076200992029235,0.2686486149221152,0.974200841076456,False
DLGAP5,RNA,4,4w,"trained, F+M pooled",0.09168684909849059,0.29162656571872375,-0.47990121971020794,0.6632749179071891,0.9914658481375528,False
DMXL2,RNA,4,4w,"trained, F+M pooled",0.040058552476672706,0.10256391205415623,-0.1609667151494735,0.2410838201028189,0.996420170138584,False
DNAJC3,RNA,4,4w,"trained, F+M pooled",0.08598285835438867,0.05659674210967037,-0.024946756180565258,0.1969124728893426,0.6005245253397236,False
DPY19L3,RNA,4,4w,"trained, F+M pooled",-0.11552923691349183,0.09948114373507981,-0.31051227863424824,0.07945380480726459,0.7294617415098861,False
DUSP3,RNA,4,4w,"trained, F+M pooled",0.02996549702165857,0.04111535675860199,-0.05062060222520133,0.11055159626851847,0.7632507279443683,False
DYSF,RNA,4,4w,"trained, F+M pooled",-0.10187253411426979,0.02843410449580829,-0.15760337892605403,-0.04614168930248554,0.0852608469579369,False
EBF1,RNA,4,4w,"trained, F+M pooled",0.13996792718006182,0.0893786693104117,-0.035214264668345124,0.3151501190284688,0.7972264450039163,False
EIF1AY,RNA,4,4w,"trained, F+M pooled",-0.09603822628411313,0.07882007450699335,-0.25052557231782013,0.05844911974959385,0.945833499551378,False
EIF4E3,RNA,4,4w,"trained, F+M pooled",-0.08123168698724323,0.05791208672945273,-0.19473937697697058,0.03227600300248412,0.7843779830772066,False
ELL,RNA,4,4w,"trained, F+M pooled",-0.015316769543494828,0.07324489055676332,-0.15887675503475096,0.12824321594776128,0.974691223620156,False
EMP1,RNA,4,4w,"trained, F+M pooled",-0.053101483503474885,0.07970353709867141,-0.20932041621687084,0.10311744920992108,0.9564803965743434,False
ERLIN1,RNA,4,4w,"trained, F+M pooled",0.016668201036796216,0.07540088473457514,-0.13111753304297105,0.1644539351165635,0.9878282604369824,False
ETS2,RNA,4,4w,"trained, F+M pooled",0.06751171934555755,0.07495382982648428,-0.07939778711435164,0.21442122580546674,0.9732948846213269,False
EZH2,RNA,4,4w,"trained, F+M pooled",-0.04487882778768056,0.1455386795688733,-0.3301346397426722,0.2403769841673111,0.996420170138584,False
F5,RNA,4,4w,"trained, F+M pooled",-0.07376887442508334,0.30969975687840673,-0.6807803979067606,0.5332426490565938,0.953237888476221,False
F8,RNA,4,4w,"trained, F+M pooled",0.04444399438990299,0.05278567482382208,-0.05901592826478828,0.14790391704459427,0.974691223620156,False
FAM126B,RNA,4,4w,"trained, F+M pooled",0.01801021709593744,0.0932427413370863,-0.16474555592475168,0.20076599011662657,0.957213173777773,False
FAM20A,RNA,4,4w,"trained, F+M pooled",0.21925186614870928,0.1379862447273215,-0.05120117351684084,0.4897049058142594,0.8013716823639851,False
FBXO6,RNA,4,4w,"trained, F+M pooled",0.1948212834372401,0.04743617384228234,0.1018463827063667,0.2877961841681135,0.1011194253463809,False
FEM1C,RNA,4,4w,"trained, F+M pooled",-0.08582048819348723,0.0651788679003949,-0.21357106927826122,0.04193009289128677,0.3817871219523497,False
FEZ1,RNA,4,4w,"trained, F+M pooled",-0.2799644754660585,0.20439564281921335,-0.6805799353917167,0.12065098445959965,0.6151505357766137,False
FGD4,RNA,4,4w,"trained, F+M pooled",0.11891199153707413,0.12374112987839256,-0.12362062302457527,0.36144460609872353,0.9267733672431812,False
FGF13,RNA,4,4w,"trained, F+M pooled",-0.12990746568135464,0.07689990567511662,-0.2806312808045832,0.020816349441873938,0.6843370396512319,False
FHL2,RNA,4,4w,"trained, F+M pooled",-0.365418158984036,0.23482287011665748,-0.8256709844126846,0.09483466644461264,0.974691223620156,False
FKBP5,RNA,4,4w,"trained, F+M pooled",0.07505368891376323,0.08849311669827031,-0.09839281981484659,0.24850019764237302,0.9697534590696676,False
FKBP9,RNA,4,4w,"trained, F+M pooled",0.07581627246271194,0.06091860789419463,-0.04358419900990952,0.1952167439353334,0.9267733672431812,False
FLOT1,RNA,4,4w,"trained, F+M pooled",-0.0069066807491266575,0.035273453620160794,-0.07604264984464182,0.0622292883463885,0.974200841076456,False
FLOT2,RNA,4,4w,"trained, F+M pooled",-0.09618571653532823,0.03423958045058909,-0.16329529421848285,-0.02907613885217361,0.3569508916749915,False
FLT3,RNA,4,4w,"trained, F+M pooled",-0.010283661401654284,0.30222979436431596,-0.6026540583557135,0.582086735552405,0.9992867763843644,False
FNDC3B,RNA,4,4w,"trained, F+M pooled",-0.022205831082772874,0.06500850480764131,-0.14962250050574985,0.10521083834020409,0.9964226874855108,False
FOS,RNA,4,4w,"trained, F+M pooled",-0.7880193463555423,0.3333040481933755,-1.4412952808145583,-0.13474341189652628,0.2605004889401359,False
FOSL2,RNA,4,4w,"trained, F+M pooled",0.07133519698684178,0.21998983663525762,-0.35984488281826316,0.5025152767919467,0.974200841076456,False
FOXM1,RNA,4,4w,"trained, F+M pooled",-0.14405201732626777,0.26306551860996746,-0.659660433801804,0.37155639914926847,0.974200841076456,False
FRMD4B,RNA,4,4w,"trained, F+M pooled",0.030953125458177962,0.09279811833954449,-0.15093118648732923,0.21283743740368516,0.9799054846551832,False
G0S2,RNA,4,4w,"trained, F+M pooled",0.4951003591869659,0.258706598195579,-0.011964573276368962,1.0021652916503008,0.5459450905058785,False
GADD45A,RNA,4,4w,"trained, F+M pooled",0.3008620035592335,0.09048472999371299,0.12351193277155603,0.47821207434691093,0.066953049731271,False
GAS7,RNA,4,4w,"trained, F+M pooled",-0.25565591569307805,0.07864690523512079,-0.4098038499539148,-0.10150798143224132,0.334675288206639,False
GBP1,RNA,4,4w,"trained, F+M pooled",0.02009240005472946,0.17537054702279725,-0.32363387210995315,0.36381867221941205,0.884878038567345,False
GGH,RNA,4,4w,"trained, F+M pooled",-0.11928889720369758,0.11075015826259803,-0.3363592073983897,0.09778141299099456,0.855913908322244,False
GM2A,RNA,4,4w,"trained, F+M pooled",-0.12166769206124295,0.07601538185275937,-0.2706578404926513,0.02732245637016542,0.7599265064425255,False
GNG8,RNA,4,4w,"trained, F+M pooled",0.03134695043780242,0.32689264604300433,-0.6093626358064861,0.672056536682091,0.9960648157576032,False
GNS,RNA,4,4w,"trained, F+M pooled",-0.2682032275262155,1.7394299105216346,-3.677485852148619,3.1410793970961883,0.7509582995862234,False
GPRIN3,RNA,4,4w,"trained, F+M pooled",0.22001652067312447,0.2375215923919567,-0.24552580041511066,0.6855588417613596,0.9753210739448432,False
GRAMD1A,RNA,4,4w,"trained, F+M pooled",-0.049274856657570996,0.049812534253782105,-0.14690742379498392,0.04835771047984192,0.9418923196005348,False
GRB10,RNA,4,4w,"trained, F+M pooled",-0.018431038519103018,0.05524289316585753,-0.12670710912418376,0.08984503208597773,0.9951143449736474,False
GYG1,RNA,4,4w,"trained, F+M pooled",-0.015765563914314964,0.03506707445852793,-0.0844970298530297,0.05296590202439977,0.953237888476221,False
H2BC11,RNA,4,4w,"trained, F+M pooled",0.19267460329010397,0.3197388501871062,-0.4340135430766241,0.8193627496568321,0.9951143449736474,False
HDAC4,RNA,4,4w,"trained, F+M pooled",0.052788139140343915,0.0723484077261819,-0.0890147400029726,0.19459101828366043,0.4252104052414794,False
HGF,RNA,4,4w,"trained, F+M pooled",-0.015306881104641857,0.1731743242894409,-0.35472855671194603,0.32411479450266234,0.9757264256679192,False
HIP1,RNA,4,4w,"trained, F+M pooled",-0.09858796958669988,0.051359444674987036,-0.19925248114967448,0.002076541976274701,0.7799494926204202,False
HLA-DQA1,RNA,4,4w,"trained, F+M pooled",-0.19702094439170986,0.09027356375144953,-0.37395712934455094,-0.020084759438868782,0.6985356547028084,False
HMMR,RNA,4,4w,"trained, F+M pooled",-0.07077878730986861,0.2235829881825322,-0.5090014441476317,0.36744386952789443,0.9526561906257116,False
HMOX1,RNA,4,4w,"trained, F+M pooled",0.11790938413799146,0.11241925038706622,-0.10243234662065834,0.3382511148966413,0.9571225368032094,False
HP,RNA,4,4w,"trained, F+M pooled",-0.2495710723917452,0.3556530315733317,-0.9466510142754754,0.44750886949198493,0.936944158467084,False
HPSE,RNA,4,4w,"trained, F+M pooled",0.22144463823038701,0.1914947228701248,-0.1538850185950576,0.5967742950558317,0.974691223620156,False
HS3ST1,RNA,4,4w,"trained, F+M pooled",-0.018063080476551387,0.12729842743551972,-0.26756799825017,0.23144183729706727,0.974200841076456,False
HSPA1A,RNA,4,4w,"trained, F+M pooled",-0.4952576322441293,0.20532185615345144,-0.8976884703048941,-0.09282679418336448,0.8256109581111097,False
HSPA1B,RNA,4,4w,"trained, F+M pooled",-0.4952576322441293,0.20532185615345144,-0.8976884703048941,-0.09282679418336448,0.8256109581111097,False
IER3,RNA,4,4w,"trained, F+M pooled",-0.11641899845958857,0.16996162521657907,-0.44954378388408356,0.2167057869649064,0.8195807435504631,False
IFI27,RNA,4,4w,"trained, F+M pooled",-0.07809412786543772,0.044588583666638745,-0.16548775185204967,0.009299496121174214,0.4805798790493603,False
IFI44,RNA,4,4w,"trained, F+M pooled",0.30033117913614066,0.12338978979874228,0.0584871911306058,0.5421751671416755,0.8471107599790919,False
IFI44L,RNA,4,4w,"trained, F+M pooled",-0.5911183915216909,0.26303630303328607,-1.1066695454669315,-0.07556723757645023,0.7002163894226775,False
IFRD1,RNA,4,4w,"trained, F+M pooled",-0.06377702781308323,0.07290301924980831,-0.2066669455427075,0.07911288991654106,0.974200841076456,False
IGF2R,RNA,4,4w,"trained, F+M pooled",-0.04935478728458451,0.03496357960964738,-0.11788340331949337,0.019173828750324355,0.8178760628881325,False
IL18RAP,RNA,4,4w,"trained, F+M pooled",0.026483995748871652,0.34901997404422164,-0.6575951533778028,0.7105631448755461,0.974200841076456,False
IL1B,RNA,4,4w,"trained, F+M pooled",-0.3464050825151966,0.49035190870649964,-1.307494823579936,0.6146846585495427,0.929519042416386,False
IL2RB,RNA,4,4w,"trained, F+M pooled",-0.25971100140745385,0.17181437031330368,-0.596467167221529,0.07704516440662135,0.6474899225842518,False
IRAK3,RNA,4,4w,"trained, F+M pooled",0.06543264955776756,0.08935782650634629,-0.10970869039467115,0.24057398951020628,0.9952790387521236,False
JUNB,RNA,4,4w,"trained, F+M pooled",-0.26868863429119694,0.08587263757506823,-0.4369990039383307,-0.10037826464406321,0.5511136991665632,False
KCNF1,RNA,4,4w,"trained, F+M pooled",0.6558734798559583,0.5649986669351881,-0.4515239073370102,1.7632708670489268,0.9614946143746648,False
KCTD14,RNA,4,4w,"trained, F+M pooled",-0.2538236960331605,0.26380317777167006,-0.7708779244656339,0.26323053239931277,0.9178610792986516,False
KDM5D,RNA,4,4w,"trained, F+M pooled",-0.0058202322197761,0.08750254565512615,-0.17732522170382334,0.16568475726427115,0.9952790387521236,False
KDM6B,RNA,4,4w,"trained, F+M pooled",-0.036276782258719144,0.052446789487889944,-0.13907248965498342,0.06651892513754515,0.9732948846213269,False
KIF11,RNA,4,4w,"trained, F+M pooled",-0.11607016220703278,0.35281988499513867,-0.8075971367975046,0.5754568123834389,0.9916564866203406,False
KIF1B,RNA,4,4w,"trained, F+M pooled",-0.02865091302143588,0.029928520980133114,-0.08731081414249678,0.030008988099625024,0.974200841076456,False
KIF20A,RNA,4,4w,"trained, F+M pooled",0.4654072115222165,0.2612964938816404,-0.046733916485798666,0.9775483395302316,0.4998142869839538,False
KIF4A,RNA,4,4w,"trained, F+M pooled",0.5221203982914017,0.41276927695436577,-0.2869073845391552,1.3311481811219585,0.634504536416281,False
KLRB1,RNA,4,4w,"trained, F+M pooled",-0.06756371231114458,0.35889168645665587,-0.7709914177661901,0.635863993143901,0.9524387583547486,False
KREMEN1,RNA,4,4w,"trained, F+M pooled",-0.006507234348541577,0.09904704790735426,-0.20063944824695593,0.18762497954987276,0.981117002786132,False
LGR6,RNA,4,4w,"trained, F+M pooled",0.0892893340198348,0.1850087974369041,-0.2733279089564972,0.4519065769961668,0.9645894831330624,False
LHFPL2,RNA,4,4w,"trained, F+M pooled",0.006687020281997585,0.1848861503714926,-0.35568983444612795,0.3690638750101231,0.996420170138584,False
LILRA5,RNA,4,4w,"trained, F+M pooled",0.1741226528947893,0.27887926172684624,-0.3724807000898293,0.7207260058794078,0.974691223620156,False
LIMK2,RNA,4,4w,"trained, F+M pooled",-0.1304458188552354,0.061221655972241856,-0.25044026456082946,-0.010451373149641369,0.6764299300412058,False
LMNB1,RNA,4,4w,"trained, F+M pooled",-0.14583382482073257,0.10409611716380165,-0.3498622144617838,0.05819456482031868,0.974691223620156,False
LONRF3,RNA,4,4w,"trained, F+M pooled",0.2810534150704578,0.1499650432438141,-0.012878069687417837,0.5749848998283333,0.456222360389687,False
LRG1,RNA,4,4w,"trained, F+M pooled",0.03980861248856076,0.09609522203166908,-0.14853802269351063,0.22815524767063217,0.9921821628753932,False
LRRN1,RNA,4,4w,"trained, F+M pooled",0.012542112549804519,0.20541299592627668,-0.39006735946569776,0.4151515845653068,0.9697534590696676,False
LRRN3,RNA,4,4w,"trained, F+M pooled",-0.1319607077895153,0.2733403114584372,-0.6677077182480522,0.4037863026690216,0.974200841076456,False
MAFB,RNA,4,4w,"trained, F+M pooled",-0.049750880125578205,0.19551614799495326,-0.4329625301956866,0.33346076994453017,0.9326035961934916,False
MAFF,RNA,4,4w,"trained, F+M pooled",-0.0053981276259933405,0.1376591428600406,-0.27521004763167295,0.26441379237968626,0.974200841076456,False
MAFG,RNA,4,4w,"trained, F+M pooled",0.029317103592162195,0.06119287049280417,-0.09062092257373398,0.14925512975805838,0.974200841076456,False
MAGOH,RNA,4,4w,"trained, F+M pooled",0.052344811784303516,0.08440400774414122,-0.11308704339421329,0.21777666696282033,0.95609804940182,False
MANSC1,RNA,4,4w,"trained, F+M pooled",0.1230055215370073,0.14737584504575485,-0.16585113475267219,0.41186217782668677,0.8249557575714758,False
MAP2K6,RNA,4,4w,"trained, F+M pooled",0.05363835711706526,0.05582884453490382,-0.05578617817134622,0.16306289240547672,0.974200841076456,False
MAPK14,RNA,4,4w,"trained, F+M pooled",0.016283660906870192,0.04463911537472301,-0.0712090052275869,0.10377632704132729,0.9680188154246254,False
MARCKS,RNA,4,4w,"trained, F+M pooled",-0.23430302144606568,0.10145287662569291,-0.43315065963242383,-0.03545538325970757,0.520410766720248,False
MCTP1,RNA,4,4w,"trained, F+M pooled",0.23174047633597109,0.26015743156906307,-0.27816808953939254,0.7416490422113347,0.9951143449736474,False
MCTP2,RNA,4,4w,"trained, F+M pooled",0.47947186982738904,0.23685635972428265,0.015233404767795056,0.9437103348869831,0.4252104052414794,False
METTL9,RNA,4,4w,"trained, F+M pooled",-0.09356275374288725,0.07211871043101478,-0.23491542618767622,0.04778991870190172,0.9700799759208968,False
MGST1,RNA,4,4w,"trained, F+M pooled",0.16765261825422548,0.15850846453800593,-0.14302397224026617,0.4783292087487171,0.9952790387521236,False
MKI67,RNA,4,4w,"trained, F+M pooled",0.17361361156850233,0.19857577584853991,-0.21559490909463588,0.5628221322316406,0.8249557575714758,False
MKNK1,RNA,4,4w,"trained, F+M pooled",-0.06740035764737629,0.05839729115788704,-0.1818590483168349,0.047058333022082316,0.974200841076456,False
MMRN1,RNA,4,4w,"trained, F+M pooled",-0.3447349076101079,0.25219177546693367,-0.8390307875252978,0.14956097230508208,0.7948346950666569,False
MRC1,RNA,4,4w,"trained, F+M pooled",0.06331894910523267,0.07657651325597126,-0.08677101687647099,0.21340891508693632,0.9564803965743434,False
MRPL53,RNA,4,4w,"trained, F+M pooled",-0.08055378238907547,0.09252773758342377,-0.26190814805258605,0.1008005832744351,0.7125623878796055,False
MRVI1,RNA,4,4w,"trained, F+M pooled",0.13314293029090526,0.09138625250982381,-0.045974124628349405,0.31225998521015996,0.8910789135191997,False
MS4A4A,RNA,4,4w,"trained, F+M pooled",0.7150959581447757,0.3666094337069281,-0.003458531920803365,1.4336504482103547,0.9243369828714416,False
MSRA,RNA,4,4w,"trained, F+M pooled",-0.07196659305271871,0.11617930228819992,-0.29967802553759054,0.15574483943215311,0.9564803965743434,False
MSRB1,RNA,4,4w,"trained, F+M pooled",-0.14238875251916022,0.05088170085460066,-0.24211688619417754,-0.04266061884414292,0.4578960392088235,False
MT2A,RNA,4,4w,"trained, F+M pooled",0.03243255234735464,0.17608112084587824,-0.3126864445105667,0.377551549205276,0.9732948846213269,False
MTF1,RNA,4,4w,"trained, F+M pooled",0.15817347252798633,0.0898101590931537,-0.017854439294594904,0.33420138435056757,0.9131939401030588,False
MTX1,RNA,4,4w,"trained, F+M pooled",-0.05203122469416967,0.06910801511182986,-0.18748293431335616,0.08342048492501684,0.9863002241052508,False
NABP1,RNA,4,4w,"trained, F+M pooled",0.09039194360358298,0.12234710444430093,-0.14940838110724686,0.3301922683144128,0.9962321057936578,False
NCAPG2,RNA,4,4w,"trained, F+M pooled",0.11053175364257357,0.21759579665330075,-0.3159560077978959,0.537019515083043,0.9418923196005348,False
NCF4,RNA,4,4w,"trained, F+M pooled",-0.13549108781483762,0.18039223636550303,-0.4890598710912235,0.2180776954615483,0.9968217692590264,False
NEXN,RNA,4,4w,"trained, F+M pooled",0.04845611808050878,0.037524287068050825,-0.02509148457287084,0.1220037207338884,0.7526143634605154,False
NFIL3,RNA,4,4w,"trained, F+M pooled",0.004546100000707741,0.12186763762934985,-0.23431446975281797,0.24340666975423345,0.9952790387521236,False
NLRC4,RNA,4,4w,"trained, F+M pooled",-0.10638897543318317,0.33257859337353896,-0.7582430184453195,0.5454650675789532,0.974691223620156,False
NPL,RNA,4,4w,"trained, F+M pooled",-0.04377929165745773,0.13070370491398878,-0.2999585532888758,0.2123999699739603,0.974200841076456,False
NQO2,RNA,4,4w,"trained, F+M pooled",0.053107789503952646,0.08469542734645438,-0.11289524809509793,0.21911082710300323,0.937112267566295,False
NR1D2,RNA,4,4w,"trained, F+M pooled",0.0832721591655255,0.048542723627826155,-0.011871579145013772,0.17841589747606476,0.9358951039523724,False
NRIP1,RNA,4,4w,"trained, F+M pooled",0.061556162693494974,0.10072088780205682,-0.13585677739853638,0.2589691027855263,0.9879010691019036,False
NRN1,RNA,4,4w,"trained, F+M pooled",-0.14551107253007464,0.44074787689380024,-1.009376911241923,0.7183547661817737,0.986089910422578,False
NTNG2,RNA,4,4w,"trained, F+M pooled",0.08272343060603798,0.08810515194904033,-0.08996266721408105,0.25540952842615705,0.974691223620156,False
NUMB,RNA,4,4w,"trained, F+M pooled",0.03681157514894412,0.08028137722887073,-0.12053992421964252,0.19416307451753076,0.974200841076456,False
NUSAP1,RNA,4,4w,"trained, F+M pooled",-0.3315067249382374,0.3332518648403359,-0.9846803800252958,0.321666930148821,0.999543756665718,False
OPHN1,RNA,4,4w,"trained, F+M pooled",0.10622214176012304,0.09274412024537997,-0.0755563339208217,0.28800061744106775,0.9543461931023456,False
PAPSS2,RNA,4,4w,"trained, F+M pooled",-0.005222971221353026,0.08486899568519704,-0.1715662027643392,0.16112026032163318,0.9916564866203406,False
PCDH9,RNA,4,4w,"trained, F+M pooled",-0.28479726446695863,0.3425562485338051,-0.9562075115932167,0.38661298265929944,0.8301607080494366,False
PCMTD2,RNA,4,4w,"trained, F+M pooled",0.07526062025813712,0.05572846472384545,-0.03396717060059995,0.1844884111168742,0.9584133490106216,False
PFKFB3,RNA,4,4w,"trained, F+M pooled",0.17846966592622626,0.19366805896548042,-0.20111972964611535,0.5580590614985679,0.8428356017235492,False
PGS1,RNA,4,4w,"trained, F+M pooled",-0.03266523768241886,0.05969567882645924,-0.14966876818227898,0.08433829281744126,0.974200841076456,False
PHTF1,RNA,4,4w,"trained, F+M pooled",0.22500229766595242,0.104688104615652,0.0198136126192745,0.43019098271263034,0.906769858652374,False
PLA2G4A,RNA,4,4w,"trained, F+M pooled",-0.013837978730352609,0.1397425060956772,-0.2877332906778799,0.2600573332171747,0.9405086042182422,False
PLBD1,RNA,4,4w,"trained, F+M pooled",0.0453394058386397,0.045386357287340286,-0.04361785444454726,0.13429666612182667,0.9738556247827264,False
PLEKHN1,RNA,4,4w,"trained, F+M pooled",-0.32649188095196846,0.16006415202228466,-0.6402176189156463,-0.01276614298829054,0.3641156648764105,False
PLEKHO2,RNA,4,4w,"trained, F+M pooled",-0.025315553315674255,0.09745326495767852,-0.21632395263272414,0.16569284600137563,0.6114110670165164,False
PLP2,RNA,4,4w,"trained, F+M pooled",-0.2153827480937962,0.06615142543964397,-0.34503954195549835,-0.08572595423209403,0.5649614830733432,False
PLSCR1,RNA,4,4w,"trained, F+M pooled",-0.1698025481778084,0.17907288806330524,-0.5207854087818866,0.18118031242626984,0.934058491184908,False
PLXNC1,RNA,4,4w,"trained, F+M pooled",-0.5336736600699226,0.1777968909109911,-0.8821555662554651,-0.18519175388438003,0.3942610739903857,False
PPP1R15A,RNA,4,4w,"trained, F+M pooled",-0.21359765631435212,0.09308986168724818,-0.3960537852213586,-0.031141527407345687,0.7034174322639981,False
PPP1R3B,RNA,4,4w,"trained, F+M pooled",0.11342650272839419,0.14365778118447392,-0.1681427483931747,0.3949957538499631,0.9564803965743434,False
PPP1R3D,RNA,4,4w,"trained, F+M pooled",0.014275089424427057,0.08152012113373135,-0.14550434799768636,0.1740545268465405,0.9355972929519588,False
PRC1,RNA,4,4w,"trained, F+M pooled",0.3489513714432044,0.31259936761884377,-0.26374338908972944,0.9616461319761382,0.8520383875355741,False
PRF1,RNA,4,4w,"trained, F+M pooled",-0.2196118319119334,0.3171017411501481,-0.8411312445662236,0.40190758074235683,0.9732948846213269,False
PRKACB,RNA,4,4w,"trained, F+M pooled",-0.00019364478869463776,0.06096923790345756,-0.11969335107947146,0.11930606150208217,0.9925268838752628,False
PRKCD,RNA,4,4w,"trained, F+M pooled",-0.0751713732749321,0.12740482678555326,-0.32488483377461647,0.17454208722475228,0.9925268838752628,False
PROS1,RNA,4,4w,"trained, F+M pooled",0.03337840730502125,0.10935044616003309,-0.1809484671686436,0.24770528177868611,0.974200841076456,False
PRSS23,RNA,4,4w,"trained, F+M pooled",0.05483955505698617,0.055305827533055824,-0.05355986690780324,0.1632389770217756,0.8565347462967164,False
PSTPIP2,RNA,4,4w,"trained, F+M pooled",-0.14969029433269396,0.04961300261774093,-0.24693177946346617,-0.05244880920192173,0.6151505357766137,False
PTGS2,RNA,4,4w,"trained, F+M pooled",-0.41740955610725156,0.34949352223092417,-1.102416859679863,0.26759774746535986,0.810469304240851,False
PYGL,RNA,4,4w,"trained, F+M pooled",-0.1737410190408251,0.23434571833156975,-0.6330586269707018,0.2855765888890516,0.9606837129957282,False
QPCT,RNA,4,4w,"trained, F+M pooled",0.010824171895525602,0.24902770555273696,-0.4772701309878388,0.49891847477889,0.9743741773271936,False
RAB13,RNA,4,4w,"trained, F+M pooled",0.21018622408545373,0.17919647130776675,-0.14103885967776908,0.5614113078486765,0.8428356017235492,False
RAB20,RNA,4,4w,"trained, F+M pooled",-0.08765139539439455,0.07164193495457874,-0.22806958790536885,0.052766797116579764,0.7385485878637216,False
RAB31,RNA,4,4w,"trained, F+M pooled",-0.0134164726307688,0.0838715772276489,-0.17780476399696066,0.15097181873542304,0.974691223620156,False
RAB32,RNA,4,4w,"trained, F+M pooled",-0.09331341189327633,0.1615479743205829,-0.4099474415616188,0.22332061777506615,0.5973816374358647,False
RACGAP1,RNA,4,4w,"trained, F+M pooled",-0.14326767832135887,0.3979876702412459,-0.9233235119942009,0.6367881553514831,0.9267733672431812,False
RBL2,RNA,4,4w,"trained, F+M pooled",-0.01566119009090033,0.04393393209194545,-0.10177169699111342,0.07044931680931275,0.9571225368032094,False
RBPJ,RNA,4,4w,"trained, F+M pooled",-0.047722297009667125,0.04894270102711917,-0.14364999102282072,0.04820539700348646,0.9342364334454042,False
RC3H1,RNA,4,4w,"trained, F+M pooled",0.12594736571679246,0.054288615368017046,0.01954167959547906,0.23235305183810587,0.2579751853638221,False
RETN,RNA,4,4w,"trained, F+M pooled",-0.09200310831536626,0.5261788946422019,-1.123313741814082,0.9393075251833494,0.9710643529185332,False
RGL1,RNA,4,4w,"trained, F+M pooled",0.038512104567119156,0.07230244135959496,-0.10320068049768696,0.18022488963192526,0.9951143449736474,False
RNASE2,RNA,4,4w,"trained, F+M pooled",0.22401438302355267,0.26923587649894976,-0.30368793491438884,0.7517167009614942,0.974200841076456,False
RNASE4,RNA,4,4w,"trained, F+M pooled",0.5323534183859946,0.6675063988275582,-0.7759591233160195,1.8406659600880086,0.6291095911990516,False
RRAGD,RNA,4,4w,"trained, F+M pooled",-0.0029065227847829517,0.04473314277841172,-0.09058348263046993,0.08477043706090402,0.999543756665718,False
RRM2,RNA,4,4w,"trained, F+M pooled",-0.025464530147510774,0.2433749729046574,-0.5024794770406393,0.45155041674561774,0.974691223620156,False
RTN1,RNA,4,4w,"trained, F+M pooled",-0.03633363872560292,0.08950067592419633,-0.21175496353702772,0.1390876860858219,0.9913318440566382,False
S100A9,RNA,4,4w,"trained, F+M pooled",-0.9057039046919494,0.5279284906649081,-1.9404437463951694,0.12903593701127047,0.5145261710188452,False
SAMSN1,RNA,4,4w,"trained, F+M pooled",-0.6174742486860534,0.3840578723935125,-1.370227678577338,0.1352791812052312,0.9503607753643664,False
SEC24D,RNA,4,4w,"trained, F+M pooled",-0.03992416325869527,0.0979990039057046,-0.23200221091387627,0.15215388439648572,0.9742269367728796,False
SELENBP1,RNA,4,4w,"trained, F+M pooled",-0.29464590044266004,0.1151454668393926,-0.5203310154478695,-0.06896078543745054,0.3006591229875099,False
SELP,RNA,4,4w,"trained, F+M pooled",-0.27776121130251125,0.23875708514983213,-0.7457250981961823,0.19020267559115972,0.8016326481728355,False
SEMA4A,RNA,4,4w,"trained, F+M pooled",-0.17748094864777822,0.13889799230285985,-0.4497210135613835,0.09475911626582709,0.7125623878796055,False
SERPINB1,RNA,4,4w,"trained, F+M pooled",-0.0938637058560552,0.149402905156913,-0.3866933999636047,0.1989659882514943,0.974200841076456,False
SERPING1,RNA,4,4w,"trained, F+M pooled",0.0023020558207702446,0.06850633630542373,-0.13197036333786025,0.13657447497940076,0.9888446132276691,False
SIGLEC1,RNA,4,4w,"trained, F+M pooled",0.2830262169292195,0.12363589522356597,0.040699862291030175,0.5253525715674088,0.6992747257797133,False
SIPA1L2,RNA,4,4w,"trained, F+M pooled",0.05542627573283989,0.0781030248537196,-0.09765565298045051,0.2085082044461303,0.9925268838752628,False
SLA,RNA,4,4w,"trained, F+M pooled",0.46063287747978404,0.23929847222815245,-0.008392128087394757,0.9296578830469628,0.8786124535009892,False
SLAMF7,RNA,4,4w,"trained, F+M pooled",-0.24371470851484348,0.3694179220782847,-0.9677738357882815,0.48034441875859457,0.9909606228891916,False
SLC11A1,RNA,4,4w,"trained, F+M pooled",-0.07910557759895531,0.18810184504787775,-0.4477851938927957,0.28957403869488507,0.978487779046438,False
SLC16A10,RNA,4,4w,"trained, F+M pooled",-0.09266672439604849,0.07721792947617533,-0.2440138661693521,0.05868041737725514,0.7552290729468225,False
SLC16A3,RNA,4,4w,"trained, F+M pooled",0.07336028899790752,0.05200057139080817,-0.0285608309280765,0.17528140892389155,0.9710643529185332,False
SLC16A6,RNA,4,4w,"trained, F+M pooled",-0.47182589418510124,0.12526555847888146,-0.7173463888037089,-0.22630539956649356,0.2579751853638221,False
SLC22A15,RNA,4,4w,"trained, F+M pooled",-0.21694138030366272,0.18650722160311667,-0.5824955346457714,0.14861277403844592,0.8910789135191997,False
SLC26A8,RNA,4,4w,"trained, F+M pooled",-0.08807833786572387,0.16287992477570698,-0.4073229904261096,0.2311663146946618,0.955281999114258,False
SLC2A3,RNA,4,4w,"trained, F+M pooled",-0.020965916903633242,0.1312087920176744,-0.2781351492582751,0.2362033154510086,0.9869253533606414,False
SLC37A3,RNA,4,4w,"trained, F+M pooled",-0.006373563492561345,0.07857348412555347,-0.16037759237864616,0.14763046539352345,0.9909606228891916,False
SLPI,RNA,4,4w,"trained, F+M pooled",0.4282053192447687,0.3577500315574591,-0.2729847426078511,1.1293953810973885,0.9951143449736474,False
SNCA,RNA,4,4w,"trained, F+M pooled",0.045914006133692946,0.34174272802049477,-0.6239017407864769,0.7157297530538627,0.974200841076456,False
SOCS3,RNA,4,4w,"trained, F+M pooled",-0.52411090996262,0.2568381217282842,-1.027513628550057,-0.020708191375182983,0.5233630542780486,False
SOD2,RNA,4,4w,"trained, F+M pooled",0.1303494080310028,0.04171428184630633,0.048589415612242406,0.21210940044976323,0.3495965913567274,False
SORT1,RNA,4,4w,"trained, F+M pooled",0.0022439859173242955,0.06720848767938233,-0.12948464993426506,0.13397262176891367,0.986634798161971,False
SPON2,RNA,4,4w,"trained, F+M pooled",-0.09958413611658128,0.16745801909389652,-0.42780185354061845,0.22863358130745587,0.9952790387521236,False
SRPK1,RNA,4,4w,"trained, F+M pooled",0.021226755621375694,0.04818101758157944,-0.07320803883852,0.11566155008127138,0.974691223620156,False
SRSF6,RNA,4,4w,"trained, F+M pooled",-0.034343321781522974,0.04903653328253437,-0.13045492701529035,0.061768283452244395,0.9952790387521236,False
ST6GALNAC3,RNA,4,4w,"trained, F+M pooled",-0.3007516059786874,0.2649048854866869,-0.8199651815325937,0.21846196957521896,0.9193570683927116,False
TECPR2,RNA,4,4w,"trained, F+M pooled",0.08355367872758002,0.0895162016952776,-0.09189807659516408,0.2590054340503241,0.9326035961934916,False
TGFB1I1,RNA,4,4w,"trained, F+M pooled",0.0060445894461073684,0.11344670864237208,-0.2163109594929419,0.22840013838515663,0.9934771334085366,False
TGFBR3,RNA,4,4w,"trained, F+M pooled",0.09136039763462185,0.07054737754617221,-0.04691246235587569,0.22963325762511938,0.9645917109534128,False
THBD,RNA,4,4w,"trained, F+M pooled",-0.12006423138025246,0.07424885968904403,-0.2655919963707788,0.025463533610273842,0.8650826425523466,False
THBS1,RNA,4,4w,"trained, F+M pooled",0.06954093159838867,0.17415591885165363,-0.27180466935085246,0.41088653254762975,0.9757264256679192,False
TIMP1,RNA,4,4w,"trained, F+M pooled",0.05659276527169651,0.16054825473453385,-0.25808181400798985,0.3712673445513828,0.974691223620156,False
TLE3,RNA,4,4w,"trained, F+M pooled",0.05333705622224578,0.08013303297222733,-0.1037236884033198,0.21039780084781134,0.9864849559941656,False
TLR2,RNA,4,4w,"trained, F+M pooled",-0.4057240910569924,0.24579830312877665,-0.8874887651893946,0.07604058307540978,0.8565347462967164,False
TLR4,RNA,4,4w,"trained, F+M pooled",-0.05608944868198894,0.1489816781894772,-0.3480935379333642,0.23591464056938632,0.974200841076456,False
TLR5,RNA,4,4w,"trained, F+M pooled",-0.046936518869412414,0.10802281948559588,-0.2586612450611803,0.1647882073223555,0.9349418244062396,False
TLR8,RNA,4,4w,"trained, F+M pooled",-0.009896493960829868,0.17293478472184254,-0.34884867201564124,0.3290556840939815,0.9833811085959596,False
TM6SF1,RNA,4,4w,"trained, F+M pooled",0.2987899561566986,0.11300660145308802,0.0772970173086461,0.5202828950047511,0.4906635999125478,False
TMEM120A,RNA,4,4w,"trained, F+M pooled",0.18051687641482542,0.07468371079226387,0.03413680326198823,0.3268969495676626,0.8386744574225351,False
TMEM158,RNA,4,4w,"trained, F+M pooled",-0.21195439759480217,0.21878320301118315,-0.6407694754967211,0.2168606803071168,0.7859488591193131,False
TMEM176A,RNA,4,4w,"trained, F+M pooled",-0.062521993141513,0.1025029564954266,-0.2634277878725491,0.13838380158952313,0.9418923196005348,False
TMEM176B,RNA,4,4w,"trained, F+M pooled",-0.0160774162059664,0.08272281330165775,-0.17821413027721558,0.1460592978652828,0.8669142878552623,False
TMEM185B,RNA,4,4w,"trained, F+M pooled",-0.007533419884302939,0.07928543409750284,-0.16293287071540852,0.14786603094680262,0.8434178750043236,False
TMEM260,RNA,4,4w,"trained, F+M pooled",-0.014517480261558227,0.08646978430887328,-0.18399825750694984,0.1549632969838334,0.9793150928247272,False
TMEM45B,RNA,4,4w,"trained, F+M pooled",0.26636737855931947,0.20194554921863778,-0.12944589790921057,0.6621806550278495,0.9661479849244604,False
TOP2A,RNA,4,4w,"trained, F+M pooled",0.029704983023354267,0.2514765484228496,-0.46318905188543097,0.5225990179321395,0.937364776035926,False
TP53I3,RNA,4,4w,"trained, F+M pooled",0.0621895610006738,0.0603560221359804,-0.05610824238584779,0.18048736438719537,0.9732948846213269,False
TPX2,RNA,4,4w,"trained, F+M pooled",0.016099692923189298,0.17974100244404656,-0.33619267186714197,0.36839205771352057,0.9193570683927116,False
TSHZ3,RNA,4,4w,"trained, F+M pooled",-0.09557947796915253,0.09446375453811467,-0.2807284368638573,0.08956948092555223,0.9710643529185332,False
TSPAN13,RNA,4,4w,"trained, F+M pooled",0.025865354680158055,0.06100604749337277,-0.09370649840685258,0.14543720776716867,0.9879010691019036,False
TSPO,RNA,4,4w,"trained, F+M pooled",0.40197339137174676,0.10894612266730924,0.18843899094382063,0.6155077917996729,0.2298803367204057,False
TUBG1,RNA,4,4w,"trained, F+M pooled",0.07859804247330394,0.0460018465437861,-0.011565576752516807,0.1687616616991247,0.9349357866270648,False
TUFT1,RNA,4,4w,"trained, F+M pooled",0.4468486566642731,0.2397161380597412,-0.022994973932819684,0.9166922872613659,0.2039487589456432,False
TXN,RNA,4,4w,"trained, F+M pooled",-0.09421184907260667,0.0913409150190677,-0.27324004250997935,0.08481634436476602,0.9702328708546026,False
UGCG,RNA,4,4w,"trained, F+M pooled",-0.05049185334139951,0.0632356498396724,-0.17443372702715743,0.07345002034435841,0.974200841076456,False
UHRF1,RNA,4,4w,"trained, F+M pooled",-0.25573341977347724,0.17952272573797726,-0.6075979622199126,0.09613112267295815,0.8910789135191997,False
UPP1,RNA,4,4w,"trained, F+M pooled",0.04349339821546792,0.10277243340976557,-0.15794057126767258,0.2449273676986084,0.9263572901295728,False
VCAN,RNA,4,4w,"trained, F+M pooled",-0.12571397236573803,0.09834078203790461,-0.31846190516003103,0.067033960428555,0.953237888476221,False
VIM,RNA,4,4w,"trained, F+M pooled",0.04851795321862413,0.06228025979247156,-0.07355135597462012,0.1705872624118684,0.9732948846213269,False
VMP1,RNA,4,4w,"trained, F+M pooled",0.06487816480026888,0.0508705042598402,-0.034828023549017914,0.16458435314955566,0.9614946143746648,False
VNN1,RNA,4,4w,"trained, F+M pooled",0.31730919780658456,0.2949303945435407,-0.2607543754987552,0.8953727711119244,0.974691223620156,False
WDFY3,RNA,4,4w,"trained, F+M pooled",0.0935872735727171,0.043050929400681094,0.00920745194738215,0.17796709519805204,0.8717818673995805,False
WSB1,RNA,4,4w,"trained, F+M pooled",-0.25649259796014234,0.1090819195890114,-0.47029316035460467,-0.04269203556568002,0.6343451873056489,False
YIPF1,RNA,4,4w,"trained, F+M pooled",0.028071214185686776,0.11193179799141657,-0.1913151098774897,0.24745753824886327,0.9445823160847662,False
ZCWPW2,RNA,4,4w,"trained, F+M pooled",0.05294786868229489,0.24028760352113585,-0.41801583421913135,0.5239115715837211,0.974200841076456,False
ZNF438,RNA,4,4w,"trained, F+M pooled",-0.07886069684775648,0.1389173077999877,-0.3511386201357324,0.19341722644021941,0.974691223620156,False
ZNF516,RNA,4,4w,"trained, F+M pooled",0.035505570070621405,0.07852233185674777,-0.11839820036860421,0.18940934050984704,0.9952790387521236,False
ZWINT,RNA,4,4w,"trained, F+M pooled",-0.04339715195989049,0.05018379448837091,-0.14175738915709746,0.05496308523731649,0.9418923196005348,False
ABHD2,RNA,8,8w,"trained, F+M pooled",0.22905175847608095,0.12453390452092807,-0.015034694384938069,0.4731382113371,0.764520848910764,False
ACER3,RNA,8,8w,"trained, F+M pooled",-0.0687282600886523,0.13677973418680447,-0.33681653909478904,0.19936001891748445,0.5185574355680216,False
ACOT13,RNA,8,8w,"trained, F+M pooled",0.13963321351527933,0.057557306331367804,0.026820893105798438,0.2524455339247602,0.560256150696319,False
ACOX1,RNA,8,8w,"trained, F+M pooled",-0.06860810087719599,0.04139525467141708,-0.14974280003317347,0.012526598278781484,0.400760686460794,False
ACSL1,RNA,8,8w,"trained, F+M pooled",0.023378964379637518,0.06797817063565662,-0.10985825006624944,0.15661617882552448,0.8990874846994847,False
ADM,RNA,8,8w,"trained, F+M pooled",-0.06625280438332214,0.13599826641699045,-0.3328094065606234,0.2003037977939791,0.9649859439267378,False
AGO3,RNA,8,8w,"trained, F+M pooled",-0.15463814319543082,0.12636509556938813,-0.40231373051143154,0.09303744412056991,0.86177625410801,False
AKAP10,RNA,8,8w,"trained, F+M pooled",0.05708076029277773,0.08154896793641234,-0.10275521686259045,0.2169167374481459,0.7052575351760592,False
ALOX5AP,RNA,8,8w,"trained, F+M pooled",-0.05433485178337868,0.11370019824450654,-0.2771872403426115,0.16851753677585413,0.8122504356816219,False
ALPL,RNA,8,8w,"trained, F+M pooled",0.015765533973837995,0.0996692407267591,-0.17958617785060982,0.21111724579828584,0.9597827335242716,False
ALYREF,RNA,8,8w,"trained, F+M pooled",-0.12972497752169806,0.07089436605655548,-0.2686779349925468,0.009227979949150672,0.7422010246971343,False
ANKRD13A,RNA,8,8w,"trained, F+M pooled",-0.04735839667594666,0.05796243964026703,-0.16096477837087003,0.06624798501897672,0.8604967058744263,False
ANLN,RNA,8,8w,"trained, F+M pooled",0.30000507027430523,0.406358852368236,-0.49645828036743733,1.0964684209160478,0.9827109021547616,False
ANXA3,RNA,8,8w,"trained, F+M pooled",-0.0461292381235586,0.08478007401091063,-0.21229818318494342,0.12003970693782623,0.9987923765759968,False
AP5B1,RNA,8,8w,"trained, F+M pooled",0.20709772576153115,0.08517118158450034,0.040162209855910486,0.3740332416671518,0.1256130485733943,False
ARG1,RNA,8,8w,"trained, F+M pooled",-0.5783836164051307,0.35548859774690383,-1.2751412679890621,0.11837403517880085,0.6608553736369612,False
ARHGEF40,RNA,8,8w,"trained, F+M pooled",-0.030229542925258764,0.05568457158846174,-0.13937130323864377,0.07891221738812623,0.979157196678834,False
ASCC2,RNA,8,8w,"trained, F+M pooled",0.04768061716653268,0.09015066492572997,-0.12901468608789807,0.22437592042096344,0.7849444525703478,False
ASPH,RNA,8,8w,"trained, F+M pooled",-0.002631770354716861,0.03951051484899913,-0.08007237945875516,0.07480883874932144,0.9891675583751746,False
ATOX1,RNA,8,8w,"trained, F+M pooled",0.16929885064943995,0.07634110783270505,0.019670279297338056,0.31892742200154184,0.2693363229298798,False
ATP6V0E1,RNA,8,8w,"trained, F+M pooled",0.14344607684170493,0.0752240651057958,-0.003993090765654822,0.2908852444490647,0.6583067200126431,False
ATP8B4,RNA,8,8w,"trained, F+M pooled",0.15890807817505426,0.2769993560746194,-0.38401065973119974,0.7018268160813083,0.9600322987710448,False
ATXN1,RNA,8,8w,"trained, F+M pooled",-0.01857382102625951,0.05208790497736554,-0.12066611478189597,0.08351847272937694,0.9989250472725932,False
AURKA,RNA,8,8w,"trained, F+M pooled",0.13421664213617587,0.21473435946491198,-0.28666270241505165,0.5550959866874033,0.9727451630019772,False
B4GALT5,RNA,8,8w,"trained, F+M pooled",-0.0615268492283592,0.10378919018456088,-0.2649536619900985,0.14189996353338014,0.542498026783387,False
BASP1,RNA,8,8w,"trained, F+M pooled",-0.07930765265393559,0.14405930125910385,-0.3616638831217791,0.20304857781390795,0.9860109979337548,False
BCAT1,RNA,8,8w,"trained, F+M pooled",-0.0730393255659786,0.1938617643776428,-0.4530083837461585,0.3069297326142013,0.7669555048438087,False
BCL2A1,RNA,8,8w,"trained, F+M pooled",-0.5469494798269311,0.38392314992467813,-1.2994388536793002,0.20553989402543804,0.7494673736379196,False
BCL6,RNA,8,8w,"trained, F+M pooled",-0.3685422697054901,0.1308847628146272,-0.6250764048221593,-0.1120081345888208,0.3931064829207591,False
BMX,RNA,8,8w,"trained, F+M pooled",0.6680864676667725,0.448986419455717,-0.21192691446643275,1.5480998497999776,0.8647316638408747,False
BPGM,RNA,8,8w,"trained, F+M pooled",-0.17866536076300918,0.03571532259296169,-0.24866739304521407,-0.10866332848080427,1.0189631014143624e-05,True
BST1,RNA,8,8w,"trained, F+M pooled",-0.22590848363978488,0.38898855763795226,-0.9883260566101713,0.5365090893306015,0.935530889319583,False
C15orf48,RNA,8,8w,"trained, F+M pooled",-0.16291753000690334,0.3099009846951345,-0.7703234600093669,0.4444883999955602,0.7292055062193934,False
C1QA,RNA,8,8w,"trained, F+M pooled",0.0788226407648802,0.07829739090658756,-0.07464024541203142,0.23228552694179183,0.8861462472053587,False
C1QB,RNA,8,8w,"trained, F+M pooled",0.08076978554113644,0.0757566666211568,-0.06771328103633091,0.2292528521186038,0.798538671780196,False
C1QC,RNA,8,8w,"trained, F+M pooled",0.02818248408142637,0.08245580408607187,-0.13343089192727448,0.18979586009012722,0.9806401744156454,False
C3AR1,RNA,8,8w,"trained, F+M pooled",0.08165627937430577,0.18815657548283476,-0.28713060857205036,0.45044316732066186,0.3172552712924444,False
C3orf62,RNA,8,8w,"trained, F+M pooled",-0.3267854732180097,0.42606180336053495,-1.1618666078046582,0.5082956613686387,0.7104092019222307,False
C8orf88,RNA,8,8w,"trained, F+M pooled",-0.1581438500118126,0.4117180419652713,-0.9651112122637443,0.648823512240119,0.981967367533368,False
CA2,RNA,8,8w,"trained, F+M pooled",0.3947103607944509,0.08776870521253928,0.2226836985778739,0.5667370230110278,0.056584731383426,False
CA4,RNA,8,8w,"trained, F+M pooled",-0.010352834528747606,0.1355333390120776,-0.27599817899241963,0.25529250993492447,0.9436957781861556,False
CAPN3,RNA,8,8w,"trained, F+M pooled",-0.006373752101116778,0.030489109302874927,-0.06613240633475163,0.05338490213251808,0.9825622642178292,False
CARD6,RNA,8,8w,"trained, F+M pooled",0.021971323013733866,0.07487058074162437,-0.12477501523984988,0.1687176612673176,0.7808260944939533,False
CCNA2,RNA,8,8w,"trained, F+M pooled",-0.05717962781492605,0.5270650977540167,-1.0902272194127989,0.9758679637829467,0.9916050895774148,False
CCNB1,RNA,8,8w,"trained, F+M pooled",-0.1045009787256802,0.4537725082312995,-0.9938950948590272,0.7848931374076668,0.8489983466416766,False
CCR1,RNA,8,8w,"trained, F+M pooled",0.07834716417965555,0.15758627332710504,-0.23052193154147033,0.3872162599007814,0.8674082818326686,False
CD14,RNA,8,8w,"trained, F+M pooled",-0.020325525364111915,0.13400086145243165,-0.2829672138108779,0.24231616308265408,0.9825622642178292,False
CD163,RNA,8,8w,"trained, F+M pooled",0.07387316266086862,0.08205943043397369,-0.08696332098971983,0.23470964631145708,0.6720349928544055,False
CD200,RNA,8,8w,"trained, F+M pooled",0.05568237628515841,0.0758450980905487,-0.09297401597231703,0.20433876854263383,0.6921641194344083,False
CD274,RNA,8,8w,"trained, F+M pooled",0.09592490176249739,0.12929541474393658,-0.1574941111356183,0.3493439146606131,0.9598781634139376,False
CD59,RNA,8,8w,"trained, F+M pooled",-0.10633971791408287,0.04323230401968904,-0.19107503379267338,-0.02160440203549234,0.2854698087341398,False
CD63,RNA,8,8w,"trained, F+M pooled",0.010347538727778261,0.04460095344689487,-0.07707033002813568,0.0977654074836922,0.7356242724325937,False
CDA,RNA,8,8w,"trained, F+M pooled",-0.07874642196791111,0.2727903940342104,-0.6134155942749635,0.45592275033914126,0.968954337669658,False
CDC20,RNA,8,8w,"trained, F+M pooled",-0.03074338124922346,0.29555289001465856,-0.6100270456779543,0.5485402831795073,0.9671792081153324,False
CEACAM1,RNA,8,8w,"trained, F+M pooled",-0.03543390383485345,0.16565074475238875,-0.3601093635495354,0.28924155587982847,0.8725612557286485,False
CEBPA,RNA,8,8w,"trained, F+M pooled",-0.037696041963258514,0.1361488859089304,-0.30454785834476206,0.22915577441824506,0.9989250472725932,False
CEBPD,RNA,8,8w,"trained, F+M pooled",0.12576972717580043,0.19449505873251807,-0.25544058793993496,0.5069800422915358,0.9316367995786792,False
CFLAR,RNA,8,8w,"trained, F+M pooled",-0.07743664682829719,0.07790989162694155,-0.23014003441710262,0.07526674076050825,0.8884148640220232,False
CHST15,RNA,8,8w,"trained, F+M pooled",0.18398591873450792,0.15783605361494668,-0.12537274635078755,0.4933445838198034,0.7186105237580593,False
CHST2,RNA,8,8w,"trained, F+M pooled",-0.05720315666154687,0.2683983987410812,-0.5832640181940659,0.4688577048709722,0.7427025899761553,False
CKAP4,RNA,8,8w,"trained, F+M pooled",-0.08568319561740861,0.08750596802542132,-0.2571948929472344,0.08582850171241718,0.7773107843364311,False
CLEC4D,RNA,8,8w,"trained, F+M pooled",-0.03802211318690709,0.2831058805142792,-0.5929096389948944,0.5168654126210802,0.9674510845974816,False
CLIC2,RNA,8,8w,"trained, F+M pooled",0.06071825455627097,0.10060309655502003,-0.1364638146915683,0.2579003238041102,0.9987923765759968,False
CLIC3,RNA,8,8w,"trained, F+M pooled",0.13328023501805783,0.12342393136170245,-0.10863067045087896,0.37519114048699465,0.8633524436339074,False
CMPK2,RNA,8,8w,"trained, F+M pooled",0.05079216314102053,0.10878549028801489,-0.16242739782348864,0.2640117241055297,0.9958430716531372,False
CNIH4,RNA,8,8w,"trained, F+M pooled",-0.05586417186032967,0.07455299371613555,-0.20198803954395533,0.090259695823296,0.8156382045440354,False
COL6A3,RNA,8,8w,"trained, F+M pooled",-0.29573329132556525,0.06742827581606758,-0.42789271192505773,-0.1635738707260728,0.0001957900640753,True
COQ2,RNA,8,8w,"trained, F+M pooled",0.03345497865449629,0.0487567162960434,-0.06210818528574877,0.12901814259474134,0.7018037533670132,False
CPA3,RNA,8,8w,"trained, F+M pooled",0.0725412414814145,0.14974799554805077,-0.220964829792765,0.366047312755594,0.9176942933412626,False
CPD,RNA,8,8w,"trained, F+M pooled",0.011784457856984856,0.046031350161911816,-0.0784369884603623,0.10200590417433202,0.4340309614463484,False
CPEB4,RNA,8,8w,"trained, F+M pooled",-0.03425700566970865,0.04832861641323221,-0.1289810938396438,0.060467082500226484,0.9180427343680844,False
CR1L,RNA,8,8w,"trained, F+M pooled",-0.048927873660033594,0.0581473749608135,-0.16289672858322807,0.06504098126316087,0.6184461508481136,False
CREB5,RNA,8,8w,"trained, F+M pooled",0.002340287472998923,0.12671916943199066,-0.24602928461370277,0.2507098595597006,0.7043877547345151,False
CRISPLD2,RNA,8,8w,"trained, F+M pooled",-0.1013094184873859,0.07796939073979713,-0.2541294243373883,0.05151058736261646,0.7581549143681788,False
CSRNP1,RNA,8,8w,"trained, F+M pooled",-0.09559145555511711,0.16382569017700377,-0.4166898083020445,0.22550689719181027,0.5431754600568781,False
CUX1,RNA,8,8w,"trained, F+M pooled",-0.010290365830275741,0.040082840148147156,-0.08885273252064417,0.06827200086009268,0.989060748841215,False
CXXC5,RNA,8,8w,"trained, F+M pooled",-0.03056245292455368,0.08236567189980613,-0.1919991698481737,0.13087426399906635,0.8841262049463426,False
CYP1B1,RNA,8,8w,"trained, F+M pooled",-0.03232538062797897,0.15421911637644853,-0.3345948487258181,0.26994408746986015,0.8023475944084358,False
CYSTM1,RNA,8,8w,"trained, F+M pooled",0.25291794354499675,0.09120977013301587,0.07414679408428565,0.43168909300570785,0.2187838333263002,False
DAAM2,RNA,8,8w,"trained, F+M pooled",0.0749177394134866,0.14891888481611198,-0.21696327482609284,0.3667987536530661,0.9597827335242716,False
DACH1,RNA,8,8w,"trained, F+M pooled",2.633397778375111e-05,0.24554229458289756,-0.48123656340469545,0.4812892313602629,0.4981137938567055,False
DDX17,RNA,8,8w,"trained, F+M pooled",0.025677704233097818,0.03731292667862216,-0.04745563205700162,0.09881104052319725,0.6832079733961712,False
DENND3,RNA,8,8w,"trained, F+M pooled",0.08759784595803294,0.10573574688408821,-0.11964421793477995,0.29483990985084585,0.5132306040514306,False
DGAT2,RNA,8,8w,"trained, F+M pooled",-0.20334652002853382,0.07615806883260151,-0.35261633494043276,-0.05407670511663487,0.2246979932654319,False
DHRS13,RNA,8,8w,"trained, F+M pooled",0.1845812440076827,0.17007002589072165,-0.14875600673813175,0.5179184947534972,0.897635595440407,False
DHRS7B,RNA,8,8w,"trained, F+M pooled",0.03898642372032406,0.10804231676734509,-0.17277651714367231,0.25074936458432046,0.8670753088021245,False
DLGAP5,RNA,8,8w,"trained, F+M pooled",0.10248386505550938,0.3094083827682606,-0.5039565651702813,0.7089242952813002,0.8982112341012538,False
DMXL2,RNA,8,8w,"trained, F+M pooled",0.07478860537635341,0.10876935676906314,-0.13839933389101033,0.2879765446437172,0.9022817055881694,False
DNAJC3,RNA,8,8w,"trained, F+M pooled",0.026659379382372863,0.060242544046809315,-0.0914160069493734,0.1447347657141191,0.5627951734014194,False
DPY19L3,RNA,8,8w,"trained, F+M pooled",-0.009132612365078384,0.10478287042176937,-0.21450703839174637,0.19624181366158958,0.9814799926502276,False
DUSP3,RNA,8,8w,"trained, F+M pooled",0.1488899742763426,0.04362819715365081,0.06337870785518701,0.23440124069749818,0.0031711443001314,True
DYSF,RNA,8,8w,"trained, F+M pooled",-0.03565043894695768,0.03025957345018144,-0.0949592029093133,0.02365832501539794,0.673728084065701,False
EBF1,RNA,8,8w,"trained, F+M pooled",0.12200710767045123,0.09503198815372532,-0.06425558911085041,0.3082698044517529,0.798538671780196,False
EIF1AY,RNA,8,8w,"trained, F+M pooled",-0.10197017915716981,0.08355420047346489,-0.26573641208516097,0.061796053770821355,0.6011033671766279,False
EIF4E3,RNA,8,8w,"trained, F+M pooled",-0.14887347061403486,0.061517687587670795,-0.2694481382858696,-0.028298802942200108,0.2581833565350243,False
ELL,RNA,8,8w,"trained, F+M pooled",0.17919174908008142,0.07698882673819578,0.02829364867321771,0.33008984948694514,0.1688986945342743,False
EMP1,RNA,8,8w,"trained, F+M pooled",-0.04505279503261152,0.08473106883680785,-0.21112568995275488,0.12102009988753186,0.7015635641655322,False
ERLIN1,RNA,8,8w,"trained, F+M pooled",-0.0628100367622015,0.08012308830258288,-0.21985128983526392,0.09423121631086094,0.9713620665840452,False
ETS2,RNA,8,8w,"trained, F+M pooled",0.16448471123307268,0.07892641494892068,0.009788937933188163,0.3191804845329572,0.1524334772900782,False
EZH2,RNA,8,8w,"trained, F+M pooled",-0.030698485109943448,0.1530848849627497,-0.33074485963693284,0.26934788941704596,0.7968255264604475,False
F5,RNA,8,8w,"trained, F+M pooled",0.7646204435829884,0.3210269717871149,0.13540757888024313,1.3938333082857337,0.2785963969830972,False
F8,RNA,8,8w,"trained, F+M pooled",0.0438672547950416,0.05599785485871446,-0.06588854072803874,0.15362305031812196,0.9146560126658824,False
FAM126B,RNA,8,8w,"trained, F+M pooled",-0.07274078926113575,0.0991677900003315,-0.2671096576617855,0.12162807913951398,0.8860457338076935,False
FAM20A,RNA,8,8w,"trained, F+M pooled",0.07673049003174678,0.1473359631677646,-0.2120479977770718,0.36550897784056535,0.9512614497079924,False
FBXO6,RNA,8,8w,"trained, F+M pooled",0.2086955081950954,0.05031623665002789,0.11007568436104075,0.30731533202915007,0.0168680261572893,True
FEM1C,RNA,8,8w,"trained, F+M pooled",-0.09291112627451893,0.06872947054665662,-0.2276208885459659,0.041798635996928055,0.4984570992656877,False
FEZ1,RNA,8,8w,"trained, F+M pooled",-0.1303560929563258,0.21867575742723547,-0.5589605775137073,0.29824839160105565,0.8906142782212493,False
FGD4,RNA,8,8w,"trained, F+M pooled",-0.3165392542504331,0.133784658850988,-0.5787571855983695,-0.05432132290249664,0.6200740710771083,False
FGF13,RNA,8,8w,"trained, F+M pooled",-0.140943696936701,0.08100044517214142,-0.2997045694740982,0.017817175600696178,0.5275408573268611,False
FHL2,RNA,8,8w,"trained, F+M pooled",-0.5583741806452154,0.25174018575800394,-1.0517849447309031,-0.06496341655952764,0.6355473100204447,False
FKBP5,RNA,8,8w,"trained, F+M pooled",-0.10723882158093592,0.09387955989623935,-0.291242758977565,0.0767651158156932,0.897635595440407,False
FKBP9,RNA,8,8w,"trained, F+M pooled",-0.02329498624215269,0.06436288631769589,-0.14944624342483664,0.10285627094053125,0.559170717263031,False
FLOT1,RNA,8,8w,"trained, F+M pooled",-0.027212543580409712,0.03752600919986994,-0.1007635216121548,0.04633843445133537,0.9686974000464176,False
FLOT2,RNA,8,8w,"trained, F+M pooled",-0.09398109733878403,0.03622494249466011,-0.16498198462831784,-0.022980210049250216,0.5945014379874776,False
FLT3,RNA,8,8w,"trained, F+M pooled",-0.2679099556215129,0.33283723144044736,-0.9202709292447897,0.38445101800176396,0.9714521392192164,False
FNDC3B,RNA,8,8w,"trained, F+M pooled",0.004232423071249619,0.06871048949278807,-0.130440136334615,0.13890498247711425,0.9686974000464176,False
FOS,RNA,8,8w,"trained, F+M pooled",-1.0822016242741566,0.35358239904950395,-1.7752231264111842,-0.3891801221371288,0.3028017250816021,False
FOSL2,RNA,8,8w,"trained, F+M pooled",-0.12331866130125178,0.23535529798574412,-0.5846150453533102,0.3379777227508067,0.9485968309672568,False
FOXM1,RNA,8,8w,"trained, F+M pooled",-0.10487454476744193,0.2850871598775127,-0.6636453781273669,0.453896288592483,0.9346318148574064,False
FRMD4B,RNA,8,8w,"trained, F+M pooled",-0.005499363446389414,0.0985735339432689,-0.19870348997519643,0.18770476308241762,0.9857734128893932,False
G0S2,RNA,8,8w,"trained, F+M pooled",0.5315584451203403,0.2716693754845234,-0.0009135308293255484,1.0640304210700062,0.321948410335841,False
GADD45A,RNA,8,8w,"trained, F+M pooled",-0.06341626311297381,0.09639478791627429,-0.2523500474288714,0.1255175212029238,0.6006847977697071,False
GAS7,RNA,8,8w,"trained, F+M pooled",-0.21669476504060006,0.08389882558987063,-0.38113646319674654,-0.05225306688445361,0.1322741452022916,False
GBP1,RNA,8,8w,"trained, F+M pooled",0.27544200636035737,0.1892813447963021,-0.09554942944039474,0.6464334421611095,0.276212765299027,False
GGH,RNA,8,8w,"trained, F+M pooled",-0.06665286372899615,0.11786849134042392,-0.297675106756227,0.16436937929823472,0.675672342300462,False
GM2A,RNA,8,8w,"trained, F+M pooled",-0.03732767496230533,0.08055601398224609,-0.19521746236750764,0.120562112442897,0.667558750392438,False
GNG8,RNA,8,8w,"trained, F+M pooled",0.1925736835755546,0.34552883564946535,-0.4846628342973974,0.8698102014485066,0.9970907969064624,False
GNS,RNA,8,8w,"trained, F+M pooled",0.03843607461263261,0.04010015767525679,-0.0401602344308707,0.11703238365613593,0.9024297771362848,False
GPRIN3,RNA,8,8w,"trained, F+M pooled",0.2750651984640325,0.24997508418540998,-0.2148859665393711,0.7650163634674361,0.8919903589436368,False
GRAMD1A,RNA,8,8w,"trained, F+M pooled",-0.02956041227795917,0.05257388963723205,-0.132605235966934,0.07348441141101564,0.9403574335662844,False
GRB10,RNA,8,8w,"trained, F+M pooled",0.12811992446133622,0.05828174031944004,0.013887713435233734,0.2423521354874387,0.5275408573268611,False
GYG1,RNA,8,8w,"trained, F+M pooled",-0.022724278138961485,0.03719203727300385,-0.09562067119404903,0.05017211491612607,0.9920545958418944,False
H2BC11,RNA,8,8w,"trained, F+M pooled",-0.4572162558324652,0.354365956545674,-1.1517735306619863,0.23734101899705579,0.7015635641655322,False
HDAC4,RNA,8,8w,"trained, F+M pooled",-0.042487655198765115,0.0771231159919552,-0.1936489625429973,0.10867365214546708,0.3401747068135283,False
HGF,RNA,8,8w,"trained, F+M pooled",0.06053528381692843,0.18560520372608633,-0.3032509154862008,0.42432148312005763,0.995550517138124,False
HIP1,RNA,8,8w,"trained, F+M pooled",-0.21464916303601397,0.05467323118545457,-0.3218086961595049,-0.10748962991252302,0.0908646757716035,False
HLA-DQA1,RNA,8,8w,"trained, F+M pooled",-0.2714362605062708,0.09573426546246894,-0.4590754208127099,-0.08379710019983166,0.2929937169822439,False
HMMR,RNA,8,8w,"trained, F+M pooled",-0.14313090319633565,0.2358970022116277,-0.605489027531126,0.31922722113845464,0.8809198458132872,False
HMOX1,RNA,8,8w,"trained, F+M pooled",0.03711179415593611,0.11977310262528801,-0.1976434869896284,0.2718670753015006,0.3103595177375707,False
HP,RNA,8,8w,"trained, F+M pooled",-0.30799293681131407,0.37521257310975537,-1.0434095801064345,0.4274237064838064,0.9648004355317664,False
HPSE,RNA,8,8w,"trained, F+M pooled",0.024430041475503202,0.20599766451371337,-0.379325380971375,0.42818546392238144,0.9946045430484812,False
HS3ST1,RNA,8,8w,"trained, F+M pooled",0.1987437999256439,0.1338193729995389,-0.06354217115345234,0.46102977100474013,0.6487048851160047,False
HSPA1A,RNA,8,8w,"trained, F+M pooled",-0.886653653080213,0.21810595427271037,-1.3141413234547255,-0.45916598270570075,0.047006517275494,True
HSPA1B,RNA,8,8w,"trained, F+M pooled",-0.886653653080213,0.21810595427271037,-1.3141413234547255,-0.45916598270570075,0.047006517275494,True
IER3,RNA,8,8w,"trained, F+M pooled",0.07095450025332384,0.17922458598155988,-0.2803256882705335,0.4222346887771812,0.9808376937016352,False
IFI27,RNA,8,8w,"trained, F+M pooled",-0.05901859101742201,0.04727753588469189,-0.1516825613514181,0.033645379316574096,0.7466881760776671,False
IFI44,RNA,8,8w,"trained, F+M pooled",0.3265845279488666,0.13056883640259725,0.070669608599776,0.5824994472979572,0.3776777773371704,False
IFI44L,RNA,8,8w,"trained, F+M pooled",-0.24567367718322672,0.27215295341190343,-0.7790934658705575,0.287746111504104,0.3805228506985398,False
IFRD1,RNA,8,8w,"trained, F+M pooled",-0.30910649421406194,0.07755370229341013,-0.4611117507091458,-0.15710123771897808,0.0175959610923569,True
IGF2R,RNA,8,8w,"trained, F+M pooled",0.032850715287610535,0.03705701846173024,-0.03978104089738074,0.10548247147260181,0.6329018224463386,False
IL18RAP,RNA,8,8w,"trained, F+M pooled",0.07231267734576038,0.37463788275277604,-0.6619775728496806,0.8066029275412014,0.9517206539269492,False
IL1B,RNA,8,8w,"trained, F+M pooled",0.25711716094574594,0.5165374271473752,-0.7552961962631095,1.2695305181546013,0.840104292443194,False
IL2RB,RNA,8,8w,"trained, F+M pooled",-0.32543416297920047,0.18456138537040553,-0.6871744783051953,0.03630615234679435,0.3266853373261766,False
IRAK3,RNA,8,8w,"trained, F+M pooled",-0.05135538954029199,0.09563002409050032,-0.23879023675767264,0.13607945767708862,0.989060748841215,False
JUNB,RNA,8,8w,"trained, F+M pooled",-0.30136614359383135,0.09138334562307454,-0.4804775010150575,-0.12225478617260524,0.1391110835435341,False
KCNF1,RNA,8,8w,"trained, F+M pooled",0.5497221350981731,0.5889736677432569,-0.6046662536786103,1.7041105238749565,0.798538671780196,False
KCTD14,RNA,8,8w,"trained, F+M pooled",-0.38022716284242797,0.28151933519593836,-0.9320050598264671,0.17155073414161115,0.5389569647128423,False
KDM5D,RNA,8,8w,"trained, F+M pooled",-0.09270363942807239,0.09178719582709308,-0.2726065432491748,0.08719926439303005,0.7577484936474593,False
KDM6B,RNA,8,8w,"trained, F+M pooled",-0.047070301382090014,0.055382961296870016,-0.15562090552395524,0.06148030275977521,0.9648004355317664,False
KIF11,RNA,8,8w,"trained, F+M pooled",-0.46864324723341516,0.3905706684970716,-1.2341617574876755,0.29687526302084516,0.6828743356973203,False
KIF1B,RNA,8,8w,"trained, F+M pooled",-0.063813245395172,0.03166656245312365,-0.12587970780329436,-0.0017467829870496387,0.2021234072245088,False
KIF20A,RNA,8,8w,"trained, F+M pooled",0.36206059136336016,0.2753278546094935,-0.17758200367124705,0.9017031863979674,0.3266853373261766,False
KIF4A,RNA,8,8w,"trained, F+M pooled",0.09061049698185011,0.45387252217691115,-0.7989796464848957,0.9802006404485959,0.6184461508481136,False
KLRB1,RNA,8,8w,"trained, F+M pooled",-0.015619076384188494,0.3881942209171865,-0.776479749381874,0.7452415966134971,0.9746647723015496,False
KREMEN1,RNA,8,8w,"trained, F+M pooled",-0.10486947203618809,0.10522501808832974,-0.31111050748931435,0.10137156341693819,0.8506443952318972,False
LGR6,RNA,8,8w,"trained, F+M pooled",0.0472482186086606,0.19571193631116313,-0.33634717656121915,0.4308436137785403,0.9580245783823476,False
LHFPL2,RNA,8,8w,"trained, F+M pooled",0.17960762626212312,0.19468239619983685,-0.2019698702895571,0.5611851228138034,0.8997364007228682,False
LILRA5,RNA,8,8w,"trained, F+M pooled",-0.04656721938701111,0.3002440644876016,-0.6350455857827103,0.541911147008688,0.935530889319583,False
LIMK2,RNA,8,8w,"trained, F+M pooled",0.013444525935192969,0.0645332226650486,-0.11304059048830228,0.1399296423586882,0.9808165081262544,False
LMNB1,RNA,8,8w,"trained, F+M pooled",-0.08263223904158576,0.1101230420902523,-0.29847340153848023,0.13320892345530874,0.9678680476239324,False
LONRF3,RNA,8,8w,"trained, F+M pooled",0.5038263518678749,0.15825298144704483,0.19365050823166707,0.8140021955040828,0.0061233434154415,True
LRG1,RNA,8,8w,"trained, F+M pooled",0.022877851646491518,0.10188739504603755,-0.1768214426437421,0.22257714593672512,0.9766243631518844,False
LRRN1,RNA,8,8w,"trained, F+M pooled",-0.23161297125689947,0.2196753430768947,-0.6621766436876131,0.19895070117381417,0.7613529066222839,False
LRRN3,RNA,8,8w,"trained, F+M pooled",-0.02975406724476512,0.2893088516445467,-0.5967994164680768,0.5372912819785465,0.997963181991036,False
MAFB,RNA,8,8w,"trained, F+M pooled",0.0656469916331451,0.2056825354287536,-0.33749077780721193,0.4687847610735021,0.9055440731510116,False
MAFF,RNA,8,8w,"trained, F+M pooled",-0.011463049895032868,0.14575696649956035,-0.29714670423417117,0.2742206044441054,0.8616812239250067,False
MAFG,RNA,8,8w,"trained, F+M pooled",-0.08361029788529975,0.06505239985632444,-0.21111300160369564,0.04389240583309614,0.4200113178497074,False
MAGOH,RNA,8,8w,"trained, F+M pooled",0.054446761436904266,0.09026060527924518,-0.12246402491041627,0.23135754778422482,0.9512614497079924,False
MANSC1,RNA,8,8w,"trained, F+M pooled",0.15544632532187855,0.15561724076087524,-0.14956346656943695,0.460456117213194,0.6867513466944914,False
MAP2K6,RNA,8,8w,"trained, F+M pooled",0.028881776542260654,0.05903514759423322,-0.08682711274243646,0.14459066582695776,0.9987923765759968,False
MAPK14,RNA,8,8w,"trained, F+M pooled",0.015310773151811653,0.04723520838893802,-0.07727023529050686,0.10789178159413018,0.9686974000464176,False
MARCKS,RNA,8,8w,"trained, F+M pooled",-0.3479742327906072,0.10725162414440684,-0.5581874161136446,-0.13776104946756978,0.030509447811341,True
MCTP1,RNA,8,8w,"trained, F+M pooled",-0.08618045423247593,0.2799205209500452,-0.6348246752945645,0.4624637668296127,0.6711532764019636,False
MCTP2,RNA,8,8w,"trained, F+M pooled",0.3704780989296287,0.25527031628761065,-0.12985172099408815,0.8708079188533455,0.7910660944672845,False
METTL9,RNA,8,8w,"trained, F+M pooled",-0.22657613884262,0.07672208972764716,-0.37695143470880843,-0.0762008429764316,0.1393623577154417,False
MGST1,RNA,8,8w,"trained, F+M pooled",0.20622536949634593,0.16888727070670703,-0.12479368108879987,0.5372444200814918,0.9424755760188308,False
MKI67,RNA,8,8w,"trained, F+M pooled",0.27404361160072943,0.21378783573542662,-0.14498054644070674,0.6930677696421657,0.7505610344063005,False
MKNK1,RNA,8,8w,"trained, F+M pooled",0.08539160420603151,0.061281104656686805,-0.034719360921074624,0.20550256933313765,0.7043877547345151,False
MMRN1,RNA,8,8w,"trained, F+M pooled",0.01882051480806816,0.26742256434995976,-0.505327711317853,0.5429687409339893,0.6274961852606107,False
MRC1,RNA,8,8w,"trained, F+M pooled",-0.02021885052231974,0.08144784642782554,-0.1798566295208578,0.13941892847621834,0.9989250472725932,False
MRPL53,RNA,8,8w,"trained, F+M pooled",-0.09819700625973177,0.09616027136507661,-0.2866711381352819,0.09027712561581838,0.6232878761682297,False
MRVI1,RNA,8,8w,"trained, F+M pooled",0.19349252836601882,0.0965112177225533,0.004330541629814361,0.38265451510222326,0.7412454177780133,False
MS4A4A,RNA,8,8w,"trained, F+M pooled",-0.048775104576438105,0.205181134350228,-0.450930127902885,0.35337991875000874,0.982288328094656,False
MSRA,RNA,8,8w,"trained, F+M pooled",0.03548736646820492,0.12275103610743181,-0.20510466430236143,0.2760793972387713,0.953721885730713,False
MSRB1,RNA,8,8w,"trained, F+M pooled",0.0381028109693066,0.05342905047593251,-0.06661812796352112,0.1428237499021343,0.4846950217661981,False
MT2A,RNA,8,8w,"trained, F+M pooled",-0.09466581801477902,0.18835515693409752,-0.46384192560561016,0.2745102895760521,0.995928901834579,False
MTF1,RNA,8,8w,"trained, F+M pooled",0.22323160602250383,0.09448401682090023,0.038042933053539396,0.40842027899146827,0.4111459495023207,False
MTX1,RNA,8,8w,"trained, F+M pooled",0.023200666209181528,0.07289583834595838,-0.11967517694889689,0.16607650936725993,0.989060748841215,False
NABP1,RNA,8,8w,"trained, F+M pooled",0.053083073388504584,0.12961846972041705,-0.2009691272635128,0.307135274040522,0.9840494907763486,False
NCAPG2,RNA,8,8w,"trained, F+M pooled",0.1306558267150345,0.2335329418904734,-0.32706873939029335,0.5883803928203624,0.9346318148574064,False
NCF4,RNA,8,8w,"trained, F+M pooled",-0.3417961495143319,0.19236990005543267,-0.71884115362298,0.03524885459431609,0.824651680056293,False
NEXN,RNA,8,8w,"trained, F+M pooled",0.019658245368443603,0.03942867446331224,-0.05762195657964839,0.09693844731653559,0.9678680476239324,False
NFIL3,RNA,8,8w,"trained, F+M pooled",0.4016799158270583,0.12710296297448317,0.1525581083970713,0.6508017232570453,0.0217844870484741,True
NLRC4,RNA,8,8w,"trained, F+M pooled",-0.3635911858085955,0.35424904041623106,-1.0579193050244085,0.3307369334072173,0.9346318148574064,False
NPL,RNA,8,8w,"trained, F+M pooled",0.16235025608059242,0.1380866210010124,-0.10829952108139188,0.43300003324257674,0.6435713699528164,False
NQO2,RNA,8,8w,"trained, F+M pooled",-0.013253796232256431,0.08988454149183739,-0.1894274975562577,0.16291990509174487,0.8350770118977678,False
NR1D2,RNA,8,8w,"trained, F+M pooled",-0.04196227062193695,0.051146760370302094,-0.14220992094772905,0.05828537970385516,0.839574875763643,False
NRIP1,RNA,8,8w,"trained, F+M pooled",-0.10147229598737803,0.1076313593601863,-0.31242976033334313,0.1094851683585871,0.9686974000464176,False
NRN1,RNA,8,8w,"trained, F+M pooled",0.0667617172280659,0.4644405344915345,-0.8435417303753417,0.9770651648314735,0.902414474199081,False
NTNG2,RNA,8,8w,"trained, F+M pooled",0.05997558111812998,0.09326085786127182,-0.12281570028996278,0.24276686252622273,0.905853717839649,False
NUMB,RNA,8,8w,"trained, F+M pooled",0.05351837779448266,0.08477165249625013,-0.11263406109816759,0.2196708166871329,0.7048449474401346,False
NUSAP1,RNA,8,8w,"trained, F+M pooled",-0.1447512947587878,0.34933980728587866,-0.82945731703911,0.5399547275215344,0.9808165081262544,False
OPHN1,RNA,8,8w,"trained, F+M pooled",0.13971237457499822,0.09884107881202651,-0.05401613989657375,0.3334408890465702,0.8536442330713528,False
PAPSS2,RNA,8,8w,"trained, F+M pooled",0.05692433795647395,0.08959051272354235,-0.11867306698166905,0.23252174289461694,0.8739214605521514,False
PCDH9,RNA,8,8w,"trained, F+M pooled",-0.14439242846314745,0.3540866376669575,-0.8384022382903842,0.5496173813640892,0.9315362437267,False
PCMTD2,RNA,8,8w,"trained, F+M pooled",0.06759083086036864,0.05894336552958172,-0.04793816557761153,0.1831198272983488,0.7054529821496417,False
PFKFB3,RNA,8,8w,"trained, F+M pooled",0.7751814839214937,0.20282180424944393,0.37765074759258355,1.172712220250404,0.0186500691466362,True
PGS1,RNA,8,8w,"trained, F+M pooled",-0.02691390280973379,0.06312993878999407,-0.15064858283812216,0.09682077721865459,0.8836649421195623,False
PHTF1,RNA,8,8w,"trained, F+M pooled",0.1330234315978441,0.11149860448514826,-0.08551383319304648,0.35156069638873466,0.8789367445761944,False
PLA2G4A,RNA,8,8w,"trained, F+M pooled",-0.10240071968887819,0.1480201121756512,-0.39252013955315457,0.18771870017539816,0.5353320559082464,False
PLBD1,RNA,8,8w,"trained, F+M pooled",0.03873427241684938,0.04793547491650341,-0.0552192584194973,0.13268780325319607,0.7025271669793194,False
PLEKHN1,RNA,8,8w,"trained, F+M pooled",-0.03219168882693929,0.16739309819901035,-0.3602821612969996,0.295898783643121,0.8286096097188651,False
PLEKHO2,RNA,8,8w,"trained, F+M pooled",-0.16079824127803932,0.10362282973709006,-0.36389898756273586,0.04230250500665719,0.1705579791480126,False
PLP2,RNA,8,8w,"trained, F+M pooled",-0.05210892971158568,0.06991220106554775,-0.18913684380005927,0.08491898437688791,0.9140352459034398,False
PLSCR1,RNA,8,8w,"trained, F+M pooled",0.09487184350166455,0.18773785992882522,-0.27309436195883285,0.46283804896216196,0.989060748841215,False
PLXNC1,RNA,8,8w,"trained, F+M pooled",-0.6084479974576273,0.1881182976787814,-0.977159860908039,-0.23973613400721577,0.1814152891580892,False
PPP1R15A,RNA,8,8w,"trained, F+M pooled",-0.13864442330884733,0.09897062514811727,-0.33262684859915714,0.05533800198146252,0.5798456649424301,False
PPP1R3B,RNA,8,8w,"trained, F+M pooled",0.021981628940067124,0.15329264793086395,-0.2784719610044262,0.32243521888456045,0.9806401744156454,False
PPP1R3D,RNA,8,8w,"trained, F+M pooled",0.12074009101847416,0.08576643514046095,-0.04736212185682931,0.28884230389377763,0.6995481317772656,False
PRC1,RNA,8,8w,"trained, F+M pooled",0.4493882017920698,0.34336339034538044,-0.22360404328487588,1.1223804468690155,0.7412454177780133,False
PRF1,RNA,8,8w,"trained, F+M pooled",-0.014674517694391187,0.3351241904420779,-0.6715179309608639,0.6421688955720815,0.8199172925419449,False
PRKACB,RNA,8,8w,"trained, F+M pooled",-0.01003354299302899,0.06510450498456534,-0.13763837276277707,0.11757128677671909,0.9806401744156454,False
PRKCD,RNA,8,8w,"trained, F+M pooled",0.06336526355687083,0.1345382981727636,-0.20032980086174584,0.3270603279754875,0.9292232637504836,False
PROS1,RNA,8,8w,"trained, F+M pooled",-0.13177285574833228,0.11687971054058997,-0.36085708840788866,0.09731137691122407,0.6013739845527987,False
PRSS23,RNA,8,8w,"trained, F+M pooled",0.2550020590867002,0.058611117788006616,0.14012426822220725,0.36987984995119316,0.1291275525283929,False
PSTPIP2,RNA,8,8w,"trained, F+M pooled",-0.08081284076229178,0.05261936343115857,-0.18394679308736256,0.02232111156277901,0.5226716206724092,False
PTGS2,RNA,8,8w,"trained, F+M pooled",-0.6926009051499962,0.3783454568921966,-1.4341580006587016,0.04895619035870924,0.7481090729438835,False
PYGL,RNA,8,8w,"trained, F+M pooled",-0.2751266039750139,0.25039913805061154,-0.7659089145542124,0.2156557066041847,0.6832079733961712,False
QPCT,RNA,8,8w,"trained, F+M pooled",-0.2542193846771978,0.2705283819594671,-0.7844550133177532,0.2760162439633577,0.8316747702223218,False
RAB13,RNA,8,8w,"trained, F+M pooled",0.1932211547372267,0.1898158565183117,-0.17881792403866423,0.5652602335131176,0.393584467823396,False
RAB20,RNA,8,8w,"trained, F+M pooled",0.0691824208119347,0.07572115583987479,-0.07923104463421989,0.2175958862580893,0.9315093569916352,False
RAB31,RNA,8,8w,"trained, F+M pooled",0.0007724982045908438,0.08911269005677105,-0.17388837430668042,0.17543337071586212,0.8350966637238874,False
RAB32,RNA,8,8w,"trained, F+M pooled",-0.23846014970868085,0.17442806725339402,-0.580339161525333,0.10341886210797141,0.2593306346487088,False
RACGAP1,RNA,8,8w,"trained, F+M pooled",-0.26666844687563684,0.42276139239211125,-1.095280775964175,0.5619438822129011,0.9713620665840452,False
RBL2,RNA,8,8w,"trained, F+M pooled",-0.02794834139342133,0.04636368695761926,-0.11882116783035508,0.06292448504351243,0.8882218269278332,False
RBPJ,RNA,8,8w,"trained, F+M pooled",-0.09342283142575518,0.0519643663432481,-0.19527298945852145,0.008427326607011093,0.3374513311232225,False
RC3H1,RNA,8,8w,"trained, F+M pooled",0.09700258819369277,0.05746563766247368,-0.015630061624755637,0.20963523801214118,0.3062658125812963,False
RETN,RNA,8,8w,"trained, F+M pooled",0.4274075586137154,0.5578348403757908,-0.6659487285228345,1.5207638457502652,0.9568154918205164,False
RGL1,RNA,8,8w,"trained, F+M pooled",0.09950353977685417,0.07645563570816916,-0.050349506211157385,0.24935658576486572,0.8518907313017318,False
RNASE2,RNA,8,8w,"trained, F+M pooled",0.16150127851442503,0.2867045673883615,-0.4004396735667634,0.7234422305956134,0.9292232637504836,False
RNASE4,RNA,8,8w,"trained, F+M pooled",-0.03747792899526312,0.08917558189221622,-0.21226206950400692,0.13730621151348069,0.5291296945263342,False
RRAGD,RNA,8,8w,"trained, F+M pooled",0.08014838902974561,0.04719720020530243,-0.012358123372647148,0.17265490143213835,0.4952606937071469,False
RRM2,RNA,8,8w,"trained, F+M pooled",-0.23902435158649624,0.25779588069993875,-0.7443042777583762,0.2662555745853836,0.7656674889511884,False
RTN1,RNA,8,8w,"trained, F+M pooled",0.03246826354702406,0.09439451463265901,-0.1525449851329876,0.2174815122270357,0.8446732971822083,False
S100A9,RNA,8,8w,"trained, F+M pooled",0.30743318304213935,0.5167844875046442,-0.7054644124669633,1.320330778551242,0.9733248307274156,False
SAMSN1,RNA,8,8w,"trained, F+M pooled",-0.09689352868287557,0.40346930025445066,-0.8876933571815989,0.6939062998158477,0.7571865114524091,False
SEC24D,RNA,8,8w,"trained, F+M pooled",-0.10291723923040326,0.10417132792772514,-0.30709304196874454,0.10125856350793801,0.3742227597840029,False
SELENBP1,RNA,8,8w,"trained, F+M pooled",-0.5202627418114527,0.12471653940342756,-0.7647071590421707,-0.27581832458073474,0.045166747135886,True
SELP,RNA,8,8w,"trained, F+M pooled",-0.15030968154128135,0.25293405169628763,-0.6460604228660051,0.3454410597834424,0.7264592728074502,False
SEMA4A,RNA,8,8w,"trained, F+M pooled",-0.09435093133480853,0.14681861340586408,-0.38211541361030216,0.19341355094068508,0.798538671780196,False
SERPINB1,RNA,8,8w,"trained, F+M pooled",-0.09334735953154505,0.15833757444835211,-0.40368900545031516,0.21699428638722507,0.8948419126561755,False
SERPING1,RNA,8,8w,"trained, F+M pooled",0.035315536949474854,0.07266117889488455,-0.10710037368449886,0.17773144758344855,0.8906925357727661,False
SIGLEC1,RNA,8,8w,"trained, F+M pooled",0.33156202416935,0.13094127723863777,0.07491712078161994,0.58820692755708,0.1390095086061344,False
SIPA1L2,RNA,8,8w,"trained, F+M pooled",0.050627816711616015,0.08247791059322734,-0.11102888805110958,0.2122845214743416,0.9678680476239324,False
SLA,RNA,8,8w,"trained, F+M pooled",0.3263433369197124,0.2562366664327291,-0.17588052928843656,0.8285672031278614,0.5843176998851652,False
SLAMF7,RNA,8,8w,"trained, F+M pooled",-0.05448994028731848,0.39670149232881263,-0.8320248652517912,0.7230449846771543,0.894385797420331,False
SLC11A1,RNA,8,8w,"trained, F+M pooled",-0.0646731070648255,0.20123340727388508,-0.45909058532164027,0.3297443711919893,0.9155248347407312,False
SLC16A10,RNA,8,8w,"trained, F+M pooled",-0.02385389503710194,0.08139529017402719,-0.18338866377819524,0.13568087370399134,0.4109785883205389,False
SLC16A3,RNA,8,8w,"trained, F+M pooled",0.032587928197580246,0.055155140289760166,-0.07551614677034968,0.14069200316551017,0.6436481310357162,False
SLC16A6,RNA,8,8w,"trained, F+M pooled",-0.3230013231511802,0.132038425533081,-0.581796637196019,-0.06420600910634139,0.2553284421487716,False
SLC22A15,RNA,8,8w,"trained, F+M pooled",-0.3510744998522343,0.19894400974568918,-0.7410047589537851,0.038855759249316446,0.3401747068135283,False
SLC26A8,RNA,8,8w,"trained, F+M pooled",0.39937484564363784,0.1689919541160136,0.06815061557625124,0.7305990757110244,0.4938018808724663,False
SLC2A3,RNA,8,8w,"trained, F+M pooled",0.22362068141236416,0.1372702150854945,-0.04542894015520507,0.4926703029799334,0.6232878761682297,False
SLC37A3,RNA,8,8w,"trained, F+M pooled",-0.09504696415405167,0.08360698603599706,-0.2589166567846059,0.06882272847650256,0.7629340153236223,False
SLPI,RNA,8,8w,"trained, F+M pooled",0.23248757988440605,0.38123202604592343,-0.5147271911656038,0.9797023509344159,0.8861462472053587,False
SNCA,RNA,8,8w,"trained, F+M pooled",-0.12148497854749775,0.360183743047429,-0.8274451149204586,0.5844751578254631,0.9808376937016352,False
SOCS3,RNA,8,8w,"trained, F+M pooled",-0.3861007591556794,0.27249768631761406,-0.9201962243382029,0.14799470602684422,0.6232878761682297,False
SOD2,RNA,8,8w,"trained, F+M pooled",0.15392006014159396,0.04382224013546132,0.06802846947608977,0.23981165080709815,0.1099972336177624,False
SORT1,RNA,8,8w,"trained, F+M pooled",0.05297273325134998,0.07104852722919805,-0.08628238011787819,0.19222784662057812,0.4351352858931473,False
SPON2,RNA,8,8w,"trained, F+M pooled",-0.4398469247962266,0.18046437107080143,-0.7935570920949975,-0.08613675749745581,0.3211769934104705,False
SRPK1,RNA,8,8w,"trained, F+M pooled",-0.011243558114169029,0.051347557181889394,-0.11188477019067225,0.08939765396233418,0.9989250472725932,False
SRSF6,RNA,8,8w,"trained, F+M pooled",-0.11566910024656588,0.05208219147471147,-0.21775019553700037,-0.013588004956131397,0.4056076697292894,False
ST6GALNAC3,RNA,8,8w,"trained, F+M pooled",0.07170924961916444,0.27554400453106803,-0.4683569992617289,0.6117754985000579,0.9884022873876284,False
TECPR2,RNA,8,8w,"trained, F+M pooled",0.11763432902866881,0.09492256311868769,-0.06841389468395905,0.3036825527412967,0.863344128512573,False
TGFB1I1,RNA,8,8w,"trained, F+M pooled",0.040956532397482426,0.1201505385753575,-0.19453852321021828,0.2764515880051831,0.9067368739007792,False
TGFBR3,RNA,8,8w,"trained, F+M pooled",0.08112064636494004,0.07452567191758235,-0.06494967059352136,0.22719096332340144,0.9292232637504836,False
THBD,RNA,8,8w,"trained, F+M pooled",-0.14583282938253034,0.07857918733185275,-0.2998480365529617,0.00818237778790104,0.7367380845447716,False
THBS1,RNA,8,8w,"trained, F+M pooled",-0.17407827988564661,0.18306741682420616,-0.5328904168610906,0.18473385708979745,0.5726045453153558,False
TIMP1,RNA,8,8w,"trained, F+M pooled",-0.07075286357120675,0.17188868359909265,-0.4076546834254283,0.2661489562830148,0.8230345407514412,False
TLE3,RNA,8,8w,"trained, F+M pooled",-0.030333124455072958,0.08510351865444767,-0.1971360210177904,0.13646977210764447,0.9609770043777992,False
TLR2,RNA,8,8w,"trained, F+M pooled",-0.29303104350441017,0.26082989629337844,-0.8042576402394319,0.21819555323061152,0.6184461508481136,False
TLR4,RNA,8,8w,"trained, F+M pooled",-0.20498278669741377,0.16194526341920235,-0.5223955029990504,0.11242992960422282,0.5883819862703172,False
TLR5,RNA,8,8w,"trained, F+M pooled",-0.07571194213966644,0.11527816949264602,-0.30165715434525264,0.15023327006591974,0.8259599833860211,False
TLR8,RNA,8,8w,"trained, F+M pooled",0.20395628759604859,0.18334757688035144,-0.1554049630894402,0.5633175382815374,0.8614655816968271,False
TM6SF1,RNA,8,8w,"trained, F+M pooled",0.28546844208768457,0.12026623733363394,0.04974661691376206,0.5211902672616071,0.6183983953595991,False
TMEM120A,RNA,8,8w,"trained, F+M pooled",0.03589895480964025,0.07945546944477115,-0.1198337653021112,0.19163167492139171,0.9946045430484812,False
TMEM158,RNA,8,8w,"trained, F+M pooled",-0.19753395162022,0.23203425636772873,-0.6523210941009683,0.25725319086052834,0.5500528084019154,False
TMEM176A,RNA,8,8w,"trained, F+M pooled",0.0698265876708213,0.10778508968570034,-0.1414321881131514,0.28108536345479396,0.9774745932353937,False
TMEM176B,RNA,8,8w,"trained, F+M pooled",0.0895650976085225,0.08739085268203611,-0.08172097364826826,0.2608511688653133,0.7969801110673318,False
TMEM185B,RNA,8,8w,"trained, F+M pooled",0.036401314608206205,0.08415361286257021,-0.1285397666024314,0.2013423958188438,0.7887734567280694,False
TMEM260,RNA,8,8w,"trained, F+M pooled",0.0693960373110598,0.09140542177938869,-0.10975858937654205,0.24855066399866166,0.9648004355317664,False
TMEM45B,RNA,8,8w,"trained, F+M pooled",0.26493419182311767,0.21599892555079023,-0.15842370225643115,0.6882920859026664,0.7412454177780133,False
TOP2A,RNA,8,8w,"trained, F+M pooled",-0.12757356882360796,0.274402816425762,-0.6654030890181014,0.41025595137088555,0.9825622642178292,False
TP53I3,RNA,8,8w,"trained, F+M pooled",0.0949707243489097,0.06400651092831093,-0.030482037070579712,0.2204234857683991,0.8513537221117965,False
TPX2,RNA,8,8w,"trained, F+M pooled",-0.41515997264972015,0.19025563062164935,-0.7880610086681529,-0.042258936631287436,0.1846105025265378,False
TSHZ3,RNA,8,8w,"trained, F+M pooled",-0.06565831787045849,0.10067725314226345,-0.2629857340292948,0.13166909828837786,0.8698818393702014,False
TSPAN13,RNA,8,8w,"trained, F+M pooled",0.1656098765685644,0.06438287736745628,0.03941943692835009,0.2918003162087787,0.4684673497720009,False
TSPO,RNA,8,8w,"trained, F+M pooled",0.4528196467295966,0.11544691266866894,0.2265436978990055,0.6790955955601877,0.0448139920165521,True
TUBG1,RNA,8,8w,"trained, F+M pooled",0.15262072138891863,0.04886910014771979,0.056837285099387846,0.24840415767844942,0.1236628166107503,False
TUFT1,RNA,8,8w,"trained, F+M pooled",0.5564013986242972,0.2566148260545976,0.053436339557285883,1.0593664576913084,0.3044914296019365,False
TXN,RNA,8,8w,"trained, F+M pooled",-0.23308894420109894,0.09720832124194591,-0.4236172538353129,-0.04256063456688497,0.6358532610553297,False
UGCG,RNA,8,8w,"trained, F+M pooled",-0.012116987010506793,0.06694109874008028,-0.14332154054106414,0.11908756652005056,0.9262053074014268,False
UHRF1,RNA,8,8w,"trained, F+M pooled",-0.11608962805509017,0.19040179766565288,-0.4892771514797698,0.2570978953695895,0.9608650993337238,False
UPP1,RNA,8,8w,"trained, F+M pooled",-0.02679798610840739,0.10868207454494493,-0.23981485221649945,0.18621887999968467,0.9882416343956456,False
VCAN,RNA,8,8w,"trained, F+M pooled",-0.2339162056732673,0.10497970091732137,-0.43967641947121716,-0.02815599187531742,0.0187485582775285,True
VIM,RNA,8,8w,"trained, F+M pooled",0.04942300682613446,0.06620722123443289,-0.080343146793354,0.1791891604456229,0.979157196678834,False
VMP1,RNA,8,8w,"trained, F+M pooled",0.12581761244218725,0.05395357597802473,0.020068603525258785,0.2315666213591157,0.4981137938567055,False
VNN1,RNA,8,8w,"trained, F+M pooled",0.2708741661682324,0.3158008967178074,-0.34809559139867013,0.889843923735135,0.9678680476239324,False
WDFY3,RNA,8,8w,"trained, F+M pooled",0.06700881661759803,0.04574654801694857,-0.02265441749562118,0.15667205073081725,0.8328398946786859,False
WSB1,RNA,8,8w,"trained, F+M pooled",-0.08240251339750734,0.11589945031608039,-0.3095654360170249,0.1447604092220102,0.8937969607873198,False
YIPF1,RNA,8,8w,"trained, F+M pooled",0.07514047954968017,0.11932390799819394,-0.15873438012677993,0.3090153392261403,0.6844527604780783,False
ZCWPW2,RNA,8,8w,"trained, F+M pooled",-0.11473114709960429,0.25472593906956964,-0.6139939876759608,0.3845316934767522,0.9278148285684424,False
ZNF438,RNA,8,8w,"trained, F+M pooled",-0.05151699608199335,0.14686520692562047,-0.3393728016562094,0.23633880949222275,0.9833355751301692,False
ZNF516,RNA,8,8w,"trained, F+M pooled",0.12474854991973809,0.08337383430602295,-0.038664165320066876,0.28816126515954305,0.4302677613343444,False
ZWINT,RNA,8,8w,"trained, F+M pooled",-0.09503129775090383,0.05318078280249075,-0.1992656320437857,0.009203036541978044,0.7413069766674747,False
ACOT13,PROT,1,1w,"trained, F+M pooled",0.05431702706390397,0.12896877550658187,-0.19846177292899653,0.30709582705680444,0.8154423110183221,False
ACOX1,PROT,1,1w,"trained, F+M pooled",0.06297074154298606,0.04522497622430653,-0.025670211856654745,0.15161169494262686,0.4929048958460164,False
ACSL1,PROT,1,1w,"trained, F+M pooled",0.230864085392778,0.0475816879105932,0.1376039770880153,0.3241241936975407,0.073306877329531,False
AGO3,PROT,1,1w,"trained, F+M pooled",-0.08100728154965747,0.12925843881030402,-0.3343538216178534,0.17233925851853843,0.7739733935836125,False
ALOX5AP,PROT,1,1w,"trained, F+M pooled",-0.21929932267493937,0.2856678063523199,-0.7792082231254864,0.34060957777560774,0.8356456629492164,False
ALYREF,PROT,1,1w,"trained, F+M pooled",0.10576020814102802,0.08133325426881179,-0.05365297022584309,0.2651733865078991,0.7005624847607604,False
ANG,PROT,1,1w,"trained, F+M pooled",-0.08644286229022588,0.07009677958752307,-0.2238325502817711,0.05094682570131934,0.8302457185583647,False
ANKRD13A,PROT,1,1w,"trained, F+M pooled",-0.222487541106102,0.13073169183515598,-0.47872165710300774,0.03374657489080371,0.7799803502047103,False
ANXA3,PROT,1,1w,"trained, F+M pooled",-0.025260110277926334,0.036561867750571485,-0.09692137106904644,0.04640115051319377,0.7460532664065881,False
ASCC2,PROT,1,1w,"trained, F+M pooled",-0.052718759581581884,0.05350052163845141,-0.15757978199294664,0.052142262829782876,0.8100143631903226,False
ASPH,PROT,1,1w,"trained, F+M pooled",-0.009730751386215056,0.037147158892295674,-0.08253918281511458,0.06307768004268446,0.6944670682393049,False
ATOX1,PROT,1,1w,"trained, F+M pooled",-0.00730310816272504,0.04510776705634571,-0.09571433159316264,0.08110811526771255,0.8173462849401468,False
ATXN1,PROT,1,1w,"trained, F+M pooled",0.09082762239269175,0.07394983263438742,-0.054114049570707604,0.23576929435609112,0.7677730063887401,False
BASP1,PROT,1,1w,"trained, F+M pooled",-0.026795614296950578,0.062202801147759695,-0.1487131045465596,0.09512187595265842,0.8714803893476989,False
BPGM,PROT,1,1w,"trained, F+M pooled",-0.0885363592922301,0.059541890465973246,-0.20523846460553766,0.028165746021077465,0.6944894625523735,False
C1QA,PROT,1,1w,"trained, F+M pooled",-0.06539079903328048,0.09452159518594995,-0.2506531255977424,0.11987152753118142,0.7998983939431041,False
C1QB,PROT,1,1w,"trained, F+M pooled",-0.13333346527576476,0.2854873107882523,-0.6928885944207392,0.4262216638692098,0.7623682951008484,False
C1QC,PROT,1,1w,"trained, F+M pooled",-0.01975968721000596,0.08639960692431622,-0.18910291678166574,0.14958354236165383,0.7201563304279286,False
C4BPA,PROT,1,1w,"trained, F+M pooled",0.016040770264383258,0.15594254995723036,-0.28960662765178824,0.3216881681805548,0.6160051094721528,False
CA2,PROT,1,1w,"trained, F+M pooled",0.0779199472775892,0.15370269997338684,-0.22333734467024896,0.3791772392254274,0.3803357793595211,False
CA4,PROT,1,1w,"trained, F+M pooled",0.18258421889494908,0.08861478959591258,0.008899231286960407,0.35626920650293775,0.5134534190233452,False
CAPN3,PROT,1,1w,"trained, F+M pooled",0.0596151212152475,0.03645255888165286,-0.011831894192792104,0.1310621366232871,0.4466381753086436,False
CD14,PROT,1,1w,"trained, F+M pooled",0.08509711567645876,0.06886482918044323,-0.04987794951720996,0.22007218087012748,0.8266331372198424,False
CD163,PROT,1,1w,"trained, F+M pooled",0.029680432126397278,0.058787414879078154,-0.08554290103659591,0.14490376528939047,0.6304825913850709,False
CD200,PROT,1,1w,"trained, F+M pooled",0.14069470848825968,0.11841986856274951,-0.09140823389472935,0.3727976508712487,0.8302457185583647,False
CD59,PROT,1,1w,"trained, F+M pooled",-0.010118235966043745,0.0741051805361791,-0.15536438981695477,0.13512791788486728,0.6149357328903768,False
CFLAR,PROT,1,1w,"trained, F+M pooled",-0.08383010986292323,0.14253471347704746,-0.36319814827793623,0.1955379285520898,0.9083686886713932,False
CKAP4,PROT,1,1w,"trained, F+M pooled",-0.13953379424366497,0.0705950442982872,-0.2779000810683079,-0.0011675074190220514,0.6804649772731747,False
CLIC2,PROT,1,1w,"trained, F+M pooled",-0.08578489859222145,0.0911130540001153,-0.2643664844324474,0.09279668724800454,0.8109054936460346,False
CMPK2,PROT,1,1w,"trained, F+M pooled",-0.12411006368167214,0.04057883371919457,-0.2036445777712935,-0.04457554959205079,0.1928225419113753,False
COL6A3,PROT,1,1w,"trained, F+M pooled",0.2835343538354682,0.14765253524825123,-0.0058646152511042104,0.5729333229220406,0.5724326100424131,False
COQ2,PROT,1,1w,"trained, F+M pooled",-0.053241879140594556,0.09739239237673306,-0.24413096819899135,0.13764720991780224,0.6647910012109943,False
CPA3,PROT,1,1w,"trained, F+M pooled",0.28381490534844744,0.3026353393950509,-0.30935035986585224,0.8769801705627471,0.6005312857040093,False
CPEB4,PROT,1,1w,"trained, F+M pooled",0.09981370277576428,0.09263452400287903,-0.08174996426987861,0.28137736982140715,0.7569500734644036,False
CR1L,PROT,1,1w,"trained, F+M pooled",0.04504508011759828,0.04323856823461213,-0.0397025136222415,0.12979267385743806,0.8376938700349554,False
CUX1,PROT,1,1w,"trained, F+M pooled",-0.1623008181467893,0.12122371970060163,-0.3998993087599685,0.07529767246638988,0.4407795299366026,False
DDX17,PROT,1,1w,"trained, F+M pooled",0.04133736491997201,0.044280302807483476,-0.0454520285826956,0.12812675842263963,0.870731809325443,False
DHRS13,PROT,1,1w,"trained, F+M pooled",-0.18995104864479312,0.08368816575337812,-0.35397985352141426,-0.02592224376817201,0.3069126717857311,False
DHRS7B,PROT,1,1w,"trained, F+M pooled",0.03415254036176514,0.09655015020833384,-0.15508575404656916,0.22339083477009947,0.7799803502047103,False
DNAJC3,PROT,1,1w,"trained, F+M pooled",-0.042028509623764754,0.04442445304690504,-0.12910043759569861,0.04504341834816912,0.7619545151489895,False
DUSP3,PROT,1,1w,"trained, F+M pooled",-0.04297230926367034,0.03814801080130025,-0.11774241043421885,0.031797791906878155,0.6065387998566699,False
DYSF,PROT,1,1w,"trained, F+M pooled",-0.0783818290609749,0.05142401383305371,-0.17917289617376017,0.02240923805181036,0.4820570198087049,False
EIF4E3,PROT,1,1w,"trained, F+M pooled",0.009438557252036472,0.04793634660246166,-0.08451668208878838,0.10339379659286133,0.7177400214219765,False
ERLIN1,PROT,1,1w,"trained, F+M pooled",-0.1418306808554404,0.05815201783045354,-0.25580863580312935,-0.027852725907751466,0.162954189493046,False
FBXO6,PROT,1,1w,"trained, F+M pooled",-0.060940812533696744,0.044446173937580505,-0.14805531345135453,0.02617368838396105,0.6579261943260551,False
FHIT,PROT,1,1w,"trained, F+M pooled",-0.017660423453255088,0.06273558576119467,-0.14062217154519666,0.10530132463868647,0.5555700400621046,False
FHL2,PROT,1,1w,"trained, F+M pooled",-0.14845137064932615,0.08099438889091251,-0.30720037287551466,0.010297631576862365,0.5582121868585777,False
FKBP5,PROT,1,1w,"trained, F+M pooled",0.20936682414426705,0.051721617827129245,0.10799245320309374,0.31074119508544035,0.1853943583514843,False
FKBP9,PROT,1,1w,"trained, F+M pooled",-0.14385521549378635,0.06673864344646169,-0.27466295664885126,-0.013047474338721443,0.4274617823641675,False
FLOT1,PROT,1,1w,"trained, F+M pooled",0.006082751462376358,0.03436803030073301,-0.06127858792706034,0.07344409085181305,0.8288394412098607,False
FLOT2,PROT,1,1w,"trained, F+M pooled",-0.03922627115525762,0.05392258285882395,-0.14491453355855255,0.06646199124803732,0.8719118079905964,False
GAS7,PROT,1,1w,"trained, F+M pooled",-0.017300516425916176,0.10167394346656908,-0.21658144562039156,0.1819804127685592,0.9835478651469424,False
GBP1,PROT,1,1w,"trained, F+M pooled",-0.17471106795385982,0.11551585525234662,-0.40112214424845916,0.05170000834073954,0.5232754378335359,False
GGH,PROT,1,1w,"trained, F+M pooled",-0.06662837579381849,0.06541459261266797,-0.19484097731464772,0.061584225727010736,0.7523028432098995,False
GM2A,PROT,1,1w,"trained, F+M pooled",-0.21999121391090365,0.09757514810860043,-0.4112385042037605,-0.028743923618046813,0.5111791851527363,False
GP1BB,PROT,1,1w,"trained, F+M pooled",-0.20557050058536602,0.10544698287356659,-0.41224658701755656,0.0011055858468244917,0.6804649772731747,False
GRB10,PROT,1,1w,"trained, F+M pooled",0.0031007807979307137,0.037243946057928856,-0.06989735347560984,0.07609891507147128,0.9856907813753398,False
GYG1,PROT,1,1w,"trained, F+M pooled",0.023359288839280894,0.04131903790848537,-0.057626025461350434,0.10434460313991223,0.7478496097812177,False
HBZ,PROT,1,1w,"trained, F+M pooled",-0.09896263953805029,0.18015241307754976,-0.4520613691700478,0.2541360900939472,0.7793592654687301,False
HDAC4,PROT,1,1w,"trained, F+M pooled",0.1427580051519912,0.13543216229006028,-0.12268903293652697,0.4082050432405093,0.6676172949254255,False
HIP1,PROT,1,1w,"trained, F+M pooled",0.01711310996617811,0.04439954603827116,-0.06991000026883336,0.10413622020118958,0.7523028432098995,False
HP,PROT,1,1w,"trained, F+M pooled",-0.24150405954688375,0.19813653404111412,-0.6298516662674674,0.1468435471736999,0.7799803502047103,False
HSPA1B,PROT,1,1w,"trained, F+M pooled",0.006822884427464636,0.12550054924550824,-0.23915819209373151,0.2528039609486608,0.6504894057211663,False
IGF2R,PROT,1,1w,"trained, F+M pooled",-0.13566368520293234,0.03879127669257408,-0.21169458752037754,-0.05963278288548715,0.2344406722429343,False
KIF1B,PROT,1,1w,"trained, F+M pooled",-0.007721521171728812,0.05488451491459844,-0.11529517040434174,0.09985212806088413,0.7217221918929714,False
LMNB1,PROT,1,1w,"trained, F+M pooled",-0.044196404697574534,0.033596250602045345,-0.11004505587758341,0.021652246482434342,0.7799803502047103,False
LRG1,PROT,1,1w,"trained, F+M pooled",-0.1462381543525097,0.13504381780276134,-0.4109240372459219,0.11844772854090252,0.7844258947857831,False
MAFF,PROT,1,1w,"trained, F+M pooled",0.1359878570062976,0.2292217540768085,-0.3132867809842471,0.5852624949968422,0.630828909708747,False
MAGOH,PROT,1,1w,"trained, F+M pooled",0.06174344897369081,0.05281929484609974,-0.041782368924664685,0.1652692668720463,0.3025790898902518,False
MAP2K6,PROT,1,1w,"trained, F+M pooled",0.07129322060740459,0.04117104837717575,-0.00940203421185988,0.15198847542666905,0.5632917603374218,False
MAPK14,PROT,1,1w,"trained, F+M pooled",0.051413587029496076,0.042259628256185816,-0.031415284352628116,0.13424245841162027,0.6149357328903768,False
MARCKS,PROT,1,1w,"trained, F+M pooled",-0.1961906829076212,0.06547422118033981,-0.3245201564210872,-0.06786120939415519,0.1746572186833666,False
MGST1,PROT,1,1w,"trained, F+M pooled",-0.11474780683523601,0.28211781074474157,-0.6676987158949295,0.43820310222445746,0.9093625068208936,False
MKNK1,PROT,1,1w,"trained, F+M pooled",0.038444499572271404,0.03530842729593718,-0.030760017927765476,0.10764901707230828,0.7167377013256071,False
MRC1,PROT,1,1w,"trained, F+M pooled",-0.06854628142041767,0.06382382819360868,-0.19364098467989072,0.056548421839055354,0.7584496799226923,False
MRPL53,PROT,1,1w,"trained, F+M pooled",0.06283703543093325,0.04445249795951142,-0.024289860569709137,0.14996393143157563,0.7799803502047103,False
MSRA,PROT,1,1w,"trained, F+M pooled",0.07070278644677046,0.06765282122609995,-0.06189674315638542,0.20330231604992632,0.8186585222864122,False
MSRB1,PROT,1,1w,"trained, F+M pooled",-0.20800761029424902,0.12594431143379226,-0.4548584607044818,0.03884324011598378,0.5430762714262979,False
MT2A,PROT,1,1w,"trained, F+M pooled",-0.016846313249421534,0.25611053476649615,-0.518822961391754,0.4851303348929109,0.7618354799713265,False
MTX1,PROT,1,1w,"trained, F+M pooled",-0.03557313826520865,0.06452537724358236,-0.1620428776626301,0.09089660113221278,0.4360253039227681,False
NEXN,PROT,1,1w,"trained, F+M pooled",-0.05010051404172379,0.06200606410960439,-0.1716323996965484,0.07143137161310081,0.8911023667463004,False
NPL,PROT,1,1w,"trained, F+M pooled",-0.08314633986969176,0.04716067300956309,-0.1755812589684354,0.00928857922905188,0.5080262942986539,False
NQO2,PROT,1,1w,"trained, F+M pooled",-0.015246272726634846,0.03907527441384857,-0.09183381057777804,0.06134126512450835,0.9589901599589372,False
NUMB,PROT,1,1w,"trained, F+M pooled",-0.02934403037397719,0.06383759230896544,-0.15446571129954945,0.09577765055159505,0.9109616797659248,False
ORM1,PROT,1,1w,"trained, F+M pooled",0.12931985887924397,0.11694198718220637,-0.09988643599788052,0.3585261537563684,0.4297540650950648,False
PFKFB3,PROT,1,1w,"trained, F+M pooled",-0.028636580831931623,0.0815925080546539,-0.18855789661905328,0.13128473495519002,0.7677730063887401,False
PGS1,PROT,1,1w,"trained, F+M pooled",0.16936943152638062,0.10058351890927202,-0.027774265535792514,0.3665131285885538,0.4815612284597836,False
PLBD1,PROT,1,1w,"trained, F+M pooled",0.03282383111667589,0.03953545038784289,-0.044665651643496174,0.11031331387684795,0.6984603546940646,False
PLEKHO2,PROT,1,1w,"trained, F+M pooled",0.0033254033409570965,0.06887195851116544,-0.13166363534092715,0.13831444202284135,0.7774469444434863,False
PLP2,PROT,1,1w,"trained, F+M pooled",-0.09572970717318376,0.08230611724717705,-0.2570496969776508,0.06559028263128326,0.4630369167536092,False
PPP1R3D,PROT,1,1w,"trained, F+M pooled",-0.014191267543341657,0.05319143541902496,-0.11844648096463058,0.09006394587794726,0.8325029859522232,False
PRKACB,PROT,1,1w,"trained, F+M pooled",-0.002916887972767339,0.054604744319433754,-0.10994218683885751,0.10410841089332282,0.9690873595017118,False
PROS1,PROT,1,1w,"trained, F+M pooled",-0.11374157259788736,0.11777231672281886,-0.34457531337461234,0.11709216817883761,0.7584496799226923,False
PRSS23,PROT,1,1w,"trained, F+M pooled",0.05855077556668558,0.058523994562957905,-0.05615625377671191,0.17325780491008308,0.7799803502047103,False
PSTPIP2,PROT,1,1w,"trained, F+M pooled",-0.17221303145158123,0.06074478896156931,-0.2912728178162571,-0.05315324508690539,0.1813403353983725,False
PYGL,PROT,1,1w,"trained, F+M pooled",0.02798425721299891,0.04757748812961086,-0.06526761952103836,0.12123613394703618,0.6993704374912684,False
RAB13,PROT,1,1w,"trained, F+M pooled",0.429859532122242,0.36584750859730886,-0.2872015847284834,1.1469206489729673,0.6660276667446481,False
RNASE4,PROT,1,1w,"trained, F+M pooled",-0.060786162388573,0.06646107351074725,-0.19104986646963762,0.06947754169249161,0.8521083998516005,False
RRAGD,PROT,1,1w,"trained, F+M pooled",0.06316282756588806,0.059720319920776754,-0.05388899947883437,0.18021465461061048,0.5724326100424131,False
RTN1,PROT,1,1w,"trained, F+M pooled",0.2258794421210349,0.07590539430231641,0.07710486928849472,0.3746540149535751,0.1602426670663538,False
S100A8,PROT,1,1w,"trained, F+M pooled",-0.14652950237509937,0.17185084388748478,-0.48335715639456955,0.1902981516443708,0.5610881177258109,False
S100A9,PROT,1,1w,"trained, F+M pooled",0.11989294701083619,0.2400765963602468,-0.3506571818552475,0.5904430758769199,0.5824887552699977,False
SEC24D,PROT,1,1w,"trained, F+M pooled",-0.08874193284528807,0.07028828523453581,-0.22650697190497826,0.04902310621440213,0.6964717086708426,False
SERPINB1,PROT,1,1w,"trained, F+M pooled",0.1300061351645346,0.06189440749067113,0.008693096482819199,0.25131917384625,0.3198218036816161,False
SERPING1,PROT,1,1w,"trained, F+M pooled",0.07730365460362595,0.11560384321632067,-0.14927987810036256,0.30388718730761444,0.5725976273921163,False
SLC16A3,PROT,1,1w,"trained, F+M pooled",0.09658811870788578,0.06150954623800133,-0.023970591918596837,0.2171468293343684,0.464139931615212,False
SNCA,PROT,1,1w,"trained, F+M pooled",0.186311454163298,0.15418138383001204,-0.11588405814352556,0.4885069664701216,0.3316110650347028,False
SOD2,PROT,1,1w,"trained, F+M pooled",0.029718485724388777,0.05544047609513781,-0.07894484742208133,0.13838181887085887,0.9349887838508866,False
SORT1,PROT,1,1w,"trained, F+M pooled",-0.10461393088803222,0.059589229665145835,-0.22140882103171805,0.012180959255653614,0.4766684989938686,False
SRPK1,PROT,1,1w,"trained, F+M pooled",-0.05362595835094126,0.07648898206765663,-0.20354436320354824,0.09629244650166574,0.6383813672637768,False
SRSF6,PROT,1,1w,"trained, F+M pooled",-0.07140986711602934,0.06560820290092657,-0.2000019448018454,0.05718221056978673,0.3163357224972444,False
TGFB1I1,PROT,1,1w,"trained, F+M pooled",0.03349643219879396,0.07284197452259462,-0.10927383786549151,0.17626670226307944,0.9349321197281242,False
THBS1,PROT,1,1w,"trained, F+M pooled",-0.03477082598924733,0.1515012879647827,-0.33171335040022143,0.26217169842172683,0.464306463306356,False
TP53I3,PROT,1,1w,"trained, F+M pooled",-0.016684262223499287,0.046353614347486624,-0.10753734634457307,0.07416882189757448,0.6225476725119683,False
TUBG1,PROT,1,1w,"trained, F+M pooled",-0.040706772938856495,0.03834379751656231,-0.11586061607131863,0.03444707019360564,0.8175783469007012,False
TXN,PROT,1,1w,"trained, F+M pooled",0.07766119904185095,0.08864776740232092,-0.09608842506669804,0.2514108231504,0.6591352974721827,False
UPP1,PROT,1,1w,"trained, F+M pooled",-0.02564504731736079,0.06048885584679268,-0.14420320477707443,0.09291311014235286,0.9124222910760807,False
USP9Y,PROT,1,1w,"trained, F+M pooled",0.074542475250776,0.04747911617593208,-0.018516592454050892,0.16760154295560287,0.6122795188412318,False
VCAN,PROT,1,1w,"trained, F+M pooled",0.053067484699771655,0.04559739523167442,-0.03630340995431021,0.1424383793538535,0.6038808719225598,False
VIM,PROT,1,1w,"trained, F+M pooled",-0.09036825931780577,0.06354627483465204,-0.2149189579937238,0.03418243935811223,0.6964717086708426,False
VMP1,PROT,1,1w,"trained, F+M pooled",-0.04478724327797532,0.0680939728195411,-0.17825143000427587,0.08867694344832525,0.514564985930445,False
ZWINT,PROT,1,1w,"trained, F+M pooled",-0.009187145006485164,0.053888229296116696,-0.1148080744268739,0.09643378441390356,0.8462169890789726,False
ACOT13,PROT,2,2w,"trained, F+M pooled",0.3150679767681208,0.1289687755065832,0.062289176775217725,0.5678467767610239,0.3498000707639119,False
ACOX1,PROT,2,2w,"trained, F+M pooled",0.08119151655392096,0.04522497622430667,-0.007449436845720123,0.16983246995356205,0.5026700679998656,False
ACSL1,PROT,2,2w,"trained, F+M pooled",0.24211971939193772,0.047581687910593175,0.1488596110871751,0.33537982769670033,0.0391930754808281,True
AGO3,PROT,2,2w,"trained, F+M pooled",-0.09275628871517166,0.12381189715987008,-0.33542760714851705,0.1499150297181737,0.6919029020900294,False
ALOX5AP,PROT,2,2w,"trained, F+M pooled",-0.5980029325196512,0.28566780635232003,-1.1579118329701985,-0.038094032069104,0.2254696202113114,False
ALYREF,PROT,2,2w,"trained, F+M pooled",0.02837720280526197,0.08133325426881119,-0.13103597556160798,0.1877903811721319,0.9124424758343244,False
ANG,PROT,2,2w,"trained, F+M pooled",-0.020102644305532907,0.07009677958752299,-0.15749233229707796,0.11728704368601214,0.7323409652754554,False
ANKRD13A,PROT,2,2w,"trained, F+M pooled",-0.3780208990244592,0.13073169183515637,-0.6342550150213657,-0.12178678302755269,0.1036104656367666,False
ANXA3,PROT,2,2w,"trained, F+M pooled",-0.058200436831753515,0.036561867750571596,-0.12986169762287383,0.013460823959366812,0.4425209466764138,False
ASCC2,PROT,2,2w,"trained, F+M pooled",-0.009350603539081348,0.05350052163845144,-0.11421162595044616,0.09551041887228347,0.8426278659500246,False
ASPH,PROT,2,2w,"trained, F+M pooled",0.21826828133388496,0.17624222259800604,-0.12716647495820685,0.5637030376259767,0.3540121370451166,False
ATOX1,PROT,2,2w,"trained, F+M pooled",0.031062803490665356,0.04510776705634508,-0.05734841993977101,0.11947402692110172,0.7196776329228332,False
ATXN1,PROT,2,2w,"trained, F+M pooled",0.09223799840503567,0.07394983263438738,-0.0527036735583636,0.23717967036843496,0.6169560678146703,False
BASP1,PROT,2,2w,"trained, F+M pooled",-0.038491495116674504,0.062202801147759584,-0.16040898536628329,0.08342599513293428,0.9072439286829398,False
BPGM,PROT,2,2w,"trained, F+M pooled",-0.13414784670240135,0.05954189046597384,-0.2508499520157101,-0.01744574138909262,0.2610625941466702,False
C1QA,PROT,2,2w,"trained, F+M pooled",-0.20028897969963871,0.09452159518594992,-0.38555130626410056,-0.01502665313517687,0.2504236553974824,False
C1QB,PROT,2,2w,"trained, F+M pooled",-0.1269306246170991,0.2854873107882535,-0.686485753762076,0.4326245045278777,0.6809169459067234,False
C1QC,PROT,2,2w,"trained, F+M pooled",-0.2094979359428011,0.08639960692431616,-0.3788411655144608,-0.04015470637114146,0.3362499323441298,False
C4BPA,PROT,2,2w,"trained, F+M pooled",-0.17708961315593766,0.15594254995723036,-0.4827370110721092,0.12855778476023386,0.4809290369627847,False
CA2,PROT,2,2w,"trained, F+M pooled",-0.14609849289762772,0.1537026999733867,-0.4473557848454657,0.15515879905021024,0.3241589167736567,False
CA4,PROT,2,2w,"trained, F+M pooled",0.2087403958974873,0.08861478959591268,0.03505540828949846,0.38242538350547617,0.4856284143602287,False
CAPN3,PROT,2,2w,"trained, F+M pooled",0.05229390238774779,0.03645255888165283,-0.01915311302029176,0.12374091779578733,0.6217072145889805,False
CD14,PROT,2,2w,"trained, F+M pooled",-0.06877450246500684,0.06886482918044326,-0.20374956765867563,0.06620056272866194,0.5240865148671285,False
CD163,PROT,2,2w,"trained, F+M pooled",0.02160953649743044,0.05878741487907818,-0.09361379666556278,0.13683286966042366,0.8015863784294941,False
CD200,PROT,2,2w,"trained, F+M pooled",0.16389363434137622,0.11841986856274958,-0.06820930804161296,0.3959965767243654,0.478768715045485,False
CD59,PROT,2,2w,"trained, F+M pooled",-0.06733741500917372,0.0741051805361792,-0.21258356886008495,0.07790873884173753,0.8275452514030083,False
CFLAR,PROT,2,2w,"trained, F+M pooled",-0.0027270374127364673,0.14253471347704763,-0.2820950758277498,0.2766410010022769,0.8910575645869957,False
CKAP4,PROT,2,2w,"trained, F+M pooled",-0.13230138448057624,0.07059504429828736,-0.27066767130521946,0.00606490234406698,0.5773004609921333,False
CLIC2,PROT,2,2w,"trained, F+M pooled",-0.11228349738983462,0.09111305400011516,-0.29086508323006033,0.06629808845039109,0.3909263167481755,False
CMPK2,PROT,2,2w,"trained, F+M pooled",-0.08932987153290917,0.040578833719194685,-0.16886438562253075,-0.009795357443287592,0.524734414528821,False
COL6A3,PROT,2,2w,"trained, F+M pooled",0.24404458068450965,0.14765253524825128,-0.04535438840206288,0.5334435497710822,0.5400516331623206,False
COQ2,PROT,2,2w,"trained, F+M pooled",-0.21272753416802873,0.09739239237673306,-0.40361662322642555,-0.021838445109631927,0.2325491161187906,False
CPA3,PROT,2,2w,"trained, F+M pooled",0.344558661093544,0.3026353393950518,-0.24860660412075747,0.9377239263078454,0.7460805908736033,False
CPEB4,PROT,2,2w,"trained, F+M pooled",0.06760208515727037,0.09263452400287892,-0.1139615818883723,0.24916575220291304,0.8786034523421035,False
CR1L,PROT,2,2w,"trained, F+M pooled",0.009847162502390094,0.04323856823461216,-0.07490043123744974,0.09459475624222993,0.7435887540445324,False
CUX1,PROT,2,2w,"trained, F+M pooled",-0.09889197298011441,0.056409470990768575,-0.2094545361220208,0.011670590161791991,0.6217072145889805,False
DDX17,PROT,2,2w,"trained, F+M pooled",0.02422808879059694,0.04428030280748314,-0.06256130471207001,0.1110174822932639,0.8704735719117158,False
DHRS13,PROT,2,2w,"trained, F+M pooled",-0.20271142031132738,0.08368816575337829,-0.3667402251879488,-0.03868261543470594,0.2888698107907967,False
DHRS7B,PROT,2,2w,"trained, F+M pooled",0.04077634335936932,0.0965501502083338,-0.14846195104896492,0.23001463776770353,0.4693388405382258,False
DNAJC3,PROT,2,2w,"trained, F+M pooled",-0.04114496805427834,0.04442445304690509,-0.1282168960262123,0.04592695991765563,0.7918706309205881,False
DUSP3,PROT,2,2w,"trained, F+M pooled",-0.10525247570559015,0.03814801080130014,-0.18002257687613843,-0.03048237453504188,0.3027488175214081,False
DYSF,PROT,2,2w,"trained, F+M pooled",-0.1390779702325968,0.051424013833053596,-0.23986903734538184,-0.038286903119811755,0.239308258136435,False
EIF4E3,PROT,2,2w,"trained, F+M pooled",0.0020240542115889755,0.04793634660246148,-0.09193118512923552,0.09597929355241348,0.8654028694885667,False
ERLIN1,PROT,2,2w,"trained, F+M pooled",-0.1251925923813763,0.058152017830453505,-0.23917054732906518,-0.011214637433687447,0.4809290369627847,False
FBXO6,PROT,2,2w,"trained, F+M pooled",-0.12051366134261575,0.04444617393758047,-0.20762816226027347,-0.033399160424958024,0.1277185692996792,False
FHIT,PROT,2,2w,"trained, F+M pooled",-0.017687585480049114,0.06273558576119487,-0.14064933357199105,0.10527416261189282,0.9211676129554416,False
FHL2,PROT,2,2w,"trained, F+M pooled",-0.29695428365259136,0.0809943888909125,-0.45570328587877984,-0.13820528142640287,0.1189514564828629,False
FKBP5,PROT,2,2w,"trained, F+M pooled",0.21229457848698305,0.05172161782712932,0.11092020754580958,0.3136689494281565,0.1810688880826761,False
FKBP9,PROT,2,2w,"trained, F+M pooled",-0.09891762467986126,0.0667386434464619,-0.22972536583492656,0.03189011647520404,0.4622041806545817,False
FLOT1,PROT,2,2w,"trained, F+M pooled",-0.04017983292791994,0.034368030300732974,-0.10754117231735658,0.027181506461516687,0.5202828954545222,False
FLOT2,PROT,2,2w,"trained, F+M pooled",-0.0694996462898199,0.05392258285882391,-0.17518790869311476,0.03618861611347496,0.7163319286733344,False
GAS7,PROT,2,2w,"trained, F+M pooled",-0.19577189570000783,0.1016739434665705,-0.395052824894486,0.0035090334944703205,0.4809290369627847,False
GBP1,PROT,2,2w,"trained, F+M pooled",-0.1259531851229942,0.11551585525234655,-0.3523642614175934,0.10045789117160503,0.7704930730469582,False
GGH,PROT,2,2w,"trained, F+M pooled",-0.07886310580452158,0.06541459261266794,-0.20707570732535074,0.04934949571630759,0.7321730896270237,False
GM2A,PROT,2,2w,"trained, F+M pooled",-0.3052876157747101,0.09757514810860048,-0.496534906067567,-0.11404032548185317,0.3221623255508266,False
GP1BB,PROT,2,2w,"trained, F+M pooled",-0.0344705842111734,0.10544698287356628,-0.24114667064336331,0.1722055022210165,0.7480589408686803,False
GRB10,PROT,2,2w,"trained, F+M pooled",0.011641488539479581,0.037243946057928835,-0.06135664573406094,0.0846396228130201,0.8978705427318545,False
GYG1,PROT,2,2w,"trained, F+M pooled",0.053260059590356144,0.04131903790848537,-0.027725254710275184,0.13424537389098748,0.7560261963537388,False
HBZ,PROT,2,2w,"trained, F+M pooled",-0.6391929238282236,0.18015241307754962,-0.9922916534602209,-0.28609419419622634,0.1587942088394837,False
HDAC4,PROT,2,2w,"trained, F+M pooled",-0.04680924534209097,0.1354321622900606,-0.31225628343060974,0.2186377927464278,0.7898813095632341,False
HIP1,PROT,2,2w,"trained, F+M pooled",0.04584891085334492,0.04439954603827128,-0.04117419938166678,0.13287202108835663,0.489902930417965,False
HP,PROT,2,2w,"trained, F+M pooled",-0.38797855971817924,0.1981365340411138,-0.7763261664387623,0.0003690470024038106,0.487713438835524,False
HSPA1B,PROT,2,2w,"trained, F+M pooled",0.026300623191436178,0.12550054924550827,-0.21968045332976002,0.2722816997126324,0.8888472696357976,False
IGF2R,PROT,2,2w,"trained, F+M pooled",-0.20056508349570026,0.03879127669257415,-0.2765959858131456,-0.12453418117825493,0.0329178700459836,True
KIF1B,PROT,2,2w,"trained, F+M pooled",0.03648426734969638,0.05488451491459832,-0.07108938188291633,0.1440579165823091,0.7196776329228332,False
LMNB1,PROT,2,2w,"trained, F+M pooled",-0.038524635494432406,0.03359625060204531,-0.1043732866744412,0.0273240156855764,0.5942949248190269,False
LRG1,PROT,2,2w,"trained, F+M pooled",-0.17312080880594813,0.13504381780276142,-0.4378066916993605,0.09156507408746425,0.6166273825087327,False
MAFF,PROT,2,2w,"trained, F+M pooled",0.004101648203065359,0.22922175407680798,-0.44517298978747827,0.453376286193609,0.8833631013776257,False
MAGOH,PROT,2,2w,"trained, F+M pooled",0.0381304920352118,0.052819294846099735,-0.06539532586314367,0.1416563099335673,0.2593155840962414,False
MAP2K6,PROT,2,2w,"trained, F+M pooled",0.10231470255935331,0.041171048377175626,0.021619447740089087,0.18300995737861753,0.348977013467816,False
MAPK14,PROT,2,2w,"trained, F+M pooled",0.06971354221783761,0.042259628256185795,-0.013115329164286552,0.1525424135999618,0.4809290369627847,False
MARCKS,PROT,2,2w,"trained, F+M pooled",-0.2705437234680857,0.06547422118033973,-0.39887319698155155,-0.14221424995461984,0.0623841829056856,False
MGST1,PROT,2,2w,"trained, F+M pooled",-0.336458649206732,0.28211781074474174,-0.8894095582664259,0.21649225985296178,0.7409857889894974,False
MKNK1,PROT,2,2w,"trained, F+M pooled",0.09352971216733479,0.03530842729593722,0.024325194667297836,0.16273422966737172,0.1823982570306128,False
MRC1,PROT,2,2w,"trained, F+M pooled",-0.09024992546091429,0.06382382819360895,-0.21534462872038782,0.03484477779855924,0.4592173814264457,False
MRPL53,PROT,2,2w,"trained, F+M pooled",0.14479723786295187,0.0444524979595113,0.05767034186230974,0.231924133863594,0.1189514564828629,False
MSRA,PROT,2,2w,"trained, F+M pooled",0.11667580077221106,0.06765282122609989,-0.01592372883094474,0.24927533037536687,0.1693713546418835,False
MSRB1,PROT,2,2w,"trained, F+M pooled",-0.18874629141146707,0.12594431143379237,-0.43559714182170006,0.05810455899876596,0.3358128531703917,False
MT2A,PROT,2,2w,"trained, F+M pooled",-0.062412460153130095,0.2561105347664959,-0.5643891082954621,0.43956418798920194,0.5648351041686239,False
MTX1,PROT,2,2w,"trained, F+M pooled",0.020764401951669384,0.06452537724358236,-0.10570533744575204,0.1472341413490908,0.7128506778226446,False
NEXN,PROT,2,2w,"trained, F+M pooled",-0.08504201079118007,0.062006064109604526,-0.20657389644600493,0.0364898748636448,0.6017115498025013,False
NPL,PROT,2,2w,"trained, F+M pooled",-0.032453665100633466,0.04716067300956294,-0.12488858419937683,0.0599812539981099,0.7787827393690832,False
NQO2,PROT,2,2w,"trained, F+M pooled",0.023104587293088726,0.039075274413848525,-0.05348295055805438,0.09969212514423184,0.8949412740998162,False
NUMB,PROT,2,2w,"trained, F+M pooled",0.0891622448609433,0.06383759230896557,-0.035959436064629216,0.21428392578651584,0.4341595276013009,False
ORM1,PROT,2,2w,"trained, F+M pooled",0.00014818660140271929,0.11694198718220668,-0.22905810827572234,0.2293544814785278,0.6480349152233301,False
PFKFB3,PROT,2,2w,"trained, F+M pooled",5.575881352715699e-05,0.08159250805465379,-0.15986555697359428,0.15997707460064858,0.7567411676539569,False
PGS1,PROT,2,2w,"trained, F+M pooled",0.2539295945839923,0.10058351890927195,0.056785897521819256,0.4510732916461653,0.4319151432413492,False
PLBD1,PROT,2,2w,"trained, F+M pooled",0.012906141039196921,0.039535450387843285,-0.06458334172097592,0.09039562379936976,0.7198866568220282,False
PLEKHO2,PROT,2,2w,"trained, F+M pooled",0.0376689137087244,0.06887195851116545,-0.09732012497315988,0.17265795239060866,0.7969397188922426,False
PLP2,PROT,2,2w,"trained, F+M pooled",-0.13493236059756836,0.08230611724717689,-0.296252350402035,0.026387629206898328,0.6286336164367431,False
PPP1R3D,PROT,2,2w,"trained, F+M pooled",0.033441711636109726,0.053191435419024866,-0.070813501785179,0.13769692505739847,0.3085953779983284,False
PRKACB,PROT,2,2w,"trained, F+M pooled",-0.05950982742831605,0.05460474431943364,-0.16653512629440598,0.04751547143777389,0.6844963966700375,False
PROS1,PROT,2,2w,"trained, F+M pooled",-0.17488257198794888,0.11777231672281885,-0.4057163127646738,0.05595116878877607,0.4989536482821615,False
PRSS23,PROT,2,2w,"trained, F+M pooled",0.11653007175389511,0.05852399456295783,0.0018230424104977716,0.23123710109729245,0.2779693751782681,False
PSTPIP2,PROT,2,2w,"trained, F+M pooled",-0.0795108482970131,0.060744788961569415,-0.19857063466168917,0.03954893806766295,0.7054159179353575,False
PYGL,PROT,2,2w,"trained, F+M pooled",0.003100157723828796,0.047577488129610934,-0.09015171901020863,0.09635203445786622,0.9123902456520232,False
RAB13,PROT,2,2w,"trained, F+M pooled",-0.107671083253058,0.36584750859730675,-0.8247322001037791,0.6093900335976632,0.9550385729573992,False
RNASE4,PROT,2,2w,"trained, F+M pooled",-0.07471465436249354,0.06646107351074715,-0.20497835844355794,0.05554904971857087,0.7672547672888378,False
RRAGD,PROT,2,2w,"trained, F+M pooled",-0.009924924983129768,0.059720319920776754,-0.1269767520278522,0.10712690206159266,0.5044204844184792,False
RTN1,PROT,2,2w,"trained, F+M pooled",0.059680400396207214,0.07590539430231673,-0.08909417243633357,0.208454973228748,0.6671483607182618,False
S100A8,PROT,2,2w,"trained, F+M pooled",-0.3803632702887672,0.1718508438874846,-0.717190924308237,-0.04353561626929742,0.1607345902804957,False
S100A9,PROT,2,2w,"trained, F+M pooled",-0.1910331132863624,0.24007659636024686,-0.6615832421524462,0.2795170155797214,0.5442434581418591,False
SEC24D,PROT,2,2w,"trained, F+M pooled",-0.007931133904869768,0.07028828523453595,-0.14569617296456022,0.12983390515482068,0.8797827919865968,False
SERPINB1,PROT,2,2w,"trained, F+M pooled",0.11535320802688695,0.06189440749067121,-0.005959830654828621,0.23666624670860253,0.3227429064435254,False
SERPING1,PROT,2,2w,"trained, F+M pooled",-0.0401641332961222,0.1156038432163206,-0.2667476660001106,0.18641939940786617,0.7049726035028258,False
SLC16A3,PROT,2,2w,"trained, F+M pooled",0.026819934827015373,0.061509546238001346,-0.09373877579946727,0.14737864545349802,0.3812287749159154,False
SNCA,PROT,2,2w,"trained, F+M pooled",0.15272827623773685,0.15418138383001206,-0.14946723606908677,0.4549237885445605,0.6719229498088715,False
SOD2,PROT,2,2w,"trained, F+M pooled",0.09908236630356412,0.055440476095137886,-0.00958096684290613,0.20774569945003438,0.5731689973027194,False
SORT1,PROT,2,2w,"trained, F+M pooled",-0.09648902977520107,0.05958922966514543,-0.21328391991888612,0.020305860368483974,0.6490998509806984,False
SRPK1,PROT,2,2w,"trained, F+M pooled",-0.10057174023809552,0.07648898206765647,-0.2504901450907022,0.04934666461451116,0.2504236553974824,False
SRSF6,PROT,2,2w,"trained, F+M pooled",-0.12617611023737751,0.06560820290092663,-0.25476818792319367,0.002415967448438666,0.456146697237109,False
TGFB1I1,PROT,2,2w,"trained, F+M pooled",0.07579722415198249,0.07284197452259478,-0.06697304591230326,0.21856749421626825,0.7967038345094201,False
THBS1,PROT,2,2w,"trained, F+M pooled",0.016383871780652575,0.15150128796478263,-0.28055865263032137,0.31332639619162655,0.6574485315040456,False
TP53I3,PROT,2,2w,"trained, F+M pooled",0.08926522020938059,0.04635361434748669,-0.001587863911693313,0.1801183043304545,0.5403087767865442,False
TUBG1,PROT,2,2w,"trained, F+M pooled",-0.025084664764735587,0.03834379751656237,-0.10023850789719782,0.05006917836772665,0.3085953779983284,False
TXN,PROT,2,2w,"trained, F+M pooled",0.11491766489278119,0.08864776740232146,-0.058831959215768864,0.2886672890013312,0.5697486298892809,False
UPP1,PROT,2,2w,"trained, F+M pooled",0.06778337827938095,0.06048885584679221,-0.05077477918033177,0.18634153573909368,0.6298166829988472,False
USP9Y,PROT,2,2w,"trained, F+M pooled",0.04243509721291138,0.047479116175932104,-0.05062397049191555,0.1354941649177383,0.8152907086356493,False
VCAN,PROT,2,2w,"trained, F+M pooled",0.02748284045301663,0.04559739523167433,-0.06188805420106505,0.11685373510709832,0.771116741610588,False
VIM,PROT,2,2w,"trained, F+M pooled",-0.06921792976203328,0.06354627483465203,-0.19376862843795126,0.055332768913884695,0.800587973752718,False
VMP1,PROT,2,2w,"trained, F+M pooled",-0.045840972627585845,0.06809397281954088,-0.17930515935388597,0.08762321409871426,0.8015863784294941,False
ZWINT,PROT,2,2w,"trained, F+M pooled",0.06970688293545833,0.05388822929611681,-0.0359140464849306,0.17532781235584727,0.4428915762904544,False
ACOT13,PROT,4,4w,"trained, F+M pooled",0.3477200611106393,0.12896877550658303,0.09494126111773654,0.600498861103542,0.1490255654211371,False
ACOX1,PROT,4,4w,"trained, F+M pooled",0.08703040121261736,0.04522497622430668,-0.001610552187023731,0.17567135461225847,0.2626370314894619,False
ACSL1,PROT,4,4w,"trained, F+M pooled",0.4344216196429006,0.04758168791059324,0.3411615113381379,0.5276817279476633,0.0003611120172472,True
AGO3,PROT,4,4w,"trained, F+M pooled",0.007557014967882059,0.12381189715987029,-0.23511430346546372,0.25022833340122785,0.9442323107072148,False
ALOX5AP,PROT,4,4w,"trained, F+M pooled",-0.2120118451483136,0.28566780635232036,-0.7719207455988615,0.34789705530223425,0.7600268242708276,False
ALYREF,PROT,4,4w,"trained, F+M pooled",0.04540090753524875,0.08133325426881204,-0.11401227083162283,0.20481408590212033,0.5850017192230895,False
ANG,PROT,4,4w,"trained, F+M pooled",-0.08204848488513775,0.07009677958752293,-0.21943817287668269,0.055341203106407194,0.3671999645513377,False
ANKRD13A,PROT,4,4w,"trained, F+M pooled",-0.33252313016524515,0.13073169183515662,-0.5887572461621522,-0.07628901416833817,0.2203250151425793,False
ANXA3,PROT,4,4w,"trained, F+M pooled",-0.030510210825222414,0.036561867750572255,-0.10217147161634403,0.0411510499658992,0.6435037096719654,False
ASCC2,PROT,4,4w,"trained, F+M pooled",-0.037975380449872115,0.05350052163845152,-0.1428364028612371,0.06688564196149287,0.5554936045269764,False
ASPH,PROT,4,4w,"trained, F+M pooled",-0.0636551467296231,0.03714715889229564,-0.13646357815852256,0.009153284699276357,0.6331762457628269,False
ATOX1,PROT,4,4w,"trained, F+M pooled",-0.06328947427089907,0.045107767056345734,-0.1517006977013367,0.025121749159538576,0.471134349459732,False
ATXN1,PROT,4,4w,"trained, F+M pooled",0.07328614021238869,0.07394983263438723,-0.07165553175101028,0.21822781217578766,0.6142799899876017,False
BASP1,PROT,4,4w,"trained, F+M pooled",-0.2194209950276518,0.062202801147759515,-0.34133848527726046,-0.09750350477804316,0.079539866916605,False
BPGM,PROT,4,4w,"trained, F+M pooled",-0.2560509166416323,0.05954189046597355,-0.3727530219549405,-0.13934881132832416,0.0229703502278046,True
C1QA,PROT,4,4w,"trained, F+M pooled",0.016811261947470128,0.09452159518594978,-0.16845106461699144,0.2020735885119317,0.6997430104785819,False
C1QB,PROT,4,4w,"trained, F+M pooled",0.3906436314524264,0.285487310788253,-0.16891149769254943,0.9501987605974023,0.6785360558074789,False
C1QC,PROT,4,4w,"trained, F+M pooled",0.03474987040728114,0.08639960692431647,-0.13459335916437914,0.20409309997894143,0.915798501864033,False
C4BPA,PROT,4,4w,"trained, F+M pooled",0.09700347347445679,0.15594254995723072,-0.20864392444171545,0.40265087139062905,0.6732218987396091,False
CA2,PROT,4,4w,"trained, F+M pooled",0.11586651102080052,0.15370269997338645,-0.18539078092703692,0.417123802968638,0.4452836990070766,False
CA4,PROT,4,4w,"trained, F+M pooled",0.3015995194293824,0.08861478959591261,0.1279145318213937,0.47528450703737113,0.2041317773900651,False
CAPN3,PROT,4,4w,"trained, F+M pooled",0.10285485831892101,0.036452558881652934,0.031407842910881265,0.17430187372696077,0.2082508251962908,False
CD14,PROT,4,4w,"trained, F+M pooled",0.07535224243023589,0.06886482918044326,-0.05962282276343289,0.21032730762390467,0.5227123351412757,False
CD163,PROT,4,4w,"trained, F+M pooled",0.14331539132823248,0.05878741487907799,0.02809205816523963,0.25853872449122534,0.3019849619405931,False
CD200,PROT,4,4w,"trained, F+M pooled",0.14688614651807685,0.11841986856274926,-0.08521679586491168,0.3789890889010654,0.6922189253398279,False
CD59,PROT,4,4w,"trained, F+M pooled",-0.19800089144616104,0.07410518053617947,-0.3432470452970728,-0.05275473759524929,0.3125703042939121,False
CFLAR,PROT,4,4w,"trained, F+M pooled",-0.086755462222238,0.14253471347704752,-0.36612350063725113,0.1926125761927751,0.7073591171357613,False
CKAP4,PROT,4,4w,"trained, F+M pooled",-0.13271695277938916,0.07059504429828725,-0.27108323960403213,0.005649334045253834,0.4756068103703572,False
CLIC2,PROT,4,4w,"trained, F+M pooled",-0.11466498586945743,0.09111305400011527,-0.2932465717096834,0.0639165999707685,0.5825560299883485,False
CMPK2,PROT,4,4w,"trained, F+M pooled",-0.11711020682592618,0.04057883371919454,-0.19664472091554747,-0.037575692736304886,0.159867581595874,False
COL6A3,PROT,4,4w,"trained, F+M pooled",0.34202475041077185,0.1476525352482514,0.05262578132419915,0.6314237194973445,0.1829449737896639,False
COQ2,PROT,4,4w,"trained, F+M pooled",-0.07662255946224793,0.09739239237673308,-0.26751164852064474,0.1142665295961489,0.5066700004166115,False
CPA3,PROT,4,4w,"trained, F+M pooled",0.49563959063079605,0.3026353393950513,-0.09752567458350442,1.0888048558450965,0.3841170991767169,False
CPEB4,PROT,4,4w,"trained, F+M pooled",0.07668170640433764,0.09263452400287865,-0.1048819606413045,0.2582453734499798,0.7032845442603887,False
CR1L,PROT,4,4w,"trained, F+M pooled",-0.03601490755429217,0.043238568234611696,-0.1207625012941311,0.04873268618554675,0.6090246656271832,False
CUX1,PROT,4,4w,"trained, F+M pooled",-0.13827159395118693,0.05640947099076838,-0.24883415709309295,-0.027709030809280916,0.31769817808802,False
DDX17,PROT,4,4w,"trained, F+M pooled",0.011499964976229165,0.04428030280748345,-0.07528942852643838,0.09828935847889672,0.7917354008635683,False
DHRS13,PROT,4,4w,"trained, F+M pooled",-0.20665391696053217,0.08368816575337816,-0.37068272183715334,-0.04262511208391098,0.2989972950846348,False
DHRS7B,PROT,4,4w,"trained, F+M pooled",0.014100766049025755,0.0965501502083335,-0.17513752835930793,0.20333906045735942,0.6673732131843948,False
DNAJC3,PROT,4,4w,"trained, F+M pooled",-0.16623826651732215,0.04442445304690507,-0.25331019448925607,-0.07916633854538821,0.1078822336454913,False
DUSP3,PROT,4,4w,"trained, F+M pooled",-0.12553985165143375,0.03814801080130013,-0.200309952821982,-0.05076975048088549,0.2371728029164994,False
DYSF,PROT,4,4w,"trained, F+M pooled",-0.08204125323949778,0.05142401383305355,-0.18283232035228272,0.01874981387328717,0.5804265795094067,False
EIF4E3,PROT,4,4w,"trained, F+M pooled",-0.18467764991366026,0.04793634660246151,-0.2786328892544848,-0.0907224105728357,0.0987558824842586,False
ERLIN1,PROT,4,4w,"trained, F+M pooled",-0.2605181145688078,0.05815201783045342,-0.3744960695164965,-0.1465401596211191,0.0882056683441795,False
FBXO6,PROT,4,4w,"trained, F+M pooled",0.0442399994395501,0.04444617393758045,-0.042874501478107584,0.13135450035720778,0.7805907040980942,False
FHIT,PROT,4,4w,"trained, F+M pooled",0.007108884708203468,0.06273558576119498,-0.1158528633837387,0.13007063280014564,0.7635596363990608,False
FHL2,PROT,4,4w,"trained, F+M pooled",-0.09357736828634353,0.08099438889091248,-0.252326370512532,0.06517163393984493,0.7044443589826787,False
FKBP5,PROT,4,4w,"trained, F+M pooled",0.21531715702505788,0.05172161782712917,0.11394278608388471,0.31669152796623107,0.0647731497686435,False
FKBP9,PROT,4,4w,"trained, F+M pooled",-0.18684728918129762,0.06673864344646169,-0.31765503033636255,-0.056039548026232705,0.3019849619405931,False
FLOT1,PROT,4,4w,"trained, F+M pooled",-0.112537389086023,0.03436803030073301,-0.17989872847545968,-0.0451760496965863,0.1995682684733792,False
FLOT2,PROT,4,4w,"trained, F+M pooled",-0.16496338504993935,0.05392258285882396,-0.27065164745323433,-0.05927512264664439,0.172202047762761,False
GAS7,PROT,4,4w,"trained, F+M pooled",-0.08525551776174575,0.10167394346657056,-0.28453644695622404,0.11402541143273254,0.6378394096418134,False
GBP1,PROT,4,4w,"trained, F+M pooled",-0.013167922984787509,0.11551585525234645,-0.23957899927938653,0.21324315330981153,0.7456800550375702,False
GGH,PROT,4,4w,"trained, F+M pooled",-0.04375951269557726,0.06541459261266792,-0.1719721142164064,0.08445308882525188,0.6676987311798847,False
GM2A,PROT,4,4w,"trained, F+M pooled",-0.14948356802565943,0.09757514810860056,-0.3407308583185165,0.041763722267197656,0.4368065730811007,False
GP1BB,PROT,4,4w,"trained, F+M pooled",-0.009820760540128554,0.10544698287356659,-0.21649684697231908,0.19685532589206195,0.8621012560650256,False
GRB10,PROT,4,4w,"trained, F+M pooled",-0.04840878739214101,0.03724394605792913,-0.1214069216656821,0.024589346881400076,0.558313258948831,False
GYG1,PROT,4,4w,"trained, F+M pooled",-0.046131208096805626,0.04131903790848537,-0.12711652239743695,0.0348541062038257,0.7335086888603098,False
HBZ,PROT,4,4w,"trained, F+M pooled",-0.2204349228592285,0.18015241307754995,-0.5735336524912265,0.1326638067727694,0.533278139326704,False
HDAC4,PROT,4,4w,"trained, F+M pooled",0.12011312275891495,0.13543216229006028,-0.1453339153296032,0.3855601608474331,0.4427947026157726,False
HIP1,PROT,4,4w,"trained, F+M pooled",0.0014220857626809408,0.044399546038271245,-0.0856010244723307,0.08844519599769257,0.8951408209624335,False
HP,PROT,4,4w,"trained, F+M pooled",-0.26055588259333523,0.19813653404111378,-0.6489034893139183,0.12779172412724776,0.7290735987803663,False
HSPA1B,PROT,4,4w,"trained, F+M pooled",0.29807181858061066,0.12550054924550832,0.05209074205941436,0.544052895101807,0.3584512546015668,False
IGF2R,PROT,4,4w,"trained, F+M pooled",-0.15681056230478024,0.03879127669257412,-0.23284146462222552,-0.08077965998733497,0.1091458333098829,False
KIF1B,PROT,4,4w,"trained, F+M pooled",-0.07912270568968584,0.0548845149145983,-0.18669635492229852,0.028450943542926835,0.5539716928148152,False
LMNB1,PROT,4,4w,"trained, F+M pooled",-0.14354095864681532,0.03359625060204531,-0.20938960982682414,-0.07769230746680651,0.1137662182838425,False
LRG1,PROT,4,4w,"trained, F+M pooled",-0.0005022449534077337,0.13504381780276134,-0.26518812784681994,0.2641836379400045,0.8551037630395232,False
MAFF,PROT,4,4w,"trained, F+M pooled",0.405776521580872,0.2292217540768084,-0.04349811640967244,0.8550511595714165,0.3682153322071799,False
MAGOH,PROT,4,4w,"trained, F+M pooled",-0.046452481322263484,0.052819294846099735,-0.14997829922061895,0.057073336576091996,0.3531907080050425,False
MAP2K6,PROT,4,4w,"trained, F+M pooled",0.0360146722387226,0.04117104837717571,-0.044680582580541785,0.116709927057987,0.7306782680228691,False
MAPK14,PROT,4,4w,"trained, F+M pooled",0.05781690729887048,0.04225962825618583,-0.025011964083253742,0.1406457786809947,0.6353266256586688,False
MARCKS,PROT,4,4w,"trained, F+M pooled",-0.24656665969313835,0.06547422118033988,-0.37489613320660453,-0.11823718617967219,0.0784637939341638,False
MGST1,PROT,4,4w,"trained, F+M pooled",0.19930204618878,0.28211781074474246,-0.35364886287091524,0.7522529552484752,0.8055716257514588,False
MKNK1,PROT,4,4w,"trained, F+M pooled",0.023873018265191216,0.03530842729593719,-0.04533149923484567,0.09307753576522809,0.8681210754224545,False
MRC1,PROT,4,4w,"trained, F+M pooled",0.007086149364979279,0.06382382819360875,-0.11800855389449388,0.13218085262445245,0.782932389894061,False
MRPL53,PROT,4,4w,"trained, F+M pooled",0.20090648230239835,0.04445249795951137,0.11377958630175608,0.28803337830304065,0.0165278012013725,True
MSRA,PROT,4,4w,"trained, F+M pooled",0.01729808345199959,0.0676528212260995,-0.11530144615115542,0.14989761305515462,0.9010850505037592,False
MSRB1,PROT,4,4w,"trained, F+M pooled",0.004689164609531852,0.12594431143379228,-0.242161685800701,0.2515400150197647,0.9010850505037592,False
MT2A,PROT,4,4w,"trained, F+M pooled",1.0208248713598844,0.25611053476649687,0.5188482232175505,1.5228015195022184,0.1307111808408929,False
MTX1,PROT,4,4w,"trained, F+M pooled",0.0998722219154179,0.06452537724358232,-0.026597517482003438,0.22634196131283923,0.2354301852366745,False
NEXN,PROT,4,4w,"trained, F+M pooled",-0.17125109482086404,0.06200606410960444,-0.29278298047568874,-0.049719209166039335,0.2767300460875102,False
NPL,PROT,4,4w,"trained, F+M pooled",-0.0056039264309638345,0.047160673009562996,-0.0980388455297073,0.08683099266777965,0.7183198428957456,False
NQO2,PROT,4,4w,"trained, F+M pooled",0.05538395128475695,0.03907527441384853,-0.021203586566386178,0.13197148913590007,0.5716328759043714,False
NUMB,PROT,4,4w,"trained, F+M pooled",0.04403628370653646,0.06383759230896556,-0.08108539721903604,0.16915796463210894,0.8514795872403964,False
ORM1,PROT,4,4w,"trained, F+M pooled",0.26248138935997645,0.116941987182207,0.03327509448285074,0.4916876842371022,0.4368065730811007,False
PFKFB3,PROT,4,4w,"trained, F+M pooled",0.004486096826801792,0.08159250805465403,-0.1554352189603201,0.16440741261392366,0.9504857701306682,False
PGS1,PROT,4,4w,"trained, F+M pooled",0.12833497910781913,0.10058351890927189,-0.06880871795435378,0.32547867616999204,0.6577568466197109,False
PLBD1,PROT,4,4w,"trained, F+M pooled",0.03294592134465956,0.039535450387843195,-0.0445435614155131,0.11043540410483221,0.7102275090632716,False
PLEKHO2,PROT,4,4w,"trained, F+M pooled",0.011808517560200951,0.06887195851116545,-0.12318052112168333,0.14679755624208524,0.7716295447284514,False
PLP2,PROT,4,4w,"trained, F+M pooled",-0.014479783737444246,0.08230611724717668,-0.17579977354191054,0.14684020606702206,0.7312332874455372,False
PPP1R3D,PROT,4,4w,"trained, F+M pooled",-0.00890947672854043,0.05319143541902507,-0.11316469014982956,0.09534573669274869,0.9284120546624772,False
PRKACB,PROT,4,4w,"trained, F+M pooled",-0.09871462676452214,0.05460474431943398,-0.20573992563061275,0.008310672101568467,0.4269865197304674,False
PROS1,PROT,4,4w,"trained, F+M pooled",-0.0742476782746997,0.11777231672281926,-0.30508141905142544,0.15658606250202606,0.4799863030303518,False
PRSS23,PROT,4,4w,"trained, F+M pooled",0.09117027636831136,0.05852399456295789,-0.023536752975086103,0.2058773057117088,0.5227123351412757,False
PSTPIP2,PROT,4,4w,"trained, F+M pooled",-0.022405512979260103,0.060744788961569395,-0.14146529934393612,0.0966542733854159,0.708923787039682,False
PYGL,PROT,4,4w,"trained, F+M pooled",-0.03997140432947423,0.04757748812961093,-0.13322328106351164,0.053280472404563184,0.7217781546323061,False
RAB13,PROT,4,4w,"trained, F+M pooled",0.652354419083217,0.36584750859730697,-0.0647066977675046,1.3694155359339386,0.4713819151230512,False
RNASE4,PROT,4,4w,"trained, F+M pooled",-0.08332475233091068,0.06646107351074734,-0.2135884564119755,0.046938951750154126,0.4924614808211499,False
RRAGD,PROT,4,4w,"trained, F+M pooled",-0.038970348316782685,0.059720319920776754,-0.15602217536150512,0.07808147872793975,0.8465595911473881,False
RTN1,PROT,4,4w,"trained, F+M pooled",0.10825297183528608,0.07590539430231617,-0.04052160099725362,0.2570275446678258,0.5792149725682163,False
S100A8,PROT,4,4w,"trained, F+M pooled",-0.306926777545401,0.17185084388748437,-0.6437544315648703,0.02990087647406836,0.3213036894872253,False
S100A9,PROT,4,4w,"trained, F+M pooled",-0.15557032668660725,0.24007659636024645,-0.6261204555526902,0.3149798021794758,0.8170082755022975,False
SEC24D,PROT,4,4w,"trained, F+M pooled",-0.1248625038770841,0.07028828523453579,-0.26262754293677426,0.012902535182606048,0.3957304126524951,False
SERPINB1,PROT,4,4w,"trained, F+M pooled",-0.017201842295231938,0.06189440749067107,-0.13851488097694722,0.10411119638648336,0.6830035367202791,False
SERPING1,PROT,4,4w,"trained, F+M pooled",0.05292913688178015,0.11560384321632107,-0.17365439582220915,0.2795126695857694,0.7425374165205126,False
SLC16A3,PROT,4,4w,"trained, F+M pooled",0.08855010522363409,0.06150954623800116,-0.03200860540284818,0.20910881585011637,0.2143015868302676,False
SNCA,PROT,4,4w,"trained, F+M pooled",0.20411529813276935,0.15418138383001181,-0.09808021417405383,0.5063108104395926,0.2408018443891947,False
SOD2,PROT,4,4w,"trained, F+M pooled",0.22010647922888416,0.05544047609513793,0.11144314608241382,0.3287698123753545,0.0185476178742288,True
SORT1,PROT,4,4w,"trained, F+M pooled",-0.13133089110663373,0.05958922966514568,-0.24812578125031926,-0.0145360009629482,0.3370710619362367,False
SRPK1,PROT,4,4w,"trained, F+M pooled",-0.09133801116924749,0.07648898206765639,-0.241256416021854,0.05858039368335903,0.5884147437045758,False
SRSF6,PROT,4,4w,"trained, F+M pooled",-0.004469673586402134,0.06560820290092653,-0.13306175127221814,0.12412240409941389,0.7751353002487772,False
TGFB1I1,PROT,4,4w,"trained, F+M pooled",0.1202539743359527,0.07284197452259476,-0.022516295728333025,0.2630242444002384,0.4780824154509117,False
THBS1,PROT,4,4w,"trained, F+M pooled",-0.12200417931627686,0.15150128796478268,-0.41894670372725096,0.17493834509469722,0.4318924500959535,False
TP53I3,PROT,4,4w,"trained, F+M pooled",0.09497275594384078,0.04635361434748669,0.004119671822766874,0.18582584006491468,0.4083648759261808,False
TUBG1,PROT,4,4w,"trained, F+M pooled",-0.028793146803117915,0.038343797516562285,-0.10394698993557999,0.04636069632934417,0.8521747209813173,False
TXN,PROT,4,4w,"trained, F+M pooled",-0.08034317935063799,0.08864776740232115,-0.25409280345918744,0.09340644475791147,0.6353266256586688,False
UPP1,PROT,4,4w,"trained, F+M pooled",0.11928941731669349,0.060488855846792595,0.0007312598569799988,0.23784757477640697,0.2857435928350086,False
USP9Y,PROT,4,4w,"trained, F+M pooled",0.08242868309842176,0.04747911617593203,-0.010630384606405016,0.17548775080324852,0.3078271228646299,False
VCAN,PROT,4,4w,"trained, F+M pooled",0.09246178737032358,0.04559739523167444,0.003090892716241675,0.1818326820244055,0.4501591667961086,False
VIM,PROT,4,4w,"trained, F+M pooled",0.12523011353882496,0.06354627483465194,0.0006794148629071517,0.24978081221474277,0.2344051252674905,False
VMP1,PROT,4,4w,"trained, F+M pooled",0.00819512295929847,0.06809397281954108,-0.12526906376700203,0.14165930968559898,0.7603068054142772,False
ZWINT,PROT,4,4w,"trained, F+M pooled",-0.08819339169672037,0.053888229296116724,-0.19381432111710917,0.01742753772366841,0.6331762457628269,False
ACOT13,PROT,8,8w,"trained, F+M pooled",0.5861907353020179,0.1314228463365583,0.3286019564823637,0.8437795141216722,0.0058197391401897,True
ACOX1,PROT,8,8w,"trained, F+M pooled",-0.032605021152943864,0.04672647691904761,-0.12418891591427718,0.05897887360838945,0.8066629944342132,False
ACSL1,PROT,8,8w,"trained, F+M pooled",0.5078067017608964,0.048768504829221807,0.41222043229562166,0.6033929712261711,4.842432841694223e-06,True
AGO3,PROT,8,8w,"trained, F+M pooled",-0.17891558933956606,0.12381189715987022,-0.4215869077729117,0.06375572909377958,0.5698459813658876,False
ALOX5AP,PROT,8,8w,"trained, F+M pooled",-0.3465889003464848,0.2976617712400205,-0.930005971976925,0.2368281712839554,0.6370329963197893,False
ALYREF,PROT,8,8w,"trained, F+M pooled",0.09711619392969027,0.08297059136529525,-0.06550616514628842,0.25973855300566895,0.5931089527192239,False
ANG,PROT,8,8w,"trained, F+M pooled",-0.0968934470203477,0.07186085029030102,-0.23774071358933768,0.04395381954864229,0.5199685746635753,False
ANKRD13A,PROT,8,8w,"trained, F+M pooled",-0.42304371367895904,0.13166176743276034,-0.6811007778471694,-0.16498664951074876,0.0795324343660849,False
ANXA3,PROT,8,8w,"trained, F+M pooled",-0.01804507283000607,0.03761163227998216,-0.09176387209877111,0.055673726438758966,0.5800631656933084,False
ASCC2,PROT,8,8w,"trained, F+M pooled",-0.038507662052846996,0.05480047546760513,-0.14591659396935305,0.06890126986365905,0.67449510554092,False
ASPH,PROT,8,8w,"trained, F+M pooled",0.04971460199071865,0.052818348028007854,-0.05380936014417675,0.15323856412561404,0.714671343057411,False
ATOX1,PROT,8,8w,"trained, F+M pooled",-0.06618869027461964,0.046112141766467135,-0.15656848813689522,0.02419110758765594,0.5421322376053003,False
ATXN1,PROT,8,8w,"trained, F+M pooled",0.009904010294169159,0.0739498326343863,-0.13503766166922798,0.15484568225756629,0.9592279119408286,False
BASP1,PROT,8,8w,"trained, F+M pooled",-0.2414511332163491,0.06381612084519599,-0.36653073007293324,-0.11637153635976497,0.048666712049507,True
BPGM,PROT,8,8w,"trained, F+M pooled",-0.34040153233468284,0.06104050245743966,-0.4600409171512646,-0.2207621475181011,0.000642270210627,True
C1QA,PROT,8,8w,"trained, F+M pooled",-0.07067969990763945,0.09635992498439855,-0.2595451528770606,0.1181857530617817,0.271372068731035,False
C1QB,PROT,8,8w,"trained, F+M pooled",-0.11608117643462432,0.29348512847184866,-0.6913120282394477,0.459149675370199,0.8868882199671864,False
C1QC,PROT,8,8w,"trained, F+M pooled",0.045550213544700964,0.08903966752618456,-0.12896753480662076,0.22006796189602268,0.5193142618234905,False
C4BPA,PROT,8,8w,"trained, F+M pooled",0.14275276862098177,0.15868986135182164,-0.16827935962858867,0.45378489687055223,0.3986295802935854,False
CA2,PROT,8,8w,"trained, F+M pooled",0.04638577943707655,0.1567160574879904,-0.2607776932393846,0.3535492521135377,0.2656603349406203,False
CA4,PROT,8,8w,"trained, F+M pooled",0.3131702278890946,0.09090804992113889,0.13499045004366236,0.4913500057345268,0.0462826704868688,True
CAPN3,PROT,8,8w,"trained, F+M pooled",0.14074347096041329,0.03752766598312434,0.06718924563348957,0.214297696287337,0.0162197992264494,True
CD14,PROT,8,8w,"trained, F+M pooled",0.092196057746765,0.07189561675222549,-0.048719351087596965,0.23311146658112697,0.2885614391951885,False
CD163,PROT,8,8w,"trained, F+M pooled",0.05783189441521344,0.06013221927322779,-0.06002725536031302,0.1756910441907399,0.6547859119564374,False
CD200,PROT,8,8w,"trained, F+M pooled",0.17900155224660158,0.11841986856274958,-0.053101390136387594,0.41110449462959076,0.4838581266849273,False
CD59,PROT,8,8w,"trained, F+M pooled",-0.11409153991052302,0.07558454854580303,-0.26223725506029694,0.0340541752392509,0.3792370553813362,False
CFLAR,PROT,8,8w,"trained, F+M pooled",-0.11140178767270821,0.14253471347704724,-0.39076982608772076,0.16796625074230437,0.6167479016609346,False
CKAP4,PROT,8,8w,"trained, F+M pooled",-0.16096870431341476,0.07200076608857714,-0.30209020584702595,-0.019847202779803563,0.2857170290938768,False
CLIC2,PROT,8,8w,"trained, F+M pooled",-0.15434430204871494,0.09466518304624304,-0.3398880608193513,0.031199456721921398,0.3994200056236673,False
CMPK2,PROT,8,8w,"trained, F+M pooled",-0.106299204198372,0.04199611551708478,-0.18861159061185817,-0.02398681778488583,0.1437899396267012,False
COL6A3,PROT,8,8w,"trained, F+M pooled",0.32337561890077504,0.15176365697606542,0.025918851227686834,0.6208323865738632,0.1864061929018106,False
COQ2,PROT,8,8w,"trained, F+M pooled",0.046069863999512094,0.10080332191473336,-0.15150464695336527,0.24364437495238947,0.4853632647436294,False
CPA3,PROT,8,8w,"trained, F+M pooled",0.5532586694054791,0.31191343794108567,-0.058091668959048826,1.1646090077700069,0.4629306352732794,False
CPEB4,PROT,8,8w,"trained, F+M pooled",0.016159788856420665,0.09619710225439528,-0.17238653156219408,0.2047061092750354,0.9445551696788334,False
CR1L,PROT,8,8w,"trained, F+M pooled",0.009206198806956865,0.044323174602374955,-0.07766722341369806,0.09607962102761178,0.9325089483678748,False
CUX1,PROT,8,8w,"trained, F+M pooled",-0.1901794274924647,0.05790627468388683,-0.3036757258728829,-0.07668312911204651,0.1403312137589001,False
DDX17,PROT,8,8w,"trained, F+M pooled",-0.06364316324992314,0.045701262937037294,-0.15321763860651622,0.02593131210666995,0.4930232110794554,False
DHRS13,PROT,8,8w,"trained, F+M pooled",-0.23972822968138266,0.08587301537306266,-0.40803933981258544,-0.07141711955017985,0.227209668809641,False
DHRS7B,PROT,8,8w,"trained, F+M pooled",0.13149227606544645,0.0995111829673218,-0.06354964255050427,0.32653419468139716,0.2507512577555755,False
DNAJC3,PROT,8,8w,"trained, F+M pooled",-0.14307995130308734,0.04572154396593883,-0.23269417747632745,-0.053465725129847236,0.0351331139191816,True
DUSP3,PROT,8,8w,"trained, F+M pooled",-0.05402221629648359,0.038892606771498785,-0.13025172556862122,0.022207292975654026,0.4591104078791068,False
DYSF,PROT,8,8w,"trained, F+M pooled",-0.009086367403002114,0.05234651250729866,-0.11168553191730748,0.09351279711130325,0.7707234069729991,False
EIF4E3,PROT,8,8w,"trained, F+M pooled",-0.16821566576494362,0.04921759857538106,-0.2646821589726905,-0.07174917255719675,0.1265591881840923,False
ERLIN1,PROT,8,8w,"trained, F+M pooled",-0.19211306345239354,0.059696605617999034,-0.3091184104636716,-0.07510771644111544,0.067276363046888,False
FBXO6,PROT,8,8w,"trained, F+M pooled",0.01193108575129396,0.04550525184131411,-0.07725920785768169,0.10112137936026962,0.7444707676686431,False
FHIT,PROT,8,8w,"trained, F+M pooled",-0.04663716773612158,0.06468109380195702,-0.17341211158795736,0.08013777611571418,0.3268106218442698,False
FHL2,PROT,8,8w,"trained, F+M pooled",-0.20207881786320225,0.08356565947228972,-0.3658675104288901,-0.03829012529751441,0.1404038628683659,False
FKBP5,PROT,8,8w,"trained, F+M pooled",0.17689129561636335,0.053059446684247384,0.07289478011523848,0.28088781111748823,0.0329216373394832,True
FKBP9,PROT,8,8w,"trained, F+M pooled",-0.1949471094675129,0.06873695557362777,-0.32967154239182334,-0.06022267654320246,0.0768369794807444,False
FLOT1,PROT,8,8w,"trained, F+M pooled",-0.11782517359327853,0.0353598529435048,-0.18713048536254795,-0.04851986182400912,0.1196037682769686,False
FLOT2,PROT,8,8w,"trained, F+M pooled",-0.18368525801924943,0.055025735450517366,-0.29153569950226343,-0.07583481653623539,0.0550776159757412,False
GAS7,PROT,8,8w,"trained, F+M pooled",-0.27646423678573917,0.10622694112126513,-0.4846690413834188,-0.06825943218805952,0.1611076560336573,False
GBP1,PROT,8,8w,"trained, F+M pooled",-0.05775766901923677,0.1171609490215204,-0.28739312910141673,0.1718777910629432,0.8026251342705624,False
GGH,PROT,8,8w,"trained, F+M pooled",0.08319918194386271,0.06926160858596285,-0.052553570884624465,0.21895193477234987,0.4735911636245959,False
GM2A,PROT,8,8w,"trained, F+M pooled",-0.14083313113409499,0.1006051177664872,-0.3380191619564099,0.05635289968821994,0.6019643365198172,False
GP1BB,PROT,8,8w,"trained, F+M pooled",-0.1261986809338807,0.10954205186334313,-0.34090110258603323,0.08850374071827183,0.4732495084118197,False
GRB10,PROT,8,8w,"trained, F+M pooled",0.022577761162079223,0.038101740236335654,-0.05210164970113866,0.09725717202529711,0.7359610442494114,False
GYG1,PROT,8,8w,"trained, F+M pooled",-0.01866139520786658,0.042392811281964454,-0.1017513053205169,0.06442851490478374,0.8484400249222857,False
HBZ,PROT,8,8w,"trained, F+M pooled",-0.6427485369545226,0.18015241307754964,-0.9958472665865199,-0.2896498073225253,0.0720832080851991,False
HDAC4,PROT,8,8w,"trained, F+M pooled",0.03923634455204804,0.13543216229006055,-0.2262106935364706,0.3046833826405667,0.7267794680935717,False
HIP1,PROT,8,8w,"trained, F+M pooled",-0.11876719893602766,0.045466172117337195,-0.20788089628600856,-0.029653501586046765,0.0848875605053437,False
HP,PROT,8,8w,"trained, F+M pooled",-0.27816122844538405,0.20362541768767087,-0.677267047113219,0.12094459022245085,0.380641536183029,False
HSPA1B,PROT,8,8w,"trained, F+M pooled",1.0925929065831008,0.12902095721060833,0.8397118304503085,1.3454739827158932,3.3212872241692085e-06,True
IGF2R,PROT,8,8w,"trained, F+M pooled",-0.09489518269313382,0.039819681127450185,-0.17294175770293618,-0.016848607683331462,0.3570222770635431,False
KIF1B,PROT,8,8w,"trained, F+M pooled",-0.009741292773288973,0.05598678556721117,-0.11947539248502287,0.09999280693844492,0.6304725594465074,False
LMNB1,PROT,8,8w,"trained, F+M pooled",-0.11665798066503619,0.034387244211344495,-0.1840569793192714,-0.04925898201080098,0.0122484874538873,True
LRG1,PROT,8,8w,"trained, F+M pooled",0.06866960653590648,0.14074825237919575,-0.2071969681273172,0.34453618119913015,0.5058645859693753,False
MAFF,PROT,8,8w,"trained, F+M pooled",0.1964668666307822,0.22922175407680837,-0.2528077713597622,0.6457415046213266,0.2965215205067306,False
MAGOH,PROT,8,8w,"trained, F+M pooled",-0.014667606617046015,0.05411115965857737,-0.12072547954785766,0.09139026631376564,0.2942779663490336,False
MAP2K6,PROT,8,8w,"trained, F+M pooled",0.03559598671305294,0.04204120307891253,-0.04680477132161561,0.11799674474772148,0.7453997754559997,False
MAPK14,PROT,8,8w,"trained, F+M pooled",0.032789029094137716,0.04329733691367579,-0.05207375125666682,0.11765180944494225,0.4274143325470246,False
MARCKS,PROT,8,8w,"trained, F+M pooled",-0.33825415847256346,0.0669168774346308,-0.46941123824443987,-0.20709707870068708,0.0234947536030183,True
MGST1,PROT,8,8w,"trained, F+M pooled",0.378980435494699,0.28211781074474257,-0.17397047356499645,0.9319313445543944,0.5245594142428037,False
MKNK1,PROT,8,8w,"trained, F+M pooled",0.07624999771115845,0.03638332779904679,0.004938675225026751,0.14756132019729015,0.3609516786791876,False
MRC1,PROT,8,8w,"trained, F+M pooled",-0.01621338240184541,0.06500728787618115,-0.14362766663916046,0.11120090183546963,0.9331668307934275,False
MRPL53,PROT,8,8w,"trained, F+M pooled",0.1844235353293241,0.04532315224929184,0.09559015692071209,0.2732569137379361,0.0036314971971926,True
MSRA,PROT,8,8w,"trained, F+M pooled",0.10346479290245858,0.06913620792045067,-0.03204217462162473,0.2389717604265419,0.1548675815415107,False
MSRB1,PROT,8,8w,"trained, F+M pooled",-0.04812075577406205,0.13002367595241088,-0.3029671606407874,0.20672564909266328,0.6094865024185745,False
MT2A,PROT,8,8w,"trained, F+M pooled",1.5771266206367038,0.26403549039807905,1.059617059456469,2.094636181816939,0.0012570545756378,True
MTX1,PROT,8,8w,"trained, F+M pooled",0.1615976880210829,0.06587256941896205,0.032487451959917285,0.29070792408224855,0.1162522623312761,False
NEXN,PROT,8,8w,"trained, F+M pooled",-0.07164550793340355,0.06326531252565983,-0.19564552048369682,0.052354504616889716,0.4961291823362364,False
NPL,PROT,8,8w,"trained, F+M pooled",-0.13813610061508913,0.04864716046563786,-0.23348453512773934,-0.04278766610243892,0.0545186790567726,False
NQO2,PROT,8,8w,"trained, F+M pooled",0.10264045909099845,0.04018007915748086,0.023887503942335964,0.18139341423966093,0.1658889956051322,False
NUMB,PROT,8,8w,"trained, F+M pooled",-0.016147176748482834,0.067410588363865,-0.14827192994165825,0.11597757644469257,0.8612101889410667,False
ORM1,PROT,8,8w,"trained, F+M pooled",0.3318113102029098,0.12151199636300437,0.09364779733142126,0.5699748230743984,0.2627637105695211,False
PFKFB3,PROT,8,8w,"trained, F+M pooled",0.1015170090929021,0.08159250805465386,-0.05840430669421948,0.26143832488002366,0.450873050433571,False
PGS1,PROT,8,8w,"trained, F+M pooled",0.11789263328559928,0.10285916108841138,-0.08371132244768702,0.31949658901888556,0.4958942117078204,False
PLBD1,PROT,8,8w,"trained, F+M pooled",0.002983822550303613,0.04061476950570151,-0.07662112568087134,0.08258877078147858,0.5774624953472942,False
PLEKHO2,PROT,8,8w,"trained, F+M pooled",-0.02738613371042577,0.07077275909263898,-0.1661007415319982,0.11132847411114664,0.8765272814104453,False
PLP2,PROT,8,8w,"trained, F+M pooled",0.00916347913857512,0.08430881688067698,-0.15608180194755175,0.174408760224702,0.853081595711472,False
PPP1R3D,PROT,8,8w,"trained, F+M pooled",-0.09845596412067993,0.0543558093057489,-0.20499335035994778,0.008081422118587922,0.0763645335353229,False
PRKACB,PROT,8,8w,"trained, F+M pooled",-0.13054138551566838,0.05619481285156448,-0.24068321870473475,-0.020399552326601997,0.3243455242441342,False
PROS1,PROT,8,8w,"trained, F+M pooled",-0.18028004002553227,0.12011055203956546,-0.41569672202308056,0.05513664197201601,0.2466429914394904,False
PRSS23,PROT,8,8w,"trained, F+M pooled",0.2518430037823412,0.05959940040566092,0.13502817898724578,0.3686578285774366,0.0084224558333301,True
PSTPIP2,PROT,8,8w,"trained, F+M pooled",-0.07321417356330831,0.06244879805236003,-0.19561381774593398,0.049185470619317356,0.5905718161732546,False
PYGL,PROT,8,8w,"trained, F+M pooled",-0.05652002307367366,0.04835161805222071,-0.15128919445602626,0.03824914830867893,0.359801176565566,False
RAB13,PROT,8,8w,"trained, F+M pooled",0.044365319954691305,0.36584750859730847,-0.6726957968960333,0.7614264368054159,0.9701154010097772,False
RNASE4,PROT,8,8w,"trained, F+M pooled",-0.01509492693354722,0.06867125875290812,-0.14969059408924715,0.11950074022215271,0.8545296063164527,False
RRAGD,PROT,8,8w,"trained, F+M pooled",0.07750647220619296,0.061685966720858396,-0.043398022566689495,0.1984109669790754,0.5042578144879146,False
RTN1,PROT,8,8w,"trained, F+M pooled",0.19514375771183987,0.07919625506221133,0.039919097789905655,0.3503684176337741,0.0682671219081434,False
S100A8,PROT,8,8w,"trained, F+M pooled",-0.05386999093432336,0.1748343737400576,-0.39654536346483626,0.2888053815961895,0.3762416252310598,False
S100A9,PROT,8,8w,"trained, F+M pooled",0.11159780712524808,0.24525790950497747,-0.3691076955045078,0.5923033097550039,0.4167479513848115,False
SEC24D,PROT,8,8w,"trained, F+M pooled",-0.14947421924415685,0.07257009299618662,-0.29171160151668263,-0.007236836971631078,0.3624526329727728,False
SERPINB1,PROT,8,8w,"trained, F+M pooled",-0.2284860208447413,0.06369603614572922,-0.3533302516903706,-0.10364178999911203,0.0396059358503892,True
SERPING1,PROT,8,8w,"trained, F+M pooled",0.07108310326319449,0.11836020209361861,-0.16090289284029796,0.30306909936668697,0.548182485435331,False
SLC16A3,PROT,8,8w,"trained, F+M pooled",0.14372897930776365,0.06260997842627145,0.021013421592271625,0.26644453702325566,0.0946752571367026,False
SNCA,PROT,8,8w,"trained, F+M pooled",-0.010035861570062104,0.15807208996625324,-0.31985715790391844,0.29978543476379427,0.4301062329925441,False
SOD2,PROT,8,8w,"trained, F+M pooled",0.28638916488261135,0.05658893582562465,0.17547485066438703,0.39730347910083563,0.0004214342115815,True
SORT1,PROT,8,8w,"trained, F+M pooled",-0.14242960354653225,0.061637845831110906,-0.26323978137550963,-0.021619425717554874,0.3538736412158979,False
SRPK1,PROT,8,8w,"trained, F+M pooled",-0.10121850664047423,0.07921397827873745,-0.25647790406679966,0.054040890785851184,0.2566989063557002,False
SRSF6,PROT,8,8w,"trained, F+M pooled",-0.059344928318144495,0.06725254691991643,-0.1911599202811807,0.0724700636448917,0.6163201395227649,False
TGFB1I1,PROT,8,8w,"trained, F+M pooled",0.16315519488044175,0.07463553586611969,0.016869544582847146,0.3094408451780364,0.3172217757556479,False
THBS1,PROT,8,8w,"trained, F+M pooled",-0.048838526056487794,0.15362708137016057,-0.3499476055420025,0.2522705534290269,0.3684523619930234,False
TP53I3,PROT,8,8w,"trained, F+M pooled",0.15442363187721453,0.04745063564477555,0.06142038601345445,0.2474268777409746,0.0409840295080495,True
TUBG1,PROT,8,8w,"trained, F+M pooled",0.07861197401914531,0.03923911724566873,0.0017033042176345936,0.15552064382065603,0.1413437118181934,False
TXN,PROT,8,8w,"trained, F+M pooled",-0.18832579542379904,0.0913090503129687,-0.3672915340372177,-0.009360056810380407,0.2000647102088035,False
UPP1,PROT,8,8w,"trained, F+M pooled",0.18491477795231034,0.06213502565648122,0.06313012766560716,0.3066994282390135,0.0521524689156474,False
USP9Y,PROT,8,8w,"trained, F+M pooled",0.0500875871445306,0.04885242232691347,-0.04566316061621979,0.14583833490528098,0.5381706485271135,False
VCAN,PROT,8,8w,"trained, F+M pooled",0.12201993603764681,0.04648672008502483,0.030905964670998154,0.21313390740429547,0.0693139205582838,False
VIM,PROT,8,8w,"trained, F+M pooled",0.08718065456051356,0.06498168963096577,-0.040183457116179364,0.21454476623720647,0.4852797201882893,False
VMP1,PROT,8,8w,"trained, F+M pooled",0.06870999528899957,0.07002044130522796,-0.06853006966924721,0.20595006024724635,0.6685215768516278,False
ZWINT,PROT,8,8w,"trained, F+M pooled",-0.06571022681149799,0.05472889092868303,-0.17297885303171673,0.04155839940872075,0.6560651010198754,False
