Comparison,Gene,Disease direction,RNA stat,Protein stat,Which layer answered,RNA baseline tertile,Proteomics missing values,GTEx tertile,RNA features,Protein features
"Human vastus lateralis, EE–CON 15–45 min",AASS,-1.0,-2.95310641033028,-0.921894094568382,neither,mid,,mid,1.0,1.0
"Human vastus lateralis, EE–CON 15–45 min",ABCA8,1.0,0.425178212274657,0.0832799252534918,neither,high,,mid,1.0,1.0
"Human vastus lateralis, EE–CON 15–45 min",ABHD5,-1.0,-0.985065292748764,0.146392585078236,neither,mid,,mid,1.0,1.0
"Human vastus lateralis, EE–CON 15–45 min",ABL1,-1.0,1.33384232653344,0.497913442851543,neither,high,,high,1.0,1.0
"Human vastus lateralis, EE–CON 15–45 min",ACSS3,-1.0,-2.06323896916757,-1.12997317087939,neither,mid,,low,1.0,1.0
"Human vastus lateralis, EE–CON 15–45 min",ACTA1,-1.0,-1.3621554226724,-0.796372782947225,neither,high,,high,1.0,1.0
"Human vastus lateralis, EE–CON 15–45 min",ADAMTS1,-1.0,15.3775253794194,1.29871968840661,RNA only,high,,high,1.0,1.0
"Human vastus lateralis, EE–CON 15–45 min",ADD3,1.0,0.369182923438615,0.760336720112791,neither,mid,,mid,1.0,1.0
"Human vastus lateralis, EE–CON 15–45 min",ADH1B,-1.0,0.275174268077114,-0.0284919813464197,neither,high,,high,1.0,1.0
"Human vastus lateralis, EE–CON 15–45 min",ADH5,1.0,-1.53509140230275,0.655558869133198,neither,high,,high,1.0,1.0
"Human vastus lateralis, EE–CON 15–45 min",AKR1C1,-1.0,-2.08315077448719,-0.897051915228125,neither,mid,,mid,1.0,1.0
"Human vastus lateralis, EE–CON 15–45 min",AKR1C2,-1.0,-1.96049822833047,-0.569417545832139,neither,high,,high,1.0,1.0
"Human vastus lateralis, EE–CON 15–45 min",AKR1C3,-1.0,-1.34311787562012,-1.42513915359317,neither,mid,,high,1.0,1.0
"Human vastus lateralis, EE–CON 15–45 min",ALAS1,1.0,-0.946946035298174,1.19430351183973,neither,high,,high,1.0,1.0
"Human vastus lateralis, EE–CON 15–45 min",ALDH5A1,1.0,-1.79273451258592,-1.37994127316966,neither,high,,high,1.0,1.0
"Human vastus lateralis, EE–CON 15–45 min",ALDH9A1,1.0,-1.78275702138131,0.259292638907948,neither,high,,high,1.0,1.0
"Human vastus lateralis, EE–CON 15–45 min",ANK1,1.0,-0.894880252408823,0.965771302754402,neither,high,,high,1.0,2.0
"Human vastus lateralis, EE–CON 15–45 min",ANKMY2,1.0,-2.23552104749321,0.0017523458884234,neither,mid,,mid,1.0,1.0
"Human vastus lateralis, EE–CON 15–45 min",ANKRD1,-1.0,1.32571830049799,0.0159762286142489,neither,high,,high,1.0,1.0
"Human vastus lateralis, EE–CON 15–45 min",ANKRD2,-1.0,-1.65363785559419,-1.47519037656621,neither,high,,high,1.0,1.0
"Human vastus lateralis, EE–CON 15–45 min",ANP32E,1.0,-0.518647887027123,0.378008224096932,neither,high,,high,1.0,1.0
"Human vastus lateralis, EE–CON 15–45 min",ANXA4,1.0,0.022486255055657,0.287673447069558,neither,mid,,mid,1.0,1.0
"Human vastus lateralis, EE–CON 15–45 min",ANXA6,1.0,-0.309764679893839,-0.104996446554597,neither,high,,high,1.0,1.0
"Human vastus lateralis, EE–CON 15–45 min",AOX1,-1.0,-0.0896064050786112,0.930197276059299,neither,low,,mid,1.0,1.0
"Human vastus lateralis, EE–CON 15–45 min",AP1S2,-1.0,0.503047056803539,-0.469083344283871,neither,high,,high,1.0,1.0
"Human vastus lateralis, EE–CON 15–45 min",AP2B1,1.0,-0.964843220682693,1.38308524464708,neither,high,,high,1.0,1.0
"Human vastus lateralis, EE–CON 15–45 min",APOD,-1.0,0.0695104692612483,0.407807075510866,neither,high,,high,1.0,1.0
"Human vastus lateralis, EE–CON 15–45 min",ARHGDIB,1.0,-0.996732605358082,0.0791239296981276,neither,mid,,high,1.0,1.0
"Human vastus lateralis, EE–CON 15–45 min",ARMCX1,1.0,1.83513700771563,0.15217210176882,neither,mid,,high,1.0,1.0
"Human vastus lateralis, EE–CON 15–45 min",ARMCX2,1.0,0.501197103774116,-1.34529801760626,neither,mid,,mid,1.0,1.0
"Human vastus lateralis, EE–CON 15–45 min",ARMCX3,1.0,0.893141266294411,1.10186620216851,neither,high,,high,1.0,1.0
"Human vastus lateralis, EE–CON 15–45 min",ASMTL,1.0,0.617729026624293,0.0077105296434382,neither,mid,,mid,2.0,1.0
"Human vastus lateralis, EE–CON 15–45 min",ASPN,1.0,-0.19174562110789,1.1455459907731,neither,low,,mid,1.0,1.0
"Human vastus lateralis, EE–CON 15–45 min",ATP1A1,-1.0,1.71387211535256,0.0912367622881081,neither,high,,high,1.0,1.0
"Human vastus lateralis, EE–CON 15–45 min",ATP1A2,-1.0,0.198864726138762,-0.480528129376195,neither,high,,high,1.0,1.0
"Human vastus lateralis, EE–CON 15–45 min",ATP1B1,-1.0,2.55322995325802,0.0020486190033387,neither,high,,high,1.0,1.0
"Human vastus lateralis, EE–CON 15–45 min",ATP2A2,-1.0,-1.63947624353296,-1.29343509954489,neither,high,,high,1.0,3.0
"Human vastus lateralis, EE–CON 15–45 min",BAG2,-1.0,-1.25237402879686,-1.40912663181892,neither,mid,,mid,1.0,1.0
"Human vastus lateralis, EE–CON 15–45 min",BASP1,1.0,0.686052163525979,0.728450590807697,neither,low,,low,1.0,1.0
"Human vastus lateralis, EE–CON 15–45 min",BCL2L1,-1.0,4.43354918386581,0.494074157663526,RNA only,mid,,high,1.0,1.0
"Human vastus lateralis, EE–CON 15–45 min",BGN,1.0,0.0809405185389071,0.743507847394389,neither,mid,,high,1.0,1.0
"Human vastus lateralis, EE–CON 15–45 min",BRD4,-1.0,1.30763008516579,0.168748667405899,neither,high,,high,1.0,1.0
"Human vastus lateralis, EE–CON 15–45 min",C1orf21,-1.0,-2.77746641593783,-2.4283742539908,neither,high,,high,1.0,1.0
"Human vastus lateralis, EE–CON 15–45 min",C3,-1.0,1.17166315544979,1.02246146987388,neither,high,,high,1.0,1.0
"Human vastus lateralis, EE–CON 15–45 min",C4A,-1.0,0.263635410908771,1.49382430712209,neither,low,,low,1.0,1.0
"Human vastus lateralis, EE–CON 15–45 min",C6,1.0,0.266857485262125,1.15740512965198,neither,low,,low,1.0,1.0
"Human vastus lateralis, EE–CON 15–45 min",CALU,-1.0,-0.0056733728604746,-1.21694231999481,neither,high,,high,1.0,2.0
"Human vastus lateralis, EE–CON 15–45 min",CCT2,-1.0,0.555376501542514,1.01756048702225,neither,high,,high,1.0,1.0
"Human vastus lateralis, EE–CON 15–45 min",CD14,-1.0,-0.201717750942892,1.76953300838428,neither,low,,mid,1.0,1.0
"Human vastus lateralis, EE–CON 15–45 min",CD163,-1.0,0.997333877103597,1.41819175918561,neither,low,,mid,1.0,1.0
"Human vastus lateralis, EE–CON 15–45 min",CD59,-1.0,-1.89110582783133,-0.271775647086627,neither,high,,high,1.0,1.0
"Human vastus lateralis, EE–CON 15–45 min",CD74,1.0,1.60197740636017,1.46253608438233,neither,high,,high,1.0,1.0
"Human vastus lateralis, EE–CON 15–45 min",CDC37L1,-1.0,1.51522912522635,-0.919761437926516,neither,high,,high,1.0,1.0
"Human vastus lateralis, EE–CON 15–45 min",CDV3,-1.0,0.957201229776555,-0.802300028121648,neither,high,,high,1.0,1.0
"Human vastus lateralis, EE–CON 15–45 min",CHORDC1,-1.0,7.8873169924858,0.334377639969946,RNA only,mid,,mid,1.0,1.0
"Human vastus lateralis, EE–CON 15–45 min",CILP,1.0,2.46996645424276,0.0060381939661818,neither,high,,mid,1.0,1.0
"Human vastus lateralis, EE–CON 15–45 min",CLIC4,-1.0,3.2488780891845,-0.106387104841764,RNA only,high,,high,1.0,1.0
"Human vastus lateralis, EE–CON 15–45 min",CLIP1,-1.0,-1.09079363020946,-1.55352377704471,neither,high,,high,1.0,1.0
"Human vastus lateralis, EE–CON 15–45 min",CLTB,-1.0,-0.154824471174356,-0.19721309958826,neither,high,,high,1.0,1.0
"Human vastus lateralis, EE–CON 15–45 min",CLU,-1.0,-0.309924841616659,1.04806767471278,neither,high,,high,1.0,1.0
"Human vastus lateralis, EE–CON 15–45 min",CMC2,-1.0,-0.0003249704198515,-0.878072291520472,neither,mid,,mid,1.0,1.0
"Human vastus lateralis, EE–CON 15–45 min",CNN1,-1.0,1.51575265025151,0.421272201063444,neither,low,,mid,1.0,1.0
"Human vastus lateralis, EE–CON 15–45 min",COA4,-1.0,-1.33054987750289,-0.675038079825753,neither,mid,,high,1.0,1.0
"Human vastus lateralis, EE–CON 15–45 min",COBL,-1.0,-0.208178618605168,0.81966032083402,neither,high,,high,1.0,1.0
"Human vastus lateralis, EE–CON 15–45 min",COL15A1,1.0,1.85237441652275,0.174752825888013,neither,high,,mid,1.0,1.0
"Human vastus lateralis, EE–CON 15–45 min",COL1A1,1.0,0.582731419936657,-0.795101626139973,neither,high,,mid,1.0,1.0
"Human vastus lateralis, EE–CON 15–45 min",COL1A2,1.0,1.59447638305686,-0.634419492017716,neither,high,,high,1.0,1.0
"Human vastus lateralis, EE–CON 15–45 min",COL3A1,1.0,1.51865263102166,-0.360582236648714,neither,high,,high,1.0,1.0
"Human vastus lateralis, EE–CON 15–45 min",COX17,-1.0,-1.77051753324019,-0.502827573358525,neither,high,,high,1.0,1.0
"Human vastus lateralis, EE–CON 15–45 min",CPT2,1.0,-2.02362790544982,-1.29808772354256,neither,high,,mid,1.0,1.0
"Human vastus lateralis, EE–CON 15–45 min",CRYM,1.0,-2.75646001869667,-0.48617326761163,neither,low,,low,1.0,1.0
"Human vastus lateralis, EE–CON 15–45 min",CTF1,1.0,-2.00529064017145,-0.299309153294211,neither,mid,,mid,1.0,1.0
"Human vastus lateralis, EE–CON 15–45 min",CTSD,1.0,-1.14741347104853,-0.518475172490827,neither,high,,high,1.0,1.0
"Human vastus lateralis, EE–CON 15–45 min",CTSH,1.0,-1.86309441973802,0.281802710191952,neither,mid,,mid,1.0,1.0
"Human vastus lateralis, EE–CON 15–45 min",CYP2J2,1.0,-1.77638437263467,0.488986696006826,neither,mid,,mid,1.0,1.0
"Human vastus lateralis, EE–CON 15–45 min",DAZAP1,-1.0,0.732400327421437,-1.30543682880403,neither,high,,high,1.0,1.0
"Human vastus lateralis, EE–CON 15–45 min",DDX39A,-1.0,1.69563691711339,-0.448750628756127,neither,mid,,high,1.0,1.0
"Human vastus lateralis, EE–CON 15–45 min",DDX3Y,1.0,4.81927202424462,0.0909504210080173,RNA only,low,,high,1.0,1.0
"Human vastus lateralis, EE–CON 15–45 min",DERL1,-1.0,0.467504416924317,0.278486039612643,neither,high,,high,1.0,1.0
"Human vastus lateralis, EE–CON 15–45 min",DLG1,-1.0,-1.28166325208852,-1.35681564271814,neither,high,,high,1.0,1.0
"Human vastus lateralis, EE–CON 15–45 min",DLST,1.0,-1.55506777463656,-0.869660501603866,neither,high,,high,1.0,1.0
"Human vastus lateralis, EE–CON 15–45 min",DMPK,-1.0,-0.685642258988298,1.24761265212224,neither,high,,high,1.0,1.0
"Human vastus lateralis, EE–CON 15–45 min",DPM1,1.0,0.0539598369110432,-0.997633125483504,neither,mid,,high,1.0,1.0
"Human vastus lateralis, EE–CON 15–45 min",DPYSL3,1.0,-1.8834776268369,-1.36289226670673,neither,high,,high,1.0,1.0
"Human vastus lateralis, EE–CON 15–45 min",DUSP13,-1.0,-0.52114464259489,-1.32973129454759,neither,high,,high,1.0,2.0
"Human vastus lateralis, EE–CON 15–45 min",DVL1,-1.0,-2.2571044817807,-0.927107118631419,neither,high,,high,1.0,1.0
"Human vastus lateralis, EE–CON 15–45 min",EFEMP1,1.0,0.0080478830192298,1.06408823926647,neither,mid,,mid,1.0,1.0
"Human vastus lateralis, EE–CON 15–45 min",EGLN1,-1.0,-0.915755181021478,-0.861438031531351,neither,high,,high,1.0,1.0
"Human vastus lateralis, EE–CON 15–45 min",EHBP1L1,-1.0,-0.494215977779967,-0.0390775906338436,neither,high,,high,1.0,1.0
"Human vastus lateralis, EE–CON 15–45 min",EHD3,1.0,-0.819533750884774,0.163748894424366,neither,low,,low,1.0,1.0
"Human vastus lateralis, EE–CON 15–45 min",EIF1AX,-1.0,0.164640075144621,0.303419463797983,neither,high,,high,1.0,1.0
"Human vastus lateralis, EE–CON 15–45 min",EIF1AY,1.0,2.40414643935378,0.942280639156324,neither,low,,high,1.0,1.0
"Human vastus lateralis, EE–CON 15–45 min",EIF4EBP3,1.0,-0.557547125116324,-0.571517074553453,neither,mid,,high,1.0,1.0
"Human vastus lateralis, EE–CON 15–45 min",EMC2,1.0,0.741098485913467,-1.50676227305948,neither,high,,high,1.0,1.0
"Human vastus lateralis, EE–CON 15–45 min",EMC6,-1.0,-1.38069412659212,-0.306261338984235,neither,high,,high,1.0,1.0
"Human vastus lateralis, EE–CON 15–45 min",EMCN,-1.0,1.70572865869055,-0.867515906783218,neither,mid,,mid,1.0,1.0
"Human vastus lateralis, EE–CON 15–45 min",EPB41L2,1.0,1.15318186809287,0.488086962211578,neither,high,,mid,1.0,1.0
"Human vastus lateralis, EE–CON 15–45 min",EPHX2,1.0,-1.7081667853158,0.139643429021244,neither,mid,,mid,1.0,1.0
"Human vastus lateralis, EE–CON 15–45 min",EPM2AIP1,1.0,1.96623241404626,0.986552770424606,neither,high,,mid,1.0,1.0
"Human vastus lateralis, EE–CON 15–45 min",ERLIN2,1.0,-0.730616567441157,0.570303526719864,neither,high,,mid,1.0,1.0
"Human vastus lateralis, EE–CON 15–45 min",EVL,1.0,-0.47033505133638,1.50870761746686,neither,mid,,mid,1.0,1.0
"Human vastus lateralis, EE–CON 15–45 min",FASN,-1.0,-0.619078836516471,0.490097538485818,neither,high,,high,1.0,1.0
"Human vastus lateralis, EE–CON 15–45 min",FBLN2,1.0,1.13565728568388,0.0680274790345553,neither,high,,high,1.0,1.0
"Human vastus lateralis, EE–CON 15–45 min",FBN1,1.0,1.23902572313261,-1.07533828109647,neither,high,,mid,1.0,1.0
"Human vastus lateralis, EE–CON 15–45 min",FBXO40,1.0,-0.308524881447683,-2.88677584089596,neither,high,,high,1.0,1.0
"Human vastus lateralis, EE–CON 15–45 min",FCGR3B,1.0,-0.223174615965848,-0.159578676392204,neither,low,,low,1.0,1.0
"Human vastus lateralis, EE–CON 15–45 min",FCGRT,1.0,-1.51377339680488,1.55342926333411,neither,high,,high,1.0,1.0
"Human vastus lateralis, EE–CON 15–45 min",FCN3,-1.0,1.49286215988706,0.488636506234029,neither,low,,mid,1.0,1.0
"Human vastus lateralis, EE–CON 15–45 min",FERMT2,-1.0,2.21271813334333,0.0819891068050551,neither,high,,high,1.0,1.0
"Human vastus lateralis, EE–CON 15–45 min",FHOD3,1.0,-0.409647220879726,-0.14675692843897,neither,high,,high,1.0,1.0
"Human vastus lateralis, EE–CON 15–45 min",FKBP4,-1.0,1.33354856078151,0.0351244284652026,neither,high,,high,1.0,1.0
"Human vastus lateralis, EE–CON 15–45 min",FKBP5,-1.0,0.83996610846581,-0.164305616116258,neither,high,,high,1.0,1.0
"Human vastus lateralis, EE–CON 15–45 min",FLII,-1.0,-1.58682282266991,0.628428881037968,neither,high,,high,1.0,2.0
"Human vastus lateralis, EE–CON 15–45 min",FLNC,-1.0,0.0985100717494319,-0.298739138530885,neither,high,,high,1.0,2.0
"Human vastus lateralis, EE–CON 15–45 min",FMOD,1.0,0.180983134637183,0.476747799797592,neither,mid,,mid,1.0,1.0
"Human vastus lateralis, EE–CON 15–45 min",FNBP1L,1.0,0.400543696141014,-1.4771662717799,neither,high,,mid,1.0,1.0
"Human vastus lateralis, EE–CON 15–45 min",FRZB,1.0,2.27264891680906,1.68591667545565,neither,mid,,mid,1.0,1.0
"Human vastus lateralis, EE–CON 15–45 min",FSTL1,1.0,1.03703912375911,0.309528275436595,neither,high,,high,1.0,1.0
"Human vastus lateralis, EE–CON 15–45 min",FUCA1,1.0,1.3649703680364,-0.831948712682026,neither,mid,,mid,1.0,1.0
"Human vastus lateralis, EE–CON 15–45 min",G0S2,-1.0,0.307124884367766,0.0808159822039886,neither,high,,high,1.0,1.0
"Human vastus lateralis, EE–CON 15–45 min",GATM,1.0,-2.2097686464912,-1.56097368572561,neither,high,,high,1.0,1.0
"Human vastus lateralis, EE–CON 15–45 min",GCLM,-1.0,0.818809707594985,0.898280717647644,neither,mid,,mid,1.0,1.0
"Human vastus lateralis, EE–CON 15–45 min",GLOD4,1.0,-0.490909032934019,1.39180282469862,neither,mid,,high,1.0,1.0
"Human vastus lateralis, EE–CON 15–45 min",GLRX,1.0,-1.39203617595126,-0.317109295981798,neither,mid,,high,1.0,1.0
"Human vastus lateralis, EE–CON 15–45 min",GLRX2,-1.0,-0.603462904720583,0.983597653997316,neither,mid,,high,1.0,1.0
"Human vastus lateralis, EE–CON 15–45 min",GLUL,-1.0,0.634972065611389,-0.432153946504554,neither,high,,high,1.0,1.0
"Human vastus lateralis, EE–CON 15–45 min",GMPR,-1.0,-1.1682969925427,1.52975322176706,neither,high,,high,1.0,1.0
"Human vastus lateralis, EE–CON 15–45 min",GNL3,-1.0,-0.69940481854558,0.0533196095521952,neither,high,,high,1.0,1.0
"Human vastus lateralis, EE–CON 15–45 min",GPD1L,-1.0,-1.59780587511426,0.520216679123095,neither,high,,high,1.0,1.0
"Human vastus lateralis, EE–CON 15–45 min",GPX3,-1.0,0.831504120525338,1.23434463641303,neither,high,,high,1.0,1.0
"Human vastus lateralis, EE–CON 15–45 min",GTPBP6,-1.0,-0.753562992732216,-1.77930925100575,neither,high,,high,2.0,1.0
"Human vastus lateralis, EE–CON 15–45 min",HBA1,1.0,-0.0732768500001907,1.12201120159576,neither,low,,mid,1.0,1.0
"Human vastus lateralis, EE–CON 15–45 min",HBB,1.0,0.0108954248949643,1.06049884896026,neither,low,,high,1.0,1.0
"Human vastus lateralis, EE–CON 15–45 min",HLA-B,1.0,2.88914061908881,-0.240457528540079,neither,high,,high,1.0,1.0
"Human vastus lateralis, EE–CON 15–45 min",HLTF,1.0,-1.05563932796004,-0.0231455004301087,neither,high,,mid,1.0,1.0
"Human vastus lateralis, EE–CON 15–45 min",HMGB2,1.0,-0.0704602015051422,1.24490323377489,neither,mid,,high,1.0,1.0
"Human vastus lateralis, EE–CON 15–45 min",HMGCL,1.0,-1.49730186617722,-1.93932740914716,neither,high,,high,1.0,1.0
"Human vastus lateralis, EE–CON 15–45 min",HMGN1,1.0,4.13223588202158,-0.116112032503789,RNA only,mid,,mid,1.0,1.0
"Human vastus lateralis, EE–CON 15–45 min",HMGN2,1.0,-0.954738365565127,1.08910819629977,neither,high,,high,1.0,1.0
"Human vastus lateralis, EE–CON 15–45 min",HMOX2,-1.0,-1.72053569395445,-0.343402418402726,neither,mid,,mid,1.0,1.0
"Human vastus lateralis, EE–CON 15–45 min",HOPX,-1.0,-0.203639926821848,0.102197281074558,neither,mid,,mid,1.0,1.0
"Human vastus lateralis, EE–CON 15–45 min",HPRT1,1.0,-0.456726195674083,0.731530966044609,neither,mid,,high,1.0,1.0
"Human vastus lateralis, EE–CON 15–45 min",HSP90AA1,-1.0,3.76504512501788,-0.564113357611362,RNA only,high,,high,1.0,1.0
"Human vastus lateralis, EE–CON 15–45 min",HSPA2,1.0,-1.27464265032938,0.358853145151402,neither,high,,high,1.0,1.0
"Human vastus lateralis, EE–CON 15–45 min",HSPA5,1.0,0.92630795338014,0.665004576269868,neither,high,,high,1.0,1.0
"Human vastus lateralis, EE–CON 15–45 min",HSPB2,-1.0,-0.585379188213876,-0.220282958885003,neither,high,,high,1.0,1.0
"Human vastus lateralis, EE–CON 15–45 min",HSPB6,1.0,-3.84846899693999,-1.4028289120721,RNA only,high,,high,1.0,1.0
"Human vastus lateralis, EE–CON 15–45 min",HTRA1,1.0,-0.17548191179087,0.0019111442368913,neither,mid,,high,1.0,1.0
"Human vastus lateralis, EE–CON 15–45 min",IFIT1,1.0,-1.00793718741575,0.540244842941199,neither,high,,low,1.0,1.0
"Human vastus lateralis, EE–CON 15–45 min",IFIT3,1.0,-0.5282943197399,-0.807508325355258,neither,mid,,mid,1.0,1.0
"Human vastus lateralis, EE–CON 15–45 min",IGHG2,-1.0,1.45304163509686,1.55914310825424,neither,low,,low,1.0,1.0
"Human vastus lateralis, EE–CON 15–45 min",IL32,1.0,2.30968211907959,0.539306449252469,neither,high,,high,1.0,1.0
"Human vastus lateralis, EE–CON 15–45 min",IRS1,-1.0,1.69155044060364,-0.406738262539934,neither,high,,mid,1.0,1.0
"Human vastus lateralis, EE–CON 15–45 min",ISLR,1.0,0.177208721356641,-0.151251199313083,neither,mid,,mid,1.0,1.0
"Human vastus lateralis, EE–CON 15–45 min",ITGA5,-1.0,7.87085350031102,1.44210997887768,RNA only,mid,,high,1.0,1.0
"Human vastus lateralis, EE–CON 15–45 min",IVNS1ABP,1.0,3.85304311783114,-1.75077115375298,RNA only,high,,high,1.0,1.0
"Human vastus lateralis, EE–CON 15–45 min",JUP,-1.0,-2.43962992444441,0.451870956462438,neither,high,,high,1.0,1.0
"Human vastus lateralis, EE–CON 15–45 min",KCTD12,-1.0,2.27265303271296,0.625080902572603,neither,high,,mid,1.0,1.0
"Human vastus lateralis, EE–CON 15–45 min",KLHL21,-1.0,2.42563271682077,-0.101835410389091,neither,high,,high,1.0,1.0
"Human vastus lateralis, EE–CON 15–45 min",KLHL41,-1.0,0.33539913274484,-0.977127367337092,neither,high,,high,1.0,1.0
"Human vastus lateralis, EE–CON 15–45 min",LAMB1,1.0,0.989497548409544,-1.07664174380323,neither,high,,high,1.0,1.0
"Human vastus lateralis, EE–CON 15–45 min",LMCD1,-1.0,-0.487524078416347,-1.01170545479606,neither,high,,high,1.0,1.0
"Human vastus lateralis, EE–CON 15–45 min",LPIN1,-1.0,-1.5125950589927,-0.184298376744678,neither,high,,high,1.0,1.0
"Human vastus lateralis, EE–CON 15–45 min",LRRC59,-1.0,1.63560898443288,0.27407346757867,neither,mid,,high,1.0,1.0
"Human vastus lateralis, EE–CON 15–45 min",LSP1,1.0,0.342073453275568,0.112435811874665,neither,mid,,mid,1.0,1.0
"Human vastus lateralis, EE–CON 15–45 min",LTBP1,1.0,-0.0332456695157735,0.132610082708097,neither,high,,mid,1.0,1.0
"Human vastus lateralis, EE–CON 15–45 min",LTBP2,1.0,0.937909130706632,1.14040020701695,neither,high,,mid,1.0,1.0
"Human vastus lateralis, EE–CON 15–45 min",LUM,1.0,0.265747828913896,1.01462810747509,neither,mid,,mid,1.0,1.0
"Human vastus lateralis, EE–CON 15–45 min",LYVE1,-1.0,0.417213979667666,0.121765203561426,neither,low,,mid,1.0,1.0
"Human vastus lateralis, EE–CON 15–45 min",MAGED1,1.0,-2.97038431673684,-0.312011679335159,neither,high,,high,1.0,1.0
"Human vastus lateralis, EE–CON 15–45 min",MAGED2,1.0,-1.03840085159636,-0.895003559403726,neither,high,,high,1.0,1.0
"Human vastus lateralis, EE–CON 15–45 min",MAP1LC3B,-1.0,-0.202611427874162,-0.845444265451522,neither,high,,high,1.0,1.0
"Human vastus lateralis, EE–CON 15–45 min",MAP2K1,-1.0,-0.743947186866715,0.207816175738358,neither,high,,high,1.0,1.0
"Human vastus lateralis, EE–CON 15–45 min",MARK3,-1.0,0.149121618773895,0.3579258001273,neither,high,,high,1.0,1.0
"Human vastus lateralis, EE–CON 15–45 min",MATN2,1.0,-0.456194844718935,0.469969186964197,neither,mid,,low,1.0,1.0
"Human vastus lateralis, EE–CON 15–45 min",MCM6,1.0,-0.464131004703482,1.33479586315505,neither,mid,,mid,1.0,1.0
"Human vastus lateralis, EE–CON 15–45 min",MFAP4,1.0,-0.236286290413126,0.135742586045035,neither,mid,,high,1.0,1.0
"Human vastus lateralis, EE–CON 15–45 min",MID1IP1,-1.0,0.360510012785236,-1.64069512853067,neither,high,,high,1.0,1.0
"Human vastus lateralis, EE–CON 15–45 min",MKNK2,-1.0,-0.391267866489898,0.441477265428929,neither,high,,high,1.0,1.0
"Human vastus lateralis, EE–CON 15–45 min",MNDA,1.0,0.157389773035813,0.788103324041006,neither,low,,low,1.0,1.0
"Human vastus lateralis, EE–CON 15–45 min",MPI,1.0,-1.54512603369245,0.30745518053563,neither,high,,high,1.0,1.0
"Human vastus lateralis, EE–CON 15–45 min",MRPL34,-1.0,-1.56142371177419,0.566762157498214,neither,high,,high,1.0,1.0
"Human vastus lateralis, EE–CON 15–45 min",MT1X,-1.0,0.673702688605174,-0.634197121466712,neither,high,,high,1.0,1.0
"Human vastus lateralis, EE–CON 15–45 min",MTCH1,-1.0,1.05370920862623,0.0321478729614073,neither,high,,high,1.0,1.0
"Human vastus lateralis, EE–CON 15–45 min",MTHFD2,-1.0,1.47251158067229,0.596038031877981,neither,mid,,high,1.0,1.0
"Human vastus lateralis, EE–CON 15–45 min",MTR,1.0,-0.965402514006129,-0.654630254271466,neither,high,,high,1.0,1.0
"Human vastus lateralis, EE–CON 15–45 min",MX1,1.0,0.0842807361615899,-0.329961322162293,neither,mid,,mid,1.0,1.0
"Human vastus lateralis, EE–CON 15–45 min",MX2,1.0,0.466771789404941,0.961958345034595,neither,low,,low,1.0,1.0
"Human vastus lateralis, EE–CON 15–45 min",MYOM2,1.0,-0.199696282642971,0.346152253434993,neither,high,,high,1.0,1.0
"Human vastus lateralis, EE–CON 15–45 min",MYOT,-1.0,-1.15732510490739,-0.717694225698511,neither,high,,high,1.0,1.0
"Human vastus lateralis, EE–CON 15–45 min",NAA15,-1.0,0.977184620265192,-0.865278580850029,neither,high,,mid,1.0,1.0
"Human vastus lateralis, EE–CON 15–45 min",NAMPT,-1.0,1.10191220936324,1.27660617142133,neither,high,,high,1.0,1.0
"Human vastus lateralis, EE–CON 15–45 min",NCAM1,-1.0,-0.819239252293022,-0.177891495922499,neither,mid,,mid,1.0,1.0
"Human vastus lateralis, EE–CON 15–45 min",NCF2,1.0,-0.113612369389972,0.174798858374566,neither,low,,low,1.0,1.0
"Human vastus lateralis, EE–CON 15–45 min",NID1,-1.0,2.26344507183239,0.436867720484542,neither,high,,high,1.0,1.0
"Human vastus lateralis, EE–CON 15–45 min",NIT2,1.0,-1.28729282448459,-0.0955414252654166,neither,high,,mid,1.0,1.0
"Human vastus lateralis, EE–CON 15–45 min",NNMT,-1.0,-0.311553660814029,-0.34395647679506,neither,low,,high,1.0,1.0
"Human vastus lateralis, EE–CON 15–45 min",NQO2,-1.0,-2.04447054502074,-2.09781257195102,neither,high,,mid,1.0,1.0
"Human vastus lateralis, EE–CON 15–45 min",NRAP,-1.0,-0.652093736025314,-0.738925568777941,neither,high,,high,1.0,1.0
"Human vastus lateralis, EE–CON 15–45 min",NUCB2,1.0,0.963949061481781,-0.758360051452292,neither,mid,,mid,1.0,1.0
"Human vastus lateralis, EE–CON 15–45 min",NUDT3,1.0,-0.908530785513198,-0.266873250065952,neither,high,,high,1.0,1.0
"Human vastus lateralis, EE–CON 15–45 min",NUDT4,-1.0,1.45946083905389,-1.72224528410359,neither,high,,high,1.0,1.0
"Human vastus lateralis, EE–CON 15–45 min",NUP37,1.0,0.624019477947879,-0.42249947916037,neither,mid,,mid,1.0,1.0
"Human vastus lateralis, EE–CON 15–45 min",OGDH,-1.0,-1.72433157093753,-0.825136856295554,neither,high,,high,1.0,1.0
"Human vastus lateralis, EE–CON 15–45 min",OGN,1.0,-0.0708278451599633,1.23918725115856,neither,low,,low,1.0,1.0
"Human vastus lateralis, EE–CON 15–45 min",OLFML3,1.0,0.440271871341798,0.513161990496409,neither,mid,,mid,1.0,1.0
"Human vastus lateralis, EE–CON 15–45 min",PALLD,-1.0,-0.653135722523922,-1.7657364994492,neither,high,,high,1.0,1.0
"Human vastus lateralis, EE–CON 15–45 min",PALMD,1.0,-1.06178752365876,-0.026542776141136,neither,high,,high,1.0,1.0
"Human vastus lateralis, EE–CON 15–45 min",PCCB,1.0,-0.937097081252461,-2.18789459260788,neither,high,,high,1.0,1.0
"Human vastus lateralis, EE–CON 15–45 min",PCNT,-1.0,-2.35402897035135,-1.96224412270168,neither,high,,high,1.0,1.0
"Human vastus lateralis, EE–CON 15–45 min",PCOLCE,1.0,0.741763103060382,0.665233517577633,neither,mid,,mid,1.0,1.0
"Human vastus lateralis, EE–CON 15–45 min",PDK4,1.0,0.877100121486854,-0.409553634223523,neither,high,,high,1.0,1.0
"Human vastus lateralis, EE–CON 15–45 min",PDLIM3,1.0,0.398491370048919,0.654374207013907,neither,high,,high,1.0,2.0
"Human vastus lateralis, EE–CON 15–45 min",PKM,1.0,0.986733318329933,2.33419347782655,neither,high,,high,1.0,2.0
"Human vastus lateralis, EE–CON 15–45 min",PLA2G2A,-1.0,0.254191221670271,0.465481613460293,neither,low,,high,1.0,1.0
"Human vastus lateralis, EE–CON 15–45 min",PLA2G4C,1.0,-1.11009305618197,-1.18473849457648,neither,high,,high,1.0,1.0
"Human vastus lateralis, EE–CON 15–45 min",PLIN2,-1.0,-1.16762261661626,0.57609886238925,neither,high,,high,1.0,1.0
"Human vastus lateralis, EE–CON 15–45 min",PODXL,-1.0,0.672726137489687,-0.298642419842149,neither,high,,mid,1.0,1.0
"Human vastus lateralis, EE–CON 15–45 min",POGLUT1,-1.0,-0.878380797696382,-0.358521077667343,neither,low,,mid,1.0,1.0
"Human vastus lateralis, EE–CON 15–45 min",POLE3,-1.0,-0.667853483613579,0.0544434888477702,neither,high,,high,1.0,1.0
"Human vastus lateralis, EE–CON 15–45 min",POLR1D,-1.0,-0.290934183988117,-1.11304556058464,neither,high,,high,1.0,1.0
"Human vastus lateralis, EE–CON 15–45 min",POR,-1.0,-1.55523161804571,-1.26524380446902,neither,mid,,high,1.0,1.0
"Human vastus lateralis, EE–CON 15–45 min",PPL,-1.0,0.332868280213007,1.55246344154357,neither,mid,,mid,1.0,1.0
"Human vastus lateralis, EE–CON 15–45 min",PPP1R12B,1.0,-2.36312322774018,-1.92752788568596,neither,high,,high,1.0,2.0
"Human vastus lateralis, EE–CON 15–45 min",PPP1R3C,1.0,0.255393580404202,-0.450925566650682,neither,high,,high,1.0,1.0
"Human vastus lateralis, EE–CON 15–45 min",PPT1,1.0,-0.631482940036186,1.16055342116676,neither,mid,,mid,1.0,1.0
"Human vastus lateralis, EE–CON 15–45 min",PRDX4,1.0,-0.314436003352364,2.19341525504538,neither,mid,,high,1.0,1.0
"Human vastus lateralis, EE–CON 15–45 min",PRDX6,-1.0,-2.64679852503471,0.721036979844025,neither,high,,high,1.0,1.0
"Human vastus lateralis, EE–CON 15–45 min",PSMB10,1.0,-0.420055481833568,0.0839281443490798,neither,mid,,high,1.0,1.0
"Human vastus lateralis, EE–CON 15–45 min",PSME4,-1.0,-1.2071020633721,-1.15525088552541,neither,high,,high,1.0,1.0
"Human vastus lateralis, EE–CON 15–45 min",PSPH,-1.0,0.0727383852677653,2.0518989895194,neither,low,,mid,1.0,1.0
"Human vastus lateralis, EE–CON 15–45 min",PTP4A2,-1.0,-0.355565539720698,-0.475092907880288,neither,high,,high,1.0,1.0
"Human vastus lateralis, EE–CON 15–45 min",PTP4A3,-1.0,-0.481938164033335,0.148490465906597,neither,high,,high,1.0,1.0
"Human vastus lateralis, EE–CON 15–45 min",PXMP2,-1.0,-3.11418090842739,2.15625000668862,RNA only,mid,,high,1.0,1.0
"Human vastus lateralis, EE–CON 15–45 min",RAB9A,-1.0,1.16396068923665,0.287491149794706,neither,mid,,mid,1.0,1.0
"Human vastus lateralis, EE–CON 15–45 min",RABAC1,-1.0,0.179060991880858,-0.39949636555761,neither,mid,,high,1.0,1.0
"Human vastus lateralis, EE–CON 15–45 min",RANGAP1,-1.0,-0.442781094213798,0.121667768620828,neither,high,,high,1.0,1.0
"Human vastus lateralis, EE–CON 15–45 min",RBFOX1,-1.0,-1.0512348252262,-1.95907123463636,neither,high,,high,1.0,1.0
"Human vastus lateralis, EE–CON 15–45 min",RBM10,1.0,-0.963519751078546,-1.18164108519459,neither,high,,high,1.0,1.0
"Human vastus lateralis, EE–CON 15–45 min",RBP4,-1.0,-0.717906913193173,-0.170053612275637,neither,low,,low,1.0,1.0
"Human vastus lateralis, EE–CON 15–45 min",RCAN1,-1.0,0.480160557200377,-0.307064088596951,neither,mid,,mid,1.0,1.0
"Human vastus lateralis, EE–CON 15–45 min",RHOC,-1.0,4.66907182769623,0.615050744344123,RNA only,mid,,high,1.0,1.0
"Human vastus lateralis, EE–CON 15–45 min",RHOT1,-1.0,0.795102014243105,0.0995726891301656,neither,high,,high,1.0,1.0
"Human vastus lateralis, EE–CON 15–45 min",RNF14,-1.0,-0.50941906188924,0.0729510740184516,neither,high,,high,1.0,1.0
"Human vastus lateralis, EE–CON 15–45 min",RNF146,1.0,1.11567035447859,0.712844481757859,neither,high,,high,1.0,1.0
"Human vastus lateralis, EE–CON 15–45 min",RWDD1,-1.0,-0.494891253369996,0.67864093192707,neither,high,,high,1.0,1.0
"Human vastus lateralis, EE–CON 15–45 min",S100A8,-1.0,-0.690415531659173,0.814720766376222,neither,low,,mid,1.0,1.0
"Human vastus lateralis, EE–CON 15–45 min",S100A9,-1.0,-0.136920857213346,1.08571444653867,neither,low,,high,1.0,1.0
"Human vastus lateralis, EE–CON 15–45 min",SAA2,-1.0,-0.857123700033824,-0.559340522341741,neither,low,,mid,1.0,1.0
"Human vastus lateralis, EE–CON 15–45 min",SAMHD1,-1.0,-0.672912237900212,0.513587454759113,neither,high,,high,1.0,1.0
"Human vastus lateralis, EE–CON 15–45 min",SEC31A,1.0,-1.8284379994181,0.166037988996779,neither,high,,high,1.0,1.0
"Human vastus lateralis, EE–CON 15–45 min",SEC61A1,-1.0,0.459767659980004,0.455561689275872,neither,high,,high,1.0,1.0
"Human vastus lateralis, EE–CON 15–45 min",SERPINA3,-1.0,0.994426174439826,1.05035218746767,neither,low,,mid,1.0,1.0
"Human vastus lateralis, EE–CON 15–45 min",SFRP1,1.0,-2.1113710983852,-0.188269297071444,neither,low,,low,1.0,1.0
"Human vastus lateralis, EE–CON 15–45 min",SH3BGR,-1.0,-0.73268097232838,-0.165257803782998,neither,high,,high,1.0,1.0
"Human vastus lateralis, EE–CON 15–45 min",SH3BGRL,1.0,0.0599372138106122,1.13910822085139,neither,mid,,mid,1.0,1.0
"Human vastus lateralis, EE–CON 15–45 min",SLC1A3,-1.0,-0.918311462335689,0.496891329368688,neither,high,,mid,1.0,1.0
"Human vastus lateralis, EE–CON 15–45 min",SLC25A11,1.0,-0.899239036619705,-0.526233716180249,neither,high,,high,1.0,1.0
"Human vastus lateralis, EE–CON 15–45 min",SLC25A12,-1.0,0.0286036246097214,0.098419058753613,neither,high,,high,1.0,1.0
"Human vastus lateralis, EE–CON 15–45 min",SLC25A20,1.0,-2.13046441053273,-1.12014230793157,neither,high,,high,1.0,1.0
"Human vastus lateralis, EE–CON 15–45 min",SNRPB,-1.0,-0.405336771542382,-1.47909131364411,neither,high,,high,1.0,1.0
"Human vastus lateralis, EE–CON 15–45 min",SORT1,-1.0,-0.410522376175573,-0.472799658196059,neither,high,,high,1.0,1.0
"Human vastus lateralis, EE–CON 15–45 min",SOS1,-1.0,0.617186955607461,0.981898697460106,neither,high,,high,1.0,1.0
"Human vastus lateralis, EE–CON 15–45 min",SPARC,1.0,0.194021091038266,-0.192964138529289,neither,high,,high,1.0,1.0
"Human vastus lateralis, EE–CON 15–45 min",SPATA20,1.0,-2.46097813317715,-1.87073832081228,neither,high,,high,1.0,1.0
"Human vastus lateralis, EE–CON 15–45 min",SRGN,-1.0,4.54861229194541,0.843284156821571,RNA only,mid,,high,1.0,1.0
"Human vastus lateralis, EE–CON 15–45 min",SSPN,1.0,-0.663615898046374,-0.421068904035274,neither,high,,high,1.0,1.0
"Human vastus lateralis, EE–CON 15–45 min",STAT3,-1.0,0.744445814311635,2.15363012480384,neither,high,,high,1.0,2.0
"Human vastus lateralis, EE–CON 15–45 min",STEAP3,-1.0,-0.418188546851075,0.375713018394872,neither,high,,high,1.0,1.0
"Human vastus lateralis, EE–CON 15–45 min",STIP1,-1.0,2.06411528298551,-0.58271602456267,neither,high,,high,1.0,1.0
"Human vastus lateralis, EE–CON 15–45 min",STK38L,1.0,11.2851470222082,-1.57319379272959,RNA only,mid,,mid,1.0,1.0
"Human vastus lateralis, EE–CON 15–45 min",SUCLA2,1.0,-0.622184412464235,-0.957172614188898,neither,high,,high,1.0,1.0
"Human vastus lateralis, EE–CON 15–45 min",SUN2,-1.0,-0.854321152469582,0.281683023462054,neither,high,,high,1.0,1.0
"Human vastus lateralis, EE–CON 15–45 min",SYNE2,-1.0,-0.927528372237477,-0.701488485085739,neither,high,,high,1.0,2.0
"Human vastus lateralis, EE–CON 15–45 min",SYNPO2L,1.0,-0.590606227164711,1.67709302878724,neither,high,,high,1.0,2.0
"Human vastus lateralis, EE–CON 15–45 min",TAF15,1.0,-2.62329524645882,-0.0076262199541215,neither,high,,high,1.0,1.0
"Human vastus lateralis, EE–CON 15–45 min",TAPBPL,1.0,-0.857871390846477,-0.431143658910007,neither,mid,,mid,1.0,1.0
"Human vastus lateralis, EE–CON 15–45 min",TGM2,-1.0,-0.938939254326799,-0.0424889328348337,neither,high,,high,1.0,1.0
"Human vastus lateralis, EE–CON 15–45 min",THBS1,-1.0,3.2151824858085,0.412039896811047,RNA only,low,,mid,1.0,1.0
"Human vastus lateralis, EE–CON 15–45 min",THBS4,1.0,0.547460431550468,0.639662258521199,neither,high,,high,1.0,1.0
"Human vastus lateralis, EE–CON 15–45 min",THYN1,1.0,-1.897295560485,0.164574625411271,neither,mid,,high,1.0,1.0
"Human vastus lateralis, EE–CON 15–45 min",TIMP3,-1.0,2.51774502523297,0.766172578605379,neither,high,,high,1.0,1.0
"Human vastus lateralis, EE–CON 15–45 min",TLN1,1.0,-0.593096149278094,0.212847805068631,neither,high,,high,1.0,1.0
"Human vastus lateralis, EE–CON 15–45 min",TM7SF2,1.0,-2.08010489907487,0.492586231060436,neither,mid,,mid,1.0,1.0
"Human vastus lateralis, EE–CON 15–45 min",TMEM38B,-1.0,-0.685964924332221,-0.453928911474888,neither,high,,high,1.0,1.0
"Human vastus lateralis, EE–CON 15–45 min",TNNI1,1.0,-1.99736413778145,-1.55963585860455,neither,high,,high,1.0,1.0
"Human vastus lateralis, EE–CON 15–45 min",TPPP3,1.0,-1.49860034994329,-0.761950232608513,neither,mid,,high,1.0,1.0
"Human vastus lateralis, EE–CON 15–45 min",TPRKB,-1.0,-2.23247260447434,1.76242323513681,neither,mid,,high,1.0,1.0
"Human vastus lateralis, EE–CON 15–45 min",TRDN,-1.0,-1.05491945335577,0.274769950891951,neither,high,,high,1.0,1.0
"Human vastus lateralis, EE–CON 15–45 min",TRMT5,1.0,-0.0312293835422467,-0.255718927973033,neither,mid,,mid,1.0,1.0
"Human vastus lateralis, EE–CON 15–45 min",TUBA1A,1.0,4.54449778784042,0.634951358099178,RNA only,mid,,mid,1.0,1.0
"Human vastus lateralis, EE–CON 15–45 min",TUBA4A,-1.0,0.459903097447028,0.197507218428363,neither,high,,high,1.0,1.0
"Human vastus lateralis, EE–CON 15–45 min",TUBG1,-1.0,0.594236420998804,-0.676406940853036,neither,high,,high,1.0,1.0
"Human vastus lateralis, EE–CON 15–45 min",TXNIP,1.0,0.0694341056136276,-4.21939618612329,neither,high,,high,1.0,1.0
"Human vastus lateralis, EE–CON 15–45 min",TXNRD1,-1.0,-0.543621478820819,-0.03339219075316,neither,high,,high,1.0,1.0
"Human vastus lateralis, EE–CON 15–45 min",UAP1,-1.0,1.02407801994286,0.605730719544516,neither,high,,high,1.0,1.0
"Human vastus lateralis, EE–CON 15–45 min",UBFD1,-1.0,-1.41323182076212,-0.228383219298696,neither,high,,high,1.0,1.0
"Human vastus lateralis, EE–CON 15–45 min",UBQLN2,1.0,-0.2161409245797,2.0011736000001,neither,high,,high,1.0,1.0
"Human vastus lateralis, EE–CON 15–45 min",UFSP2,1.0,0.104875623233679,1.20574281523808,neither,high,,high,1.0,1.0
"Human vastus lateralis, EE–CON 15–45 min",UGP2,-1.0,-0.423152077043423,0.252974526863914,neither,high,,high,1.0,1.0
"Human vastus lateralis, EE–CON 15–45 min",USP9Y,1.0,1.45884297208473,0.0129887421717687,neither,low,,mid,1.0,1.0
"Human vastus lateralis, EE–CON 15–45 min",VCAN,1.0,0.912012671475623,0.441153890608981,neither,mid,,low,1.0,1.0
"Human vastus lateralis, EE–CON 15–45 min",VEZF1,-1.0,-0.412291542791238,0.470167120471173,neither,high,,high,1.0,1.0
"Human vastus lateralis, EE–CON 15–45 min",VPS13D,-1.0,-0.0239685409347745,-0.473270179559351,neither,high,,high,1.0,1.0
"Human vastus lateralis, EE–CON 15–45 min",WFS1,1.0,-1.17284683111505,-0.321169844332306,neither,mid,,high,1.0,1.0
"Human vastus lateralis, EE–CON 15–45 min",YBX3,-1.0,0.539446112739539,-1.24928305445773,neither,high,,high,1.0,2.0
"Human vastus lateralis, EE–CON 15–45 min",ZBTB16,1.0,0.470446970271702,-0.589993697960864,neither,high,,high,1.0,1.0
"Human vastus lateralis, EE–CON 3.5–4 h",AASS,-1.0,-1.99154232137056,-0.330929075137728,neither,mid,,mid,1.0,1.0
"Human vastus lateralis, EE–CON 3.5–4 h",ABCA8,1.0,-2.63135249568933,-1.38659777569513,neither,high,,mid,1.0,1.0
"Human vastus lateralis, EE–CON 3.5–4 h",ABHD5,-1.0,-0.550847176182083,-0.875498125944528,neither,mid,,mid,1.0,1.0
"Human vastus lateralis, EE–CON 3.5–4 h",ABL1,-1.0,-2.4961796240703,-1.75969348485819,neither,high,,high,1.0,1.0
"Human vastus lateralis, EE–CON 3.5–4 h",ACSS3,-1.0,-2.16253881391032,0.498706962749355,neither,mid,,low,1.0,1.0
"Human vastus lateralis, EE–CON 3.5–4 h",ACTA1,-1.0,-0.178708302090981,0.116759936369503,neither,high,,high,1.0,1.0
"Human vastus lateralis, EE–CON 3.5–4 h",ADAMTS1,-1.0,1.26401841357151,0.021240501653025,neither,high,,high,1.0,1.0
"Human vastus lateralis, EE–CON 3.5–4 h",ADD3,1.0,-1.54765856128093,-0.910559607593836,neither,mid,,mid,1.0,1.0
"Human vastus lateralis, EE–CON 3.5–4 h",ADH1B,-1.0,-1.89104416205896,-1.21012066345565,neither,high,,high,1.0,1.0
"Human vastus lateralis, EE–CON 3.5–4 h",ADH5,1.0,2.05352819163202,-0.937550273732016,neither,high,,high,1.0,1.0
"Human vastus lateralis, EE–CON 3.5–4 h",AKR1C1,-1.0,-1.18756349564371,-0.0122170529591835,neither,mid,,mid,1.0,1.0
"Human vastus lateralis, EE–CON 3.5–4 h",AKR1C2,-1.0,-1.25240094809149,0.401124084212315,neither,high,,high,1.0,1.0
"Human vastus lateralis, EE–CON 3.5–4 h",AKR1C3,-1.0,-0.126865340132041,-0.244863505499615,neither,mid,,high,1.0,1.0
"Human vastus lateralis, EE–CON 3.5–4 h",ALAS1,1.0,2.27422863312978,2.92970254790574,neither,high,,high,1.0,1.0
"Human vastus lateralis, EE–CON 3.5–4 h",ALDH5A1,1.0,-0.413268623872296,-0.505185710696491,neither,high,,high,1.0,1.0
"Human vastus lateralis, EE–CON 3.5–4 h",ALDH9A1,1.0,-2.16200009594435,-0.707752960931567,neither,high,,high,1.0,1.0
"Human vastus lateralis, EE–CON 3.5–4 h",ANK1,1.0,1.7830718536432,-0.648552106803999,neither,high,,high,1.0,2.0
"Human vastus lateralis, EE–CON 3.5–4 h",ANKMY2,1.0,-1.47828124352347,-0.155923493348011,neither,mid,,mid,1.0,1.0
"Human vastus lateralis, EE–CON 3.5–4 h",ANKRD1,-1.0,2.01535732054884,0.700700460187502,neither,high,,high,1.0,1.0
"Human vastus lateralis, EE–CON 3.5–4 h",ANKRD2,-1.0,-0.755788004290553,0.236303954258726,neither,high,,high,1.0,1.0
"Human vastus lateralis, EE–CON 3.5–4 h",ANP32E,1.0,-1.9107177510179,0.0508298301656194,neither,high,,high,1.0,1.0
"Human vastus lateralis, EE–CON 3.5–4 h",ANXA4,1.0,1.36606966821752,0.955596979635647,neither,mid,,mid,1.0,1.0
"Human vastus lateralis, EE–CON 3.5–4 h",ANXA6,1.0,-0.422935375672316,-1.31527044435443,neither,high,,high,1.0,1.0
"Human vastus lateralis, EE–CON 3.5–4 h",AOX1,-1.0,-1.13764393778358,0.440168761234801,neither,low,,mid,1.0,1.0
"Human vastus lateralis, EE–CON 3.5–4 h",AP1S2,-1.0,1.70127806876106,-0.23872300971758,neither,high,,high,1.0,1.0
"Human vastus lateralis, EE–CON 3.5–4 h",AP2B1,1.0,0.842306243895967,0.46014379826442,neither,high,,high,1.0,1.0
"Human vastus lateralis, EE–CON 3.5–4 h",APOD,-1.0,-1.97011470913711,0.0093709279180601,neither,high,,high,1.0,1.0
"Human vastus lateralis, EE–CON 3.5–4 h",ARHGDIB,1.0,0.0228753057117151,-1.00068320365314,neither,mid,,high,1.0,1.0
"Human vastus lateralis, EE–CON 3.5–4 h",ARMCX1,1.0,2.73793572250539,0.297568652509146,RNA only,mid,,high,1.0,1.0
"Human vastus lateralis, EE–CON 3.5–4 h",ARMCX2,1.0,0.572748896375692,1.21537636074392,neither,mid,,mid,1.0,1.0
"Human vastus lateralis, EE–CON 3.5–4 h",ARMCX3,1.0,1.53369261987184,2.55788544054305,neither,high,,high,1.0,1.0
"Human vastus lateralis, EE–CON 3.5–4 h",ASMTL,1.0,-0.189484536323937,-0.0821840878893433,neither,mid,,mid,2.0,1.0
"Human vastus lateralis, EE–CON 3.5–4 h",ASPN,1.0,-0.46540162855115,0.300404408921735,neither,low,,mid,1.0,1.0
"Human vastus lateralis, EE–CON 3.5–4 h",ATP1A1,-1.0,3.75184578328399,0.403328345170082,RNA only,high,,high,1.0,1.0
"Human vastus lateralis, EE–CON 3.5–4 h",ATP1A2,-1.0,1.00926192299225,-0.166622860292407,neither,high,,high,1.0,1.0
"Human vastus lateralis, EE–CON 3.5–4 h",ATP1B1,-1.0,2.95399634309415,0.356435342132545,RNA only,high,,high,1.0,1.0
"Human vastus lateralis, EE–CON 3.5–4 h",ATP2A2,-1.0,0.777284411373619,1.74173452985033,neither,high,,high,1.0,3.0
"Human vastus lateralis, EE–CON 3.5–4 h",BAG2,-1.0,1.3679783402166,-1.08973210353518,neither,mid,,mid,1.0,1.0
"Human vastus lateralis, EE–CON 3.5–4 h",BASP1,1.0,0.653623456140561,-0.550144045127739,neither,low,,low,1.0,1.0
"Human vastus lateralis, EE–CON 3.5–4 h",BCL2L1,-1.0,9.88165389117624,-2.25933063188017,RNA only,mid,,high,1.0,1.0
"Human vastus lateralis, EE–CON 3.5–4 h",BGN,1.0,-1.39019831346982,-0.255017444867218,neither,mid,,high,1.0,1.0
"Human vastus lateralis, EE–CON 3.5–4 h",BRD4,-1.0,2.32536150903553,-0.800755987421607,neither,high,,high,1.0,1.0
"Human vastus lateralis, EE–CON 3.5–4 h",C1orf21,-1.0,-0.699548307885034,1.15376421380353,neither,high,,high,1.0,1.0
"Human vastus lateralis, EE–CON 3.5–4 h",C3,-1.0,-0.431490200714641,0.0324197003976751,neither,high,,high,1.0,1.0
"Human vastus lateralis, EE–CON 3.5–4 h",C4A,-1.0,-1.21210489039753,0.0718716633526257,neither,low,,low,1.0,1.0
"Human vastus lateralis, EE–CON 3.5–4 h",C6,1.0,-0.0443248258431709,0.26648948071917,neither,low,,low,1.0,1.0
"Human vastus lateralis, EE–CON 3.5–4 h",CALU,-1.0,0.357411584981417,-1.23912596976222,neither,high,,high,1.0,2.0
"Human vastus lateralis, EE–CON 3.5–4 h",CCT2,-1.0,1.45622337869798,0.0413882025125193,neither,high,,high,1.0,1.0
"Human vastus lateralis, EE–CON 3.5–4 h",CD14,-1.0,0.678071556854244,0.323878515046672,neither,low,,mid,1.0,1.0
"Human vastus lateralis, EE–CON 3.5–4 h",CD163,-1.0,0.574619423462835,0.18433325488896,neither,low,,mid,1.0,1.0
"Human vastus lateralis, EE–CON 3.5–4 h",CD59,-1.0,3.345946810366,-0.845557812657259,RNA only,high,,high,1.0,1.0
"Human vastus lateralis, EE–CON 3.5–4 h",CD74,1.0,-1.40504239205741,-0.461236338141737,neither,high,,high,1.0,1.0
"Human vastus lateralis, EE–CON 3.5–4 h",CDC37L1,-1.0,0.238879465073193,0.9065105283795,neither,high,,high,1.0,1.0
"Human vastus lateralis, EE–CON 3.5–4 h",CDV3,-1.0,1.55366578237068,1.15849603022006,neither,high,,high,1.0,1.0
"Human vastus lateralis, EE–CON 3.5–4 h",CHORDC1,-1.0,3.43213094486493,-0.642196833840597,RNA only,mid,,mid,1.0,1.0
"Human vastus lateralis, EE–CON 3.5–4 h",CILP,1.0,-0.0361801965368177,-1.42972497521066,neither,high,,mid,1.0,1.0
"Human vastus lateralis, EE–CON 3.5–4 h",CLIC4,-1.0,4.71357101615886,-1.21136449024654,RNA only,high,,high,1.0,1.0
"Human vastus lateralis, EE–CON 3.5–4 h",CLIP1,-1.0,0.264244852515587,0.345439729069567,neither,high,,high,1.0,1.0
"Human vastus lateralis, EE–CON 3.5–4 h",CLTB,-1.0,0.576346612889055,-0.492020838649222,neither,high,,high,1.0,1.0
"Human vastus lateralis, EE–CON 3.5–4 h",CLU,-1.0,-0.711621051340215,0.170236746786337,neither,high,,high,1.0,1.0
"Human vastus lateralis, EE–CON 3.5–4 h",CMC2,-1.0,0.631116102113096,-1.65847619818195,neither,mid,,mid,1.0,1.0
"Human vastus lateralis, EE–CON 3.5–4 h",CNN1,-1.0,1.036130216814,-1.1312373235451,neither,low,,mid,1.0,1.0
"Human vastus lateralis, EE–CON 3.5–4 h",COA4,-1.0,0.807088711523502,-0.158659425661949,neither,mid,,high,1.0,1.0
"Human vastus lateralis, EE–CON 3.5–4 h",COBL,-1.0,-0.947947823878533,0.0647411166546125,neither,high,,high,1.0,1.0
"Human vastus lateralis, EE–CON 3.5–4 h",COL15A1,1.0,-1.61589085349072,0.137109360707636,neither,high,,mid,1.0,1.0
"Human vastus lateralis, EE–CON 3.5–4 h",COL1A1,1.0,-0.244441413586934,-1.17169241657836,neither,high,,mid,1.0,1.0
"Human vastus lateralis, EE–CON 3.5–4 h",COL1A2,1.0,-0.650513867795568,-0.573683353322912,neither,high,,high,1.0,1.0
"Human vastus lateralis, EE–CON 3.5–4 h",COL3A1,1.0,0.0172868565078386,-0.632337995824573,neither,high,,high,1.0,1.0
"Human vastus lateralis, EE–CON 3.5–4 h",COX17,-1.0,1.10370159967378,-0.16888711173132,neither,high,,high,1.0,1.0
"Human vastus lateralis, EE–CON 3.5–4 h",CPT2,1.0,-0.211964177420514,-0.24143377765816,neither,high,,mid,1.0,1.0
"Human vastus lateralis, EE–CON 3.5–4 h",CRYM,1.0,1.58701907531809,-0.739398494318149,neither,low,,low,1.0,1.0
"Human vastus lateralis, EE–CON 3.5–4 h",CTF1,1.0,-0.139581582339626,2.22080609557701,neither,mid,,mid,1.0,1.0
"Human vastus lateralis, EE–CON 3.5–4 h",CTSD,1.0,3.51293117569545,-1.6100830606262,RNA only,high,,high,1.0,1.0
"Human vastus lateralis, EE–CON 3.5–4 h",CTSH,1.0,-1.98695098644206,-0.227763421196578,neither,mid,,mid,1.0,1.0
"Human vastus lateralis, EE–CON 3.5–4 h",CYP2J2,1.0,0.0968658356043587,0.658588942342316,neither,mid,,mid,1.0,1.0
"Human vastus lateralis, EE–CON 3.5–4 h",DAZAP1,-1.0,2.46421955574188,0.870486472638668,neither,high,,high,1.0,1.0
"Human vastus lateralis, EE–CON 3.5–4 h",DDX39A,-1.0,4.6659101559691,1.46524728638333,RNA only,mid,,high,1.0,1.0
"Human vastus lateralis, EE–CON 3.5–4 h",DDX3Y,1.0,0.953092580738291,-0.843065534524243,neither,low,,high,1.0,1.0
"Human vastus lateralis, EE–CON 3.5–4 h",DERL1,-1.0,3.13179909375988,2.15116356985355,RNA only,high,,high,1.0,1.0
"Human vastus lateralis, EE–CON 3.5–4 h",DLG1,-1.0,-0.927224708030089,1.45077887691727,neither,high,,high,1.0,1.0
"Human vastus lateralis, EE–CON 3.5–4 h",DLST,1.0,0.529210434074553,0.433054738716008,neither,high,,high,1.0,1.0
"Human vastus lateralis, EE–CON 3.5–4 h",DMPK,-1.0,-0.534470953836641,1.44447207512217,neither,high,,high,1.0,1.0
"Human vastus lateralis, EE–CON 3.5–4 h",DPM1,1.0,-1.43219923754293,1.38229385101342,neither,mid,,high,1.0,1.0
"Human vastus lateralis, EE–CON 3.5–4 h",DPYSL3,1.0,0.0899955220198173,-0.160889589134032,neither,high,,high,1.0,1.0
"Human vastus lateralis, EE–CON 3.5–4 h",DUSP13,-1.0,0.384653154472963,1.22045195520437,neither,high,,high,1.0,2.0
"Human vastus lateralis, EE–CON 3.5–4 h",DVL1,-1.0,-0.128879213035952,0.525409233286847,neither,high,,high,1.0,1.0
"Human vastus lateralis, EE–CON 3.5–4 h",EFEMP1,1.0,-0.807139733913856,-0.178813347656688,neither,mid,,mid,1.0,1.0
"Human vastus lateralis, EE–CON 3.5–4 h",EGLN1,-1.0,2.58379976346527,0.0781124921410557,neither,high,,high,1.0,1.0
"Human vastus lateralis, EE–CON 3.5–4 h",EHBP1L1,-1.0,0.112798742704472,0.48160552582186,neither,high,,high,1.0,1.0
"Human vastus lateralis, EE–CON 3.5–4 h",EHD3,1.0,-0.424248993363235,0.398281009220817,neither,low,,low,1.0,1.0
"Human vastus lateralis, EE–CON 3.5–4 h",EIF1AX,-1.0,-0.511609116705744,-0.572306542499706,neither,high,,high,1.0,1.0
"Human vastus lateralis, EE–CON 3.5–4 h",EIF1AY,1.0,2.02394870323332,-0.57302606973018,neither,low,,high,1.0,1.0
"Human vastus lateralis, EE–CON 3.5–4 h",EIF4EBP3,1.0,3.86560515862738,-2.57550425479124,RNA only,mid,,high,1.0,1.0
"Human vastus lateralis, EE–CON 3.5–4 h",EMC2,1.0,0.382087106229934,-0.168605281499605,neither,high,,high,1.0,1.0
"Human vastus lateralis, EE–CON 3.5–4 h",EMC6,-1.0,0.618542452670443,0.660533620075452,neither,high,,high,1.0,1.0
"Human vastus lateralis, EE–CON 3.5–4 h",EMCN,-1.0,0.142863277221958,0.464379986149523,neither,mid,,mid,1.0,1.0
"Human vastus lateralis, EE–CON 3.5–4 h",EPB41L2,1.0,-0.104260956667528,-0.489248973850819,neither,high,,mid,1.0,1.0
"Human vastus lateralis, EE–CON 3.5–4 h",EPHX2,1.0,-1.41302557584542,1.1193574583509,neither,mid,,mid,1.0,1.0
"Human vastus lateralis, EE–CON 3.5–4 h",EPM2AIP1,1.0,1.29731104034662,0.915446631326335,neither,high,,mid,1.0,1.0
"Human vastus lateralis, EE–CON 3.5–4 h",ERLIN2,1.0,-1.20902355998486,1.30376035304604,neither,high,,mid,1.0,1.0
"Human vastus lateralis, EE–CON 3.5–4 h",EVL,1.0,1.99184446047754,-1.46255487564377,neither,mid,,mid,1.0,1.0
"Human vastus lateralis, EE–CON 3.5–4 h",FASN,-1.0,0.170488320188903,0.232331263217423,neither,high,,high,1.0,1.0
"Human vastus lateralis, EE–CON 3.5–4 h",FBLN2,1.0,-0.659465232050013,-1.56749561977563,neither,high,,high,1.0,1.0
"Human vastus lateralis, EE–CON 3.5–4 h",FBN1,1.0,-0.938181533685245,-2.11950380331692,neither,high,,mid,1.0,1.0
"Human vastus lateralis, EE–CON 3.5–4 h",FBXO40,1.0,3.73470655420809,-1.84120473816486,RNA only,high,,high,1.0,1.0
"Human vastus lateralis, EE–CON 3.5–4 h",FCGR3B,1.0,0.259076751076489,-0.388166456245098,neither,low,,low,1.0,1.0
"Human vastus lateralis, EE–CON 3.5–4 h",FCGRT,1.0,-2.15847559761623,2.16033758716826,neither,high,,high,1.0,1.0
"Human vastus lateralis, EE–CON 3.5–4 h",FCN3,-1.0,6.41536886135577,-0.163150732237717,RNA only,low,,mid,1.0,1.0
"Human vastus lateralis, EE–CON 3.5–4 h",FERMT2,-1.0,1.73495569458961,0.0117791943188085,neither,high,,high,1.0,1.0
"Human vastus lateralis, EE–CON 3.5–4 h",FHOD3,1.0,-0.0426343477957376,0.207138168780826,neither,high,,high,1.0,1.0
"Human vastus lateralis, EE–CON 3.5–4 h",FKBP4,-1.0,1.66032769587579,0.533535768800898,neither,high,,high,1.0,1.0
"Human vastus lateralis, EE–CON 3.5–4 h",FKBP5,-1.0,1.62098539508779,0.335919366137198,neither,high,,high,1.0,1.0
"Human vastus lateralis, EE–CON 3.5–4 h",FLII,-1.0,0.860036728964669,1.63456241195926,neither,high,,high,1.0,2.0
"Human vastus lateralis, EE–CON 3.5–4 h",FLNC,-1.0,0.742645760618824,1.65600804198934,neither,high,,high,1.0,2.0
"Human vastus lateralis, EE–CON 3.5–4 h",FMOD,1.0,-1.27740150231345,0.762149979198411,neither,mid,,mid,1.0,1.0
"Human vastus lateralis, EE–CON 3.5–4 h",FNBP1L,1.0,6.80439113855026,0.0363681572716503,RNA only,high,,mid,1.0,1.0
"Human vastus lateralis, EE–CON 3.5–4 h",FRZB,1.0,-0.891867394461829,1.79419198370594,neither,mid,,mid,1.0,1.0
"Human vastus lateralis, EE–CON 3.5–4 h",FSTL1,1.0,-0.146887713174692,-0.359802351406045,neither,high,,high,1.0,1.0
"Human vastus lateralis, EE–CON 3.5–4 h",FUCA1,1.0,-1.83690366389442,0.115162698354545,neither,mid,,mid,1.0,1.0
"Human vastus lateralis, EE–CON 3.5–4 h",G0S2,-1.0,-5.26432899709861,-2.13605556236283,RNA only,high,,high,1.0,1.0
"Human vastus lateralis, EE–CON 3.5–4 h",GATM,1.0,0.153386020145619,0.960660166802742,neither,high,,high,1.0,1.0
"Human vastus lateralis, EE–CON 3.5–4 h",GCLM,-1.0,0.895511329344189,0.0381734444503,neither,mid,,mid,1.0,1.0
"Human vastus lateralis, EE–CON 3.5–4 h",GLOD4,1.0,1.06761674809021,-2.40092121359792,neither,mid,,high,1.0,1.0
"Human vastus lateralis, EE–CON 3.5–4 h",GLRX,1.0,-2.12050399356005,-1.03926307940894,neither,mid,,high,1.0,1.0
"Human vastus lateralis, EE–CON 3.5–4 h",GLRX2,-1.0,-0.279684304514299,0.44428718047049,neither,mid,,high,1.0,1.0
"Human vastus lateralis, EE–CON 3.5–4 h",GLUL,-1.0,2.50773838902628,0.517717240825126,neither,high,,high,1.0,1.0
"Human vastus lateralis, EE–CON 3.5–4 h",GMPR,-1.0,-0.480489173068742,0.855539312251321,neither,high,,high,1.0,1.0
"Human vastus lateralis, EE–CON 3.5–4 h",GNL3,-1.0,1.14859086760519,-0.440475695761812,neither,high,,high,1.0,1.0
"Human vastus lateralis, EE–CON 3.5–4 h",GPD1L,-1.0,-0.316182609001408,-1.16169525766794,neither,high,,high,1.0,1.0
"Human vastus lateralis, EE–CON 3.5–4 h",GPX3,-1.0,2.37389131779902,-0.830155830512333,neither,high,,high,1.0,1.0
"Human vastus lateralis, EE–CON 3.5–4 h",GTPBP6,-1.0,1.38895826435853,-1.12353240450852,neither,high,,high,2.0,1.0
"Human vastus lateralis, EE–CON 3.5–4 h",HBA1,1.0,0.743554404210736,0.20625412220677,neither,low,,mid,1.0,1.0
"Human vastus lateralis, EE–CON 3.5–4 h",HBB,1.0,-0.0262075451843776,-0.0451092088276705,neither,low,,high,1.0,1.0
"Human vastus lateralis, EE–CON 3.5–4 h",HLA-B,1.0,0.960775998731159,-0.56810330184999,neither,high,,high,1.0,1.0
"Human vastus lateralis, EE–CON 3.5–4 h",HLTF,1.0,-0.387703177130737,0.958172918689883,neither,high,,mid,1.0,1.0
"Human vastus lateralis, EE–CON 3.5–4 h",HMGB2,1.0,2.05540620888243,-1.33134046838209,neither,mid,,high,1.0,1.0
"Human vastus lateralis, EE–CON 3.5–4 h",HMGCL,1.0,0.347928867338472,-0.153324545570653,neither,high,,high,1.0,1.0
"Human vastus lateralis, EE–CON 3.5–4 h",HMGN1,1.0,1.07260865220291,-0.524326806172462,neither,mid,,mid,1.0,1.0
"Human vastus lateralis, EE–CON 3.5–4 h",HMGN2,1.0,0.0953522281680224,-0.859539044353008,neither,high,,high,1.0,1.0
"Human vastus lateralis, EE–CON 3.5–4 h",HMOX2,-1.0,0.159558796521412,0.48841572270883,neither,mid,,mid,1.0,1.0
"Human vastus lateralis, EE–CON 3.5–4 h",HOPX,-1.0,-0.86434652075032,-0.224404589765918,neither,mid,,mid,1.0,1.0
"Human vastus lateralis, EE–CON 3.5–4 h",HPRT1,1.0,0.137362971381362,-0.802732147637298,neither,mid,,high,1.0,1.0
"Human vastus lateralis, EE–CON 3.5–4 h",HSP90AA1,-1.0,3.15244835008018,1.1787113320776,RNA only,high,,high,1.0,1.0
"Human vastus lateralis, EE–CON 3.5–4 h",HSPA2,1.0,0.883217123934914,0.0734491780326812,neither,high,,high,1.0,1.0
"Human vastus lateralis, EE–CON 3.5–4 h",HSPA5,1.0,4.27183916487082,-0.353498253530447,RNA only,high,,high,1.0,1.0
"Human vastus lateralis, EE–CON 3.5–4 h",HSPB2,-1.0,-0.181670167471423,-0.0884876912837964,neither,high,,high,1.0,1.0
"Human vastus lateralis, EE–CON 3.5–4 h",HSPB6,1.0,-0.0241042155434697,0.421031062083601,neither,high,,high,1.0,1.0
"Human vastus lateralis, EE–CON 3.5–4 h",HTRA1,1.0,-1.63952368536574,0.553656265081334,neither,mid,,high,1.0,1.0
"Human vastus lateralis, EE–CON 3.5–4 h",IFIT1,1.0,-2.07557196632752,-1.35941299518858,neither,high,,low,1.0,1.0
"Human vastus lateralis, EE–CON 3.5–4 h",IFIT3,1.0,-2.31439114002248,0.866239305349455,neither,mid,,mid,1.0,1.0
"Human vastus lateralis, EE–CON 3.5–4 h",IGHG2,-1.0,-0.292513440648524,0.223954426652848,neither,low,,low,1.0,1.0
"Human vastus lateralis, EE–CON 3.5–4 h",IL32,1.0,0.973139740920486,0.290663074837982,neither,high,,high,1.0,1.0
"Human vastus lateralis, EE–CON 3.5–4 h",IRS1,-1.0,1.22590331848803,-0.413849014603171,neither,high,,mid,1.0,1.0
"Human vastus lateralis, EE–CON 3.5–4 h",ISLR,1.0,-2.0156360419604,-1.92402022643638,neither,mid,,mid,1.0,1.0
"Human vastus lateralis, EE–CON 3.5–4 h",ITGA5,-1.0,2.61108046103334,-0.508331975905408,neither,mid,,high,1.0,1.0
"Human vastus lateralis, EE–CON 3.5–4 h",IVNS1ABP,1.0,0.404034895288494,-1.54833060369831,neither,high,,high,1.0,1.0
"Human vastus lateralis, EE–CON 3.5–4 h",JUP,-1.0,-1.80019994962314,2.21309497524574,neither,high,,high,1.0,1.0
"Human vastus lateralis, EE–CON 3.5–4 h",KCTD12,-1.0,1.64079873527148,-1.09053770323864,neither,high,,mid,1.0,1.0
"Human vastus lateralis, EE–CON 3.5–4 h",KLHL21,-1.0,7.45204160863511,-0.459867442924871,RNA only,high,,high,1.0,1.0
"Human vastus lateralis, EE–CON 3.5–4 h",KLHL41,-1.0,0.024325245050271,-0.657500750142817,neither,high,,high,1.0,1.0
"Human vastus lateralis, EE–CON 3.5–4 h",LAMB1,1.0,0.432951422750773,-1.20122905564408,neither,high,,high,1.0,1.0
"Human vastus lateralis, EE–CON 3.5–4 h",LMCD1,-1.0,1.42994761774524,0.557874731561419,neither,high,,high,1.0,1.0
"Human vastus lateralis, EE–CON 3.5–4 h",LPIN1,-1.0,4.66588509165158,-0.254136864100717,RNA only,high,,high,1.0,1.0
"Human vastus lateralis, EE–CON 3.5–4 h",LRRC59,-1.0,1.60338118233185,-1.2338921853967,neither,mid,,high,1.0,1.0
"Human vastus lateralis, EE–CON 3.5–4 h",LSP1,1.0,0.281386306713858,0.402292622729709,neither,mid,,mid,1.0,1.0
"Human vastus lateralis, EE–CON 3.5–4 h",LTBP1,1.0,-2.93651526135498,-1.64665513795003,RNA only,high,,mid,1.0,1.0
"Human vastus lateralis, EE–CON 3.5–4 h",LTBP2,1.0,-1.08411951621453,-0.112548266581745,neither,high,,mid,1.0,1.0
"Human vastus lateralis, EE–CON 3.5–4 h",LUM,1.0,-0.954133920676584,0.246634578425892,neither,mid,,mid,1.0,1.0
"Human vastus lateralis, EE–CON 3.5–4 h",LYVE1,-1.0,-0.215093388763681,-0.672870729364338,neither,low,,mid,1.0,1.0
"Human vastus lateralis, EE–CON 3.5–4 h",MAGED1,1.0,-1.9741963876235,0.130604590739427,neither,high,,high,1.0,1.0
"Human vastus lateralis, EE–CON 3.5–4 h",MAGED2,1.0,-2.26260948973225,0.95621335733385,neither,high,,high,1.0,1.0
"Human vastus lateralis, EE–CON 3.5–4 h",MAP1LC3B,-1.0,0.889061186113794,1.02475874510055,neither,high,,high,1.0,1.0
"Human vastus lateralis, EE–CON 3.5–4 h",MAP2K1,-1.0,-1.13495711863844,0.611574658841723,neither,high,,high,1.0,1.0
"Human vastus lateralis, EE–CON 3.5–4 h",MARK3,-1.0,2.93779014004654,0.27058728839927,RNA only,high,,high,1.0,1.0
"Human vastus lateralis, EE–CON 3.5–4 h",MATN2,1.0,-1.88315839473929,0.0207154828087708,neither,mid,,low,1.0,1.0
"Human vastus lateralis, EE–CON 3.5–4 h",MCM6,1.0,-1.2851402924309,-1.37151098940577,neither,mid,,mid,1.0,1.0
"Human vastus lateralis, EE–CON 3.5–4 h",MFAP4,1.0,-1.24962209665602,-1.95716146482166,neither,mid,,high,1.0,1.0
"Human vastus lateralis, EE–CON 3.5–4 h",MID1IP1,-1.0,-4.08668800546476,-1.22320643466618,RNA only,high,,high,1.0,1.0
"Human vastus lateralis, EE–CON 3.5–4 h",MKNK2,-1.0,6.6007444458648,-1.2580087361415,RNA only,high,,high,1.0,1.0
"Human vastus lateralis, EE–CON 3.5–4 h",MNDA,1.0,1.59955786852446,0.724121958725282,neither,low,,low,1.0,1.0
"Human vastus lateralis, EE–CON 3.5–4 h",MPI,1.0,0.125578347281504,0.445175335019839,neither,high,,high,1.0,1.0
"Human vastus lateralis, EE–CON 3.5–4 h",MRPL34,-1.0,1.29118794483218,-0.222287577776795,neither,high,,high,1.0,1.0
"Human vastus lateralis, EE–CON 3.5–4 h",MT1X,-1.0,3.34400767475845,-1.08921655819467,RNA only,high,,high,1.0,1.0
"Human vastus lateralis, EE–CON 3.5–4 h",MTCH1,-1.0,1.69515130237297,-1.5843857275164,neither,high,,high,1.0,1.0
"Human vastus lateralis, EE–CON 3.5–4 h",MTHFD2,-1.0,0.142820888822951,0.256159469449742,neither,mid,,high,1.0,1.0
"Human vastus lateralis, EE–CON 3.5–4 h",MTR,1.0,0.55699859983273,-0.400223025880558,neither,high,,high,1.0,1.0
"Human vastus lateralis, EE–CON 3.5–4 h",MX1,1.0,-6.46760701471407,3.44203919677351,RNA only,mid,,mid,1.0,1.0
"Human vastus lateralis, EE–CON 3.5–4 h",MX2,1.0,-4.05670081510364,0.531712400185003,RNA only,low,,low,1.0,1.0
"Human vastus lateralis, EE–CON 3.5–4 h",MYOM2,1.0,2.50018614291755,0.121197909454125,neither,high,,high,1.0,1.0
"Human vastus lateralis, EE–CON 3.5–4 h",MYOT,-1.0,1.11538198210414,0.0586639180286263,neither,high,,high,1.0,1.0
"Human vastus lateralis, EE–CON 3.5–4 h",NAA15,-1.0,0.968120342253366,1.01690089074764,neither,high,,mid,1.0,1.0
"Human vastus lateralis, EE–CON 3.5–4 h",NAMPT,-1.0,2.62270153360674,-0.0262442138974726,neither,high,,high,1.0,1.0
"Human vastus lateralis, EE–CON 3.5–4 h",NCAM1,-1.0,-0.865166794921859,0.283905763946331,neither,mid,,mid,1.0,1.0
"Human vastus lateralis, EE–CON 3.5–4 h",NCF2,1.0,0.583913953553938,0.091942513018758,neither,low,,low,1.0,1.0
"Human vastus lateralis, EE–CON 3.5–4 h",NID1,-1.0,-1.83271480105163,-1.11123060558163,neither,high,,high,1.0,1.0
"Human vastus lateralis, EE–CON 3.5–4 h",NIT2,1.0,-1.78301675761778,-0.488901906411759,neither,high,,mid,1.0,1.0
"Human vastus lateralis, EE–CON 3.5–4 h",NNMT,-1.0,2.48007508152039,-0.367995724657605,neither,low,,high,1.0,1.0
"Human vastus lateralis, EE–CON 3.5–4 h",NQO2,-1.0,0.31569297396913,-0.92356516557644,neither,high,,mid,1.0,1.0
"Human vastus lateralis, EE–CON 3.5–4 h",NRAP,-1.0,0.291706692836625,0.813124818836023,neither,high,,high,1.0,1.0
"Human vastus lateralis, EE–CON 3.5–4 h",NUCB2,1.0,-1.44148521783156,-0.397627141328121,neither,mid,,mid,1.0,1.0
"Human vastus lateralis, EE–CON 3.5–4 h",NUDT3,1.0,-0.202220081799785,1.74657742925334,neither,high,,high,1.0,1.0
"Human vastus lateralis, EE–CON 3.5–4 h",NUDT4,-1.0,3.35570891777197,0.252602883945158,RNA only,high,,high,1.0,1.0
"Human vastus lateralis, EE–CON 3.5–4 h",NUP37,1.0,-0.738090001970007,0.88599274096844,neither,mid,,mid,1.0,1.0
"Human vastus lateralis, EE–CON 3.5–4 h",OGDH,-1.0,-0.161308159733191,-0.188776331282174,neither,high,,high,1.0,1.0
"Human vastus lateralis, EE–CON 3.5–4 h",OGN,1.0,-1.74108959985272,-0.0955303095910932,neither,low,,low,1.0,1.0
"Human vastus lateralis, EE–CON 3.5–4 h",OLFML3,1.0,-2.31022906233217,-0.0957934194590957,neither,mid,,mid,1.0,1.0
"Human vastus lateralis, EE–CON 3.5–4 h",PALLD,-1.0,0.185180293648507,0.84799964730336,neither,high,,high,1.0,1.0
"Human vastus lateralis, EE–CON 3.5–4 h",PALMD,1.0,7.64095544098639,-0.0144895441258486,RNA only,high,,high,1.0,1.0
"Human vastus lateralis, EE–CON 3.5–4 h",PCCB,1.0,0.147397303973699,0.0815511398080721,neither,high,,high,1.0,1.0
"Human vastus lateralis, EE–CON 3.5–4 h",PCNT,-1.0,8.90170928174964,1.86807832292724,RNA only,high,,high,1.0,1.0
"Human vastus lateralis, EE–CON 3.5–4 h",PCOLCE,1.0,-0.484160230056388,-0.468514787999101,neither,mid,,mid,1.0,1.0
"Human vastus lateralis, EE–CON 3.5–4 h",PDK4,1.0,4.1443504088575,2.0959460332623,RNA only,high,,high,1.0,1.0
"Human vastus lateralis, EE–CON 3.5–4 h",PDLIM3,1.0,-0.290520729049073,-0.920034275404257,neither,high,,high,1.0,2.0
"Human vastus lateralis, EE–CON 3.5–4 h",PKM,1.0,-0.0992147777610305,-0.344497379026233,neither,high,,high,1.0,2.0
"Human vastus lateralis, EE–CON 3.5–4 h",PLA2G2A,-1.0,0.521245312376906,0.653570356106267,neither,low,,high,1.0,1.0
"Human vastus lateralis, EE–CON 3.5–4 h",PLA2G4C,1.0,0.727137996851848,-0.33295327824101,neither,high,,high,1.0,1.0
"Human vastus lateralis, EE–CON 3.5–4 h",PLIN2,-1.0,3.33057239115839,0.256610038878807,RNA only,high,,high,1.0,1.0
"Human vastus lateralis, EE–CON 3.5–4 h",PODXL,-1.0,4.79156753605366,0.551681737500374,RNA only,high,,mid,1.0,1.0
"Human vastus lateralis, EE–CON 3.5–4 h",POGLUT1,-1.0,1.72040092908216,-0.494934321277266,neither,low,,mid,1.0,1.0
"Human vastus lateralis, EE–CON 3.5–4 h",POLE3,-1.0,-1.75695134038685,0.91258829100786,neither,high,,high,1.0,1.0
"Human vastus lateralis, EE–CON 3.5–4 h",POLR1D,-1.0,-1.65354026449188,2.03274161498079,neither,high,,high,1.0,1.0
"Human vastus lateralis, EE–CON 3.5–4 h",POR,-1.0,5.96517754129617,1.85147563338708,RNA only,mid,,high,1.0,1.0
"Human vastus lateralis, EE–CON 3.5–4 h",PPL,-1.0,0.207121014194973,-0.0500666066690681,neither,mid,,mid,1.0,1.0
"Human vastus lateralis, EE–CON 3.5–4 h",PPP1R12B,1.0,-0.182227897495766,0.684495924817002,neither,high,,high,1.0,2.0
"Human vastus lateralis, EE–CON 3.5–4 h",PPP1R3C,1.0,1.54620284475688,-0.134878809990026,neither,high,,high,1.0,1.0
"Human vastus lateralis, EE–CON 3.5–4 h",PPT1,1.0,-0.427537233884978,-1.25098369622508,neither,mid,,mid,1.0,1.0
"Human vastus lateralis, EE–CON 3.5–4 h",PRDX4,1.0,-0.942020971886407,-0.56213043713065,neither,mid,,high,1.0,1.0
"Human vastus lateralis, EE–CON 3.5–4 h",PRDX6,-1.0,-0.0183181682420512,-0.305742107662845,neither,high,,high,1.0,1.0
"Human vastus lateralis, EE–CON 3.5–4 h",PSMB10,1.0,0.317163516048525,-0.626971901956415,neither,mid,,high,1.0,1.0
"Human vastus lateralis, EE–CON 3.5–4 h",PSME4,-1.0,0.490484280765936,-0.252296863715895,neither,high,,high,1.0,1.0
"Human vastus lateralis, EE–CON 3.5–4 h",PSPH,-1.0,0.433969218435,0.46848593856172,neither,low,,mid,1.0,1.0
"Human vastus lateralis, EE–CON 3.5–4 h",PTP4A2,-1.0,-1.86999922506882,-0.469966893272752,neither,high,,high,1.0,1.0
"Human vastus lateralis, EE–CON 3.5–4 h",PTP4A3,-1.0,3.51017368585002,1.53813315817937,RNA only,high,,high,1.0,1.0
"Human vastus lateralis, EE–CON 3.5–4 h",PXMP2,-1.0,-0.0824329951710159,1.26957727177938,neither,mid,,high,1.0,1.0
"Human vastus lateralis, EE–CON 3.5–4 h",RAB9A,-1.0,3.46206853524055,1.63830075692108,RNA only,mid,,mid,1.0,1.0
"Human vastus lateralis, EE–CON 3.5–4 h",RABAC1,-1.0,-0.331243643200702,-1.06197006841601,neither,mid,,high,1.0,1.0
"Human vastus lateralis, EE–CON 3.5–4 h",RANGAP1,-1.0,1.47141889213991,-0.841391874720917,neither,high,,high,1.0,1.0
"Human vastus lateralis, EE–CON 3.5–4 h",RBFOX1,-1.0,-0.148983514516361,-1.79190874138237,neither,high,,high,1.0,1.0
"Human vastus lateralis, EE–CON 3.5–4 h",RBM10,1.0,2.1443324835315,-0.739625800653714,neither,high,,high,1.0,1.0
"Human vastus lateralis, EE–CON 3.5–4 h",RBP4,-1.0,-0.861648443322519,-0.522822564414239,neither,low,,low,1.0,1.0
"Human vastus lateralis, EE–CON 3.5–4 h",RCAN1,-1.0,0.450939766940985,-0.908997831705426,neither,mid,,mid,1.0,1.0
"Human vastus lateralis, EE–CON 3.5–4 h",RHOC,-1.0,4.13301279374308,-1.07604904683789,RNA only,mid,,high,1.0,1.0
"Human vastus lateralis, EE–CON 3.5–4 h",RHOT1,-1.0,-2.05940694977191,0.855116392812915,neither,high,,high,1.0,1.0
"Human vastus lateralis, EE–CON 3.5–4 h",RNF14,-1.0,0.78962518491396,0.846994061349836,neither,high,,high,1.0,1.0
"Human vastus lateralis, EE–CON 3.5–4 h",RNF146,1.0,-2.4135674381315,2.05891040438815,neither,high,,high,1.0,1.0
"Human vastus lateralis, EE–CON 3.5–4 h",RWDD1,-1.0,-0.413355603251816,0.805597753101065,neither,high,,high,1.0,1.0
"Human vastus lateralis, EE–CON 3.5–4 h",S100A8,-1.0,1.01979228295865,0.729545534661353,neither,low,,mid,1.0,1.0
"Human vastus lateralis, EE–CON 3.5–4 h",S100A9,-1.0,1.4477289204358,0.943258050676069,neither,low,,high,1.0,1.0
"Human vastus lateralis, EE–CON 3.5–4 h",SAA2,-1.0,0.739048284126862,0.919680121566437,neither,low,,mid,1.0,1.0
"Human vastus lateralis, EE–CON 3.5–4 h",SAMHD1,-1.0,-1.54832877225643,-0.315781048969739,neither,high,,high,1.0,1.0
"Human vastus lateralis, EE–CON 3.5–4 h",SEC31A,1.0,-0.486535933430422,0.146430384094415,neither,high,,high,1.0,1.0
"Human vastus lateralis, EE–CON 3.5–4 h",SEC61A1,-1.0,5.24827737766071,0.0038498121256744,RNA only,high,,high,1.0,1.0
"Human vastus lateralis, EE–CON 3.5–4 h",SERPINA3,-1.0,0.151830642820197,0.0714104187065896,neither,low,,mid,1.0,1.0
"Human vastus lateralis, EE–CON 3.5–4 h",SFRP1,1.0,1.2843971774819,0.793084107649378,neither,low,,low,1.0,1.0
"Human vastus lateralis, EE–CON 3.5–4 h",SH3BGR,-1.0,0.919553564416191,0.0884252632027466,neither,high,,high,1.0,1.0
"Human vastus lateralis, EE–CON 3.5–4 h",SH3BGRL,1.0,-2.19905969751422,-1.13848597570644,neither,mid,,mid,1.0,1.0
"Human vastus lateralis, EE–CON 3.5–4 h",SLC1A3,-1.0,1.61500165697548,1.76536519301606,neither,high,,mid,1.0,1.0
"Human vastus lateralis, EE–CON 3.5–4 h",SLC25A11,1.0,0.486151100175325,1.08924793958646,neither,high,,high,1.0,1.0
"Human vastus lateralis, EE–CON 3.5–4 h",SLC25A12,-1.0,-0.557993731639623,0.161752099893741,neither,high,,high,1.0,1.0
"Human vastus lateralis, EE–CON 3.5–4 h",SLC25A20,1.0,-1.42206930320617,0.312799035783788,neither,high,,high,1.0,1.0
"Human vastus lateralis, EE–CON 3.5–4 h",SNRPB,-1.0,0.183839838133714,-2.53662614680011,neither,high,,high,1.0,1.0
"Human vastus lateralis, EE–CON 3.5–4 h",SORT1,-1.0,4.36853709235791,0.812775675430952,RNA only,high,,high,1.0,1.0
"Human vastus lateralis, EE–CON 3.5–4 h",SOS1,-1.0,-0.429570834088151,0.0284509160907445,neither,high,,high,1.0,1.0
"Human vastus lateralis, EE–CON 3.5–4 h",SPARC,1.0,-0.277024082500271,-0.125616505502265,neither,high,,high,1.0,1.0
"Human vastus lateralis, EE–CON 3.5–4 h",SPATA20,1.0,-1.57644810548307,-1.39418676667671,neither,high,,high,1.0,1.0
"Human vastus lateralis, EE–CON 3.5–4 h",SRGN,-1.0,2.70739300546426,-0.468232867818229,neither,mid,,high,1.0,1.0
"Human vastus lateralis, EE–CON 3.5–4 h",SSPN,1.0,-0.0884108781140628,-1.10769120459187,neither,high,,high,1.0,1.0
"Human vastus lateralis, EE–CON 3.5–4 h",STAT3,-1.0,2.56939615909398,-0.478147627229227,neither,high,,high,1.0,2.0
"Human vastus lateralis, EE–CON 3.5–4 h",STEAP3,-1.0,0.819324972131103,1.77387961876156,neither,high,,high,1.0,1.0
"Human vastus lateralis, EE–CON 3.5–4 h",STIP1,-1.0,2.1343215641718,-0.316591004262197,neither,high,,high,1.0,1.0
"Human vastus lateralis, EE–CON 3.5–4 h",STK38L,1.0,2.05110465761059,0.204084143009074,neither,mid,,mid,1.0,1.0
"Human vastus lateralis, EE–CON 3.5–4 h",SUCLA2,1.0,-0.103607521078297,0.22978830001077,neither,high,,high,1.0,1.0
"Human vastus lateralis, EE–CON 3.5–4 h",SUN2,-1.0,1.74395602460831,0.904704294538488,neither,high,,high,1.0,1.0
"Human vastus lateralis, EE–CON 3.5–4 h",SYNE2,-1.0,-0.319841625094624,0.53618576224451,neither,high,,high,1.0,2.0
"Human vastus lateralis, EE–CON 3.5–4 h",SYNPO2L,1.0,-1.7161309850165,1.38796416400569,neither,high,,high,1.0,2.0
"Human vastus lateralis, EE–CON 3.5–4 h",TAF15,1.0,-1.92514961568858,-0.321113347083683,neither,high,,high,1.0,1.0
"Human vastus lateralis, EE–CON 3.5–4 h",TAPBPL,1.0,-2.32215688783627,0.0512561474015692,neither,mid,,mid,1.0,1.0
"Human vastus lateralis, EE–CON 3.5–4 h",TGM2,-1.0,-0.740808119400743,-0.950796590108942,neither,high,,high,1.0,1.0
"Human vastus lateralis, EE–CON 3.5–4 h",THBS1,-1.0,2.52856648693117,0.0113104559269266,neither,low,,mid,1.0,1.0
"Human vastus lateralis, EE–CON 3.5–4 h",THBS4,1.0,0.361577251284836,-0.319540503723907,neither,high,,high,1.0,1.0
"Human vastus lateralis, EE–CON 3.5–4 h",THYN1,1.0,0.174250052054546,-1.52589062767624,neither,mid,,high,1.0,1.0
"Human vastus lateralis, EE–CON 3.5–4 h",TIMP3,-1.0,3.06465748955771,-0.35107086163013,RNA only,high,,high,1.0,1.0
"Human vastus lateralis, EE–CON 3.5–4 h",TLN1,1.0,-0.0870599255100153,-1.81629836111647,neither,high,,high,1.0,1.0
"Human vastus lateralis, EE–CON 3.5–4 h",TM7SF2,1.0,-2.14802618987887,0.723043551996897,neither,mid,,mid,1.0,1.0
"Human vastus lateralis, EE–CON 3.5–4 h",TMEM38B,-1.0,1.35982321480928,0.700928539553807,neither,high,,high,1.0,1.0
"Human vastus lateralis, EE–CON 3.5–4 h",TNNI1,1.0,0.372793378852045,-0.744259154504349,neither,high,,high,1.0,1.0
"Human vastus lateralis, EE–CON 3.5–4 h",TPPP3,1.0,0.620093846894096,-0.855630765583346,neither,mid,,high,1.0,1.0
"Human vastus lateralis, EE–CON 3.5–4 h",TPRKB,-1.0,-1.70594488184708,0.832011241395626,neither,mid,,high,1.0,1.0
"Human vastus lateralis, EE–CON 3.5–4 h",TRDN,-1.0,-0.35085836238978,0.197451415311243,neither,high,,high,1.0,1.0
"Human vastus lateralis, EE–CON 3.5–4 h",TRMT5,1.0,4.49143388585886,-2.7687657271401,RNA only,mid,,mid,1.0,1.0
"Human vastus lateralis, EE–CON 3.5–4 h",TUBA1A,1.0,3.32932958382476,-1.20626442331031,RNA only,mid,,mid,1.0,1.0
"Human vastus lateralis, EE–CON 3.5–4 h",TUBA4A,-1.0,2.7547136270275,-0.789731678766738,RNA only,high,,high,1.0,1.0
"Human vastus lateralis, EE–CON 3.5–4 h",TUBG1,-1.0,0.0574007524644571,-1.51018526797316,neither,high,,high,1.0,1.0
"Human vastus lateralis, EE–CON 3.5–4 h",TXNIP,1.0,-5.28596561553452,-4.94703693205686,"both, same sign",high,,high,1.0,1.0
"Human vastus lateralis, EE–CON 3.5–4 h",TXNRD1,-1.0,0.698298833261213,0.127099443316814,neither,high,,high,1.0,1.0
"Human vastus lateralis, EE–CON 3.5–4 h",UAP1,-1.0,-0.573660901104632,1.21423139507795,neither,high,,high,1.0,1.0
"Human vastus lateralis, EE–CON 3.5–4 h",UBFD1,-1.0,-0.613718472111422,0.601110142527812,neither,high,,high,1.0,1.0
"Human vastus lateralis, EE–CON 3.5–4 h",UBQLN2,1.0,2.31352999397781,0.367324448922098,neither,high,,high,1.0,1.0
"Human vastus lateralis, EE–CON 3.5–4 h",UFSP2,1.0,-1.6962794969296,1.96811360797088,neither,high,,high,1.0,1.0
"Human vastus lateralis, EE–CON 3.5–4 h",UGP2,-1.0,1.99661946330204,-0.301523649302993,neither,high,,high,1.0,1.0
"Human vastus lateralis, EE–CON 3.5–4 h",USP9Y,1.0,-1.13496773434261,1.46083013561122,neither,low,,mid,1.0,1.0
"Human vastus lateralis, EE–CON 3.5–4 h",VCAN,1.0,0.539635060044379,0.186124102071418,neither,mid,,low,1.0,1.0
"Human vastus lateralis, EE–CON 3.5–4 h",VEZF1,-1.0,-1.44614962880957,-1.04061088041584,neither,high,,high,1.0,1.0
"Human vastus lateralis, EE–CON 3.5–4 h",VPS13D,-1.0,0.924921277717153,0.511744329300245,neither,high,,high,1.0,1.0
"Human vastus lateralis, EE–CON 3.5–4 h",WFS1,1.0,-3.51593966483808,-0.24936971764035,RNA only,mid,,high,1.0,1.0
"Human vastus lateralis, EE–CON 3.5–4 h",YBX3,-1.0,1.31131343680582,0.270985945419677,neither,high,,high,1.0,2.0
"Human vastus lateralis, EE–CON 3.5–4 h",ZBTB16,1.0,4.43307112878015,-1.83455140981039,RNA only,high,,high,1.0,1.0
"Human vastus lateralis, EE–CON 24 h",AASS,-1.0,0.928474699414324,-1.73719612891619,neither,mid,,mid,1.0,1.0
"Human vastus lateralis, EE–CON 24 h",ABCA8,1.0,-0.425667147122401,-0.561246714400499,neither,high,,mid,1.0,1.0
"Human vastus lateralis, EE–CON 24 h",ABHD5,-1.0,-0.714515975477768,0.642000206005781,neither,mid,,mid,1.0,1.0
"Human vastus lateralis, EE–CON 24 h",ABL1,-1.0,-4.38566896390343,-1.30740695607158,RNA only,high,,high,1.0,1.0
"Human vastus lateralis, EE–CON 24 h",ACSS3,-1.0,1.15658033197886,0.380154070146196,neither,mid,,low,1.0,1.0
"Human vastus lateralis, EE–CON 24 h",ACTA1,-1.0,-1.68335737478135,-1.18072077094249,neither,high,,high,1.0,1.0
"Human vastus lateralis, EE–CON 24 h",ADAMTS1,-1.0,0.820437440827376,1.50157379377092,neither,high,,high,1.0,1.0
"Human vastus lateralis, EE–CON 24 h",ADD3,1.0,-1.31515156528966,-2.4845283787636,neither,mid,,mid,1.0,1.0
"Human vastus lateralis, EE–CON 24 h",ADH1B,-1.0,-0.708172427747695,-1.1052769244714,neither,high,,high,1.0,1.0
"Human vastus lateralis, EE–CON 24 h",ADH5,1.0,-0.839590227711402,-0.211817308843543,neither,high,,high,1.0,1.0
"Human vastus lateralis, EE–CON 24 h",AKR1C1,-1.0,-0.610056766812814,-3.11476832245409,neither,mid,,mid,1.0,1.0
"Human vastus lateralis, EE–CON 24 h",AKR1C2,-1.0,-0.803470622692712,-1.28809119272078,neither,high,,high,1.0,1.0
"Human vastus lateralis, EE–CON 24 h",AKR1C3,-1.0,-1.91479529197299,-2.22761643088139,neither,mid,,high,1.0,1.0
"Human vastus lateralis, EE–CON 24 h",ALAS1,1.0,4.06623529609069,4.95403325199751,"both, same sign",high,,high,1.0,1.0
"Human vastus lateralis, EE–CON 24 h",ALDH5A1,1.0,1.06910960216096,-0.572038575732859,neither,high,,high,1.0,1.0
"Human vastus lateralis, EE–CON 24 h",ALDH9A1,1.0,-1.56200315790283,0.16192540442214,neither,high,,high,1.0,1.0
"Human vastus lateralis, EE–CON 24 h",ANK1,1.0,3.43988982851148,1.05640126042803,RNA only,high,,high,1.0,2.0
"Human vastus lateralis, EE–CON 24 h",ANKMY2,1.0,-0.579225483331394,-0.344816076821772,neither,mid,,mid,1.0,1.0
"Human vastus lateralis, EE–CON 24 h",ANKRD1,-1.0,-0.381869054718707,0.649850388762092,neither,high,,high,1.0,1.0
"Human vastus lateralis, EE–CON 24 h",ANKRD2,-1.0,-0.39731712638231,-0.693372772935286,neither,high,,high,1.0,1.0
"Human vastus lateralis, EE–CON 24 h",ANP32E,1.0,0.635120248249778,0.144716070783488,neither,high,,high,1.0,1.0
"Human vastus lateralis, EE–CON 24 h",ANXA4,1.0,-0.655389485686764,-0.0071632827811538,neither,mid,,mid,1.0,1.0
"Human vastus lateralis, EE–CON 24 h",ANXA6,1.0,3.18910063244245,0.973027100614936,RNA only,high,,high,1.0,1.0
"Human vastus lateralis, EE–CON 24 h",AOX1,-1.0,-1.52335891966382,-0.0171846644199258,neither,low,,mid,1.0,1.0
"Human vastus lateralis, EE–CON 24 h",AP1S2,-1.0,1.11197923016353,1.43090069773534,neither,high,,high,1.0,1.0
"Human vastus lateralis, EE–CON 24 h",AP2B1,1.0,1.18795643966911,1.13718485584371,neither,high,,high,1.0,1.0
"Human vastus lateralis, EE–CON 24 h",APOD,-1.0,0.104894889968921,0.946045509168348,neither,high,,high,1.0,1.0
"Human vastus lateralis, EE–CON 24 h",ARHGDIB,1.0,0.76793643687745,-0.924592017057118,neither,mid,,high,1.0,1.0
"Human vastus lateralis, EE–CON 24 h",ARMCX1,1.0,0.437663341854123,0.945265462673552,neither,mid,,high,1.0,1.0
"Human vastus lateralis, EE–CON 24 h",ARMCX2,1.0,0.716655447847826,0.513014306826981,neither,mid,,mid,1.0,1.0
"Human vastus lateralis, EE–CON 24 h",ARMCX3,1.0,0.59365374474805,0.870767010081866,neither,high,,high,1.0,1.0
"Human vastus lateralis, EE–CON 24 h",ASMTL,1.0,-0.0238064843440157,-1.47188087301315,neither,mid,,mid,2.0,1.0
"Human vastus lateralis, EE–CON 24 h",ASPN,1.0,-0.0935710670131627,-1.24767091670237,neither,low,,mid,1.0,1.0
"Human vastus lateralis, EE–CON 24 h",ATP1A1,-1.0,0.558678721697053,-1.02241996905888,neither,high,,high,1.0,1.0
"Human vastus lateralis, EE–CON 24 h",ATP1A2,-1.0,-1.61001935249181,-0.462858848110255,neither,high,,high,1.0,1.0
"Human vastus lateralis, EE–CON 24 h",ATP1B1,-1.0,1.57078714389619,-0.448195534785202,neither,high,,high,1.0,1.0
"Human vastus lateralis, EE–CON 24 h",ATP2A2,-1.0,-0.219909083835594,-2.08730997777327,neither,high,,high,1.0,3.0
"Human vastus lateralis, EE–CON 24 h",BAG2,-1.0,-0.189287631096301,0.881336433912547,neither,mid,,mid,1.0,1.0
"Human vastus lateralis, EE–CON 24 h",BASP1,1.0,-1.84641506701407,-1.66002796120564,neither,low,,low,1.0,1.0
"Human vastus lateralis, EE–CON 24 h",BCL2L1,-1.0,0.954087878602461,-0.0384177083542056,neither,mid,,high,1.0,1.0
"Human vastus lateralis, EE–CON 24 h",BGN,1.0,-0.0243647415889271,-1.73414489612177,neither,mid,,high,1.0,1.0
"Human vastus lateralis, EE–CON 24 h",BRD4,-1.0,-1.85561684563994,-1.96305133289671,neither,high,,high,1.0,1.0
"Human vastus lateralis, EE–CON 24 h",C1orf21,-1.0,-2.4506340981809,-0.862515230861175,neither,high,,high,1.0,1.0
"Human vastus lateralis, EE–CON 24 h",C3,-1.0,-0.657475526598728,1.63408444029562,neither,high,,high,1.0,1.0
"Human vastus lateralis, EE–CON 24 h",C4A,-1.0,-1.17366183577756,1.38339248352571,neither,low,,low,1.0,1.0
"Human vastus lateralis, EE–CON 24 h",C6,1.0,-0.301406884395148,1.27674057658762,neither,low,,low,1.0,1.0
"Human vastus lateralis, EE–CON 24 h",CALU,-1.0,0.650796175077166,0.355888276412458,neither,high,,high,1.0,2.0
"Human vastus lateralis, EE–CON 24 h",CCT2,-1.0,-1.13306916410833,-0.624677292246987,neither,high,,high,1.0,1.0
"Human vastus lateralis, EE–CON 24 h",CD14,-1.0,-1.26885170171868,0.340566367599499,neither,low,,mid,1.0,1.0
"Human vastus lateralis, EE–CON 24 h",CD163,-1.0,-1.43796419537014,-1.56017392566399,neither,low,,mid,1.0,1.0
"Human vastus lateralis, EE–CON 24 h",CD59,-1.0,1.62152206497824,-1.13866500658199,neither,high,,high,1.0,1.0
"Human vastus lateralis, EE–CON 24 h",CD74,1.0,0.0073032451560669,0.482703779554756,neither,high,,high,1.0,1.0
"Human vastus lateralis, EE–CON 24 h",CDC37L1,-1.0,-1.32055861029758,-0.254403435789963,neither,high,,high,1.0,1.0
"Human vastus lateralis, EE–CON 24 h",CDV3,-1.0,-0.574839235277052,-0.326225401555443,neither,high,,high,1.0,1.0
"Human vastus lateralis, EE–CON 24 h",CHORDC1,-1.0,-0.590439060230389,0.595583319886612,neither,mid,,mid,1.0,1.0
"Human vastus lateralis, EE–CON 24 h",CILP,1.0,-0.253538982973221,-1.76369021807588,neither,high,,mid,1.0,1.0
"Human vastus lateralis, EE–CON 24 h",CLIC4,-1.0,-0.831142355085739,0.185668606315897,neither,high,,high,1.0,1.0
"Human vastus lateralis, EE–CON 24 h",CLIP1,-1.0,-2.02293992283615,0.160851895971559,neither,high,,high,1.0,1.0
"Human vastus lateralis, EE–CON 24 h",CLTB,-1.0,3.70269005005063,-0.046273734847291,RNA only,high,,high,1.0,1.0
"Human vastus lateralis, EE–CON 24 h",CLU,-1.0,0.463884230964389,1.53957024787875,neither,high,,high,1.0,1.0
"Human vastus lateralis, EE–CON 24 h",CMC2,-1.0,6.10775834444807,0.569922185513921,RNA only,mid,,mid,1.0,1.0
"Human vastus lateralis, EE–CON 24 h",CNN1,-1.0,-0.328029177834258,-0.844885158883274,neither,low,,mid,1.0,1.0
"Human vastus lateralis, EE–CON 24 h",COA4,-1.0,2.0797665412832,-0.339867878798008,neither,mid,,high,1.0,1.0
"Human vastus lateralis, EE–CON 24 h",COBL,-1.0,-2.40880461227445,-0.777320649702264,neither,high,,high,1.0,1.0
"Human vastus lateralis, EE–CON 24 h",COL15A1,1.0,1.12064458217548,-1.16343211751394,neither,high,,mid,1.0,1.0
"Human vastus lateralis, EE–CON 24 h",COL1A1,1.0,-0.018147124369105,-2.69715679252663,neither,high,,mid,1.0,1.0
"Human vastus lateralis, EE–CON 24 h",COL1A2,1.0,-0.345551958074397,-2.53586029289376,neither,high,,high,1.0,1.0
"Human vastus lateralis, EE–CON 24 h",COL3A1,1.0,0.158476183015112,-1.96264331933464,neither,high,,high,1.0,1.0
"Human vastus lateralis, EE–CON 24 h",COX17,-1.0,-0.26337500643488,-0.971895051546954,neither,high,,high,1.0,1.0
"Human vastus lateralis, EE–CON 24 h",CPT2,1.0,4.99146593847971,-0.468754758033387,RNA only,high,,mid,1.0,1.0
"Human vastus lateralis, EE–CON 24 h",CRYM,1.0,-1.10521178253753,-1.22466837656346,neither,low,,low,1.0,1.0
"Human vastus lateralis, EE–CON 24 h",CTF1,1.0,0.857156340768447,-0.373405563596823,neither,mid,,mid,1.0,1.0
"Human vastus lateralis, EE–CON 24 h",CTSD,1.0,2.34374910284215,-0.554549506095304,neither,high,,high,1.0,1.0
"Human vastus lateralis, EE–CON 24 h",CTSH,1.0,1.45405650740715,0.134726451172726,neither,mid,,mid,1.0,1.0
"Human vastus lateralis, EE–CON 24 h",CYP2J2,1.0,1.49370379709693,0.671868955555937,neither,mid,,mid,1.0,1.0
"Human vastus lateralis, EE–CON 24 h",DAZAP1,-1.0,2.37548142833312,-0.835608438804427,neither,high,,high,1.0,1.0
"Human vastus lateralis, EE–CON 24 h",DDX39A,-1.0,-0.414945347467117,0.69090842084188,neither,mid,,high,1.0,1.0
"Human vastus lateralis, EE–CON 24 h",DDX3Y,1.0,-2.58684883624838,0.811560718583597,neither,low,,high,1.0,1.0
"Human vastus lateralis, EE–CON 24 h",DERL1,-1.0,1.38379404642311,-0.69014009261909,neither,high,,high,1.0,1.0
"Human vastus lateralis, EE–CON 24 h",DLG1,-1.0,-0.0362633553907976,-0.800033467510413,neither,high,,high,1.0,1.0
"Human vastus lateralis, EE–CON 24 h",DLST,1.0,5.02627770985534,-0.68277226468584,RNA only,high,,high,1.0,1.0
"Human vastus lateralis, EE–CON 24 h",DMPK,-1.0,-0.400198403421862,0.870211164252234,neither,high,,high,1.0,1.0
"Human vastus lateralis, EE–CON 24 h",DPM1,1.0,1.68455225247292,0.466612819339048,neither,mid,,high,1.0,1.0
"Human vastus lateralis, EE–CON 24 h",DPYSL3,1.0,-1.35645050469996,-2.04694942002413,neither,high,,high,1.0,1.0
"Human vastus lateralis, EE–CON 24 h",DUSP13,-1.0,1.47933626033753,0.885578241147576,neither,high,,high,1.0,2.0
"Human vastus lateralis, EE–CON 24 h",DVL1,-1.0,1.43061874609882,-2.50120099558727,neither,high,,high,1.0,1.0
"Human vastus lateralis, EE–CON 24 h",EFEMP1,1.0,-1.64033171321949,-1.84568773548723,neither,mid,,mid,1.0,1.0
"Human vastus lateralis, EE–CON 24 h",EGLN1,-1.0,0.771210556238822,-0.163969859494479,neither,high,,high,1.0,1.0
"Human vastus lateralis, EE–CON 24 h",EHBP1L1,-1.0,-0.804918129411063,0.332915964825002,neither,high,,high,1.0,1.0
"Human vastus lateralis, EE–CON 24 h",EHD3,1.0,-0.0341810489746756,0.235229476387078,neither,low,,low,1.0,1.0
"Human vastus lateralis, EE–CON 24 h",EIF1AX,-1.0,0.0222271357211746,1.03849427164584,neither,high,,high,1.0,1.0
"Human vastus lateralis, EE–CON 24 h",EIF1AY,1.0,4.2742629856602,1.32922560266745,RNA only,low,,high,1.0,1.0
"Human vastus lateralis, EE–CON 24 h",EIF4EBP3,1.0,2.04317981052213,-0.486963964122121,neither,mid,,high,1.0,1.0
"Human vastus lateralis, EE–CON 24 h",EMC2,1.0,1.34819819003344,1.88290578825548,neither,high,,high,1.0,1.0
"Human vastus lateralis, EE–CON 24 h",EMC6,-1.0,2.61853371270304,0.71392745193527,neither,high,,high,1.0,1.0
"Human vastus lateralis, EE–CON 24 h",EMCN,-1.0,-0.0531887069999577,-0.321508186466079,neither,mid,,mid,1.0,1.0
"Human vastus lateralis, EE–CON 24 h",EPB41L2,1.0,0.611410462238946,-2.08247936466407,neither,high,,mid,1.0,1.0
"Human vastus lateralis, EE–CON 24 h",EPHX2,1.0,1.3837828337249,-0.176630395520647,neither,mid,,mid,1.0,1.0
"Human vastus lateralis, EE–CON 24 h",EPM2AIP1,1.0,2.03795778032027,0.129497959439351,neither,high,,mid,1.0,1.0
"Human vastus lateralis, EE–CON 24 h",ERLIN2,1.0,2.30445466516696,-0.299872187947067,neither,high,,mid,1.0,1.0
"Human vastus lateralis, EE–CON 24 h",EVL,1.0,-1.40054483416213,-0.352079755407475,neither,mid,,mid,1.0,1.0
"Human vastus lateralis, EE–CON 24 h",FASN,-1.0,-0.367236242971044,-0.824930516259604,neither,high,,high,1.0,1.0
"Human vastus lateralis, EE–CON 24 h",FBLN2,1.0,-0.748317902234102,-2.02826564088154,neither,high,,high,1.0,1.0
"Human vastus lateralis, EE–CON 24 h",FBN1,1.0,-0.520409009382523,-3.52264143610299,neither,high,,mid,1.0,1.0
"Human vastus lateralis, EE–CON 24 h",FBXO40,1.0,1.80064100851986,0.869249123084109,neither,high,,high,1.0,1.0
"Human vastus lateralis, EE–CON 24 h",FCGR3B,1.0,0.604643658849815,-0.930872712363229,neither,low,,low,1.0,1.0
"Human vastus lateralis, EE–CON 24 h",FCGRT,1.0,0.447061219305313,-1.70894633147221,neither,high,,high,1.0,1.0
"Human vastus lateralis, EE–CON 24 h",FCN3,-1.0,3.68039895009087,2.18572834836122,RNA only,low,,mid,1.0,1.0
"Human vastus lateralis, EE–CON 24 h",FERMT2,-1.0,-0.809531089881695,-2.40768456066215,neither,high,,high,1.0,1.0
"Human vastus lateralis, EE–CON 24 h",FHOD3,1.0,3.18864026413478,-0.483552208571164,RNA only,high,,high,1.0,1.0
"Human vastus lateralis, EE–CON 24 h",FKBP4,-1.0,1.24081167177112,-0.756701832896597,neither,high,,high,1.0,1.0
"Human vastus lateralis, EE–CON 24 h",FKBP5,-1.0,0.166473353045653,-0.619708925083618,neither,high,,high,1.0,1.0
"Human vastus lateralis, EE–CON 24 h",FLII,-1.0,1.97266171483448,1.35850437447027,neither,high,,high,1.0,2.0
"Human vastus lateralis, EE–CON 24 h",FLNC,-1.0,-0.49972879826678,-2.49002763090059,neither,high,,high,1.0,2.0
"Human vastus lateralis, EE–CON 24 h",FMOD,1.0,0.303592818596104,-0.165776525482544,neither,mid,,mid,1.0,1.0
"Human vastus lateralis, EE–CON 24 h",FNBP1L,1.0,0.0588112881916974,0.415320852172828,neither,high,,mid,1.0,1.0
"Human vastus lateralis, EE–CON 24 h",FRZB,1.0,2.04568714632532,2.69359044296449,neither,mid,,mid,1.0,1.0
"Human vastus lateralis, EE–CON 24 h",FSTL1,1.0,-0.7331790069416,-1.3003237299235,neither,high,,high,1.0,1.0
"Human vastus lateralis, EE–CON 24 h",FUCA1,1.0,4.08122432414438,-1.51083042135927,RNA only,mid,,mid,1.0,1.0
"Human vastus lateralis, EE–CON 24 h",G0S2,-1.0,-2.24389521207747,-1.18658625101961,neither,high,,high,1.0,1.0
"Human vastus lateralis, EE–CON 24 h",GATM,1.0,-2.46616494108383,-2.01793254398144,neither,high,,high,1.0,1.0
"Human vastus lateralis, EE–CON 24 h",GCLM,-1.0,-2.09442030162482,0.816695795875355,neither,mid,,mid,1.0,1.0
"Human vastus lateralis, EE–CON 24 h",GLOD4,1.0,0.89987701773662,1.31549349735627,neither,mid,,high,1.0,1.0
"Human vastus lateralis, EE–CON 24 h",GLRX,1.0,-2.21588151855044,-0.0321851196810853,neither,mid,,high,1.0,1.0
"Human vastus lateralis, EE–CON 24 h",GLRX2,-1.0,3.85226607246119,1.86232555054105,RNA only,mid,,high,1.0,1.0
"Human vastus lateralis, EE–CON 24 h",GLUL,-1.0,-0.240496075456562,-1.5151651222566,neither,high,,high,1.0,1.0
"Human vastus lateralis, EE–CON 24 h",GMPR,-1.0,-1.43037290646005,1.9158652974823,neither,high,,high,1.0,1.0
"Human vastus lateralis, EE–CON 24 h",GNL3,-1.0,-1.69811344390032,0.167490572791215,neither,high,,high,1.0,1.0
"Human vastus lateralis, EE–CON 24 h",GPD1L,-1.0,1.5506347600731,-1.20128660156576,neither,high,,high,1.0,1.0
"Human vastus lateralis, EE–CON 24 h",GPX3,-1.0,-0.826001534981894,-0.696108856172817,neither,high,,high,1.0,1.0
"Human vastus lateralis, EE–CON 24 h",GTPBP6,-1.0,0.909472130735459,-1.85491134676773,neither,high,,high,2.0,1.0
"Human vastus lateralis, EE–CON 24 h",HBA1,1.0,1.17974221069538,0.956360904390481,neither,low,,mid,1.0,1.0
"Human vastus lateralis, EE–CON 24 h",HBB,1.0,0.795376218824142,0.910584652164333,neither,low,,high,1.0,1.0
"Human vastus lateralis, EE–CON 24 h",HLA-B,1.0,0.783382990619057,-1.88026675863064,neither,high,,high,1.0,1.0
"Human vastus lateralis, EE–CON 24 h",HLTF,1.0,2.28266941237845,0.741948065363647,neither,high,,mid,1.0,1.0
"Human vastus lateralis, EE–CON 24 h",HMGB2,1.0,-1.2461463644768,-2.13959928705341,neither,mid,,high,1.0,1.0
"Human vastus lateralis, EE–CON 24 h",HMGCL,1.0,2.76100257277019,-2.43507047750236,neither,high,,high,1.0,1.0
"Human vastus lateralis, EE–CON 24 h",HMGN1,1.0,-1.70775121643736,-1.27862303076429,neither,mid,,mid,1.0,1.0
"Human vastus lateralis, EE–CON 24 h",HMGN2,1.0,-2.5749395020054,-1.75567966665145,neither,high,,high,1.0,1.0
"Human vastus lateralis, EE–CON 24 h",HMOX2,-1.0,4.34686120278222,-1.77235166872192,RNA only,mid,,mid,1.0,1.0
"Human vastus lateralis, EE–CON 24 h",HOPX,-1.0,-0.127981865708647,-2.54267532186209,neither,mid,,mid,1.0,1.0
"Human vastus lateralis, EE–CON 24 h",HPRT1,1.0,-0.638454509892209,1.75872890401228,neither,mid,,high,1.0,1.0
"Human vastus lateralis, EE–CON 24 h",HSP90AA1,-1.0,0.204448261737301,-0.194700149485623,neither,high,,high,1.0,1.0
"Human vastus lateralis, EE–CON 24 h",HSPA2,1.0,2.18375790180106,1.66332128618857,neither,high,,high,1.0,1.0
"Human vastus lateralis, EE–CON 24 h",HSPA5,1.0,2.4779138398337,-0.0428210538917825,neither,high,,high,1.0,1.0
"Human vastus lateralis, EE–CON 24 h",HSPB2,-1.0,-2.51241881322007,1.31819284787269,neither,high,,high,1.0,1.0
"Human vastus lateralis, EE–CON 24 h",HSPB6,1.0,-0.522080569065621,-0.530109280532711,neither,high,,high,1.0,1.0
"Human vastus lateralis, EE–CON 24 h",HTRA1,1.0,-0.931460755343548,-2.27873534747512,neither,mid,,high,1.0,1.0
"Human vastus lateralis, EE–CON 24 h",IFIT1,1.0,-1.12631060824766,-0.534020605147196,neither,high,,low,1.0,1.0
"Human vastus lateralis, EE–CON 24 h",IFIT3,1.0,1.44571780806801,-1.01547513159852,neither,mid,,mid,1.0,1.0
"Human vastus lateralis, EE–CON 24 h",IGHG2,-1.0,-0.233551896988843,1.28180775045817,neither,low,,low,1.0,1.0
"Human vastus lateralis, EE–CON 24 h",IL32,1.0,-0.724779482418362,-0.704361182744371,neither,high,,high,1.0,1.0
"Human vastus lateralis, EE–CON 24 h",IRS1,-1.0,-1.8130188452824,-0.0505740740730372,neither,high,,mid,1.0,1.0
"Human vastus lateralis, EE–CON 24 h",ISLR,1.0,-1.84988985825989,-0.391071030389644,neither,mid,,mid,1.0,1.0
"Human vastus lateralis, EE–CON 24 h",ITGA5,-1.0,-0.0908570747248379,-1.08639750035942,neither,mid,,high,1.0,1.0
"Human vastus lateralis, EE–CON 24 h",IVNS1ABP,1.0,1.23590822840514,-2.12812729718313,neither,high,,high,1.0,1.0
"Human vastus lateralis, EE–CON 24 h",JUP,-1.0,-3.21690628304149,-0.417812911296984,RNA only,high,,high,1.0,1.0
"Human vastus lateralis, EE–CON 24 h",KCTD12,-1.0,0.0545560316919573,-1.15795071924802,neither,high,,mid,1.0,1.0
"Human vastus lateralis, EE–CON 24 h",KLHL21,-1.0,-2.20961487889557,1.62499328528764,neither,high,,high,1.0,1.0
"Human vastus lateralis, EE–CON 24 h",KLHL41,-1.0,-0.482874794691547,-0.157682346894717,neither,high,,high,1.0,1.0
"Human vastus lateralis, EE–CON 24 h",LAMB1,1.0,0.439933260043996,-3.06273211832476,neither,high,,high,1.0,1.0
"Human vastus lateralis, EE–CON 24 h",LMCD1,-1.0,-0.486623046560067,-0.378898546169107,neither,high,,high,1.0,1.0
"Human vastus lateralis, EE–CON 24 h",LPIN1,-1.0,5.49165022679083,3.38194967059216,RNA only,high,,high,1.0,1.0
"Human vastus lateralis, EE–CON 24 h",LRRC59,-1.0,0.0815002634858081,-1.53261117218864,neither,mid,,high,1.0,1.0
"Human vastus lateralis, EE–CON 24 h",LSP1,1.0,0.521708624126048,-2.66511236753474,neither,mid,,mid,1.0,1.0
"Human vastus lateralis, EE–CON 24 h",LTBP1,1.0,0.667916085292643,-0.342867683432643,neither,high,,mid,1.0,1.0
"Human vastus lateralis, EE–CON 24 h",LTBP2,1.0,-1.86890952871953,-1.53271343923018,neither,high,,mid,1.0,1.0
"Human vastus lateralis, EE–CON 24 h",LUM,1.0,-1.16851182771258,-1.27514516357566,neither,mid,,mid,1.0,1.0
"Human vastus lateralis, EE–CON 24 h",LYVE1,-1.0,-1.06845808408582,-0.799296333515722,neither,low,,mid,1.0,1.0
"Human vastus lateralis, EE–CON 24 h",MAGED1,1.0,1.44219941609016,0.686673748485978,neither,high,,high,1.0,1.0
"Human vastus lateralis, EE–CON 24 h",MAGED2,1.0,1.88460400715506,0.474043047167161,neither,high,,high,1.0,1.0
"Human vastus lateralis, EE–CON 24 h",MAP1LC3B,-1.0,0.152926040034399,0.276481202383775,neither,high,,high,1.0,1.0
"Human vastus lateralis, EE–CON 24 h",MAP2K1,-1.0,0.329669685315992,0.359342509918083,neither,high,,high,1.0,1.0
"Human vastus lateralis, EE–CON 24 h",MARK3,-1.0,0.269966964167924,1.37344695728221,neither,high,,high,1.0,1.0
"Human vastus lateralis, EE–CON 24 h",MATN2,1.0,-0.601948115223755,-1.05684211177796,neither,mid,,low,1.0,1.0
"Human vastus lateralis, EE–CON 24 h",MCM6,1.0,-1.60630647906062,0.685032523881353,neither,mid,,mid,1.0,1.0
"Human vastus lateralis, EE–CON 24 h",MFAP4,1.0,-1.49274507941124,-0.964919374185698,neither,mid,,high,1.0,1.0
"Human vastus lateralis, EE–CON 24 h",MID1IP1,-1.0,-2.70137211395892,-2.87228157764618,neither,high,,high,1.0,1.0
"Human vastus lateralis, EE–CON 24 h",MKNK2,-1.0,2.10759836075823,2.01678818932786,neither,high,,high,1.0,1.0
"Human vastus lateralis, EE–CON 24 h",MNDA,1.0,-0.0935841015598412,-1.36786652834873,neither,low,,low,1.0,1.0
"Human vastus lateralis, EE–CON 24 h",MPI,1.0,4.78961683940627,0.878834043843915,RNA only,high,,high,1.0,1.0
"Human vastus lateralis, EE–CON 24 h",MRPL34,-1.0,6.83504532690805,0.758886437739068,RNA only,high,,high,1.0,1.0
"Human vastus lateralis, EE–CON 24 h",MT1X,-1.0,-2.13533167429068,-0.880080877766423,neither,high,,high,1.0,1.0
"Human vastus lateralis, EE–CON 24 h",MTCH1,-1.0,0.785386378826333,-0.9359018010599,neither,high,,high,1.0,1.0
"Human vastus lateralis, EE–CON 24 h",MTHFD2,-1.0,-3.56106714528573,-0.0127114163261212,RNA only,mid,,high,1.0,1.0
"Human vastus lateralis, EE–CON 24 h",MTR,1.0,-0.0126682235658699,1.31395322606671,neither,high,,high,1.0,1.0
"Human vastus lateralis, EE–CON 24 h",MX1,1.0,-1.26048013833787,-1.14699017145427,neither,mid,,mid,1.0,1.0
"Human vastus lateralis, EE–CON 24 h",MX2,1.0,-0.0091288279692681,0.439882731099525,neither,low,,low,1.0,1.0
"Human vastus lateralis, EE–CON 24 h",MYOM2,1.0,1.29813091223247,0.357064067315782,neither,high,,high,1.0,1.0
"Human vastus lateralis, EE–CON 24 h",MYOT,-1.0,2.94561177711532,-0.536637149855978,RNA only,high,,high,1.0,1.0
"Human vastus lateralis, EE–CON 24 h",NAA15,-1.0,0.203442531883603,-0.502879056739113,neither,high,,mid,1.0,1.0
"Human vastus lateralis, EE–CON 24 h",NAMPT,-1.0,-0.108471643223594,0.748182669813727,neither,high,,high,1.0,1.0
"Human vastus lateralis, EE–CON 24 h",NCAM1,-1.0,-0.433517691849462,-1.04721584636994,neither,mid,,mid,1.0,1.0
"Human vastus lateralis, EE–CON 24 h",NCF2,1.0,0.21771749656106,-1.82040448543262,neither,low,,low,1.0,1.0
"Human vastus lateralis, EE–CON 24 h",NID1,-1.0,-1.19046922752613,-2.75881732045039,neither,high,,high,1.0,1.0
"Human vastus lateralis, EE–CON 24 h",NIT2,1.0,1.47914937196014,0.594334910206963,neither,high,,mid,1.0,1.0
"Human vastus lateralis, EE–CON 24 h",NNMT,-1.0,-1.70574090951274,-1.47338194040189,neither,low,,high,1.0,1.0
"Human vastus lateralis, EE–CON 24 h",NQO2,-1.0,1.8291378264862,-0.375012270457159,neither,high,,mid,1.0,1.0
"Human vastus lateralis, EE–CON 24 h",NRAP,-1.0,0.907994131719459,0.0943148051208884,neither,high,,high,1.0,1.0
"Human vastus lateralis, EE–CON 24 h",NUCB2,1.0,0.463256704954096,-1.5935216531794,neither,mid,,mid,1.0,1.0
"Human vastus lateralis, EE–CON 24 h",NUDT3,1.0,1.47710077126305,0.720447773186298,neither,high,,high,1.0,1.0
"Human vastus lateralis, EE–CON 24 h",NUDT4,-1.0,-0.888982867103792,-0.768479116313787,neither,high,,high,1.0,1.0
"Human vastus lateralis, EE–CON 24 h",NUP37,1.0,-0.667530860220263,-0.233786290507554,neither,mid,,mid,1.0,1.0
"Human vastus lateralis, EE–CON 24 h",OGDH,-1.0,4.32091194041795,-0.601341848733608,RNA only,high,,high,1.0,1.0
"Human vastus lateralis, EE–CON 24 h",OGN,1.0,-0.979240779458336,-1.87424069395622,neither,low,,low,1.0,1.0
"Human vastus lateralis, EE–CON 24 h",OLFML3,1.0,-0.0899996639488461,-0.970785000029939,neither,mid,,mid,1.0,1.0
"Human vastus lateralis, EE–CON 24 h",PALLD,-1.0,-0.675772350120518,-2.08503236550325,neither,high,,high,1.0,1.0
"Human vastus lateralis, EE–CON 24 h",PALMD,1.0,1.25261792382263,1.4791405635388,neither,high,,high,1.0,1.0
"Human vastus lateralis, EE–CON 24 h",PCCB,1.0,3.11696456067518,-1.49678232919332,RNA only,high,,high,1.0,1.0
"Human vastus lateralis, EE–CON 24 h",PCNT,-1.0,-0.192614807843898,-0.0503105295764275,neither,high,,high,1.0,1.0
"Human vastus lateralis, EE–CON 24 h",PCOLCE,1.0,-0.413511154207442,-0.443984764231681,neither,mid,,mid,1.0,1.0
"Human vastus lateralis, EE–CON 24 h",PDK4,1.0,0.796616057183359,2.68586019768728,neither,high,,high,1.0,1.0
"Human vastus lateralis, EE–CON 24 h",PDLIM3,1.0,-2.80544496802856,-1.45461468189174,neither,high,,high,1.0,2.0
"Human vastus lateralis, EE–CON 24 h",PKM,1.0,2.34476456422096,1.52095112600769,neither,high,,high,1.0,2.0
"Human vastus lateralis, EE–CON 24 h",PLA2G2A,-1.0,0.0895043860940329,-2.43393872355541,neither,low,,high,1.0,1.0
"Human vastus lateralis, EE–CON 24 h",PLA2G4C,1.0,1.06371862384304,0.362174461678789,neither,high,,high,1.0,1.0
"Human vastus lateralis, EE–CON 24 h",PLIN2,-1.0,-1.40560782321123,-0.423888721149465,neither,high,,high,1.0,1.0
"Human vastus lateralis, EE–CON 24 h",PODXL,-1.0,2.81610792069057,-2.89856355853152,neither,high,,mid,1.0,1.0
"Human vastus lateralis, EE–CON 24 h",POGLUT1,-1.0,0.949449728867096,-0.765953108635965,neither,low,,mid,1.0,1.0
"Human vastus lateralis, EE–CON 24 h",POLE3,-1.0,0.202486101721749,0.485175578049105,neither,high,,high,1.0,1.0
"Human vastus lateralis, EE–CON 24 h",POLR1D,-1.0,-0.759921498374872,-0.483058045711534,neither,high,,high,1.0,1.0
"Human vastus lateralis, EE–CON 24 h",POR,-1.0,-0.397295714197203,-2.11314807468885,neither,mid,,high,1.0,1.0
"Human vastus lateralis, EE–CON 24 h",PPL,-1.0,1.2234993067043,-1.11403355474107,neither,mid,,mid,1.0,1.0
"Human vastus lateralis, EE–CON 24 h",PPP1R12B,1.0,0.897171014491441,0.779571895479021,neither,high,,high,1.0,2.0
"Human vastus lateralis, EE–CON 24 h",PPP1R3C,1.0,-0.378840074572052,1.29932366686074,neither,high,,high,1.0,1.0
"Human vastus lateralis, EE–CON 24 h",PPT1,1.0,1.09910402553613,0.779986217933763,neither,mid,,mid,1.0,1.0
"Human vastus lateralis, EE–CON 24 h",PRDX4,1.0,0.907411110308188,1.06295991056417,neither,mid,,high,1.0,1.0
"Human vastus lateralis, EE–CON 24 h",PRDX6,-1.0,-0.0568208136404632,0.260810563598435,neither,high,,high,1.0,1.0
"Human vastus lateralis, EE–CON 24 h",PSMB10,1.0,3.47469998992724,-2.24784389145602,RNA only,mid,,high,1.0,1.0
"Human vastus lateralis, EE–CON 24 h",PSME4,-1.0,-2.4698817845742,1.28972049532407,neither,high,,high,1.0,1.0
"Human vastus lateralis, EE–CON 24 h",PSPH,-1.0,0.268806645898458,1.62030608686289,neither,low,,mid,1.0,1.0
"Human vastus lateralis, EE–CON 24 h",PTP4A2,-1.0,-1.75032282142085,0.261676463762638,neither,high,,high,1.0,1.0
"Human vastus lateralis, EE–CON 24 h",PTP4A3,-1.0,2.19528146765936,1.27723020406875,neither,high,,high,1.0,1.0
"Human vastus lateralis, EE–CON 24 h",PXMP2,-1.0,1.2873271815999,1.44616127008634,neither,mid,,high,1.0,1.0
"Human vastus lateralis, EE–CON 24 h",RAB9A,-1.0,-2.09676933971895,0.615285817730008,neither,mid,,mid,1.0,1.0
"Human vastus lateralis, EE–CON 24 h",RABAC1,-1.0,0.0312744153737452,1.27263600678774,neither,mid,,high,1.0,1.0
"Human vastus lateralis, EE–CON 24 h",RANGAP1,-1.0,-0.704284971066531,1.28929633375887,neither,high,,high,1.0,1.0
"Human vastus lateralis, EE–CON 24 h",RBFOX1,-1.0,-3.70069909947866,0.897624118073371,RNA only,high,,high,1.0,1.0
"Human vastus lateralis, EE–CON 24 h",RBM10,1.0,-1.39297238338448,-0.317220572952432,neither,high,,high,1.0,1.0
"Human vastus lateralis, EE–CON 24 h",RBP4,-1.0,-0.82064433759554,0.895089831597138,neither,low,,low,1.0,1.0
"Human vastus lateralis, EE–CON 24 h",RCAN1,-1.0,0.331911820635044,1.37365586414872,neither,mid,,mid,1.0,1.0
"Human vastus lateralis, EE–CON 24 h",RHOC,-1.0,0.716949986224163,-1.38427550350166,neither,mid,,high,1.0,1.0
"Human vastus lateralis, EE–CON 24 h",RHOT1,-1.0,-0.150847435920961,0.293850838187027,neither,high,,high,1.0,1.0
"Human vastus lateralis, EE–CON 24 h",RNF14,-1.0,2.03874558419921,0.293537512517196,neither,high,,high,1.0,1.0
"Human vastus lateralis, EE–CON 24 h",RNF146,1.0,-0.866102911275385,0.335188556554171,neither,high,,high,1.0,1.0
"Human vastus lateralis, EE–CON 24 h",RWDD1,-1.0,2.40279736419318,0.831322201165869,neither,high,,high,1.0,1.0
"Human vastus lateralis, EE–CON 24 h",S100A8,-1.0,0.205050558929083,-0.595606401411594,neither,low,,mid,1.0,1.0
"Human vastus lateralis, EE–CON 24 h",S100A9,-1.0,0.0316095338786541,-0.810399284036748,neither,low,,high,1.0,1.0
"Human vastus lateralis, EE–CON 24 h",SAA2,-1.0,0.0110210409318481,-0.82975260359487,neither,low,,mid,1.0,1.0
"Human vastus lateralis, EE–CON 24 h",SAMHD1,-1.0,-0.974351541829636,-2.36292910531232,neither,high,,high,1.0,1.0
"Human vastus lateralis, EE–CON 24 h",SEC31A,1.0,-2.56923240028273,0.246828706434091,neither,high,,high,1.0,1.0
"Human vastus lateralis, EE–CON 24 h",SEC61A1,-1.0,-0.930324997319444,-0.424091699310727,neither,high,,high,1.0,1.0
"Human vastus lateralis, EE–CON 24 h",SERPINA3,-1.0,1.00434859165834,1.27201825196339,neither,low,,mid,1.0,1.0
"Human vastus lateralis, EE–CON 24 h",SFRP1,1.0,-0.459057400208202,-1.15227558459007,neither,low,,low,1.0,1.0
"Human vastus lateralis, EE–CON 24 h",SH3BGR,-1.0,-0.285762434966866,-1.39685914193774,neither,high,,high,1.0,1.0
"Human vastus lateralis, EE–CON 24 h",SH3BGRL,1.0,-0.938657304885426,0.0274115285137939,neither,mid,,mid,1.0,1.0
"Human vastus lateralis, EE–CON 24 h",SLC1A3,-1.0,-0.705352889295675,-0.0095627435036159,neither,high,,mid,1.0,1.0
"Human vastus lateralis, EE–CON 24 h",SLC25A11,1.0,5.008248919984,0.71657286710403,RNA only,high,,high,1.0,1.0
"Human vastus lateralis, EE–CON 24 h",SLC25A12,-1.0,4.64037619333032,0.891311344339621,RNA only,high,,high,1.0,1.0
"Human vastus lateralis, EE–CON 24 h",SLC25A20,1.0,6.84267458416323,-0.0968344417093883,RNA only,high,,high,1.0,1.0
"Human vastus lateralis, EE–CON 24 h",SNRPB,-1.0,0.228092396797832,-1.2158483205364,neither,high,,high,1.0,1.0
"Human vastus lateralis, EE–CON 24 h",SORT1,-1.0,0.678563885648758,-0.796761745181929,neither,high,,high,1.0,1.0
"Human vastus lateralis, EE–CON 24 h",SOS1,-1.0,-2.79927499888716,-0.651973128385569,neither,high,,high,1.0,1.0
"Human vastus lateralis, EE–CON 24 h",SPARC,1.0,0.0567501147152957,0.44612311129208,neither,high,,high,1.0,1.0
"Human vastus lateralis, EE–CON 24 h",SPATA20,1.0,0.435965332018657,0.0347224166418104,neither,high,,high,1.0,1.0
"Human vastus lateralis, EE–CON 24 h",SRGN,-1.0,-0.196374458794793,0.725750564979171,neither,mid,,high,1.0,1.0
"Human vastus lateralis, EE–CON 24 h",SSPN,1.0,0.836517851012933,-1.55431040190339,neither,high,,high,1.0,1.0
"Human vastus lateralis, EE–CON 24 h",STAT3,-1.0,0.820938810055802,1.76712303174927,neither,high,,high,1.0,2.0
"Human vastus lateralis, EE–CON 24 h",STEAP3,-1.0,-0.139213135080261,1.46811957488347,neither,high,,high,1.0,1.0
"Human vastus lateralis, EE–CON 24 h",STIP1,-1.0,0.395897911319626,-0.353581680312095,neither,high,,high,1.0,1.0
"Human vastus lateralis, EE–CON 24 h",STK38L,1.0,-0.637029606024453,-0.448204370443111,neither,mid,,mid,1.0,1.0
"Human vastus lateralis, EE–CON 24 h",SUCLA2,1.0,2.59160858029572,-0.758451135035881,neither,high,,high,1.0,1.0
"Human vastus lateralis, EE–CON 24 h",SUN2,-1.0,1.3245014126204,-0.780406110407165,neither,high,,high,1.0,1.0
"Human vastus lateralis, EE–CON 24 h",SYNE2,-1.0,-5.12036272583187,-0.292272454430128,RNA only,high,,high,1.0,2.0
"Human vastus lateralis, EE–CON 24 h",SYNPO2L,1.0,1.38419952925586,2.6926607130473,neither,high,,high,1.0,2.0
"Human vastus lateralis, EE–CON 24 h",TAF15,1.0,1.92365046256984,-0.47435658019859,neither,high,,high,1.0,1.0
"Human vastus lateralis, EE–CON 24 h",TAPBPL,1.0,0.821412754030192,0.747933835759275,neither,mid,,mid,1.0,1.0
"Human vastus lateralis, EE–CON 24 h",TGM2,-1.0,-1.44861958251166,-0.117060007412549,neither,high,,high,1.0,1.0
"Human vastus lateralis, EE–CON 24 h",THBS1,-1.0,-1.11599126203018,0.305349732717367,neither,low,,mid,1.0,1.0
"Human vastus lateralis, EE–CON 24 h",THBS4,1.0,-0.463632986716647,-1.17246076124004,neither,high,,high,1.0,1.0
"Human vastus lateralis, EE–CON 24 h",THYN1,1.0,0.157642621218699,-0.98490069059983,neither,mid,,high,1.0,1.0
"Human vastus lateralis, EE–CON 24 h",TIMP3,-1.0,1.22603684418536,-1.84765701268974,neither,high,,high,1.0,1.0
"Human vastus lateralis, EE–CON 24 h",TLN1,1.0,0.72518812737569,-0.851274960179634,neither,high,,high,1.0,1.0
"Human vastus lateralis, EE–CON 24 h",TM7SF2,1.0,0.261783910478186,-0.752093940554572,neither,mid,,mid,1.0,1.0
"Human vastus lateralis, EE–CON 24 h",TMEM38B,-1.0,0.0801932475431343,0.322391701629022,neither,high,,high,1.0,1.0
"Human vastus lateralis, EE–CON 24 h",TNNI1,1.0,-0.37998355773244,-1.54448755765236,neither,high,,high,1.0,1.0
"Human vastus lateralis, EE–CON 24 h",TPPP3,1.0,0.681457395739446,-0.420552611241902,neither,mid,,high,1.0,1.0
"Human vastus lateralis, EE–CON 24 h",TPRKB,-1.0,-0.143683693218315,1.76615949544242,neither,mid,,high,1.0,1.0
"Human vastus lateralis, EE–CON 24 h",TRDN,-1.0,0.388013962795043,-0.312284072344789,neither,high,,high,1.0,1.0
"Human vastus lateralis, EE–CON 24 h",TRMT5,1.0,-0.91227052600779,-0.773381865485763,neither,mid,,mid,1.0,1.0
"Human vastus lateralis, EE–CON 24 h",TUBA1A,1.0,1.00172946391826,-1.49248356614118,neither,mid,,mid,1.0,1.0
"Human vastus lateralis, EE–CON 24 h",TUBA4A,-1.0,1.00343158177383,0.093378934935067,neither,high,,high,1.0,1.0
"Human vastus lateralis, EE–CON 24 h",TUBG1,-1.0,1.09621298463116,-1.11573271804206,neither,high,,high,1.0,1.0
"Human vastus lateralis, EE–CON 24 h",TXNIP,1.0,-3.21747611001264,-2.75967025445958,RNA only,high,,high,1.0,1.0
"Human vastus lateralis, EE–CON 24 h",TXNRD1,-1.0,-2.54800853509123,-1.36699660854798,neither,high,,high,1.0,1.0
"Human vastus lateralis, EE–CON 24 h",UAP1,-1.0,-1.20461428751714,-0.824613891272467,neither,high,,high,1.0,1.0
"Human vastus lateralis, EE–CON 24 h",UBFD1,-1.0,-1.30925567799733,0.269407747944472,neither,high,,high,1.0,1.0
"Human vastus lateralis, EE–CON 24 h",UBQLN2,1.0,-1.39817562771426,-2.03862913163494,neither,high,,high,1.0,1.0
"Human vastus lateralis, EE–CON 24 h",UFSP2,1.0,0.580121983097985,1.59527237708443,neither,high,,high,1.0,1.0
"Human vastus lateralis, EE–CON 24 h",UGP2,-1.0,5.79437064011824,0.404526547215106,RNA only,high,,high,1.0,1.0
"Human vastus lateralis, EE–CON 24 h",USP9Y,1.0,1.63144607414127,1.1394561778375,neither,low,,mid,1.0,1.0
"Human vastus lateralis, EE–CON 24 h",VCAN,1.0,-0.934205946212225,-1.32549987367485,neither,mid,,low,1.0,1.0
"Human vastus lateralis, EE–CON 24 h",VEZF1,-1.0,0.598088870484086,-1.10236970073167,neither,high,,high,1.0,1.0
"Human vastus lateralis, EE–CON 24 h",VPS13D,-1.0,-1.466578879587,-0.447395929473329,neither,high,,high,1.0,1.0
"Human vastus lateralis, EE–CON 24 h",WFS1,1.0,1.75421680840205,0.695922504836592,neither,mid,,high,1.0,1.0
"Human vastus lateralis, EE–CON 24 h",YBX3,-1.0,-0.582082594119804,1.59011990676361,neither,high,,high,1.0,2.0
"Human vastus lateralis, EE–CON 24 h",ZBTB16,1.0,-1.52984682067614,-0.603409458944174,neither,high,,high,1.0,1.0
"Human vastus lateralis, RE–CON 15–45 min",AASS,-1.0,-1.49881966905187,-1.03314007864629,neither,mid,,mid,1.0,1.0
"Human vastus lateralis, RE–CON 15–45 min",ABCA8,1.0,-0.145131249790175,0.488733217149972,neither,high,,mid,1.0,1.0
"Human vastus lateralis, RE–CON 15–45 min",ABHD5,-1.0,-1.24944896192742,0.242122223261172,neither,mid,,mid,1.0,1.0
"Human vastus lateralis, RE–CON 15–45 min",ABL1,-1.0,1.79845626749951,0.99891294415925,neither,high,,high,1.0,1.0
"Human vastus lateralis, RE–CON 15–45 min",ACSS3,-1.0,-1.6861239158439,0.0434589873950608,neither,mid,,low,1.0,1.0
"Human vastus lateralis, RE–CON 15–45 min",ACTA1,-1.0,-0.91761530934763,-1.76997174811626,neither,high,,high,1.0,1.0
"Human vastus lateralis, RE–CON 15–45 min",ADAMTS1,-1.0,14.9830997978114,0.866441302115353,RNA only,high,,high,1.0,1.0
"Human vastus lateralis, RE–CON 15–45 min",ADD3,1.0,-0.216400691477449,1.30564319241975,neither,mid,,mid,1.0,1.0
"Human vastus lateralis, RE–CON 15–45 min",ADH1B,-1.0,0.663780511546951,0.94274221669738,neither,high,,high,1.0,1.0
"Human vastus lateralis, RE–CON 15–45 min",ADH5,1.0,-2.18649744998227,0.315343727890085,neither,high,,high,1.0,1.0
"Human vastus lateralis, RE–CON 15–45 min",AKR1C1,-1.0,-1.97222180506861,-0.779307978103686,neither,mid,,mid,1.0,1.0
"Human vastus lateralis, RE–CON 15–45 min",AKR1C2,-1.0,-2.23204788040232,-0.698419721578527,neither,high,,high,1.0,1.0
"Human vastus lateralis, RE–CON 15–45 min",AKR1C3,-1.0,-1.22710219456368,-1.76450113864406,neither,mid,,high,1.0,1.0
"Human vastus lateralis, RE–CON 15–45 min",ALAS1,1.0,-1.57652354137728,-1.83598414848206,neither,high,,high,1.0,1.0
"Human vastus lateralis, RE–CON 15–45 min",ALDH5A1,1.0,-1.44420231049683,-1.41637337441154,neither,high,,high,1.0,1.0
"Human vastus lateralis, RE–CON 15–45 min",ALDH9A1,1.0,-1.80833763341991,-0.543312784363496,neither,high,,high,1.0,1.0
"Human vastus lateralis, RE–CON 15–45 min",ANK1,1.0,-1.0413511107081,1.1705584721631,neither,high,,high,1.0,2.0
"Human vastus lateralis, RE–CON 15–45 min",ANKMY2,1.0,-1.66981071121192,-0.735376270313229,neither,mid,,mid,1.0,1.0
"Human vastus lateralis, RE–CON 15–45 min",ANKRD1,-1.0,2.670172889024,0.678227888062834,neither,high,,high,1.0,1.0
"Human vastus lateralis, RE–CON 15–45 min",ANKRD2,-1.0,-0.858733287509747,-1.82030106253636,neither,high,,high,1.0,1.0
"Human vastus lateralis, RE–CON 15–45 min",ANP32E,1.0,-0.654885631900964,0.185062679314688,neither,high,,high,1.0,1.0
"Human vastus lateralis, RE–CON 15–45 min",ANXA4,1.0,0.697349638381124,1.22721925447572,neither,mid,,mid,1.0,1.0
"Human vastus lateralis, RE–CON 15–45 min",ANXA6,1.0,-0.0159970138611297,-0.76156380063711,neither,high,,high,1.0,1.0
"Human vastus lateralis, RE–CON 15–45 min",AOX1,-1.0,0.421092961573502,-0.0299296504654405,neither,low,,mid,1.0,1.0
"Human vastus lateralis, RE–CON 15–45 min",AP1S2,-1.0,-0.299159741096344,-0.315304497911686,neither,high,,high,1.0,1.0
"Human vastus lateralis, RE–CON 15–45 min",AP2B1,1.0,-0.274384675084736,0.690743245862656,neither,high,,high,1.0,1.0
"Human vastus lateralis, RE–CON 15–45 min",APOD,-1.0,-0.894078731509427,0.716111614048759,neither,high,,high,1.0,1.0
"Human vastus lateralis, RE–CON 15–45 min",ARHGDIB,1.0,-0.494764247324614,0.564308926690913,neither,mid,,high,1.0,1.0
"Human vastus lateralis, RE–CON 15–45 min",ARMCX1,1.0,2.74065795409088,1.16595903770811,neither,mid,,high,1.0,1.0
"Human vastus lateralis, RE–CON 15–45 min",ARMCX2,1.0,1.39916564201984,-0.833540055993018,neither,mid,,mid,1.0,1.0
"Human vastus lateralis, RE–CON 15–45 min",ARMCX3,1.0,0.864759742132796,-0.553199562203265,neither,high,,high,1.0,1.0
"Human vastus lateralis, RE–CON 15–45 min",ASMTL,1.0,0.383680942084787,0.667027289550549,neither,mid,,mid,2.0,1.0
"Human vastus lateralis, RE–CON 15–45 min",ASPN,1.0,0.885331772397569,2.03278841345178,neither,low,,mid,1.0,1.0
"Human vastus lateralis, RE–CON 15–45 min",ATP1A1,-1.0,1.60610432270136,-0.0051179124733553,neither,high,,high,1.0,1.0
"Human vastus lateralis, RE–CON 15–45 min",ATP1A2,-1.0,-0.571290053194736,-0.657463127373192,neither,high,,high,1.0,1.0
"Human vastus lateralis, RE–CON 15–45 min",ATP1B1,-1.0,3.22720679702334,-0.366406265064648,RNA only,high,,high,1.0,1.0
"Human vastus lateralis, RE–CON 15–45 min",ATP2A2,-1.0,-2.0188183155284,-1.9470466460169,neither,high,,high,1.0,3.0
"Human vastus lateralis, RE–CON 15–45 min",BAG2,-1.0,-2.49379968194441,-1.51168754456728,neither,mid,,mid,1.0,1.0
"Human vastus lateralis, RE–CON 15–45 min",BASP1,1.0,-0.818407140965162,1.23463395102463,neither,low,,low,1.0,1.0
"Human vastus lateralis, RE–CON 15–45 min",BCL2L1,-1.0,6.15344431202072,1.69697060931018,RNA only,mid,,high,1.0,1.0
"Human vastus lateralis, RE–CON 15–45 min",BGN,1.0,0.52335366592114,1.94769264426599,neither,mid,,high,1.0,1.0
"Human vastus lateralis, RE–CON 15–45 min",BRD4,-1.0,1.57312531596613,0.671224627550674,neither,high,,high,1.0,1.0
"Human vastus lateralis, RE–CON 15–45 min",C1orf21,-1.0,-3.19312246892658,-0.137962549495019,RNA only,high,,high,1.0,1.0
"Human vastus lateralis, RE–CON 15–45 min",C3,-1.0,0.879906603297434,1.16389899087591,neither,high,,high,1.0,1.0
"Human vastus lateralis, RE–CON 15–45 min",C4A,-1.0,-0.0740520072040295,1.29465735938913,neither,low,,low,1.0,1.0
"Human vastus lateralis, RE–CON 15–45 min",C6,1.0,0.0533357449494126,1.11701877529904,neither,low,,low,1.0,1.0
"Human vastus lateralis, RE–CON 15–45 min",CALU,-1.0,-0.308552691643357,-0.81495382614396,neither,high,,high,1.0,2.0
"Human vastus lateralis, RE–CON 15–45 min",CCT2,-1.0,0.27046757079375,0.251151744969922,neither,high,,high,1.0,1.0
"Human vastus lateralis, RE–CON 15–45 min",CD14,-1.0,-0.628011853178946,2.1048740759827,neither,low,,mid,1.0,1.0
"Human vastus lateralis, RE–CON 15–45 min",CD163,-1.0,0.726361814860467,2.28853767526643,neither,low,,mid,1.0,1.0
"Human vastus lateralis, RE–CON 15–45 min",CD59,-1.0,-0.22334575489333,0.125381189248059,neither,high,,high,1.0,1.0
"Human vastus lateralis, RE–CON 15–45 min",CD74,1.0,1.9200714990579,-0.176676321536834,neither,high,,high,1.0,1.0
"Human vastus lateralis, RE–CON 15–45 min",CDC37L1,-1.0,1.55970913274891,-1.27666475413743,neither,high,,high,1.0,1.0
"Human vastus lateralis, RE–CON 15–45 min",CDV3,-1.0,0.288059210008875,-1.77833893036588,neither,high,,high,1.0,1.0
"Human vastus lateralis, RE–CON 15–45 min",CHORDC1,-1.0,4.16723921218609,-0.422178242804434,RNA only,mid,,mid,1.0,1.0
"Human vastus lateralis, RE–CON 15–45 min",CILP,1.0,2.68995040602876,1.5316819534123,neither,high,,mid,1.0,1.0
"Human vastus lateralis, RE–CON 15–45 min",CLIC4,-1.0,3.283991910386,0.882397224367103,RNA only,high,,high,1.0,1.0
"Human vastus lateralis, RE–CON 15–45 min",CLIP1,-1.0,-0.845562247698845,-1.98130283673572,neither,high,,high,1.0,1.0
"Human vastus lateralis, RE–CON 15–45 min",CLTB,-1.0,-0.385005705254891,0.0220663114049534,neither,high,,high,1.0,1.0
"Human vastus lateralis, RE–CON 15–45 min",CLU,-1.0,0.254989565892373,1.25708673684745,neither,high,,high,1.0,1.0
"Human vastus lateralis, RE–CON 15–45 min",CMC2,-1.0,0.352086276213188,-1.36531620450051,neither,mid,,mid,1.0,1.0
"Human vastus lateralis, RE–CON 15–45 min",CNN1,-1.0,2.6714493341099,1.74657562555834,neither,low,,mid,1.0,1.0
"Human vastus lateralis, RE–CON 15–45 min",COA4,-1.0,-1.31377291995451,-1.01370429971111,neither,mid,,high,1.0,1.0
"Human vastus lateralis, RE–CON 15–45 min",COBL,-1.0,0.384983584665745,0.81557550152961,neither,high,,high,1.0,1.0
"Human vastus lateralis, RE–CON 15–45 min",COL15A1,1.0,1.27733144364359,-0.226097589828867,neither,high,,mid,1.0,1.0
"Human vastus lateralis, RE–CON 15–45 min",COL1A1,1.0,0.331834068523766,0.176678519495754,neither,high,,mid,1.0,1.0
"Human vastus lateralis, RE–CON 15–45 min",COL1A2,1.0,1.11774641576131,0.127110131229653,neither,high,,high,1.0,1.0
"Human vastus lateralis, RE–CON 15–45 min",COL3A1,1.0,1.31524700140802,0.705235531104963,neither,high,,high,1.0,1.0
"Human vastus lateralis, RE–CON 15–45 min",COX17,-1.0,-0.269259485564779,-1.05182192996561,neither,high,,high,1.0,1.0
"Human vastus lateralis, RE–CON 15–45 min",CPT2,1.0,-2.12812751991315,-1.75677077977395,neither,high,,mid,1.0,1.0
"Human vastus lateralis, RE–CON 15–45 min",CRYM,1.0,-0.801654565742047,-0.360364264948072,neither,low,,low,1.0,1.0
"Human vastus lateralis, RE–CON 15–45 min",CTF1,1.0,-2.26883702008283,0.441555124512335,neither,mid,,mid,1.0,1.0
"Human vastus lateralis, RE–CON 15–45 min",CTSD,1.0,-0.213876135375616,-0.162426460896055,neither,high,,high,1.0,1.0
"Human vastus lateralis, RE–CON 15–45 min",CTSH,1.0,-0.571930572125365,1.87172119997709,neither,mid,,mid,1.0,1.0
"Human vastus lateralis, RE–CON 15–45 min",CYP2J2,1.0,-2.07581746202444,0.78755057001435,neither,mid,,mid,1.0,1.0
"Human vastus lateralis, RE–CON 15–45 min",DAZAP1,-1.0,1.73006325132313,-2.47253969300617,neither,high,,high,1.0,1.0
"Human vastus lateralis, RE–CON 15–45 min",DDX39A,-1.0,1.02896220507081,0.40754291689791,neither,mid,,high,1.0,1.0
"Human vastus lateralis, RE–CON 15–45 min",DDX3Y,1.0,7.18096319313519,0.432654894947814,RNA only,low,,high,1.0,1.0
"Human vastus lateralis, RE–CON 15–45 min",DERL1,-1.0,2.1087917987672,-0.504784431916123,neither,high,,high,1.0,1.0
"Human vastus lateralis, RE–CON 15–45 min",DLG1,-1.0,-1.86810773799249,-1.27438143968037,neither,high,,high,1.0,1.0
"Human vastus lateralis, RE–CON 15–45 min",DLST,1.0,-1.16161671537222,-1.04632808314493,neither,high,,high,1.0,1.0
"Human vastus lateralis, RE–CON 15–45 min",DMPK,-1.0,-1.00295995947386,0.481043458071598,neither,high,,high,1.0,1.0
"Human vastus lateralis, RE–CON 15–45 min",DPM1,1.0,0.904065709327466,-2.02162969142166,neither,mid,,high,1.0,1.0
"Human vastus lateralis, RE–CON 15–45 min",DPYSL3,1.0,-2.30923634648581,-1.33976756222497,neither,high,,high,1.0,1.0
"Human vastus lateralis, RE–CON 15–45 min",DUSP13,-1.0,-1.37091055321208,-1.24816634614728,neither,high,,high,1.0,2.0
"Human vastus lateralis, RE–CON 15–45 min",DVL1,-1.0,-1.58371737273147,-0.838228257865452,neither,high,,high,1.0,1.0
"Human vastus lateralis, RE–CON 15–45 min",EFEMP1,1.0,0.0305573015893063,1.81634266476442,neither,mid,,mid,1.0,1.0
"Human vastus lateralis, RE–CON 15–45 min",EGLN1,-1.0,-0.528277584713425,-1.52145112114075,neither,high,,high,1.0,1.0
"Human vastus lateralis, RE–CON 15–45 min",EHBP1L1,-1.0,-1.72862465157757,-1.12817549413387,neither,high,,high,1.0,1.0
"Human vastus lateralis, RE–CON 15–45 min",EHD3,1.0,-0.142634814659044,0.714890283384009,neither,low,,low,1.0,1.0
"Human vastus lateralis, RE–CON 15–45 min",EIF1AX,-1.0,-1.02420851431205,-0.471769516485239,neither,high,,high,1.0,1.0
"Human vastus lateralis, RE–CON 15–45 min",EIF1AY,1.0,2.12363535237982,0.385870954413394,neither,low,,high,1.0,1.0
"Human vastus lateralis, RE–CON 15–45 min",EIF4EBP3,1.0,0.180782522438937,-0.828144508600261,neither,mid,,high,1.0,1.0
"Human vastus lateralis, RE–CON 15–45 min",EMC2,1.0,1.72235184154452,-1.79194677115819,neither,high,,high,1.0,1.0
"Human vastus lateralis, RE–CON 15–45 min",EMC6,-1.0,-1.88491417941535,0.64872506229968,neither,high,,high,1.0,1.0
"Human vastus lateralis, RE–CON 15–45 min",EMCN,-1.0,2.10696884939515,0.249825849440438,neither,mid,,mid,1.0,1.0
"Human vastus lateralis, RE–CON 15–45 min",EPB41L2,1.0,1.8427755389238,1.40903575596511,neither,high,,mid,1.0,1.0
"Human vastus lateralis, RE–CON 15–45 min",EPHX2,1.0,-1.10371213038625,-0.688604954445081,neither,mid,,mid,1.0,1.0
"Human vastus lateralis, RE–CON 15–45 min",EPM2AIP1,1.0,0.857615354036655,0.196861030956385,neither,high,,mid,1.0,1.0
"Human vastus lateralis, RE–CON 15–45 min",ERLIN2,1.0,-2.23527649136187,-0.762251471400711,neither,high,,mid,1.0,1.0
"Human vastus lateralis, RE–CON 15–45 min",EVL,1.0,-1.56369952421812,0.930346220380058,neither,mid,,mid,1.0,1.0
"Human vastus lateralis, RE–CON 15–45 min",FASN,-1.0,0.607948134535005,1.43476261399717,neither,high,,high,1.0,1.0
"Human vastus lateralis, RE–CON 15–45 min",FBLN2,1.0,1.20087915206644,1.28655746469546,neither,high,,high,1.0,1.0
"Human vastus lateralis, RE–CON 15–45 min",FBN1,1.0,0.430280027185176,-0.67551343290841,neither,high,,mid,1.0,1.0
"Human vastus lateralis, RE–CON 15–45 min",FBXO40,1.0,-1.06736356243235,-1.99610551358794,neither,high,,high,1.0,1.0
"Human vastus lateralis, RE–CON 15–45 min",FCGR3B,1.0,-0.65387730255111,0.57242531055801,neither,low,,low,1.0,1.0
"Human vastus lateralis, RE–CON 15–45 min",FCGRT,1.0,-1.72355486225289,1.44937382028983,neither,high,,high,1.0,1.0
"Human vastus lateralis, RE–CON 15–45 min",FCN3,-1.0,0.877134004366203,0.122450022266825,neither,low,,mid,1.0,1.0
"Human vastus lateralis, RE–CON 15–45 min",FERMT2,-1.0,2.29075131705606,1.53430203495039,neither,high,,high,1.0,1.0
"Human vastus lateralis, RE–CON 15–45 min",FHOD3,1.0,-1.1891380859707,-0.0683456273778695,neither,high,,high,1.0,1.0
"Human vastus lateralis, RE–CON 15–45 min",FKBP4,-1.0,-0.0706184136751292,-0.462450520552866,neither,high,,high,1.0,1.0
"Human vastus lateralis, RE–CON 15–45 min",FKBP5,-1.0,1.69807627317017,-0.669004239626716,neither,high,,high,1.0,1.0
"Human vastus lateralis, RE–CON 15–45 min",FLII,-1.0,-1.35143218188393,0.291713127816443,neither,high,,high,1.0,2.0
"Human vastus lateralis, RE–CON 15–45 min",FLNC,-1.0,-0.0636638490081649,-0.857689266441242,neither,high,,high,1.0,2.0
"Human vastus lateralis, RE–CON 15–45 min",FMOD,1.0,0.140253135422153,2.25200217282717,neither,mid,,mid,1.0,1.0
"Human vastus lateralis, RE–CON 15–45 min",FNBP1L,1.0,-0.201503989154013,-1.32787949258109,neither,high,,mid,1.0,1.0
"Human vastus lateralis, RE–CON 15–45 min",FRZB,1.0,1.03335323199059,1.75640672737245,neither,mid,,mid,1.0,1.0
"Human vastus lateralis, RE–CON 15–45 min",FSTL1,1.0,0.750863115848019,1.37485642745369,neither,high,,high,1.0,1.0
"Human vastus lateralis, RE–CON 15–45 min",FUCA1,1.0,0.0098307953884243,-0.287309260429352,neither,mid,,mid,1.0,1.0
"Human vastus lateralis, RE–CON 15–45 min",G0S2,-1.0,4.62085200566502,0.256220381448061,RNA only,high,,high,1.0,1.0
"Human vastus lateralis, RE–CON 15–45 min",GATM,1.0,-1.02019625422939,-0.875549163140557,neither,high,,high,1.0,1.0
"Human vastus lateralis, RE–CON 15–45 min",GCLM,-1.0,0.796467683354968,0.722750513179548,neither,mid,,mid,1.0,1.0
"Human vastus lateralis, RE–CON 15–45 min",GLOD4,1.0,0.7362756470786,0.207632360979181,neither,mid,,high,1.0,1.0
"Human vastus lateralis, RE–CON 15–45 min",GLRX,1.0,-0.294053948855288,-0.142912197899299,neither,mid,,high,1.0,1.0
"Human vastus lateralis, RE–CON 15–45 min",GLRX2,-1.0,-1.05003739226523,0.786393095995248,neither,mid,,high,1.0,1.0
"Human vastus lateralis, RE–CON 15–45 min",GLUL,-1.0,3.65318967668326,-0.155855972848643,RNA only,high,,high,1.0,1.0
"Human vastus lateralis, RE–CON 15–45 min",GMPR,-1.0,-0.882936135154591,0.558264516903714,neither,high,,high,1.0,1.0
"Human vastus lateralis, RE–CON 15–45 min",GNL3,-1.0,-0.498199517044429,-0.945085550245829,neither,high,,high,1.0,1.0
"Human vastus lateralis, RE–CON 15–45 min",GPD1L,-1.0,-2.40786673650167,-0.940129553335223,neither,high,,high,1.0,1.0
"Human vastus lateralis, RE–CON 15–45 min",GPX3,-1.0,1.03254874661841,1.53182138786009,neither,high,,high,1.0,1.0
"Human vastus lateralis, RE–CON 15–45 min",GTPBP6,-1.0,-0.60050760379527,-1.75618856046089,neither,high,,high,2.0,1.0
"Human vastus lateralis, RE–CON 15–45 min",HBA1,1.0,0.364545308531962,1.51188697846944,neither,low,,mid,1.0,1.0
"Human vastus lateralis, RE–CON 15–45 min",HBB,1.0,-0.635455923812567,1.48585875516303,neither,low,,high,1.0,1.0
"Human vastus lateralis, RE–CON 15–45 min",HLA-B,1.0,2.7842159432694,1.13564510709516,neither,high,,high,1.0,1.0
"Human vastus lateralis, RE–CON 15–45 min",HLTF,1.0,-2.36193524828196,0.233822297335387,neither,high,,mid,1.0,1.0
"Human vastus lateralis, RE–CON 15–45 min",HMGB2,1.0,-0.502674880106216,0.648495170345059,neither,mid,,high,1.0,1.0
"Human vastus lateralis, RE–CON 15–45 min",HMGCL,1.0,-1.64962363602279,-1.84751530089485,neither,high,,high,1.0,1.0
"Human vastus lateralis, RE–CON 15–45 min",HMGN1,1.0,1.3400413978105,0.0723362694265891,neither,mid,,mid,1.0,1.0
"Human vastus lateralis, RE–CON 15–45 min",HMGN2,1.0,-1.06391493545381,-0.0601362349634766,neither,high,,high,1.0,1.0
"Human vastus lateralis, RE–CON 15–45 min",HMOX2,-1.0,-0.853841829536445,-0.696692354148435,neither,mid,,mid,1.0,1.0
"Human vastus lateralis, RE–CON 15–45 min",HOPX,-1.0,0.207011467567237,-1.11747374824944,neither,mid,,mid,1.0,1.0
"Human vastus lateralis, RE–CON 15–45 min",HPRT1,1.0,-0.0773412965207367,0.836464084028258,neither,mid,,high,1.0,1.0
"Human vastus lateralis, RE–CON 15–45 min",HSP90AA1,-1.0,0.542867494026196,-1.44620965367506,neither,high,,high,1.0,1.0
"Human vastus lateralis, RE–CON 15–45 min",HSPA2,1.0,-0.29125954340669,-0.132098957658293,neither,high,,high,1.0,1.0
"Human vastus lateralis, RE–CON 15–45 min",HSPA5,1.0,0.0441000758722632,-0.310971983295247,neither,high,,high,1.0,1.0
"Human vastus lateralis, RE–CON 15–45 min",HSPB2,-1.0,-0.284900734937305,-0.15850255899282,neither,high,,high,1.0,1.0
"Human vastus lateralis, RE–CON 15–45 min",HSPB6,1.0,-3.17750835750338,-2.33926109236406,RNA only,high,,high,1.0,1.0
"Human vastus lateralis, RE–CON 15–45 min",HTRA1,1.0,0.162879252265453,2.0434082115896,neither,mid,,high,1.0,1.0
"Human vastus lateralis, RE–CON 15–45 min",IFIT1,1.0,-1.55060494976377,1.78169960894421,neither,high,,low,1.0,1.0
"Human vastus lateralis, RE–CON 15–45 min",IFIT3,1.0,0.186846969855367,-0.169110880439557,neither,mid,,mid,1.0,1.0
"Human vastus lateralis, RE–CON 15–45 min",IGHG2,-1.0,1.18302609644104,1.20834880570593,neither,low,,low,1.0,1.0
"Human vastus lateralis, RE–CON 15–45 min",IL32,1.0,1.70292538417753,-1.32576522444525,neither,high,,high,1.0,1.0
"Human vastus lateralis, RE–CON 15–45 min",IRS1,-1.0,-0.552202250398437,-0.360722448124478,neither,high,,mid,1.0,1.0
"Human vastus lateralis, RE–CON 15–45 min",ISLR,1.0,0.0464700374390813,0.633483030954038,neither,mid,,mid,1.0,1.0
"Human vastus lateralis, RE–CON 15–45 min",ITGA5,-1.0,6.10898671580663,1.42343497478253,RNA only,mid,,high,1.0,1.0
"Human vastus lateralis, RE–CON 15–45 min",IVNS1ABP,1.0,1.66685409539463,-0.741281003800755,neither,high,,high,1.0,1.0
"Human vastus lateralis, RE–CON 15–45 min",JUP,-1.0,-1.79743347305249,-0.150885218773136,neither,high,,high,1.0,1.0
"Human vastus lateralis, RE–CON 15–45 min",KCTD12,-1.0,2.46360138681905,1.67445856364695,neither,high,,mid,1.0,1.0
"Human vastus lateralis, RE–CON 15–45 min",KLHL21,-1.0,2.34444863478743,-0.584768663221765,neither,high,,high,1.0,1.0
"Human vastus lateralis, RE–CON 15–45 min",KLHL41,-1.0,-0.400579683953698,-1.6210417864472,neither,high,,high,1.0,1.0
"Human vastus lateralis, RE–CON 15–45 min",LAMB1,1.0,0.295303200840272,-1.04632900049968,neither,high,,high,1.0,1.0
"Human vastus lateralis, RE–CON 15–45 min",LMCD1,-1.0,-1.09239599496107,-1.65651422579723,neither,high,,high,1.0,1.0
"Human vastus lateralis, RE–CON 15–45 min",LPIN1,-1.0,-1.31952171462663,-1.38365627671344,neither,high,,high,1.0,1.0
"Human vastus lateralis, RE–CON 15–45 min",LRRC59,-1.0,1.02508131293598,1.65190515956338,neither,mid,,high,1.0,1.0
"Human vastus lateralis, RE–CON 15–45 min",LSP1,1.0,-0.447056219379056,0.800489493099564,neither,mid,,mid,1.0,1.0
"Human vastus lateralis, RE–CON 15–45 min",LTBP1,1.0,-0.846900164679739,0.329557617292553,neither,high,,mid,1.0,1.0
"Human vastus lateralis, RE–CON 15–45 min",LTBP2,1.0,0.547621408259088,1.53839431045968,neither,high,,mid,1.0,1.0
"Human vastus lateralis, RE–CON 15–45 min",LUM,1.0,-0.240878795350499,1.69047901760101,neither,mid,,mid,1.0,1.0
"Human vastus lateralis, RE–CON 15–45 min",LYVE1,-1.0,0.630755930275677,1.67406706916242,neither,low,,mid,1.0,1.0
"Human vastus lateralis, RE–CON 15–45 min",MAGED1,1.0,-2.63629504057127,-0.444316688812414,neither,high,,high,1.0,1.0
"Human vastus lateralis, RE–CON 15–45 min",MAGED2,1.0,-0.653130548751975,-0.260816260825267,neither,high,,high,1.0,1.0
"Human vastus lateralis, RE–CON 15–45 min",MAP1LC3B,-1.0,-0.499471640319941,0.13877886570979,neither,high,,high,1.0,1.0
"Human vastus lateralis, RE–CON 15–45 min",MAP2K1,-1.0,-1.73108896160944,-0.34791115674348,neither,high,,high,1.0,1.0
"Human vastus lateralis, RE–CON 15–45 min",MARK3,-1.0,2.11762173549828,0.996599328464869,neither,high,,high,1.0,1.0
"Human vastus lateralis, RE–CON 15–45 min",MATN2,1.0,-1.11005400140628,0.42339175789022,neither,mid,,low,1.0,1.0
"Human vastus lateralis, RE–CON 15–45 min",MCM6,1.0,0.392231262188036,-0.459007673754941,neither,mid,,mid,1.0,1.0
"Human vastus lateralis, RE–CON 15–45 min",MFAP4,1.0,0.277010368594527,1.74674333331516,neither,mid,,high,1.0,1.0
"Human vastus lateralis, RE–CON 15–45 min",MID1IP1,-1.0,2.26480573556206,-0.703841158324313,neither,high,,high,1.0,1.0
"Human vastus lateralis, RE–CON 15–45 min",MKNK2,-1.0,2.57360837645333,0.314337070382409,neither,high,,high,1.0,1.0
"Human vastus lateralis, RE–CON 15–45 min",MNDA,1.0,-0.292256759680438,0.883377739139612,neither,low,,low,1.0,1.0
"Human vastus lateralis, RE–CON 15–45 min",MPI,1.0,-1.76222567284861,-0.161633686972495,neither,high,,high,1.0,1.0
"Human vastus lateralis, RE–CON 15–45 min",MRPL34,-1.0,-1.64343764882282,0.993939937051207,neither,high,,high,1.0,1.0
"Human vastus lateralis, RE–CON 15–45 min",MT1X,-1.0,2.15345898161686,-1.03771165844592,neither,high,,high,1.0,1.0
"Human vastus lateralis, RE–CON 15–45 min",MTCH1,-1.0,-0.103453776164273,0.31395216889137,neither,high,,high,1.0,1.0
"Human vastus lateralis, RE–CON 15–45 min",MTHFD2,-1.0,1.02156865504779,0.187242997094006,neither,mid,,high,1.0,1.0
"Human vastus lateralis, RE–CON 15–45 min",MTR,1.0,-0.405554948094244,0.479605167599832,neither,high,,high,1.0,1.0
"Human vastus lateralis, RE–CON 15–45 min",MX1,1.0,-0.306120264175363,0.0062630639099086,neither,mid,,mid,1.0,1.0
"Human vastus lateralis, RE–CON 15–45 min",MX2,1.0,-0.924703014389588,1.55384496893556,neither,low,,low,1.0,1.0
"Human vastus lateralis, RE–CON 15–45 min",MYOM2,1.0,-0.0570673938820073,-0.66682305803321,neither,high,,high,1.0,1.0
"Human vastus lateralis, RE–CON 15–45 min",MYOT,-1.0,-0.759635065284771,-1.79668156840679,neither,high,,high,1.0,1.0
"Human vastus lateralis, RE–CON 15–45 min",NAA15,-1.0,1.28483981737866,-0.963813878847758,neither,high,,mid,1.0,1.0
"Human vastus lateralis, RE–CON 15–45 min",NAMPT,-1.0,0.4885859905599,0.254902749978911,neither,high,,high,1.0,1.0
"Human vastus lateralis, RE–CON 15–45 min",NCAM1,-1.0,-1.058011457112,0.1988138379357,neither,mid,,mid,1.0,1.0
"Human vastus lateralis, RE–CON 15–45 min",NCF2,1.0,-0.334638479662471,0.178668234663619,neither,low,,low,1.0,1.0
"Human vastus lateralis, RE–CON 15–45 min",NID1,-1.0,2.09928135125246,0.817224647153139,neither,high,,high,1.0,1.0
"Human vastus lateralis, RE–CON 15–45 min",NIT2,1.0,-0.715093881879746,-0.47854391661812,neither,high,,mid,1.0,1.0
"Human vastus lateralis, RE–CON 15–45 min",NNMT,-1.0,0.597211858511156,0.70357039245919,neither,low,,high,1.0,1.0
"Human vastus lateralis, RE–CON 15–45 min",NQO2,-1.0,-0.299289459761191,-0.897035713438942,neither,high,,mid,1.0,1.0
"Human vastus lateralis, RE–CON 15–45 min",NRAP,-1.0,-1.80448235958311,-0.756162113707693,neither,high,,high,1.0,1.0
"Human vastus lateralis, RE–CON 15–45 min",NUCB2,1.0,1.54874364360622,-0.779216988782946,neither,mid,,mid,1.0,1.0
"Human vastus lateralis, RE–CON 15–45 min",NUDT3,1.0,-1.69036242588828,-0.702882180490981,neither,high,,high,1.0,1.0
"Human vastus lateralis, RE–CON 15–45 min",NUDT4,-1.0,1.40725993856019,-1.58013587677142,neither,high,,high,1.0,1.0
"Human vastus lateralis, RE–CON 15–45 min",NUP37,1.0,0.151557189025087,-0.641788021927819,neither,mid,,mid,1.0,1.0
"Human vastus lateralis, RE–CON 15–45 min",OGDH,-1.0,-1.84100219682814,-1.33620026751643,neither,high,,high,1.0,1.0
"Human vastus lateralis, RE–CON 15–45 min",OGN,1.0,-0.65487127690373,1.98062614153464,neither,low,,low,1.0,1.0
"Human vastus lateralis, RE–CON 15–45 min",OLFML3,1.0,0.297175427293301,1.64179493540405,neither,mid,,mid,1.0,1.0
"Human vastus lateralis, RE–CON 15–45 min",PALLD,-1.0,-0.990205140613406,-1.20207677198934,neither,high,,high,1.0,1.0
"Human vastus lateralis, RE–CON 15–45 min",PALMD,1.0,0.129620758417449,-0.425641297623812,neither,high,,high,1.0,1.0
"Human vastus lateralis, RE–CON 15–45 min",PCCB,1.0,-0.83112778822216,-2.12852973270087,neither,high,,high,1.0,1.0
"Human vastus lateralis, RE–CON 15–45 min",PCNT,-1.0,-1.69987095207618,-2.48026007090594,neither,high,,high,1.0,1.0
"Human vastus lateralis, RE–CON 15–45 min",PCOLCE,1.0,0.400712249842208,1.59615206431765,neither,mid,,mid,1.0,1.0
"Human vastus lateralis, RE–CON 15–45 min",PDK4,1.0,3.48313868338953,-1.25137963080406,RNA only,high,,high,1.0,1.0
"Human vastus lateralis, RE–CON 15–45 min",PDLIM3,1.0,0.276399772627689,0.731736049560988,neither,high,,high,1.0,2.0
"Human vastus lateralis, RE–CON 15–45 min",PKM,1.0,0.768361305410022,0.710800999198183,neither,high,,high,1.0,2.0
"Human vastus lateralis, RE–CON 15–45 min",PLA2G2A,-1.0,-0.0831011654212184,1.66087806181577,neither,low,,high,1.0,1.0
"Human vastus lateralis, RE–CON 15–45 min",PLA2G4C,1.0,-0.166400721535627,-0.688096385165862,neither,high,,high,1.0,1.0
"Human vastus lateralis, RE–CON 15–45 min",PLIN2,-1.0,-0.0187543811774364,-0.147909776833668,neither,high,,high,1.0,1.0
"Human vastus lateralis, RE–CON 15–45 min",PODXL,-1.0,3.47667363655552,1.97598757452087,RNA only,high,,mid,1.0,1.0
"Human vastus lateralis, RE–CON 15–45 min",POGLUT1,-1.0,0.822194088715761,1.89444362610764,neither,low,,mid,1.0,1.0
"Human vastus lateralis, RE–CON 15–45 min",POLE3,-1.0,-0.420374318887379,0.254179058625925,neither,high,,high,1.0,1.0
"Human vastus lateralis, RE–CON 15–45 min",POLR1D,-1.0,-0.162368552886157,-1.77322271349758,neither,high,,high,1.0,1.0
"Human vastus lateralis, RE–CON 15–45 min",POR,-1.0,0.442590785667973,-0.190026767116024,neither,mid,,high,1.0,1.0
"Human vastus lateralis, RE–CON 15–45 min",PPL,-1.0,0.656581561944219,2.32412742882212,neither,mid,,mid,1.0,1.0
"Human vastus lateralis, RE–CON 15–45 min",PPP1R12B,1.0,-2.386749085128,-2.14688611673039,neither,high,,high,1.0,2.0
"Human vastus lateralis, RE–CON 15–45 min",PPP1R3C,1.0,3.37832809984362,-1.04912910900353,RNA only,high,,high,1.0,1.0
"Human vastus lateralis, RE–CON 15–45 min",PPT1,1.0,-0.906821578348436,0.52048929517671,neither,mid,,mid,1.0,1.0
"Human vastus lateralis, RE–CON 15–45 min",PRDX4,1.0,0.3010173340259,2.67567856757385,neither,mid,,high,1.0,1.0
"Human vastus lateralis, RE–CON 15–45 min",PRDX6,-1.0,-1.38168112284351,-0.972305071331211,neither,high,,high,1.0,1.0
"Human vastus lateralis, RE–CON 15–45 min",PSMB10,1.0,-0.297468086980364,1.26439757063572,neither,mid,,high,1.0,1.0
"Human vastus lateralis, RE–CON 15–45 min",PSME4,-1.0,-0.470315801808416,-1.85781994214294,neither,high,,high,1.0,1.0
"Human vastus lateralis, RE–CON 15–45 min",PSPH,-1.0,-0.807046699976348,0.0710868095867893,neither,low,,mid,1.0,1.0
"Human vastus lateralis, RE–CON 15–45 min",PTP4A2,-1.0,-1.20220480422848,0.034227797116749,neither,high,,high,1.0,1.0
"Human vastus lateralis, RE–CON 15–45 min",PTP4A3,-1.0,0.328848885649067,-0.518146265366624,neither,high,,high,1.0,1.0
"Human vastus lateralis, RE–CON 15–45 min",PXMP2,-1.0,-2.26915658855111,1.83137171251643,neither,mid,,high,1.0,1.0
"Human vastus lateralis, RE–CON 15–45 min",RAB9A,-1.0,0.9240492643886,0.356126473096822,neither,mid,,mid,1.0,1.0
"Human vastus lateralis, RE–CON 15–45 min",RABAC1,-1.0,0.185922582777112,-0.79349624649827,neither,mid,,high,1.0,1.0
"Human vastus lateralis, RE–CON 15–45 min",RANGAP1,-1.0,-0.0856423461413325,1.34751831408613,neither,high,,high,1.0,1.0
"Human vastus lateralis, RE–CON 15–45 min",RBFOX1,-1.0,-1.20122712670544,-1.33244983813496,neither,high,,high,1.0,1.0
"Human vastus lateralis, RE–CON 15–45 min",RBM10,1.0,0.346261440041442,-0.444011655530383,neither,high,,high,1.0,1.0
"Human vastus lateralis, RE–CON 15–45 min",RBP4,-1.0,-0.583062367105377,-0.388093320761276,neither,low,,low,1.0,1.0
"Human vastus lateralis, RE–CON 15–45 min",RCAN1,-1.0,5.97966781451869,-0.778916258105371,RNA only,mid,,mid,1.0,1.0
"Human vastus lateralis, RE–CON 15–45 min",RHOC,-1.0,4.95552083096006,0.854269907555364,RNA only,mid,,high,1.0,1.0
"Human vastus lateralis, RE–CON 15–45 min",RHOT1,-1.0,0.77705526246713,0.443587003986427,neither,high,,high,1.0,1.0
"Human vastus lateralis, RE–CON 15–45 min",RNF14,-1.0,-0.0993575865170455,-1.58781539126679,neither,high,,high,1.0,1.0
"Human vastus lateralis, RE–CON 15–45 min",RNF146,1.0,0.908810062369522,0.26512753018988,neither,high,,high,1.0,1.0
"Human vastus lateralis, RE–CON 15–45 min",RWDD1,-1.0,-0.954434216899387,-0.338220203988806,neither,high,,high,1.0,1.0
"Human vastus lateralis, RE–CON 15–45 min",S100A8,-1.0,-1.11455037850166,0.685502759830522,neither,low,,mid,1.0,1.0
"Human vastus lateralis, RE–CON 15–45 min",S100A9,-1.0,-0.698785881308248,0.578967956483398,neither,low,,high,1.0,1.0
"Human vastus lateralis, RE–CON 15–45 min",SAA2,-1.0,-1.06632552145538,-0.440459381977646,neither,low,,mid,1.0,1.0
"Human vastus lateralis, RE–CON 15–45 min",SAMHD1,-1.0,-0.210923071312599,1.35152564778588,neither,high,,high,1.0,1.0
"Human vastus lateralis, RE–CON 15–45 min",SEC31A,1.0,-0.286101475264448,-0.336265445059858,neither,high,,high,1.0,1.0
"Human vastus lateralis, RE–CON 15–45 min",SEC61A1,-1.0,2.51733020996472,-0.0399467509013225,neither,high,,high,1.0,1.0
"Human vastus lateralis, RE–CON 15–45 min",SERPINA3,-1.0,0.610560027966326,0.71487977479736,neither,low,,mid,1.0,1.0
"Human vastus lateralis, RE–CON 15–45 min",SFRP1,1.0,-1.32045065644816,0.555720386650995,neither,low,,low,1.0,1.0
"Human vastus lateralis, RE–CON 15–45 min",SH3BGR,-1.0,-0.366935708780394,-0.319388960912787,neither,high,,high,1.0,1.0
"Human vastus lateralis, RE–CON 15–45 min",SH3BGRL,1.0,0.273964201398353,1.72385382927878,neither,mid,,mid,1.0,1.0
"Human vastus lateralis, RE–CON 15–45 min",SLC1A3,-1.0,-1.89493855706184,1.13215659280583,neither,high,,mid,1.0,1.0
"Human vastus lateralis, RE–CON 15–45 min",SLC25A11,1.0,-1.22865120759943,-0.439498774036667,neither,high,,high,1.0,1.0
"Human vastus lateralis, RE–CON 15–45 min",SLC25A12,-1.0,-0.266533382295818,-0.164287713351817,neither,high,,high,1.0,1.0
"Human vastus lateralis, RE–CON 15–45 min",SLC25A20,1.0,-1.88599100002173,-1.67174753750894,neither,high,,high,1.0,1.0
"Human vastus lateralis, RE–CON 15–45 min",SNRPB,-1.0,-0.416916062097559,-1.34524962142722,neither,high,,high,1.0,1.0
"Human vastus lateralis, RE–CON 15–45 min",SORT1,-1.0,0.234418674909485,0.233586822765309,neither,high,,high,1.0,1.0
"Human vastus lateralis, RE–CON 15–45 min",SOS1,-1.0,0.205997279018132,-0.169981819520875,neither,high,,high,1.0,1.0
"Human vastus lateralis, RE–CON 15–45 min",SPARC,1.0,0.300353163589842,0.579863277618095,neither,high,,high,1.0,1.0
"Human vastus lateralis, RE–CON 15–45 min",SPATA20,1.0,-1.87653630309684,-1.43258557308188,neither,high,,high,1.0,1.0
"Human vastus lateralis, RE–CON 15–45 min",SRGN,-1.0,3.64773000446666,0.603738855455391,RNA only,mid,,high,1.0,1.0
"Human vastus lateralis, RE–CON 15–45 min",SSPN,1.0,-1.26653615051628,-0.15650817374432,neither,high,,high,1.0,1.0
"Human vastus lateralis, RE–CON 15–45 min",STAT3,-1.0,1.2794309366807,1.7622848881419,neither,high,,high,1.0,2.0
"Human vastus lateralis, RE–CON 15–45 min",STEAP3,-1.0,-0.331226668795686,0.128952590420433,neither,high,,high,1.0,1.0
"Human vastus lateralis, RE–CON 15–45 min",STIP1,-1.0,-0.206491954185058,-2.13031099726135,neither,high,,high,1.0,1.0
"Human vastus lateralis, RE–CON 15–45 min",STK38L,1.0,7.47426872343722,0.429435793114187,RNA only,mid,,mid,1.0,1.0
"Human vastus lateralis, RE–CON 15–45 min",SUCLA2,1.0,-1.54319404308897,-1.62668821604542,neither,high,,high,1.0,1.0
"Human vastus lateralis, RE–CON 15–45 min",SUN2,-1.0,0.154523739203791,0.886812375305263,neither,high,,high,1.0,1.0
"Human vastus lateralis, RE–CON 15–45 min",SYNE2,-1.0,-0.688552109051018,-0.345374562909426,neither,high,,high,1.0,2.0
"Human vastus lateralis, RE–CON 15–45 min",SYNPO2L,1.0,-1.46452660798987,-0.85135055409759,neither,high,,high,1.0,2.0
"Human vastus lateralis, RE–CON 15–45 min",TAF15,1.0,-2.16579128219159,-0.117165080320247,neither,high,,high,1.0,1.0
"Human vastus lateralis, RE–CON 15–45 min",TAPBPL,1.0,-0.462003679744001,-0.64966263591511,neither,mid,,mid,1.0,1.0
"Human vastus lateralis, RE–CON 15–45 min",TGM2,-1.0,-0.148437364315797,0.574157491551821,neither,high,,high,1.0,1.0
"Human vastus lateralis, RE–CON 15–45 min",THBS1,-1.0,2.99444729254003,0.469804083216805,neither,low,,mid,1.0,1.0
"Human vastus lateralis, RE–CON 15–45 min",THBS4,1.0,-0.0005183562191527,1.95653655124866,neither,high,,high,1.0,1.0
"Human vastus lateralis, RE–CON 15–45 min",THYN1,1.0,-2.62157454812008,0.684248465937834,neither,mid,,high,1.0,1.0
"Human vastus lateralis, RE–CON 15–45 min",TIMP3,-1.0,3.49959191612403,1.37807246414272,RNA only,high,,high,1.0,1.0
"Human vastus lateralis, RE–CON 15–45 min",TLN1,1.0,0.173250951095521,1.00058864791154,neither,high,,high,1.0,1.0
"Human vastus lateralis, RE–CON 15–45 min",TM7SF2,1.0,-1.8610141616852,1.4356959405101,neither,mid,,mid,1.0,1.0
"Human vastus lateralis, RE–CON 15–45 min",TMEM38B,-1.0,-0.420094793343465,0.683875442756086,neither,high,,high,1.0,1.0
"Human vastus lateralis, RE–CON 15–45 min",TNNI1,1.0,-2.42586516494928,-2.35586600287732,neither,high,,high,1.0,1.0
"Human vastus lateralis, RE–CON 15–45 min",TPPP3,1.0,-1.49955030489151,-0.736407184167705,neither,mid,,high,1.0,1.0
"Human vastus lateralis, RE–CON 15–45 min",TPRKB,-1.0,-2.00522827143395,1.33550282669589,neither,mid,,high,1.0,1.0
"Human vastus lateralis, RE–CON 15–45 min",TRDN,-1.0,-1.18911363309917,-0.231446970703004,neither,high,,high,1.0,1.0
"Human vastus lateralis, RE–CON 15–45 min",TRMT5,1.0,0.679050896806737,0.277111476836385,neither,mid,,mid,1.0,1.0
"Human vastus lateralis, RE–CON 15–45 min",TUBA1A,1.0,4.4300928820974,1.50562594692052,RNA only,mid,,mid,1.0,1.0
"Human vastus lateralis, RE–CON 15–45 min",TUBA4A,-1.0,-0.146174217544423,-0.463167547556144,neither,high,,high,1.0,1.0
"Human vastus lateralis, RE–CON 15–45 min",TUBG1,-1.0,0.0746895464645126,0.532614663361264,neither,high,,high,1.0,1.0
"Human vastus lateralis, RE–CON 15–45 min",TXNIP,1.0,1.0143025716654,-0.780143128486316,neither,high,,high,1.0,1.0
"Human vastus lateralis, RE–CON 15–45 min",TXNRD1,-1.0,-0.350069634051095,-1.5296325844415,neither,high,,high,1.0,1.0
"Human vastus lateralis, RE–CON 15–45 min",UAP1,-1.0,0.0218682748183849,1.40726492809237,neither,high,,high,1.0,1.0
"Human vastus lateralis, RE–CON 15–45 min",UBFD1,-1.0,-0.652515858718202,-1.22187180042588,neither,high,,high,1.0,1.0
"Human vastus lateralis, RE–CON 15–45 min",UBQLN2,1.0,-0.722192139200552,2.24178721923936,neither,high,,high,1.0,1.0
"Human vastus lateralis, RE–CON 15–45 min",UFSP2,1.0,0.908867218835967,1.73112836643279,neither,high,,high,1.0,1.0
"Human vastus lateralis, RE–CON 15–45 min",UGP2,-1.0,-0.64070747241158,-1.00480869936675,neither,high,,high,1.0,1.0
"Human vastus lateralis, RE–CON 15–45 min",USP9Y,1.0,0.608009313969663,-0.351284322918927,neither,low,,mid,1.0,1.0
"Human vastus lateralis, RE–CON 15–45 min",VCAN,1.0,-0.38449407125884,1.36234170439296,neither,mid,,low,1.0,1.0
"Human vastus lateralis, RE–CON 15–45 min",VEZF1,-1.0,-1.30432020893733,1.41496229319815,neither,high,,high,1.0,1.0
"Human vastus lateralis, RE–CON 15–45 min",VPS13D,-1.0,-1.17256771591231,-0.802931449594736,neither,high,,high,1.0,1.0
"Human vastus lateralis, RE–CON 15–45 min",WFS1,1.0,-0.848834624865778,-0.378745393537863,neither,mid,,high,1.0,1.0
"Human vastus lateralis, RE–CON 15–45 min",YBX3,-1.0,1.69390165851696,-1.00334380316588,neither,high,,high,1.0,2.0
"Human vastus lateralis, RE–CON 15–45 min",ZBTB16,1.0,2.31120010190795,-1.30794286239779,neither,high,,high,1.0,1.0
"Human vastus lateralis, RE–CON 3.5–4 h",AASS,-1.0,0.235839847811983,-1.36294965633977,neither,mid,,mid,1.0,1.0
"Human vastus lateralis, RE–CON 3.5–4 h",ABCA8,1.0,-1.31472563306981,-2.0541269716489,neither,high,,mid,1.0,1.0
"Human vastus lateralis, RE–CON 3.5–4 h",ABHD5,-1.0,3.23679164305377,-1.87755835041691,RNA only,mid,,mid,1.0,1.0
"Human vastus lateralis, RE–CON 3.5–4 h",ABL1,-1.0,-1.17145757407316,-0.416049169956697,neither,high,,high,1.0,1.0
"Human vastus lateralis, RE–CON 3.5–4 h",ACSS3,-1.0,1.72968246890925,0.483457045555516,neither,mid,,low,1.0,1.0
"Human vastus lateralis, RE–CON 3.5–4 h",ACTA1,-1.0,0.798188437917383,0.385877682995837,neither,high,,high,1.0,1.0
"Human vastus lateralis, RE–CON 3.5–4 h",ADAMTS1,-1.0,3.93750416874083,0.644721182494712,RNA only,high,,high,1.0,1.0
"Human vastus lateralis, RE–CON 3.5–4 h",ADD3,1.0,-1.44058553188003,-0.682463211811041,neither,mid,,mid,1.0,1.0
"Human vastus lateralis, RE–CON 3.5–4 h",ADH1B,-1.0,-1.34356248234626,-0.288230422237864,neither,high,,high,1.0,1.0
"Human vastus lateralis, RE–CON 3.5–4 h",ADH5,1.0,-1.7960123706622,0.718720908568324,neither,high,,high,1.0,1.0
"Human vastus lateralis, RE–CON 3.5–4 h",AKR1C1,-1.0,1.7805142083821,1.5742624926484,neither,mid,,mid,1.0,1.0
"Human vastus lateralis, RE–CON 3.5–4 h",AKR1C2,-1.0,0.993111393775529,1.29273105351993,neither,high,,high,1.0,1.0
"Human vastus lateralis, RE–CON 3.5–4 h",AKR1C3,-1.0,1.48973913582131,0.900842709437554,neither,mid,,high,1.0,1.0
"Human vastus lateralis, RE–CON 3.5–4 h",ALAS1,1.0,1.91909836802795,0.639942734370558,neither,high,,high,1.0,1.0
"Human vastus lateralis, RE–CON 3.5–4 h",ALDH5A1,1.0,-1.44959906133896,-0.655667353460114,neither,high,,high,1.0,1.0
"Human vastus lateralis, RE–CON 3.5–4 h",ALDH9A1,1.0,-0.874006022004725,-0.295111074033954,neither,high,,high,1.0,1.0
"Human vastus lateralis, RE–CON 3.5–4 h",ANK1,1.0,-0.278231152064715,-1.23284387738362,neither,high,,high,1.0,2.0
"Human vastus lateralis, RE–CON 3.5–4 h",ANKMY2,1.0,-2.56404266711002,0.0205674095467221,RNA only,mid,,mid,1.0,1.0
"Human vastus lateralis, RE–CON 3.5–4 h",ANKRD1,-1.0,11.3611212791834,4.20085495383651,"both, same sign",high,,high,1.0,1.0
"Human vastus lateralis, RE–CON 3.5–4 h",ANKRD2,-1.0,2.85862999192798,1.94256297504254,RNA only,high,,high,1.0,1.0
"Human vastus lateralis, RE–CON 3.5–4 h",ANP32E,1.0,-0.185846716633141,0.549953705580671,neither,high,,high,1.0,1.0
"Human vastus lateralis, RE–CON 3.5–4 h",ANXA4,1.0,1.25472946838396,1.13604263333488,neither,mid,,mid,1.0,1.0
"Human vastus lateralis, RE–CON 3.5–4 h",ANXA6,1.0,0.0048315447892142,0.0131231293342729,neither,high,,high,1.0,1.0
"Human vastus lateralis, RE–CON 3.5–4 h",AOX1,-1.0,-0.147125472369751,0.634147128647967,neither,low,,mid,1.0,1.0
"Human vastus lateralis, RE–CON 3.5–4 h",AP1S2,-1.0,5.75482288869606,0.348906119460211,RNA only,high,,high,1.0,1.0
"Human vastus lateralis, RE–CON 3.5–4 h",AP2B1,1.0,1.28063677426723,-0.66283839901994,neither,high,,high,1.0,1.0
"Human vastus lateralis, RE–CON 3.5–4 h",APOD,-1.0,-0.161380551426878,0.866377719363826,neither,high,,high,1.0,1.0
"Human vastus lateralis, RE–CON 3.5–4 h",ARHGDIB,1.0,0.265066331774816,-0.482408986617101,neither,mid,,high,1.0,1.0
"Human vastus lateralis, RE–CON 3.5–4 h",ARMCX1,1.0,9.26763512885857,0.756229261941234,RNA only,mid,,high,1.0,1.0
"Human vastus lateralis, RE–CON 3.5–4 h",ARMCX2,1.0,0.98209309198005,0.27945946671912,neither,mid,,mid,1.0,1.0
"Human vastus lateralis, RE–CON 3.5–4 h",ARMCX3,1.0,7.12390362128015,0.983103549205932,RNA only,high,,high,1.0,1.0
"Human vastus lateralis, RE–CON 3.5–4 h",ASMTL,1.0,0.247562702264832,-0.652882672115767,neither,mid,,mid,2.0,1.0
"Human vastus lateralis, RE–CON 3.5–4 h",ASPN,1.0,1.27967156906605,0.255774010370334,neither,low,,mid,1.0,1.0
"Human vastus lateralis, RE–CON 3.5–4 h",ATP1A1,-1.0,5.8643018005196,-1.30629016377817,RNA only,high,,high,1.0,1.0
"Human vastus lateralis, RE–CON 3.5–4 h",ATP1A2,-1.0,0.775302709006301,-0.708264973359613,neither,high,,high,1.0,1.0
"Human vastus lateralis, RE–CON 3.5–4 h",ATP1B1,-1.0,9.88117640854533,-0.538326776578508,RNA only,high,,high,1.0,1.0
"Human vastus lateralis, RE–CON 3.5–4 h",ATP2A2,-1.0,0.948232624655418,1.01543956891208,neither,high,,high,1.0,3.0
"Human vastus lateralis, RE–CON 3.5–4 h",BAG2,-1.0,0.850042102772458,-0.62221762544893,neither,mid,,mid,1.0,1.0
"Human vastus lateralis, RE–CON 3.5–4 h",BASP1,1.0,0.744697744646607,-0.27246617329975,neither,low,,low,1.0,1.0
"Human vastus lateralis, RE–CON 3.5–4 h",BCL2L1,-1.0,4.83121730855515,-1.13524156542831,RNA only,mid,,high,1.0,1.0
"Human vastus lateralis, RE–CON 3.5–4 h",BGN,1.0,-0.304641363599251,0.547301815133095,neither,mid,,high,1.0,1.0
"Human vastus lateralis, RE–CON 3.5–4 h",BRD4,-1.0,4.65730473389485,0.190111436372644,RNA only,high,,high,1.0,1.0
"Human vastus lateralis, RE–CON 3.5–4 h",C1orf21,-1.0,1.34290305250697,0.722401488437596,neither,high,,high,1.0,1.0
"Human vastus lateralis, RE–CON 3.5–4 h",C3,-1.0,-0.0053416004835574,-0.116100143771034,neither,high,,high,1.0,1.0
"Human vastus lateralis, RE–CON 3.5–4 h",C4A,-1.0,-0.250286282636656,-0.171607048844784,neither,low,,low,1.0,1.0
"Human vastus lateralis, RE–CON 3.5–4 h",C6,1.0,0.140373929324663,0.0883681896336203,neither,low,,low,1.0,1.0
"Human vastus lateralis, RE–CON 3.5–4 h",CALU,-1.0,4.14108298214952,1.72236123230874,RNA only,high,,high,1.0,2.0
"Human vastus lateralis, RE–CON 3.5–4 h",CCT2,-1.0,4.11489477130706,-0.767843366574515,RNA only,high,,high,1.0,1.0
"Human vastus lateralis, RE–CON 3.5–4 h",CD14,-1.0,1.50695382017363,-0.0820910033078073,neither,low,,mid,1.0,1.0
"Human vastus lateralis, RE–CON 3.5–4 h",CD163,-1.0,2.34601493998326,0.169884419445031,neither,low,,mid,1.0,1.0
"Human vastus lateralis, RE–CON 3.5–4 h",CD59,-1.0,5.27856569431205,-1.05169233529926,RNA only,high,,high,1.0,1.0
"Human vastus lateralis, RE–CON 3.5–4 h",CD74,1.0,-0.374944448890494,-1.71606820584017,neither,high,,high,1.0,1.0
"Human vastus lateralis, RE–CON 3.5–4 h",CDC37L1,-1.0,11.0349547390848,1.44880820672905,RNA only,high,,high,1.0,1.0
"Human vastus lateralis, RE–CON 3.5–4 h",CDV3,-1.0,5.57881029481388,2.0646695733848,RNA only,high,,high,1.0,1.0
"Human vastus lateralis, RE–CON 3.5–4 h",CHORDC1,-1.0,7.95373170107044,-0.731785168698431,RNA only,mid,,mid,1.0,1.0
"Human vastus lateralis, RE–CON 3.5–4 h",CILP,1.0,1.1279823600095,-0.853622647152733,neither,high,,mid,1.0,1.0
"Human vastus lateralis, RE–CON 3.5–4 h",CLIC4,-1.0,4.60311873491039,-1.024793611235,RNA only,high,,high,1.0,1.0
"Human vastus lateralis, RE–CON 3.5–4 h",CLIP1,-1.0,8.02436005080627,2.05008695169068,RNA only,high,,high,1.0,1.0
"Human vastus lateralis, RE–CON 3.5–4 h",CLTB,-1.0,3.07991264281949,0.529815043696429,RNA only,high,,high,1.0,1.0
"Human vastus lateralis, RE–CON 3.5–4 h",CLU,-1.0,0.0069598378531557,-0.0231685090365877,neither,high,,high,1.0,1.0
"Human vastus lateralis, RE–CON 3.5–4 h",CMC2,-1.0,2.01200546622277,-1.22268620533436,neither,mid,,mid,1.0,1.0
"Human vastus lateralis, RE–CON 3.5–4 h",CNN1,-1.0,3.55348528862146,0.313223096779519,RNA only,low,,mid,1.0,1.0
"Human vastus lateralis, RE–CON 3.5–4 h",COA4,-1.0,0.62773138327508,0.482497913594576,neither,mid,,high,1.0,1.0
"Human vastus lateralis, RE–CON 3.5–4 h",COBL,-1.0,1.53404360160965,-0.634805871542429,neither,high,,high,1.0,1.0
"Human vastus lateralis, RE–CON 3.5–4 h",COL15A1,1.0,-1.54430919162794,0.605016010299472,neither,high,,mid,1.0,1.0
"Human vastus lateralis, RE–CON 3.5–4 h",COL1A1,1.0,0.076310732762209,-0.78851187180674,neither,high,,mid,1.0,1.0
"Human vastus lateralis, RE–CON 3.5–4 h",COL1A2,1.0,0.0871377490178497,-0.212390459157174,neither,high,,high,1.0,1.0
"Human vastus lateralis, RE–CON 3.5–4 h",COL3A1,1.0,0.117655008411142,-0.491223685748282,neither,high,,high,1.0,1.0
"Human vastus lateralis, RE–CON 3.5–4 h",COX17,-1.0,2.62125911420864,-0.270674953455001,RNA only,high,,high,1.0,1.0
"Human vastus lateralis, RE–CON 3.5–4 h",CPT2,1.0,-2.17730890699091,-0.274337744812666,neither,high,,mid,1.0,1.0
"Human vastus lateralis, RE–CON 3.5–4 h",CRYM,1.0,2.32711547501514,-1.96397168755276,neither,low,,low,1.0,1.0
"Human vastus lateralis, RE–CON 3.5–4 h",CTF1,1.0,-0.353446962839378,0.58271330209302,neither,mid,,mid,1.0,1.0
"Human vastus lateralis, RE–CON 3.5–4 h",CTSD,1.0,1.77962067642321,-0.141100523917679,neither,high,,high,1.0,1.0
"Human vastus lateralis, RE–CON 3.5–4 h",CTSH,1.0,-1.21565392969851,1.45097557586068,neither,mid,,mid,1.0,1.0
"Human vastus lateralis, RE–CON 3.5–4 h",CYP2J2,1.0,3.05924992604358,1.67258093954619,RNA only,mid,,mid,1.0,1.0
"Human vastus lateralis, RE–CON 3.5–4 h",DAZAP1,-1.0,6.27711773008077,-1.91241881478902,RNA only,high,,high,1.0,1.0
"Human vastus lateralis, RE–CON 3.5–4 h",DDX39A,-1.0,4.8230134754157,0.968857767522968,RNA only,mid,,high,1.0,1.0
"Human vastus lateralis, RE–CON 3.5–4 h",DDX3Y,1.0,7.74554461804144,0.858549303309899,RNA only,low,,high,1.0,1.0
"Human vastus lateralis, RE–CON 3.5–4 h",DERL1,-1.0,5.05968234142678,-0.0801668755219654,RNA only,high,,high,1.0,1.0
"Human vastus lateralis, RE–CON 3.5–4 h",DLG1,-1.0,0.435685332955464,1.01015484149871,neither,high,,high,1.0,1.0
"Human vastus lateralis, RE–CON 3.5–4 h",DLST,1.0,1.16708428942197,-0.0071537429842918,neither,high,,high,1.0,1.0
"Human vastus lateralis, RE–CON 3.5–4 h",DMPK,-1.0,2.10464728446973,1.48689862530571,neither,high,,high,1.0,1.0
"Human vastus lateralis, RE–CON 3.5–4 h",DPM1,1.0,0.366725947444692,1.06357167668287,neither,mid,,high,1.0,1.0
"Human vastus lateralis, RE–CON 3.5–4 h",DPYSL3,1.0,1.73440716807385,0.38349802059324,neither,high,,high,1.0,1.0
"Human vastus lateralis, RE–CON 3.5–4 h",DUSP13,-1.0,0.87633622457861,-0.671590881728564,neither,high,,high,1.0,2.0
"Human vastus lateralis, RE–CON 3.5–4 h",DVL1,-1.0,-0.474428398794088,0.760164075955509,neither,high,,high,1.0,1.0
"Human vastus lateralis, RE–CON 3.5–4 h",EFEMP1,1.0,-0.119101216495422,0.569798143421203,neither,mid,,mid,1.0,1.0
"Human vastus lateralis, RE–CON 3.5–4 h",EGLN1,-1.0,10.2451180175062,0.423978074306164,RNA only,high,,high,1.0,1.0
"Human vastus lateralis, RE–CON 3.5–4 h",EHBP1L1,-1.0,2.57168255148549,0.567171885359079,RNA only,high,,high,1.0,1.0
"Human vastus lateralis, RE–CON 3.5–4 h",EHD3,1.0,-0.397933685363332,-0.171770148517548,neither,low,,low,1.0,1.0
"Human vastus lateralis, RE–CON 3.5–4 h",EIF1AX,-1.0,2.92508501201725,0.174674586359211,RNA only,high,,high,1.0,1.0
"Human vastus lateralis, RE–CON 3.5–4 h",EIF1AY,1.0,2.82693354030889,0.554300387753418,RNA only,low,,high,1.0,1.0
"Human vastus lateralis, RE–CON 3.5–4 h",EIF4EBP3,1.0,2.46673653939807,-2.74852327937604,RNA only,mid,,high,1.0,1.0
"Human vastus lateralis, RE–CON 3.5–4 h",EMC2,1.0,0.927945932925246,-0.643362679488866,neither,high,,high,1.0,1.0
"Human vastus lateralis, RE–CON 3.5–4 h",EMC6,-1.0,1.05909194455635,-0.584456567839605,neither,high,,high,1.0,1.0
"Human vastus lateralis, RE–CON 3.5–4 h",EMCN,-1.0,-1.04803058783013,0.2782360779058,neither,mid,,mid,1.0,1.0
"Human vastus lateralis, RE–CON 3.5–4 h",EPB41L2,1.0,2.15745247128738,-0.621385744147512,neither,high,,mid,1.0,1.0
"Human vastus lateralis, RE–CON 3.5–4 h",EPHX2,1.0,-2.84873494960584,0.222424283311817,RNA only,mid,,mid,1.0,1.0
"Human vastus lateralis, RE–CON 3.5–4 h",EPM2AIP1,1.0,3.62264358660911,0.730280262260356,RNA only,high,,mid,1.0,1.0
"Human vastus lateralis, RE–CON 3.5–4 h",ERLIN2,1.0,-4.87409206398606,1.03030212833788,RNA only,high,,mid,1.0,1.0
"Human vastus lateralis, RE–CON 3.5–4 h",EVL,1.0,1.6186756650829,-1.05807863475038,neither,mid,,mid,1.0,1.0
"Human vastus lateralis, RE–CON 3.5–4 h",FASN,-1.0,0.171636692541118,-0.0556712395578399,neither,high,,high,1.0,1.0
"Human vastus lateralis, RE–CON 3.5–4 h",FBLN2,1.0,0.049724449841502,-0.540892293839699,neither,high,,high,1.0,1.0
"Human vastus lateralis, RE–CON 3.5–4 h",FBN1,1.0,-0.460699832448161,-1.80815711976369,neither,high,,mid,1.0,1.0
"Human vastus lateralis, RE–CON 3.5–4 h",FBXO40,1.0,3.80853680219422,-2.00210685494666,RNA only,high,,high,1.0,1.0
"Human vastus lateralis, RE–CON 3.5–4 h",FCGR3B,1.0,0.066569185476726,-1.18319054637992,neither,low,,low,1.0,1.0
"Human vastus lateralis, RE–CON 3.5–4 h",FCGRT,1.0,-1.50315331418823,0.811031132778551,neither,high,,high,1.0,1.0
"Human vastus lateralis, RE–CON 3.5–4 h",FCN3,-1.0,4.58892984664419,-0.521531636307922,RNA only,low,,mid,1.0,1.0
"Human vastus lateralis, RE–CON 3.5–4 h",FERMT2,-1.0,3.79758718892594,0.847042278199455,RNA only,high,,high,1.0,1.0
"Human vastus lateralis, RE–CON 3.5–4 h",FHOD3,1.0,0.266600551056734,-1.12605843887338,neither,high,,high,1.0,1.0
"Human vastus lateralis, RE–CON 3.5–4 h",FKBP4,-1.0,1.78726790419526,-0.0848039218709292,neither,high,,high,1.0,1.0
"Human vastus lateralis, RE–CON 3.5–4 h",FKBP5,-1.0,1.9408822380345,0.17169465257838,neither,high,,high,1.0,1.0
"Human vastus lateralis, RE–CON 3.5–4 h",FLII,-1.0,3.22496373966798,1.11382596184951,RNA only,high,,high,1.0,2.0
"Human vastus lateralis, RE–CON 3.5–4 h",FLNC,-1.0,9.25855852673277,1.43900379193453,RNA only,high,,high,1.0,2.0
"Human vastus lateralis, RE–CON 3.5–4 h",FMOD,1.0,0.311248860257618,0.883631206075691,neither,mid,,mid,1.0,1.0
"Human vastus lateralis, RE–CON 3.5–4 h",FNBP1L,1.0,6.8319875677505,-0.467229816368645,RNA only,high,,mid,1.0,1.0
"Human vastus lateralis, RE–CON 3.5–4 h",FRZB,1.0,0.170778931669507,2.16944999191319,neither,mid,,mid,1.0,1.0
"Human vastus lateralis, RE–CON 3.5–4 h",FSTL1,1.0,0.595189332616076,0.178471892106855,neither,high,,high,1.0,1.0
"Human vastus lateralis, RE–CON 3.5–4 h",FUCA1,1.0,-3.83876932567564,0.0272641869429812,RNA only,mid,,mid,1.0,1.0
"Human vastus lateralis, RE–CON 3.5–4 h",G0S2,-1.0,-2.11674760729191,-2.26453385828694,neither,high,,high,1.0,1.0
"Human vastus lateralis, RE–CON 3.5–4 h",GATM,1.0,-1.8642685763641,0.748014169325397,neither,high,,high,1.0,1.0
"Human vastus lateralis, RE–CON 3.5–4 h",GCLM,-1.0,5.49501022704334,-0.579467860698233,RNA only,mid,,mid,1.0,1.0
"Human vastus lateralis, RE–CON 3.5–4 h",GLOD4,1.0,-0.974216870474961,-1.44402172982284,neither,mid,,high,1.0,1.0
"Human vastus lateralis, RE–CON 3.5–4 h",GLRX,1.0,-3.14025817990327,0.15541837610025,RNA only,mid,,high,1.0,1.0
"Human vastus lateralis, RE–CON 3.5–4 h",GLRX2,-1.0,3.40632587251621,0.11474244275146,RNA only,mid,,high,1.0,1.0
"Human vastus lateralis, RE–CON 3.5–4 h",GLUL,-1.0,6.52259953532785,2.16201563625796,RNA only,high,,high,1.0,1.0
"Human vastus lateralis, RE–CON 3.5–4 h",GMPR,-1.0,-0.655667359145787,-0.95829332948423,neither,high,,high,1.0,1.0
"Human vastus lateralis, RE–CON 3.5–4 h",GNL3,-1.0,4.62609950225066,-1.90747565401872,RNA only,high,,high,1.0,1.0
"Human vastus lateralis, RE–CON 3.5–4 h",GPD1L,-1.0,-0.577706142198712,-0.361545138720434,neither,high,,high,1.0,1.0
"Human vastus lateralis, RE–CON 3.5–4 h",GPX3,-1.0,4.008454972272,-0.460522290271487,RNA only,high,,high,1.0,1.0
"Human vastus lateralis, RE–CON 3.5–4 h",GTPBP6,-1.0,1.76583354958114,-0.315253749042328,neither,high,,high,2.0,1.0
"Human vastus lateralis, RE–CON 3.5–4 h",HBA1,1.0,0.443749675972625,-0.487006431457026,neither,low,,mid,1.0,1.0
"Human vastus lateralis, RE–CON 3.5–4 h",HBB,1.0,-1.16093698678657,-0.510597102033436,neither,low,,high,1.0,1.0
"Human vastus lateralis, RE–CON 3.5–4 h",HLA-B,1.0,1.17971960359857,0.360974071740013,neither,high,,high,1.0,1.0
"Human vastus lateralis, RE–CON 3.5–4 h",HLTF,1.0,-2.40225338417087,-0.0558485886759152,neither,high,,mid,1.0,1.0
"Human vastus lateralis, RE–CON 3.5–4 h",HMGB2,1.0,2.49599014283537,-1.49236615503304,RNA only,mid,,high,1.0,1.0
"Human vastus lateralis, RE–CON 3.5–4 h",HMGCL,1.0,-1.36935562453759,-0.396934590528736,neither,high,,high,1.0,1.0
"Human vastus lateralis, RE–CON 3.5–4 h",HMGN1,1.0,0.561581627039986,-0.217335548043843,neither,mid,,mid,1.0,1.0
"Human vastus lateralis, RE–CON 3.5–4 h",HMGN2,1.0,0.699929063747752,-0.174928604752095,neither,high,,high,1.0,1.0
"Human vastus lateralis, RE–CON 3.5–4 h",HMOX2,-1.0,-0.428298454920107,-0.331101112462225,neither,mid,,mid,1.0,1.0
"Human vastus lateralis, RE–CON 3.5–4 h",HOPX,-1.0,0.120269662218897,0.710867672606547,neither,mid,,mid,1.0,1.0
"Human vastus lateralis, RE–CON 3.5–4 h",HPRT1,1.0,1.51068325499511,-1.3056309700757,neither,mid,,high,1.0,1.0
"Human vastus lateralis, RE–CON 3.5–4 h",HSP90AA1,-1.0,3.09012577687634,1.4154129589032,RNA only,high,,high,1.0,1.0
"Human vastus lateralis, RE–CON 3.5–4 h",HSPA2,1.0,3.66926950373527,1.02205893714251,RNA only,high,,high,1.0,1.0
"Human vastus lateralis, RE–CON 3.5–4 h",HSPA5,1.0,7.67000279049328,0.429121442674006,RNA only,high,,high,1.0,1.0
"Human vastus lateralis, RE–CON 3.5–4 h",HSPB2,-1.0,1.02104193110449,0.396937818122494,neither,high,,high,1.0,1.0
"Human vastus lateralis, RE–CON 3.5–4 h",HSPB6,1.0,1.30748229313421,1.10335905440747,neither,high,,high,1.0,1.0
"Human vastus lateralis, RE–CON 3.5–4 h",HTRA1,1.0,-0.729401186424845,1.1396350625288,neither,mid,,high,1.0,1.0
"Human vastus lateralis, RE–CON 3.5–4 h",IFIT1,1.0,-5.23065672519284,-0.654598283393759,RNA only,high,,low,1.0,1.0
"Human vastus lateralis, RE–CON 3.5–4 h",IFIT3,1.0,-2.49353166324387,0.142544737231306,RNA only,mid,,mid,1.0,1.0
"Human vastus lateralis, RE–CON 3.5–4 h",IGHG2,-1.0,1.54907239656486,0.205730276563801,neither,low,,low,1.0,1.0
"Human vastus lateralis, RE–CON 3.5–4 h",IL32,1.0,1.72738993749762,-1.01367993342301,neither,high,,high,1.0,1.0
"Human vastus lateralis, RE–CON 3.5–4 h",IRS1,-1.0,-1.84847902834421,0.43745349458784,neither,high,,mid,1.0,1.0
"Human vastus lateralis, RE–CON 3.5–4 h",ISLR,1.0,-0.947173232441508,-0.391906770713407,neither,mid,,mid,1.0,1.0
"Human vastus lateralis, RE–CON 3.5–4 h",ITGA5,-1.0,4.52530993051193,-0.605518941603537,RNA only,mid,,high,1.0,1.0
"Human vastus lateralis, RE–CON 3.5–4 h",IVNS1ABP,1.0,5.26272854941106,-0.854509036048107,RNA only,high,,high,1.0,1.0
"Human vastus lateralis, RE–CON 3.5–4 h",JUP,-1.0,-3.51803333958706,0.605402920572071,RNA only,high,,high,1.0,1.0
"Human vastus lateralis, RE–CON 3.5–4 h",KCTD12,-1.0,2.40289596151212,0.303686393991525,neither,high,,mid,1.0,1.0
"Human vastus lateralis, RE–CON 3.5–4 h",KLHL21,-1.0,1.31126244007406,0.451664604787075,neither,high,,high,1.0,1.0
"Human vastus lateralis, RE–CON 3.5–4 h",KLHL41,-1.0,5.72419870967275,0.381752780419072,RNA only,high,,high,1.0,1.0
"Human vastus lateralis, RE–CON 3.5–4 h",LAMB1,1.0,2.44276604807066,-0.355744166042601,RNA only,high,,high,1.0,1.0
"Human vastus lateralis, RE–CON 3.5–4 h",LMCD1,-1.0,9.28633300757203,2.25753302126073,RNA only,high,,high,1.0,1.0
"Human vastus lateralis, RE–CON 3.5–4 h",LPIN1,-1.0,2.54203281521714,0.320611378295236,RNA only,high,,high,1.0,1.0
"Human vastus lateralis, RE–CON 3.5–4 h",LRRC59,-1.0,3.73125032270168,-0.230481808304801,RNA only,mid,,high,1.0,1.0
"Human vastus lateralis, RE–CON 3.5–4 h",LSP1,1.0,1.18760626986428,0.785706245117856,neither,mid,,mid,1.0,1.0
"Human vastus lateralis, RE–CON 3.5–4 h",LTBP1,1.0,-1.09735274237402,-1.80346257151816,neither,high,,mid,1.0,1.0
"Human vastus lateralis, RE–CON 3.5–4 h",LTBP2,1.0,0.867599904570827,0.573012987889391,neither,high,,mid,1.0,1.0
"Human vastus lateralis, RE–CON 3.5–4 h",LUM,1.0,0.320299998646617,0.471869222175765,neither,mid,,mid,1.0,1.0
"Human vastus lateralis, RE–CON 3.5–4 h",LYVE1,-1.0,1.47331252048482,-0.0076940809525166,neither,low,,mid,1.0,1.0
"Human vastus lateralis, RE–CON 3.5–4 h",MAGED1,1.0,-1.42978406096391,1.06705422228222,neither,high,,high,1.0,1.0
"Human vastus lateralis, RE–CON 3.5–4 h",MAGED2,1.0,-0.66871290176624,1.69441039624322,neither,high,,high,1.0,1.0
"Human vastus lateralis, RE–CON 3.5–4 h",MAP1LC3B,-1.0,5.00186622078451,2.6408933317112,RNA only,high,,high,1.0,1.0
"Human vastus lateralis, RE–CON 3.5–4 h",MAP2K1,-1.0,1.13696575754601,1.6130829841171,neither,high,,high,1.0,1.0
"Human vastus lateralis, RE–CON 3.5–4 h",MARK3,-1.0,2.38108648200869,-0.983745223666902,neither,high,,high,1.0,1.0
"Human vastus lateralis, RE–CON 3.5–4 h",MATN2,1.0,-0.345562006119306,-0.647479781784908,neither,mid,,low,1.0,1.0
"Human vastus lateralis, RE–CON 3.5–4 h",MCM6,1.0,-2.53413156084576,-2.6210745148745,RNA only,mid,,mid,1.0,1.0
"Human vastus lateralis, RE–CON 3.5–4 h",MFAP4,1.0,-0.719379222313867,-0.995293598826203,neither,mid,,high,1.0,1.0
"Human vastus lateralis, RE–CON 3.5–4 h",MID1IP1,-1.0,-3.27913467084795,-0.131758154158887,RNA only,high,,high,1.0,1.0
"Human vastus lateralis, RE–CON 3.5–4 h",MKNK2,-1.0,8.64084860026567,-0.59101841093316,RNA only,high,,high,1.0,1.0
"Human vastus lateralis, RE–CON 3.5–4 h",MNDA,1.0,0.98753068719845,0.677664146287672,neither,low,,low,1.0,1.0
"Human vastus lateralis, RE–CON 3.5–4 h",MPI,1.0,-0.823189777255328,1.1603333581894,neither,high,,high,1.0,1.0
"Human vastus lateralis, RE–CON 3.5–4 h",MRPL34,-1.0,-0.175235503888111,-1.7341550315217,neither,high,,high,1.0,1.0
"Human vastus lateralis, RE–CON 3.5–4 h",MT1X,-1.0,2.65953517735732,-0.676003369419007,RNA only,high,,high,1.0,1.0
"Human vastus lateralis, RE–CON 3.5–4 h",MTCH1,-1.0,2.10150339676791,-0.73949452882727,neither,high,,high,1.0,1.0
"Human vastus lateralis, RE–CON 3.5–4 h",MTHFD2,-1.0,1.85304572731318,0.619434493768892,neither,mid,,high,1.0,1.0
"Human vastus lateralis, RE–CON 3.5–4 h",MTR,1.0,2.17733444730154,-0.234794374065505,neither,high,,high,1.0,1.0
"Human vastus lateralis, RE–CON 3.5–4 h",MX1,1.0,-4.93901797049102,3.32175757564111,RNA only,mid,,mid,1.0,1.0
"Human vastus lateralis, RE–CON 3.5–4 h",MX2,1.0,-4.0882134279263,0.880815714711578,RNA only,low,,low,1.0,1.0
"Human vastus lateralis, RE–CON 3.5–4 h",MYOM2,1.0,5.28914763842376,0.107781264927214,RNA only,high,,high,1.0,1.0
"Human vastus lateralis, RE–CON 3.5–4 h",MYOT,-1.0,5.86248663679656,0.615708586834153,RNA only,high,,high,1.0,1.0
"Human vastus lateralis, RE–CON 3.5–4 h",NAA15,-1.0,6.27306920427392,0.769544733511555,RNA only,high,,mid,1.0,1.0
"Human vastus lateralis, RE–CON 3.5–4 h",NAMPT,-1.0,2.76965927175879,-0.934581122833728,RNA only,high,,high,1.0,1.0
"Human vastus lateralis, RE–CON 3.5–4 h",NCAM1,-1.0,0.55094033460911,0.144992319018823,neither,mid,,mid,1.0,1.0
"Human vastus lateralis, RE–CON 3.5–4 h",NCF2,1.0,1.22369853569583,1.0925361734998,neither,low,,low,1.0,1.0
"Human vastus lateralis, RE–CON 3.5–4 h",NID1,-1.0,-0.885739835840397,-0.921561943732241,neither,high,,high,1.0,1.0
"Human vastus lateralis, RE–CON 3.5–4 h",NIT2,1.0,0.295625439168424,0.357133999942324,neither,high,,mid,1.0,1.0
"Human vastus lateralis, RE–CON 3.5–4 h",NNMT,-1.0,4.49030710540776,0.94077774932494,RNA only,low,,high,1.0,1.0
"Human vastus lateralis, RE–CON 3.5–4 h",NQO2,-1.0,2.78246050016318,-0.175402130665749,RNA only,high,,mid,1.0,1.0
"Human vastus lateralis, RE–CON 3.5–4 h",NRAP,-1.0,6.09081827659339,2.82726839153043,RNA only,high,,high,1.0,1.0
"Human vastus lateralis, RE–CON 3.5–4 h",NUCB2,1.0,-2.02186646027666,0.323110124427328,neither,mid,,mid,1.0,1.0
"Human vastus lateralis, RE–CON 3.5–4 h",NUDT3,1.0,-1.36376638794019,0.1390467701465,neither,high,,high,1.0,1.0
"Human vastus lateralis, RE–CON 3.5–4 h",NUDT4,-1.0,12.2732460194744,1.82935592223807,RNA only,high,,high,1.0,1.0
"Human vastus lateralis, RE–CON 3.5–4 h",NUP37,1.0,-4.08746386953386,-0.268592737237781,RNA only,mid,,mid,1.0,1.0
"Human vastus lateralis, RE–CON 3.5–4 h",OGDH,-1.0,0.301861870264941,-0.703121477459533,neither,high,,high,1.0,1.0
"Human vastus lateralis, RE–CON 3.5–4 h",OGN,1.0,-0.659773086883742,0.438211779276441,neither,low,,low,1.0,1.0
"Human vastus lateralis, RE–CON 3.5–4 h",OLFML3,1.0,-0.669890792862143,0.195242677097427,neither,mid,,mid,1.0,1.0
"Human vastus lateralis, RE–CON 3.5–4 h",PALLD,-1.0,1.86281358345533,1.6990849544745,neither,high,,high,1.0,1.0
"Human vastus lateralis, RE–CON 3.5–4 h",PALMD,1.0,7.33732349710853,0.997290075138942,RNA only,high,,high,1.0,1.0
"Human vastus lateralis, RE–CON 3.5–4 h",PCCB,1.0,-0.89925048254932,-0.984494984811857,neither,high,,high,1.0,1.0
"Human vastus lateralis, RE–CON 3.5–4 h",PCNT,-1.0,9.31825410211785,1.48176054762264,RNA only,high,,high,1.0,1.0
"Human vastus lateralis, RE–CON 3.5–4 h",PCOLCE,1.0,-0.114472118241863,0.260773572537254,neither,mid,,mid,1.0,1.0
"Human vastus lateralis, RE–CON 3.5–4 h",PDK4,1.0,7.3106512554406,5.48876695796158,"both, same sign",high,,high,1.0,1.0
"Human vastus lateralis, RE–CON 3.5–4 h",PDLIM3,1.0,5.49848135739546,0.843550254373665,RNA only,high,,high,1.0,2.0
"Human vastus lateralis, RE–CON 3.5–4 h",PKM,1.0,-0.248377886327375,-0.678658328991551,neither,high,,high,1.0,2.0
"Human vastus lateralis, RE–CON 3.5–4 h",PLA2G2A,-1.0,0.939043090794828,0.573198017799861,neither,low,,high,1.0,1.0
"Human vastus lateralis, RE–CON 3.5–4 h",PLA2G4C,1.0,3.59807655330055,-0.353454847646162,RNA only,high,,high,1.0,1.0
"Human vastus lateralis, RE–CON 3.5–4 h",PLIN2,-1.0,6.59589392318745,-0.64566107454461,RNA only,high,,high,1.0,1.0
"Human vastus lateralis, RE–CON 3.5–4 h",PODXL,-1.0,4.73062349850209,0.386050563357977,RNA only,high,,mid,1.0,1.0
"Human vastus lateralis, RE–CON 3.5–4 h",POGLUT1,-1.0,1.83450158049045,0.716785818190988,neither,low,,mid,1.0,1.0
"Human vastus lateralis, RE–CON 3.5–4 h",POLE3,-1.0,-0.315118594427624,-0.325319354163033,neither,high,,high,1.0,1.0
"Human vastus lateralis, RE–CON 3.5–4 h",POLR1D,-1.0,-0.413552529792462,0.571056758994697,neither,high,,high,1.0,1.0
"Human vastus lateralis, RE–CON 3.5–4 h",POR,-1.0,5.82205788739672,0.864184999889638,RNA only,mid,,high,1.0,1.0
"Human vastus lateralis, RE–CON 3.5–4 h",PPL,-1.0,0.608536265273432,-0.19267256128292,neither,mid,,mid,1.0,1.0
"Human vastus lateralis, RE–CON 3.5–4 h",PPP1R12B,1.0,0.565868757534622,2.27471100366944,neither,high,,high,1.0,2.0
"Human vastus lateralis, RE–CON 3.5–4 h",PPP1R3C,1.0,2.60766950589973,0.111876129270202,RNA only,high,,high,1.0,1.0
"Human vastus lateralis, RE–CON 3.5–4 h",PPT1,1.0,-1.80642984594946,-1.20669227571473,neither,mid,,mid,1.0,1.0
"Human vastus lateralis, RE–CON 3.5–4 h",PRDX4,1.0,0.514273502217379,-0.611391964203705,neither,mid,,high,1.0,1.0
"Human vastus lateralis, RE–CON 3.5–4 h",PRDX6,-1.0,0.81901312715845,-0.364068045649751,neither,high,,high,1.0,1.0
"Human vastus lateralis, RE–CON 3.5–4 h",PSMB10,1.0,-0.453433584907747,-0.275737843387387,neither,mid,,high,1.0,1.0
"Human vastus lateralis, RE–CON 3.5–4 h",PSME4,-1.0,5.36267201395713,-0.642979906267744,RNA only,high,,high,1.0,1.0
"Human vastus lateralis, RE–CON 3.5–4 h",PSPH,-1.0,-1.08873153096082,0.476643478874205,neither,low,,mid,1.0,1.0
"Human vastus lateralis, RE–CON 3.5–4 h",PTP4A2,-1.0,-0.080771507442925,-0.220964062935706,neither,high,,high,1.0,1.0
"Human vastus lateralis, RE–CON 3.5–4 h",PTP4A3,-1.0,1.60210522103444,0.125811954580322,neither,high,,high,1.0,1.0
"Human vastus lateralis, RE–CON 3.5–4 h",PXMP2,-1.0,-0.791608648755928,1.28173991154389,neither,mid,,high,1.0,1.0
"Human vastus lateralis, RE–CON 3.5–4 h",RAB9A,-1.0,3.63716086495038,0.998891300342494,RNA only,mid,,mid,1.0,1.0
"Human vastus lateralis, RE–CON 3.5–4 h",RABAC1,-1.0,0.66895382901444,-0.834180977206036,neither,mid,,high,1.0,1.0
"Human vastus lateralis, RE–CON 3.5–4 h",RANGAP1,-1.0,1.18843969759888,-1.24045944268076,neither,high,,high,1.0,1.0
"Human vastus lateralis, RE–CON 3.5–4 h",RBFOX1,-1.0,0.498107563764877,-0.463890455688297,neither,high,,high,1.0,1.0
"Human vastus lateralis, RE–CON 3.5–4 h",RBM10,1.0,4.39857026070208,-1.04007414499626,RNA only,high,,high,1.0,1.0
"Human vastus lateralis, RE–CON 3.5–4 h",RBP4,-1.0,-0.74135729981417,-0.131990136932498,neither,low,,low,1.0,1.0
"Human vastus lateralis, RE–CON 3.5–4 h",RCAN1,-1.0,7.3764906275807,0.66912494068321,RNA only,mid,,mid,1.0,1.0
"Human vastus lateralis, RE–CON 3.5–4 h",RHOC,-1.0,3.91033302320737,-1.31136998364864,RNA only,mid,,high,1.0,1.0
"Human vastus lateralis, RE–CON 3.5–4 h",RHOT1,-1.0,-4.4174201256673,0.151579346296701,RNA only,high,,high,1.0,1.0
"Human vastus lateralis, RE–CON 3.5–4 h",RNF14,-1.0,0.708003711043406,-0.140177207313924,neither,high,,high,1.0,1.0
"Human vastus lateralis, RE–CON 3.5–4 h",RNF146,1.0,9.50069603753183,1.06971277340102,RNA only,high,,high,1.0,1.0
"Human vastus lateralis, RE–CON 3.5–4 h",RWDD1,-1.0,1.45035409812831,1.15330846648617,neither,high,,high,1.0,1.0
"Human vastus lateralis, RE–CON 3.5–4 h",S100A8,-1.0,1.0566796687804,0.21394177132231,neither,low,,mid,1.0,1.0
"Human vastus lateralis, RE–CON 3.5–4 h",S100A9,-1.0,1.29191029880309,0.545263863585866,neither,low,,high,1.0,1.0
"Human vastus lateralis, RE–CON 3.5–4 h",SAA2,-1.0,1.60121640391162,1.52907526712887,neither,low,,mid,1.0,1.0
"Human vastus lateralis, RE–CON 3.5–4 h",SAMHD1,-1.0,-0.649446955709206,-0.276997572227618,neither,high,,high,1.0,1.0
"Human vastus lateralis, RE–CON 3.5–4 h",SEC31A,1.0,3.91137938840766,0.97481899867808,RNA only,high,,high,1.0,1.0
"Human vastus lateralis, RE–CON 3.5–4 h",SEC61A1,-1.0,12.4894052105455,-1.08541567689118,RNA only,high,,high,1.0,1.0
"Human vastus lateralis, RE–CON 3.5–4 h",SERPINA3,-1.0,1.90577750367906,-0.373669252725919,neither,low,,mid,1.0,1.0
"Human vastus lateralis, RE–CON 3.5–4 h",SFRP1,1.0,0.858793451548096,0.51872584762315,neither,low,,low,1.0,1.0
"Human vastus lateralis, RE–CON 3.5–4 h",SH3BGR,-1.0,2.9198703207977,0.480169536795347,RNA only,high,,high,1.0,1.0
"Human vastus lateralis, RE–CON 3.5–4 h",SH3BGRL,1.0,-0.98872469576854,-1.09032087434748,neither,mid,,mid,1.0,1.0
"Human vastus lateralis, RE–CON 3.5–4 h",SLC1A3,-1.0,-0.729381618337701,1.78455825877224,neither,high,,mid,1.0,1.0
"Human vastus lateralis, RE–CON 3.5–4 h",SLC25A11,1.0,-1.03226334954652,-0.167528408154168,neither,high,,high,1.0,1.0
"Human vastus lateralis, RE–CON 3.5–4 h",SLC25A12,-1.0,-1.0689145567532,0.152236137299934,neither,high,,high,1.0,1.0
"Human vastus lateralis, RE–CON 3.5–4 h",SLC25A20,1.0,-2.52810312495017,0.122777565624357,RNA only,high,,high,1.0,1.0
"Human vastus lateralis, RE–CON 3.5–4 h",SNRPB,-1.0,3.00292135019131,-0.46343533730813,RNA only,high,,high,1.0,1.0
"Human vastus lateralis, RE–CON 3.5–4 h",SORT1,-1.0,7.7748211190436,1.92259600612708,RNA only,high,,high,1.0,1.0
"Human vastus lateralis, RE–CON 3.5–4 h",SOS1,-1.0,-3.03971089122199,0.25420928193552,RNA only,high,,high,1.0,1.0
"Human vastus lateralis, RE–CON 3.5–4 h",SPARC,1.0,0.176343301564477,0.121083999263136,neither,high,,high,1.0,1.0
"Human vastus lateralis, RE–CON 3.5–4 h",SPATA20,1.0,-1.79878646516894,-1.39128012353119,neither,high,,high,1.0,1.0
"Human vastus lateralis, RE–CON 3.5–4 h",SRGN,-1.0,3.94158190912873,-0.652240455271527,RNA only,mid,,high,1.0,1.0
"Human vastus lateralis, RE–CON 3.5–4 h",SSPN,1.0,0.343018163759514,-1.40468443948141,neither,high,,high,1.0,1.0
"Human vastus lateralis, RE–CON 3.5–4 h",STAT3,-1.0,3.96614743743271,-0.580003358136328,RNA only,high,,high,1.0,2.0
"Human vastus lateralis, RE–CON 3.5–4 h",STEAP3,-1.0,-4.41398025193407,0.625061255051228,RNA only,high,,high,1.0,1.0
"Human vastus lateralis, RE–CON 3.5–4 h",STIP1,-1.0,2.43189886656384,-0.0268436319112516,RNA only,high,,high,1.0,1.0
"Human vastus lateralis, RE–CON 3.5–4 h",STK38L,1.0,4.02571831225208,0.35194078659609,RNA only,mid,,mid,1.0,1.0
"Human vastus lateralis, RE–CON 3.5–4 h",SUCLA2,1.0,0.362705071634268,-0.294255055365837,neither,high,,high,1.0,1.0
"Human vastus lateralis, RE–CON 3.5–4 h",SUN2,-1.0,3.96069213185935,-0.264571085360834,RNA only,high,,high,1.0,1.0
"Human vastus lateralis, RE–CON 3.5–4 h",SYNE2,-1.0,-3.25712288315768,1.11138890744153,RNA only,high,,high,1.0,2.0
"Human vastus lateralis, RE–CON 3.5–4 h",SYNPO2L,1.0,2.23741888518302,1.14478376263534,neither,high,,high,1.0,2.0
"Human vastus lateralis, RE–CON 3.5–4 h",TAF15,1.0,0.679708418543904,0.372386976680965,neither,high,,high,1.0,1.0
"Human vastus lateralis, RE–CON 3.5–4 h",TAPBPL,1.0,-2.49353266848333,0.414559572906093,RNA only,mid,,mid,1.0,1.0
"Human vastus lateralis, RE–CON 3.5–4 h",TGM2,-1.0,1.14410683520757,-1.01313238965089,neither,high,,high,1.0,1.0
"Human vastus lateralis, RE–CON 3.5–4 h",THBS1,-1.0,4.7685598464766,-1.10350316221293,RNA only,low,,mid,1.0,1.0
"Human vastus lateralis, RE–CON 3.5–4 h",THBS4,1.0,2.28198888807405,-0.418003491961803,neither,high,,high,1.0,1.0
"Human vastus lateralis, RE–CON 3.5–4 h",THYN1,1.0,-1.50826984882336,-0.417853079130731,neither,mid,,high,1.0,1.0
"Human vastus lateralis, RE–CON 3.5–4 h",TIMP3,-1.0,4.88178531391123,0.288492687767298,RNA only,high,,high,1.0,1.0
"Human vastus lateralis, RE–CON 3.5–4 h",TLN1,1.0,1.33640819990788,-1.57335783211141,neither,high,,high,1.0,1.0
"Human vastus lateralis, RE–CON 3.5–4 h",TM7SF2,1.0,-2.21215984656086,0.064651752453064,neither,mid,,mid,1.0,1.0
"Human vastus lateralis, RE–CON 3.5–4 h",TMEM38B,-1.0,6.44003726519765,-0.269751436253273,RNA only,high,,high,1.0,1.0
"Human vastus lateralis, RE–CON 3.5–4 h",TNNI1,1.0,1.02356763769226,-0.0847033220802196,neither,high,,high,1.0,1.0
"Human vastus lateralis, RE–CON 3.5–4 h",TPPP3,1.0,1.16968974319778,-1.47515869890246,neither,mid,,high,1.0,1.0
"Human vastus lateralis, RE–CON 3.5–4 h",TPRKB,-1.0,-1.6047145379805,0.183607449062002,neither,mid,,high,1.0,1.0
"Human vastus lateralis, RE–CON 3.5–4 h",TRDN,-1.0,1.84653791490602,-0.317984965388756,neither,high,,high,1.0,1.0
"Human vastus lateralis, RE–CON 3.5–4 h",TRMT5,1.0,3.43160738690284,-1.81001918217684,RNA only,mid,,mid,1.0,1.0
"Human vastus lateralis, RE–CON 3.5–4 h",TUBA1A,1.0,2.35988036971111,-0.827808951080384,neither,mid,,mid,1.0,1.0
"Human vastus lateralis, RE–CON 3.5–4 h",TUBA4A,-1.0,3.21566651122212,0.492962574521852,RNA only,high,,high,1.0,1.0
"Human vastus lateralis, RE–CON 3.5–4 h",TUBG1,-1.0,-1.52547772743934,-1.53354759901727,neither,high,,high,1.0,1.0
"Human vastus lateralis, RE–CON 3.5–4 h",TXNIP,1.0,-4.24136310282943,-3.60438024178762,RNA only,high,,high,1.0,1.0
"Human vastus lateralis, RE–CON 3.5–4 h",TXNRD1,-1.0,-0.203989604921407,0.520389011853071,neither,high,,high,1.0,1.0
"Human vastus lateralis, RE–CON 3.5–4 h",UAP1,-1.0,1.41641416601242,1.18275421853175,neither,high,,high,1.0,1.0
"Human vastus lateralis, RE–CON 3.5–4 h",UBFD1,-1.0,-2.01159008604175,-0.453584612083161,neither,high,,high,1.0,1.0
"Human vastus lateralis, RE–CON 3.5–4 h",UBQLN2,1.0,0.57623277058259,-0.709875747951733,neither,high,,high,1.0,1.0
"Human vastus lateralis, RE–CON 3.5–4 h",UFSP2,1.0,0.336528532915978,1.00243152594164,neither,high,,high,1.0,1.0
"Human vastus lateralis, RE–CON 3.5–4 h",UGP2,-1.0,5.52624169799958,0.129845541882081,RNA only,high,,high,1.0,1.0
"Human vastus lateralis, RE–CON 3.5–4 h",USP9Y,1.0,0.0775482079277735,0.0393869495837137,neither,low,,mid,1.0,1.0
"Human vastus lateralis, RE–CON 3.5–4 h",VCAN,1.0,1.32976498661932,0.154409128190498,neither,mid,,low,1.0,1.0
"Human vastus lateralis, RE–CON 3.5–4 h",VEZF1,-1.0,-5.01606009075743,-0.551041620782463,RNA only,high,,high,1.0,1.0
"Human vastus lateralis, RE–CON 3.5–4 h",VPS13D,-1.0,2.87173328373307,-0.331363514558535,RNA only,high,,high,1.0,1.0
"Human vastus lateralis, RE–CON 3.5–4 h",WFS1,1.0,-4.07793145539483,-0.373015643252901,RNA only,mid,,high,1.0,1.0
"Human vastus lateralis, RE–CON 3.5–4 h",YBX3,-1.0,3.18996586164995,0.32750241101437,RNA only,high,,high,1.0,2.0
"Human vastus lateralis, RE–CON 3.5–4 h",ZBTB16,1.0,6.04870667566165,-0.563424526290743,RNA only,high,,high,1.0,1.0
"Human vastus lateralis, RE–CON 24 h",AASS,-1.0,-2.96539646566761,-2.16084629912673,RNA only,mid,,mid,1.0,1.0
"Human vastus lateralis, RE–CON 24 h",ABCA8,1.0,-0.999351724806844,1.0378789103207,neither,high,,mid,1.0,1.0
"Human vastus lateralis, RE–CON 24 h",ABHD5,-1.0,-0.85985612933818,-0.292532328278588,neither,mid,,mid,1.0,1.0
"Human vastus lateralis, RE–CON 24 h",ABL1,-1.0,-3.79914316866545,-0.882152178454201,RNA only,high,,high,1.0,1.0
"Human vastus lateralis, RE–CON 24 h",ACSS3,-1.0,4.90767449885307,0.856486473457338,RNA only,mid,,low,1.0,1.0
"Human vastus lateralis, RE–CON 24 h",ACTA1,-1.0,0.372561723950711,-1.23011079935638,neither,high,,high,1.0,1.0
"Human vastus lateralis, RE–CON 24 h",ADAMTS1,-1.0,1.56562660953591,2.36634847291595,neither,high,,high,1.0,1.0
"Human vastus lateralis, RE–CON 24 h",ADD3,1.0,-1.23837013025336,-0.561576551123003,neither,mid,,mid,1.0,1.0
"Human vastus lateralis, RE–CON 24 h",ADH1B,-1.0,-1.09316639866432,0.867579456684896,neither,high,,high,1.0,1.0
"Human vastus lateralis, RE–CON 24 h",ADH5,1.0,-4.17248487246406,0.146316682749914,RNA only,high,,high,1.0,1.0
"Human vastus lateralis, RE–CON 24 h",AKR1C1,-1.0,2.41126500587031,-1.54180218077824,neither,mid,,mid,1.0,1.0
"Human vastus lateralis, RE–CON 24 h",AKR1C2,-1.0,-0.23089712721031,-0.719675241269251,neither,high,,high,1.0,1.0
"Human vastus lateralis, RE–CON 24 h",AKR1C3,-1.0,-1.37079860713917,-2.23687561009438,neither,mid,,high,1.0,1.0
"Human vastus lateralis, RE–CON 24 h",ALAS1,1.0,3.28581690222932,2.69980616873946,RNA only,high,,high,1.0,1.0
"Human vastus lateralis, RE–CON 24 h",ALDH5A1,1.0,-3.72574553093607,-1.9157421457071,RNA only,high,,high,1.0,1.0
"Human vastus lateralis, RE–CON 24 h",ALDH9A1,1.0,-3.47346744781796,0.129778193333702,RNA only,high,,high,1.0,1.0
"Human vastus lateralis, RE–CON 24 h",ANK1,1.0,3.22615774754351,0.705882276211856,RNA only,high,,high,1.0,2.0
"Human vastus lateralis, RE–CON 24 h",ANKMY2,1.0,-0.773742418161415,-0.892395430544966,neither,mid,,mid,1.0,1.0
"Human vastus lateralis, RE–CON 24 h",ANKRD1,-1.0,4.53778357564398,6.81175988846634,"both, same sign",high,,high,1.0,1.0
"Human vastus lateralis, RE–CON 24 h",ANKRD2,-1.0,7.76676326537243,-1.5830750395721,RNA only,high,,high,1.0,1.0
"Human vastus lateralis, RE–CON 24 h",ANP32E,1.0,-1.22191954215041,-0.401545855822068,neither,high,,high,1.0,1.0
"Human vastus lateralis, RE–CON 24 h",ANXA4,1.0,2.61448409361473,1.24303455732196,RNA only,mid,,mid,1.0,1.0
"Human vastus lateralis, RE–CON 24 h",ANXA6,1.0,2.21345754088695,0.755824946025491,neither,high,,high,1.0,1.0
"Human vastus lateralis, RE–CON 24 h",AOX1,-1.0,-1.35146897744179,1.7394195286335,neither,low,,mid,1.0,1.0
"Human vastus lateralis, RE–CON 24 h",AP1S2,-1.0,6.45367081211621,2.07944680230095,RNA only,high,,high,1.0,1.0
"Human vastus lateralis, RE–CON 24 h",AP2B1,1.0,-2.67279464763026,0.894183020096741,RNA only,high,,high,1.0,1.0
"Human vastus lateralis, RE–CON 24 h",APOD,-1.0,1.01468127552628,0.516006584184571,neither,high,,high,1.0,1.0
"Human vastus lateralis, RE–CON 24 h",ARHGDIB,1.0,0.335218421194363,-1.03812395368161,neither,mid,,high,1.0,1.0
"Human vastus lateralis, RE–CON 24 h",ARMCX1,1.0,5.29016008228754,1.28778439630157,RNA only,mid,,high,1.0,1.0
"Human vastus lateralis, RE–CON 24 h",ARMCX2,1.0,5.356907844452,-0.305173132675487,RNA only,mid,,mid,1.0,1.0
"Human vastus lateralis, RE–CON 24 h",ARMCX3,1.0,4.92811926434714,0.493239365475314,RNA only,high,,high,1.0,1.0
"Human vastus lateralis, RE–CON 24 h",ASMTL,1.0,-1.5645081439482,-1.53729179989558,neither,mid,,mid,2.0,1.0
"Human vastus lateralis, RE–CON 24 h",ASPN,1.0,0.174694545397884,0.449249695432264,neither,low,,mid,1.0,1.0
"Human vastus lateralis, RE–CON 24 h",ATP1A1,-1.0,3.40709588700037,-0.361604162736035,RNA only,high,,high,1.0,1.0
"Human vastus lateralis, RE–CON 24 h",ATP1A2,-1.0,-2.67000273360851,-0.897626990605819,RNA only,high,,high,1.0,1.0
"Human vastus lateralis, RE–CON 24 h",ATP1B1,-1.0,4.36054705394766,-0.443146194883014,RNA only,high,,high,1.0,1.0
"Human vastus lateralis, RE–CON 24 h",ATP2A2,-1.0,-2.62840041146131,-2.85793310515404,RNA only,high,,high,1.0,3.0
"Human vastus lateralis, RE–CON 24 h",BAG2,-1.0,0.0317059288725011,1.25594941225132,neither,mid,,mid,1.0,1.0
"Human vastus lateralis, RE–CON 24 h",BASP1,1.0,-1.55760971012905,-1.13695126928432,neither,low,,low,1.0,1.0
"Human vastus lateralis, RE–CON 24 h",BCL2L1,-1.0,0.96487151436001,-0.679329888977115,neither,mid,,high,1.0,1.0
"Human vastus lateralis, RE–CON 24 h",BGN,1.0,1.15668117337578,0.0571199028708647,neither,mid,,high,1.0,1.0
"Human vastus lateralis, RE–CON 24 h",BRD4,-1.0,-0.8218851226076,0.274829764451685,neither,high,,high,1.0,1.0
"Human vastus lateralis, RE–CON 24 h",C1orf21,-1.0,0.341161799264664,4.66243459634199e-05,neither,high,,high,1.0,1.0
"Human vastus lateralis, RE–CON 24 h",C3,-1.0,-0.633769009506587,1.10987328533006,neither,high,,high,1.0,1.0
"Human vastus lateralis, RE–CON 24 h",C4A,-1.0,-0.434493667844197,1.33136609861725,neither,low,,low,1.0,1.0
"Human vastus lateralis, RE–CON 24 h",C6,1.0,-0.733480474463695,0.798499592515328,neither,low,,low,1.0,1.0
"Human vastus lateralis, RE–CON 24 h",CALU,-1.0,7.49805572571696,1.03097242464744,RNA only,high,,high,1.0,2.0
"Human vastus lateralis, RE–CON 24 h",CCT2,-1.0,3.05254553723383,0.159242304774415,RNA only,high,,high,1.0,1.0
"Human vastus lateralis, RE–CON 24 h",CD14,-1.0,-0.867796414557917,0.392230293227495,neither,low,,mid,1.0,1.0
"Human vastus lateralis, RE–CON 24 h",CD163,-1.0,-0.356602183655231,0.656967248827513,neither,low,,mid,1.0,1.0
"Human vastus lateralis, RE–CON 24 h",CD59,-1.0,2.9639783105345,-1.57738366911259,RNA only,high,,high,1.0,1.0
"Human vastus lateralis, RE–CON 24 h",CD74,1.0,0.345075598653183,-0.56333238119924,neither,high,,high,1.0,1.0
"Human vastus lateralis, RE–CON 24 h",CDC37L1,-1.0,6.51720770098182,1.21538315237793,RNA only,high,,high,1.0,1.0
"Human vastus lateralis, RE–CON 24 h",CDV3,-1.0,3.5201822186366,0.0318421463093425,RNA only,high,,high,1.0,1.0
"Human vastus lateralis, RE–CON 24 h",CHORDC1,-1.0,1.06356925312908,0.132491835638569,neither,mid,,mid,1.0,1.0
"Human vastus lateralis, RE–CON 24 h",CILP,1.0,0.910814826993368,0.211628625207962,neither,high,,mid,1.0,1.0
"Human vastus lateralis, RE–CON 24 h",CLIC4,-1.0,0.884695999169801,0.789102883629813,neither,high,,high,1.0,1.0
"Human vastus lateralis, RE–CON 24 h",CLIP1,-1.0,2.65402019660204,2.13016595247618,RNA only,high,,high,1.0,1.0
"Human vastus lateralis, RE–CON 24 h",CLTB,-1.0,7.45967808907191,0.690547529188808,RNA only,high,,high,1.0,1.0
"Human vastus lateralis, RE–CON 24 h",CLU,-1.0,0.427970707145211,0.9311888586251,neither,high,,high,1.0,1.0
"Human vastus lateralis, RE–CON 24 h",CMC2,-1.0,8.61028390951767,-0.75796384579069,RNA only,mid,,mid,1.0,1.0
"Human vastus lateralis, RE–CON 24 h",CNN1,-1.0,0.837636833910038,-0.45222255387708,neither,low,,mid,1.0,1.0
"Human vastus lateralis, RE–CON 24 h",COA4,-1.0,4.98211896818431,-1.13680148603845,RNA only,mid,,high,1.0,1.0
"Human vastus lateralis, RE–CON 24 h",COBL,-1.0,-2.20664055975896,0.809173360828618,neither,high,,high,1.0,1.0
"Human vastus lateralis, RE–CON 24 h",COL15A1,1.0,2.43363347349596,0.624671550098889,neither,high,,mid,1.0,1.0
"Human vastus lateralis, RE–CON 24 h",COL1A1,1.0,1.10978908749355,-1.33871793045806,neither,high,,mid,1.0,1.0
"Human vastus lateralis, RE–CON 24 h",COL1A2,1.0,0.44063600239122,-1.16488518108766,neither,high,,high,1.0,1.0
"Human vastus lateralis, RE–CON 24 h",COL3A1,1.0,1.66701678959339,-0.437483279826953,neither,high,,high,1.0,1.0
"Human vastus lateralis, RE–CON 24 h",COX17,-1.0,-0.28380838730842,-1.03072197279453,neither,high,,high,1.0,1.0
"Human vastus lateralis, RE–CON 24 h",CPT2,1.0,0.976999194578874,-1.65600950448338,neither,high,,mid,1.0,1.0
"Human vastus lateralis, RE–CON 24 h",CRYM,1.0,-4.57641081154603,-1.57322520701632,RNA only,low,,low,1.0,1.0
"Human vastus lateralis, RE–CON 24 h",CTF1,1.0,1.46002849927062,-1.35169384545844,neither,mid,,mid,1.0,1.0
"Human vastus lateralis, RE–CON 24 h",CTSD,1.0,-3.50668431234924,-1.61738776033937,RNA only,high,,high,1.0,1.0
"Human vastus lateralis, RE–CON 24 h",CTSH,1.0,-0.7400084847279,0.600364827668002,neither,mid,,mid,1.0,1.0
"Human vastus lateralis, RE–CON 24 h",CYP2J2,1.0,6.84607418200974,1.79595643517584,RNA only,mid,,mid,1.0,1.0
"Human vastus lateralis, RE–CON 24 h",DAZAP1,-1.0,5.06013259961556,-1.81813753098127,RNA only,high,,high,1.0,1.0
"Human vastus lateralis, RE–CON 24 h",DDX39A,-1.0,1.983467738193,0.859821469617919,neither,mid,,high,1.0,1.0
"Human vastus lateralis, RE–CON 24 h",DDX3Y,1.0,-0.859141362515859,0.79823150887838,neither,low,,high,1.0,1.0
"Human vastus lateralis, RE–CON 24 h",DERL1,-1.0,4.02437247671002,-0.31288214539459,RNA only,high,,high,1.0,1.0
"Human vastus lateralis, RE–CON 24 h",DLG1,-1.0,0.940938534278478,-0.798681668256587,neither,high,,high,1.0,1.0
"Human vastus lateralis, RE–CON 24 h",DLST,1.0,3.28176805642856,-1.49027045250547,RNA only,high,,high,1.0,1.0
"Human vastus lateralis, RE–CON 24 h",DMPK,-1.0,4.96345841913342,-0.156264451649499,RNA only,high,,high,1.0,1.0
"Human vastus lateralis, RE–CON 24 h",DPM1,1.0,-0.465156093787253,-0.474541532721567,neither,mid,,high,1.0,1.0
"Human vastus lateralis, RE–CON 24 h",DPYSL3,1.0,-0.118496621532933,-2.51121868721813,neither,high,,high,1.0,1.0
"Human vastus lateralis, RE–CON 24 h",DUSP13,-1.0,3.76185370835924,-1.08315829511307,RNA only,high,,high,1.0,2.0
"Human vastus lateralis, RE–CON 24 h",DVL1,-1.0,-0.834865010704859,-1.93091702435579,neither,high,,high,1.0,1.0
"Human vastus lateralis, RE–CON 24 h",EFEMP1,1.0,-1.63464287392778,0.0894288339946436,neither,mid,,mid,1.0,1.0
"Human vastus lateralis, RE–CON 24 h",EGLN1,-1.0,1.35020441944116,0.437322715490578,neither,high,,high,1.0,1.0
"Human vastus lateralis, RE–CON 24 h",EHBP1L1,-1.0,2.0173433763403,-0.0806137826281301,neither,high,,high,1.0,1.0
"Human vastus lateralis, RE–CON 24 h",EHD3,1.0,1.77447067212799,1.12034343442376,neither,low,,low,1.0,1.0
"Human vastus lateralis, RE–CON 24 h",EIF1AX,-1.0,-0.540265569385421,0.649032263591829,neither,high,,high,1.0,1.0
"Human vastus lateralis, RE–CON 24 h",EIF1AY,1.0,5.0433767638928,0.114018122472055,RNA only,low,,high,1.0,1.0
"Human vastus lateralis, RE–CON 24 h",EIF4EBP3,1.0,-1.2644793773502,-1.2101636845435,neither,mid,,high,1.0,1.0
"Human vastus lateralis, RE–CON 24 h",EMC2,1.0,-0.960421241853785,1.36332231689934,neither,high,,high,1.0,1.0
"Human vastus lateralis, RE–CON 24 h",EMC6,-1.0,2.30353028186155,1.48007272181625,neither,high,,high,1.0,1.0
"Human vastus lateralis, RE–CON 24 h",EMCN,-1.0,-0.108849783256612,-1.30598724169666,neither,mid,,mid,1.0,1.0
"Human vastus lateralis, RE–CON 24 h",EPB41L2,1.0,1.28723044866011,0.397366783768361,neither,high,,mid,1.0,1.0
"Human vastus lateralis, RE–CON 24 h",EPHX2,1.0,-2.41110729689106,-1.76754401971616,neither,mid,,mid,1.0,1.0
"Human vastus lateralis, RE–CON 24 h",EPM2AIP1,1.0,-0.798825770595776,0.166534194047892,neither,high,,mid,1.0,1.0
"Human vastus lateralis, RE–CON 24 h",ERLIN2,1.0,1.48483146129494,-0.35252253895763,neither,high,,mid,1.0,1.0
"Human vastus lateralis, RE–CON 24 h",EVL,1.0,-0.43420288364689,0.694573125716948,neither,mid,,mid,1.0,1.0
"Human vastus lateralis, RE–CON 24 h",FASN,-1.0,-0.328446044311486,1.04864463729194,neither,high,,high,1.0,1.0
"Human vastus lateralis, RE–CON 24 h",FBLN2,1.0,-0.645876525697614,-0.95417012124896,neither,high,,high,1.0,1.0
"Human vastus lateralis, RE–CON 24 h",FBN1,1.0,-0.0908002022816889,-2.54608618072131,neither,high,,mid,1.0,1.0
"Human vastus lateralis, RE–CON 24 h",FBXO40,1.0,0.377122205765997,-0.513436292651756,neither,high,,high,1.0,1.0
"Human vastus lateralis, RE–CON 24 h",FCGR3B,1.0,-0.177027953832503,-1.23050394264049,neither,low,,low,1.0,1.0
"Human vastus lateralis, RE–CON 24 h",FCGRT,1.0,-1.08218285329572,-0.0961822170037435,neither,high,,high,1.0,1.0
"Human vastus lateralis, RE–CON 24 h",FCN3,-1.0,3.93406569191288,1.31697556200082,RNA only,low,,mid,1.0,1.0
"Human vastus lateralis, RE–CON 24 h",FERMT2,-1.0,1.85835271504462,0.511693222340982,neither,high,,high,1.0,1.0
"Human vastus lateralis, RE–CON 24 h",FHOD3,1.0,8.29895543968487,-0.156263662098988,RNA only,high,,high,1.0,1.0
"Human vastus lateralis, RE–CON 24 h",FKBP4,-1.0,5.53168555853618,0.287540531013179,RNA only,high,,high,1.0,1.0
"Human vastus lateralis, RE–CON 24 h",FKBP5,-1.0,0.318462229822283,0.230322460282965,neither,high,,high,1.0,1.0
"Human vastus lateralis, RE–CON 24 h",FLII,-1.0,6.54687820097373,2.01162512338303,RNA only,high,,high,1.0,2.0
"Human vastus lateralis, RE–CON 24 h",FLNC,-1.0,8.9285895091132,-1.98606849332156,RNA only,high,,high,1.0,2.0
"Human vastus lateralis, RE–CON 24 h",FMOD,1.0,0.311073453156594,1.38021901132586,neither,mid,,mid,1.0,1.0
"Human vastus lateralis, RE–CON 24 h",FNBP1L,1.0,-0.0344295364405143,-0.677745232980257,neither,high,,mid,1.0,1.0
"Human vastus lateralis, RE–CON 24 h",FRZB,1.0,1.22481497493366,2.18748058215754,neither,mid,,mid,1.0,1.0
"Human vastus lateralis, RE–CON 24 h",FSTL1,1.0,-0.377563543183883,-0.298747220394098,neither,high,,high,1.0,1.0
"Human vastus lateralis, RE–CON 24 h",FUCA1,1.0,1.28838493841542,-1.00609409250121,neither,mid,,mid,1.0,1.0
"Human vastus lateralis, RE–CON 24 h",G0S2,-1.0,0.596065603997169,0.139790549001184,neither,high,,high,1.0,1.0
"Human vastus lateralis, RE–CON 24 h",GATM,1.0,-3.9860766498575,-1.33586577628396,RNA only,high,,high,1.0,1.0
"Human vastus lateralis, RE–CON 24 h",GCLM,-1.0,-1.80421607550963,0.435103199888477,neither,mid,,mid,1.0,1.0
"Human vastus lateralis, RE–CON 24 h",GLOD4,1.0,2.21508376023367,-0.311656588367865,neither,mid,,high,1.0,1.0
"Human vastus lateralis, RE–CON 24 h",GLRX,1.0,-6.59050105587629,0.166351277326192,RNA only,mid,,high,1.0,1.0
"Human vastus lateralis, RE–CON 24 h",GLRX2,-1.0,7.17419633891243,1.98211096379384,RNA only,mid,,high,1.0,1.0
"Human vastus lateralis, RE–CON 24 h",GLUL,-1.0,-4.04882822292335,0.0766733020644933,RNA only,high,,high,1.0,1.0
"Human vastus lateralis, RE–CON 24 h",GMPR,-1.0,-1.94506591489388,2.03958451808276,neither,high,,high,1.0,1.0
"Human vastus lateralis, RE–CON 24 h",GNL3,-1.0,1.04575664013089,-0.962849341804186,neither,high,,high,1.0,1.0
"Human vastus lateralis, RE–CON 24 h",GPD1L,-1.0,-1.85547698441265,-2.73537100819107,neither,high,,high,1.0,1.0
"Human vastus lateralis, RE–CON 24 h",GPX3,-1.0,0.702666603954313,0.441126908472348,neither,high,,high,1.0,1.0
"Human vastus lateralis, RE–CON 24 h",GTPBP6,-1.0,0.313332687927323,-2.38714823419029,neither,high,,high,2.0,1.0
"Human vastus lateralis, RE–CON 24 h",HBA1,1.0,0.86091409722914,0.729631254365625,neither,low,,mid,1.0,1.0
"Human vastus lateralis, RE–CON 24 h",HBB,1.0,-0.0378343994296799,0.712369824383679,neither,low,,high,1.0,1.0
"Human vastus lateralis, RE–CON 24 h",HLA-B,1.0,-0.189800130060709,-0.652371603982068,neither,high,,high,1.0,1.0
"Human vastus lateralis, RE–CON 24 h",HLTF,1.0,1.1159069498765,0.534250191746237,neither,high,,mid,1.0,1.0
"Human vastus lateralis, RE–CON 24 h",HMGB2,1.0,-3.21431924189996,-1.67929303048233,RNA only,mid,,high,1.0,1.0
"Human vastus lateralis, RE–CON 24 h",HMGCL,1.0,-1.26880609388195,-3.66037372999301,neither,high,,high,1.0,1.0
"Human vastus lateralis, RE–CON 24 h",HMGN1,1.0,0.786354622952817,-0.0071689689054043,neither,mid,,mid,1.0,1.0
"Human vastus lateralis, RE–CON 24 h",HMGN2,1.0,-5.1009989805559,0.752269086006782,RNA only,high,,high,1.0,1.0
"Human vastus lateralis, RE–CON 24 h",HMOX2,-1.0,4.12305881811857,-3.04069267674086,RNA only,mid,,mid,1.0,1.0
"Human vastus lateralis, RE–CON 24 h",HOPX,-1.0,-1.78704033431026,-1.94575447489199,neither,mid,,mid,1.0,1.0
"Human vastus lateralis, RE–CON 24 h",HPRT1,1.0,1.87722086116668,0.987043038139717,neither,mid,,high,1.0,1.0
"Human vastus lateralis, RE–CON 24 h",HSP90AA1,-1.0,6.03550489024662,0.0675466852814016,RNA only,high,,high,1.0,1.0
"Human vastus lateralis, RE–CON 24 h",HSPA2,1.0,2.21636410198714,1.33996504169222,neither,high,,high,1.0,1.0
"Human vastus lateralis, RE–CON 24 h",HSPA5,1.0,2.03762587612143,0.589634155031368,neither,high,,high,1.0,1.0
"Human vastus lateralis, RE–CON 24 h",HSPB2,-1.0,0.299318479131237,0.390016593566478,neither,high,,high,1.0,1.0
"Human vastus lateralis, RE–CON 24 h",HSPB6,1.0,0.0322283921708949,-1.96429685402132,neither,high,,high,1.0,1.0
"Human vastus lateralis, RE–CON 24 h",HTRA1,1.0,-0.61333941207671,-0.70120317901704,neither,mid,,high,1.0,1.0
"Human vastus lateralis, RE–CON 24 h",IFIT1,1.0,-4.75326712370659,-0.281613155723053,RNA only,high,,low,1.0,1.0
"Human vastus lateralis, RE–CON 24 h",IFIT3,1.0,-1.12350184181853,-0.0057627300442153,neither,mid,,mid,1.0,1.0
"Human vastus lateralis, RE–CON 24 h",IGHG2,-1.0,-0.677990682456427,0.895881292737995,neither,low,,low,1.0,1.0
"Human vastus lateralis, RE–CON 24 h",IL32,1.0,0.178604265534732,0.427380087007426,neither,high,,high,1.0,1.0
"Human vastus lateralis, RE–CON 24 h",IRS1,-1.0,-3.87919455143344,0.52922549761778,RNA only,high,,mid,1.0,1.0
"Human vastus lateralis, RE–CON 24 h",ISLR,1.0,-0.635517980914515,0.222272279993711,neither,mid,,mid,1.0,1.0
"Human vastus lateralis, RE–CON 24 h",ITGA5,-1.0,1.64288498013996,0.397252096671834,neither,mid,,high,1.0,1.0
"Human vastus lateralis, RE–CON 24 h",IVNS1ABP,1.0,-1.80153898977614,0.701506801380367,neither,high,,high,1.0,1.0
"Human vastus lateralis, RE–CON 24 h",JUP,-1.0,-9.88373157638092,-3.29454342399606,RNA only,high,,high,1.0,1.0
"Human vastus lateralis, RE–CON 24 h",KCTD12,-1.0,0.87531215818449,0.372842990560781,neither,high,,mid,1.0,1.0
"Human vastus lateralis, RE–CON 24 h",KLHL21,-1.0,-5.83624237827586,-0.213951429977021,RNA only,high,,high,1.0,1.0
"Human vastus lateralis, RE–CON 24 h",KLHL41,-1.0,5.68581796386646,0.445219542204765,RNA only,high,,high,1.0,1.0
"Human vastus lateralis, RE–CON 24 h",LAMB1,1.0,2.81077264914551,-1.73992203446792,RNA only,high,,high,1.0,1.0
"Human vastus lateralis, RE–CON 24 h",LMCD1,-1.0,4.60045030554606,-0.408933319901835,RNA only,high,,high,1.0,1.0
"Human vastus lateralis, RE–CON 24 h",LPIN1,-1.0,1.31522267151322,2.2667606185489,neither,high,,high,1.0,1.0
"Human vastus lateralis, RE–CON 24 h",LRRC59,-1.0,3.05161798852678,-0.796230014426906,RNA only,mid,,high,1.0,1.0
"Human vastus lateralis, RE–CON 24 h",LSP1,1.0,1.7574381305303,-1.26730981844247,neither,mid,,mid,1.0,1.0
"Human vastus lateralis, RE–CON 24 h",LTBP1,1.0,1.38338839999677,0.0707172738576818,neither,high,,mid,1.0,1.0
"Human vastus lateralis, RE–CON 24 h",LTBP2,1.0,-1.68671205037518,-0.24181879531781,neither,high,,mid,1.0,1.0
"Human vastus lateralis, RE–CON 24 h",LUM,1.0,-0.516731426995808,0.346373158321744,neither,mid,,mid,1.0,1.0
"Human vastus lateralis, RE–CON 24 h",LYVE1,-1.0,-0.534506636179228,0.441026048896517,neither,low,,mid,1.0,1.0
"Human vastus lateralis, RE–CON 24 h",MAGED1,1.0,-2.94442254951313,0.875202807042634,RNA only,high,,high,1.0,1.0
"Human vastus lateralis, RE–CON 24 h",MAGED2,1.0,5.26696002140254,0.211944010650437,RNA only,high,,high,1.0,1.0
"Human vastus lateralis, RE–CON 24 h",MAP1LC3B,-1.0,-0.398110570177119,0.886239368620737,neither,high,,high,1.0,1.0
"Human vastus lateralis, RE–CON 24 h",MAP2K1,-1.0,6.5561080084378,0.362422637928339,RNA only,high,,high,1.0,1.0
"Human vastus lateralis, RE–CON 24 h",MARK3,-1.0,-3.44587123659128,1.6047557576538,RNA only,high,,high,1.0,1.0
"Human vastus lateralis, RE–CON 24 h",MATN2,1.0,0.463883476048112,0.0621852105312011,neither,mid,,low,1.0,1.0
"Human vastus lateralis, RE–CON 24 h",MCM6,1.0,-2.48404214521488,-0.517201254850269,neither,mid,,mid,1.0,1.0
"Human vastus lateralis, RE–CON 24 h",MFAP4,1.0,-1.46375611763153,0.505382964256266,neither,mid,,high,1.0,1.0
"Human vastus lateralis, RE–CON 24 h",MID1IP1,-1.0,-2.09143678804985,-3.33367146166549,neither,high,,high,1.0,1.0
"Human vastus lateralis, RE–CON 24 h",MKNK2,-1.0,0.500961010642635,2.19501854413242,neither,high,,high,1.0,1.0
"Human vastus lateralis, RE–CON 24 h",MNDA,1.0,-0.565391248585626,-0.650931182619918,neither,low,,low,1.0,1.0
"Human vastus lateralis, RE–CON 24 h",MPI,1.0,3.3874781482868,0.240594593102554,RNA only,high,,high,1.0,1.0
"Human vastus lateralis, RE–CON 24 h",MRPL34,-1.0,4.66252456666231,1.09006978888304,RNA only,high,,high,1.0,1.0
"Human vastus lateralis, RE–CON 24 h",MT1X,-1.0,-8.20527454398991,-1.76649634091219,RNA only,high,,high,1.0,1.0
"Human vastus lateralis, RE–CON 24 h",MTCH1,-1.0,2.4498923397786,-1.23252738951688,neither,high,,high,1.0,1.0
"Human vastus lateralis, RE–CON 24 h",MTHFD2,-1.0,-1.72528084326064,0.288829582894251,neither,mid,,high,1.0,1.0
"Human vastus lateralis, RE–CON 24 h",MTR,1.0,-3.79489429892139,1.08103216772443,RNA only,high,,high,1.0,1.0
"Human vastus lateralis, RE–CON 24 h",MX1,1.0,-2.53956027327077,-0.745150138100781,neither,mid,,mid,1.0,1.0
"Human vastus lateralis, RE–CON 24 h",MX2,1.0,-1.13932212274891,0.966593852275909,neither,low,,low,1.0,1.0
"Human vastus lateralis, RE–CON 24 h",MYOM2,1.0,1.97923187308677,0.460873123463489,neither,high,,high,1.0,1.0
"Human vastus lateralis, RE–CON 24 h",MYOT,-1.0,5.22657848714931,-0.947264466688983,RNA only,high,,high,1.0,1.0
"Human vastus lateralis, RE–CON 24 h",NAA15,-1.0,0.612120375228805,0.278116390232431,neither,high,,mid,1.0,1.0
"Human vastus lateralis, RE–CON 24 h",NAMPT,-1.0,-0.431492998495275,1.07355062744832,neither,high,,high,1.0,1.0
"Human vastus lateralis, RE–CON 24 h",NCAM1,-1.0,0.417762628641487,-0.185584547385634,neither,mid,,mid,1.0,1.0
"Human vastus lateralis, RE–CON 24 h",NCF2,1.0,0.60097121755596,-1.53824526925022,neither,low,,low,1.0,1.0
"Human vastus lateralis, RE–CON 24 h",NID1,-1.0,-0.693808567548615,0.0474096602180725,neither,high,,high,1.0,1.0
"Human vastus lateralis, RE–CON 24 h",NIT2,1.0,0.827074558848912,0.208324145740399,neither,high,,mid,1.0,1.0
"Human vastus lateralis, RE–CON 24 h",NNMT,-1.0,-1.20083143747798,-1.63085289208334,neither,low,,high,1.0,1.0
"Human vastus lateralis, RE–CON 24 h",NQO2,-1.0,6.94993373067251,-0.358278251580038,RNA only,high,,mid,1.0,1.0
"Human vastus lateralis, RE–CON 24 h",NRAP,-1.0,9.15749807874671,5.01051278927475,"both, same sign",high,,high,1.0,1.0
"Human vastus lateralis, RE–CON 24 h",NUCB2,1.0,-2.04176631999368,-0.0965847113742499,neither,mid,,mid,1.0,1.0
"Human vastus lateralis, RE–CON 24 h",NUDT3,1.0,1.14033418805996,0.194311129558483,neither,high,,high,1.0,1.0
"Human vastus lateralis, RE–CON 24 h",NUDT4,-1.0,1.52717305694854,1.96849129500303,neither,high,,high,1.0,1.0
"Human vastus lateralis, RE–CON 24 h",NUP37,1.0,-0.706494855358648,0.186279573408916,neither,mid,,mid,1.0,1.0
"Human vastus lateralis, RE–CON 24 h",OGDH,-1.0,2.56409241556393,-1.7436207144372,neither,high,,high,1.0,1.0
"Human vastus lateralis, RE–CON 24 h",OGN,1.0,-1.04689935534376,0.14585629058926,neither,low,,low,1.0,1.0
"Human vastus lateralis, RE–CON 24 h",OLFML3,1.0,1.39952998550732,0.125588681311088,neither,mid,,mid,1.0,1.0
"Human vastus lateralis, RE–CON 24 h",PALLD,-1.0,9.86493282760684,0.0567386412153386,RNA only,high,,high,1.0,1.0
"Human vastus lateralis, RE–CON 24 h",PALMD,1.0,0.62164120841595,2.87280911086411,neither,high,,high,1.0,1.0
"Human vastus lateralis, RE–CON 24 h",PCCB,1.0,-1.59820815298103,-2.91348272840985,neither,high,,high,1.0,1.0
"Human vastus lateralis, RE–CON 24 h",PCNT,-1.0,-0.924629787448152,-1.05425905171754,neither,high,,high,1.0,1.0
"Human vastus lateralis, RE–CON 24 h",PCOLCE,1.0,-0.0479655327300132,0.519329015734405,neither,mid,,mid,1.0,1.0
"Human vastus lateralis, RE–CON 24 h",PDK4,1.0,0.569226073251903,3.31396480280214,neither,high,,high,1.0,1.0
"Human vastus lateralis, RE–CON 24 h",PDLIM3,1.0,7.3095039380607,1.32472999879518,RNA only,high,,high,1.0,2.0
"Human vastus lateralis, RE–CON 24 h",PKM,1.0,0.90052454577468,1.56782889229327,neither,high,,high,1.0,2.0
"Human vastus lateralis, RE–CON 24 h",PLA2G2A,-1.0,-0.102672678888201,0.275291467378876,neither,low,,high,1.0,1.0
"Human vastus lateralis, RE–CON 24 h",PLA2G4C,1.0,6.78881448179457,-0.0601403354355768,RNA only,high,,high,1.0,1.0
"Human vastus lateralis, RE–CON 24 h",PLIN2,-1.0,-4.6260585458033,-1.07594322334504,RNA only,high,,high,1.0,1.0
"Human vastus lateralis, RE–CON 24 h",PODXL,-1.0,3.88223240288881,-1.03304074016723,RNA only,high,,mid,1.0,1.0
"Human vastus lateralis, RE–CON 24 h",POGLUT1,-1.0,2.20548250655721,0.720423166860447,neither,low,,mid,1.0,1.0
"Human vastus lateralis, RE–CON 24 h",POLE3,-1.0,-1.70271508503187,1.72516681710596,neither,high,,high,1.0,1.0
"Human vastus lateralis, RE–CON 24 h",POLR1D,-1.0,0.415897627204502,-1.35584443433834,neither,high,,high,1.0,1.0
"Human vastus lateralis, RE–CON 24 h",POR,-1.0,-0.0353126635330745,-1.55366123815451,neither,mid,,high,1.0,1.0
"Human vastus lateralis, RE–CON 24 h",PPL,-1.0,0.416778974296752,1.12287868331388,neither,mid,,mid,1.0,1.0
"Human vastus lateralis, RE–CON 24 h",PPP1R12B,1.0,2.92539044370423,0.678761593262978,RNA only,high,,high,1.0,2.0
"Human vastus lateralis, RE–CON 24 h",PPP1R3C,1.0,-0.518852625939822,0.404782281836212,neither,high,,high,1.0,1.0
"Human vastus lateralis, RE–CON 24 h",PPT1,1.0,3.7915493261407,0.542272855863655,RNA only,mid,,mid,1.0,1.0
"Human vastus lateralis, RE–CON 24 h",PRDX4,1.0,0.671203408046724,2.88907714070056,neither,mid,,high,1.0,1.0
"Human vastus lateralis, RE–CON 24 h",PRDX6,-1.0,-4.40442599327875,-1.52767557443363,RNA only,high,,high,1.0,1.0
"Human vastus lateralis, RE–CON 24 h",PSMB10,1.0,2.02474439645273,-0.109661983596008,neither,mid,,high,1.0,1.0
"Human vastus lateralis, RE–CON 24 h",PSME4,-1.0,-1.15311864612565,0.720505306562298,neither,high,,high,1.0,1.0
"Human vastus lateralis, RE–CON 24 h",PSPH,-1.0,1.48838753739487,1.67214463533351,neither,low,,mid,1.0,1.0
"Human vastus lateralis, RE–CON 24 h",PTP4A2,-1.0,0.428945934166032,0.748935183453623,neither,high,,high,1.0,1.0
"Human vastus lateralis, RE–CON 24 h",PTP4A3,-1.0,-1.7210045782647,0.0194009995218931,neither,high,,high,1.0,1.0
"Human vastus lateralis, RE–CON 24 h",PXMP2,-1.0,-1.96668450539958,-0.647643369603286,neither,mid,,high,1.0,1.0
"Human vastus lateralis, RE–CON 24 h",RAB9A,-1.0,-1.23273106193176,0.680257654815542,neither,mid,,mid,1.0,1.0
"Human vastus lateralis, RE–CON 24 h",RABAC1,-1.0,-0.157836581408297,2.5743497742705,neither,mid,,high,1.0,1.0
"Human vastus lateralis, RE–CON 24 h",RANGAP1,-1.0,2.70389668703462,1.05439340082017,RNA only,high,,high,1.0,1.0
"Human vastus lateralis, RE–CON 24 h",RBFOX1,-1.0,-2.47665235414754,-0.205449745400695,neither,high,,high,1.0,1.0
"Human vastus lateralis, RE–CON 24 h",RBM10,1.0,-0.546613738397362,-1.11563114195821,neither,high,,high,1.0,1.0
"Human vastus lateralis, RE–CON 24 h",RBP4,-1.0,-0.501597267452891,1.07015295872744,neither,low,,low,1.0,1.0
"Human vastus lateralis, RE–CON 24 h",RCAN1,-1.0,2.4593238300865,1.76479366544231,neither,mid,,mid,1.0,1.0
"Human vastus lateralis, RE–CON 24 h",RHOC,-1.0,2.29644666576842,-0.155137550198232,neither,mid,,high,1.0,1.0
"Human vastus lateralis, RE–CON 24 h",RHOT1,-1.0,-2.74521810059832,0.103622577541094,RNA only,high,,high,1.0,1.0
"Human vastus lateralis, RE–CON 24 h",RNF14,-1.0,-0.0880811476933402,-1.78935799889627,neither,high,,high,1.0,1.0
"Human vastus lateralis, RE–CON 24 h",RNF146,1.0,1.88545587961918,-0.0923447307491212,neither,high,,high,1.0,1.0
"Human vastus lateralis, RE–CON 24 h",RWDD1,-1.0,2.17628030860916,0.685157105771845,neither,high,,high,1.0,1.0
"Human vastus lateralis, RE–CON 24 h",S100A8,-1.0,-0.534368742421356,-0.741613923227687,neither,low,,mid,1.0,1.0
"Human vastus lateralis, RE–CON 24 h",S100A9,-1.0,-0.479520780246686,-0.672571385255082,neither,low,,high,1.0,1.0
"Human vastus lateralis, RE–CON 24 h",SAA2,-1.0,-0.862562483549901,0.442887706579528,neither,low,,mid,1.0,1.0
"Human vastus lateralis, RE–CON 24 h",SAMHD1,-1.0,-2.14813521457055,-0.0140114034074984,neither,high,,high,1.0,1.0
"Human vastus lateralis, RE–CON 24 h",SEC31A,1.0,2.44607813033784,1.25901332169252,neither,high,,high,1.0,1.0
"Human vastus lateralis, RE–CON 24 h",SEC61A1,-1.0,-1.01644895977516,-0.138341892296753,neither,high,,high,1.0,1.0
"Human vastus lateralis, RE–CON 24 h",SERPINA3,-1.0,-0.455538830095104,0.789076785120318,neither,low,,mid,1.0,1.0
"Human vastus lateralis, RE–CON 24 h",SFRP1,1.0,0.0210546674430828,1.49669699338028,neither,low,,low,1.0,1.0
"Human vastus lateralis, RE–CON 24 h",SH3BGR,-1.0,1.74407390004303,-0.935359692850031,neither,high,,high,1.0,1.0
"Human vastus lateralis, RE–CON 24 h",SH3BGRL,1.0,-0.25961261917237,0.49485595414858,neither,mid,,mid,1.0,1.0
"Human vastus lateralis, RE–CON 24 h",SLC1A3,-1.0,-0.866835034514931,0.146605862878468,neither,high,,mid,1.0,1.0
"Human vastus lateralis, RE–CON 24 h",SLC25A11,1.0,2.38472151905683,-0.632657218496304,neither,high,,high,1.0,1.0
"Human vastus lateralis, RE–CON 24 h",SLC25A12,-1.0,0.9572085278477,0.393916228860424,neither,high,,high,1.0,1.0
"Human vastus lateralis, RE–CON 24 h",SLC25A20,1.0,4.11056009241735,-0.810352589521147,RNA only,high,,high,1.0,1.0
"Human vastus lateralis, RE–CON 24 h",SNRPB,-1.0,2.6837286518031,-0.802819830134863,RNA only,high,,high,1.0,1.0
"Human vastus lateralis, RE–CON 24 h",SORT1,-1.0,5.29378660847649,1.04006064229654,RNA only,high,,high,1.0,1.0
"Human vastus lateralis, RE–CON 24 h",SOS1,-1.0,-3.45260189420474,-1.0705692166099,RNA only,high,,high,1.0,1.0
"Human vastus lateralis, RE–CON 24 h",SPARC,1.0,-0.71082193595679,-0.0430853896598478,neither,high,,high,1.0,1.0
"Human vastus lateralis, RE–CON 24 h",SPATA20,1.0,-2.12321450742145,-0.551118049279551,neither,high,,high,1.0,1.0
"Human vastus lateralis, RE–CON 24 h",SRGN,-1.0,-1.18577590663833,-0.0114041808169081,neither,mid,,high,1.0,1.0
"Human vastus lateralis, RE–CON 24 h",SSPN,1.0,1.34862069476314,-1.14525700019723,neither,high,,high,1.0,1.0
"Human vastus lateralis, RE–CON 24 h",STAT3,-1.0,0.666564667360052,3.12112257427334,neither,high,,high,1.0,2.0
"Human vastus lateralis, RE–CON 24 h",STEAP3,-1.0,-1.02613539044923,-0.131227071520258,neither,high,,high,1.0,1.0
"Human vastus lateralis, RE–CON 24 h",STIP1,-1.0,6.19124733689733,-0.701565457976733,RNA only,high,,high,1.0,1.0
"Human vastus lateralis, RE–CON 24 h",STK38L,1.0,0.200436328378385,0.489093305019041,neither,mid,,mid,1.0,1.0
"Human vastus lateralis, RE–CON 24 h",SUCLA2,1.0,0.141932439394528,-1.92324684680704,neither,high,,high,1.0,1.0
"Human vastus lateralis, RE–CON 24 h",SUN2,-1.0,-0.520084496070535,-0.960921826873506,neither,high,,high,1.0,1.0
"Human vastus lateralis, RE–CON 24 h",SYNE2,-1.0,-8.58361609386067,-0.167483909576835,RNA only,high,,high,1.0,2.0
"Human vastus lateralis, RE–CON 24 h",SYNPO2L,1.0,4.48347867772009,1.99687875732396,RNA only,high,,high,1.0,2.0
"Human vastus lateralis, RE–CON 24 h",TAF15,1.0,2.42652505498992,-0.309033131710938,neither,high,,high,1.0,1.0
"Human vastus lateralis, RE–CON 24 h",TAPBPL,1.0,-0.662809173129606,1.48790062543354,neither,mid,,mid,1.0,1.0
"Human vastus lateralis, RE–CON 24 h",TGM2,-1.0,-0.596274126109042,-0.21238968313665,neither,high,,high,1.0,1.0
"Human vastus lateralis, RE–CON 24 h",THBS1,-1.0,0.402415295833728,0.10043893131497,neither,low,,mid,1.0,1.0
"Human vastus lateralis, RE–CON 24 h",THBS4,1.0,0.58111852183969,0.343493825656668,neither,high,,high,1.0,1.0
"Human vastus lateralis, RE–CON 24 h",THYN1,1.0,1.55036437600473,-0.107910166278509,neither,mid,,high,1.0,1.0
"Human vastus lateralis, RE–CON 24 h",TIMP3,-1.0,1.80753881880496,-0.547006343998606,neither,high,,high,1.0,1.0
"Human vastus lateralis, RE–CON 24 h",TLN1,1.0,2.07226921332659,-0.162650789301455,neither,high,,high,1.0,1.0
"Human vastus lateralis, RE–CON 24 h",TM7SF2,1.0,1.11554525162431,0.696218372505263,neither,mid,,mid,1.0,1.0
"Human vastus lateralis, RE–CON 24 h",TMEM38B,-1.0,5.24710429413962,0.55500738441828,RNA only,high,,high,1.0,1.0
"Human vastus lateralis, RE–CON 24 h",TNNI1,1.0,-0.843536969486487,-2.30456531772465,neither,high,,high,1.0,1.0
"Human vastus lateralis, RE–CON 24 h",TPPP3,1.0,0.739347225156051,-0.992821478747599,neither,mid,,high,1.0,1.0
"Human vastus lateralis, RE–CON 24 h",TPRKB,-1.0,-0.711450404039316,1.69535239768634,neither,mid,,high,1.0,1.0
"Human vastus lateralis, RE–CON 24 h",TRDN,-1.0,3.12104076265263,-0.0560684297816761,RNA only,high,,high,1.0,1.0
"Human vastus lateralis, RE–CON 24 h",TRMT5,1.0,-1.30388277559544,-0.872716339752963,neither,mid,,mid,1.0,1.0
"Human vastus lateralis, RE–CON 24 h",TUBA1A,1.0,1.64223274837023,0.0634465755519302,neither,mid,,mid,1.0,1.0
"Human vastus lateralis, RE–CON 24 h",TUBA4A,-1.0,6.37929101925894,0.505783867733742,RNA only,high,,high,1.0,1.0
"Human vastus lateralis, RE–CON 24 h",TUBG1,-1.0,5.8155729526003,-0.805709244759757,RNA only,high,,high,1.0,1.0
"Human vastus lateralis, RE–CON 24 h",TXNIP,1.0,-1.26646205407,-1.10389885060095,neither,high,,high,1.0,1.0
"Human vastus lateralis, RE–CON 24 h",TXNRD1,-1.0,-5.88632382079222,-2.20442180869965,RNA only,high,,high,1.0,1.0
"Human vastus lateralis, RE–CON 24 h",UAP1,-1.0,-3.23059822969119,0.006027992921638,RNA only,high,,high,1.0,1.0
"Human vastus lateralis, RE–CON 24 h",UBFD1,-1.0,-3.98344870964893,0.0323968353482007,RNA only,high,,high,1.0,1.0
"Human vastus lateralis, RE–CON 24 h",UBQLN2,1.0,-4.99542566741736,-1.23262202383194,RNA only,high,,high,1.0,1.0
"Human vastus lateralis, RE–CON 24 h",UFSP2,1.0,0.0697723875935073,2.16441888102162,neither,high,,high,1.0,1.0
"Human vastus lateralis, RE–CON 24 h",UGP2,-1.0,7.42088670714522,-0.17230571815415,RNA only,high,,high,1.0,1.0
"Human vastus lateralis, RE–CON 24 h",USP9Y,1.0,1.67561623517843,0.540564689986456,neither,low,,mid,1.0,1.0
"Human vastus lateralis, RE–CON 24 h",VCAN,1.0,-0.02951390733227,0.985703805043208,neither,mid,,low,1.0,1.0
"Human vastus lateralis, RE–CON 24 h",VEZF1,-1.0,-3.51283554790123,-0.826640520850063,RNA only,high,,high,1.0,1.0
"Human vastus lateralis, RE–CON 24 h",VPS13D,-1.0,-3.91666251226837,-0.482888500806704,RNA only,high,,high,1.0,1.0
"Human vastus lateralis, RE–CON 24 h",WFS1,1.0,-0.30581889813226,0.028595604134253,neither,mid,,high,1.0,1.0
"Human vastus lateralis, RE–CON 24 h",YBX3,-1.0,0.612747762655634,1.68887777720563,neither,high,,high,1.0,2.0
"Human vastus lateralis, RE–CON 24 h",ZBTB16,1.0,-1.40421214222624,-1.00816935892471,neither,high,,high,1.0,1.0
"Human subcutaneous adipose, EE–CON 3.5–4 h",AASS,-1.0,1.19490512619313,-1.36287162976618,neither,,,,,
"Human subcutaneous adipose, EE–CON 3.5–4 h",ABCA8,1.0,-0.0945564091529445,-1.02368433939467,neither,,,,,
"Human subcutaneous adipose, EE–CON 3.5–4 h",ABHD5,-1.0,2.33067683777934,2.40572314319682,neither,,,,,
"Human subcutaneous adipose, EE–CON 3.5–4 h",ABL1,-1.0,0.397025568974977,2.72641057944484,neither,,,,,
"Human subcutaneous adipose, EE–CON 3.5–4 h",ACSS3,-1.0,-0.395241861704675,-0.64640331669546,neither,,,,,
"Human subcutaneous adipose, EE–CON 3.5–4 h",ACTA1,-1.0,3.00052382231148,2.808492058899,neither,,,,,
"Human subcutaneous adipose, EE–CON 3.5–4 h",ADD3,1.0,-0.639199291239579,-1.00863994003887,neither,,,,,
"Human subcutaneous adipose, EE–CON 3.5–4 h",ADH1B,-1.0,0.825926515108054,-0.0877003321155203,neither,,,,,
"Human subcutaneous adipose, EE–CON 3.5–4 h",ADH5,1.0,-0.519115510969847,-1.16190497711846,neither,,,,,
"Human subcutaneous adipose, EE–CON 3.5–4 h",AKR1C1,-1.0,-0.898240236867516,-1.21281002899275,neither,,,,,
"Human subcutaneous adipose, EE–CON 3.5–4 h",AKR1C2,-1.0,-0.724708110738787,-0.315208939195176,neither,,,,,
"Human subcutaneous adipose, EE–CON 3.5–4 h",AKR1C3,-1.0,0.345171035285157,-2.19166928992974,neither,,,,,
"Human subcutaneous adipose, EE–CON 3.5–4 h",ALAS1,1.0,0.376879021325449,-2.52389052888206,neither,,,,,
"Human subcutaneous adipose, EE–CON 3.5–4 h",ALDH5A1,1.0,-1.25798931294422,-1.83494476713245,neither,,,,,
"Human subcutaneous adipose, EE–CON 3.5–4 h",ALDH9A1,1.0,0.848894409259727,0.27962746438587,neither,,,,,
"Human subcutaneous adipose, EE–CON 3.5–4 h",ANK1,1.0,-0.745226696430546,-1.35365068197559,neither,,,,,
"Human subcutaneous adipose, EE–CON 3.5–4 h",ANKMY2,1.0,-1.12209154794398,1.42721798268563,neither,,,,,
"Human subcutaneous adipose, EE–CON 3.5–4 h",ANP32E,1.0,0.759086692909061,-1.84782389643407,neither,,,,,
"Human subcutaneous adipose, EE–CON 3.5–4 h",ANXA4,1.0,-0.249425431509352,-1.09073545816122,neither,,,,,
"Human subcutaneous adipose, EE–CON 3.5–4 h",ANXA6,1.0,0.805635537386647,0.142667113795929,neither,,,,,
"Human subcutaneous adipose, EE–CON 3.5–4 h",AOX1,-1.0,0.310675280820232,-0.438872127386558,neither,,,,,
"Human subcutaneous adipose, EE–CON 3.5–4 h",AP1S2,-1.0,-1.19025722348599,0.436129468249407,neither,,,,,
"Human subcutaneous adipose, EE–CON 3.5–4 h",AP2B1,1.0,-0.566319886700523,-1.33122445934461,neither,,,,,
"Human subcutaneous adipose, EE–CON 3.5–4 h",AP3M2,1.0,0.726959772139732,2.18227609410929,neither,,,,,
"Human subcutaneous adipose, EE–CON 3.5–4 h",APOD,-1.0,0.380072995599067,0.332454842368536,neither,,,,,
"Human subcutaneous adipose, EE–CON 3.5–4 h",ARHGDIB,1.0,0.870927859421726,2.80874296229374,neither,,,,,
"Human subcutaneous adipose, EE–CON 3.5–4 h",ARMCX1,1.0,-1.42191549406506,-2.30356900109531,neither,,,,,
"Human subcutaneous adipose, EE–CON 3.5–4 h",ARMCX2,1.0,-2.12326398149161,-0.432635794399722,neither,,,,,
"Human subcutaneous adipose, EE–CON 3.5–4 h",ARMCX3,1.0,1.30288691625955,0.718007502844828,neither,,,,,
"Human subcutaneous adipose, EE–CON 3.5–4 h",ASMTL,1.0,-0.466478071598558,-0.933858528794999,neither,,,,,
"Human subcutaneous adipose, EE–CON 3.5–4 h",ASPN,1.0,1.58700192288884,2.28088187442366,neither,,,,,
"Human subcutaneous adipose, EE–CON 3.5–4 h",ATP1A1,-1.0,1.86324378248508,-4.1160481707163,protein only,,,,,
"Human subcutaneous adipose, EE–CON 3.5–4 h",ATP1A2,-1.0,0.643285500744646,0.121059580664878,neither,,,,,
"Human subcutaneous adipose, EE–CON 3.5–4 h",ATP1B1,-1.0,1.77002765309747,-2.1502592261987,neither,,,,,
"Human subcutaneous adipose, EE–CON 3.5–4 h",ATP1B3,-1.0,1.82604714829141,-2.9175550884524,neither,,,,,
"Human subcutaneous adipose, EE–CON 3.5–4 h",ATP2A2,-1.0,1.25765921067514,-0.964820592063445,neither,,,,,
"Human subcutaneous adipose, EE–CON 3.5–4 h",BAG2,-1.0,1.30861910745314,3.12993824480352,neither,,,,,
"Human subcutaneous adipose, EE–CON 3.5–4 h",BASP1,1.0,0.571638158940275,0.956524835903406,neither,,,,,
"Human subcutaneous adipose, EE–CON 3.5–4 h",BGN,1.0,0.743486236971714,1.08946112752384,neither,,,,,
"Human subcutaneous adipose, EE–CON 3.5–4 h",BRD4,-1.0,2.59047109267801,2.70683035504997,neither,,,,,
"Human subcutaneous adipose, EE–CON 3.5–4 h",C1QTNF1,-1.0,2.41000062579797,1.81523427442458,neither,,,,,
"Human subcutaneous adipose, EE–CON 3.5–4 h",C1orf21,-1.0,1.36929484415891,0.0008531934378175,neither,,,,,
"Human subcutaneous adipose, EE–CON 3.5–4 h",C3,-1.0,-0.34693146377422,-0.355527125210267,neither,,,,,
"Human subcutaneous adipose, EE–CON 3.5–4 h",C4A,-1.0,2.03194612406546,-0.80293062856938,neither,,,,,
"Human subcutaneous adipose, EE–CON 3.5–4 h",C6,1.0,2.60839842247353,-0.0055015500466877,neither,,,,,
"Human subcutaneous adipose, EE–CON 3.5–4 h",CALU,-1.0,-0.0934300772290288,1.31073645954267,neither,,,,,
"Human subcutaneous adipose, EE–CON 3.5–4 h",CCDC69,-1.0,-0.0454493827382598,-0.113051033570718,neither,,,,,
"Human subcutaneous adipose, EE–CON 3.5–4 h",CCT2,-1.0,1.38397018353063,-0.0546138121986099,neither,,,,,
"Human subcutaneous adipose, EE–CON 3.5–4 h",CD14,-1.0,0.759861018389195,0.574015230369173,neither,,,,,
"Human subcutaneous adipose, EE–CON 3.5–4 h",CD163,-1.0,1.06033388937991,0.465726374826304,neither,,,,,
"Human subcutaneous adipose, EE–CON 3.5–4 h",CD59,-1.0,1.20079999885377,-1.28490046955281,neither,,,,,
"Human subcutaneous adipose, EE–CON 3.5–4 h",CD74,1.0,0.218890654526253,-1.43881422272104,neither,,,,,
"Human subcutaneous adipose, EE–CON 3.5–4 h",CDC37L1,-1.0,0.386020014567117,-0.933019890296955,neither,,,,,
"Human subcutaneous adipose, EE–CON 3.5–4 h",CDV3,-1.0,1.04655297828108,3.31130117353502,neither,,,,,
"Human subcutaneous adipose, EE–CON 3.5–4 h",CFHR1,1.0,0.371931770963883,-2.2888503802684,neither,,,,,
"Human subcutaneous adipose, EE–CON 3.5–4 h",CHORDC1,-1.0,1.35537653375283,3.09674391288181,neither,,,,,
"Human subcutaneous adipose, EE–CON 3.5–4 h",CILP,1.0,1.44801689282885,0.366835179824666,neither,,,,,
"Human subcutaneous adipose, EE–CON 3.5–4 h",CLDND1,-1.0,-0.132648380983281,2.00572171736502,neither,,,,,
"Human subcutaneous adipose, EE–CON 3.5–4 h",CLIC4,-1.0,0.670753087913967,0.218864760617171,neither,,,,,
"Human subcutaneous adipose, EE–CON 3.5–4 h",CLIP1,-1.0,0.747207579978608,2.2430032047425,neither,,,,,
"Human subcutaneous adipose, EE–CON 3.5–4 h",CLTB,-1.0,-0.244371157776786,-0.48647044835212,neither,,,,,
"Human subcutaneous adipose, EE–CON 3.5–4 h",CLU,-1.0,1.20626098743997,0.0353761333050472,neither,,,,,
"Human subcutaneous adipose, EE–CON 3.5–4 h",CMC2,-1.0,0.494836478275369,-1.44129209666483,neither,,,,,
"Human subcutaneous adipose, EE–CON 3.5–4 h",CNN1,-1.0,2.00080717744535,1.73474195284824,neither,,,,,
"Human subcutaneous adipose, EE–CON 3.5–4 h",COA4,-1.0,1.4529750931693,2.3187557719503,neither,,,,,
"Human subcutaneous adipose, EE–CON 3.5–4 h",COL15A1,1.0,-1.22791943239697,0.142847504705305,neither,,,,,
"Human subcutaneous adipose, EE–CON 3.5–4 h",COL1A1,1.0,0.919922269507175,-0.556472859531824,neither,,,,,
"Human subcutaneous adipose, EE–CON 3.5–4 h",COL1A2,1.0,0.899927238782544,-1.82166832622976,neither,,,,,
"Human subcutaneous adipose, EE–CON 3.5–4 h",COL3A1,1.0,0.0229022962292201,-1.07488912945817,neither,,,,,
"Human subcutaneous adipose, EE–CON 3.5–4 h",COL5A1,1.0,-0.0010488326074831,1.81987060842807,neither,,,,,
"Human subcutaneous adipose, EE–CON 3.5–4 h",COL5A2,1.0,0.482964206168069,-2.63624014925361,neither,,,,,
"Human subcutaneous adipose, EE–CON 3.5–4 h",COLEC12,1.0,-0.0428183455692575,-0.294543350910778,neither,,,,,
"Human subcutaneous adipose, EE–CON 3.5–4 h",COMP,1.0,1.6537444962291,-0.0361478231222008,neither,,,,,
"Human subcutaneous adipose, EE–CON 3.5–4 h",COX17,-1.0,1.00508719255034,-0.960561790505422,neither,,,,,
"Human subcutaneous adipose, EE–CON 3.5–4 h",CPE,1.0,-0.204326244773721,2.49200643605878,neither,,,,,
"Human subcutaneous adipose, EE–CON 3.5–4 h",CPT2,1.0,1.15568437640757,-1.46919004870365,neither,,,,,
"Human subcutaneous adipose, EE–CON 3.5–4 h",CRIM1,-1.0,2.04946443723518,-0.795916484609502,neither,,,,,
"Human subcutaneous adipose, EE–CON 3.5–4 h",CRISPLD2,-1.0,2.66946096332452,1.34456654854433,neither,,,,,
"Human subcutaneous adipose, EE–CON 3.5–4 h",CTSD,1.0,1.10108941536097,0.380834373101673,neither,,,,,
"Human subcutaneous adipose, EE–CON 3.5–4 h",CTSH,1.0,1.10017751433669,-0.249555169762735,neither,,,,,
"Human subcutaneous adipose, EE–CON 3.5–4 h",CTSK,1.0,0.37204839050001,0.2542209653875,neither,,,,,
"Human subcutaneous adipose, EE–CON 3.5–4 h",CXCL12,1.0,-0.0536820944220122,0.4617444228198,neither,,,,,
"Human subcutaneous adipose, EE–CON 3.5–4 h",CXCL14,1.0,-0.718947329053769,-0.664216244959975,neither,,,,,
"Human subcutaneous adipose, EE–CON 3.5–4 h",DAZAP1,-1.0,0.0599459806411169,0.987857072897684,neither,,,,,
"Human subcutaneous adipose, EE–CON 3.5–4 h",DDX39A,-1.0,0.482035096678234,1.79827736144114,neither,,,,,
"Human subcutaneous adipose, EE–CON 3.5–4 h",DDX3Y,1.0,-0.322523920818564,3.50448045102243,protein only,,,,,
"Human subcutaneous adipose, EE–CON 3.5–4 h",DERL1,-1.0,-0.124977091539896,-0.268506625428241,neither,,,,,
"Human subcutaneous adipose, EE–CON 3.5–4 h",DLG1,-1.0,-2.20489536163371,2.36492414638092,neither,,,,,
"Human subcutaneous adipose, EE–CON 3.5–4 h",DLST,1.0,0.875307851926454,0.643548026362178,neither,,,,,
"Human subcutaneous adipose, EE–CON 3.5–4 h",DPM1,1.0,1.17214577770969,1.36247100535934,neither,,,,,
"Human subcutaneous adipose, EE–CON 3.5–4 h",DPYSL3,1.0,0.0797539271605372,2.09224626645752,neither,,,,,
"Human subcutaneous adipose, EE–CON 3.5–4 h",ECM2,1.0,-0.030100881009942,-0.245895580476372,neither,,,,,
"Human subcutaneous adipose, EE–CON 3.5–4 h",EFEMP1,1.0,-1.37163248450576,-2.52868045525266,neither,,,,,
"Human subcutaneous adipose, EE–CON 3.5–4 h",EGLN1,-1.0,-2.07582352052871,1.02928224050655,neither,,,,,
"Human subcutaneous adipose, EE–CON 3.5–4 h",EHBP1L1,-1.0,-0.122496401017239,1.95203851918359,neither,,,,,
"Human subcutaneous adipose, EE–CON 3.5–4 h",EHD3,1.0,-1.81931623395054,2.90398193997082,neither,,,,,
"Human subcutaneous adipose, EE–CON 3.5–4 h",EIF1AX,-1.0,-0.128776073688326,1.9139891691112,neither,,,,,
"Human subcutaneous adipose, EE–CON 3.5–4 h",EIF1AY,1.0,0.0068021238545899,-0.423025341185955,neither,,,,,
"Human subcutaneous adipose, EE–CON 3.5–4 h",EMC2,1.0,1.44727602280586,-1.21918013370652,neither,,,,,
"Human subcutaneous adipose, EE–CON 3.5–4 h",EMC6,-1.0,1.16647435094733,-3.49219890640469,protein only,,,,,
"Human subcutaneous adipose, EE–CON 3.5–4 h",EMCN,-1.0,-2.26259726486656,-1.73384938430278,neither,,,,,
"Human subcutaneous adipose, EE–CON 3.5–4 h",ENPP2,1.0,-1.18236697816941,-1.18293609276964,neither,,,,,
"Human subcutaneous adipose, EE–CON 3.5–4 h",EPB41L2,1.0,0.42913894907424,-0.78914925987609,neither,,,,,
"Human subcutaneous adipose, EE–CON 3.5–4 h",EPHX2,1.0,-1.08732440484489,0.419396549503574,neither,,,,,
"Human subcutaneous adipose, EE–CON 3.5–4 h",EPM2AIP1,1.0,1.01349773869728,-0.535959227143879,neither,,,,,
"Human subcutaneous adipose, EE–CON 3.5–4 h",ERLIN2,1.0,-1.48662966913689,-1.92353463905585,neither,,,,,
"Human subcutaneous adipose, EE–CON 3.5–4 h",EVL,1.0,1.46411876473227,0.469072467237367,neither,,,,,
"Human subcutaneous adipose, EE–CON 3.5–4 h",F3,1.0,-0.676532704884144,-0.395853524407611,neither,,,,,
"Human subcutaneous adipose, EE–CON 3.5–4 h",F5,1.0,1.01586015466688,0.690302459339537,neither,,,,,
"Human subcutaneous adipose, EE–CON 3.5–4 h",FADS3,-1.0,-0.571164910664033,-0.0511829078214974,neither,,,,,
"Human subcutaneous adipose, EE–CON 3.5–4 h",FAM13A,1.0,2.44255275650328,0.738300028273349,neither,,,,,
"Human subcutaneous adipose, EE–CON 3.5–4 h",FAP,1.0,0.786581806211219,-2.18122100235636,neither,,,,,
"Human subcutaneous adipose, EE–CON 3.5–4 h",FASN,-1.0,0.331038423111191,0.369300450162457,neither,,,,,
"Human subcutaneous adipose, EE–CON 3.5–4 h",FBLN2,1.0,-0.559849458697903,-0.761321505371983,neither,,,,,
"Human subcutaneous adipose, EE–CON 3.5–4 h",FBN1,1.0,-0.241870121364684,-0.193325760669596,neither,,,,,
"Human subcutaneous adipose, EE–CON 3.5–4 h",FCGR2A,1.0,0.774775756170606,-0.993578277569972,neither,,,,,
"Human subcutaneous adipose, EE–CON 3.5–4 h",FCGR3B,1.0,-0.385104752101959,-0.909070971902051,neither,,,,,
"Human subcutaneous adipose, EE–CON 3.5–4 h",FCGRT,1.0,-0.394913559852645,-0.833686567358072,neither,,,,,
"Human subcutaneous adipose, EE–CON 3.5–4 h",FCN3,-1.0,0.474276841691297,-0.0662566846117545,neither,,,,,
"Human subcutaneous adipose, EE–CON 3.5–4 h",FERMT2,-1.0,-1.63140665490876,-1.08261221011335,neither,,,,,
"Human subcutaneous adipose, EE–CON 3.5–4 h",FGF1,1.0,-0.836872363254441,1.2938112902405,neither,,,,,
"Human subcutaneous adipose, EE–CON 3.5–4 h",FKBP4,-1.0,-0.911794107214297,0.117580798672039,neither,,,,,
"Human subcutaneous adipose, EE–CON 3.5–4 h",FKBP5,-1.0,2.28281480252611,-2.03962295030835,neither,,,,,
"Human subcutaneous adipose, EE–CON 3.5–4 h",FLII,-1.0,-1.98489272722981,1.20249914418019,neither,,,,,
"Human subcutaneous adipose, EE–CON 3.5–4 h",FLNC,-1.0,1.42446168530857,-0.891735113111709,neither,,,,,
"Human subcutaneous adipose, EE–CON 3.5–4 h",FMOD,1.0,-1.78821698553985,-0.693553849414203,neither,,,,,
"Human subcutaneous adipose, EE–CON 3.5–4 h",FNBP1L,1.0,1.33427790716423,2.62197557099182,neither,,,,,
"Human subcutaneous adipose, EE–CON 3.5–4 h",FRZB,1.0,-0.0515898979426615,-1.90829111369568,neither,,,,,
"Human subcutaneous adipose, EE–CON 3.5–4 h",FSTL1,1.0,0.922575635256419,-0.417800800845154,neither,,,,,
"Human subcutaneous adipose, EE–CON 3.5–4 h",FUCA1,1.0,0.717526494885586,1.73190604610868,neither,,,,,
"Human subcutaneous adipose, EE–CON 3.5–4 h",G0S2,-1.0,0.452316289767822,-1.21601537428132,neither,,,,,
"Human subcutaneous adipose, EE–CON 3.5–4 h",GATM,1.0,0.280732418461327,-2.54428244848672,neither,,,,,
"Human subcutaneous adipose, EE–CON 3.5–4 h",GCLM,-1.0,1.68237193660005,1.03304702528795,neither,,,,,
"Human subcutaneous adipose, EE–CON 3.5–4 h",GLOD4,1.0,0.387230282158763,1.9142975756736,neither,,,,,
"Human subcutaneous adipose, EE–CON 3.5–4 h",GLRX,1.0,-1.6811385751622,2.08921417733113,neither,,,,,
"Human subcutaneous adipose, EE–CON 3.5–4 h",GLRX2,-1.0,0.945810848165668,5.22579640041191,protein only,,,,,
"Human subcutaneous adipose, EE–CON 3.5–4 h",GLUL,-1.0,2.08916921594246,1.32775306497547,neither,,,,,
"Human subcutaneous adipose, EE–CON 3.5–4 h",GMPR,-1.0,-0.0407946018645441,0.352645274506756,neither,,,,,
"Human subcutaneous adipose, EE–CON 3.5–4 h",GNL3,-1.0,1.5357619417512,-1.85061956569257,neither,,,,,
"Human subcutaneous adipose, EE–CON 3.5–4 h",GOLT1B,-1.0,1.53047775108823,-0.797632166322122,neither,,,,,
"Human subcutaneous adipose, EE–CON 3.5–4 h",GPD1L,-1.0,1.21220982246919,1.01545587432115,neither,,,,,
"Human subcutaneous adipose, EE–CON 3.5–4 h",GPX3,-1.0,0.478364413146912,-1.9906858424728,neither,,,,,
"Human subcutaneous adipose, EE–CON 3.5–4 h",GSE1,-1.0,-0.0171323906966341,-1.5409542733502,neither,,,,,
"Human subcutaneous adipose, EE–CON 3.5–4 h",GTF2E1,1.0,1.60414860828425,0.449885988089425,neither,,,,,
"Human subcutaneous adipose, EE–CON 3.5–4 h",GTPBP6,-1.0,-1.38592498487519,-2.59894558377362,neither,,,,,
"Human subcutaneous adipose, EE–CON 3.5–4 h",HBA1,1.0,-0.498754732353802,0.588506688765511,neither,,,,,
"Human subcutaneous adipose, EE–CON 3.5–4 h",HBB,1.0,-1.91055402522293,0.483179397615205,neither,,,,,
"Human subcutaneous adipose, EE–CON 3.5–4 h",HLA-B,1.0,-0.498341339302258,0.641969301957722,neither,,,,,
"Human subcutaneous adipose, EE–CON 3.5–4 h",HLA-DPB1,1.0,0.0216785232459076,0.348942954911483,neither,,,,,
"Human subcutaneous adipose, EE–CON 3.5–4 h",HMGB2,1.0,1.91952473009938,0.907553052047643,neither,,,,,
"Human subcutaneous adipose, EE–CON 3.5–4 h",HMGCL,1.0,-0.499052824881089,2.28804372234264,neither,,,,,
"Human subcutaneous adipose, EE–CON 3.5–4 h",HMGN1,1.0,-0.183971034557378,-0.765058941851591,neither,,,,,
"Human subcutaneous adipose, EE–CON 3.5–4 h",HMGN2,1.0,-0.561949712312093,-0.227702982993502,neither,,,,,
"Human subcutaneous adipose, EE–CON 3.5–4 h",HMOX2,-1.0,2.08445166593842,-0.332791090759966,neither,,,,,
"Human subcutaneous adipose, EE–CON 3.5–4 h",HOPX,-1.0,0.285675010037604,-0.0242217992134078,neither,,,,,
"Human subcutaneous adipose, EE–CON 3.5–4 h",HPRT1,1.0,1.79644311121929,0.97063839995206,neither,,,,,
"Human subcutaneous adipose, EE–CON 3.5–4 h",HSP90AA1,-1.0,0.0013236248765082,-1.77774998079152,neither,,,,,
"Human subcutaneous adipose, EE–CON 3.5–4 h",HSPA2,1.0,0.143120654952868,-0.052909179953636,neither,,,,,
"Human subcutaneous adipose, EE–CON 3.5–4 h",HSPA5,1.0,0.438319101504412,0.719776645967354,neither,,,,,
"Human subcutaneous adipose, EE–CON 3.5–4 h",HSPB2,-1.0,-0.751882359027328,3.7460453442,protein only,,,,,
"Human subcutaneous adipose, EE–CON 3.5–4 h",HSPB6,1.0,0.166667859715036,0.355223363046738,neither,,,,,
"Human subcutaneous adipose, EE–CON 3.5–4 h",HTRA1,1.0,-1.00340000941856,-0.765161997255048,neither,,,,,
"Human subcutaneous adipose, EE–CON 3.5–4 h",HYAL2,-1.0,-0.933595745699494,-2.42896009582645,neither,,,,,
"Human subcutaneous adipose, EE–CON 3.5–4 h",IFIT1,1.0,-2.28835916504607,-2.30742873223046,neither,,,,,
"Human subcutaneous adipose, EE–CON 3.5–4 h",IFIT3,1.0,-2.1530142326445,-1.57098543713225,neither,,,,,
"Human subcutaneous adipose, EE–CON 3.5–4 h",IFITM3,-1.0,-0.563333680391825,0.185450742388422,neither,,,,,
"Human subcutaneous adipose, EE–CON 3.5–4 h",IGHG2,-1.0,1.49948165547976,1.05709012975374,neither,,,,,
"Human subcutaneous adipose, EE–CON 3.5–4 h",IRS1,-1.0,-1.76965980346838,1.76624085677981,neither,,,,,
"Human subcutaneous adipose, EE–CON 3.5–4 h",IRS2,-1.0,-0.930250633267685,0.289136110962042,neither,,,,,
"Human subcutaneous adipose, EE–CON 3.5–4 h",ISLR,1.0,-0.59193223912294,-0.361952519129671,neither,,,,,
"Human subcutaneous adipose, EE–CON 3.5–4 h",ITFG1,1.0,-0.801314133664303,-1.28370510051178,neither,,,,,
"Human subcutaneous adipose, EE–CON 3.5–4 h",ITGA5,-1.0,0.485264480877841,-1.64738556667655,neither,,,,,
"Human subcutaneous adipose, EE–CON 3.5–4 h",IVNS1ABP,1.0,0.224776723181971,0.324381885859515,neither,,,,,
"Human subcutaneous adipose, EE–CON 3.5–4 h",JAK2,1.0,2.49460395259573,3.04965754640045,neither,,,,,
"Human subcutaneous adipose, EE–CON 3.5–4 h",JTB,-1.0,0.859456494470559,2.20758508613417,neither,,,,,
"Human subcutaneous adipose, EE–CON 3.5–4 h",JUP,-1.0,-4.82184775931536,-1.02611949078851,RNA only,,,,,
"Human subcutaneous adipose, EE–CON 3.5–4 h",KCTD12,-1.0,-1.40807694159724,-1.55430216289193,neither,,,,,
"Human subcutaneous adipose, EE–CON 3.5–4 h",KPNA2,-1.0,0.768083694020813,0.504037788339599,neither,,,,,
"Human subcutaneous adipose, EE–CON 3.5–4 h",LAMB1,1.0,0.914562451784886,0.746093539082834,neither,,,,,
"Human subcutaneous adipose, EE–CON 3.5–4 h",LARP6,-1.0,-0.0512775565643179,-1.20029754162331,neither,,,,,
"Human subcutaneous adipose, EE–CON 3.5–4 h",LMCD1,-1.0,1.55613769234014,1.58916739009783,neither,,,,,
"Human subcutaneous adipose, EE–CON 3.5–4 h",LOXL1,1.0,0.0699547746892811,1.66075721350564,neither,,,,,
"Human subcutaneous adipose, EE–CON 3.5–4 h",LPIN1,-1.0,1.81889348326809,1.10129189980296,neither,,,,,
"Human subcutaneous adipose, EE–CON 3.5–4 h",LRRC17,1.0,0.472211786552301,2.62476236374891,neither,,,,,
"Human subcutaneous adipose, EE–CON 3.5–4 h",LRRC59,-1.0,1.74326647713768,-2.82349792308483,neither,,,,,
"Human subcutaneous adipose, EE–CON 3.5–4 h",LSP1,1.0,1.0373795227656,-0.786705313847778,neither,,,,,
"Human subcutaneous adipose, EE–CON 3.5–4 h",LTBP1,1.0,-0.0268706573231575,0.102055722826345,neither,,,,,
"Human subcutaneous adipose, EE–CON 3.5–4 h",LTBP2,1.0,1.35807647940674,0.272038322965819,neither,,,,,
"Human subcutaneous adipose, EE–CON 3.5–4 h",LUM,1.0,-0.670661456721389,0.146800532976958,neither,,,,,
"Human subcutaneous adipose, EE–CON 3.5–4 h",LYVE1,-1.0,1.67481099398796,0.258438875600243,neither,,,,,
"Human subcutaneous adipose, EE–CON 3.5–4 h",MAGED1,1.0,-0.361441537584369,-2.73881741920228,neither,,,,,
"Human subcutaneous adipose, EE–CON 3.5–4 h",MAGED2,1.0,-2.43705434270862,0.311998726905242,neither,,,,,
"Human subcutaneous adipose, EE–CON 3.5–4 h",MAP2K1,-1.0,0.771686957906249,2.36846886159447,neither,,,,,
"Human subcutaneous adipose, EE–CON 3.5–4 h",MAP3K6,-1.0,1.75936283923882,-0.729427608739183,neither,,,,,
"Human subcutaneous adipose, EE–CON 3.5–4 h",MARK3,-1.0,-0.64935580899573,-0.228673621365656,neither,,,,,
"Human subcutaneous adipose, EE–CON 3.5–4 h",MATN2,1.0,0.252933562840743,-1.99700809230257,neither,,,,,
"Human subcutaneous adipose, EE–CON 3.5–4 h",MBNL2,-1.0,1.17864673035034,0.163518890263754,neither,,,,,
"Human subcutaneous adipose, EE–CON 3.5–4 h",MCM6,1.0,1.2580438099867,-0.696994520553959,neither,,,,,
"Human subcutaneous adipose, EE–CON 3.5–4 h",MFAP4,1.0,-0.830339241596508,-1.46842736355312,neither,,,,,
"Human subcutaneous adipose, EE–CON 3.5–4 h",MID1IP1,-1.0,-1.0386200841642,2.07885672948276,neither,,,,,
"Human subcutaneous adipose, EE–CON 3.5–4 h",MNDA,1.0,0.62660615924011,0.676616255790918,neither,,,,,
"Human subcutaneous adipose, EE–CON 3.5–4 h",MPI,1.0,0.827829846281252,2.9426419174757,neither,,,,,
"Human subcutaneous adipose, EE–CON 3.5–4 h",MT1X,-1.0,1.56651402565184,-0.982215149825075,neither,,,,,
"Human subcutaneous adipose, EE–CON 3.5–4 h",MTCH1,-1.0,0.308076024693332,-0.710688457178422,neither,,,,,
"Human subcutaneous adipose, EE–CON 3.5–4 h",MTFR1,-1.0,1.18107967112823,-0.683739282427069,neither,,,,,
"Human subcutaneous adipose, EE–CON 3.5–4 h",MTR,1.0,0.206425321270585,-1.73477005431978,neither,,,,,
"Human subcutaneous adipose, EE–CON 3.5–4 h",MX1,1.0,-2.70682726998471,-1.33159159655452,neither,,,,,
"Human subcutaneous adipose, EE–CON 3.5–4 h",MX2,1.0,-2.47919573740547,-2.90840577661918,neither,,,,,
"Human subcutaneous adipose, EE–CON 3.5–4 h",MXRA5,1.0,-0.291691963025054,1.72238044743849,neither,,,,,
"Human subcutaneous adipose, EE–CON 3.5–4 h",NAA15,-1.0,1.1009152279683,-0.0758704105468406,neither,,,,,
"Human subcutaneous adipose, EE–CON 3.5–4 h",NAMPT,-1.0,1.5448959617483,0.0820186528845643,neither,,,,,
"Human subcutaneous adipose, EE–CON 3.5–4 h",NCAM1,-1.0,-1.07148946425345,2.42013576547826,neither,,,,,
"Human subcutaneous adipose, EE–CON 3.5–4 h",NCF2,1.0,0.821185106408448,0.562766711428674,neither,,,,,
"Human subcutaneous adipose, EE–CON 3.5–4 h",NDN,1.0,0.273582024310715,-2.19728362660065,neither,,,,,
"Human subcutaneous adipose, EE–CON 3.5–4 h",NDRG4,-1.0,0.965424786087024,0.611196225983182,neither,,,,,
"Human subcutaneous adipose, EE–CON 3.5–4 h",NID1,-1.0,1.33261206161005,1.05611589314488,neither,,,,,
"Human subcutaneous adipose, EE–CON 3.5–4 h",NIT2,1.0,1.51649565948468,2.51209053475679,neither,,,,,
"Human subcutaneous adipose, EE–CON 3.5–4 h",NNMT,-1.0,0.594314449338529,2.3738163789162,neither,,,,,
"Human subcutaneous adipose, EE–CON 3.5–4 h",NOS3,-1.0,-0.8712670504183,-0.63793672761571,neither,,,,,
"Human subcutaneous adipose, EE–CON 3.5–4 h",NQO2,-1.0,-0.187045734490342,3.15794893768178,neither,,,,,
"Human subcutaneous adipose, EE–CON 3.5–4 h",NUCB2,1.0,-0.37739484793224,2.53069989441279,neither,,,,,
"Human subcutaneous adipose, EE–CON 3.5–4 h",NUDT3,1.0,0.109116465664659,0.588033320684287,neither,,,,,
"Human subcutaneous adipose, EE–CON 3.5–4 h",NUDT4,-1.0,-0.679509379184266,0.452715774608764,neither,,,,,
"Human subcutaneous adipose, EE–CON 3.5–4 h",NUP37,1.0,1.72367171627213,-0.517722056098528,neither,,,,,
"Human subcutaneous adipose, EE–CON 3.5–4 h",OGDH,-1.0,-0.375849664927165,0.0626969932845444,neither,,,,,
"Human subcutaneous adipose, EE–CON 3.5–4 h",OGN,1.0,1.96719364448803,0.502073360708766,neither,,,,,
"Human subcutaneous adipose, EE–CON 3.5–4 h",OLFML3,1.0,0.534236026443971,-1.08225352905777,neither,,,,,
"Human subcutaneous adipose, EE–CON 3.5–4 h",PALLD,-1.0,2.33122627715849,1.47415701662098,neither,,,,,
"Human subcutaneous adipose, EE–CON 3.5–4 h",PALMD,1.0,-0.0758526002920712,1.19385113478023,neither,,,,,
"Human subcutaneous adipose, EE–CON 3.5–4 h",PCCB,1.0,-0.0284033223276059,1.44194589179013,neither,,,,,
"Human subcutaneous adipose, EE–CON 3.5–4 h",PCNT,-1.0,-1.95347053626262,-2.44904562619259,neither,,,,,
"Human subcutaneous adipose, EE–CON 3.5–4 h",PCOLCE,1.0,0.16136837240083,1.67160990623736,neither,,,,,
"Human subcutaneous adipose, EE–CON 3.5–4 h",PCOLCE2,1.0,0.533262435892604,0.453530764366517,neither,,,,,
"Human subcutaneous adipose, EE–CON 3.5–4 h",PDK4,1.0,1.74440910820112,-0.501831056566276,neither,,,,,
"Human subcutaneous adipose, EE–CON 3.5–4 h",PDLIM3,1.0,2.76221759561462,2.44998195411872,neither,,,,,
"Human subcutaneous adipose, EE–CON 3.5–4 h",PDZD2,-1.0,0.140492500285468,0.405956526969315,neither,,,,,
"Human subcutaneous adipose, EE–CON 3.5–4 h",PHF11,1.0,-2.05742778840643,-1.12313381594848,neither,,,,,
"Human subcutaneous adipose, EE–CON 3.5–4 h",PKM,1.0,1.15305407189966,-1.05379788915177,neither,,,,,
"Human subcutaneous adipose, EE–CON 3.5–4 h",PLA2G2A,-1.0,-0.0976805012846151,-1.77583065236975,neither,,,,,
"Human subcutaneous adipose, EE–CON 3.5–4 h",PLBD1,1.0,2.29616302031278,2.82850921808076,neither,,,,,
"Human subcutaneous adipose, EE–CON 3.5–4 h",PLEKHO1,-1.0,-0.253567336060151,0.45983311275515,neither,,,,,
"Human subcutaneous adipose, EE–CON 3.5–4 h",PLIN2,-1.0,1.68115890597263,-1.9030874884754,neither,,,,,
"Human subcutaneous adipose, EE–CON 3.5–4 h",PLP2,-1.0,1.3268396599017,-1.04812816933812,neither,,,,,
"Human subcutaneous adipose, EE–CON 3.5–4 h",PLSCR4,1.0,0.194528193123722,-0.77156010866078,neither,,,,,
"Human subcutaneous adipose, EE–CON 3.5–4 h",PLXDC1,1.0,0.457373825600233,-0.550063013128176,neither,,,,,
"Human subcutaneous adipose, EE–CON 3.5–4 h",PODXL,-1.0,-0.657890198306107,-1.6825650141712,neither,,,,,
"Human subcutaneous adipose, EE–CON 3.5–4 h",POGLUT1,-1.0,0.750798489611232,-0.478262972811753,neither,,,,,
"Human subcutaneous adipose, EE–CON 3.5–4 h",POLE3,-1.0,-0.922935887406205,3.17333223263487,neither,,,,,
"Human subcutaneous adipose, EE–CON 3.5–4 h",POLR1D,-1.0,1.35740623539438,-0.235675984594643,neither,,,,,
"Human subcutaneous adipose, EE–CON 3.5–4 h",POR,-1.0,1.649941539236,-1.85104725557064,neither,,,,,
"Human subcutaneous adipose, EE–CON 3.5–4 h",PPL,-1.0,-0.41001556340661,-1.47770421502437,neither,,,,,
"Human subcutaneous adipose, EE–CON 3.5–4 h",PPP1R12B,1.0,2.73448043179153,-0.45592763219045,neither,,,,,
"Human subcutaneous adipose, EE–CON 3.5–4 h",PPT1,1.0,2.3596305499256,-0.146405643812925,neither,,,,,
"Human subcutaneous adipose, EE–CON 3.5–4 h",PRDX4,1.0,0.364599110471487,-0.60592498730161,neither,,,,,
"Human subcutaneous adipose, EE–CON 3.5–4 h",PRDX6,-1.0,0.52953527335153,1.23175742447827,neither,,,,,
"Human subcutaneous adipose, EE–CON 3.5–4 h",PSMB10,1.0,-0.175453792753624,0.923953558626936,neither,,,,,
"Human subcutaneous adipose, EE–CON 3.5–4 h",PSPH,-1.0,-1.45991679425071,1.04597996637709,neither,,,,,
"Human subcutaneous adipose, EE–CON 3.5–4 h",PTP4A2,-1.0,1.52068653497636,3.53032601139034,protein only,,,,,
"Human subcutaneous adipose, EE–CON 3.5–4 h",QSOX1,-1.0,-0.73350265926641,1.28760948807035,neither,,,,,
"Human subcutaneous adipose, EE–CON 3.5–4 h",RAB9A,-1.0,-0.820564543898602,0.699535053960229,neither,,,,,
"Human subcutaneous adipose, EE–CON 3.5–4 h",RABAC1,-1.0,0.092292202009405,-0.551209419382308,neither,,,,,
"Human subcutaneous adipose, EE–CON 3.5–4 h",RANGAP1,-1.0,-0.423890471373636,0.968538276090456,neither,,,,,
"Human subcutaneous adipose, EE–CON 3.5–4 h",RBM10,1.0,0.75413299226662,-0.0061270827384774,neither,,,,,
"Human subcutaneous adipose, EE–CON 3.5–4 h",RBP4,-1.0,0.444959971059105,1.96895727228106,neither,,,,,
"Human subcutaneous adipose, EE–CON 3.5–4 h",RCAN1,-1.0,0.85685204619402,-0.727931467805899,neither,,,,,
"Human subcutaneous adipose, EE–CON 3.5–4 h",RCBTB2,1.0,-0.489323896682992,-1.37523165721744,neither,,,,,
"Human subcutaneous adipose, EE–CON 3.5–4 h",RHOC,-1.0,0.33272391314326,1.65666064788607,neither,,,,,
"Human subcutaneous adipose, EE–CON 3.5–4 h",RHOT1,-1.0,-1.28447991309625,-0.860409648949566,neither,,,,,
"Human subcutaneous adipose, EE–CON 3.5–4 h",RNASET2,1.0,0.885578055786119,2.64823801510866,neither,,,,,
"Human subcutaneous adipose, EE–CON 3.5–4 h",RNF14,-1.0,0.597122735479387,1.77384040467958,neither,,,,,
"Human subcutaneous adipose, EE–CON 3.5–4 h",RWDD1,-1.0,0.245128609966314,0.155312316123588,neither,,,,,
"Human subcutaneous adipose, EE–CON 3.5–4 h",S100A8,-1.0,-0.0597191283705923,2.39704778380269,neither,,,,,
"Human subcutaneous adipose, EE–CON 3.5–4 h",S100A9,-1.0,-0.0543571008926973,2.22148854983083,neither,,,,,
"Human subcutaneous adipose, EE–CON 3.5–4 h",S100P,1.0,0.0225150679247895,1.9798603074069,neither,,,,,
"Human subcutaneous adipose, EE–CON 3.5–4 h",SAA2,-1.0,-0.123512397099724,2.1964464048757,neither,,,,,
"Human subcutaneous adipose, EE–CON 3.5–4 h",SAMHD1,-1.0,0.818043408726066,-3.01590026395994,neither,,,,,
"Human subcutaneous adipose, EE–CON 3.5–4 h",SCD,-1.0,0.133253257893207,0.596937980505315,neither,,,,,
"Human subcutaneous adipose, EE–CON 3.5–4 h",SCUBE2,1.0,-0.561581376587102,-1.31103162576647,neither,,,,,
"Human subcutaneous adipose, EE–CON 3.5–4 h",SEC31A,1.0,-0.754514185908578,-2.35063051530834,neither,,,,,
"Human subcutaneous adipose, EE–CON 3.5–4 h",SEC61A1,-1.0,0.990260968638946,-3.96537712101714,protein only,,,,,
"Human subcutaneous adipose, EE–CON 3.5–4 h",SERPINA3,-1.0,0.151470236029926,0.20912889819665,neither,,,,,
"Human subcutaneous adipose, EE–CON 3.5–4 h",SFRP1,1.0,-0.902533622047133,2.30437145575653,neither,,,,,
"Human subcutaneous adipose, EE–CON 3.5–4 h",SH3BGRL,1.0,1.80855755964198,1.72317138772564,neither,,,,,
"Human subcutaneous adipose, EE–CON 3.5–4 h",SLC1A3,-1.0,0.923919856319225,0.518829703108428,neither,,,,,
"Human subcutaneous adipose, EE–CON 3.5–4 h",SLC25A11,1.0,0.167123069868288,-1.98693119113551,neither,,,,,
"Human subcutaneous adipose, EE–CON 3.5–4 h",SLC25A12,-1.0,-1.09970346574912,-1.38807595936832,neither,,,,,
"Human subcutaneous adipose, EE–CON 3.5–4 h",SLC25A20,1.0,0.973361165881292,-2.30870035245264,neither,,,,,
"Human subcutaneous adipose, EE–CON 3.5–4 h",SLC30A1,1.0,1.69717466200911,-1.75429210954349,neither,,,,,
"Human subcutaneous adipose, EE–CON 3.5–4 h",SNRPB,-1.0,-0.447007620843146,-0.177588193238566,neither,,,,,
"Human subcutaneous adipose, EE–CON 3.5–4 h",SNX7,-1.0,1.70785340375868,-1.12362385300829,neither,,,,,
"Human subcutaneous adipose, EE–CON 3.5–4 h",SORT1,-1.0,1.42411142813423,-1.64417868051631,neither,,,,,
"Human subcutaneous adipose, EE–CON 3.5–4 h",SOS1,-1.0,-1.23436424604471,0.58194576040843,neither,,,,,
"Human subcutaneous adipose, EE–CON 3.5–4 h",SPARC,1.0,-0.859778086315043,0.112817139744502,neither,,,,,
"Human subcutaneous adipose, EE–CON 3.5–4 h",SPATA20,1.0,-2.1122188862088,-1.60254393305317,neither,,,,,
"Human subcutaneous adipose, EE–CON 3.5–4 h",SPG11,1.0,-1.3453457330128,-0.343047919926624,neither,,,,,
"Human subcutaneous adipose, EE–CON 3.5–4 h",SRGN,-1.0,1.7376273097104,-1.54382714905715,neither,,,,,
"Human subcutaneous adipose, EE–CON 3.5–4 h",SRPX,-1.0,1.85425921437796,-1.87016882066722,neither,,,,,
"Human subcutaneous adipose, EE–CON 3.5–4 h",SSPN,1.0,-0.576681111739025,1.62570881310681,neither,,,,,
"Human subcutaneous adipose, EE–CON 3.5–4 h",STAT3,-1.0,1.54574163282769,0.610847817850047,neither,,,,,
"Human subcutaneous adipose, EE–CON 3.5–4 h",STEAP3,-1.0,-1.45244611591288,1.76444771868679,neither,,,,,
"Human subcutaneous adipose, EE–CON 3.5–4 h",STIP1,-1.0,0.215134467380819,2.41094352472369,neither,,,,,
"Human subcutaneous adipose, EE–CON 3.5–4 h",STK38L,1.0,0.0545181974971149,-0.142446445815557,neither,,,,,
"Human subcutaneous adipose, EE–CON 3.5–4 h",SUCLA2,1.0,0.92113570124994,-0.266668143440902,neither,,,,,
"Human subcutaneous adipose, EE–CON 3.5–4 h",SUN2,-1.0,1.08712757389079,-1.52101311864454,neither,,,,,
"Human subcutaneous adipose, EE–CON 3.5–4 h",SYNE2,-1.0,-0.242467459798871,-2.67987804327587,neither,,,,,
"Human subcutaneous adipose, EE–CON 3.5–4 h",TAF15,1.0,-1.92624320804842,0.720814789255733,neither,,,,,
"Human subcutaneous adipose, EE–CON 3.5–4 h",TAPBPL,1.0,0.202412962148851,-1.3063762911075,neither,,,,,
"Human subcutaneous adipose, EE–CON 3.5–4 h",TGFBR2,-1.0,0.58522283672485,-2.34032773504436,neither,,,,,
"Human subcutaneous adipose, EE–CON 3.5–4 h",TGFBR3,-1.0,2.98608677978076,0.151545422068684,neither,,,,,
"Human subcutaneous adipose, EE–CON 3.5–4 h",TGM2,-1.0,-2.21585709070305,-0.207078340887548,neither,,,,,
"Human subcutaneous adipose, EE–CON 3.5–4 h",THBS1,-1.0,-0.0249089182905564,1.05580421276649,neither,,,,,
"Human subcutaneous adipose, EE–CON 3.5–4 h",THBS2,1.0,0.457129818164871,-0.528865853073548,neither,,,,,
"Human subcutaneous adipose, EE–CON 3.5–4 h",THBS4,1.0,-0.483161719955926,0.468400684931663,neither,,,,,
"Human subcutaneous adipose, EE–CON 3.5–4 h",THYN1,1.0,-0.639408438920306,2.02267493035421,neither,,,,,
"Human subcutaneous adipose, EE–CON 3.5–4 h",TIMP3,-1.0,2.52013631869165,1.36281533711374,neither,,,,,
"Human subcutaneous adipose, EE–CON 3.5–4 h",TIMP4,-1.0,2.52022449571474,3.87734851284176,protein only,,,,,
"Human subcutaneous adipose, EE–CON 3.5–4 h",TLN1,1.0,-0.0085340074052621,-2.56786600511838,neither,,,,,
"Human subcutaneous adipose, EE–CON 3.5–4 h",TM7SF2,1.0,0.474552183959362,-1.64443826609965,neither,,,,,
"Human subcutaneous adipose, EE–CON 3.5–4 h",TMSB4X,1.0,-0.22000330323879,2.18022616877551,neither,,,,,
"Human subcutaneous adipose, EE–CON 3.5–4 h",TPCN1,1.0,-0.173902215142899,-2.51814185363147,neither,,,,,
"Human subcutaneous adipose, EE–CON 3.5–4 h",TPPP3,1.0,-0.282531349187669,1.50917102262436,neither,,,,,
"Human subcutaneous adipose, EE–CON 3.5–4 h",TPRKB,-1.0,1.75064175926342,-0.526080091147783,neither,,,,,
"Human subcutaneous adipose, EE–CON 3.5–4 h",TRDN,-1.0,-0.963526647993912,-1.16443154427247,neither,,,,,
"Human subcutaneous adipose, EE–CON 3.5–4 h",TRIM22,1.0,-1.01177031763416,-0.661824127839715,neither,,,,,
"Human subcutaneous adipose, EE–CON 3.5–4 h",TRMT5,1.0,0.32245619023725,0.279544281387554,neither,,,,,
"Human subcutaneous adipose, EE–CON 3.5–4 h",TUBA4A,-1.0,0.557057334499549,0.430519618472925,neither,,,,,
"Human subcutaneous adipose, EE–CON 3.5–4 h",TUBG1,-1.0,0.550545307087707,2.11513002026009,neither,,,,,
"Human subcutaneous adipose, EE–CON 3.5–4 h",TXNIP,1.0,0.105182493243942,0.115450194233036,neither,,,,,
"Human subcutaneous adipose, EE–CON 3.5–4 h",TXNRD1,-1.0,0.61713219567975,2.87848082307347,neither,,,,,
"Human subcutaneous adipose, EE–CON 3.5–4 h",UAP1,-1.0,1.55630652725247,2.85562612790578,neither,,,,,
"Human subcutaneous adipose, EE–CON 3.5–4 h",UBFD1,-1.0,-0.962291103373177,2.0695826224619,neither,,,,,
"Human subcutaneous adipose, EE–CON 3.5–4 h",UBQLN2,1.0,1.03191746115007,3.57781574236109,protein only,,,,,
"Human subcutaneous adipose, EE–CON 3.5–4 h",UFSP2,1.0,0.346432808827274,-0.772338274838825,neither,,,,,
"Human subcutaneous adipose, EE–CON 3.5–4 h",UGP2,-1.0,-0.182745549437298,0.0189768332542284,neither,,,,,
"Human subcutaneous adipose, EE–CON 3.5–4 h",VCAN,1.0,0.674548066899071,0.158329240174485,neither,,,,,
"Human subcutaneous adipose, EE–CON 3.5–4 h",VEZF1,-1.0,-0.321578569270131,0.405856569145575,neither,,,,,
"Human subcutaneous adipose, EE–CON 3.5–4 h",VPS13D,-1.0,0.439293373068134,0.642474497345917,neither,,,,,
"Human subcutaneous adipose, EE–CON 3.5–4 h",VSIG4,-1.0,1.53418941437315,-0.519222744023542,neither,,,,,
"Human subcutaneous adipose, EE–CON 3.5–4 h",VTN,1.0,0.238278650642288,-0.292656233609033,neither,,,,,
"Human subcutaneous adipose, EE–CON 3.5–4 h",WFS1,1.0,0.14725529680556,-1.41026846186049,neither,,,,,
"Human subcutaneous adipose, EE–CON 3.5–4 h",XRCC4,-1.0,0.681113107028263,-0.0147156341807952,neither,,,,,
"Human subcutaneous adipose, EE–CON 3.5–4 h",YBX3,-1.0,1.78131402115502,1.23012204584483,neither,,,,,
"Human subcutaneous adipose, EE–CON 3.5–4 h",ZBTB16,1.0,2.15299203137107,-1.93154469250703,neither,,,,,
"Human subcutaneous adipose, EE–CON 3.5–4 h",ZNF189,1.0,1.27756035230241,1.50176137029969,neither,,,,,
"Human subcutaneous adipose, RE–CON 3.5–4 h",AASS,-1.0,1.36206824967185,-0.13350196674889,neither,,,,,
"Human subcutaneous adipose, RE–CON 3.5–4 h",ABCA8,1.0,-0.0522678222360311,-1.1304327205058,neither,,,,,
"Human subcutaneous adipose, RE–CON 3.5–4 h",ABHD5,-1.0,2.72171298210854,2.13343498448976,neither,,,,,
"Human subcutaneous adipose, RE–CON 3.5–4 h",ABL1,-1.0,1.03827718204841,1.25510361058433,neither,,,,,
"Human subcutaneous adipose, RE–CON 3.5–4 h",ACSS3,-1.0,0.0879222337290446,-2.08928078551779,neither,,,,,
"Human subcutaneous adipose, RE–CON 3.5–4 h",ACTA1,-1.0,1.14327009826249,1.03121602567629,neither,,,,,
"Human subcutaneous adipose, RE–CON 3.5–4 h",ADD3,1.0,-1.78205131901145,-0.0977532084231385,neither,,,,,
"Human subcutaneous adipose, RE–CON 3.5–4 h",ADH1B,-1.0,1.05346220727642,-0.797338584416143,neither,,,,,
"Human subcutaneous adipose, RE–CON 3.5–4 h",ADH5,1.0,1.18675931607367,-0.400158556214472,neither,,,,,
"Human subcutaneous adipose, RE–CON 3.5–4 h",AKR1C1,-1.0,0.938549494648372,-1.13196233590956,neither,,,,,
"Human subcutaneous adipose, RE–CON 3.5–4 h",AKR1C2,-1.0,0.511106939906021,-1.02153017463335,neither,,,,,
"Human subcutaneous adipose, RE–CON 3.5–4 h",AKR1C3,-1.0,1.22971452779081,-1.16369563509078,neither,,,,,
"Human subcutaneous adipose, RE–CON 3.5–4 h",ALAS1,1.0,0.923597404654377,-1.87564471379484,neither,,,,,
"Human subcutaneous adipose, RE–CON 3.5–4 h",ALDH5A1,1.0,-1.28640944531512,-2.83301005773741,neither,,,,,
"Human subcutaneous adipose, RE–CON 3.5–4 h",ALDH9A1,1.0,0.210255063114986,0.334414653124629,neither,,,,,
"Human subcutaneous adipose, RE–CON 3.5–4 h",ANK1,1.0,-1.43362045315093,1.01549897716656,neither,,,,,
"Human subcutaneous adipose, RE–CON 3.5–4 h",ANKMY2,1.0,-0.0122375852748883,2.04625480449125,neither,,,,,
"Human subcutaneous adipose, RE–CON 3.5–4 h",ANP32E,1.0,1.24069107768636,-0.410765714304028,neither,,,,,
"Human subcutaneous adipose, RE–CON 3.5–4 h",ANXA4,1.0,-0.815240978597461,0.575145190045202,neither,,,,,
"Human subcutaneous adipose, RE–CON 3.5–4 h",ANXA6,1.0,1.21698432436442,-0.025570019903911,neither,,,,,
"Human subcutaneous adipose, RE–CON 3.5–4 h",AOX1,-1.0,0.607919800942809,-0.520068659671759,neither,,,,,
"Human subcutaneous adipose, RE–CON 3.5–4 h",AP1S2,-1.0,-1.23017709093215,0.22122667576561,neither,,,,,
"Human subcutaneous adipose, RE–CON 3.5–4 h",AP2B1,1.0,-2.2139813770002,-0.434160075372275,neither,,,,,
"Human subcutaneous adipose, RE–CON 3.5–4 h",AP3M2,1.0,-0.210766701291515,2.12858386311094,neither,,,,,
"Human subcutaneous adipose, RE–CON 3.5–4 h",APOD,-1.0,1.88835773441375,0.764918142989504,neither,,,,,
"Human subcutaneous adipose, RE–CON 3.5–4 h",ARHGDIB,1.0,-0.102901707756111,0.588196634831505,neither,,,,,
"Human subcutaneous adipose, RE–CON 3.5–4 h",ARMCX1,1.0,-1.00279205915708,-2.36900281616017,neither,,,,,
"Human subcutaneous adipose, RE–CON 3.5–4 h",ARMCX2,1.0,-2.72431031249676,-1.49404412347865,neither,,,,,
"Human subcutaneous adipose, RE–CON 3.5–4 h",ARMCX3,1.0,1.6269451494337,-0.728930745780232,neither,,,,,
"Human subcutaneous adipose, RE–CON 3.5–4 h",ASMTL,1.0,-0.218385689920727,1.14287378675552,neither,,,,,
"Human subcutaneous adipose, RE–CON 3.5–4 h",ASPN,1.0,-0.655135623748432,2.59686339911312,neither,,,,,
"Human subcutaneous adipose, RE–CON 3.5–4 h",ATP1A1,-1.0,1.92976497466247,-2.92872503432799,neither,,,,,
"Human subcutaneous adipose, RE–CON 3.5–4 h",ATP1A2,-1.0,1.59102575645104,0.519389187587779,neither,,,,,
"Human subcutaneous adipose, RE–CON 3.5–4 h",ATP1B1,-1.0,0.743097664933808,-1.64855471094921,neither,,,,,
"Human subcutaneous adipose, RE–CON 3.5–4 h",ATP1B3,-1.0,1.19883485268109,-2.39375234593499,neither,,,,,
"Human subcutaneous adipose, RE–CON 3.5–4 h",ATP2A2,-1.0,-0.0033843654471752,-1.24177912036558,neither,,,,,
"Human subcutaneous adipose, RE–CON 3.5–4 h",BAG2,-1.0,1.47094296996703,-0.309410877199241,neither,,,,,
"Human subcutaneous adipose, RE–CON 3.5–4 h",BASP1,1.0,0.217354830921911,-0.0467519375466834,neither,,,,,
"Human subcutaneous adipose, RE–CON 3.5–4 h",BGN,1.0,0.0539175252439654,1.60963016081329,neither,,,,,
"Human subcutaneous adipose, RE–CON 3.5–4 h",BRD4,-1.0,0.661089999686348,3.58483544468057,neither,,,,,
"Human subcutaneous adipose, RE–CON 3.5–4 h",C1QTNF1,-1.0,3.05794456642383,1.83277125652176,neither,,,,,
"Human subcutaneous adipose, RE–CON 3.5–4 h",C1orf21,-1.0,1.69931310841723,0.0335105254746061,neither,,,,,
"Human subcutaneous adipose, RE–CON 3.5–4 h",C3,-1.0,-0.276079619621784,0.506912614609918,neither,,,,,
"Human subcutaneous adipose, RE–CON 3.5–4 h",C4A,-1.0,1.2850434540681,0.20218475944083,neither,,,,,
"Human subcutaneous adipose, RE–CON 3.5–4 h",C6,1.0,2.57444666463437,0.564929225723604,neither,,,,,
"Human subcutaneous adipose, RE–CON 3.5–4 h",CALU,-1.0,0.547291154606385,-2.01464382687277,neither,,,,,
"Human subcutaneous adipose, RE–CON 3.5–4 h",CCDC69,-1.0,0.751043271460838,-1.11490657187582,neither,,,,,
"Human subcutaneous adipose, RE–CON 3.5–4 h",CCT2,-1.0,1.7309338910951,-0.366447598081142,neither,,,,,
"Human subcutaneous adipose, RE–CON 3.5–4 h",CD14,-1.0,0.808222155078308,1.05708822394552,neither,,,,,
"Human subcutaneous adipose, RE–CON 3.5–4 h",CD163,-1.0,0.364470971908288,-0.624952288218063,neither,,,,,
"Human subcutaneous adipose, RE–CON 3.5–4 h",CD59,-1.0,1.93372839663675,-1.85351930469686,neither,,,,,
"Human subcutaneous adipose, RE–CON 3.5–4 h",CD74,1.0,-0.88110067223492,-2.09483051617398,neither,,,,,
"Human subcutaneous adipose, RE–CON 3.5–4 h",CDC37L1,-1.0,1.5465113771196,-1.42778691683392,neither,,,,,
"Human subcutaneous adipose, RE–CON 3.5–4 h",CDV3,-1.0,1.14732893390914,0.768998265912222,neither,,,,,
"Human subcutaneous adipose, RE–CON 3.5–4 h",CFHR1,1.0,0.51773674900863,-0.80211450523413,neither,,,,,
"Human subcutaneous adipose, RE–CON 3.5–4 h",CHORDC1,-1.0,0.354244816641884,0.71675704594644,neither,,,,,
"Human subcutaneous adipose, RE–CON 3.5–4 h",CILP,1.0,0.682493314265436,-0.81803990209481,neither,,,,,
"Human subcutaneous adipose, RE–CON 3.5–4 h",CLDND1,-1.0,-0.152564719593934,0.470893608416637,neither,,,,,
"Human subcutaneous adipose, RE–CON 3.5–4 h",CLIC4,-1.0,0.610747527922748,0.5846003162734,neither,,,,,
"Human subcutaneous adipose, RE–CON 3.5–4 h",CLIP1,-1.0,-0.238977473499726,1.18010556469809,neither,,,,,
"Human subcutaneous adipose, RE–CON 3.5–4 h",CLTB,-1.0,1.5361251387835,-1.3022327226506,neither,,,,,
"Human subcutaneous adipose, RE–CON 3.5–4 h",CLU,-1.0,-0.333855835296797,-0.670429270690383,neither,,,,,
"Human subcutaneous adipose, RE–CON 3.5–4 h",CMC2,-1.0,1.33649268245868,-1.49942633186461,neither,,,,,
"Human subcutaneous adipose, RE–CON 3.5–4 h",CNN1,-1.0,1.83565656464224,1.61833745216475,neither,,,,,
"Human subcutaneous adipose, RE–CON 3.5–4 h",COA4,-1.0,0.778823400119428,1.90030890639074,neither,,,,,
"Human subcutaneous adipose, RE–CON 3.5–4 h",COL15A1,1.0,-1.95395152032377,1.08407770011239,neither,,,,,
"Human subcutaneous adipose, RE–CON 3.5–4 h",COL1A1,1.0,-0.0361548210651286,0.439269411679058,neither,,,,,
"Human subcutaneous adipose, RE–CON 3.5–4 h",COL1A2,1.0,0.381427234767667,-0.462382315735898,neither,,,,,
"Human subcutaneous adipose, RE–CON 3.5–4 h",COL3A1,1.0,-0.909870050127937,0.418818959025564,neither,,,,,
"Human subcutaneous adipose, RE–CON 3.5–4 h",COL5A1,1.0,-0.732638790973575,1.27254801266347,neither,,,,,
"Human subcutaneous adipose, RE–CON 3.5–4 h",COL5A2,1.0,0.0392388553360048,0.376134225664873,neither,,,,,
"Human subcutaneous adipose, RE–CON 3.5–4 h",COLEC12,1.0,-0.725596841521839,0.0654283835111486,neither,,,,,
"Human subcutaneous adipose, RE–CON 3.5–4 h",COMP,1.0,2.43667866615487,0.956255666837312,neither,,,,,
"Human subcutaneous adipose, RE–CON 3.5–4 h",COX17,-1.0,0.461548578157726,-0.779928369718838,neither,,,,,
"Human subcutaneous adipose, RE–CON 3.5–4 h",CPE,1.0,0.22487448607033,2.71850048810667,neither,,,,,
"Human subcutaneous adipose, RE–CON 3.5–4 h",CPT2,1.0,2.24964734824004,0.24343063505607,neither,,,,,
"Human subcutaneous adipose, RE–CON 3.5–4 h",CRIM1,-1.0,1.71317218013381,-1.61960939605667,neither,,,,,
"Human subcutaneous adipose, RE–CON 3.5–4 h",CRISPLD2,-1.0,2.35250568682176,1.1849823964548,neither,,,,,
"Human subcutaneous adipose, RE–CON 3.5–4 h",CTSD,1.0,0.431200714628743,-0.65820362299003,neither,,,,,
"Human subcutaneous adipose, RE–CON 3.5–4 h",CTSH,1.0,0.104803931189994,0.104808512499136,neither,,,,,
"Human subcutaneous adipose, RE–CON 3.5–4 h",CTSK,1.0,0.395291954976962,1.54595114586718,neither,,,,,
"Human subcutaneous adipose, RE–CON 3.5–4 h",CXCL12,1.0,-0.883572205273125,0.065994435124061,neither,,,,,
"Human subcutaneous adipose, RE–CON 3.5–4 h",CXCL14,1.0,0.218104662406951,0.838191254148373,neither,,,,,
"Human subcutaneous adipose, RE–CON 3.5–4 h",DAZAP1,-1.0,0.0558951438597252,0.716503257330502,neither,,,,,
"Human subcutaneous adipose, RE–CON 3.5–4 h",DDX39A,-1.0,1.6323964541815,1.71469587909638,neither,,,,,
"Human subcutaneous adipose, RE–CON 3.5–4 h",DDX3Y,1.0,-0.433377564192478,0.90768547721014,neither,,,,,
"Human subcutaneous adipose, RE–CON 3.5–4 h",DERL1,-1.0,0.136287328934305,-0.183357876371913,neither,,,,,
"Human subcutaneous adipose, RE–CON 3.5–4 h",DLG1,-1.0,-3.06097758052085,-0.530360215904279,neither,,,,,
"Human subcutaneous adipose, RE–CON 3.5–4 h",DLST,1.0,1.48866628791037,0.216464415813154,neither,,,,,
"Human subcutaneous adipose, RE–CON 3.5–4 h",DPM1,1.0,1.19063541408735,0.104259549712755,neither,,,,,
"Human subcutaneous adipose, RE–CON 3.5–4 h",DPYSL3,1.0,-0.693789730115319,-0.145144750998571,neither,,,,,
"Human subcutaneous adipose, RE–CON 3.5–4 h",ECM2,1.0,-0.218207918820771,-0.340671414129639,neither,,,,,
"Human subcutaneous adipose, RE–CON 3.5–4 h",EFEMP1,1.0,-1.50141858206958,-1.3967782819517,neither,,,,,
"Human subcutaneous adipose, RE–CON 3.5–4 h",EGLN1,-1.0,-3.17863468836014,0.171136979694537,neither,,,,,
"Human subcutaneous adipose, RE–CON 3.5–4 h",EHBP1L1,-1.0,-0.394016031288523,1.41717907409468,neither,,,,,
"Human subcutaneous adipose, RE–CON 3.5–4 h",EHD3,1.0,-2.03659882177195,1.41910043017813,neither,,,,,
"Human subcutaneous adipose, RE–CON 3.5–4 h",EIF1AX,-1.0,1.17487337197739,2.42769772341702,neither,,,,,
"Human subcutaneous adipose, RE–CON 3.5–4 h",EIF1AY,1.0,2.04150931036687,-2.06864725574705,neither,,,,,
"Human subcutaneous adipose, RE–CON 3.5–4 h",EMC2,1.0,1.50847555567743,-0.19207933280902,neither,,,,,
"Human subcutaneous adipose, RE–CON 3.5–4 h",EMC6,-1.0,0.373603360682866,-2.44738991994763,neither,,,,,
"Human subcutaneous adipose, RE–CON 3.5–4 h",EMCN,-1.0,-3.30863552171959,-1.51264559373693,neither,,,,,
"Human subcutaneous adipose, RE–CON 3.5–4 h",ENPP2,1.0,-0.484426267722868,-0.791428882047603,neither,,,,,
"Human subcutaneous adipose, RE–CON 3.5–4 h",EPB41L2,1.0,0.610990998054645,-2.52897410710562,neither,,,,,
"Human subcutaneous adipose, RE–CON 3.5–4 h",EPHX2,1.0,-1.8660638070769,0.0446405806608693,neither,,,,,
"Human subcutaneous adipose, RE–CON 3.5–4 h",EPM2AIP1,1.0,1.41172705444329,1.32148946300306,neither,,,,,
"Human subcutaneous adipose, RE–CON 3.5–4 h",ERLIN2,1.0,-2.66619156272317,-0.65365863728322,neither,,,,,
"Human subcutaneous adipose, RE–CON 3.5–4 h",EVL,1.0,0.590235750175172,-0.0763164995825578,neither,,,,,
"Human subcutaneous adipose, RE–CON 3.5–4 h",F3,1.0,-0.711920822666342,-2.72856771108468,neither,,,,,
"Human subcutaneous adipose, RE–CON 3.5–4 h",F5,1.0,0.565566232339298,1.66510137400807,neither,,,,,
"Human subcutaneous adipose, RE–CON 3.5–4 h",FADS3,-1.0,0.36442432518049,0.897520942402131,neither,,,,,
"Human subcutaneous adipose, RE–CON 3.5–4 h",FAM13A,1.0,2.78454526120558,1.08397859264833,neither,,,,,
"Human subcutaneous adipose, RE–CON 3.5–4 h",FAP,1.0,0.175103950508648,0.231893316629031,neither,,,,,
"Human subcutaneous adipose, RE–CON 3.5–4 h",FASN,-1.0,1.02659108214404,0.144822624941135,neither,,,,,
"Human subcutaneous adipose, RE–CON 3.5–4 h",FBLN2,1.0,-0.013676588820626,-0.917067824509065,neither,,,,,
"Human subcutaneous adipose, RE–CON 3.5–4 h",FBN1,1.0,-0.705073591983172,-1.88497264966355,neither,,,,,
"Human subcutaneous adipose, RE–CON 3.5–4 h",FCGR2A,1.0,-0.327706402451238,-1.36092051463136,neither,,,,,
"Human subcutaneous adipose, RE–CON 3.5–4 h",FCGR3B,1.0,-0.826031452834437,0.506441732961961,neither,,,,,
"Human subcutaneous adipose, RE–CON 3.5–4 h",FCGRT,1.0,-0.46079395309825,-0.867445422997936,neither,,,,,
"Human subcutaneous adipose, RE–CON 3.5–4 h",FCN3,-1.0,-0.293602847201949,1.3207601663354,neither,,,,,
"Human subcutaneous adipose, RE–CON 3.5–4 h",FERMT2,-1.0,-1.74801909163196,-0.922862826679079,neither,,,,,
"Human subcutaneous adipose, RE–CON 3.5–4 h",FGF1,1.0,-1.82825171610617,-1.06485223386842,neither,,,,,
"Human subcutaneous adipose, RE–CON 3.5–4 h",FKBP4,-1.0,-0.368162437881595,-0.345707243731284,neither,,,,,
"Human subcutaneous adipose, RE–CON 3.5–4 h",FKBP5,-1.0,3.04499471802999,-1.78509036162913,neither,,,,,
"Human subcutaneous adipose, RE–CON 3.5–4 h",FLII,-1.0,-2.45653148188491,1.18593859791126,neither,,,,,
"Human subcutaneous adipose, RE–CON 3.5–4 h",FLNC,-1.0,0.403831371558566,-0.604367771597547,neither,,,,,
"Human subcutaneous adipose, RE–CON 3.5–4 h",FMOD,1.0,-1.0438467408245,0.932154193910269,neither,,,,,
"Human subcutaneous adipose, RE–CON 3.5–4 h",FNBP1L,1.0,1.76415593063325,1.34832916400105,neither,,,,,
"Human subcutaneous adipose, RE–CON 3.5–4 h",FRZB,1.0,0.476645545434413,-1.93667130181981,neither,,,,,
"Human subcutaneous adipose, RE–CON 3.5–4 h",FSTL1,1.0,1.21854526650489,-0.534372151992998,neither,,,,,
"Human subcutaneous adipose, RE–CON 3.5–4 h",FUCA1,1.0,-0.345749808027662,1.04217559801046,neither,,,,,
"Human subcutaneous adipose, RE–CON 3.5–4 h",G0S2,-1.0,0.0903841698102184,-2.2974212616193,neither,,,,,
"Human subcutaneous adipose, RE–CON 3.5–4 h",GATM,1.0,-0.0717990027064404,-1.23714408122869,neither,,,,,
"Human subcutaneous adipose, RE–CON 3.5–4 h",GCLM,-1.0,1.5114901644023,0.671198635551174,neither,,,,,
"Human subcutaneous adipose, RE–CON 3.5–4 h",GLOD4,1.0,1.72699723174164,1.0581238878293,neither,,,,,
"Human subcutaneous adipose, RE–CON 3.5–4 h",GLRX,1.0,-0.858051804917399,0.211698115041888,neither,,,,,
"Human subcutaneous adipose, RE–CON 3.5–4 h",GLRX2,-1.0,1.09979170901974,3.43913438280535,neither,,,,,
"Human subcutaneous adipose, RE–CON 3.5–4 h",GLUL,-1.0,2.64099494813952,1.87828476444324,neither,,,,,
"Human subcutaneous adipose, RE–CON 3.5–4 h",GMPR,-1.0,-1.21837591213738,0.770580430435577,neither,,,,,
"Human subcutaneous adipose, RE–CON 3.5–4 h",GNL3,-1.0,1.94320831594488,-2.13565437402427,neither,,,,,
"Human subcutaneous adipose, RE–CON 3.5–4 h",GOLT1B,-1.0,2.57237666044061,2.4693370968744,neither,,,,,
"Human subcutaneous adipose, RE–CON 3.5–4 h",GPD1L,-1.0,1.42365124951279,0.0853897247540943,neither,,,,,
"Human subcutaneous adipose, RE–CON 3.5–4 h",GPX3,-1.0,1.07882529032312,-0.620148893693933,neither,,,,,
"Human subcutaneous adipose, RE–CON 3.5–4 h",GSE1,-1.0,-0.593620790853723,-1.26683962646679,neither,,,,,
"Human subcutaneous adipose, RE–CON 3.5–4 h",GTF2E1,1.0,1.18057179491736,-1.1182183375704,neither,,,,,
"Human subcutaneous adipose, RE–CON 3.5–4 h",GTPBP6,-1.0,-1.49845190974906,-1.06694961872709,neither,,,,,
"Human subcutaneous adipose, RE–CON 3.5–4 h",HBA1,1.0,-0.934950422439243,1.10285892339677,neither,,,,,
"Human subcutaneous adipose, RE–CON 3.5–4 h",HBB,1.0,-1.68273475930332,1.10990514793533,neither,,,,,
"Human subcutaneous adipose, RE–CON 3.5–4 h",HLA-B,1.0,-0.890103218031298,2.55087292151933,neither,,,,,
"Human subcutaneous adipose, RE–CON 3.5–4 h",HLA-DPB1,1.0,-1.02362384016772,-2.07788513266474,neither,,,,,
"Human subcutaneous adipose, RE–CON 3.5–4 h",HMGB2,1.0,2.93779145748948,0.252377287071649,neither,,,,,
"Human subcutaneous adipose, RE–CON 3.5–4 h",HMGCL,1.0,-0.766930465100645,-0.373418710946248,neither,,,,,
"Human subcutaneous adipose, RE–CON 3.5–4 h",HMGN1,1.0,-0.82057412377532,-0.400244415876384,neither,,,,,
"Human subcutaneous adipose, RE–CON 3.5–4 h",HMGN2,1.0,0.786387887994167,0.277514044959561,neither,,,,,
"Human subcutaneous adipose, RE–CON 3.5–4 h",HMOX2,-1.0,3.46519596376539,-1.37689896130023,neither,,,,,
"Human subcutaneous adipose, RE–CON 3.5–4 h",HOPX,-1.0,1.20347521290955,-1.08873859963307,neither,,,,,
"Human subcutaneous adipose, RE–CON 3.5–4 h",HPRT1,1.0,2.1868303543337,1.02080562372838,neither,,,,,
"Human subcutaneous adipose, RE–CON 3.5–4 h",HSP90AA1,-1.0,0.0383592093862855,-1.65154621331806,neither,,,,,
"Human subcutaneous adipose, RE–CON 3.5–4 h",HSPA2,1.0,0.534526622395485,0.433083304506906,neither,,,,,
"Human subcutaneous adipose, RE–CON 3.5–4 h",HSPA5,1.0,0.0723981424224249,-0.741708111277101,neither,,,,,
"Human subcutaneous adipose, RE–CON 3.5–4 h",HSPB2,-1.0,-0.122904687306682,0.100180400482925,neither,,,,,
"Human subcutaneous adipose, RE–CON 3.5–4 h",HSPB6,1.0,0.441864638746071,-1.79792806793884,neither,,,,,
"Human subcutaneous adipose, RE–CON 3.5–4 h",HTRA1,1.0,-0.763466339682952,-1.48810281371358,neither,,,,,
"Human subcutaneous adipose, RE–CON 3.5–4 h",HYAL2,-1.0,0.265762738771132,-1.49893197352477,neither,,,,,
"Human subcutaneous adipose, RE–CON 3.5–4 h",IFIT1,1.0,-2.39622864556991,-0.337308321852463,neither,,,,,
"Human subcutaneous adipose, RE–CON 3.5–4 h",IFIT3,1.0,-2.54822487692233,-0.193583486517287,neither,,,,,
"Human subcutaneous adipose, RE–CON 3.5–4 h",IFITM3,-1.0,-0.704801418711401,0.575713748391306,neither,,,,,
"Human subcutaneous adipose, RE–CON 3.5–4 h",IGHG2,-1.0,0.412701036080911,0.222473005730241,neither,,,,,
"Human subcutaneous adipose, RE–CON 3.5–4 h",IRS1,-1.0,-1.37880752033783,-0.604392536071998,neither,,,,,
"Human subcutaneous adipose, RE–CON 3.5–4 h",IRS2,-1.0,-1.33909911058642,-0.0691698809408174,neither,,,,,
"Human subcutaneous adipose, RE–CON 3.5–4 h",ISLR,1.0,-0.545304012742553,1.47510639125674,neither,,,,,
"Human subcutaneous adipose, RE–CON 3.5–4 h",ITFG1,1.0,-0.779007128179401,-2.38498002891431,neither,,,,,
"Human subcutaneous adipose, RE–CON 3.5–4 h",ITGA5,-1.0,0.613306625045971,-0.905468537942195,neither,,,,,
"Human subcutaneous adipose, RE–CON 3.5–4 h",IVNS1ABP,1.0,-1.11502550690591,2.03417514675223,neither,,,,,
"Human subcutaneous adipose, RE–CON 3.5–4 h",JAK2,1.0,2.97996277663488,3.12659478639729,neither,,,,,
"Human subcutaneous adipose, RE–CON 3.5–4 h",JTB,-1.0,1.52747101757911,1.70169263756765,neither,,,,,
"Human subcutaneous adipose, RE–CON 3.5–4 h",JUP,-1.0,-3.09298582367813,-0.348456000505797,neither,,,,,
"Human subcutaneous adipose, RE–CON 3.5–4 h",KCTD12,-1.0,-2.15138046976595,0.0881108818089065,neither,,,,,
"Human subcutaneous adipose, RE–CON 3.5–4 h",KPNA2,-1.0,1.56115882566021,0.187156700634683,neither,,,,,
"Human subcutaneous adipose, RE–CON 3.5–4 h",LAMB1,1.0,0.315889900858776,-1.27591002388679,neither,,,,,
"Human subcutaneous adipose, RE–CON 3.5–4 h",LARP6,-1.0,0.874072900322403,-1.38479484137613,neither,,,,,
"Human subcutaneous adipose, RE–CON 3.5–4 h",LMCD1,-1.0,1.96731466710524,1.17558493827344,neither,,,,,
"Human subcutaneous adipose, RE–CON 3.5–4 h",LOXL1,1.0,0.161214040233877,-1.10878837900902,neither,,,,,
"Human subcutaneous adipose, RE–CON 3.5–4 h",LPIN1,-1.0,2.08846566691545,1.57197809190124,neither,,,,,
"Human subcutaneous adipose, RE–CON 3.5–4 h",LRRC17,1.0,0.656335707894265,1.96728163652337,neither,,,,,
"Human subcutaneous adipose, RE–CON 3.5–4 h",LRRC59,-1.0,1.7531409550787,-3.35780220680358,neither,,,,,
"Human subcutaneous adipose, RE–CON 3.5–4 h",LSP1,1.0,0.745306620111988,0.281425596357776,neither,,,,,
"Human subcutaneous adipose, RE–CON 3.5–4 h",LTBP1,1.0,-0.577214927606559,1.48394795837056,neither,,,,,
"Human subcutaneous adipose, RE–CON 3.5–4 h",LTBP2,1.0,0.680643523934797,-0.279646167670841,neither,,,,,
"Human subcutaneous adipose, RE–CON 3.5–4 h",LUM,1.0,0.0187990252605893,2.01946860418139,neither,,,,,
"Human subcutaneous adipose, RE–CON 3.5–4 h",LYVE1,-1.0,0.871491591255938,-0.762335365919791,neither,,,,,
"Human subcutaneous adipose, RE–CON 3.5–4 h",MAGED1,1.0,-0.329802929259054,-2.68735670054259,neither,,,,,
"Human subcutaneous adipose, RE–CON 3.5–4 h",MAGED2,1.0,-2.40094912024895,-0.7952264663745,neither,,,,,
"Human subcutaneous adipose, RE–CON 3.5–4 h",MAP2K1,-1.0,1.17173492166103,0.618229571681316,neither,,,,,
"Human subcutaneous adipose, RE–CON 3.5–4 h",MAP3K6,-1.0,2.52703764363675,0.185675553947913,neither,,,,,
"Human subcutaneous adipose, RE–CON 3.5–4 h",MARK3,-1.0,-0.760231586388292,0.0606806969730009,neither,,,,,
"Human subcutaneous adipose, RE–CON 3.5–4 h",MATN2,1.0,-0.9014903565951,-0.614595357782937,neither,,,,,
"Human subcutaneous adipose, RE–CON 3.5–4 h",MBNL2,-1.0,1.82006835008773,1.15671358909871,neither,,,,,
"Human subcutaneous adipose, RE–CON 3.5–4 h",MCM6,1.0,0.181399785000836,-0.447709453001721,neither,,,,,
"Human subcutaneous adipose, RE–CON 3.5–4 h",MFAP4,1.0,0.65955269376672,1.32373946539231,neither,,,,,
"Human subcutaneous adipose, RE–CON 3.5–4 h",MID1IP1,-1.0,-1.1380518663077,2.07626175800575,neither,,,,,
"Human subcutaneous adipose, RE–CON 3.5–4 h",MNDA,1.0,-0.324274239332442,2.00023638500882,neither,,,,,
"Human subcutaneous adipose, RE–CON 3.5–4 h",MPI,1.0,-0.030075902813404,0.369762181197971,neither,,,,,
"Human subcutaneous adipose, RE–CON 3.5–4 h",MT1X,-1.0,2.6094344496833,-1.88714142231223,neither,,,,,
"Human subcutaneous adipose, RE–CON 3.5–4 h",MTCH1,-1.0,1.36883948613893,0.0353058123607544,neither,,,,,
"Human subcutaneous adipose, RE–CON 3.5–4 h",MTFR1,-1.0,1.3203961356762,-0.0135654949746233,neither,,,,,
"Human subcutaneous adipose, RE–CON 3.5–4 h",MTR,1.0,-1.10000970421629,-1.67671251405699,neither,,,,,
"Human subcutaneous adipose, RE–CON 3.5–4 h",MX1,1.0,-2.62369340885262,-0.453304166766634,neither,,,,,
"Human subcutaneous adipose, RE–CON 3.5–4 h",MX2,1.0,-2.85268644456445,0.1334052797867,neither,,,,,
"Human subcutaneous adipose, RE–CON 3.5–4 h",MXRA5,1.0,-0.855157280007855,0.0722399183219728,neither,,,,,
"Human subcutaneous adipose, RE–CON 3.5–4 h",NAA15,-1.0,0.482244683685716,0.33588858334463,neither,,,,,
"Human subcutaneous adipose, RE–CON 3.5–4 h",NAMPT,-1.0,1.99207419610973,0.452270909791911,neither,,,,,
"Human subcutaneous adipose, RE–CON 3.5–4 h",NCAM1,-1.0,-2.97927490959033,0.606809155997679,neither,,,,,
"Human subcutaneous adipose, RE–CON 3.5–4 h",NCF2,1.0,-0.0184028743992466,-0.12222286369322,neither,,,,,
"Human subcutaneous adipose, RE–CON 3.5–4 h",NDN,1.0,0.88512636228565,-2.66499585500649,neither,,,,,
"Human subcutaneous adipose, RE–CON 3.5–4 h",NDRG4,-1.0,0.993582316212736,1.10502025659882,neither,,,,,
"Human subcutaneous adipose, RE–CON 3.5–4 h",NID1,-1.0,0.714902042035073,1.01041895511713,neither,,,,,
"Human subcutaneous adipose, RE–CON 3.5–4 h",NIT2,1.0,2.69149161445489,0.537461649270966,neither,,,,,
"Human subcutaneous adipose, RE–CON 3.5–4 h",NNMT,-1.0,1.09262996529222,1.26088991579323,neither,,,,,
"Human subcutaneous adipose, RE–CON 3.5–4 h",NOS3,-1.0,0.600988587189891,-0.15951397852534,neither,,,,,
"Human subcutaneous adipose, RE–CON 3.5–4 h",NQO2,-1.0,-0.144178033395128,1.01388251372218,neither,,,,,
"Human subcutaneous adipose, RE–CON 3.5–4 h",NUCB2,1.0,-0.213151375836596,1.29850993173049,neither,,,,,
"Human subcutaneous adipose, RE–CON 3.5–4 h",NUDT3,1.0,-1.78900058235205,-0.696930645350596,neither,,,,,
"Human subcutaneous adipose, RE–CON 3.5–4 h",NUDT4,-1.0,0.367710098406776,-0.542695191556602,neither,,,,,
"Human subcutaneous adipose, RE–CON 3.5–4 h",NUP37,1.0,0.249440262985927,-1.16546461960283,neither,,,,,
"Human subcutaneous adipose, RE–CON 3.5–4 h",OGDH,-1.0,-0.681832711805534,0.122097330447272,neither,,,,,
"Human subcutaneous adipose, RE–CON 3.5–4 h",OGN,1.0,1.00864377574763,2.47271937807165,neither,,,,,
"Human subcutaneous adipose, RE–CON 3.5–4 h",OLFML3,1.0,1.05468810662661,0.792583101659931,neither,,,,,
"Human subcutaneous adipose, RE–CON 3.5–4 h",PALLD,-1.0,2.80468741316517,0.955973870906412,neither,,,,,
"Human subcutaneous adipose, RE–CON 3.5–4 h",PALMD,1.0,-1.38285515414369,-0.443353350148137,neither,,,,,
"Human subcutaneous adipose, RE–CON 3.5–4 h",PCCB,1.0,-0.801258430134876,-0.0913096061266123,neither,,,,,
"Human subcutaneous adipose, RE–CON 3.5–4 h",PCNT,-1.0,-2.6037253142794,-1.55726572813172,neither,,,,,
"Human subcutaneous adipose, RE–CON 3.5–4 h",PCOLCE,1.0,0.542065147239889,0.426809753109505,neither,,,,,
"Human subcutaneous adipose, RE–CON 3.5–4 h",PCOLCE2,1.0,0.868992485511048,-1.26762198266791,neither,,,,,
"Human subcutaneous adipose, RE–CON 3.5–4 h",PDK4,1.0,1.74905738657175,-0.422099938712637,neither,,,,,
"Human subcutaneous adipose, RE–CON 3.5–4 h",PDLIM3,1.0,2.66625467557245,0.376674557697508,neither,,,,,
"Human subcutaneous adipose, RE–CON 3.5–4 h",PDZD2,-1.0,-1.06138440049853,-0.443554816200983,neither,,,,,
"Human subcutaneous adipose, RE–CON 3.5–4 h",PHF11,1.0,-2.52806240448892,-0.992500555001754,neither,,,,,
"Human subcutaneous adipose, RE–CON 3.5–4 h",PKM,1.0,0.745874672326093,-0.642865895122984,neither,,,,,
"Human subcutaneous adipose, RE–CON 3.5–4 h",PLA2G2A,-1.0,-1.14589963354414,-0.932092893348866,neither,,,,,
"Human subcutaneous adipose, RE–CON 3.5–4 h",PLBD1,1.0,0.811023316465789,1.37783723002535,neither,,,,,
"Human subcutaneous adipose, RE–CON 3.5–4 h",PLEKHO1,-1.0,-1.13184630143439,-0.149048643915765,neither,,,,,
"Human subcutaneous adipose, RE–CON 3.5–4 h",PLIN2,-1.0,2.28345969543361,0.245770706092715,neither,,,,,
"Human subcutaneous adipose, RE–CON 3.5–4 h",PLP2,-1.0,1.1702713142571,-1.04956358684187,neither,,,,,
"Human subcutaneous adipose, RE–CON 3.5–4 h",PLSCR4,1.0,0.56180103339352,0.617771721617531,neither,,,,,
"Human subcutaneous adipose, RE–CON 3.5–4 h",PLXDC1,1.0,0.251852468497308,-1.18303399261146,neither,,,,,
"Human subcutaneous adipose, RE–CON 3.5–4 h",PODXL,-1.0,-0.0054745306055597,-1.05487130147769,neither,,,,,
"Human subcutaneous adipose, RE–CON 3.5–4 h",POGLUT1,-1.0,1.37140733077946,-2.2047854789045,neither,,,,,
"Human subcutaneous adipose, RE–CON 3.5–4 h",POLE3,-1.0,-0.933611841656872,1.63015870010571,neither,,,,,
"Human subcutaneous adipose, RE–CON 3.5–4 h",POLR1D,-1.0,0.320119359894177,0.165435916179345,neither,,,,,
"Human subcutaneous adipose, RE–CON 3.5–4 h",POR,-1.0,1.96451664790981,-1.79496769611507,neither,,,,,
"Human subcutaneous adipose, RE–CON 3.5–4 h",PPL,-1.0,-0.752429895500677,0.725758235756521,neither,,,,,
"Human subcutaneous adipose, RE–CON 3.5–4 h",PPP1R12B,1.0,2.77915085119112,-0.13782529401909,neither,,,,,
"Human subcutaneous adipose, RE–CON 3.5–4 h",PPT1,1.0,0.50633511169519,-0.78758959282594,neither,,,,,
"Human subcutaneous adipose, RE–CON 3.5–4 h",PRDX4,1.0,1.16973872667983,-1.11507180671768,neither,,,,,
"Human subcutaneous adipose, RE–CON 3.5–4 h",PRDX6,-1.0,1.01443344683566,0.0134182569938274,neither,,,,,
"Human subcutaneous adipose, RE–CON 3.5–4 h",PSMB10,1.0,-0.360985351262588,-1.02495891079858,neither,,,,,
"Human subcutaneous adipose, RE–CON 3.5–4 h",PSPH,-1.0,-1.91426602689063,1.01420208708663,neither,,,,,
"Human subcutaneous adipose, RE–CON 3.5–4 h",PTP4A2,-1.0,1.48913358366212,1.05857577245335,neither,,,,,
"Human subcutaneous adipose, RE–CON 3.5–4 h",QSOX1,-1.0,-0.198744501614986,1.31162067517727,neither,,,,,
"Human subcutaneous adipose, RE–CON 3.5–4 h",RAB9A,-1.0,-0.823422220892977,-0.17485563591567,neither,,,,,
"Human subcutaneous adipose, RE–CON 3.5–4 h",RABAC1,-1.0,0.833582700221888,0.146965703743345,neither,,,,,
"Human subcutaneous adipose, RE–CON 3.5–4 h",RANGAP1,-1.0,-0.790617386182462,0.848315288186352,neither,,,,,
"Human subcutaneous adipose, RE–CON 3.5–4 h",RBM10,1.0,1.26160464611347,-1.23612943747443,neither,,,,,
"Human subcutaneous adipose, RE–CON 3.5–4 h",RBP4,-1.0,0.330941311463384,-0.051237065594832,neither,,,,,
"Human subcutaneous adipose, RE–CON 3.5–4 h",RCAN1,-1.0,0.377983338923322,0.138092815338897,neither,,,,,
"Human subcutaneous adipose, RE–CON 3.5–4 h",RCBTB2,1.0,-1.48076129392523,-1.53078810147177,neither,,,,,
"Human subcutaneous adipose, RE–CON 3.5–4 h",RHOC,-1.0,1.86817614302568,0.468615840628091,neither,,,,,
"Human subcutaneous adipose, RE–CON 3.5–4 h",RHOT1,-1.0,-2.79297396136258,-1.40476081365208,neither,,,,,
"Human subcutaneous adipose, RE–CON 3.5–4 h",RNASET2,1.0,-0.127250958312031,0.488085489846772,neither,,,,,
"Human subcutaneous adipose, RE–CON 3.5–4 h",RNF14,-1.0,1.75163343772406,-1.36708215526158,neither,,,,,
"Human subcutaneous adipose, RE–CON 3.5–4 h",RWDD1,-1.0,1.80023274407878,0.331108821141871,neither,,,,,
"Human subcutaneous adipose, RE–CON 3.5–4 h",S100A8,-1.0,-0.340130278185028,3.25545763481001,neither,,,,,
"Human subcutaneous adipose, RE–CON 3.5–4 h",S100A9,-1.0,-0.200440476493462,2.82590578062953,neither,,,,,
"Human subcutaneous adipose, RE–CON 3.5–4 h",S100P,1.0,0.551461167234388,3.11904235239476,neither,,,,,
"Human subcutaneous adipose, RE–CON 3.5–4 h",SAA2,-1.0,-0.228207076486161,1.87951692071147,neither,,,,,
"Human subcutaneous adipose, RE–CON 3.5–4 h",SAMHD1,-1.0,0.148651220211636,-1.9638807491959,neither,,,,,
"Human subcutaneous adipose, RE–CON 3.5–4 h",SCD,-1.0,0.419021919232112,0.52603867171828,neither,,,,,
"Human subcutaneous adipose, RE–CON 3.5–4 h",SCUBE2,1.0,-0.273024550183074,-0.61979764528587,neither,,,,,
"Human subcutaneous adipose, RE–CON 3.5–4 h",SEC31A,1.0,-1.08199722819996,-1.84774618263387,neither,,,,,
"Human subcutaneous adipose, RE–CON 3.5–4 h",SEC61A1,-1.0,1.01968308095718,-2.93993220918824,neither,,,,,
"Human subcutaneous adipose, RE–CON 3.5–4 h",SERPINA3,-1.0,0.924755785126928,0.94992237587283,neither,,,,,
"Human subcutaneous adipose, RE–CON 3.5–4 h",SFRP1,1.0,-0.228017498031771,1.03016135512001,neither,,,,,
"Human subcutaneous adipose, RE–CON 3.5–4 h",SH3BGRL,1.0,1.07459357409923,1.02187327958169,neither,,,,,
"Human subcutaneous adipose, RE–CON 3.5–4 h",SLC1A3,-1.0,0.354007161766526,-1.8178211448896,neither,,,,,
"Human subcutaneous adipose, RE–CON 3.5–4 h",SLC25A11,1.0,0.24320346524254,-0.884226476118799,neither,,,,,
"Human subcutaneous adipose, RE–CON 3.5–4 h",SLC25A12,-1.0,0.346638651803628,-0.693029844350634,neither,,,,,
"Human subcutaneous adipose, RE–CON 3.5–4 h",SLC25A20,1.0,2.38070618089329,-2.26031413270336,neither,,,,,
"Human subcutaneous adipose, RE–CON 3.5–4 h",SLC30A1,1.0,1.70437979190735,-1.80138283994139,neither,,,,,
"Human subcutaneous adipose, RE–CON 3.5–4 h",SNRPB,-1.0,-0.101888029703924,-0.218262146504537,neither,,,,,
"Human subcutaneous adipose, RE–CON 3.5–4 h",SNX7,-1.0,2.60057041748912,0.663398267357315,neither,,,,,
"Human subcutaneous adipose, RE–CON 3.5–4 h",SORT1,-1.0,1.1883235976324,-1.90715960573813,neither,,,,,
"Human subcutaneous adipose, RE–CON 3.5–4 h",SOS1,-1.0,-0.74077392019109,1.07325332636733,neither,,,,,
"Human subcutaneous adipose, RE–CON 3.5–4 h",SPARC,1.0,0.084042537648776,-0.211251707717854,neither,,,,,
"Human subcutaneous adipose, RE–CON 3.5–4 h",SPATA20,1.0,-1.35866983119066,0.327927270350366,neither,,,,,
"Human subcutaneous adipose, RE–CON 3.5–4 h",SPG11,1.0,-1.81189275512702,0.862616121742136,neither,,,,,
"Human subcutaneous adipose, RE–CON 3.5–4 h",SRGN,-1.0,1.36318711057107,0.189569532280658,neither,,,,,
"Human subcutaneous adipose, RE–CON 3.5–4 h",SRPX,-1.0,1.18527028513195,-0.167581860366681,neither,,,,,
"Human subcutaneous adipose, RE–CON 3.5–4 h",SSPN,1.0,-0.345374163006308,-0.486715511196232,neither,,,,,
"Human subcutaneous adipose, RE–CON 3.5–4 h",STAT3,-1.0,1.25414556506154,-0.95698239166058,neither,,,,,
"Human subcutaneous adipose, RE–CON 3.5–4 h",STEAP3,-1.0,-1.89998319366489,1.31098340314716,neither,,,,,
"Human subcutaneous adipose, RE–CON 3.5–4 h",STIP1,-1.0,0.771787996536559,-0.518875803519471,neither,,,,,
"Human subcutaneous adipose, RE–CON 3.5–4 h",STK38L,1.0,0.31762364799918,-0.663975916927717,neither,,,,,
"Human subcutaneous adipose, RE–CON 3.5–4 h",SUCLA2,1.0,-0.457576375190199,-1.90790981772537,neither,,,,,
"Human subcutaneous adipose, RE–CON 3.5–4 h",SUN2,-1.0,0.942288105708099,-0.329014139015241,neither,,,,,
"Human subcutaneous adipose, RE–CON 3.5–4 h",SYNE2,-1.0,-1.28448170508597,-0.47283184701556,neither,,,,,
"Human subcutaneous adipose, RE–CON 3.5–4 h",TAF15,1.0,-1.22214854060007,0.496870965388338,neither,,,,,
"Human subcutaneous adipose, RE–CON 3.5–4 h",TAPBPL,1.0,-0.496603671125451,0.0484557489501467,neither,,,,,
"Human subcutaneous adipose, RE–CON 3.5–4 h",TGFBR2,-1.0,-0.954802382635057,-1.15542877150136,neither,,,,,
"Human subcutaneous adipose, RE–CON 3.5–4 h",TGFBR3,-1.0,2.50560511237485,-0.0469323007677348,neither,,,,,
"Human subcutaneous adipose, RE–CON 3.5–4 h",TGM2,-1.0,-1.06040428533087,1.32213467956613,neither,,,,,
"Human subcutaneous adipose, RE–CON 3.5–4 h",THBS1,-1.0,-0.675009440452135,2.91642647707001,neither,,,,,
"Human subcutaneous adipose, RE–CON 3.5–4 h",THBS2,1.0,0.955202423888666,-1.84946921583215,neither,,,,,
"Human subcutaneous adipose, RE–CON 3.5–4 h",THBS4,1.0,0.538780982223599,-1.42702472406264,neither,,,,,
"Human subcutaneous adipose, RE–CON 3.5–4 h",THYN1,1.0,0.515877132506561,0.402815782200315,neither,,,,,
"Human subcutaneous adipose, RE–CON 3.5–4 h",TIMP3,-1.0,3.25909374718339,0.194355415507585,neither,,,,,
"Human subcutaneous adipose, RE–CON 3.5–4 h",TIMP4,-1.0,2.66850883717592,1.98938816248483,neither,,,,,
"Human subcutaneous adipose, RE–CON 3.5–4 h",TLN1,1.0,-0.127791044033428,-1.72955072582584,neither,,,,,
"Human subcutaneous adipose, RE–CON 3.5–4 h",TM7SF2,1.0,1.75949641330676,-2.0014381656965,neither,,,,,
"Human subcutaneous adipose, RE–CON 3.5–4 h",TMSB4X,1.0,0.10851002377743,1.5626816481496,neither,,,,,
"Human subcutaneous adipose, RE–CON 3.5–4 h",TPCN1,1.0,-0.596063387990184,-1.72110777802911,neither,,,,,
"Human subcutaneous adipose, RE–CON 3.5–4 h",TPPP3,1.0,0.084098539570534,-0.988932367714934,neither,,,,,
"Human subcutaneous adipose, RE–CON 3.5–4 h",TPRKB,-1.0,0.748408551413996,1.18266147364518,neither,,,,,
"Human subcutaneous adipose, RE–CON 3.5–4 h",TRDN,-1.0,-0.273050828763668,-0.880965310846698,neither,,,,,
"Human subcutaneous adipose, RE–CON 3.5–4 h",TRIM22,1.0,-1.28566312398297,1.50948343776156,neither,,,,,
"Human subcutaneous adipose, RE–CON 3.5–4 h",TRMT5,1.0,1.20296046654518,-0.811364915886528,neither,,,,,
"Human subcutaneous adipose, RE–CON 3.5–4 h",TUBA4A,-1.0,0.750102823965008,0.482697462044594,neither,,,,,
"Human subcutaneous adipose, RE–CON 3.5–4 h",TUBG1,-1.0,1.81973661918944,-0.955066830055285,neither,,,,,
"Human subcutaneous adipose, RE–CON 3.5–4 h",TXNIP,1.0,0.718631196500928,1.33988699789223,neither,,,,,
"Human subcutaneous adipose, RE–CON 3.5–4 h",TXNRD1,-1.0,-0.52274061083394,0.17568492825239,neither,,,,,
"Human subcutaneous adipose, RE–CON 3.5–4 h",UAP1,-1.0,1.41249876495267,1.83428920195114,neither,,,,,
"Human subcutaneous adipose, RE–CON 3.5–4 h",UBFD1,-1.0,-1.08705208043824,0.569530167955574,neither,,,,,
"Human subcutaneous adipose, RE–CON 3.5–4 h",UBQLN2,1.0,0.189631269493717,2.5674418266532,neither,,,,,
"Human subcutaneous adipose, RE–CON 3.5–4 h",UFSP2,1.0,0.143421346316265,-1.24421039505673,neither,,,,,
"Human subcutaneous adipose, RE–CON 3.5–4 h",UGP2,-1.0,0.172344242113853,-1.86100573452408,neither,,,,,
"Human subcutaneous adipose, RE–CON 3.5–4 h",VCAN,1.0,0.34219280390453,0.201393417269071,neither,,,,,
"Human subcutaneous adipose, RE–CON 3.5–4 h",VEZF1,-1.0,0.0346953702869867,-0.754069933249522,neither,,,,,
"Human subcutaneous adipose, RE–CON 3.5–4 h",VPS13D,-1.0,0.391143241898711,0.214077977275647,neither,,,,,
"Human subcutaneous adipose, RE–CON 3.5–4 h",VSIG4,-1.0,0.160399499121307,-1.78954958743011,neither,,,,,
"Human subcutaneous adipose, RE–CON 3.5–4 h",VTN,1.0,-0.203405034528202,0.45077174095454,neither,,,,,
"Human subcutaneous adipose, RE–CON 3.5–4 h",WFS1,1.0,0.191018162667287,-1.55678945641111,neither,,,,,
"Human subcutaneous adipose, RE–CON 3.5–4 h",XRCC4,-1.0,-0.728793072649951,-0.212582171646801,neither,,,,,
"Human subcutaneous adipose, RE–CON 3.5–4 h",YBX3,-1.0,0.943460934489535,3.39739260013661,neither,,,,,
"Human subcutaneous adipose, RE–CON 3.5–4 h",ZBTB16,1.0,1.89862839536625,-1.05422712709835,neither,,,,,
"Human subcutaneous adipose, RE–CON 3.5–4 h",ZNF189,1.0,1.9643794878185,-0.109068820041213,neither,,,,,
"Rat gastrocnemius, female 1 wk",ABHD5,-1.0,-1.34495245364422,1.60267671096315,neither,mid,5.5,mid,1.0,1.0
"Rat gastrocnemius, female 1 wk",ACSS3,-1.0,2.18642892278788,1.50930364031965,neither,mid,0.0,low,1.0,1.0
"Rat gastrocnemius, female 1 wk",ACTA1,-1.0,0.594623007400201,1.52972850151341,neither,high,0.0,high,1.0,1.0
"Rat gastrocnemius, female 1 wk",ADD3,1.0,-0.214113300101395,-2.25682935330664,neither,high,0.0,mid,1.0,1.0
"Rat gastrocnemius, female 1 wk",ADH5,1.0,-0.509621492762527,-0.147640871908181,neither,high,0.0,high,1.0,1.0
"Rat gastrocnemius, female 1 wk",ALAS1,1.0,-0.481187329842354,-0.415536621695611,neither,high,3.0,high,1.0,1.0
"Rat gastrocnemius, female 1 wk",ALDH5A1,1.0,-2.42132710859066,0.650360145271983,neither,high,0.0,high,1.0,1.0
"Rat gastrocnemius, female 1 wk",ALDH9A1,1.0,-0.196770445057628,0.257480353085248,neither,high,0.0,high,1.0,1.0
"Rat gastrocnemius, female 1 wk",ANK1,1.0,0.0346935559802225,-0.825827515666912,neither,high,0.0,high,1.0,2.0
"Rat gastrocnemius, female 1 wk",ANKMY2,1.0,0.696867413611444,-0.68284327949709,neither,high,0.0,mid,1.0,1.0
"Rat gastrocnemius, female 1 wk",ANKRD2,-1.0,-1.91985859670341,-1.30547446656424,neither,high,0.0,high,1.0,1.0
"Rat gastrocnemius, female 1 wk",ANP32E,1.0,-2.10018039116965,-1.64049316552759,neither,high,0.0,high,1.0,1.0
"Rat gastrocnemius, female 1 wk",ANXA4,1.0,-1.49086642654065,-1.47419329416995,neither,high,0.0,mid,1.0,1.0
"Rat gastrocnemius, female 1 wk",ANXA6,1.0,-0.353196329555979,-0.876720069247716,neither,high,0.0,high,1.0,1.0
"Rat gastrocnemius, female 1 wk",AP1S2,-1.0,-0.0100966135378818,2.28217248923461,neither,mid,5.0,high,1.0,1.0
"Rat gastrocnemius, female 1 wk",AP2B1,1.0,-0.72420773705581,-0.715519945339816,neither,high,0.0,high,1.0,1.0
"Rat gastrocnemius, female 1 wk",APOD,-1.0,0.516482940827069,0.980971402499723,neither,mid,5.0,high,1.0,1.0
"Rat gastrocnemius, female 1 wk",ARHGDIB,1.0,-1.06318202099471,-1.2908438925108,neither,mid,0.0,high,1.0,1.0
"Rat gastrocnemius, female 1 wk",ARMCX3,1.0,-0.0211262048744511,-0.368359313851011,neither,high,3.5,high,1.0,1.0
"Rat gastrocnemius, female 1 wk",ASMTL,1.0,-0.115454747860337,2.00220266303993,neither,mid,0.0,mid,1.0,1.0
"Rat gastrocnemius, female 1 wk",ASPN,1.0,-1.83632813890198,-3.84715570669518,neither,mid,0.0,low,2.0,1.0
"Rat gastrocnemius, female 1 wk",ATP1A1,-1.0,-2.13730382575561,1.33592683824822,neither,high,0.0,high,1.0,1.0
"Rat gastrocnemius, female 1 wk",ATP1A2,-1.0,1.40253700268513,0.944929668323745,neither,high,0.0,high,1.0,1.0
"Rat gastrocnemius, female 1 wk",ATP1B1,-1.0,0.373961640532824,1.79204186497588,neither,high,0.0,high,1.0,1.0
"Rat gastrocnemius, female 1 wk",ATP1B3,-1.0,-1.49296005938776,0.334330859888708,neither,high,0.0,high,1.0,1.0
"Rat gastrocnemius, female 1 wk",ATP2A2,-1.0,-0.55724566337054,0.462853958828158,neither,high,0.0,high,1.0,2.0
"Rat gastrocnemius, female 1 wk",BAG2,-1.0,-0.827727596730423,-0.167852043271908,neither,mid,0.0,mid,1.0,1.0
"Rat gastrocnemius, female 1 wk",BASP1,1.0,1.03204650305408,-0.883732700047467,neither,low,0.0,low,1.0,1.0
"Rat gastrocnemius, female 1 wk",BGN,1.0,-1.00794991110962,-2.72578459981383,neither,high,0.0,high,1.0,1.0
"Rat gastrocnemius, female 1 wk",BRD4,-1.0,1.97080901340201,-0.664998764121651,neither,high,3.0,high,1.0,1.0
"Rat gastrocnemius, female 1 wk",C1orf21,-1.0,0.131593071032778,1.72293944958305,neither,high,6.5,high,1.0,1.0
"Rat gastrocnemius, female 1 wk",C3,-1.0,0.388466289184967,-1.46281871199368,neither,low,0.0,high,1.0,1.0
"Rat gastrocnemius, female 1 wk",C4A,-1.0,-0.833532468953063,-0.534647063436365,neither,low,0.0,low,2.0,1.0
"Rat gastrocnemius, female 1 wk",C6,1.0,-0.254972819493542,-0.986438019379142,neither,low,2.0,low,1.0,2.0
"Rat gastrocnemius, female 1 wk",CALU,-1.0,-1.07153652363239,-0.89065446049064,neither,high,0.0,high,1.0,2.0
"Rat gastrocnemius, female 1 wk",CCT2,-1.0,-1.71397627140641,0.0119750812525132,neither,high,0.0,high,1.0,1.0
"Rat gastrocnemius, female 1 wk",CD14,-1.0,-0.214923949348621,1.19927946234824,neither,low,3.0,mid,1.0,1.0
"Rat gastrocnemius, female 1 wk",CD163,-1.0,0.213009928437589,-0.486282623854017,neither,high,0.0,mid,1.0,1.0
"Rat gastrocnemius, female 1 wk",CD59,-1.0,-1.23263427843844,0.915613238706082,neither,high,0.0,high,1.0,1.0
"Rat gastrocnemius, female 1 wk",CDC37L1,-1.0,-0.420316731037053,0.170603300362828,neither,high,0.0,high,1.0,1.0
"Rat gastrocnemius, female 1 wk",CDK2AP2,-1.0,0.423712806422863,-1.79509363102811,neither,mid,6.0,high,1.0,1.0
"Rat gastrocnemius, female 1 wk",CDV3,-1.0,0.0297907314062557,0.309230614096477,neither,high,0.0,high,1.0,1.0
"Rat gastrocnemius, female 1 wk",CHORDC1,-1.0,-0.371535837326129,1.27761404905788,neither,high,0.0,mid,1.0,1.0
"Rat gastrocnemius, female 1 wk",CILP,1.0,-2.12363082891284,-0.0544342091373587,neither,high,0.0,mid,1.0,1.0
"Rat gastrocnemius, female 1 wk",CLDND1,-1.0,-0.751277900649992,-1.39412264444834,neither,high,7.5,high,1.0,1.0
"Rat gastrocnemius, female 1 wk",CLIC4,-1.0,-1.41223286886902,-2.05678414341613,neither,high,0.0,high,1.0,1.0
"Rat gastrocnemius, female 1 wk",CLIP1,-1.0,-1.66110841779992,0.902476243941187,neither,high,0.0,high,1.0,2.0
"Rat gastrocnemius, female 1 wk",CLTB,-1.0,-0.373641420588035,0.715806731699935,neither,high,0.0,high,1.0,1.0
"Rat gastrocnemius, female 1 wk",CLU,-1.0,1.40540509949055,-2.52845238957254,neither,high,0.0,mid,1.0,1.0
"Rat gastrocnemius, female 1 wk",CMC2,-1.0,-0.504403870685743,1.01775564917166,neither,low,0.0,low,1.0,1.0
"Rat gastrocnemius, female 1 wk",CNN1,-1.0,-1.58346372580618,-0.0812638376812231,neither,low,0.0,mid,1.0,1.0
"Rat gastrocnemius, female 1 wk",COA4,-1.0,0.717559020299416,-0.0113884201179059,neither,low,0.0,high,1.0,1.0
"Rat gastrocnemius, female 1 wk",COBL,-1.0,-0.876751670082884,1.61747503962792,neither,mid,0.0,high,1.0,2.0
"Rat gastrocnemius, female 1 wk",COL15A1,1.0,-0.818993646382115,-0.533989125417472,neither,high,0.0,mid,2.0,1.0
"Rat gastrocnemius, female 1 wk",COL1A1,1.0,1.72098019350801,-0.204650802405637,neither,high,0.0,mid,1.0,1.0
"Rat gastrocnemius, female 1 wk",COL1A2,1.0,1.67019168529693,0.0430665764832543,neither,high,0.0,high,2.0,1.0
"Rat gastrocnemius, female 1 wk",COL3A1,1.0,-1.24783970621137,-0.416999513467021,neither,high,0.0,high,1.0,1.0
"Rat gastrocnemius, female 1 wk",COL5A2,1.0,-1.31355373004561,0.267883543609438,neither,high,0.0,mid,1.0,1.0
"Rat gastrocnemius, female 1 wk",COMP,1.0,2.62425105977637,-1.30620045213934,neither,mid,0.0,low,1.0,1.0
"Rat gastrocnemius, female 1 wk",COX17,-1.0,-0.442783239544294,1.75050865578747,neither,high,0.0,high,1.0,1.0
"Rat gastrocnemius, female 1 wk",CPE,1.0,-1.7136530721294,0.661145851311498,neither,high,0.0,high,1.0,1.0
"Rat gastrocnemius, female 1 wk",CPT2,1.0,0.87326315586762,1.19456559575504,neither,high,0.0,mid,1.0,1.0
"Rat gastrocnemius, female 1 wk",CRYM,1.0,-1.95806745420882,1.30728282765155,neither,mid,0.0,low,1.0,1.0
"Rat gastrocnemius, female 1 wk",CTF1,1.0,0.359749457832239,0.721969399282355,neither,mid,6.0,mid,1.0,1.0
"Rat gastrocnemius, female 1 wk",CTSD,1.0,0.408530232029333,-2.07938315529651,neither,high,0.0,high,1.0,1.0
"Rat gastrocnemius, female 1 wk",CTSH,1.0,0.0873872001167728,-1.9218761984178,neither,high,0.0,mid,1.0,1.0
"Rat gastrocnemius, female 1 wk",CYP4B1,-1.0,1.48265293670101,0.267709988062287,neither,mid,0.0,mid,1.0,1.0
"Rat gastrocnemius, female 1 wk",DAZAP1,-1.0,0.866021354952261,-0.382692265045079,neither,high,0.0,high,1.0,1.0
"Rat gastrocnemius, female 1 wk",DDX39A,-1.0,-1.10132675089752,0.700101546134682,neither,mid,0.0,high,1.0,1.0
"Rat gastrocnemius, female 1 wk",DENND1B,1.0,0.240276966664744,-0.927432372922725,neither,high,0.0,low,1.0,1.0
"Rat gastrocnemius, female 1 wk",DERL1,-1.0,-1.11263019005534,0.858242503695619,neither,high,0.0,high,1.0,1.0
"Rat gastrocnemius, female 1 wk",DLG1,-1.0,1.8126106767018,-1.44432331555269,neither,high,0.0,mid,1.0,1.0
"Rat gastrocnemius, female 1 wk",DLST,1.0,1.02403234809773,1.89691498652965,neither,high,0.0,high,1.0,1.0
"Rat gastrocnemius, female 1 wk",DMPK,-1.0,-0.0015482435393996,0.72328914494713,neither,high,0.0,high,1.0,1.0
"Rat gastrocnemius, female 1 wk",DNAJC15,-1.0,1.04868211519025,1.54947191396761,neither,high,0.0,mid,1.0,1.0
"Rat gastrocnemius, female 1 wk",DPM1,1.0,-0.158062485115431,-1.22123270060227,neither,high,0.0,high,1.0,1.0
"Rat gastrocnemius, female 1 wk",DPYSL3,1.0,-2.33627887844591,-2.33557356002673,neither,mid,0.0,high,1.0,1.0
"Rat gastrocnemius, female 1 wk",DUSP13,-1.0,-0.996750831765235,-1.45918556999496,neither,high,0.0,high,3.0,2.0
"Rat gastrocnemius, female 1 wk",DVL1,-1.0,0.202578716774406,-0.433080409635195,neither,high,0.0,high,1.0,1.0
"Rat gastrocnemius, female 1 wk",EFEMP1,1.0,-1.15854815505772,-1.7481665465105,neither,mid,0.0,mid,1.0,1.0
"Rat gastrocnemius, female 1 wk",EGLN1,-1.0,1.65182084255616,0.482435148357694,neither,high,0.0,high,1.0,1.0
"Rat gastrocnemius, female 1 wk",EHBP1L1,-1.0,-2.23266872618677,-0.425328332597304,neither,high,0.0,high,1.0,1.0
"Rat gastrocnemius, female 1 wk",EHD3,1.0,1.49362161376096,0.209313089747428,neither,mid,0.0,low,1.0,1.0
"Rat gastrocnemius, female 1 wk",EIF1AX,-1.0,-1.03852066678491,0.544078672824045,neither,high,0.0,high,1.0,1.0
"Rat gastrocnemius, female 1 wk",EMC2,1.0,0.00151289013215,2.31113030220539,neither,mid,0.0,high,1.0,1.0
"Rat gastrocnemius, female 1 wk",EMC6,-1.0,1.43934727778491,1.19828307667388,neither,high,4.0,high,1.0,1.0
"Rat gastrocnemius, female 1 wk",EPB41L2,1.0,0.0393968509357855,-2.25714022491913,neither,high,0.0,mid,1.0,1.0
"Rat gastrocnemius, female 1 wk",EPHX2,1.0,-0.0275748092545474,-1.00357002528157,neither,mid,0.0,mid,1.0,2.0
"Rat gastrocnemius, female 1 wk",EPM2AIP1,1.0,-0.773419278761266,-0.911710873509905,neither,high,0.0,mid,1.0,1.0
"Rat gastrocnemius, female 1 wk",ERLIN2,1.0,-1.20030505883416,-1.82501836087796,neither,mid,0.0,mid,1.0,1.0
"Rat gastrocnemius, female 1 wk",FASN,-1.0,-0.213847834767056,-1.34541904740292,neither,mid,0.0,mid,1.0,1.0
"Rat gastrocnemius, female 1 wk",FBLN2,1.0,-0.193679610894243,-1.98853800986392,neither,high,0.0,high,1.0,1.0
"Rat gastrocnemius, female 1 wk",FBN1,1.0,-2.56469445250458,0.431838161871607,neither,high,0.0,mid,1.0,1.0
"Rat gastrocnemius, female 1 wk",FBXO40,1.0,1.21316531515932,0.952854811977789,neither,high,0.0,high,1.0,1.0
"Rat gastrocnemius, female 1 wk",FCN3,-1.0,-0.808742048254167,-0.710612325226083,neither,mid,0.0,low,1.0,1.0
"Rat gastrocnemius, female 1 wk",FERMT2,-1.0,-0.140998095796278,0.228329792519434,neither,high,0.0,high,1.0,2.0
"Rat gastrocnemius, female 1 wk",FGF1,1.0,-0.818072655720386,-2.31123994076638,neither,high,0.0,low,1.0,1.0
"Rat gastrocnemius, female 1 wk",FHOD3,1.0,0.0949898768277996,-0.679276183763827,neither,high,0.0,high,1.0,1.0
"Rat gastrocnemius, female 1 wk",FKBP4,-1.0,0.897149406242645,2.90228891930355,neither,high,0.0,high,1.0,1.0
"Rat gastrocnemius, female 1 wk",FKBP5,-1.0,2.14829455201301,2.75211065893919,neither,high,0.0,high,1.0,1.0
"Rat gastrocnemius, female 1 wk",FLII,-1.0,-1.55054938351419,0.463354364552833,neither,high,0.0,high,1.0,2.0
"Rat gastrocnemius, female 1 wk",FLNC,-1.0,-4.18561211404646,-5.8643514112947,"both, same sign",high,0.0,high,1.0,1.0
"Rat gastrocnemius, female 1 wk",FMOD,1.0,2.70995235618984,-1.51394497936998,neither,high,0.0,mid,1.0,1.0
"Rat gastrocnemius, female 1 wk",FSTL1,1.0,-0.906884870690773,-2.85262362116644,neither,high,0.0,high,1.0,1.0
"Rat gastrocnemius, female 1 wk",FUCA1,1.0,0.216011327252871,-2.07564922480788,neither,mid,3.0,mid,1.0,1.0
"Rat gastrocnemius, female 1 wk",FZD7,1.0,-3.28198405510447,0.327350032841617,neither,high,4.0,mid,1.0,1.0
"Rat gastrocnemius, female 1 wk",GCLM,-1.0,-0.555842622573248,-0.961410307691374,neither,mid,0.0,mid,1.0,1.0
"Rat gastrocnemius, female 1 wk",GLOD4,1.0,-2.63804638614453,-1.00402231678249,neither,mid,0.0,mid,1.0,1.0
"Rat gastrocnemius, female 1 wk",GLRX,1.0,-0.492412364751047,1.68215525633321,neither,mid,0.0,high,1.0,1.0
"Rat gastrocnemius, female 1 wk",GLRX2,-1.0,0.831492608973828,1.45738714929893,neither,mid,0.0,mid,1.0,1.0
"Rat gastrocnemius, female 1 wk",GLUL,-1.0,0.937560589210438,0.151612456783786,neither,high,0.0,high,1.0,1.0
"Rat gastrocnemius, female 1 wk",GMPR,-1.0,2.1142765283616,0.304256323220775,neither,high,0.0,high,1.0,1.0
"Rat gastrocnemius, female 1 wk",GNL3,-1.0,-0.432410099159768,0.754753092293259,neither,mid,0.0,high,1.0,1.0
"Rat gastrocnemius, female 1 wk",GOLT1B,-1.0,-0.687058576871038,0.172408848726803,neither,mid,7.0,mid,1.0,1.0
"Rat gastrocnemius, female 1 wk",GPD1L,-1.0,-0.872887101421291,-0.409984890880085,neither,high,0.0,high,1.0,1.0
"Rat gastrocnemius, female 1 wk",GPX3,-1.0,3.09370427072939,-1.41186623900569,neither,high,0.0,high,1.0,1.0
"Rat gastrocnemius, female 1 wk",GTF2E1,1.0,0.299543216447622,-0.159369202843194,neither,mid,7.0,mid,1.0,1.0
"Rat gastrocnemius, female 1 wk",GTPBP6,-1.0,0.714963100208254,1.78430330612955,neither,mid,0.0,high,2.0,1.0
"Rat gastrocnemius, female 1 wk",HBA1,1.0,4.60837498698937,-0.308392857900732,RNA only,mid,0.0,low,2.0,1.0
"Rat gastrocnemius, female 1 wk",HBB,1.0,3.60932069563349,-0.899928674895991,RNA only,mid,0.0,high,1.0,1.0
"Rat gastrocnemius, female 1 wk",HBD,1.0,0.0148324181711855,-0.87489112554049,neither,low,0.0,low,2.0,2.0
"Rat gastrocnemius, female 1 wk",HMGCL,1.0,-0.493170579406186,1.04816632887882,neither,mid,0.0,high,1.0,1.0
"Rat gastrocnemius, female 1 wk",HMGN1,1.0,-2.62556452746316,-1.06064913403865,neither,mid,0.0,mid,2.0,1.0
"Rat gastrocnemius, female 1 wk",HMGN2,1.0,-3.70311531030525,-0.674983789744941,RNA only,high,0.0,high,1.0,1.0
"Rat gastrocnemius, female 1 wk",HMOX2,-1.0,1.49143353537797,1.31349483933816,neither,high,0.0,mid,1.0,1.0
"Rat gastrocnemius, female 1 wk",HPRT1,1.0,-1.23585131955727,-2.48498503576425,neither,mid,0.0,mid,2.0,1.0
"Rat gastrocnemius, female 1 wk",HSP90AA1,-1.0,-2.13530151948919,0.470414277586632,neither,high,0.0,high,2.0,1.0
"Rat gastrocnemius, female 1 wk",HSPA2,1.0,-2.92968849762705,-0.429293679153963,neither,mid,0.0,high,1.0,1.0
"Rat gastrocnemius, female 1 wk",HSPA5,1.0,-0.49876948211633,-0.143396440953282,neither,high,0.0,high,1.0,1.0
"Rat gastrocnemius, female 1 wk",HSPB2,-1.0,-1.23078374358719,-0.815445873424443,neither,high,0.0,high,1.0,1.0
"Rat gastrocnemius, female 1 wk",HSPB6,1.0,-0.068758838668436,0.983144663495782,neither,high,0.0,high,1.0,1.0
"Rat gastrocnemius, female 1 wk",HTRA1,1.0,1.07250578041293,-0.0239417460859589,neither,high,4.0,mid,1.0,1.0
"Rat gastrocnemius, female 1 wk",IFIT3,1.0,0.252138929062653,-0.701589821534637,neither,low,0.0,mid,1.0,1.0
"Rat gastrocnemius, female 1 wk",IFITM3,-1.0,-0.463786535289264,0.639270749730615,neither,mid,1.5,high,1.0,1.0
"Rat gastrocnemius, female 1 wk",IRS1,-1.0,-2.35420743813971,3.13002918837442,neither,high,0.0,mid,1.0,1.0
"Rat gastrocnemius, female 1 wk",ITFG1,1.0,-0.879501746760132,0.526752900762351,neither,high,1.5,mid,1.0,1.0
"Rat gastrocnemius, female 1 wk",IVNS1ABP,1.0,-0.0659778981443665,0.362313441942723,neither,high,0.0,high,1.0,1.0
"Rat gastrocnemius, female 1 wk",JUP,-1.0,-1.54107047862309,-0.828736788327052,neither,high,0.0,high,1.0,1.0
"Rat gastrocnemius, female 1 wk",KLHL21,-1.0,4.79211207852312,1.59547694606635,RNA only,high,0.0,high,1.0,1.0
"Rat gastrocnemius, female 1 wk",KLHL41,-1.0,-4.07274721393448,-2.73328133145472,RNA only,high,0.0,high,1.0,1.0
"Rat gastrocnemius, female 1 wk",KPNA2,-1.0,0.883238299969291,-0.24448751242405,neither,mid,0.0,mid,1.0,1.0
"Rat gastrocnemius, female 1 wk",LAMB1,1.0,-0.454940113726251,1.31065657832691,neither,high,0.0,mid,1.0,1.0
"Rat gastrocnemius, female 1 wk",LMCD1,-1.0,-1.33240655954864,-2.91584425510738,neither,high,0.0,high,1.0,1.0
"Rat gastrocnemius, female 1 wk",LPIN1,-1.0,-0.0557024158727651,1.37075957989734,neither,high,0.0,high,1.0,1.0
"Rat gastrocnemius, female 1 wk",LRRC59,-1.0,1.42046239451446,-0.0939969692921813,neither,high,0.0,high,1.0,1.0
"Rat gastrocnemius, female 1 wk",LSP1,1.0,-0.482208852450433,-2.72833213401806,neither,mid,3.0,mid,1.0,1.0
"Rat gastrocnemius, female 1 wk",LUM,1.0,-1.53926097877696,-3.02224324492069,neither,high,0.0,mid,1.0,1.0
"Rat gastrocnemius, female 1 wk",LYVE1,-1.0,1.25678003597408,-1.1501781454754,neither,high,0.0,mid,1.0,1.0
"Rat gastrocnemius, female 1 wk",MAFF,-1.0,-1.13255611416151,1.65261721541935,neither,mid,6.5,high,1.0,1.0
"Rat gastrocnemius, female 1 wk",MAGED2,1.0,-1.86336596847312,-1.59021986927377,neither,mid,3.0,high,1.0,1.0
"Rat gastrocnemius, female 1 wk",MAP1LC3B,-1.0,1.79409705303606,0.0865828335813547,neither,high,7.0,high,1.0,1.0
"Rat gastrocnemius, female 1 wk",MAP2K1,-1.0,-0.447545863947581,0.519715162516419,neither,high,0.0,high,1.0,1.0
"Rat gastrocnemius, female 1 wk",MARK3,-1.0,0.401577308269464,-1.02152301089788,neither,high,1.5,high,1.0,2.0
"Rat gastrocnemius, female 1 wk",MBNL2,-1.0,-0.847719935449651,-0.59653560874481,neither,high,4.0,high,1.0,1.0
"Rat gastrocnemius, female 1 wk",METTL22,-1.0,1.79200431014677,1.6658926636964,neither,high,0.0,mid,1.0,1.0
"Rat gastrocnemius, female 1 wk",MFAP4,1.0,0.204547562982315,-1.52745251515831,neither,high,3.0,high,2.0,1.0
"Rat gastrocnemius, female 1 wk",MKNK2,-1.0,-0.635838841219385,-2.93414548022778,neither,high,0.0,high,1.0,1.0
"Rat gastrocnemius, female 1 wk",MPI,1.0,2.16970046606909,-0.797463839638777,neither,high,0.0,mid,1.0,1.0
"Rat gastrocnemius, female 1 wk",MPP3,-1.0,0.57751392339341,0.854365477978659,neither,mid,0.0,low,1.0,1.0
"Rat gastrocnemius, female 1 wk",MRPL34,-1.0,-1.14148079142985,1.56912100604397,neither,mid,2.0,high,1.0,1.0
"Rat gastrocnemius, female 1 wk",MTCH1,-1.0,1.01424032780105,0.542282948019125,neither,high,2.0,high,1.0,1.0
"Rat gastrocnemius, female 1 wk",MTR,1.0,-0.498940409467265,0.299314431119234,neither,mid,0.0,mid,1.0,1.0
"Rat gastrocnemius, female 1 wk",MYOM2,1.0,1.1809657767487,1.00832386496574,neither,high,0.0,high,1.0,1.0
"Rat gastrocnemius, female 1 wk",MYOT,-1.0,-2.51823194396303,-0.820232075671984,neither,high,0.0,high,2.0,1.0
"Rat gastrocnemius, female 1 wk",NAA15,-1.0,0.413037491443633,-0.135023915164125,neither,high,0.0,mid,1.0,1.0
"Rat gastrocnemius, female 1 wk",NAMPT,-1.0,-0.517919868988866,-0.98673100960935,neither,high,0.0,high,1.0,1.0
"Rat gastrocnemius, female 1 wk",NCAM1,-1.0,-4.08854460345702,-1.49675871946223,RNA only,mid,0.0,mid,1.0,2.0
"Rat gastrocnemius, female 1 wk",NID1,-1.0,-0.0426216018095043,-0.200809250848627,neither,high,0.0,high,1.0,1.0
"Rat gastrocnemius, female 1 wk",NIT2,1.0,1.15957568013619,1.59495821285592,neither,mid,0.0,mid,1.0,1.0
"Rat gastrocnemius, female 1 wk",NQO2,-1.0,-0.005374283248208,-0.357845170489051,neither,mid,0.0,mid,1.0,1.0
"Rat gastrocnemius, female 1 wk",NRAP,-1.0,-3.89610773113485,-5.59053942917844,"both, same sign",high,0.0,high,1.0,1.0
"Rat gastrocnemius, female 1 wk",NUCB2,1.0,2.27688040113032,-0.357911762649886,neither,mid,0.0,low,1.0,1.0
"Rat gastrocnemius, female 1 wk",NUDT3,1.0,-0.230992254187277,1.57136637851832,neither,high,0.0,high,1.0,1.0
"Rat gastrocnemius, female 1 wk",NUDT4,-1.0,-2.36703514705536,-0.683681349743124,neither,high,0.0,mid,1.0,1.0
"Rat gastrocnemius, female 1 wk",NUP37,1.0,-0.590608310898141,0.547860160973055,neither,low,0.0,mid,1.0,1.0
"Rat gastrocnemius, female 1 wk",OGDH,-1.0,1.09269435903828,2.1219875232175,neither,high,0.0,high,1.0,1.0
"Rat gastrocnemius, female 1 wk",OGN,1.0,0.760864084968148,-2.16344616242962,neither,mid,0.0,low,2.0,1.0
"Rat gastrocnemius, female 1 wk",OLFML3,1.0,2.96909855394529,-1.61125250391175,neither,mid,0.0,mid,1.0,1.0
"Rat gastrocnemius, female 1 wk",PALMD,1.0,-2.88542012536242,-0.0172084291645931,neither,high,0.0,high,1.0,1.0
"Rat gastrocnemius, female 1 wk",PCCB,1.0,1.53906964395059,1.3824819663368,neither,high,0.0,mid,1.0,1.0
"Rat gastrocnemius, female 1 wk",PCNT,-1.0,0.795298097424724,-0.0867507998326788,neither,high,0.0,high,1.0,1.0
"Rat gastrocnemius, female 1 wk",PCOLCE,1.0,0.998689798877506,-1.18794461885592,neither,high,0.0,mid,1.0,1.0
"Rat gastrocnemius, female 1 wk",PDK4,1.0,1.11883768434568,1.05183436339564,neither,high,0.0,high,1.0,1.0
"Rat gastrocnemius, female 1 wk",PDLIM3,1.0,-3.45237871456835,-3.30572097698189,neither,high,0.0,high,1.0,3.0
"Rat gastrocnemius, female 1 wk",PKM,1.0,1.5944191176561,0.787829564960925,neither,high,0.0,high,1.0,2.0
"Rat gastrocnemius, female 1 wk",PLA2G2A,-1.0,0.394578188822137,-0.932277557784309,neither,low,0.0,mid,1.0,1.0
"Rat gastrocnemius, female 1 wk",PLBD1,1.0,-0.129799977174892,0.0666233412811487,neither,high,0.0,mid,1.0,1.0
"Rat gastrocnemius, female 1 wk",PLIN2,-1.0,-0.859707542181648,2.45916227060171,neither,high,0.0,high,1.0,1.0
"Rat gastrocnemius, female 1 wk",PLP2,-1.0,-1.55542116769406,0.132716833134164,neither,mid,0.0,high,1.0,1.0
"Rat gastrocnemius, female 1 wk",PODXL,-1.0,-1.917008285779,2.65946923094048,neither,high,0.0,mid,1.0,1.0
"Rat gastrocnemius, female 1 wk",POGLUT1,-1.0,1.05736688868007,-0.865039933331769,neither,mid,0.0,low,1.0,1.0
"Rat gastrocnemius, female 1 wk",POLE3,-1.0,0.855758273667349,-0.754112630718643,neither,mid,4.0,high,1.0,1.0
"Rat gastrocnemius, female 1 wk",POPDC3,-1.0,0.56419526222568,1.06094851550538,neither,high,7.0,high,1.0,1.0
"Rat gastrocnemius, female 1 wk",POR,-1.0,3.01827303058737,0.412555302078392,neither,high,0.0,high,1.0,1.0
"Rat gastrocnemius, female 1 wk",PPDPF,1.0,-0.407091101518751,0.582787894967714,neither,mid,7.0,high,1.0,1.0
"Rat gastrocnemius, female 1 wk",PPL,-1.0,2.72733024784809,-0.400694188741857,neither,mid,0.0,mid,1.0,1.0
"Rat gastrocnemius, female 1 wk",PPP1R12B,1.0,-1.46537127021958,0.676637359204851,neither,high,0.0,high,1.0,1.0
"Rat gastrocnemius, female 1 wk",PPP1R3C,1.0,0.388978852073419,0.478761501082187,neither,high,0.0,high,1.0,1.0
"Rat gastrocnemius, female 1 wk",PPT1,1.0,0.883568748121582,-1.17494290348649,neither,mid,0.0,mid,1.0,1.0
"Rat gastrocnemius, female 1 wk",PRDX4,1.0,0.212026256129759,-0.476283416747392,neither,mid,0.0,high,1.0,1.0
"Rat gastrocnemius, female 1 wk",PRDX6,-1.0,1.39172976768104,0.0482523644667194,neither,high,0.0,high,1.0,1.0
"Rat gastrocnemius, female 1 wk",PSMB10,1.0,-1.51800255682631,0.187928547519257,neither,low,0.0,high,1.0,1.0
"Rat gastrocnemius, female 1 wk",PSME4,-1.0,-0.0336459050140617,-1.18782454301306,neither,high,0.0,high,1.0,1.0
"Rat gastrocnemius, female 1 wk",PSPH,-1.0,-2.06133248538193,0.188289949518743,neither,low,0.0,low,1.0,1.0
"Rat gastrocnemius, female 1 wk",PTN,1.0,-0.550485928328335,1.89844388381506,neither,low,5.0,low,1.0,1.0
"Rat gastrocnemius, female 1 wk",PTP4A2,-1.0,1.71928297892878,1.60977533048571,neither,high,2.0,high,1.0,1.0
"Rat gastrocnemius, female 1 wk",PTP4A3,-1.0,0.374143701462097,0.609442545931542,neither,high,5.5,high,1.0,1.0
"Rat gastrocnemius, female 1 wk",RAB9A,-1.0,0.878850418783588,-0.660505233693138,neither,mid,0.0,mid,1.0,1.0
"Rat gastrocnemius, female 1 wk",RABAC1,-1.0,1.11184757761318,-0.640973056970052,neither,high,0.0,high,1.0,1.0
"Rat gastrocnemius, female 1 wk",RANGAP1,-1.0,-0.427297954522477,-0.683718453837473,neither,high,0.0,high,1.0,1.0
"Rat gastrocnemius, female 1 wk",RBFOX1,-1.0,2.88470377641125,0.817216710830998,neither,high,0.0,high,1.0,1.0
"Rat gastrocnemius, female 1 wk",RBM10,1.0,-0.225754567228464,1.2970945902778,neither,high,0.0,high,1.0,1.0
"Rat gastrocnemius, female 1 wk",RBP4,-1.0,0.255608067489051,-2.87766872843987,neither,low,0.0,low,1.0,1.0
"Rat gastrocnemius, female 1 wk",RCAN1,-1.0,-2.51363275464409,0.928139850002346,neither,high,0.0,mid,1.0,1.0
"Rat gastrocnemius, female 1 wk",RHOC,-1.0,-1.06432452227259,0.200336179720019,neither,mid,0.0,high,1.0,1.0
"Rat gastrocnemius, female 1 wk",RHOT1,-1.0,-0.0802953023388349,0.588846324607976,neither,high,0.0,mid,1.0,1.0
"Rat gastrocnemius, female 1 wk",RNASET2,1.0,-0.117918981648107,0.527993018329675,neither,high,0.0,low,1.0,1.0
"Rat gastrocnemius, female 1 wk",RNF14,-1.0,0.53475841085637,-1.79562695109805,neither,high,0.0,high,1.0,1.0
"Rat gastrocnemius, female 1 wk",RNF146,1.0,-1.85589870268395,0.418947190571824,neither,high,7.0,high,1.0,1.0
"Rat gastrocnemius, female 1 wk",RWDD1,-1.0,-0.0114044438035389,-0.0948955710216955,neither,high,0.0,high,1.0,1.0
"Rat gastrocnemius, female 1 wk",S100A9,-1.0,0.810684250645177,-0.594674746991434,neither,low,0.0,high,1.0,1.0
"Rat gastrocnemius, female 1 wk",SAMHD1,-1.0,1.33416244449112,0.812284318679359,neither,low,5.0,high,1.0,1.0
"Rat gastrocnemius, female 1 wk",SEC31A,1.0,1.71373973240603,-1.49201792943403,neither,high,0.0,high,1.0,1.0
"Rat gastrocnemius, female 1 wk",SERPINE2,1.0,1.01961813821453,1.03188834829601,neither,high,0.0,low,1.0,1.0
"Rat gastrocnemius, female 1 wk",SH3BGR,-1.0,1.713592527601,0.631954510753567,neither,high,0.0,high,2.0,1.0
"Rat gastrocnemius, female 1 wk",SH3BGRL,1.0,-0.190238882519119,-0.938642299463651,neither,low,0.0,mid,1.0,1.0
"Rat gastrocnemius, female 1 wk",SH3GL2,1.0,-0.658642037439663,-1.11486433372191,neither,low,5.5,low,1.0,1.0
"Rat gastrocnemius, female 1 wk",SLC25A11,1.0,0.450065034907876,0.337229782612474,neither,high,0.0,high,1.0,1.0
"Rat gastrocnemius, female 1 wk",SLC25A12,-1.0,1.338225289547,0.626970200482254,neither,high,0.0,high,1.0,1.0
"Rat gastrocnemius, female 1 wk",SLC25A20,1.0,0.983586441950263,1.21812419587313,neither,high,0.0,high,1.0,1.0
"Rat gastrocnemius, female 1 wk",SNX7,-1.0,-1.3586342898741,-0.897287276818901,neither,low,3.0,low,1.0,1.0
"Rat gastrocnemius, female 1 wk",SORT1,-1.0,1.24174102800458,-0.593091077271659,neither,high,0.0,high,1.0,1.0
"Rat gastrocnemius, female 1 wk",SOS1,-1.0,0.86637995714298,0.742338599215551,neither,high,1.5,mid,1.0,1.0
"Rat gastrocnemius, female 1 wk",SPARC,1.0,1.3231039908011,-0.988434311924845,neither,high,0.0,high,1.0,1.0
"Rat gastrocnemius, female 1 wk",SRPX,-1.0,0.182996500758386,-0.783697962408651,neither,mid,5.0,mid,1.0,1.0
"Rat gastrocnemius, female 1 wk",SSPN,1.0,0.345129774966667,0.358634478087929,neither,high,0.0,high,1.0,1.0
"Rat gastrocnemius, female 1 wk",STAT3,-1.0,-1.95276186390719,-2.05540304088585,neither,high,0.0,high,1.0,1.0
"Rat gastrocnemius, female 1 wk",STEAP3,-1.0,2.97751107792609,0.640386122756679,neither,high,0.0,high,1.0,1.0
"Rat gastrocnemius, female 1 wk",STIP1,-1.0,1.64252519604428,0.903362103877921,neither,high,0.0,high,1.0,1.0
"Rat gastrocnemius, female 1 wk",STK38L,1.0,1.05925160091632,-0.574440878756766,neither,high,0.0,mid,1.0,1.0
"Rat gastrocnemius, female 1 wk",SUCLA2,1.0,0.0362039436912277,1.82852373995853,neither,high,0.0,high,1.0,1.0
"Rat gastrocnemius, female 1 wk",SUN2,-1.0,0.419409206093726,0.543000172019095,neither,high,0.0,high,1.0,1.0
"Rat gastrocnemius, female 1 wk",SYNPO2L,1.0,-1.12369292961553,-0.0901076871025778,neither,high,0.0,high,1.0,1.0
"Rat gastrocnemius, female 1 wk",TGM2,-1.0,-0.101908165734785,-1.09726701524021,neither,high,0.0,high,1.0,1.0
"Rat gastrocnemius, female 1 wk",THBS1,-1.0,1.65686005977184,-1.41799316839841,neither,mid,0.0,mid,1.0,1.0
"Rat gastrocnemius, female 1 wk",THBS4,1.0,2.06923404624216,-1.70257585612817,neither,high,0.0,high,1.0,1.0
"Rat gastrocnemius, female 1 wk",TIMP3,-1.0,4.3082277312663,1.69015442380418,RNA only,high,2.0,high,1.0,1.0
"Rat gastrocnemius, female 1 wk",TLN1,1.0,-1.35922593142242,-2.71628771281082,neither,high,0.0,high,1.0,1.0
"Rat gastrocnemius, female 1 wk",TMEM38B,-1.0,-2.42292095456398,-0.34404698097465,neither,high,0.0,high,1.0,1.0
"Rat gastrocnemius, female 1 wk",TMSB4X,1.0,-1.06241617314889,-0.180909106758766,neither,high,2.0,high,1.0,1.0
"Rat gastrocnemius, female 1 wk",TNNI1,1.0,-1.16371410865929,0.333046510628376,neither,high,0.0,high,1.0,1.0
"Rat gastrocnemius, female 1 wk",TPPP3,1.0,-2.1556110923673,0.455359298580329,neither,high,0.0,high,1.0,1.0
"Rat gastrocnemius, female 1 wk",TPRKB,-1.0,0.653439795699273,0.226923270453549,neither,low,3.5,high,2.0,1.0
"Rat gastrocnemius, female 1 wk",TRDN,-1.0,-1.90996366282916,1.09881950666847,neither,high,0.0,high,1.0,1.0
"Rat gastrocnemius, female 1 wk",TUBA4A,-1.0,-1.38150443064731,-1.35782670916517,neither,high,0.0,high,1.0,1.0
"Rat gastrocnemius, female 1 wk",TUBG1,-1.0,1.12144474672849,-1.21416756183358,neither,high,0.0,high,1.0,1.0
"Rat gastrocnemius, female 1 wk",TXNIP,1.0,0.256361394968587,1.5608581675424,neither,high,0.0,high,1.0,1.0
"Rat gastrocnemius, female 1 wk",TXNRD1,-1.0,1.07588481493044,0.0633301983048478,neither,high,0.0,high,1.0,1.0
"Rat gastrocnemius, female 1 wk",UAP1,-1.0,-0.987457161961735,-0.564821728618483,neither,mid,0.0,high,1.0,1.0
"Rat gastrocnemius, female 1 wk",UBFD1,-1.0,-0.516099661057934,0.249103073719077,neither,mid,0.0,high,1.0,1.0
"Rat gastrocnemius, female 1 wk",UBQLN2,1.0,0.0235912554165311,1.38035123284454,neither,high,1.5,high,1.0,1.0
"Rat gastrocnemius, female 1 wk",UFSP2,1.0,0.365566021348748,-0.0487756454544944,neither,mid,0.0,high,1.0,1.0
"Rat gastrocnemius, female 1 wk",UGP2,-1.0,-0.667832432488228,1.24611179005526,neither,high,0.0,high,1.0,1.0
"Rat gastrocnemius, female 1 wk",VCAN,1.0,-1.18889539819594,0.409789180367239,neither,mid,0.0,low,1.0,1.0
"Rat gastrocnemius, female 1 wk",VEGFB,1.0,0.801115830220312,-0.958464484568652,neither,high,7.0,high,1.0,1.0
"Rat gastrocnemius, female 1 wk",VEZF1,-1.0,-0.100306589108472,0.120909095162526,neither,high,0.0,high,1.0,1.0
"Rat gastrocnemius, female 1 wk",VPS13D,-1.0,-0.157955839865849,0.220679076215681,neither,high,0.0,mid,1.0,1.0
"Rat gastrocnemius, female 1 wk",VTN,1.0,0.459649162087758,-0.795116903241548,neither,mid,0.0,low,1.0,1.0
"Rat gastrocnemius, female 1 wk",WFS1,1.0,1.41985634309674,0.444611143360618,neither,high,0.0,mid,1.0,1.0
"Rat gastrocnemius, female 1 wk",XRCC4,-1.0,0.43318754768803,0.537100674662642,neither,low,0.0,low,1.0,1.0
"Rat gastrocnemius, female 1 wk",YBX3,-1.0,1.58466203899371,0.704160514851075,neither,high,0.0,high,1.0,1.0
"Rat gastrocnemius, female 1 wk",ZBTB16,1.0,-0.606529415768157,0.154654508613247,neither,high,0.0,high,1.0,1.0
"Rat gastrocnemius, female 2 wk",ABHD5,-1.0,-0.524544482181938,2.27737953395718,neither,mid,5.5,mid,1.0,1.0
"Rat gastrocnemius, female 2 wk",ACSS3,-1.0,-0.0919533724401685,2.04462228563257,neither,mid,0.0,low,1.0,1.0
"Rat gastrocnemius, female 2 wk",ACTA1,-1.0,-1.00176380838686,-0.330153162005636,neither,high,0.0,high,1.0,1.0
"Rat gastrocnemius, female 2 wk",ADD3,1.0,-0.499218688376505,-0.978679814547541,neither,high,0.0,mid,1.0,1.0
"Rat gastrocnemius, female 2 wk",ADH5,1.0,-1.59369937377614,-1.97617334404946,neither,high,0.0,high,1.0,1.0
"Rat gastrocnemius, female 2 wk",ALAS1,1.0,0.1595489694826,-1.38543903530836,neither,high,3.0,high,1.0,1.0
"Rat gastrocnemius, female 2 wk",ALDH5A1,1.0,-0.0886623927897941,-0.281442242938473,neither,high,0.0,high,1.0,1.0
"Rat gastrocnemius, female 2 wk",ALDH9A1,1.0,1.06789362395597,0.352284697539243,neither,high,0.0,high,1.0,1.0
"Rat gastrocnemius, female 2 wk",ANK1,1.0,-0.944053465587796,-1.66963743598436,neither,high,0.0,high,1.0,2.0
"Rat gastrocnemius, female 2 wk",ANKMY2,1.0,0.52295213935906,0.475141624964926,neither,high,0.0,mid,1.0,1.0
"Rat gastrocnemius, female 2 wk",ANKRD2,-1.0,-1.77960741706598,-2.69148884671433,neither,high,0.0,high,1.0,1.0
"Rat gastrocnemius, female 2 wk",ANP32E,1.0,-1.58395103099527,-1.44964441718027,neither,high,0.0,high,1.0,1.0
"Rat gastrocnemius, female 2 wk",ANXA4,1.0,-0.0514560645748325,-1.13970122011346,neither,high,0.0,mid,1.0,1.0
"Rat gastrocnemius, female 2 wk",ANXA6,1.0,0.387042587173912,-0.917573003958156,neither,high,0.0,high,1.0,1.0
"Rat gastrocnemius, female 2 wk",AP1S2,-1.0,-0.671979611750174,3.60174189523299,neither,mid,5.0,high,1.0,1.0
"Rat gastrocnemius, female 2 wk",AP2B1,1.0,-1.17378960713464,-1.88247298973362,neither,high,0.0,high,1.0,1.0
"Rat gastrocnemius, female 2 wk",APOD,-1.0,-1.73151303727605,1.1010402947232,neither,mid,5.0,high,1.0,1.0
"Rat gastrocnemius, female 2 wk",ARHGDIB,1.0,0.608210555169177,-1.8038249738207,neither,mid,0.0,high,1.0,1.0
"Rat gastrocnemius, female 2 wk",ARMCX3,1.0,-0.410050310437324,0.0866774007556816,neither,high,3.5,high,1.0,1.0
"Rat gastrocnemius, female 2 wk",ASMTL,1.0,0.388668937177593,1.61541526835115,neither,mid,0.0,mid,1.0,1.0
"Rat gastrocnemius, female 2 wk",ASPN,1.0,-1.97619596697522,-3.01831477086801,neither,mid,0.0,low,2.0,1.0
"Rat gastrocnemius, female 2 wk",ATP1A1,-1.0,-1.47980212059555,0.682602421547168,neither,high,0.0,high,1.0,1.0
"Rat gastrocnemius, female 2 wk",ATP1A2,-1.0,2.545599456764,0.847938795607826,neither,high,0.0,high,1.0,1.0
"Rat gastrocnemius, female 2 wk",ATP1B1,-1.0,-0.0020773807139185,1.71410093808119,neither,high,0.0,high,1.0,1.0
"Rat gastrocnemius, female 2 wk",ATP1B3,-1.0,-2.61559470972907,0.642709003892858,neither,high,0.0,high,1.0,1.0
"Rat gastrocnemius, female 2 wk",ATP2A2,-1.0,-0.277638092460382,1.12034062851492,neither,high,0.0,high,1.0,2.0
"Rat gastrocnemius, female 2 wk",BAG2,-1.0,-0.565865093640558,-0.15626714671266,neither,mid,0.0,mid,1.0,1.0
"Rat gastrocnemius, female 2 wk",BASP1,1.0,0.276034864661649,-0.356660610890286,neither,low,0.0,low,1.0,1.0
"Rat gastrocnemius, female 2 wk",BGN,1.0,-1.23372501123284,-1.7102454388777,neither,high,0.0,high,1.0,1.0
"Rat gastrocnemius, female 2 wk",BRD4,-1.0,2.34026572073164,-0.887437421000595,neither,high,3.0,high,1.0,1.0
"Rat gastrocnemius, female 2 wk",C1orf21,-1.0,-0.686906686611155,0.20646006386945,neither,high,6.5,high,1.0,1.0
"Rat gastrocnemius, female 2 wk",C3,-1.0,0.752975244611602,-2.05563899474524,neither,low,0.0,high,1.0,1.0
"Rat gastrocnemius, female 2 wk",C4A,-1.0,0.451774389336304,-2.28159355424665,neither,low,0.0,low,2.0,1.0
"Rat gastrocnemius, female 2 wk",C6,1.0,0.140789428106674,-1.21815703595107,neither,low,2.0,low,1.0,2.0
"Rat gastrocnemius, female 2 wk",CALU,-1.0,-1.38824979693862,2.92863300391287,neither,high,0.0,high,1.0,2.0
"Rat gastrocnemius, female 2 wk",CCT2,-1.0,0.78674887135558,-0.461706180332928,neither,high,0.0,high,1.0,1.0
"Rat gastrocnemius, female 2 wk",CD14,-1.0,-0.356976104757482,-1.52252806855928,neither,low,3.0,mid,1.0,1.0
"Rat gastrocnemius, female 2 wk",CD163,-1.0,1.20950539668571,-0.347984708390695,neither,high,0.0,mid,1.0,1.0
"Rat gastrocnemius, female 2 wk",CD59,-1.0,-2.93759790052123,-0.64505465690716,neither,high,0.0,high,1.0,1.0
"Rat gastrocnemius, female 2 wk",CDC37L1,-1.0,0.0516426376301264,0.579884426992526,neither,high,0.0,high,1.0,1.0
"Rat gastrocnemius, female 2 wk",CDK2AP2,-1.0,0.368141946518341,-0.699577245093421,neither,mid,6.0,high,1.0,1.0
"Rat gastrocnemius, female 2 wk",CDV3,-1.0,1.09834686392732,1.49729824747553,neither,high,0.0,high,1.0,1.0
"Rat gastrocnemius, female 2 wk",CHORDC1,-1.0,0.0559159584247957,0.865427728135784,neither,high,0.0,mid,1.0,1.0
"Rat gastrocnemius, female 2 wk",CILP,1.0,-1.98904784724983,-0.893008479515939,neither,high,0.0,mid,1.0,1.0
"Rat gastrocnemius, female 2 wk",CLDND1,-1.0,-0.839893786705998,-2.51499170289886,neither,high,7.5,high,1.0,1.0
"Rat gastrocnemius, female 2 wk",CLIC4,-1.0,-1.60405271129169,-1.83341889364227,neither,high,0.0,high,1.0,1.0
"Rat gastrocnemius, female 2 wk",CLIP1,-1.0,2.15559877817419,1.12155792303622,neither,high,0.0,high,1.0,2.0
"Rat gastrocnemius, female 2 wk",CLTB,-1.0,1.07985397256902,2.77177250671251,neither,high,0.0,high,1.0,1.0
"Rat gastrocnemius, female 2 wk",CLU,-1.0,0.561226815271543,-3.05619096992425,neither,high,0.0,mid,1.0,1.0
"Rat gastrocnemius, female 2 wk",CMC2,-1.0,0.135826648472042,1.11152307305231,neither,low,0.0,low,1.0,1.0
"Rat gastrocnemius, female 2 wk",CNN1,-1.0,0.136333792178178,-0.220929012393419,neither,low,0.0,mid,1.0,1.0
"Rat gastrocnemius, female 2 wk",COA4,-1.0,-0.867469917534158,1.57981289245856,neither,low,0.0,high,1.0,1.0
"Rat gastrocnemius, female 2 wk",COBL,-1.0,-1.15229790470636,2.45749898572919,neither,mid,0.0,high,1.0,2.0
"Rat gastrocnemius, female 2 wk",COL15A1,1.0,-0.639659323547503,-1.82474068210943,neither,high,0.0,mid,2.0,1.0
"Rat gastrocnemius, female 2 wk",COL1A1,1.0,0.942887439623536,-0.41838245132419,neither,high,0.0,mid,1.0,1.0
"Rat gastrocnemius, female 2 wk",COL1A2,1.0,0.841262093505779,-0.229007455786893,neither,high,0.0,high,2.0,1.0
"Rat gastrocnemius, female 2 wk",COL3A1,1.0,-0.593014210237416,-0.507622803897389,neither,high,0.0,high,1.0,1.0
"Rat gastrocnemius, female 2 wk",COL5A2,1.0,-1.2141955439985,-0.719017087483048,neither,high,0.0,mid,1.0,1.0
"Rat gastrocnemius, female 2 wk",COMP,1.0,0.891650130686219,-1.07075457710073,neither,mid,0.0,low,1.0,1.0
"Rat gastrocnemius, female 2 wk",COX17,-1.0,-0.426633383304368,2.45504353920711,neither,high,0.0,high,1.0,1.0
"Rat gastrocnemius, female 2 wk",CPE,1.0,-1.77882293138301,-0.363193568778425,neither,high,0.0,high,1.0,1.0
"Rat gastrocnemius, female 2 wk",CPT2,1.0,-0.922983949707469,1.13803559037987,neither,high,0.0,mid,1.0,1.0
"Rat gastrocnemius, female 2 wk",CRYM,1.0,-2.6101079317231,0.391247780888319,neither,mid,0.0,low,1.0,1.0
"Rat gastrocnemius, female 2 wk",CTF1,1.0,-1.02953403272843,0.611391514225857,neither,mid,6.0,mid,1.0,1.0
"Rat gastrocnemius, female 2 wk",CTSD,1.0,0.855357929836583,-1.77620507943715,neither,high,0.0,high,1.0,1.0
"Rat gastrocnemius, female 2 wk",CTSH,1.0,-0.337585170226946,-1.01821100686903,neither,high,0.0,mid,1.0,1.0
"Rat gastrocnemius, female 2 wk",CYP4B1,-1.0,2.0497636832632,-0.550653257556558,neither,mid,0.0,mid,1.0,1.0
"Rat gastrocnemius, female 2 wk",DAZAP1,-1.0,2.23538035900849,0.894800415979467,neither,high,0.0,high,1.0,1.0
"Rat gastrocnemius, female 2 wk",DDX39A,-1.0,0.0433675825408751,0.347008679503029,neither,mid,0.0,high,1.0,1.0
"Rat gastrocnemius, female 2 wk",DENND1B,1.0,-0.603748144013541,0.208254395734215,neither,high,0.0,low,1.0,1.0
"Rat gastrocnemius, female 2 wk",DERL1,-1.0,-1.70755811122035,-2.55828012922765,neither,high,0.0,high,1.0,1.0
"Rat gastrocnemius, female 2 wk",DLG1,-1.0,1.30145788196788,-1.40078958656596,neither,high,0.0,mid,1.0,1.0
"Rat gastrocnemius, female 2 wk",DLST,1.0,0.0018581529224313,0.351436339794878,neither,high,0.0,high,1.0,1.0
"Rat gastrocnemius, female 2 wk",DMPK,-1.0,-0.604740963544078,1.36846982080739,neither,high,0.0,high,1.0,1.0
"Rat gastrocnemius, female 2 wk",DNAJC15,-1.0,1.5753477439902,2.11511273708558,neither,high,0.0,mid,1.0,1.0
"Rat gastrocnemius, female 2 wk",DPM1,1.0,1.38854674699025,-1.98696838863677,neither,high,0.0,high,1.0,1.0
"Rat gastrocnemius, female 2 wk",DPYSL3,1.0,-0.491208783331388,-0.689969555585312,neither,mid,0.0,high,1.0,1.0
"Rat gastrocnemius, female 2 wk",DUSP13,-1.0,-1.61676699828401,1.81718128691666,neither,high,0.0,high,3.0,2.0
"Rat gastrocnemius, female 2 wk",DVL1,-1.0,-1.32702405024293,-0.445232379983861,neither,high,0.0,high,1.0,1.0
"Rat gastrocnemius, female 2 wk",EFEMP1,1.0,-1.25193524128318,-0.778166177728139,neither,mid,0.0,mid,1.0,1.0
"Rat gastrocnemius, female 2 wk",EGLN1,-1.0,1.59079640657974,1.60544179564988,neither,high,0.0,high,1.0,1.0
"Rat gastrocnemius, female 2 wk",EHBP1L1,-1.0,-1.26217536013756,-1.43954432697037,neither,high,0.0,high,1.0,1.0
"Rat gastrocnemius, female 2 wk",EHD3,1.0,0.546490519724075,0.63587052494654,neither,mid,0.0,low,1.0,1.0
"Rat gastrocnemius, female 2 wk",EIF1AX,-1.0,-1.43936985018517,0.175749625412092,neither,high,0.0,high,1.0,1.0
"Rat gastrocnemius, female 2 wk",EMC2,1.0,0.593673680813529,1.1490526046878,neither,mid,0.0,high,1.0,1.0
"Rat gastrocnemius, female 2 wk",EMC6,-1.0,0.352476369555343,-0.518716368321319,neither,high,4.0,high,1.0,1.0
"Rat gastrocnemius, female 2 wk",EPB41L2,1.0,-0.0911545957770856,-1.44095577016509,neither,high,0.0,mid,1.0,1.0
"Rat gastrocnemius, female 2 wk",EPHX2,1.0,-1.70661405707846,-1.51188259577089,neither,mid,0.0,mid,1.0,2.0
"Rat gastrocnemius, female 2 wk",EPM2AIP1,1.0,-1.04474469317209,-0.297033672980941,neither,high,0.0,mid,1.0,1.0
"Rat gastrocnemius, female 2 wk",ERLIN2,1.0,-1.15435441375425,-0.382082457278356,neither,mid,0.0,mid,1.0,1.0
"Rat gastrocnemius, female 2 wk",FASN,-1.0,-0.487944852385059,-0.951160794065587,neither,mid,0.0,mid,1.0,1.0
"Rat gastrocnemius, female 2 wk",FBLN2,1.0,-0.839989724421276,0.46828970569395,neither,high,0.0,high,1.0,1.0
"Rat gastrocnemius, female 2 wk",FBN1,1.0,-2.99779943684228,0.546822037476998,neither,high,0.0,mid,1.0,1.0
"Rat gastrocnemius, female 2 wk",FBXO40,1.0,1.07490752422924,1.15485158408433,neither,high,0.0,high,1.0,1.0
"Rat gastrocnemius, female 2 wk",FCN3,-1.0,-0.546726676976349,-0.212431956960306,neither,mid,0.0,low,1.0,1.0
"Rat gastrocnemius, female 2 wk",FERMT2,-1.0,1.06442555606481,3.12004080269252,neither,high,0.0,high,1.0,2.0
"Rat gastrocnemius, female 2 wk",FGF1,1.0,-1.97033147177179,-2.22334846009913,neither,high,0.0,low,1.0,1.0
"Rat gastrocnemius, female 2 wk",FHOD3,1.0,-0.331826869287918,0.40197684004854,neither,high,0.0,high,1.0,1.0
"Rat gastrocnemius, female 2 wk",FKBP4,-1.0,1.00291193124225,5.14629945391222,protein only,high,0.0,high,1.0,1.0
"Rat gastrocnemius, female 2 wk",FKBP5,-1.0,1.78271421374703,2.7943597523271,neither,high,0.0,high,1.0,1.0
"Rat gastrocnemius, female 2 wk",FLII,-1.0,-1.29493417888625,-2.17605344086963,neither,high,0.0,high,1.0,2.0
"Rat gastrocnemius, female 2 wk",FLNC,-1.0,-2.24113174774463,-6.39444570156916,protein only,high,0.0,high,1.0,1.0
"Rat gastrocnemius, female 2 wk",FMOD,1.0,0.277091725880477,0.0302223342620692,neither,high,0.0,mid,1.0,1.0
"Rat gastrocnemius, female 2 wk",FSTL1,1.0,-1.41729880091509,-1.3804649270534,neither,high,0.0,high,1.0,1.0
"Rat gastrocnemius, female 2 wk",FUCA1,1.0,0.347079303932657,-0.895656531820286,neither,mid,3.0,mid,1.0,1.0
"Rat gastrocnemius, female 2 wk",FZD7,1.0,-1.47014979516217,1.15141286876824,neither,high,4.0,mid,1.0,1.0
"Rat gastrocnemius, female 2 wk",GCLM,-1.0,0.198649175437298,0.375237492847679,neither,mid,0.0,mid,1.0,1.0
"Rat gastrocnemius, female 2 wk",GLOD4,1.0,-1.74645701472826,-1.25899692935161,neither,mid,0.0,mid,1.0,1.0
"Rat gastrocnemius, female 2 wk",GLRX,1.0,0.18710953116286,3.08622009321796,neither,mid,0.0,high,1.0,1.0
"Rat gastrocnemius, female 2 wk",GLRX2,-1.0,1.52992378827603,0.324045539385614,neither,mid,0.0,mid,1.0,1.0
"Rat gastrocnemius, female 2 wk",GLUL,-1.0,0.758465963351368,-1.25834889919174,neither,high,0.0,high,1.0,1.0
"Rat gastrocnemius, female 2 wk",GMPR,-1.0,0.525287768413129,-0.343175049934002,neither,high,0.0,high,1.0,1.0
"Rat gastrocnemius, female 2 wk",GNL3,-1.0,0.0290743313985071,0.741087293884868,neither,mid,0.0,high,1.0,1.0
"Rat gastrocnemius, female 2 wk",GOLT1B,-1.0,-0.770557123480755,0.597033372473316,neither,mid,7.0,mid,1.0,1.0
"Rat gastrocnemius, female 2 wk",GPD1L,-1.0,0.524046990038245,1.26677737399511,neither,high,0.0,high,1.0,1.0
"Rat gastrocnemius, female 2 wk",GPX3,-1.0,1.02550572705897,-4.00439521002851,neither,high,0.0,high,1.0,1.0
"Rat gastrocnemius, female 2 wk",GTF2E1,1.0,-0.789101095431776,1.70566773621951,neither,mid,7.0,mid,1.0,1.0
"Rat gastrocnemius, female 2 wk",GTPBP6,-1.0,0.094115929123739,0.373458370482183,neither,mid,0.0,high,2.0,1.0
"Rat gastrocnemius, female 2 wk",HBA1,1.0,1.54379400830226,-1.6948745163311,neither,mid,0.0,low,2.0,1.0
"Rat gastrocnemius, female 2 wk",HBB,1.0,1.03321786767736,-2.66647116726222,neither,mid,0.0,high,1.0,1.0
"Rat gastrocnemius, female 2 wk",HBD,1.0,-0.843600120405787,-1.9631104569914,neither,low,0.0,low,2.0,2.0
"Rat gastrocnemius, female 2 wk",HMGCL,1.0,0.259558390903349,1.69614728127785,neither,mid,0.0,high,1.0,1.0
"Rat gastrocnemius, female 2 wk",HMGN1,1.0,-1.86465183840124,-0.0475363290946033,neither,mid,0.0,mid,2.0,1.0
"Rat gastrocnemius, female 2 wk",HMGN2,1.0,-3.66659370432786,-1.31688384687342,neither,high,0.0,high,1.0,1.0
"Rat gastrocnemius, female 2 wk",HMOX2,-1.0,1.61524249139795,0.00116936503742,neither,high,0.0,mid,1.0,1.0
"Rat gastrocnemius, female 2 wk",HPRT1,1.0,-0.725859951035108,-4.75776548813115,protein only,mid,0.0,mid,2.0,1.0
"Rat gastrocnemius, female 2 wk",HSP90AA1,-1.0,-2.26924883673596,1.06559794421509,neither,high,0.0,high,2.0,1.0
"Rat gastrocnemius, female 2 wk",HSPA2,1.0,-1.26558075071681,1.3080354552119,neither,mid,0.0,high,1.0,1.0
"Rat gastrocnemius, female 2 wk",HSPA5,1.0,-2.3497037182565,2.81905813182079,neither,high,0.0,high,1.0,1.0
"Rat gastrocnemius, female 2 wk",HSPB2,-1.0,0.564280841574804,-0.633175945802082,neither,high,0.0,high,1.0,1.0
"Rat gastrocnemius, female 2 wk",HSPB6,1.0,-0.0066784547166815,2.04473626224752,neither,high,0.0,high,1.0,1.0
"Rat gastrocnemius, female 2 wk",HTRA1,1.0,1.62348959847226,1.92051368922692,neither,high,4.0,mid,1.0,1.0
"Rat gastrocnemius, female 2 wk",IFIT3,1.0,1.56356873990506,0.997381384524251,neither,low,0.0,mid,1.0,1.0
"Rat gastrocnemius, female 2 wk",IFITM3,-1.0,-0.001089127801991,-0.415359330140974,neither,mid,1.5,high,1.0,1.0
"Rat gastrocnemius, female 2 wk",IRS1,-1.0,0.251919294150104,4.74920507544852,protein only,high,0.0,mid,1.0,1.0
"Rat gastrocnemius, female 2 wk",ITFG1,1.0,-2.23711596390015,0.339224734602359,neither,high,1.5,mid,1.0,1.0
"Rat gastrocnemius, female 2 wk",IVNS1ABP,1.0,-0.546877591289326,-0.769529908485112,neither,high,0.0,high,1.0,1.0
"Rat gastrocnemius, female 2 wk",JUP,-1.0,0.528289665511571,1.79180875262224,neither,high,0.0,high,1.0,1.0
"Rat gastrocnemius, female 2 wk",KLHL21,-1.0,3.5000717996709,0.962165324875128,neither,high,0.0,high,1.0,1.0
"Rat gastrocnemius, female 2 wk",KLHL41,-1.0,-2.3595408247772,-3.74981282921062,neither,high,0.0,high,1.0,1.0
"Rat gastrocnemius, female 2 wk",KPNA2,-1.0,0.917907094541281,0.0241675444085195,neither,mid,0.0,mid,1.0,1.0
"Rat gastrocnemius, female 2 wk",LAMB1,1.0,0.923683779872444,1.280729999346,neither,high,0.0,mid,1.0,1.0
"Rat gastrocnemius, female 2 wk",LMCD1,-1.0,-0.821034706595676,-3.35834167082871,neither,high,0.0,high,1.0,1.0
"Rat gastrocnemius, female 2 wk",LPIN1,-1.0,-0.170882175101932,0.278667711217247,neither,high,0.0,high,1.0,1.0
"Rat gastrocnemius, female 2 wk",LRRC59,-1.0,1.73824774401175,-0.157968103110781,neither,high,0.0,high,1.0,1.0
"Rat gastrocnemius, female 2 wk",LSP1,1.0,-1.02376011272335,-0.885285539950908,neither,mid,3.0,mid,1.0,1.0
"Rat gastrocnemius, female 2 wk",LUM,1.0,-2.39591710448974,-2.58884157550532,neither,high,0.0,mid,1.0,1.0
"Rat gastrocnemius, female 2 wk",LYVE1,-1.0,1.21963282195935,-0.0123547698024007,neither,high,0.0,mid,1.0,1.0
"Rat gastrocnemius, female 2 wk",MAFF,-1.0,-0.338969897023298,0.475059520826355,neither,mid,6.5,high,1.0,1.0
"Rat gastrocnemius, female 2 wk",MAGED2,1.0,-0.952098458733086,-0.176933567485537,neither,mid,3.0,high,1.0,1.0
"Rat gastrocnemius, female 2 wk",MAP1LC3B,-1.0,2.82025037076062,-1.36391433612288,neither,high,7.0,high,1.0,1.0
"Rat gastrocnemius, female 2 wk",MAP2K1,-1.0,0.0744736493062483,1.71784498160744,neither,high,0.0,high,1.0,1.0
"Rat gastrocnemius, female 2 wk",MARK3,-1.0,-0.0012683519240061,2.72636128002362,neither,high,1.5,high,1.0,2.0
"Rat gastrocnemius, female 2 wk",MBNL2,-1.0,-1.05294091293994,0.768609070531326,neither,high,4.0,high,1.0,1.0
"Rat gastrocnemius, female 2 wk",METTL22,-1.0,0.242765084640246,1.08845856645615,neither,high,0.0,mid,1.0,1.0
"Rat gastrocnemius, female 2 wk",MFAP4,1.0,-1.74165548908285,-3.94779773765392,neither,high,3.0,high,2.0,1.0
"Rat gastrocnemius, female 2 wk",MKNK2,-1.0,2.9056499425305,-1.65032255044715,neither,high,0.0,high,1.0,1.0
"Rat gastrocnemius, female 2 wk",MPI,1.0,0.386315497980934,0.627994652532659,neither,high,0.0,mid,1.0,1.0
"Rat gastrocnemius, female 2 wk",MPP3,-1.0,2.43438456703792,0.354399826843466,neither,mid,0.0,low,1.0,1.0
"Rat gastrocnemius, female 2 wk",MRPL34,-1.0,-0.162990123243747,2.57818105056512,neither,mid,2.0,high,1.0,1.0
"Rat gastrocnemius, female 2 wk",MTCH1,-1.0,0.491203929949387,0.890938568247381,neither,high,2.0,high,1.0,1.0
"Rat gastrocnemius, female 2 wk",MTR,1.0,0.267378993049485,0.179401830913909,neither,mid,0.0,mid,1.0,1.0
"Rat gastrocnemius, female 2 wk",MYOM2,1.0,0.971558425015032,0.551185841853467,neither,high,0.0,high,1.0,1.0
"Rat gastrocnemius, female 2 wk",MYOT,-1.0,-2.5522596984602,0.567522053975701,neither,high,0.0,high,2.0,1.0
"Rat gastrocnemius, female 2 wk",NAA15,-1.0,-0.0138602360211886,0.845741385137626,neither,high,0.0,mid,1.0,1.0
"Rat gastrocnemius, female 2 wk",NAMPT,-1.0,0.421134591874628,-1.85027798157657,neither,high,0.0,high,1.0,1.0
"Rat gastrocnemius, female 2 wk",NCAM1,-1.0,-1.37531997105018,-3.89229966189353,neither,mid,0.0,mid,1.0,2.0
"Rat gastrocnemius, female 2 wk",NID1,-1.0,-0.795245351486398,0.674282584432597,neither,high,0.0,high,1.0,1.0
"Rat gastrocnemius, female 2 wk",NIT2,1.0,1.71295290266391,3.06761535119427,neither,mid,0.0,mid,1.0,1.0
"Rat gastrocnemius, female 2 wk",NQO2,-1.0,-0.723481068616963,0.435583979805012,neither,mid,0.0,mid,1.0,1.0
"Rat gastrocnemius, female 2 wk",NRAP,-1.0,-0.777529079776355,-4.7854311854665,protein only,high,0.0,high,1.0,1.0
"Rat gastrocnemius, female 2 wk",NUCB2,1.0,1.34284931813625,0.720816263818588,neither,mid,0.0,low,1.0,1.0
"Rat gastrocnemius, female 2 wk",NUDT3,1.0,-0.95445865872717,0.8407837013699,neither,high,0.0,high,1.0,1.0
"Rat gastrocnemius, female 2 wk",NUDT4,-1.0,-1.10695623078985,-0.566320795135061,neither,high,0.0,mid,1.0,1.0
"Rat gastrocnemius, female 2 wk",NUP37,1.0,0.149572055087972,0.948399186570035,neither,low,0.0,mid,1.0,1.0
"Rat gastrocnemius, female 2 wk",OGDH,-1.0,0.573376680467496,0.288365883423838,neither,high,0.0,high,1.0,1.0
"Rat gastrocnemius, female 2 wk",OGN,1.0,-0.855533154642035,-1.29470099522503,neither,mid,0.0,low,2.0,1.0
"Rat gastrocnemius, female 2 wk",OLFML3,1.0,1.11145701545008,-0.568026965852916,neither,mid,0.0,mid,1.0,1.0
"Rat gastrocnemius, female 2 wk",PALMD,1.0,-0.360152053935303,-0.274566643348443,neither,high,0.0,high,1.0,1.0
"Rat gastrocnemius, female 2 wk",PCCB,1.0,0.723203025964144,0.513847956291539,neither,high,0.0,mid,1.0,1.0
"Rat gastrocnemius, female 2 wk",PCNT,-1.0,1.11236761985711,1.4647469890664,neither,high,0.0,high,1.0,1.0
"Rat gastrocnemius, female 2 wk",PCOLCE,1.0,0.49730232320247,0.142054479137667,neither,high,0.0,mid,1.0,1.0
"Rat gastrocnemius, female 2 wk",PDK4,1.0,0.37886246542315,1.00090825585608,neither,high,0.0,high,1.0,1.0
"Rat gastrocnemius, female 2 wk",PDLIM3,1.0,-1.65881357923799,-2.52791914174578,neither,high,0.0,high,1.0,3.0
"Rat gastrocnemius, female 2 wk",PKM,1.0,0.433761310283158,1.08685373354952,neither,high,0.0,high,1.0,2.0
"Rat gastrocnemius, female 2 wk",PLA2G2A,-1.0,0.117211972628994,-1.22096331752429,neither,low,0.0,mid,1.0,1.0
"Rat gastrocnemius, female 2 wk",PLBD1,1.0,0.160838504062382,0.967734458903722,neither,high,0.0,mid,1.0,1.0
"Rat gastrocnemius, female 2 wk",PLIN2,-1.0,-0.29866521035962,2.66797402037403,neither,high,0.0,high,1.0,1.0
"Rat gastrocnemius, female 2 wk",PLP2,-1.0,-2.40095365047316,-1.2215594106634,neither,mid,0.0,high,1.0,1.0
"Rat gastrocnemius, female 2 wk",PODXL,-1.0,-1.38103675645714,1.49091590420868,neither,high,0.0,mid,1.0,1.0
"Rat gastrocnemius, female 2 wk",POGLUT1,-1.0,1.01530290671577,-0.306628052764942,neither,mid,0.0,low,1.0,1.0
"Rat gastrocnemius, female 2 wk",POLE3,-1.0,1.8142310061675,-0.155230140848175,neither,mid,4.0,high,1.0,1.0
"Rat gastrocnemius, female 2 wk",POPDC3,-1.0,-0.12567435498987,0.101836930109551,neither,high,7.0,high,1.0,1.0
"Rat gastrocnemius, female 2 wk",POR,-1.0,1.48972133382031,-1.16502711025347,neither,high,0.0,high,1.0,1.0
"Rat gastrocnemius, female 2 wk",PPDPF,1.0,0.0108258802566843,0.670449448983761,neither,mid,7.0,high,1.0,1.0
"Rat gastrocnemius, female 2 wk",PPL,-1.0,0.592843744546519,-0.46772394367972,neither,mid,0.0,mid,1.0,1.0
"Rat gastrocnemius, female 2 wk",PPP1R12B,1.0,-0.970074425016273,2.07925675033927,neither,high,0.0,high,1.0,1.0
"Rat gastrocnemius, female 2 wk",PPP1R3C,1.0,0.888388116501703,-0.99533719482933,neither,high,0.0,high,1.0,1.0
"Rat gastrocnemius, female 2 wk",PPT1,1.0,-0.712820025852516,-2.47033368385643,neither,mid,0.0,mid,1.0,1.0
"Rat gastrocnemius, female 2 wk",PRDX4,1.0,-0.0963586717350947,-1.15492641742287,neither,mid,0.0,high,1.0,1.0
"Rat gastrocnemius, female 2 wk",PRDX6,-1.0,1.22044578110535,-1.70616002906638,neither,high,0.0,high,1.0,1.0
"Rat gastrocnemius, female 2 wk",PSMB10,1.0,0.483303514958606,0.415208274180418,neither,low,0.0,high,1.0,1.0
"Rat gastrocnemius, female 2 wk",PSME4,-1.0,1.41276689245979,-1.41450469964317,neither,high,0.0,high,1.0,1.0
"Rat gastrocnemius, female 2 wk",PSPH,-1.0,-0.841373230305377,-1.27129600123389,neither,low,0.0,low,1.0,1.0
"Rat gastrocnemius, female 2 wk",PTN,1.0,1.31960567835474,-0.0824200109895534,neither,low,5.0,low,1.0,1.0
"Rat gastrocnemius, female 2 wk",PTP4A2,-1.0,2.03471553838319,2.30400686406089,neither,high,2.0,high,1.0,1.0
"Rat gastrocnemius, female 2 wk",PTP4A3,-1.0,-0.81217690551395,-1.34965209120912,neither,high,5.5,high,1.0,1.0
"Rat gastrocnemius, female 2 wk",RAB9A,-1.0,-0.564691865006409,0.212771300867249,neither,mid,0.0,mid,1.0,1.0
"Rat gastrocnemius, female 2 wk",RABAC1,-1.0,0.809332009766044,-0.972004935845847,neither,high,0.0,high,1.0,1.0
"Rat gastrocnemius, female 2 wk",RANGAP1,-1.0,0.231049219053158,-1.91855164734266,neither,high,0.0,high,1.0,1.0
"Rat gastrocnemius, female 2 wk",RBFOX1,-1.0,0.738023790613417,-0.665352413765433,neither,high,0.0,high,1.0,1.0
"Rat gastrocnemius, female 2 wk",RBM10,1.0,-0.0030104080805047,1.7280107474375,neither,high,0.0,high,1.0,1.0
"Rat gastrocnemius, female 2 wk",RBP4,-1.0,-1.00012803812557,-3.02140020054481,neither,low,0.0,low,1.0,1.0
"Rat gastrocnemius, female 2 wk",RCAN1,-1.0,-0.931237901953767,1.3191032391784,neither,high,0.0,mid,1.0,1.0
"Rat gastrocnemius, female 2 wk",RHOC,-1.0,-1.05773961326185,-0.582762607636943,neither,mid,0.0,high,1.0,1.0
"Rat gastrocnemius, female 2 wk",RHOT1,-1.0,0.540964710900808,1.73151020619012,neither,high,0.0,mid,1.0,1.0
"Rat gastrocnemius, female 2 wk",RNASET2,1.0,-0.367726793503355,0.0746256424350923,neither,high,0.0,low,1.0,1.0
"Rat gastrocnemius, female 2 wk",RNF14,-1.0,-0.237297551294045,0.488635738182079,neither,high,0.0,high,1.0,1.0
"Rat gastrocnemius, female 2 wk",RNF146,1.0,-1.01898939187828,0.400068367297417,neither,high,7.0,high,1.0,1.0
"Rat gastrocnemius, female 2 wk",RWDD1,-1.0,0.367172662790019,-1.02925580493249,neither,high,0.0,high,1.0,1.0
"Rat gastrocnemius, female 2 wk",S100A9,-1.0,-0.0297967010597489,-1.44868091031177,neither,low,0.0,high,1.0,1.0
"Rat gastrocnemius, female 2 wk",SAMHD1,-1.0,0.211234486082799,1.06122859218921,neither,low,5.0,high,1.0,1.0
"Rat gastrocnemius, female 2 wk",SEC31A,1.0,-0.0213168351206468,-1.19029248818439,neither,high,0.0,high,1.0,1.0
"Rat gastrocnemius, female 2 wk",SERPINE2,1.0,-0.480475355273475,-0.350804199614205,neither,high,0.0,low,1.0,1.0
"Rat gastrocnemius, female 2 wk",SH3BGR,-1.0,-1.02004389362693,3.1733447126234,neither,high,0.0,high,2.0,1.0
"Rat gastrocnemius, female 2 wk",SH3BGRL,1.0,1.33224688476706,-2.08630821222339,neither,low,0.0,mid,1.0,1.0
"Rat gastrocnemius, female 2 wk",SH3GL2,1.0,-1.57715602472464,-0.630207848251596,neither,low,5.5,low,1.0,1.0
"Rat gastrocnemius, female 2 wk",SLC25A11,1.0,-0.332433795740422,-2.44554873442681,neither,high,0.0,high,1.0,1.0
"Rat gastrocnemius, female 2 wk",SLC25A12,-1.0,1.41793315217471,-2.11309526925756,neither,high,0.0,high,1.0,1.0
"Rat gastrocnemius, female 2 wk",SLC25A20,1.0,-0.823162255667516,-2.12958091475201,neither,high,0.0,high,1.0,1.0
"Rat gastrocnemius, female 2 wk",SNX7,-1.0,-0.55650036845724,-1.57844021374306,neither,low,3.0,low,1.0,1.0
"Rat gastrocnemius, female 2 wk",SORT1,-1.0,0.993163200097032,-0.75668801181993,neither,high,0.0,high,1.0,1.0
"Rat gastrocnemius, female 2 wk",SOS1,-1.0,-0.039958750123899,0.930463160013283,neither,high,1.5,mid,1.0,1.0
"Rat gastrocnemius, female 2 wk",SPARC,1.0,0.879739734352017,-0.410670700451654,neither,high,0.0,high,1.0,1.0
"Rat gastrocnemius, female 2 wk",SRPX,-1.0,-1.04696187499688,-0.870205906066203,neither,mid,5.0,mid,1.0,1.0
"Rat gastrocnemius, female 2 wk",SSPN,1.0,-1.05538076220939,-1.2527454771216,neither,high,0.0,high,1.0,1.0
"Rat gastrocnemius, female 2 wk",STAT3,-1.0,-1.63493197884496,-0.159350307545686,neither,high,0.0,high,1.0,1.0
"Rat gastrocnemius, female 2 wk",STEAP3,-1.0,0.201992187663508,0.301088717088031,neither,high,0.0,high,1.0,1.0
"Rat gastrocnemius, female 2 wk",STIP1,-1.0,0.508228896577377,2.50853720753182,neither,high,0.0,high,1.0,1.0
"Rat gastrocnemius, female 2 wk",STK38L,1.0,0.255114780259349,-0.812258901381001,neither,high,0.0,mid,1.0,1.0
"Rat gastrocnemius, female 2 wk",SUCLA2,1.0,0.782248821174555,1.06256717468919,neither,high,0.0,high,1.0,1.0
"Rat gastrocnemius, female 2 wk",SUN2,-1.0,-0.295901397177235,-1.39399086691417,neither,high,0.0,high,1.0,1.0
"Rat gastrocnemius, female 2 wk",SYNPO2L,1.0,-1.79539617438691,1.05868358964981,neither,high,0.0,high,1.0,1.0
"Rat gastrocnemius, female 2 wk",TGM2,-1.0,-0.357787852420944,0.0497038650102559,neither,high,0.0,high,1.0,1.0
"Rat gastrocnemius, female 2 wk",THBS1,-1.0,0.149097225086071,-0.802607826400056,neither,mid,0.0,mid,1.0,1.0
"Rat gastrocnemius, female 2 wk",THBS4,1.0,-0.456655848648411,-0.714440763295482,neither,high,0.0,high,1.0,1.0
"Rat gastrocnemius, female 2 wk",TIMP3,-1.0,3.24046375253241,2.28197510770821,neither,high,2.0,high,1.0,1.0
"Rat gastrocnemius, female 2 wk",TLN1,1.0,-0.334582965592035,-2.75303395134661,neither,high,0.0,high,1.0,1.0
"Rat gastrocnemius, female 2 wk",TMEM38B,-1.0,-2.43758859002805,-0.659733773159023,neither,high,0.0,high,1.0,1.0
"Rat gastrocnemius, female 2 wk",TMSB4X,1.0,0.306628182112474,2.11574435407747,neither,high,2.0,high,1.0,1.0
"Rat gastrocnemius, female 2 wk",TNNI1,1.0,-1.21067832622227,0.106359773353994,neither,high,0.0,high,1.0,1.0
"Rat gastrocnemius, female 2 wk",TPPP3,1.0,-2.35438805017525,0.770284967706521,neither,high,0.0,high,1.0,1.0
"Rat gastrocnemius, female 2 wk",TPRKB,-1.0,-0.431312796105652,0.0657725945225897,neither,low,3.5,high,2.0,1.0
"Rat gastrocnemius, female 2 wk",TRDN,-1.0,-1.32591428069319,1.74622445478412,neither,high,0.0,high,1.0,1.0
"Rat gastrocnemius, female 2 wk",TUBA4A,-1.0,-1.82874522571087,-2.82199672611296,neither,high,0.0,high,1.0,1.0
"Rat gastrocnemius, female 2 wk",TUBG1,-1.0,0.80742701183929,-2.2328454647841,neither,high,0.0,high,1.0,1.0
"Rat gastrocnemius, female 2 wk",TXNIP,1.0,-0.821074582705307,1.6801517458455,neither,high,0.0,high,1.0,1.0
"Rat gastrocnemius, female 2 wk",TXNRD1,-1.0,2.87715318492053,0.894671760108273,neither,high,0.0,high,1.0,1.0
"Rat gastrocnemius, female 2 wk",UAP1,-1.0,0.193731885047418,-0.519603214881869,neither,mid,0.0,high,1.0,1.0
"Rat gastrocnemius, female 2 wk",UBFD1,-1.0,0.0071039063877858,0.419465667933329,neither,mid,0.0,high,1.0,1.0
"Rat gastrocnemius, female 2 wk",UBQLN2,1.0,0.0717548961031961,2.37106300349336,neither,high,1.5,high,1.0,1.0
"Rat gastrocnemius, female 2 wk",UFSP2,1.0,1.01001737480902,-1.15013499295408,neither,mid,0.0,high,1.0,1.0
"Rat gastrocnemius, female 2 wk",UGP2,-1.0,0.169076131262571,2.61587258375316,neither,high,0.0,high,1.0,1.0
"Rat gastrocnemius, female 2 wk",VCAN,1.0,-0.978662539028941,0.828046957985859,neither,mid,0.0,low,1.0,1.0
"Rat gastrocnemius, female 2 wk",VEGFB,1.0,1.71881294890755,-3.44114615659835,neither,high,7.0,high,1.0,1.0
"Rat gastrocnemius, female 2 wk",VEZF1,-1.0,1.75754466636811,-0.274556831178068,neither,high,0.0,high,1.0,1.0
"Rat gastrocnemius, female 2 wk",VPS13D,-1.0,-0.662573042795233,1.63453019691131,neither,high,0.0,mid,1.0,1.0
"Rat gastrocnemius, female 2 wk",VTN,1.0,1.45969550234831,-1.52277107387444,neither,mid,0.0,low,1.0,1.0
"Rat gastrocnemius, female 2 wk",WFS1,1.0,-1.54315962506922,0.330892155459315,neither,high,0.0,mid,1.0,1.0
"Rat gastrocnemius, female 2 wk",XRCC4,-1.0,1.04560656669184,0.461598314373466,neither,low,0.0,low,1.0,1.0
"Rat gastrocnemius, female 2 wk",YBX3,-1.0,2.32087464628118,-1.12490595458054,neither,high,0.0,high,1.0,1.0
"Rat gastrocnemius, female 2 wk",ZBTB16,1.0,-0.0208509313925192,0.157020796754167,neither,high,0.0,high,1.0,1.0
"Rat gastrocnemius, female 4 wk",ABHD5,-1.0,0.684840473121684,0.553081287815799,neither,mid,5.5,mid,1.0,1.0
"Rat gastrocnemius, female 4 wk",ACSS3,-1.0,2.47705654882487,3.75364561352284,protein only,mid,0.0,low,1.0,1.0
"Rat gastrocnemius, female 4 wk",ACTA1,-1.0,-1.26012175309595,-1.44052540819825,neither,high,0.0,high,1.0,1.0
"Rat gastrocnemius, female 4 wk",ADD3,1.0,-0.392577381974074,0.275896011674139,neither,high,0.0,mid,1.0,1.0
"Rat gastrocnemius, female 4 wk",ADH5,1.0,-0.453360508331276,-0.146916616891251,neither,high,0.0,high,1.0,1.0
"Rat gastrocnemius, female 4 wk",ALAS1,1.0,1.36360861513592,-0.266564228051895,neither,high,3.0,high,1.0,1.0
"Rat gastrocnemius, female 4 wk",ALDH5A1,1.0,0.674750184623324,3.96532258717382,protein only,high,0.0,high,1.0,1.0
"Rat gastrocnemius, female 4 wk",ALDH9A1,1.0,0.579067935495396,-1.36069142838139,neither,high,0.0,high,1.0,1.0
"Rat gastrocnemius, female 4 wk",ANK1,1.0,-1.40988376934489,-1.60250411122179,neither,high,0.0,high,1.0,2.0
"Rat gastrocnemius, female 4 wk",ANKMY2,1.0,0.333224636615784,0.851395526008084,neither,high,0.0,mid,1.0,1.0
"Rat gastrocnemius, female 4 wk",ANKRD2,-1.0,-2.16758820363063,-0.411706325042478,neither,high,0.0,high,1.0,1.0
"Rat gastrocnemius, female 4 wk",ANP32E,1.0,-1.15398603371834,-1.27916770050006,neither,high,0.0,high,1.0,1.0
"Rat gastrocnemius, female 4 wk",ANXA4,1.0,0.356368626131045,0.299865551001492,neither,high,0.0,mid,1.0,1.0
"Rat gastrocnemius, female 4 wk",ANXA6,1.0,0.926776652813183,0.114279776200945,neither,high,0.0,high,1.0,1.0
"Rat gastrocnemius, female 4 wk",AP1S2,-1.0,0.581407303424906,0.334610843275654,neither,mid,5.0,high,1.0,1.0
"Rat gastrocnemius, female 4 wk",AP2B1,1.0,-0.84107427233602,-0.924357445847172,neither,high,0.0,high,1.0,1.0
"Rat gastrocnemius, female 4 wk",APOD,-1.0,-0.828976127031881,0.194133478536038,neither,mid,5.0,high,1.0,1.0
"Rat gastrocnemius, female 4 wk",ARHGDIB,1.0,-0.708732631539802,-1.52853682633612,neither,mid,0.0,high,1.0,1.0
"Rat gastrocnemius, female 4 wk",ARMCX3,1.0,-0.468458973463086,-1.8633647103019,neither,high,3.5,high,1.0,1.0
"Rat gastrocnemius, female 4 wk",ASMTL,1.0,0.310337970183564,2.28286221760672,neither,mid,0.0,mid,1.0,1.0
"Rat gastrocnemius, female 4 wk",ASPN,1.0,0.899408385122604,-3.22721478856571,neither,mid,0.0,low,2.0,1.0
"Rat gastrocnemius, female 4 wk",ATP1A1,-1.0,-1.3165435194947,-0.30084830084852,neither,high,0.0,high,1.0,1.0
"Rat gastrocnemius, female 4 wk",ATP1A2,-1.0,3.29061200647867,1.66753682271009,neither,high,0.0,high,1.0,1.0
"Rat gastrocnemius, female 4 wk",ATP1B1,-1.0,1.52189874552037,3.52762594535534,neither,high,0.0,high,1.0,1.0
"Rat gastrocnemius, female 4 wk",ATP1B3,-1.0,-2.42214189816487,-0.605935901774206,neither,high,0.0,high,1.0,1.0
"Rat gastrocnemius, female 4 wk",ATP2A2,-1.0,0.33854960015701,2.06774212501948,neither,high,0.0,high,1.0,2.0
"Rat gastrocnemius, female 4 wk",BAG2,-1.0,-0.574942417281044,0.0881127334837216,neither,mid,0.0,mid,1.0,1.0
"Rat gastrocnemius, female 4 wk",BASP1,1.0,0.00229592118387,-3.25343997744467,neither,low,0.0,low,1.0,1.0
"Rat gastrocnemius, female 4 wk",BGN,1.0,-0.652811092442616,-1.50737122138847,neither,high,0.0,high,1.0,1.0
"Rat gastrocnemius, female 4 wk",BRD4,-1.0,0.182430270095141,-0.21572881942292,neither,high,3.0,high,1.0,1.0
"Rat gastrocnemius, female 4 wk",C1orf21,-1.0,0.417776217421322,0.121908245620218,neither,high,6.5,high,1.0,1.0
"Rat gastrocnemius, female 4 wk",C3,-1.0,-0.710968944329895,-0.976505645024514,neither,low,0.0,high,1.0,1.0
"Rat gastrocnemius, female 4 wk",C4A,-1.0,-0.350026343284667,-0.815773547440977,neither,low,0.0,low,2.0,1.0
"Rat gastrocnemius, female 4 wk",C6,1.0,1.98072175675154,1.79998648695887,neither,low,2.0,low,1.0,2.0
"Rat gastrocnemius, female 4 wk",CALU,-1.0,-1.1699966758094,-2.1198803608122,neither,high,0.0,high,1.0,2.0
"Rat gastrocnemius, female 4 wk",CCT2,-1.0,-0.0674652392507641,-1.23789488863492,neither,high,0.0,high,1.0,1.0
"Rat gastrocnemius, female 4 wk",CD14,-1.0,0.858252982247798,-0.0580198320359894,neither,low,3.0,mid,1.0,1.0
"Rat gastrocnemius, female 4 wk",CD163,-1.0,0.793554301794874,1.27930609794098,neither,high,0.0,mid,1.0,1.0
"Rat gastrocnemius, female 4 wk",CD59,-1.0,-1.83823057393626,-1.68503401859104,neither,high,0.0,high,1.0,1.0
"Rat gastrocnemius, female 4 wk",CDC37L1,-1.0,0.232038479944846,-0.141193098568095,neither,high,0.0,high,1.0,1.0
"Rat gastrocnemius, female 4 wk",CDK2AP2,-1.0,-0.574929923014626,-0.430444653258095,neither,mid,6.0,high,1.0,1.0
"Rat gastrocnemius, female 4 wk",CDV3,-1.0,-0.104393925100703,0.49734018478152,neither,high,0.0,high,1.0,1.0
"Rat gastrocnemius, female 4 wk",CHORDC1,-1.0,-0.366097469539288,0.849820350257082,neither,high,0.0,mid,1.0,1.0
"Rat gastrocnemius, female 4 wk",CILP,1.0,-1.22753601182405,-0.517725814744635,neither,high,0.0,mid,1.0,1.0
"Rat gastrocnemius, female 4 wk",CLDND1,-1.0,-0.816192992925681,-0.960188977988506,neither,high,7.5,high,1.0,1.0
"Rat gastrocnemius, female 4 wk",CLIC4,-1.0,-0.51628381938188,0.34775708535283,neither,high,0.0,high,1.0,1.0
"Rat gastrocnemius, female 4 wk",CLIP1,-1.0,0.501791121811503,-0.0486115836693943,neither,high,0.0,high,1.0,2.0
"Rat gastrocnemius, female 4 wk",CLTB,-1.0,0.603211625293201,-0.0999810016175903,neither,high,0.0,high,1.0,1.0
"Rat gastrocnemius, female 4 wk",CLU,-1.0,-1.41293489405461,-2.28653000644829,neither,high,0.0,mid,1.0,1.0
"Rat gastrocnemius, female 4 wk",CMC2,-1.0,0.101241166833292,2.72983617494214,neither,low,0.0,low,1.0,1.0
"Rat gastrocnemius, female 4 wk",CNN1,-1.0,-1.38480439337334,-0.286956056114151,neither,low,0.0,mid,1.0,1.0
"Rat gastrocnemius, female 4 wk",COA4,-1.0,0.519909621586399,2.22806271252206,neither,low,0.0,high,1.0,1.0
"Rat gastrocnemius, female 4 wk",COBL,-1.0,-0.500601482057028,2.00924858744094,neither,mid,0.0,high,1.0,2.0
"Rat gastrocnemius, female 4 wk",COL15A1,1.0,-2.10272881478026,-2.18143727498644,neither,high,0.0,mid,2.0,1.0
"Rat gastrocnemius, female 4 wk",COL1A1,1.0,-0.617208747954068,-0.408716964433055,neither,high,0.0,mid,1.0,1.0
"Rat gastrocnemius, female 4 wk",COL1A2,1.0,-0.521783469898463,-0.54905342004252,neither,high,0.0,high,2.0,1.0
"Rat gastrocnemius, female 4 wk",COL3A1,1.0,-1.76329164748248,-0.351761011426807,neither,high,0.0,high,1.0,1.0
"Rat gastrocnemius, female 4 wk",COL5A2,1.0,-1.66209937194037,-0.447275831845437,neither,high,0.0,mid,1.0,1.0
"Rat gastrocnemius, female 4 wk",COMP,1.0,0.998410846722664,-0.24526202057587,neither,mid,0.0,low,1.0,1.0
"Rat gastrocnemius, female 4 wk",COX17,-1.0,0.0894218798069987,4.11923728323135,protein only,high,0.0,high,1.0,1.0
"Rat gastrocnemius, female 4 wk",CPE,1.0,-1.9878499901032,0.90734861428639,neither,high,0.0,high,1.0,1.0
"Rat gastrocnemius, female 4 wk",CPT2,1.0,-0.0277894745585923,2.79488757976505,neither,high,0.0,mid,1.0,1.0
"Rat gastrocnemius, female 4 wk",CRYM,1.0,-2.71530183122328,-0.571855519685164,neither,mid,0.0,low,1.0,1.0
"Rat gastrocnemius, female 4 wk",CTF1,1.0,0.759827541004905,1.25233045378886,neither,mid,6.0,mid,1.0,1.0
"Rat gastrocnemius, female 4 wk",CTSD,1.0,1.61842494440712,0.589752314736615,neither,high,0.0,high,1.0,1.0
"Rat gastrocnemius, female 4 wk",CTSH,1.0,-1.45458139749543,-2.22950590707175,neither,high,0.0,mid,1.0,1.0
"Rat gastrocnemius, female 4 wk",CYP4B1,-1.0,1.57675043446132,1.76643609240701,neither,mid,0.0,mid,1.0,1.0
"Rat gastrocnemius, female 4 wk",DAZAP1,-1.0,0.0574737207028372,-0.819003893616134,neither,high,0.0,high,1.0,1.0
"Rat gastrocnemius, female 4 wk",DDX39A,-1.0,-1.81697271286963,0.407604039035148,neither,mid,0.0,high,1.0,1.0
"Rat gastrocnemius, female 4 wk",DENND1B,1.0,-0.625010233952776,-0.646324009139376,neither,high,0.0,low,1.0,1.0
"Rat gastrocnemius, female 4 wk",DERL1,-1.0,-0.642935012505358,-0.679477316139326,neither,high,0.0,high,1.0,1.0
"Rat gastrocnemius, female 4 wk",DLG1,-1.0,-0.426396900447499,-1.34546783370673,neither,high,0.0,mid,1.0,1.0
"Rat gastrocnemius, female 4 wk",DLST,1.0,1.75414773346443,4.18749845311833,protein only,high,0.0,high,1.0,1.0
"Rat gastrocnemius, female 4 wk",DMPK,-1.0,-1.08430996041735,1.27760067670573,neither,high,0.0,high,1.0,1.0
"Rat gastrocnemius, female 4 wk",DNAJC15,-1.0,2.67486637376824,3.82554089287053,protein only,high,0.0,mid,1.0,1.0
"Rat gastrocnemius, female 4 wk",DPM1,1.0,0.630425141550006,-1.28314531916029,neither,high,0.0,high,1.0,1.0
"Rat gastrocnemius, female 4 wk",DPYSL3,1.0,-0.744165088069186,-1.09037336272209,neither,mid,0.0,high,1.0,1.0
"Rat gastrocnemius, female 4 wk",DUSP13,-1.0,-1.29004500429132,-1.44648155806925,neither,high,0.0,high,3.0,2.0
"Rat gastrocnemius, female 4 wk",DVL1,-1.0,-1.53719744141232,-0.165826778527311,neither,high,0.0,high,1.0,1.0
"Rat gastrocnemius, female 4 wk",EFEMP1,1.0,-1.91189424652148,-0.729672640766819,neither,mid,0.0,mid,1.0,1.0
"Rat gastrocnemius, female 4 wk",EGLN1,-1.0,0.441721554085553,0.56400439039026,neither,high,0.0,high,1.0,1.0
"Rat gastrocnemius, female 4 wk",EHBP1L1,-1.0,-2.67115350732354,-2.0210923320986,neither,high,0.0,high,1.0,1.0
"Rat gastrocnemius, female 4 wk",EHD3,1.0,-0.312087644144535,-1.74643816118163,neither,mid,0.0,low,1.0,1.0
"Rat gastrocnemius, female 4 wk",EIF1AX,-1.0,-0.346331563985518,-0.335165303239637,neither,high,0.0,high,1.0,1.0
"Rat gastrocnemius, female 4 wk",EMC2,1.0,0.729313326931602,1.33142224290506,neither,mid,0.0,high,1.0,1.0
"Rat gastrocnemius, female 4 wk",EMC6,-1.0,0.778028283295675,-1.23836368469048,neither,high,4.0,high,1.0,1.0
"Rat gastrocnemius, female 4 wk",EPB41L2,1.0,-0.570540464406322,-1.39014940871743,neither,high,0.0,mid,1.0,1.0
"Rat gastrocnemius, female 4 wk",EPHX2,1.0,-1.99412219372104,-3.08601728008377,neither,mid,0.0,mid,1.0,2.0
"Rat gastrocnemius, female 4 wk",EPM2AIP1,1.0,-0.629784849252378,-1.68643901670638,neither,high,0.0,mid,1.0,1.0
"Rat gastrocnemius, female 4 wk",ERLIN2,1.0,0.0972390219678306,-2.52365445411034,neither,mid,0.0,mid,1.0,1.0
"Rat gastrocnemius, female 4 wk",FASN,-1.0,0.815886685483413,1.87773670220618,neither,mid,0.0,mid,1.0,1.0
"Rat gastrocnemius, female 4 wk",FBLN2,1.0,-0.497177495289761,-1.02344505474709,neither,high,0.0,high,1.0,1.0
"Rat gastrocnemius, female 4 wk",FBN1,1.0,-3.37057485491401,-0.211417081558369,neither,high,0.0,mid,1.0,1.0
"Rat gastrocnemius, female 4 wk",FBXO40,1.0,-0.600846914348223,-2.05727393785719,neither,high,0.0,high,1.0,1.0
"Rat gastrocnemius, female 4 wk",FCN3,-1.0,0.663979529180374,-0.511670648181252,neither,mid,0.0,low,1.0,1.0
"Rat gastrocnemius, female 4 wk",FERMT2,-1.0,-0.740107183971079,1.11997616336075,neither,high,0.0,high,1.0,2.0
"Rat gastrocnemius, female 4 wk",FGF1,1.0,-1.02469335632232,-0.554341620851479,neither,high,0.0,low,1.0,1.0
"Rat gastrocnemius, female 4 wk",FHOD3,1.0,1.873051653505,0.200703538955633,neither,high,0.0,high,1.0,1.0
"Rat gastrocnemius, female 4 wk",FKBP4,-1.0,0.541882632595295,2.01005880494046,neither,high,0.0,high,1.0,1.0
"Rat gastrocnemius, female 4 wk",FKBP5,-1.0,0.482656349935632,2.37351185410698,neither,high,0.0,high,1.0,1.0
"Rat gastrocnemius, female 4 wk",FLII,-1.0,-1.4958890442634,-1.36895185229769,neither,high,0.0,high,1.0,2.0
"Rat gastrocnemius, female 4 wk",FLNC,-1.0,-2.87632668421193,-3.47639850455879,neither,high,0.0,high,1.0,1.0
"Rat gastrocnemius, female 4 wk",FMOD,1.0,0.888291459000934,-0.519525382528803,neither,high,0.0,mid,1.0,1.0
"Rat gastrocnemius, female 4 wk",FSTL1,1.0,-1.54667933337238,-2.04303324372506,neither,high,0.0,high,1.0,1.0
"Rat gastrocnemius, female 4 wk",FUCA1,1.0,1.51689811246278,0.670739444922474,neither,mid,3.0,mid,1.0,1.0
"Rat gastrocnemius, female 4 wk",FZD7,1.0,-1.90702863451187,1.08808946899891,neither,high,4.0,mid,1.0,1.0
"Rat gastrocnemius, female 4 wk",GCLM,-1.0,-0.58563816731937,-1.40533798630793,neither,mid,0.0,mid,1.0,1.0
"Rat gastrocnemius, female 4 wk",GLOD4,1.0,-1.65164070258398,-2.81755860176836,neither,mid,0.0,mid,1.0,1.0
"Rat gastrocnemius, female 4 wk",GLRX,1.0,-0.122791617670365,1.00353169743367,neither,mid,0.0,high,1.0,1.0
"Rat gastrocnemius, female 4 wk",GLRX2,-1.0,1.68560376839966,1.86847647906309,neither,mid,0.0,mid,1.0,1.0
"Rat gastrocnemius, female 4 wk",GLUL,-1.0,-0.839735844128542,-3.0868078849822,neither,high,0.0,high,1.0,1.0
"Rat gastrocnemius, female 4 wk",GMPR,-1.0,1.09693268916916,1.20351031421734,neither,high,0.0,high,1.0,1.0
"Rat gastrocnemius, female 4 wk",GNL3,-1.0,-0.857207583509765,-0.116780140819388,neither,mid,0.0,high,1.0,1.0
"Rat gastrocnemius, female 4 wk",GOLT1B,-1.0,-1.17902779839771,0.267119968513579,neither,mid,7.0,mid,1.0,1.0
"Rat gastrocnemius, female 4 wk",GPD1L,-1.0,1.45022031227714,1.33987920045626,neither,high,0.0,high,1.0,1.0
"Rat gastrocnemius, female 4 wk",GPX3,-1.0,1.03261083692988,-1.44600756723972,neither,high,0.0,high,1.0,1.0
"Rat gastrocnemius, female 4 wk",GTF2E1,1.0,0.135745469035253,-1.1905409837995,neither,mid,7.0,mid,1.0,1.0
"Rat gastrocnemius, female 4 wk",GTPBP6,-1.0,-0.331844700962824,0.305201445326463,neither,mid,0.0,high,2.0,1.0
"Rat gastrocnemius, female 4 wk",HBA1,1.0,2.7704815040395,-1.24466627759471,neither,mid,0.0,low,2.0,1.0
"Rat gastrocnemius, female 4 wk",HBB,1.0,2.63449458297184,-0.841706682389976,neither,mid,0.0,high,1.0,1.0
"Rat gastrocnemius, female 4 wk",HBD,1.0,-0.673167466918308,-1.17879899915665,neither,low,0.0,low,2.0,2.0
"Rat gastrocnemius, female 4 wk",HMGCL,1.0,-0.338578967961707,1.85567599282711,neither,mid,0.0,high,1.0,1.0
"Rat gastrocnemius, female 4 wk",HMGN1,1.0,-1.95803884242329,0.357360730727926,neither,mid,0.0,mid,2.0,1.0
"Rat gastrocnemius, female 4 wk",HMGN2,1.0,-3.00324200311695,-1.75527277473541,neither,high,0.0,high,1.0,1.0
"Rat gastrocnemius, female 4 wk",HMOX2,-1.0,0.88946220034197,1.55343457148234,neither,high,0.0,mid,1.0,1.0
"Rat gastrocnemius, female 4 wk",HPRT1,1.0,-0.965465396680158,-3.53209066509861,neither,mid,0.0,mid,2.0,1.0
"Rat gastrocnemius, female 4 wk",HSP90AA1,-1.0,-0.967834169035539,0.494158337205636,neither,high,0.0,high,2.0,1.0
"Rat gastrocnemius, female 4 wk",HSPA2,1.0,-1.64827513966197,0.806387654496123,neither,mid,0.0,high,1.0,1.0
"Rat gastrocnemius, female 4 wk",HSPA5,1.0,-1.91536416816209,-0.816551684645292,neither,high,0.0,high,1.0,1.0
"Rat gastrocnemius, female 4 wk",HSPB2,-1.0,-0.435087329172523,-2.15595243856617,neither,high,0.0,high,1.0,1.0
"Rat gastrocnemius, female 4 wk",HSPB6,1.0,1.14012351933013,3.61251655693251,protein only,high,0.0,high,1.0,1.0
"Rat gastrocnemius, female 4 wk",HTRA1,1.0,-0.327565396418191,0.280064326407199,neither,high,4.0,mid,1.0,1.0
"Rat gastrocnemius, female 4 wk",IFIT3,1.0,0.302433158075862,1.23140113008224,neither,low,0.0,mid,1.0,1.0
"Rat gastrocnemius, female 4 wk",IFITM3,-1.0,0.397182905773842,0.399058730344289,neither,mid,1.5,high,1.0,1.0
"Rat gastrocnemius, female 4 wk",IRS1,-1.0,-0.87595392368568,2.25722419287379,neither,high,0.0,mid,1.0,1.0
"Rat gastrocnemius, female 4 wk",ITFG1,1.0,-1.38665885772937,-0.924786889761575,neither,high,1.5,mid,1.0,1.0
"Rat gastrocnemius, female 4 wk",IVNS1ABP,1.0,1.64777162479866,-0.0184803286189776,neither,high,0.0,high,1.0,1.0
"Rat gastrocnemius, female 4 wk",JUP,-1.0,0.696702523421256,2.02425570716245,neither,high,0.0,high,1.0,1.0
"Rat gastrocnemius, female 4 wk",KLHL21,-1.0,2.32251636177644,1.34186024649814,neither,high,0.0,high,1.0,1.0
"Rat gastrocnemius, female 4 wk",KLHL41,-1.0,-2.02363897369232,-1.45807061184243,neither,high,0.0,high,1.0,1.0
"Rat gastrocnemius, female 4 wk",KPNA2,-1.0,-0.198900918566724,-0.220940561453909,neither,mid,0.0,mid,1.0,1.0
"Rat gastrocnemius, female 4 wk",LAMB1,1.0,-0.0852236401451198,0.773552278076847,neither,high,0.0,mid,1.0,1.0
"Rat gastrocnemius, female 4 wk",LMCD1,-1.0,-0.316785014333375,-0.166359220615082,neither,high,0.0,high,1.0,1.0
"Rat gastrocnemius, female 4 wk",LPIN1,-1.0,-1.26990096722666,2.77437122077677,neither,high,0.0,high,1.0,1.0
"Rat gastrocnemius, female 4 wk",LRRC59,-1.0,-0.0257025598434175,-0.702388692301541,neither,high,0.0,high,1.0,1.0
"Rat gastrocnemius, female 4 wk",LSP1,1.0,-1.77104379938616,-0.846052976465343,neither,mid,3.0,mid,1.0,1.0
"Rat gastrocnemius, female 4 wk",LUM,1.0,-1.72541443132849,-2.75652861609365,neither,high,0.0,mid,1.0,1.0
"Rat gastrocnemius, female 4 wk",LYVE1,-1.0,1.49521659713115,0.0304109431474727,neither,high,0.0,mid,1.0,1.0
"Rat gastrocnemius, female 4 wk",MAFF,-1.0,-0.62620981782548,2.23482267495681,neither,mid,6.5,high,1.0,1.0
"Rat gastrocnemius, female 4 wk",MAGED2,1.0,-0.254957470713223,0.361880912233018,neither,mid,3.0,high,1.0,1.0
"Rat gastrocnemius, female 4 wk",MAP1LC3B,-1.0,0.898064730093653,-0.11572301504414,neither,high,7.0,high,1.0,1.0
"Rat gastrocnemius, female 4 wk",MAP2K1,-1.0,-1.315012083515,-0.915620937464018,neither,high,0.0,high,1.0,1.0
"Rat gastrocnemius, female 4 wk",MARK3,-1.0,-0.274762941889237,-0.633566824029062,neither,high,1.5,high,1.0,2.0
"Rat gastrocnemius, female 4 wk",MBNL2,-1.0,0.388688415204092,-1.47289523647908,neither,high,4.0,high,1.0,1.0
"Rat gastrocnemius, female 4 wk",METTL22,-1.0,-0.972344247728891,-0.508479304227731,neither,high,0.0,mid,1.0,1.0
"Rat gastrocnemius, female 4 wk",MFAP4,1.0,-1.25544396485916,-1.10879529218372,neither,high,3.0,high,2.0,1.0
"Rat gastrocnemius, female 4 wk",MKNK2,-1.0,2.77472267952785,-1.08735221875306,neither,high,0.0,high,1.0,1.0
"Rat gastrocnemius, female 4 wk",MPI,1.0,-0.0141138956654801,-0.0320002410165249,neither,high,0.0,mid,1.0,1.0
"Rat gastrocnemius, female 4 wk",MPP3,-1.0,0.921449569306642,-1.83383734672537,neither,mid,0.0,low,1.0,1.0
"Rat gastrocnemius, female 4 wk",MRPL34,-1.0,0.630718635978449,1.82883974176616,neither,mid,2.0,high,1.0,1.0
"Rat gastrocnemius, female 4 wk",MTCH1,-1.0,1.62174299490522,2.10362808678365,neither,high,2.0,high,1.0,1.0
"Rat gastrocnemius, female 4 wk",MTR,1.0,-0.961032298981383,-0.468236466367787,neither,mid,0.0,mid,1.0,1.0
"Rat gastrocnemius, female 4 wk",MYOM2,1.0,-0.0882432858029041,-0.930439918323678,neither,high,0.0,high,1.0,1.0
"Rat gastrocnemius, female 4 wk",MYOT,-1.0,-1.72352170677172,1.41404837740886,neither,high,0.0,high,2.0,1.0
"Rat gastrocnemius, female 4 wk",NAA15,-1.0,0.67747386859314,-0.107636459655296,neither,high,0.0,mid,1.0,1.0
"Rat gastrocnemius, female 4 wk",NAMPT,-1.0,1.26233185428013,-0.433653045352631,neither,high,0.0,high,1.0,1.0
"Rat gastrocnemius, female 4 wk",NCAM1,-1.0,-2.00697487523855,-3.17609720660563,neither,mid,0.0,mid,1.0,2.0
"Rat gastrocnemius, female 4 wk",NID1,-1.0,-1.16549660178629,0.263290799322144,neither,high,0.0,high,1.0,1.0
"Rat gastrocnemius, female 4 wk",NIT2,1.0,0.695968678162785,1.98846312623985,neither,mid,0.0,mid,1.0,1.0
"Rat gastrocnemius, female 4 wk",NQO2,-1.0,-0.0862394093896105,0.596731000154615,neither,mid,0.0,mid,1.0,1.0
"Rat gastrocnemius, female 4 wk",NRAP,-1.0,-0.475583131092497,-2.67445184918534,neither,high,0.0,high,1.0,1.0
"Rat gastrocnemius, female 4 wk",NUCB2,1.0,1.29304217812968,0.790157645373729,neither,mid,0.0,low,1.0,1.0
"Rat gastrocnemius, female 4 wk",NUDT3,1.0,-1.6623803306378,0.0404684135328507,neither,high,0.0,high,1.0,1.0
"Rat gastrocnemius, female 4 wk",NUDT4,-1.0,-0.789226746791562,0.533033954925811,neither,high,0.0,mid,1.0,1.0
"Rat gastrocnemius, female 4 wk",NUP37,1.0,1.03851695707677,1.229978053385,neither,low,0.0,mid,1.0,1.0
"Rat gastrocnemius, female 4 wk",OGDH,-1.0,1.61591862097907,3.26826793872379,neither,high,0.0,high,1.0,1.0
"Rat gastrocnemius, female 4 wk",OGN,1.0,-0.824693725033963,-1.92335215528444,neither,mid,0.0,low,2.0,1.0
"Rat gastrocnemius, female 4 wk",OLFML3,1.0,0.769099471639567,-0.0363055402660164,neither,mid,0.0,mid,1.0,1.0
"Rat gastrocnemius, female 4 wk",PALMD,1.0,-0.123019288116696,3.16402660552442,neither,high,0.0,high,1.0,1.0
"Rat gastrocnemius, female 4 wk",PCCB,1.0,0.173679111222146,1.86294362012432,neither,high,0.0,mid,1.0,1.0
"Rat gastrocnemius, female 4 wk",PCNT,-1.0,-0.0813472504293945,1.05884817144194,neither,high,0.0,high,1.0,1.0
"Rat gastrocnemius, female 4 wk",PCOLCE,1.0,-0.21062938788481,-1.81240177246184,neither,high,0.0,mid,1.0,1.0
"Rat gastrocnemius, female 4 wk",PDK4,1.0,-0.34726416209884,-0.236308411879208,neither,high,0.0,high,1.0,1.0
"Rat gastrocnemius, female 4 wk",PDLIM3,1.0,-1.44311909498525,-0.95713985291283,neither,high,0.0,high,1.0,3.0
"Rat gastrocnemius, female 4 wk",PKM,1.0,-1.00172527889614,-1.22912575305232,neither,high,0.0,high,1.0,2.0
"Rat gastrocnemius, female 4 wk",PLA2G2A,-1.0,-0.32983252060848,-0.545830878100838,neither,low,0.0,mid,1.0,1.0
"Rat gastrocnemius, female 4 wk",PLBD1,1.0,1.74273390895809,0.993282822507553,neither,high,0.0,mid,1.0,1.0
"Rat gastrocnemius, female 4 wk",PLIN2,-1.0,-1.21063848350565,2.74312413647385,neither,high,0.0,high,1.0,1.0
"Rat gastrocnemius, female 4 wk",PLP2,-1.0,-2.6096712283998,0.692511824166224,neither,mid,0.0,high,1.0,1.0
"Rat gastrocnemius, female 4 wk",PODXL,-1.0,0.351387049539736,1.14957340818029,neither,high,0.0,mid,1.0,1.0
"Rat gastrocnemius, female 4 wk",POGLUT1,-1.0,1.53885850733239,-0.874483909647014,neither,mid,0.0,low,1.0,1.0
"Rat gastrocnemius, female 4 wk",POLE3,-1.0,0.426655550618819,0.247712513376151,neither,mid,4.0,high,1.0,1.0
"Rat gastrocnemius, female 4 wk",POPDC3,-1.0,-0.668972594476964,1.06103659886554,neither,high,7.0,high,1.0,1.0
"Rat gastrocnemius, female 4 wk",POR,-1.0,1.3732394646244,0.704770192048081,neither,high,0.0,high,1.0,1.0
"Rat gastrocnemius, female 4 wk",PPDPF,1.0,0.997335869517383,1.33470389229418,neither,mid,7.0,high,1.0,1.0
"Rat gastrocnemius, female 4 wk",PPL,-1.0,1.31955494297774,-0.604600682728081,neither,mid,0.0,mid,1.0,1.0
"Rat gastrocnemius, female 4 wk",PPP1R12B,1.0,-0.637435555343138,1.13946979712496,neither,high,0.0,high,1.0,1.0
"Rat gastrocnemius, female 4 wk",PPP1R3C,1.0,0.373779090980747,1.24780962115191,neither,high,0.0,high,1.0,1.0
"Rat gastrocnemius, female 4 wk",PPT1,1.0,0.191123834188621,-1.65850390423432,neither,mid,0.0,mid,1.0,1.0
"Rat gastrocnemius, female 4 wk",PRDX4,1.0,0.242562354410854,-1.03750250324304,neither,mid,0.0,high,1.0,1.0
"Rat gastrocnemius, female 4 wk",PRDX6,-1.0,1.12891384105879,-0.740107494029932,neither,high,0.0,high,1.0,1.0
"Rat gastrocnemius, female 4 wk",PSMB10,1.0,-0.776766258322867,0.867329627844031,neither,low,0.0,high,1.0,1.0
"Rat gastrocnemius, female 4 wk",PSME4,-1.0,1.75792137523991,0.179286306949718,neither,high,0.0,high,1.0,1.0
"Rat gastrocnemius, female 4 wk",PSPH,-1.0,-1.45652415310202,0.756933596389795,neither,low,0.0,low,1.0,1.0
"Rat gastrocnemius, female 4 wk",PTN,1.0,0.658808486438026,1.17408818556482,neither,low,5.0,low,1.0,1.0
"Rat gastrocnemius, female 4 wk",PTP4A2,-1.0,1.05774741474866,2.48217078429726,neither,high,2.0,high,1.0,1.0
"Rat gastrocnemius, female 4 wk",PTP4A3,-1.0,-0.35459188280587,-0.081048163079307,neither,high,5.5,high,1.0,1.0
"Rat gastrocnemius, female 4 wk",RAB9A,-1.0,-0.670806261093403,-1.02259133897535,neither,mid,0.0,mid,1.0,1.0
"Rat gastrocnemius, female 4 wk",RABAC1,-1.0,1.15266445686291,-1.36226988256554,neither,high,0.0,high,1.0,1.0
"Rat gastrocnemius, female 4 wk",RANGAP1,-1.0,0.095970111474477,-1.03428900155773,neither,high,0.0,high,1.0,1.0
"Rat gastrocnemius, female 4 wk",RBFOX1,-1.0,0.76159298349546,0.670880188641381,neither,high,0.0,high,1.0,1.0
"Rat gastrocnemius, female 4 wk",RBM10,1.0,-0.273782285932846,0.707515401603574,neither,high,0.0,high,1.0,1.0
"Rat gastrocnemius, female 4 wk",RBP4,-1.0,-1.48984265214049,-1.6732527094939,neither,low,0.0,low,1.0,1.0
"Rat gastrocnemius, female 4 wk",RCAN1,-1.0,-1.42458671466894,1.04985524761123,neither,high,0.0,mid,1.0,1.0
"Rat gastrocnemius, female 4 wk",RHOC,-1.0,-0.572710700067226,-1.04159585019199,neither,mid,0.0,high,1.0,1.0
"Rat gastrocnemius, female 4 wk",RHOT1,-1.0,0.729004055573979,0.376944617870349,neither,high,0.0,mid,1.0,1.0
"Rat gastrocnemius, female 4 wk",RNASET2,1.0,0.298656556486327,-1.89235521634811,neither,high,0.0,low,1.0,1.0
"Rat gastrocnemius, female 4 wk",RNF14,-1.0,0.847030765170452,-0.462007391965968,neither,high,0.0,high,1.0,1.0
"Rat gastrocnemius, female 4 wk",RNF146,1.0,-0.770000994971122,0.966327046513458,neither,high,7.0,high,1.0,1.0
"Rat gastrocnemius, female 4 wk",RWDD1,-1.0,1.37388075244603,-0.176274343480162,neither,high,0.0,high,1.0,1.0
"Rat gastrocnemius, female 4 wk",S100A9,-1.0,0.143540485120806,-0.664090144635744,neither,low,0.0,high,1.0,1.0
"Rat gastrocnemius, female 4 wk",SAMHD1,-1.0,1.28566067664463,2.02824479165538,neither,low,5.0,high,1.0,1.0
"Rat gastrocnemius, female 4 wk",SEC31A,1.0,0.439167482553532,-1.91330436699723,neither,high,0.0,high,1.0,1.0
"Rat gastrocnemius, female 4 wk",SERPINE2,1.0,0.478980450703225,-0.0650063281534402,neither,high,0.0,low,1.0,1.0
"Rat gastrocnemius, female 4 wk",SH3BGR,-1.0,-2.36873929614696,-1.22137457303808,neither,high,0.0,high,2.0,1.0
"Rat gastrocnemius, female 4 wk",SH3BGRL,1.0,0.54978365569848,-1.11671687109143,neither,low,0.0,mid,1.0,1.0
"Rat gastrocnemius, female 4 wk",SH3GL2,1.0,-0.908453452519066,-0.905267316759515,neither,low,5.5,low,1.0,1.0
"Rat gastrocnemius, female 4 wk",SLC25A11,1.0,1.28724628725579,0.969326457314177,neither,high,0.0,high,1.0,1.0
"Rat gastrocnemius, female 4 wk",SLC25A12,-1.0,1.84295039155384,1.13606577233808,neither,high,0.0,high,1.0,1.0
"Rat gastrocnemius, female 4 wk",SLC25A20,1.0,0.485168519220593,1.33325616929039,neither,high,0.0,high,1.0,1.0
"Rat gastrocnemius, female 4 wk",SNX7,-1.0,-0.197952949439643,0.143520737532617,neither,low,3.0,low,1.0,1.0
"Rat gastrocnemius, female 4 wk",SORT1,-1.0,-0.241750665397867,-0.854542219469677,neither,high,0.0,high,1.0,1.0
"Rat gastrocnemius, female 4 wk",SOS1,-1.0,0.833764858583884,0.442620544008404,neither,high,1.5,mid,1.0,1.0
"Rat gastrocnemius, female 4 wk",SPARC,1.0,-0.234835889885516,-0.837433193231064,neither,high,0.0,high,1.0,1.0
"Rat gastrocnemius, female 4 wk",SRPX,-1.0,-0.321739473282346,-1.99294338508264,neither,mid,5.0,mid,1.0,1.0
"Rat gastrocnemius, female 4 wk",SSPN,1.0,0.108737093575186,-0.833409408434568,neither,high,0.0,high,1.0,1.0
"Rat gastrocnemius, female 4 wk",STAT3,-1.0,-2.59609020131925,-1.13313504452554,neither,high,0.0,high,1.0,1.0
"Rat gastrocnemius, female 4 wk",STEAP3,-1.0,0.764242221749004,-0.403659123820292,neither,high,0.0,high,1.0,1.0
"Rat gastrocnemius, female 4 wk",STIP1,-1.0,-1.08445469168932,1.21216789470757,neither,high,0.0,high,1.0,1.0
"Rat gastrocnemius, female 4 wk",STK38L,1.0,0.739137609656303,-1.22617620065413,neither,high,0.0,mid,1.0,1.0
"Rat gastrocnemius, female 4 wk",SUCLA2,1.0,1.06919785656136,3.49035103110328,neither,high,0.0,high,1.0,1.0
"Rat gastrocnemius, female 4 wk",SUN2,-1.0,-2.27653993890635,-0.296353382286499,neither,high,0.0,high,1.0,1.0
"Rat gastrocnemius, female 4 wk",SYNPO2L,1.0,-1.74553922928458,-1.30587758400295,neither,high,0.0,high,1.0,1.0
"Rat gastrocnemius, female 4 wk",TGM2,-1.0,-1.96608563772497,-0.639550544388605,neither,high,0.0,high,1.0,1.0
"Rat gastrocnemius, female 4 wk",THBS1,-1.0,0.234886574572287,-1.82972239661288,neither,mid,0.0,mid,1.0,1.0
"Rat gastrocnemius, female 4 wk",THBS4,1.0,0.949854278574431,-0.135823853684352,neither,high,0.0,high,1.0,1.0
"Rat gastrocnemius, female 4 wk",TIMP3,-1.0,2.6342259892209,2.45560039747586,neither,high,2.0,high,1.0,1.0
"Rat gastrocnemius, female 4 wk",TLN1,1.0,-1.49828333834612,-1.23256049174772,neither,high,0.0,high,1.0,1.0
"Rat gastrocnemius, female 4 wk",TMEM38B,-1.0,-0.449707765060422,-2.11581368574222,neither,high,0.0,high,1.0,1.0
"Rat gastrocnemius, female 4 wk",TMSB4X,1.0,1.58832187743717,-0.0906109502309489,neither,high,2.0,high,1.0,1.0
"Rat gastrocnemius, female 4 wk",TNNI1,1.0,-0.578750428854788,1.57424413485387,neither,high,0.0,high,1.0,1.0
"Rat gastrocnemius, female 4 wk",TPPP3,1.0,-1.28717999398593,-1.04004016858606,neither,high,0.0,high,1.0,1.0
"Rat gastrocnemius, female 4 wk",TPRKB,-1.0,0.924207007326657,0.493194153416237,neither,low,3.5,high,2.0,1.0
"Rat gastrocnemius, female 4 wk",TRDN,-1.0,-1.27564793835155,-1.483997863829,neither,high,0.0,high,1.0,1.0
"Rat gastrocnemius, female 4 wk",TUBA4A,-1.0,-4.46717101823751,-1.10633248221887,RNA only,high,0.0,high,1.0,1.0
"Rat gastrocnemius, female 4 wk",TUBG1,-1.0,1.40178867502392,-0.509082508464643,neither,high,0.0,high,1.0,1.0
"Rat gastrocnemius, female 4 wk",TXNIP,1.0,-2.29774516471515,-1.37468822498906,neither,high,0.0,high,1.0,1.0
"Rat gastrocnemius, female 4 wk",TXNRD1,-1.0,2.12777519031582,-0.185722562867214,neither,high,0.0,high,1.0,1.0
"Rat gastrocnemius, female 4 wk",UAP1,-1.0,-0.48573263375115,0.521411557473671,neither,mid,0.0,high,1.0,1.0
"Rat gastrocnemius, female 4 wk",UBFD1,-1.0,0.0834456190681413,-0.860945414697675,neither,mid,0.0,high,1.0,1.0
"Rat gastrocnemius, female 4 wk",UBQLN2,1.0,-0.0608251603225342,1.59969993965389,neither,high,1.5,high,1.0,1.0
"Rat gastrocnemius, female 4 wk",UFSP2,1.0,0.767433033345277,-0.213007869842026,neither,mid,0.0,high,1.0,1.0
"Rat gastrocnemius, female 4 wk",UGP2,-1.0,0.842117895450223,1.61380081881982,neither,high,0.0,high,1.0,1.0
"Rat gastrocnemius, female 4 wk",VCAN,1.0,-0.965603602674668,1.77176629572512,neither,mid,0.0,low,1.0,1.0
"Rat gastrocnemius, female 4 wk",VEGFB,1.0,2.87940822076645,-0.462073661389688,neither,high,7.0,high,1.0,1.0
"Rat gastrocnemius, female 4 wk",VEZF1,-1.0,0.0257038912746359,-0.459504462027815,neither,high,0.0,high,1.0,1.0
"Rat gastrocnemius, female 4 wk",VPS13D,-1.0,-0.0280885809092265,0.038740016276602,neither,high,0.0,mid,1.0,1.0
"Rat gastrocnemius, female 4 wk",VTN,1.0,-0.0154311358953827,-0.896808618176375,neither,mid,0.0,low,1.0,1.0
"Rat gastrocnemius, female 4 wk",WFS1,1.0,-0.342036554407629,0.125180729788643,neither,high,0.0,mid,1.0,1.0
"Rat gastrocnemius, female 4 wk",XRCC4,-1.0,-0.113802420081858,0.412187825148023,neither,low,0.0,low,1.0,1.0
"Rat gastrocnemius, female 4 wk",YBX3,-1.0,1.58114001439051,0.0877479490123034,neither,high,0.0,high,1.0,1.0
"Rat gastrocnemius, female 4 wk",ZBTB16,1.0,-0.0901884861396653,0.989169066406818,neither,high,0.0,high,1.0,1.0
"Rat gastrocnemius, female 8 wk",ABHD5,-1.0,0.577521525940562,1.3098144215794,neither,mid,5.5,mid,1.0,1.0
"Rat gastrocnemius, female 8 wk",ACSS3,-1.0,2.63129084972524,5.21259443990362,protein only,mid,0.0,low,1.0,1.0
"Rat gastrocnemius, female 8 wk",ACTA1,-1.0,0.766073600863011,-1.27770113181077,neither,high,0.0,high,1.0,1.0
"Rat gastrocnemius, female 8 wk",ADD3,1.0,0.804142433896829,-1.23297579223366,neither,high,0.0,mid,1.0,1.0
"Rat gastrocnemius, female 8 wk",ADH5,1.0,-0.163859781771162,-1.51045865724227,neither,high,0.0,high,1.0,1.0
"Rat gastrocnemius, female 8 wk",ALAS1,1.0,0.918807689252491,-0.675749531265945,neither,high,3.0,high,1.0,1.0
"Rat gastrocnemius, female 8 wk",ALDH5A1,1.0,3.17723726023597,4.58176226044618,protein only,high,0.0,high,1.0,1.0
"Rat gastrocnemius, female 8 wk",ALDH9A1,1.0,0.954754974610739,-1.11443134922712,neither,high,0.0,high,1.0,1.0
"Rat gastrocnemius, female 8 wk",ANK1,1.0,0.713719870214807,-2.72148730114699,neither,high,0.0,high,1.0,2.0
"Rat gastrocnemius, female 8 wk",ANKMY2,1.0,0.771221903922951,-0.7496927025935,neither,high,0.0,mid,1.0,1.0
"Rat gastrocnemius, female 8 wk",ANKRD2,-1.0,-2.90795301669646,-1.45974350610683,neither,high,0.0,high,1.0,1.0
"Rat gastrocnemius, female 8 wk",ANP32E,1.0,-1.50403377960391,-1.7819454162785,neither,high,0.0,high,1.0,1.0
"Rat gastrocnemius, female 8 wk",ANXA4,1.0,-0.188239364057805,-0.702111824697461,neither,high,0.0,mid,1.0,1.0
"Rat gastrocnemius, female 8 wk",ANXA6,1.0,0.602009426615271,-1.02527297752485,neither,high,0.0,high,1.0,1.0
"Rat gastrocnemius, female 8 wk",AP1S2,-1.0,0.177447456667635,1.64129246522612,neither,mid,5.0,high,1.0,1.0
"Rat gastrocnemius, female 8 wk",AP2B1,1.0,-0.387044135884545,-2.23214621896283,neither,high,0.0,high,1.0,1.0
"Rat gastrocnemius, female 8 wk",APOD,-1.0,-2.11033027843529,0.605344145496185,neither,mid,5.0,high,1.0,1.0
"Rat gastrocnemius, female 8 wk",ARHGDIB,1.0,0.741128289794833,-1.86635780445388,neither,mid,0.0,high,1.0,1.0
"Rat gastrocnemius, female 8 wk",ARMCX3,1.0,-0.406079838221334,-1.02383605014252,neither,high,3.5,high,1.0,1.0
"Rat gastrocnemius, female 8 wk",ASMTL,1.0,0.874359931395091,1.24197234688631,neither,mid,0.0,mid,1.0,1.0
"Rat gastrocnemius, female 8 wk",ASPN,1.0,-1.27451742246545,-0.948163129227019,neither,mid,0.0,low,2.0,1.0
"Rat gastrocnemius, female 8 wk",ATP1A1,-1.0,-2.00970068071692,0.604116479830007,neither,high,0.0,high,1.0,1.0
"Rat gastrocnemius, female 8 wk",ATP1A2,-1.0,3.15432804770181,4.9778367333773,protein only,high,0.0,high,1.0,1.0
"Rat gastrocnemius, female 8 wk",ATP1B1,-1.0,0.96730153438804,5.40498711059982,protein only,high,0.0,high,1.0,1.0
"Rat gastrocnemius, female 8 wk",ATP1B3,-1.0,-2.18287849849559,-0.13547288243236,neither,high,0.0,high,1.0,1.0
"Rat gastrocnemius, female 8 wk",ATP2A2,-1.0,-0.850262765333409,1.06570988093262,neither,high,0.0,high,1.0,2.0
"Rat gastrocnemius, female 8 wk",BAG2,-1.0,-1.05189543268241,0.300686750239945,neither,mid,0.0,mid,1.0,1.0
"Rat gastrocnemius, female 8 wk",BASP1,1.0,-0.649267836155092,-3.11192124119527,protein only,low,0.0,low,1.0,1.0
"Rat gastrocnemius, female 8 wk",BGN,1.0,0.378050757437402,0.0486559120130713,neither,high,0.0,high,1.0,1.0
"Rat gastrocnemius, female 8 wk",BRD4,-1.0,-0.358344199106853,-2.43572285246412,neither,high,3.0,high,1.0,1.0
"Rat gastrocnemius, female 8 wk",C1orf21,-1.0,0.650072131657822,2.09304379895823,neither,high,6.5,high,1.0,1.0
"Rat gastrocnemius, female 8 wk",C3,-1.0,0.401943864946419,-1.38784936856041,neither,low,0.0,high,1.0,1.0
"Rat gastrocnemius, female 8 wk",C4A,-1.0,0.567659803277591,-1.25667906614894,neither,low,0.0,low,2.0,1.0
"Rat gastrocnemius, female 8 wk",C6,1.0,2.36732443853215,-1.26105023900758,neither,low,2.0,low,1.0,2.0
"Rat gastrocnemius, female 8 wk",CALU,-1.0,-0.983945950396055,-2.83504487328859,neither,high,0.0,high,1.0,2.0
"Rat gastrocnemius, female 8 wk",CCT2,-1.0,-1.14099078984295,-1.4008755930475,neither,high,0.0,high,1.0,1.0
"Rat gastrocnemius, female 8 wk",CD14,-1.0,-0.393958651464808,1.92835131692403,neither,low,3.0,mid,1.0,1.0
"Rat gastrocnemius, female 8 wk",CD163,-1.0,-0.0633368945720311,0.938195112273498,neither,high,0.0,mid,1.0,1.0
"Rat gastrocnemius, female 8 wk",CD59,-1.0,-1.2455421245688,-1.6149853784168,neither,high,0.0,high,1.0,1.0
"Rat gastrocnemius, female 8 wk",CDC37L1,-1.0,-1.05152071852139,-0.691290159184209,neither,high,0.0,high,1.0,1.0
"Rat gastrocnemius, female 8 wk",CDK2AP2,-1.0,-0.0374190075748552,-1.26175177461796,neither,mid,6.0,high,1.0,1.0
"Rat gastrocnemius, female 8 wk",CDV3,-1.0,-1.96098437570556,0.53140173808637,neither,high,0.0,high,1.0,1.0
"Rat gastrocnemius, female 8 wk",CHORDC1,-1.0,-0.224898474563909,0.257531357508345,neither,high,0.0,mid,1.0,1.0
"Rat gastrocnemius, female 8 wk",CILP,1.0,-1.5522410437369,0.81222014234992,neither,high,0.0,mid,1.0,1.0
"Rat gastrocnemius, female 8 wk",CLDND1,-1.0,-0.367396576612709,-1.69998592390946,neither,high,7.5,high,1.0,1.0
"Rat gastrocnemius, female 8 wk",CLIC4,-1.0,0.0285528268061674,0.27125033606978,neither,high,0.0,high,1.0,1.0
"Rat gastrocnemius, female 8 wk",CLIP1,-1.0,-2.24583998064617,0.722329845296203,neither,high,0.0,high,1.0,2.0
"Rat gastrocnemius, female 8 wk",CLTB,-1.0,-0.796274573223081,1.48444142419978,neither,high,0.0,high,1.0,1.0
"Rat gastrocnemius, female 8 wk",CLU,-1.0,0.632721474128709,-1.95987293302042,neither,high,0.0,mid,1.0,1.0
"Rat gastrocnemius, female 8 wk",CMC2,-1.0,0.0348316356116211,3.71687701372876,protein only,low,0.0,low,1.0,1.0
"Rat gastrocnemius, female 8 wk",CNN1,-1.0,0.378940593621721,0.632976036031877,neither,low,0.0,mid,1.0,1.0
"Rat gastrocnemius, female 8 wk",COA4,-1.0,-0.224010950343867,1.86485625604606,neither,low,0.0,high,1.0,1.0
"Rat gastrocnemius, female 8 wk",COBL,-1.0,0.348331792374006,1.93155783520318,neither,mid,0.0,high,1.0,2.0
"Rat gastrocnemius, female 8 wk",COL15A1,1.0,-1.3340660405214,-6.05706733491972,protein only,high,0.0,mid,2.0,1.0
"Rat gastrocnemius, female 8 wk",COL1A1,1.0,1.70933387674689,1.17841236652678,neither,high,0.0,mid,1.0,1.0
"Rat gastrocnemius, female 8 wk",COL1A2,1.0,1.60294670641956,1.25716172288157,neither,high,0.0,high,2.0,1.0
"Rat gastrocnemius, female 8 wk",COL3A1,1.0,-0.967356064049338,1.00167832557772,neither,high,0.0,high,1.0,1.0
"Rat gastrocnemius, female 8 wk",COL5A2,1.0,-1.33427147524349,0.381882587131208,neither,high,0.0,mid,1.0,1.0
"Rat gastrocnemius, female 8 wk",COMP,1.0,1.39558687432635,0.147599046910377,neither,mid,0.0,low,1.0,1.0
"Rat gastrocnemius, female 8 wk",COX17,-1.0,0.320343546634462,5.44646733532797,protein only,high,0.0,high,1.0,1.0
"Rat gastrocnemius, female 8 wk",CPE,1.0,-1.16683950381969,1.07275962344672,neither,high,0.0,high,1.0,1.0
"Rat gastrocnemius, female 8 wk",CPT2,1.0,-0.865359149735609,2.53621333854204,neither,high,0.0,mid,1.0,1.0
"Rat gastrocnemius, female 8 wk",CRYM,1.0,-3.52450904494974,-2.44189532388255,neither,mid,0.0,low,1.0,1.0
"Rat gastrocnemius, female 8 wk",CTF1,1.0,0.414875871399665,0.138690969678194,neither,mid,6.0,mid,1.0,1.0
"Rat gastrocnemius, female 8 wk",CTSD,1.0,1.56175763370888,1.38219748843463,neither,high,0.0,high,1.0,1.0
"Rat gastrocnemius, female 8 wk",CTSH,1.0,-0.563911505344184,-2.20224414184856,neither,high,0.0,mid,1.0,1.0
"Rat gastrocnemius, female 8 wk",CYP4B1,-1.0,-0.412426699074603,1.12784296719454,neither,mid,0.0,mid,1.0,1.0
"Rat gastrocnemius, female 8 wk",DAZAP1,-1.0,-0.625344048881888,-0.463814039447377,neither,high,0.0,high,1.0,1.0
"Rat gastrocnemius, female 8 wk",DDX39A,-1.0,-0.853361773756002,-0.0040492972598515,neither,mid,0.0,high,1.0,1.0
"Rat gastrocnemius, female 8 wk",DENND1B,1.0,-1.9782723052276,-0.0021624561003986,neither,high,0.0,low,1.0,1.0
"Rat gastrocnemius, female 8 wk",DERL1,-1.0,-0.416330231897961,-2.39762178402396,neither,high,0.0,high,1.0,1.0
"Rat gastrocnemius, female 8 wk",DLG1,-1.0,-0.485782753855106,-1.63379844448983,neither,high,0.0,mid,1.0,1.0
"Rat gastrocnemius, female 8 wk",DLST,1.0,2.71031205938982,5.54354567473633,protein only,high,0.0,high,1.0,1.0
"Rat gastrocnemius, female 8 wk",DMPK,-1.0,0.267121802316817,2.08737089544603,neither,high,0.0,high,1.0,1.0
"Rat gastrocnemius, female 8 wk",DNAJC15,-1.0,2.96501471362174,5.83533713755942,protein only,high,0.0,mid,1.0,1.0
"Rat gastrocnemius, female 8 wk",DPM1,1.0,0.594541910315377,-2.92702555747228,neither,high,0.0,high,1.0,1.0
"Rat gastrocnemius, female 8 wk",DPYSL3,1.0,-0.350571237628948,-2.87543372636961,neither,mid,0.0,high,1.0,1.0
"Rat gastrocnemius, female 8 wk",DUSP13,-1.0,-1.12050759517012,-0.828642655095964,neither,high,0.0,high,3.0,2.0
"Rat gastrocnemius, female 8 wk",DVL1,-1.0,-0.380429250015933,-0.438407569311208,neither,high,0.0,high,1.0,1.0
"Rat gastrocnemius, female 8 wk",EFEMP1,1.0,0.3523131311765,-0.220471915882864,neither,mid,0.0,mid,1.0,1.0
"Rat gastrocnemius, female 8 wk",EGLN1,-1.0,-0.136527271024863,1.77827006494881,neither,high,0.0,high,1.0,1.0
"Rat gastrocnemius, female 8 wk",EHBP1L1,-1.0,-1.99145789042307,-2.121097019303,neither,high,0.0,high,1.0,1.0
"Rat gastrocnemius, female 8 wk",EHD3,1.0,0.25501130818653,-1.13304186017704,neither,mid,0.0,low,1.0,1.0
"Rat gastrocnemius, female 8 wk",EIF1AX,-1.0,-0.748459665683008,-0.646578254249349,neither,high,0.0,high,1.0,1.0
"Rat gastrocnemius, female 8 wk",EMC2,1.0,0.11507009696833,0.278769716336672,neither,mid,0.0,high,1.0,1.0
"Rat gastrocnemius, female 8 wk",EMC6,-1.0,0.10478998436333,-1.43384255906953,neither,high,4.0,high,1.0,1.0
"Rat gastrocnemius, female 8 wk",EPB41L2,1.0,-1.02608274165028,-2.68766349661198,neither,high,0.0,mid,1.0,1.0
"Rat gastrocnemius, female 8 wk",EPHX2,1.0,-1.23476426328822,-2.10318151347554,neither,mid,0.0,mid,1.0,2.0
"Rat gastrocnemius, female 8 wk",EPM2AIP1,1.0,-0.499504926650543,-2.76380293619669,neither,high,0.0,mid,1.0,1.0
"Rat gastrocnemius, female 8 wk",ERLIN2,1.0,-0.549638014147743,-1.15368607908871,neither,mid,0.0,mid,1.0,1.0
"Rat gastrocnemius, female 8 wk",FASN,-1.0,1.48374280405645,2.91211482471528,neither,mid,0.0,mid,1.0,1.0
"Rat gastrocnemius, female 8 wk",FBLN2,1.0,0.116084718781783,-0.316182514952749,neither,high,0.0,high,1.0,1.0
"Rat gastrocnemius, female 8 wk",FBN1,1.0,-1.26669757203879,1.50363363861792,neither,high,0.0,mid,1.0,1.0
"Rat gastrocnemius, female 8 wk",FBXO40,1.0,-1.05759193549349,-1.74818919623998,neither,high,0.0,high,1.0,1.0
"Rat gastrocnemius, female 8 wk",FCN3,-1.0,-0.327206015023239,0.647120337674584,neither,mid,0.0,low,1.0,1.0
"Rat gastrocnemius, female 8 wk",FERMT2,-1.0,0.90411962384316,2.06878530885758,neither,high,0.0,high,1.0,2.0
"Rat gastrocnemius, female 8 wk",FGF1,1.0,-2.37931149569757,-1.48096024267092,neither,high,0.0,low,1.0,1.0
"Rat gastrocnemius, female 8 wk",FHOD3,1.0,0.565177410482836,1.04453372323357,neither,high,0.0,high,1.0,1.0
"Rat gastrocnemius, female 8 wk",FKBP4,-1.0,0.303461422727186,3.29307683396416,protein only,high,0.0,high,1.0,1.0
"Rat gastrocnemius, female 8 wk",FKBP5,-1.0,-1.50578349167497,3.34804294137789,protein only,high,0.0,high,1.0,1.0
"Rat gastrocnemius, female 8 wk",FLII,-1.0,-1.44648210913713,-2.32235724562781,neither,high,0.0,high,1.0,2.0
"Rat gastrocnemius, female 8 wk",FLNC,-1.0,-2.16636480504014,-4.90916533917758,protein only,high,0.0,high,1.0,1.0
"Rat gastrocnemius, female 8 wk",FMOD,1.0,1.18935663456011,1.03425564929766,neither,high,0.0,mid,1.0,1.0
"Rat gastrocnemius, female 8 wk",FSTL1,1.0,-0.177462193541773,-3.14561359934374,protein only,high,0.0,high,1.0,1.0
"Rat gastrocnemius, female 8 wk",FUCA1,1.0,0.192694883741425,0.580401663797442,neither,mid,3.0,mid,1.0,1.0
"Rat gastrocnemius, female 8 wk",FZD7,1.0,-0.990518872278513,0.0247805486134158,neither,high,4.0,mid,1.0,1.0
"Rat gastrocnemius, female 8 wk",GCLM,-1.0,-1.19510047610047,-1.96765452374456,neither,mid,0.0,mid,1.0,1.0
"Rat gastrocnemius, female 8 wk",GLOD4,1.0,-1.96769522841852,-4.31291861560804,protein only,mid,0.0,mid,1.0,1.0
"Rat gastrocnemius, female 8 wk",GLRX,1.0,0.0785894684934982,-0.167698756394214,neither,mid,0.0,high,1.0,1.0
"Rat gastrocnemius, female 8 wk",GLRX2,-1.0,0.876894482722373,1.21638532354198,neither,mid,0.0,mid,1.0,1.0
"Rat gastrocnemius, female 8 wk",GLUL,-1.0,-2.41855649136887,-2.19482164320535,neither,high,0.0,high,1.0,1.0
"Rat gastrocnemius, female 8 wk",GMPR,-1.0,1.9833754264572,-1.50103882870832,neither,high,0.0,high,1.0,1.0
"Rat gastrocnemius, female 8 wk",GNL3,-1.0,-0.762153793680705,0.162962129292663,neither,mid,0.0,high,1.0,1.0
"Rat gastrocnemius, female 8 wk",GOLT1B,-1.0,-0.225894026848439,0.184931379916291,neither,mid,7.0,mid,1.0,1.0
"Rat gastrocnemius, female 8 wk",GPD1L,-1.0,1.36692588647002,3.46700009101799,protein only,high,0.0,high,1.0,1.0
"Rat gastrocnemius, female 8 wk",GPX3,-1.0,1.35876779949333,-2.53233113985535,neither,high,0.0,high,1.0,1.0
"Rat gastrocnemius, female 8 wk",GTF2E1,1.0,-0.0347332016789739,-0.0084643642080004,neither,mid,7.0,mid,1.0,1.0
"Rat gastrocnemius, female 8 wk",GTPBP6,-1.0,0.246765977878021,1.08918745772363,neither,mid,0.0,high,2.0,1.0
"Rat gastrocnemius, female 8 wk",HBA1,1.0,2.45205169005302,-0.926001233149859,neither,mid,0.0,low,2.0,1.0
"Rat gastrocnemius, female 8 wk",HBB,1.0,2.70865030836624,-2.36161505175234,neither,mid,0.0,high,1.0,1.0
"Rat gastrocnemius, female 8 wk",HBD,1.0,0.503655640592542,-1.9726830003695,neither,low,0.0,low,2.0,2.0
"Rat gastrocnemius, female 8 wk",HMGCL,1.0,-0.148393180649041,4.38312744721447,protein only,mid,0.0,high,1.0,1.0
"Rat gastrocnemius, female 8 wk",HMGN1,1.0,-0.749420491551663,-0.586609192901108,neither,mid,0.0,mid,2.0,1.0
"Rat gastrocnemius, female 8 wk",HMGN2,1.0,-2.05666750687137,-1.96449791098071,neither,high,0.0,high,1.0,1.0
"Rat gastrocnemius, female 8 wk",HMOX2,-1.0,0.613957062544068,0.976188167711227,neither,high,0.0,mid,1.0,1.0
"Rat gastrocnemius, female 8 wk",HPRT1,1.0,-1.6025212302448,-4.94011014524968,protein only,mid,0.0,mid,2.0,1.0
"Rat gastrocnemius, female 8 wk",HSP90AA1,-1.0,-1.80109058041943,1.77498965809898,neither,high,0.0,high,2.0,1.0
"Rat gastrocnemius, female 8 wk",HSPA2,1.0,-1.8041744942954,1.5986365117435,neither,mid,0.0,high,1.0,1.0
"Rat gastrocnemius, female 8 wk",HSPA5,1.0,-2.42532401575289,1.33699973025263,neither,high,0.0,high,1.0,1.0
"Rat gastrocnemius, female 8 wk",HSPB2,-1.0,-0.648431682378362,-1.41562756836754,neither,high,0.0,high,1.0,1.0
"Rat gastrocnemius, female 8 wk",HSPB6,1.0,2.09816213987297,4.77846691285988,protein only,high,0.0,high,1.0,1.0
"Rat gastrocnemius, female 8 wk",HTRA1,1.0,-0.72746092181149,-0.259910351477326,neither,high,4.0,mid,1.0,1.0
"Rat gastrocnemius, female 8 wk",IFIT3,1.0,-1.10165545515729,0.248613098118934,neither,low,0.0,mid,1.0,1.0
"Rat gastrocnemius, female 8 wk",IFITM3,-1.0,1.05288281836758,0.608250064271993,neither,mid,1.5,high,1.0,1.0
"Rat gastrocnemius, female 8 wk",IRS1,-1.0,0.332706709767143,1.88406960951158,neither,high,0.0,mid,1.0,1.0
"Rat gastrocnemius, female 8 wk",ITFG1,1.0,-1.04316359784449,-1.11112822605266,neither,high,1.5,mid,1.0,1.0
"Rat gastrocnemius, female 8 wk",IVNS1ABP,1.0,0.0299804622535345,-0.378526419323883,neither,high,0.0,high,1.0,1.0
"Rat gastrocnemius, female 8 wk",JUP,-1.0,0.659282620331096,1.86539509921732,neither,high,0.0,high,1.0,1.0
"Rat gastrocnemius, female 8 wk",KLHL21,-1.0,2.25353884786143,0.371404862978051,neither,high,0.0,high,1.0,1.0
"Rat gastrocnemius, female 8 wk",KLHL41,-1.0,-1.15174991886607,-2.29315364364082,neither,high,0.0,high,1.0,1.0
"Rat gastrocnemius, female 8 wk",KPNA2,-1.0,-0.426059288197559,0.813909930842582,neither,mid,0.0,mid,1.0,1.0
"Rat gastrocnemius, female 8 wk",LAMB1,1.0,-0.181828916441179,2.18752891323283,neither,high,0.0,mid,1.0,1.0
"Rat gastrocnemius, female 8 wk",LMCD1,-1.0,0.238892653231604,-0.29735805253064,neither,high,0.0,high,1.0,1.0
"Rat gastrocnemius, female 8 wk",LPIN1,-1.0,-1.16057864466369,2.56964750317943,neither,high,0.0,high,1.0,1.0
"Rat gastrocnemius, female 8 wk",LRRC59,-1.0,-0.861457833981019,-0.729039927386949,neither,high,0.0,high,1.0,1.0
"Rat gastrocnemius, female 8 wk",LSP1,1.0,-1.15711108022942,-1.92301153030868,neither,mid,3.0,mid,1.0,1.0
"Rat gastrocnemius, female 8 wk",LUM,1.0,-0.0783359858700524,-2.70774439668671,neither,high,0.0,mid,1.0,1.0
"Rat gastrocnemius, female 8 wk",LYVE1,-1.0,1.26371294289314,0.93003965460461,neither,high,0.0,mid,1.0,1.0
"Rat gastrocnemius, female 8 wk",MAFF,-1.0,-0.845165291644137,2.06793125424182,neither,mid,6.5,high,1.0,1.0
"Rat gastrocnemius, female 8 wk",MAGED2,1.0,-0.457717730068857,-1.32452481503688,neither,mid,3.0,high,1.0,1.0
"Rat gastrocnemius, female 8 wk",MAP1LC3B,-1.0,0.83747710518544,-0.760209080519317,neither,high,7.0,high,1.0,1.0
"Rat gastrocnemius, female 8 wk",MAP2K1,-1.0,-0.823056443571856,0.295712407230947,neither,high,0.0,high,1.0,1.0
"Rat gastrocnemius, female 8 wk",MARK3,-1.0,-2.26459656111138,-2.21355509829668,neither,high,1.5,high,1.0,2.0
"Rat gastrocnemius, female 8 wk",MBNL2,-1.0,0.347532548305269,-0.315831525138401,neither,high,4.0,high,1.0,1.0
"Rat gastrocnemius, female 8 wk",METTL22,-1.0,1.48282911400869,0.582115803231347,neither,high,0.0,mid,1.0,1.0
"Rat gastrocnemius, female 8 wk",MFAP4,1.0,-1.18740031049204,-1.7014668117183,neither,high,3.0,high,2.0,1.0
"Rat gastrocnemius, female 8 wk",MKNK2,-1.0,0.464412284822824,-1.88397924553874,neither,high,0.0,high,1.0,1.0
"Rat gastrocnemius, female 8 wk",MPI,1.0,1.73774902747863,0.293447739179509,neither,high,0.0,mid,1.0,1.0
"Rat gastrocnemius, female 8 wk",MPP3,-1.0,1.14443664138796,-0.361642552833761,neither,mid,0.0,low,1.0,1.0
"Rat gastrocnemius, female 8 wk",MRPL34,-1.0,1.91087979899693,3.69193161231316,protein only,mid,2.0,high,1.0,1.0
"Rat gastrocnemius, female 8 wk",MTCH1,-1.0,1.88221480705424,1.48178172651656,neither,high,2.0,high,1.0,1.0
"Rat gastrocnemius, female 8 wk",MTR,1.0,-0.940987149616821,-0.394302900422149,neither,mid,0.0,mid,1.0,1.0
"Rat gastrocnemius, female 8 wk",MYOM2,1.0,2.28335931974777,-1.17932607201379,neither,high,0.0,high,1.0,1.0
"Rat gastrocnemius, female 8 wk",MYOT,-1.0,-1.4373540838446,2.06363114701225,neither,high,0.0,high,2.0,1.0
"Rat gastrocnemius, female 8 wk",NAA15,-1.0,-0.0288843768683773,0.234717904496762,neither,high,0.0,mid,1.0,1.0
"Rat gastrocnemius, female 8 wk",NAMPT,-1.0,0.725238366866366,0.721868077046871,neither,high,0.0,high,1.0,1.0
"Rat gastrocnemius, female 8 wk",NCAM1,-1.0,-0.995516264198046,-2.83291049504437,neither,mid,0.0,mid,1.0,2.0
"Rat gastrocnemius, female 8 wk",NID1,-1.0,-1.15893875474084,1.0759969321819,neither,high,0.0,high,1.0,1.0
"Rat gastrocnemius, female 8 wk",NIT2,1.0,2.10509053711336,3.24090556076068,protein only,mid,0.0,mid,1.0,1.0
"Rat gastrocnemius, female 8 wk",NQO2,-1.0,0.571229750436304,1.05052430379737,neither,mid,0.0,mid,1.0,1.0
"Rat gastrocnemius, female 8 wk",NRAP,-1.0,0.201473214773399,-2.73644106449809,neither,high,0.0,high,1.0,1.0
"Rat gastrocnemius, female 8 wk",NUCB2,1.0,1.48929598283576,0.563166182143426,neither,mid,0.0,low,1.0,1.0
"Rat gastrocnemius, female 8 wk",NUDT3,1.0,-0.915755759796098,-1.33292502195816,neither,high,0.0,high,1.0,1.0
"Rat gastrocnemius, female 8 wk",NUDT4,-1.0,-1.25931930776636,0.156752918704421,neither,high,0.0,mid,1.0,1.0
"Rat gastrocnemius, female 8 wk",NUP37,1.0,0.908230309062981,0.882113565759476,neither,low,0.0,mid,1.0,1.0
"Rat gastrocnemius, female 8 wk",OGDH,-1.0,1.76878426924558,4.70045994236659,protein only,high,0.0,high,1.0,1.0
"Rat gastrocnemius, female 8 wk",OGN,1.0,-1.69834340219054,-1.05016017474815,neither,mid,0.0,low,2.0,1.0
"Rat gastrocnemius, female 8 wk",OLFML3,1.0,1.27425481483587,-0.926482110189241,neither,mid,0.0,mid,1.0,1.0
"Rat gastrocnemius, female 8 wk",PALMD,1.0,1.17246783324545,2.87494114555249,neither,high,0.0,high,1.0,1.0
"Rat gastrocnemius, female 8 wk",PCCB,1.0,0.223157353622461,3.05581433698711,neither,high,0.0,mid,1.0,1.0
"Rat gastrocnemius, female 8 wk",PCNT,-1.0,-3.04121856009051,1.57312802390182,neither,high,0.0,high,1.0,1.0
"Rat gastrocnemius, female 8 wk",PCOLCE,1.0,1.39163734310795,-0.901454939806052,neither,high,0.0,mid,1.0,1.0
"Rat gastrocnemius, female 8 wk",PDK4,1.0,-0.497666429543869,0.582401588104261,neither,high,0.0,high,1.0,1.0
"Rat gastrocnemius, female 8 wk",PDLIM3,1.0,-0.204526718615044,-1.7235403113548,neither,high,0.0,high,1.0,3.0
"Rat gastrocnemius, female 8 wk",PKM,1.0,0.0558617411750829,2.42232411632729,neither,high,0.0,high,1.0,2.0
"Rat gastrocnemius, female 8 wk",PLA2G2A,-1.0,0.436148568947648,0.180181021992334,neither,low,0.0,mid,1.0,1.0
"Rat gastrocnemius, female 8 wk",PLBD1,1.0,2.04051934075579,1.12222867217086,neither,high,0.0,mid,1.0,1.0
"Rat gastrocnemius, female 8 wk",PLIN2,-1.0,0.765060310239114,3.88098974760977,protein only,high,0.0,high,1.0,1.0
"Rat gastrocnemius, female 8 wk",PLP2,-1.0,-1.41381365933189,-0.32472525304899,neither,mid,0.0,high,1.0,1.0
"Rat gastrocnemius, female 8 wk",PODXL,-1.0,0.354801785268733,3.43494769503266,protein only,high,0.0,mid,1.0,1.0
"Rat gastrocnemius, female 8 wk",POGLUT1,-1.0,1.46809247668417,-0.165395345530006,neither,mid,0.0,low,1.0,1.0
"Rat gastrocnemius, female 8 wk",POLE3,-1.0,0.473465251910184,1.52320965019281,neither,mid,4.0,high,1.0,1.0
"Rat gastrocnemius, female 8 wk",POPDC3,-1.0,0.19292152088883,0.217315412869936,neither,high,7.0,high,1.0,1.0
"Rat gastrocnemius, female 8 wk",POR,-1.0,-0.250700331730544,-0.409286343788949,neither,high,0.0,high,1.0,1.0
"Rat gastrocnemius, female 8 wk",PPDPF,1.0,0.33438434374272,1.10720834099605,neither,mid,7.0,high,1.0,1.0
"Rat gastrocnemius, female 8 wk",PPL,-1.0,0.152813042066299,-0.286028425685274,neither,mid,0.0,mid,1.0,1.0
"Rat gastrocnemius, female 8 wk",PPP1R12B,1.0,-0.548732110312662,1.8245079216574,neither,high,0.0,high,1.0,1.0
"Rat gastrocnemius, female 8 wk",PPP1R3C,1.0,-0.739847538671212,-0.626052010929612,neither,high,0.0,high,1.0,1.0
"Rat gastrocnemius, female 8 wk",PPT1,1.0,0.864983850118349,-1.3028845310067,neither,mid,0.0,mid,1.0,1.0
"Rat gastrocnemius, female 8 wk",PRDX4,1.0,1.50809988239548,-2.19529202892993,neither,mid,0.0,high,1.0,1.0
"Rat gastrocnemius, female 8 wk",PRDX6,-1.0,-0.463068307909746,-1.69644327560174,neither,high,0.0,high,1.0,1.0
"Rat gastrocnemius, female 8 wk",PSMB10,1.0,0.194932403285505,1.74949608037188,neither,low,0.0,high,1.0,1.0
"Rat gastrocnemius, female 8 wk",PSME4,-1.0,-0.0869383200825796,-0.604761451643919,neither,high,0.0,high,1.0,1.0
"Rat gastrocnemius, female 8 wk",PSPH,-1.0,0.0986475416095926,-0.154121998538749,neither,low,0.0,low,1.0,1.0
"Rat gastrocnemius, female 8 wk",PTN,1.0,1.27329231622915,1.14842324622245,neither,low,5.0,low,1.0,1.0
"Rat gastrocnemius, female 8 wk",PTP4A2,-1.0,1.78672633821821,2.42466554718904,neither,high,2.0,high,1.0,1.0
"Rat gastrocnemius, female 8 wk",PTP4A3,-1.0,0.529567940093368,-1.09275710933365,neither,high,5.5,high,1.0,1.0
"Rat gastrocnemius, female 8 wk",RAB9A,-1.0,-0.356288917281677,0.497154845421167,neither,mid,0.0,mid,1.0,1.0
"Rat gastrocnemius, female 8 wk",RABAC1,-1.0,1.62185779332208,-1.91418821433788,neither,high,0.0,high,1.0,1.0
"Rat gastrocnemius, female 8 wk",RANGAP1,-1.0,-0.703412850770906,-2.55912867241458,neither,high,0.0,high,1.0,1.0
"Rat gastrocnemius, female 8 wk",RBFOX1,-1.0,0.717497694639267,-0.674113384909896,neither,high,0.0,high,1.0,1.0
"Rat gastrocnemius, female 8 wk",RBM10,1.0,-0.048446892638655,1.46112236467855,neither,high,0.0,high,1.0,1.0
"Rat gastrocnemius, female 8 wk",RBP4,-1.0,0.52058362700401,-2.61402717771166,neither,low,0.0,low,1.0,1.0
"Rat gastrocnemius, female 8 wk",RCAN1,-1.0,-1.44998495426263,1.82170892552215,neither,high,0.0,mid,1.0,1.0
"Rat gastrocnemius, female 8 wk",RHOC,-1.0,-1.51792206207101,-0.7091804526748,neither,mid,0.0,high,1.0,1.0
"Rat gastrocnemius, female 8 wk",RHOT1,-1.0,0.296048926653714,1.31829556339248,neither,high,0.0,mid,1.0,1.0
"Rat gastrocnemius, female 8 wk",RNASET2,1.0,0.510541371071633,-1.61827181508495,neither,high,0.0,low,1.0,1.0
"Rat gastrocnemius, female 8 wk",RNF14,-1.0,0.0315946218177149,-0.393670144712367,neither,high,0.0,high,1.0,1.0
"Rat gastrocnemius, female 8 wk",RNF146,1.0,-1.78449749163032,0.521183345862497,neither,high,7.0,high,1.0,1.0
"Rat gastrocnemius, female 8 wk",RWDD1,-1.0,0.468076660788632,-1.32614817961773,neither,high,0.0,high,1.0,1.0
"Rat gastrocnemius, female 8 wk",S100A9,-1.0,0.981529328426367,-0.776116078842079,neither,low,0.0,high,1.0,1.0
"Rat gastrocnemius, female 8 wk",SAMHD1,-1.0,1.22568691851239,0.531959375948527,neither,low,5.0,high,1.0,1.0
"Rat gastrocnemius, female 8 wk",SEC31A,1.0,0.606207840635932,-0.933508663892078,neither,high,0.0,high,1.0,1.0
"Rat gastrocnemius, female 8 wk",SERPINE2,1.0,1.83753112289284,-0.140468794252554,neither,high,0.0,low,1.0,1.0
"Rat gastrocnemius, female 8 wk",SH3BGR,-1.0,2.83285698388492,0.915790392594606,neither,high,0.0,high,2.0,1.0
"Rat gastrocnemius, female 8 wk",SH3BGRL,1.0,0.548544060699261,-1.53033585541887,neither,low,0.0,mid,1.0,1.0
"Rat gastrocnemius, female 8 wk",SH3GL2,1.0,-0.55416912116885,-1.2706004176015,neither,low,5.5,low,1.0,1.0
"Rat gastrocnemius, female 8 wk",SLC25A11,1.0,1.89233136639249,-0.680059897793273,neither,high,0.0,high,1.0,1.0
"Rat gastrocnemius, female 8 wk",SLC25A12,-1.0,1.94604415034096,0.135085393923101,neither,high,0.0,high,1.0,1.0
"Rat gastrocnemius, female 8 wk",SLC25A20,1.0,-1.03977568949489,-0.114087742430085,neither,high,0.0,high,1.0,1.0
"Rat gastrocnemius, female 8 wk",SNX7,-1.0,0.0598707974788181,-0.355540549870986,neither,low,3.0,low,1.0,1.0
"Rat gastrocnemius, female 8 wk",SORT1,-1.0,-0.949938472846087,-1.68955434931028,neither,high,0.0,high,1.0,1.0
"Rat gastrocnemius, female 8 wk",SOS1,-1.0,-0.0136918788080953,0.168794863539246,neither,high,1.5,mid,1.0,1.0
"Rat gastrocnemius, female 8 wk",SPARC,1.0,1.23504467762663,0.0334049258233913,neither,high,0.0,high,1.0,1.0
"Rat gastrocnemius, female 8 wk",SRPX,-1.0,-0.745783865194147,0.402432394206739,neither,mid,5.0,mid,1.0,1.0
"Rat gastrocnemius, female 8 wk",SSPN,1.0,0.638963180658986,-0.817695509847626,neither,high,0.0,high,1.0,1.0
"Rat gastrocnemius, female 8 wk",STAT3,-1.0,-1.03113259508138,-0.417552697352872,neither,high,0.0,high,1.0,1.0
"Rat gastrocnemius, female 8 wk",STEAP3,-1.0,1.19955748704734,1.06505895451886,neither,high,0.0,high,1.0,1.0
"Rat gastrocnemius, female 8 wk",STIP1,-1.0,-2.3571500478901,2.46136000158707,neither,high,0.0,high,1.0,1.0
"Rat gastrocnemius, female 8 wk",STK38L,1.0,1.43387259228615,-0.918781369859773,neither,high,0.0,mid,1.0,1.0
"Rat gastrocnemius, female 8 wk",SUCLA2,1.0,1.20713474127153,4.48278811800283,protein only,high,0.0,high,1.0,1.0
"Rat gastrocnemius, female 8 wk",SUN2,-1.0,-0.731487352782831,0.196254174495993,neither,high,0.0,high,1.0,1.0
"Rat gastrocnemius, female 8 wk",SYNPO2L,1.0,-1.35639601760192,-0.0541158914413884,neither,high,0.0,high,1.0,1.0
"Rat gastrocnemius, female 8 wk",TGM2,-1.0,0.183550755654118,-0.0093915266972077,neither,high,0.0,high,1.0,1.0
"Rat gastrocnemius, female 8 wk",THBS1,-1.0,1.14513727432501,-1.4662005822249,neither,mid,0.0,mid,1.0,1.0
"Rat gastrocnemius, female 8 wk",THBS4,1.0,0.888607978125044,0.98983226374006,neither,high,0.0,high,1.0,1.0
"Rat gastrocnemius, female 8 wk",TIMP3,-1.0,1.27238676532467,1.70357645884666,neither,high,2.0,high,1.0,1.0
"Rat gastrocnemius, female 8 wk",TLN1,1.0,-0.707072025973992,-1.10219886671276,neither,high,0.0,high,1.0,1.0
"Rat gastrocnemius, female 8 wk",TMEM38B,-1.0,-1.08488359286268,-1.06993551385223,neither,high,0.0,high,1.0,1.0
"Rat gastrocnemius, female 8 wk",TMSB4X,1.0,1.65364973521924,1.2961915876662,neither,high,2.0,high,1.0,1.0
"Rat gastrocnemius, female 8 wk",TNNI1,1.0,-2.17012072994721,0.306315437036207,neither,high,0.0,high,1.0,1.0
"Rat gastrocnemius, female 8 wk",TPPP3,1.0,-1.97451169109535,-3.94659862953482,protein only,high,0.0,high,1.0,1.0
"Rat gastrocnemius, female 8 wk",TPRKB,-1.0,-0.463523250279724,-1.72173458399011,neither,low,3.5,high,2.0,1.0
"Rat gastrocnemius, female 8 wk",TRDN,-1.0,-1.79516740656793,-0.0941129046526111,neither,high,0.0,high,1.0,1.0
"Rat gastrocnemius, female 8 wk",TUBA4A,-1.0,-3.07335341688437,-2.74406302047026,neither,high,0.0,high,1.0,1.0
"Rat gastrocnemius, female 8 wk",TUBG1,-1.0,1.73844961039377,0.301307678857047,neither,high,0.0,high,1.0,1.0
"Rat gastrocnemius, female 8 wk",TXNIP,1.0,-0.511876741049466,1.72938359514368,neither,high,0.0,high,1.0,1.0
"Rat gastrocnemius, female 8 wk",TXNRD1,-1.0,-0.683234262219101,-0.490736187325825,neither,high,0.0,high,1.0,1.0
"Rat gastrocnemius, female 8 wk",UAP1,-1.0,-0.732564228851146,0.708773140878145,neither,mid,0.0,high,1.0,1.0
"Rat gastrocnemius, female 8 wk",UBFD1,-1.0,-1.06960774551215,-1.89649724554541,neither,mid,0.0,high,1.0,1.0
"Rat gastrocnemius, female 8 wk",UBQLN2,1.0,-2.66848189987855,1.46013371273664,neither,high,1.5,high,1.0,1.0
"Rat gastrocnemius, female 8 wk",UFSP2,1.0,1.22613800136393,-0.724738358617223,neither,mid,0.0,high,1.0,1.0
"Rat gastrocnemius, female 8 wk",UGP2,-1.0,0.489007268215667,3.00355807258124,neither,high,0.0,high,1.0,1.0
"Rat gastrocnemius, female 8 wk",VCAN,1.0,0.326218718800385,2.90789792840027,neither,mid,0.0,low,1.0,1.0
"Rat gastrocnemius, female 8 wk",VEGFB,1.0,3.00629941920372,-1.33256621599987,neither,high,7.0,high,1.0,1.0
"Rat gastrocnemius, female 8 wk",VEZF1,-1.0,-1.4011150804638,-0.135121055648206,neither,high,0.0,high,1.0,1.0
"Rat gastrocnemius, female 8 wk",VPS13D,-1.0,0.500873764567591,1.35854342762794,neither,high,0.0,mid,1.0,1.0
"Rat gastrocnemius, female 8 wk",VTN,1.0,1.41222911952294,-0.913194969465438,neither,mid,0.0,low,1.0,1.0
"Rat gastrocnemius, female 8 wk",WFS1,1.0,-0.797244384661056,-0.0725349195067458,neither,high,0.0,mid,1.0,1.0
"Rat gastrocnemius, female 8 wk",XRCC4,-1.0,-0.434587831818911,0.326463906044026,neither,low,0.0,low,1.0,1.0
"Rat gastrocnemius, female 8 wk",YBX3,-1.0,1.03172980672928,0.116948597111374,neither,high,0.0,high,1.0,1.0
"Rat gastrocnemius, female 8 wk",ZBTB16,1.0,-1.69548125178414,1.74707645445934,neither,high,0.0,high,1.0,1.0
"Rat gastrocnemius, male 1 wk",ABHD5,-1.0,0.627912356985161,2.01934336992593,neither,mid,5.5,mid,1.0,1.0
"Rat gastrocnemius, male 1 wk",ACSS3,-1.0,1.7983977075636,-0.135364348440143,neither,mid,0.0,low,1.0,1.0
"Rat gastrocnemius, male 1 wk",ACTA1,-1.0,-1.55143769621541,-0.863163932661405,neither,high,0.0,high,1.0,1.0
"Rat gastrocnemius, male 1 wk",ADD3,1.0,-1.65878972040783,-1.48878568544164,neither,high,0.0,mid,1.0,1.0
"Rat gastrocnemius, male 1 wk",ADH5,1.0,-0.739717964502467,-1.8582387940172,neither,high,0.0,high,1.0,1.0
"Rat gastrocnemius, male 1 wk",ALAS1,1.0,2.57047308488091,0.763477160568035,neither,high,3.0,high,1.0,1.0
"Rat gastrocnemius, male 1 wk",ALDH5A1,1.0,-0.258537297828283,-1.84378103858143,neither,high,0.0,high,1.0,1.0
"Rat gastrocnemius, male 1 wk",ALDH9A1,1.0,-1.68060985041805,-0.371048577305611,neither,high,0.0,high,1.0,1.0
"Rat gastrocnemius, male 1 wk",ANK1,1.0,1.27680393853324,1.58549190598311,neither,high,0.0,high,1.0,2.0
"Rat gastrocnemius, male 1 wk",ANKMY2,1.0,-0.306308082786653,0.539138422789103,neither,high,0.0,mid,1.0,1.0
"Rat gastrocnemius, male 1 wk",ANKRD2,-1.0,-1.53945620218132,1.64425832908264,neither,high,0.0,high,1.0,1.0
"Rat gastrocnemius, male 1 wk",ANP32E,1.0,-1.48472712261644,0.109572356699249,neither,high,0.0,high,1.0,1.0
"Rat gastrocnemius, male 1 wk",ANXA4,1.0,-0.268582032652894,-3.67435092109224,neither,high,0.0,mid,1.0,1.0
"Rat gastrocnemius, male 1 wk",ANXA6,1.0,-0.195655983459008,-0.0248667684227042,neither,high,0.0,high,1.0,1.0
"Rat gastrocnemius, male 1 wk",AP1S2,-1.0,1.14586927295985,1.73031761838541,neither,mid,5.0,high,1.0,1.0
"Rat gastrocnemius, male 1 wk",AP2B1,1.0,-0.733021622811595,-0.0543023489053677,neither,high,0.0,high,1.0,1.0
"Rat gastrocnemius, male 1 wk",APOD,-1.0,-1.86982439476086,1.96409845594051,neither,mid,5.0,high,1.0,1.0
"Rat gastrocnemius, male 1 wk",ARHGDIB,1.0,-0.541720328937603,-0.940462923129535,neither,mid,0.0,high,1.0,1.0
"Rat gastrocnemius, male 1 wk",ARMCX3,1.0,0.37680253728645,-1.71996153705369,neither,high,3.5,high,1.0,1.0
"Rat gastrocnemius, male 1 wk",ASMTL,1.0,-1.4888231331374,-1.03935937304735,neither,mid,0.0,mid,1.0,1.0
"Rat gastrocnemius, male 1 wk",ASPN,1.0,-0.920353404787056,-2.46056092625943,neither,mid,0.0,low,2.0,1.0
"Rat gastrocnemius, male 1 wk",ATP1A1,-1.0,0.351468168132051,-0.0231143234776948,neither,high,0.0,high,1.0,1.0
"Rat gastrocnemius, male 1 wk",ATP1A2,-1.0,3.16120865229136,1.31859661978721,neither,high,0.0,high,1.0,1.0
"Rat gastrocnemius, male 1 wk",ATP1B1,-1.0,2.79775596571916,4.02582016784049,neither,high,0.0,high,1.0,1.0
"Rat gastrocnemius, male 1 wk",ATP1B3,-1.0,-3.48818326287485,-2.26949676814114,neither,high,0.0,high,1.0,1.0
"Rat gastrocnemius, male 1 wk",ATP2A2,-1.0,0.569221094928353,2.15609020217243,neither,high,0.0,high,1.0,2.0
"Rat gastrocnemius, male 1 wk",BAG2,-1.0,-0.640620940348578,-1.11857866523251,neither,mid,0.0,mid,1.0,1.0
"Rat gastrocnemius, male 1 wk",BASP1,1.0,-0.64273099764063,0.21943324693297,neither,low,0.0,low,1.0,1.0
"Rat gastrocnemius, male 1 wk",BGN,1.0,-1.06948745407355,-2.5489233097802,neither,high,0.0,high,1.0,1.0
"Rat gastrocnemius, male 1 wk",BRD4,-1.0,1.30841060557544,-0.614033899345011,neither,high,3.0,high,1.0,1.0
"Rat gastrocnemius, male 1 wk",C1orf21,-1.0,0.124446756300946,1.4159844727345,neither,high,6.5,high,1.0,1.0
"Rat gastrocnemius, male 1 wk",C3,-1.0,0.0748980696265637,1.3740366852224,neither,low,0.0,high,1.0,1.0
"Rat gastrocnemius, male 1 wk",C4A,-1.0,-1.25987384108597,1.73100290977782,neither,low,0.0,low,2.0,1.0
"Rat gastrocnemius, male 1 wk",C6,1.0,-1.12009908272625,-0.638753799312084,neither,low,2.0,low,1.0,2.0
"Rat gastrocnemius, male 1 wk",CALU,-1.0,-0.599259381703554,-1.42918243334348,neither,high,0.0,high,1.0,2.0
"Rat gastrocnemius, male 1 wk",CCT2,-1.0,-0.41882184784662,-1.28530962528439,neither,high,0.0,high,1.0,1.0
"Rat gastrocnemius, male 1 wk",CD14,-1.0,-0.145149572682049,0.600453423790564,neither,low,3.0,mid,1.0,1.0
"Rat gastrocnemius, male 1 wk",CD163,-1.0,1.26755224158514,1.2234217385596,neither,high,0.0,mid,1.0,1.0
"Rat gastrocnemius, male 1 wk",CD59,-1.0,-0.764545347938857,-1.27110959892204,neither,high,0.0,high,1.0,1.0
"Rat gastrocnemius, male 1 wk",CDC37L1,-1.0,-0.183362287499329,0.662742582157568,neither,high,0.0,high,1.0,1.0
"Rat gastrocnemius, male 1 wk",CDK2AP2,-1.0,0.334412468730833,-1.31067491895254,neither,mid,6.0,high,1.0,1.0
"Rat gastrocnemius, male 1 wk",CDV3,-1.0,0.548929340022319,-0.786342668617518,neither,high,0.0,high,1.0,1.0
"Rat gastrocnemius, male 1 wk",CHORDC1,-1.0,1.37121207248021,1.11601920509673,neither,high,0.0,mid,1.0,1.0
"Rat gastrocnemius, male 1 wk",CILP,1.0,-2.07342865358342,-1.3476583405298,neither,high,0.0,mid,1.0,1.0
"Rat gastrocnemius, male 1 wk",CLDND1,-1.0,-1.64808179162931,1.1010324382866,neither,high,7.5,high,1.0,1.0
"Rat gastrocnemius, male 1 wk",CLIC4,-1.0,1.02855879644018,-2.02924162839562,neither,high,0.0,high,1.0,1.0
"Rat gastrocnemius, male 1 wk",CLIP1,-1.0,1.63409985116335,0.76974884701405,neither,high,0.0,high,1.0,2.0
"Rat gastrocnemius, male 1 wk",CLTB,-1.0,0.33181472990581,1.95151074054766,neither,high,0.0,high,1.0,1.0
"Rat gastrocnemius, male 1 wk",CLU,-1.0,-1.52264668064946,0.660697577617551,neither,high,0.0,mid,1.0,1.0
"Rat gastrocnemius, male 1 wk",CMC2,-1.0,-0.267255585534841,2.86083253507206,neither,low,0.0,low,1.0,1.0
"Rat gastrocnemius, male 1 wk",CNN1,-1.0,-0.132293157393032,0.396858730826863,neither,low,0.0,mid,1.0,1.0
"Rat gastrocnemius, male 1 wk",COA4,-1.0,0.510550166126858,2.37860834576934,neither,low,0.0,high,1.0,1.0
"Rat gastrocnemius, male 1 wk",COBL,-1.0,-0.682711575949495,0.755923199433706,neither,mid,0.0,high,1.0,2.0
"Rat gastrocnemius, male 1 wk",COL15A1,1.0,-3.17214519700937,-0.0441653658839923,neither,high,0.0,mid,2.0,1.0
"Rat gastrocnemius, male 1 wk",COL1A1,1.0,-1.13061889526556,0.947201888138053,neither,high,0.0,mid,1.0,1.0
"Rat gastrocnemius, male 1 wk",COL1A2,1.0,-2.12561812142986,1.14332537606286,neither,high,0.0,high,2.0,1.0
"Rat gastrocnemius, male 1 wk",COL3A1,1.0,-1.20702305744261,1.20800995405542,neither,high,0.0,high,1.0,1.0
"Rat gastrocnemius, male 1 wk",COL5A2,1.0,-0.488722889824112,0.659195894331788,neither,high,0.0,mid,1.0,1.0
"Rat gastrocnemius, male 1 wk",COMP,1.0,0.1903831601183,-0.435390995481866,neither,mid,0.0,low,1.0,1.0
"Rat gastrocnemius, male 1 wk",COX17,-1.0,2.50279074272219,1.78518811374566,neither,high,0.0,high,1.0,1.0
"Rat gastrocnemius, male 1 wk",CPE,1.0,-1.91557878249718,-0.839092816541578,neither,high,0.0,high,1.0,1.0
"Rat gastrocnemius, male 1 wk",CPT2,1.0,1.28549162667992,0.891420125989049,neither,high,0.0,mid,1.0,1.0
"Rat gastrocnemius, male 1 wk",CRYM,1.0,-3.23473107046687,0.614214053823748,neither,mid,0.0,low,1.0,1.0
"Rat gastrocnemius, male 1 wk",CTF1,1.0,0.138616870822616,-0.0765707902712493,neither,mid,6.0,mid,1.0,1.0
"Rat gastrocnemius, male 1 wk",CTSD,1.0,-0.802755031159114,-3.1483845991388,neither,high,0.0,high,1.0,1.0
"Rat gastrocnemius, male 1 wk",CTSH,1.0,-1.41160454457205,-2.99174534121573,neither,high,0.0,mid,1.0,1.0
"Rat gastrocnemius, male 1 wk",CYP4B1,-1.0,1.74542018605282,-1.00073750296825,neither,mid,0.0,mid,1.0,1.0
"Rat gastrocnemius, male 1 wk",DAZAP1,-1.0,1.20254498832186,0.127056808388791,neither,high,0.0,high,1.0,1.0
"Rat gastrocnemius, male 1 wk",DDX39A,-1.0,0.4411521640775,1.08987637404326,neither,mid,0.0,high,1.0,1.0
"Rat gastrocnemius, male 1 wk",DENND1B,1.0,0.276377500309447,1.51622979297887,neither,high,0.0,low,1.0,1.0
"Rat gastrocnemius, male 1 wk",DERL1,-1.0,-3.40105306791459,-2.73131536502196,neither,high,0.0,high,1.0,1.0
"Rat gastrocnemius, male 1 wk",DLG1,-1.0,-0.33252605829748,0.182112601721096,neither,high,0.0,mid,1.0,1.0
"Rat gastrocnemius, male 1 wk",DLST,1.0,2.33592113245637,-0.096322063434266,neither,high,0.0,high,1.0,1.0
"Rat gastrocnemius, male 1 wk",DMPK,-1.0,-0.597321888034049,0.0453125445827791,neither,high,0.0,high,1.0,1.0
"Rat gastrocnemius, male 1 wk",DNAJC15,-1.0,2.68105279846062,0.0720348335214601,neither,high,0.0,mid,1.0,1.0
"Rat gastrocnemius, male 1 wk",DPM1,1.0,-0.130874618205332,-0.0353492512204386,neither,high,0.0,high,1.0,1.0
"Rat gastrocnemius, male 1 wk",DPYSL3,1.0,-2.25605307016242,-1.47603226306562,neither,mid,0.0,high,1.0,1.0
"Rat gastrocnemius, male 1 wk",DUSP13,-1.0,-1.99845698942024,-2.16442135865544,neither,high,0.0,high,3.0,2.0
"Rat gastrocnemius, male 1 wk",DVL1,-1.0,-0.811465734535699,-1.57537913817287,neither,high,0.0,high,1.0,1.0
"Rat gastrocnemius, male 1 wk",EFEMP1,1.0,-1.10334253962222,-0.0795063007261052,neither,mid,0.0,mid,1.0,1.0
"Rat gastrocnemius, male 1 wk",EGLN1,-1.0,-0.297102572578076,1.83083395639263,neither,high,0.0,high,1.0,1.0
"Rat gastrocnemius, male 1 wk",EHBP1L1,-1.0,-1.84093734132877,-2.71103080270508,neither,high,0.0,high,1.0,1.0
"Rat gastrocnemius, male 1 wk",EHD3,1.0,-0.240283126011251,0.896876007557793,neither,mid,0.0,low,1.0,1.0
"Rat gastrocnemius, male 1 wk",EIF1AX,-1.0,0.0751040938923495,0.486475805131901,neither,high,0.0,high,1.0,1.0
"Rat gastrocnemius, male 1 wk",EMC2,1.0,1.36382255799558,0.0863376529111984,neither,mid,0.0,high,1.0,1.0
"Rat gastrocnemius, male 1 wk",EMC6,-1.0,-0.119593282260063,-2.0132474501232,neither,high,4.0,high,1.0,1.0
"Rat gastrocnemius, male 1 wk",EPB41L2,1.0,2.18988278922261,0.291441058262601,neither,high,0.0,mid,1.0,1.0
"Rat gastrocnemius, male 1 wk",EPHX2,1.0,-2.26150542834673,-0.542712575091806,neither,mid,0.0,mid,1.0,2.0
"Rat gastrocnemius, male 1 wk",EPM2AIP1,1.0,-0.317593834250097,0.136536629774654,neither,high,0.0,mid,1.0,1.0
"Rat gastrocnemius, male 1 wk",ERLIN2,1.0,0.248722663287937,-3.59606518057288,neither,mid,0.0,mid,1.0,1.0
"Rat gastrocnemius, male 1 wk",FASN,-1.0,-1.76137599945907,0.227138839492139,neither,mid,0.0,mid,1.0,1.0
"Rat gastrocnemius, male 1 wk",FBLN2,1.0,-0.470879495454585,1.08124618154492,neither,high,0.0,high,1.0,1.0
"Rat gastrocnemius, male 1 wk",FBN1,1.0,-2.09110704976645,3.34990034949349,neither,high,0.0,mid,1.0,1.0
"Rat gastrocnemius, male 1 wk",FBXO40,1.0,-1.43888746165719,0.824348629946148,neither,high,0.0,high,1.0,1.0
"Rat gastrocnemius, male 1 wk",FCN3,-1.0,0.482671180607001,0.128001363076318,neither,mid,0.0,low,1.0,1.0
"Rat gastrocnemius, male 1 wk",FERMT2,-1.0,-0.394246240353215,0.747165384758188,neither,high,0.0,high,1.0,2.0
"Rat gastrocnemius, male 1 wk",FGF1,1.0,0.796799089956117,-1.28028363864242,neither,high,0.0,low,1.0,1.0
"Rat gastrocnemius, male 1 wk",FHOD3,1.0,0.609116314327866,1.01930745237205,neither,high,0.0,high,1.0,1.0
"Rat gastrocnemius, male 1 wk",FKBP4,-1.0,2.13628781853027,1.577155278446,neither,high,0.0,high,1.0,1.0
"Rat gastrocnemius, male 1 wk",FKBP5,-1.0,1.55043212215185,2.96874555088706,neither,high,0.0,high,1.0,1.0
"Rat gastrocnemius, male 1 wk",FLII,-1.0,-0.237018729505114,-0.473881610529623,neither,high,0.0,high,1.0,2.0
"Rat gastrocnemius, male 1 wk",FLNC,-1.0,-0.980838832363485,-3.42135052988356,neither,high,0.0,high,1.0,1.0
"Rat gastrocnemius, male 1 wk",FMOD,1.0,-0.323602105956832,-1.39673736852281,neither,high,0.0,mid,1.0,1.0
"Rat gastrocnemius, male 1 wk",FSTL1,1.0,-1.73509800125224,-1.16691416899157,neither,high,0.0,high,1.0,1.0
"Rat gastrocnemius, male 1 wk",FUCA1,1.0,-0.268704098312867,0.543120598482998,neither,mid,3.0,mid,1.0,1.0
"Rat gastrocnemius, male 1 wk",FZD7,1.0,-1.806016025476,0.492357713416929,neither,high,4.0,mid,1.0,1.0
"Rat gastrocnemius, male 1 wk",GCLM,-1.0,0.150448106483526,0.448013962917564,neither,mid,0.0,mid,1.0,1.0
"Rat gastrocnemius, male 1 wk",GLOD4,1.0,-2.17578613955594,-2.36711716945355,neither,mid,0.0,mid,1.0,1.0
"Rat gastrocnemius, male 1 wk",GLRX,1.0,-2.3112225926785,3.45478518809031,neither,mid,0.0,high,1.0,1.0
"Rat gastrocnemius, male 1 wk",GLRX2,-1.0,0.392324754215313,-0.186919894260144,neither,mid,0.0,mid,1.0,1.0
"Rat gastrocnemius, male 1 wk",GLUL,-1.0,0.567442443061401,-0.5345761957043,neither,high,0.0,high,1.0,1.0
"Rat gastrocnemius, male 1 wk",GMPR,-1.0,-0.34882516380879,1.56783923152868,neither,high,0.0,high,1.0,1.0
"Rat gastrocnemius, male 1 wk",GNL3,-1.0,1.78282905869909,0.0607381565719664,neither,mid,0.0,high,1.0,1.0
"Rat gastrocnemius, male 1 wk",GOLT1B,-1.0,-0.297820310190426,-0.0476272023919945,neither,mid,7.0,mid,1.0,1.0
"Rat gastrocnemius, male 1 wk",GPD1L,-1.0,0.909049838656102,1.65930016767591,neither,high,0.0,high,1.0,1.0
"Rat gastrocnemius, male 1 wk",GPX3,-1.0,0.263542826110695,-0.0619311241599225,neither,high,0.0,high,1.0,1.0
"Rat gastrocnemius, male 1 wk",GTF2E1,1.0,1.53726957153432,2.85676683509412,neither,mid,7.0,mid,1.0,1.0
"Rat gastrocnemius, male 1 wk",GTPBP6,-1.0,0.791891956581765,1.58087494472548,neither,mid,0.0,high,2.0,1.0
"Rat gastrocnemius, male 1 wk",HBA1,1.0,0.815167000283437,0.663200889474452,neither,mid,0.0,low,2.0,1.0
"Rat gastrocnemius, male 1 wk",HBB,1.0,0.481153001180565,1.59133265340218,neither,mid,0.0,high,1.0,1.0
"Rat gastrocnemius, male 1 wk",HBD,1.0,1.46864630370867,2.68320574721428,neither,low,0.0,low,2.0,2.0
"Rat gastrocnemius, male 1 wk",HMGCL,1.0,1.17498818285165,-1.06977927792405,neither,mid,0.0,high,1.0,1.0
"Rat gastrocnemius, male 1 wk",HMGN1,1.0,-1.23241088914827,-0.606751727929121,neither,mid,0.0,mid,2.0,1.0
"Rat gastrocnemius, male 1 wk",HMGN2,1.0,-0.980342010193886,-0.130867431524337,neither,high,0.0,high,1.0,1.0
"Rat gastrocnemius, male 1 wk",HMOX2,-1.0,0.324185074796476,-1.17416997995093,neither,high,0.0,mid,1.0,1.0
"Rat gastrocnemius, male 1 wk",HPRT1,1.0,-3.00654027240022,-1.28186652529625,neither,mid,0.0,mid,2.0,1.0
"Rat gastrocnemius, male 1 wk",HSP90AA1,-1.0,1.77162441290427,1.1986194063151,neither,high,0.0,high,2.0,1.0
"Rat gastrocnemius, male 1 wk",HSPA2,1.0,0.467336361188266,3.03363872321013,neither,mid,0.0,high,1.0,1.0
"Rat gastrocnemius, male 1 wk",HSPA5,1.0,-0.180255949069944,0.720462249340872,neither,high,0.0,high,1.0,1.0
"Rat gastrocnemius, male 1 wk",HSPB2,-1.0,-0.0593696250369858,0.517250044306133,neither,high,0.0,high,1.0,1.0
"Rat gastrocnemius, male 1 wk",HSPB6,1.0,1.81388658122461,4.94498864461467,protein only,high,0.0,high,1.0,1.0
"Rat gastrocnemius, male 1 wk",HTRA1,1.0,0.0656400450082534,0.495956622422137,neither,high,4.0,mid,1.0,1.0
"Rat gastrocnemius, male 1 wk",IFIT3,1.0,-1.05453955192186,-0.137914688892047,neither,low,0.0,mid,1.0,1.0
"Rat gastrocnemius, male 1 wk",IFITM3,-1.0,-0.268120526335078,0.800438479156828,neither,mid,1.5,high,1.0,1.0
"Rat gastrocnemius, male 1 wk",IRS1,-1.0,-1.25265662670451,3.0156678917959,neither,high,0.0,mid,1.0,1.0
"Rat gastrocnemius, male 1 wk",ITFG1,1.0,-2.12412881333549,-3.19789959204361,neither,high,1.5,mid,1.0,1.0
"Rat gastrocnemius, male 1 wk",IVNS1ABP,1.0,0.888164655799957,0.382753496029198,neither,high,0.0,high,1.0,1.0
"Rat gastrocnemius, male 1 wk",JUP,-1.0,-0.595431380936529,0.266320925376452,neither,high,0.0,high,1.0,1.0
"Rat gastrocnemius, male 1 wk",KLHL21,-1.0,-0.126522041559633,-0.275443255115257,neither,high,0.0,high,1.0,1.0
"Rat gastrocnemius, male 1 wk",KLHL41,-1.0,-2.28183277680258,-1.3308264600096,neither,high,0.0,high,1.0,1.0
"Rat gastrocnemius, male 1 wk",KPNA2,-1.0,0.666565817466273,1.33511237165635,neither,mid,0.0,mid,1.0,1.0
"Rat gastrocnemius, male 1 wk",LAMB1,1.0,0.612882926050502,1.30628555340966,neither,high,0.0,mid,1.0,1.0
"Rat gastrocnemius, male 1 wk",LMCD1,-1.0,0.68881690761276,-0.630178022235974,neither,high,0.0,high,1.0,1.0
"Rat gastrocnemius, male 1 wk",LPIN1,-1.0,0.980540427087326,3.77720343308168,neither,high,0.0,high,1.0,1.0
"Rat gastrocnemius, male 1 wk",LRRC59,-1.0,-0.0696376370487434,-1.47989886978686,neither,high,0.0,high,1.0,1.0
"Rat gastrocnemius, male 1 wk",LSP1,1.0,1.93379934984699,-2.45340119643385,neither,mid,3.0,mid,1.0,1.0
"Rat gastrocnemius, male 1 wk",LUM,1.0,-1.63122742244671,-0.584944862789818,neither,high,0.0,mid,1.0,1.0
"Rat gastrocnemius, male 1 wk",LYVE1,-1.0,0.655888774368163,0.11026994876865,neither,high,0.0,mid,1.0,1.0
"Rat gastrocnemius, male 1 wk",MAFF,-1.0,1.70925529658903,-1.29268918509137,neither,mid,6.5,high,1.0,1.0
"Rat gastrocnemius, male 1 wk",MAGED2,1.0,-2.61999427657935,-2.71576130455972,neither,mid,3.0,high,1.0,1.0
"Rat gastrocnemius, male 1 wk",MAP1LC3B,-1.0,3.18681832849859,0.665273051303159,neither,high,7.0,high,1.0,1.0
"Rat gastrocnemius, male 1 wk",MAP2K1,-1.0,-0.0424885706109738,0.588128962358054,neither,high,0.0,high,1.0,1.0
"Rat gastrocnemius, male 1 wk",MARK3,-1.0,0.402515113376679,-0.805822577472293,neither,high,1.5,high,1.0,2.0
"Rat gastrocnemius, male 1 wk",MBNL2,-1.0,0.599469039309291,2.65605693911668,neither,high,4.0,high,1.0,1.0
"Rat gastrocnemius, male 1 wk",METTL22,-1.0,0.565333175708707,0.329633050192361,neither,high,0.0,mid,1.0,1.0
"Rat gastrocnemius, male 1 wk",MFAP4,1.0,-1.53231506278854,-2.29160941504558,neither,high,3.0,high,2.0,1.0
"Rat gastrocnemius, male 1 wk",MKNK2,-1.0,0.81542965133403,-0.0285412036550136,neither,high,0.0,high,1.0,1.0
"Rat gastrocnemius, male 1 wk",MPI,1.0,0.781066126415314,0.143872891243383,neither,high,0.0,mid,1.0,1.0
"Rat gastrocnemius, male 1 wk",MPP3,-1.0,1.03073584871075,0.361984756263042,neither,mid,0.0,low,1.0,1.0
"Rat gastrocnemius, male 1 wk",MRPL34,-1.0,0.939290765420634,-1.13552556788836,neither,mid,2.0,high,1.0,1.0
"Rat gastrocnemius, male 1 wk",MTCH1,-1.0,-0.190794823039979,1.30500682903952,neither,high,2.0,high,1.0,1.0
"Rat gastrocnemius, male 1 wk",MTR,1.0,0.0456684133324849,1.82966641741604,neither,mid,0.0,mid,1.0,1.0
"Rat gastrocnemius, male 1 wk",MYOM2,1.0,-0.513040927318225,-0.396797261536305,neither,high,0.0,high,1.0,1.0
"Rat gastrocnemius, male 1 wk",MYOT,-1.0,0.48705939049717,1.3215364923088,neither,high,0.0,high,2.0,1.0
"Rat gastrocnemius, male 1 wk",NAA15,-1.0,0.0070790306720675,0.812203841412999,neither,high,0.0,mid,1.0,1.0
"Rat gastrocnemius, male 1 wk",NAMPT,-1.0,0.512787208675586,-0.204578271185972,neither,high,0.0,high,1.0,1.0
"Rat gastrocnemius, male 1 wk",NCAM1,-1.0,-2.45992799050053,-2.09953347558534,neither,mid,0.0,mid,1.0,2.0
"Rat gastrocnemius, male 1 wk",NID1,-1.0,-0.67394610485271,1.00629619057736,neither,high,0.0,high,1.0,1.0
"Rat gastrocnemius, male 1 wk",NIT2,1.0,2.78141827502832,2.2732829297108,neither,mid,0.0,mid,1.0,1.0
"Rat gastrocnemius, male 1 wk",NQO2,-1.0,-0.893521739044337,-0.210896731869902,neither,mid,0.0,mid,1.0,1.0
"Rat gastrocnemius, male 1 wk",NRAP,-1.0,-0.863119606664755,-2.52365258214131,neither,high,0.0,high,1.0,1.0
"Rat gastrocnemius, male 1 wk",NUCB2,1.0,0.994375450595751,-0.888601336154384,neither,mid,0.0,low,1.0,1.0
"Rat gastrocnemius, male 1 wk",NUDT3,1.0,-1.12876225575531,-0.207305282349969,neither,high,0.0,high,1.0,1.0
"Rat gastrocnemius, male 1 wk",NUDT4,-1.0,0.384051658514088,-0.349278443963627,neither,high,0.0,mid,1.0,1.0
"Rat gastrocnemius, male 1 wk",NUP37,1.0,-0.122151976325977,-2.3481942930675,neither,low,0.0,mid,1.0,1.0
"Rat gastrocnemius, male 1 wk",OGDH,-1.0,2.38610304362029,0.876572736724499,neither,high,0.0,high,1.0,1.0
"Rat gastrocnemius, male 1 wk",OGN,1.0,-1.86773974330455,-1.75125980926585,neither,mid,0.0,low,2.0,1.0
"Rat gastrocnemius, male 1 wk",OLFML3,1.0,-1.24412765356499,-1.94853445606865,neither,mid,0.0,mid,1.0,1.0
"Rat gastrocnemius, male 1 wk",PALMD,1.0,1.18175581748037,0.927542096457882,neither,high,0.0,high,1.0,1.0
"Rat gastrocnemius, male 1 wk",PCCB,1.0,-0.835157613834981,-0.620342160693037,neither,high,0.0,mid,1.0,1.0
"Rat gastrocnemius, male 1 wk",PCNT,-1.0,0.424264396866708,0.917302311844574,neither,high,0.0,high,1.0,1.0
"Rat gastrocnemius, male 1 wk",PCOLCE,1.0,-0.795237913995222,-1.10387913606693,neither,high,0.0,mid,1.0,1.0
"Rat gastrocnemius, male 1 wk",PDK4,1.0,1.36235223907018,1.60227812266327,neither,high,0.0,high,1.0,1.0
"Rat gastrocnemius, male 1 wk",PDLIM3,1.0,-2.87111006391321,-1.54963852852147,neither,high,0.0,high,1.0,3.0
"Rat gastrocnemius, male 1 wk",PKM,1.0,-0.818336748408989,1.66042934477807,neither,high,0.0,high,1.0,2.0
"Rat gastrocnemius, male 1 wk",PLA2G2A,-1.0,-0.864210617461307,1.64585833446316,neither,low,0.0,mid,1.0,1.0
"Rat gastrocnemius, male 1 wk",PLBD1,1.0,0.528816649328007,1.036048836365,neither,high,0.0,mid,1.0,1.0
"Rat gastrocnemius, male 1 wk",PLIN2,-1.0,-1.70063405460696,5.7531082136468,protein only,high,0.0,high,1.0,1.0
"Rat gastrocnemius, male 1 wk",PLP2,-1.0,-1.23021933942985,-1.74698684940639,neither,mid,0.0,high,1.0,1.0
"Rat gastrocnemius, male 1 wk",PODXL,-1.0,3.50222274014251,1.71800154264279,neither,high,0.0,mid,1.0,1.0
"Rat gastrocnemius, male 1 wk",POGLUT1,-1.0,0.189325929599683,0.782588164651068,neither,mid,0.0,low,1.0,1.0
"Rat gastrocnemius, male 1 wk",POLE3,-1.0,0.441459999307796,1.83346681489161,neither,mid,4.0,high,1.0,1.0
"Rat gastrocnemius, male 1 wk",POPDC3,-1.0,-2.5652395688839,-2.0036272380608,neither,high,7.0,high,1.0,1.0
"Rat gastrocnemius, male 1 wk",POR,-1.0,1.76992843907746,-2.27505739292132,neither,high,0.0,high,1.0,1.0
"Rat gastrocnemius, male 1 wk",PPDPF,1.0,-0.701541043802597,2.64977115195992,neither,mid,7.0,high,1.0,1.0
"Rat gastrocnemius, male 1 wk",PPL,-1.0,1.62823546614364,1.65718285339218,neither,mid,0.0,mid,1.0,1.0
"Rat gastrocnemius, male 1 wk",PPP1R12B,1.0,0.326202024529101,4.16339522166039,neither,high,0.0,high,1.0,1.0
"Rat gastrocnemius, male 1 wk",PPP1R3C,1.0,2.21430199204137,2.3371879714721,neither,high,0.0,high,1.0,1.0
"Rat gastrocnemius, male 1 wk",PPT1,1.0,-1.00796209189515,-0.744760405091883,neither,mid,0.0,mid,1.0,1.0
"Rat gastrocnemius, male 1 wk",PRDX4,1.0,-0.351297520570118,0.103080917329887,neither,mid,0.0,high,1.0,1.0
"Rat gastrocnemius, male 1 wk",PRDX6,-1.0,1.03536912783762,-1.4439087127878,neither,high,0.0,high,1.0,1.0
"Rat gastrocnemius, male 1 wk",PSMB10,1.0,0.248394970675495,-0.755070322568578,neither,low,0.0,high,1.0,1.0
"Rat gastrocnemius, male 1 wk",PSME4,-1.0,-0.0033856254469484,-0.200678437365031,neither,high,0.0,high,1.0,1.0
"Rat gastrocnemius, male 1 wk",PSPH,-1.0,-1.08572338793184,-1.41636281228498,neither,low,0.0,low,1.0,1.0
"Rat gastrocnemius, male 1 wk",PTN,1.0,-0.981037230573386,0.0638585427903977,neither,low,5.0,low,1.0,1.0
"Rat gastrocnemius, male 1 wk",PTP4A2,-1.0,0.956269473068869,-1.47153364528995,neither,high,2.0,high,1.0,1.0
"Rat gastrocnemius, male 1 wk",PTP4A3,-1.0,-3.04643599607103,-0.420103208062025,neither,high,5.5,high,1.0,1.0
"Rat gastrocnemius, male 1 wk",RAB9A,-1.0,-1.18446347949427,2.71312058821157,neither,mid,0.0,mid,1.0,1.0
"Rat gastrocnemius, male 1 wk",RABAC1,-1.0,-0.341547292706083,-1.97679654978719,neither,high,0.0,high,1.0,1.0
"Rat gastrocnemius, male 1 wk",RANGAP1,-1.0,-0.548520861976591,0.246026847254467,neither,high,0.0,high,1.0,1.0
"Rat gastrocnemius, male 1 wk",RBFOX1,-1.0,0.841035265776925,-2.48683924035239,neither,high,0.0,high,1.0,1.0
"Rat gastrocnemius, male 1 wk",RBM10,1.0,0.728626268421357,0.817821698498079,neither,high,0.0,high,1.0,1.0
"Rat gastrocnemius, male 1 wk",RBP4,-1.0,-2.87233084802225,-0.47859706252354,neither,low,0.0,low,1.0,1.0
"Rat gastrocnemius, male 1 wk",RCAN1,-1.0,-0.16187066333842,0.943482500988243,neither,high,0.0,mid,1.0,1.0
"Rat gastrocnemius, male 1 wk",RHOC,-1.0,-1.10325449061264,-2.61817772795674,neither,mid,0.0,high,1.0,1.0
"Rat gastrocnemius, male 1 wk",RHOT1,-1.0,1.5501088026767,-0.179066610467005,neither,high,0.0,mid,1.0,1.0
"Rat gastrocnemius, male 1 wk",RNASET2,1.0,-1.0575905552337,-2.54275642099362,neither,high,0.0,low,1.0,1.0
"Rat gastrocnemius, male 1 wk",RNF14,-1.0,0.259349032772814,0.257389245758477,neither,high,0.0,high,1.0,1.0
"Rat gastrocnemius, male 1 wk",RNF146,1.0,-0.406793021377289,0.175796627101003,neither,high,7.0,high,1.0,1.0
"Rat gastrocnemius, male 1 wk",RWDD1,-1.0,0.468149401899969,0.904895278939389,neither,high,0.0,high,1.0,1.0
"Rat gastrocnemius, male 1 wk",S100A9,-1.0,-0.262825542017624,1.38092014841465,neither,low,0.0,high,1.0,1.0
"Rat gastrocnemius, male 1 wk",SAMHD1,-1.0,-0.636088118622045,0.33227667906802,neither,low,5.0,high,1.0,1.0
"Rat gastrocnemius, male 1 wk",SEC31A,1.0,0.582733036485579,-1.0846074038859,neither,high,0.0,high,1.0,1.0
"Rat gastrocnemius, male 1 wk",SERPINE2,1.0,-1.03474176835639,-0.293630182027132,neither,high,0.0,low,1.0,1.0
"Rat gastrocnemius, male 1 wk",SH3BGR,-1.0,-2.0801432728454,0.665101956246352,neither,high,0.0,high,2.0,1.0
"Rat gastrocnemius, male 1 wk",SH3BGRL,1.0,0.764599356535176,0.843392920300701,neither,low,0.0,mid,1.0,1.0
"Rat gastrocnemius, male 1 wk",SH3GL2,1.0,0.143523950902842,-0.455624870004193,neither,low,5.5,low,1.0,1.0
"Rat gastrocnemius, male 1 wk",SLC25A11,1.0,0.301999962349285,-1.63336688305145,neither,high,0.0,high,1.0,1.0
"Rat gastrocnemius, male 1 wk",SLC25A12,-1.0,2.11305993004473,-1.49256827282111,neither,high,0.0,high,1.0,1.0
"Rat gastrocnemius, male 1 wk",SLC25A20,1.0,0.226362579791015,-1.61221755715923,neither,high,0.0,high,1.0,1.0
"Rat gastrocnemius, male 1 wk",SNX7,-1.0,0.958836328902409,-1.41435901523322,neither,low,3.0,low,1.0,1.0
"Rat gastrocnemius, male 1 wk",SORT1,-1.0,-0.552278251690559,-1.69961464096957,neither,high,0.0,high,1.0,1.0
"Rat gastrocnemius, male 1 wk",SOS1,-1.0,0.560162247391895,0.691699659294566,neither,high,1.5,mid,1.0,1.0
"Rat gastrocnemius, male 1 wk",SPARC,1.0,-1.32891446365938,-1.94075264393249,neither,high,0.0,high,1.0,1.0
"Rat gastrocnemius, male 1 wk",SRPX,-1.0,-0.109022434638765,0.284610264785355,neither,mid,5.0,mid,1.0,1.0
"Rat gastrocnemius, male 1 wk",SSPN,1.0,-0.631774218577025,-0.335709055577061,neither,high,0.0,high,1.0,1.0
"Rat gastrocnemius, male 1 wk",STAT3,-1.0,-1.51601952210965,0.191594346614012,neither,high,0.0,high,1.0,1.0
"Rat gastrocnemius, male 1 wk",STEAP3,-1.0,0.142877617342209,1.59058607843027,neither,high,0.0,high,1.0,1.0
"Rat gastrocnemius, male 1 wk",STIP1,-1.0,0.47023227758373,2.23353380777909,neither,high,0.0,high,1.0,1.0
"Rat gastrocnemius, male 1 wk",STK38L,1.0,0.0976549396033662,1.43660068898699,neither,high,0.0,mid,1.0,1.0
"Rat gastrocnemius, male 1 wk",SUCLA2,1.0,2.55362188251628,0.0055745224934444,neither,high,0.0,high,1.0,1.0
"Rat gastrocnemius, male 1 wk",SUN2,-1.0,-1.31724992013164,-2.02752428103694,neither,high,0.0,high,1.0,1.0
"Rat gastrocnemius, male 1 wk",SYNPO2L,1.0,-1.99863249792396,1.55314855088416,neither,high,0.0,high,1.0,1.0
"Rat gastrocnemius, male 1 wk",TGM2,-1.0,-0.788577125495943,-2.02393447424458,neither,high,0.0,high,1.0,1.0
"Rat gastrocnemius, male 1 wk",THBS1,-1.0,-0.227395460990315,1.73672123809125,neither,mid,0.0,mid,1.0,1.0
"Rat gastrocnemius, male 1 wk",THBS4,1.0,-0.160194655195968,-1.4283967313219,neither,high,0.0,high,1.0,1.0
"Rat gastrocnemius, male 1 wk",TIMP3,-1.0,3.73780370057211,2.02633660883191,RNA only,high,2.0,high,1.0,1.0
"Rat gastrocnemius, male 1 wk",TLN1,1.0,0.845889292247958,1.23777175713355,neither,high,0.0,high,1.0,1.0
"Rat gastrocnemius, male 1 wk",TMEM38B,-1.0,-3.19225884384675,-1.86746200467638,neither,high,0.0,high,1.0,1.0
"Rat gastrocnemius, male 1 wk",TMSB4X,1.0,0.498128860784855,2.74437685221003,neither,high,2.0,high,1.0,1.0
"Rat gastrocnemius, male 1 wk",TNNI1,1.0,0.4012646792972,3.84098470777223,neither,high,0.0,high,1.0,1.0
"Rat gastrocnemius, male 1 wk",TPPP3,1.0,-1.0106612365333,1.42758381432187,neither,high,0.0,high,1.0,1.0
"Rat gastrocnemius, male 1 wk",TPRKB,-1.0,-0.785691150330878,2.31176254208866,neither,low,3.5,high,2.0,1.0
"Rat gastrocnemius, male 1 wk",TRDN,-1.0,-2.2784177267757,-0.596205642978201,neither,high,0.0,high,1.0,1.0
"Rat gastrocnemius, male 1 wk",TUBA4A,-1.0,-1.59777076636543,-1.80287392177808,neither,high,0.0,high,1.0,1.0
"Rat gastrocnemius, male 1 wk",TUBG1,-1.0,0.868441270977323,-0.283717504569888,neither,high,0.0,high,1.0,1.0
"Rat gastrocnemius, male 1 wk",TXNIP,1.0,-0.213467224159319,1.19344743584804,neither,high,0.0,high,1.0,1.0
"Rat gastrocnemius, male 1 wk",TXNRD1,-1.0,0.747003456057558,-0.0365316270713547,neither,high,0.0,high,1.0,1.0
"Rat gastrocnemius, male 1 wk",UAP1,-1.0,0.927470034278127,2.77311440884677,neither,mid,0.0,high,1.0,1.0
"Rat gastrocnemius, male 1 wk",UBFD1,-1.0,0.810083237305012,-1.72421084213739,neither,mid,0.0,high,1.0,1.0
"Rat gastrocnemius, male 1 wk",UBQLN2,1.0,1.18447422727384,-0.890804769848451,neither,high,1.5,high,1.0,1.0
"Rat gastrocnemius, male 1 wk",UFSP2,1.0,2.28471122133478,-1.0862812647692,neither,mid,0.0,high,1.0,1.0
"Rat gastrocnemius, male 1 wk",UGP2,-1.0,0.302554032565472,2.96087265217646,neither,high,0.0,high,1.0,1.0
"Rat gastrocnemius, male 1 wk",VCAN,1.0,-0.549901440335506,1.31791015540903,neither,mid,0.0,low,1.0,1.0
"Rat gastrocnemius, male 1 wk",VEGFB,1.0,3.44421219467689,-0.297202980057107,neither,high,7.0,high,1.0,1.0
"Rat gastrocnemius, male 1 wk",VEZF1,-1.0,-1.20620214815069,-0.821356102515633,neither,high,0.0,high,1.0,1.0
"Rat gastrocnemius, male 1 wk",VPS13D,-1.0,1.3464155700584,2.73104213574223,neither,high,0.0,mid,1.0,1.0
"Rat gastrocnemius, male 1 wk",VTN,1.0,0.667032585102604,1.61817584352765,neither,mid,0.0,low,1.0,1.0
"Rat gastrocnemius, male 1 wk",WFS1,1.0,-0.244883743514572,-1.34635079656796,neither,high,0.0,mid,1.0,1.0
"Rat gastrocnemius, male 1 wk",XRCC4,-1.0,-0.838282307185299,0.619717840497101,neither,low,0.0,low,1.0,1.0
"Rat gastrocnemius, male 1 wk",YBX3,-1.0,0.473665725770707,-1.81895165622636,neither,high,0.0,high,1.0,1.0
"Rat gastrocnemius, male 1 wk",ZBTB16,1.0,2.09238058135533,-0.0586866162682397,neither,high,0.0,high,1.0,1.0
"Rat gastrocnemius, male 2 wk",ABHD5,-1.0,-0.0141470386765268,1.07187422160372,neither,mid,5.5,mid,1.0,1.0
"Rat gastrocnemius, male 2 wk",ACSS3,-1.0,0.838436551255405,1.13954607562083,neither,mid,0.0,low,1.0,1.0
"Rat gastrocnemius, male 2 wk",ACTA1,-1.0,-1.01784404045755,0.260104318283941,neither,high,0.0,high,1.0,1.0
"Rat gastrocnemius, male 2 wk",ADD3,1.0,-0.431787948109844,-1.04632362515633,neither,high,0.0,mid,1.0,1.0
"Rat gastrocnemius, male 2 wk",ADH5,1.0,-0.478050329031712,-0.0540533598397792,neither,high,0.0,high,1.0,1.0
"Rat gastrocnemius, male 2 wk",ALAS1,1.0,1.17459110629754,0.987800212942025,neither,high,3.0,high,1.0,1.0
"Rat gastrocnemius, male 2 wk",ALDH5A1,1.0,-0.846999034226697,-0.0548567740048127,neither,high,0.0,high,1.0,1.0
"Rat gastrocnemius, male 2 wk",ALDH9A1,1.0,-0.54091889210241,-1.10649861971689,neither,high,0.0,high,1.0,1.0
"Rat gastrocnemius, male 2 wk",ANK1,1.0,0.731527851864573,0.627578061782593,neither,high,0.0,high,1.0,2.0
"Rat gastrocnemius, male 2 wk",ANKMY2,1.0,-0.958495480921424,0.1471931660638,neither,high,0.0,mid,1.0,1.0
"Rat gastrocnemius, male 2 wk",ANKRD2,-1.0,-2.63982918247003,-0.839393636690822,neither,high,0.0,high,1.0,1.0
"Rat gastrocnemius, male 2 wk",ANP32E,1.0,-1.41678036748183,0.0949006203072333,neither,high,0.0,high,1.0,1.0
"Rat gastrocnemius, male 2 wk",ANXA4,1.0,-0.496246629781806,-3.01379213596484,neither,high,0.0,mid,1.0,1.0
"Rat gastrocnemius, male 2 wk",ANXA6,1.0,-1.62388300440853,-0.752626678968624,neither,high,0.0,high,1.0,1.0
"Rat gastrocnemius, male 2 wk",AP1S2,-1.0,0.495068822754733,0.234736169867565,neither,mid,5.0,high,1.0,1.0
"Rat gastrocnemius, male 2 wk",AP2B1,1.0,-1.47755079575156,-0.755951320858564,neither,high,0.0,high,1.0,1.0
"Rat gastrocnemius, male 2 wk",APOD,-1.0,0.0924919511683254,2.36453241605394,neither,mid,5.0,high,1.0,1.0
"Rat gastrocnemius, male 2 wk",ARHGDIB,1.0,-0.20002368250707,-1.71620605410762,neither,mid,0.0,high,1.0,1.0
"Rat gastrocnemius, male 2 wk",ARMCX3,1.0,-0.0613868647133967,-1.03827673556055,neither,high,3.5,high,1.0,1.0
"Rat gastrocnemius, male 2 wk",ASMTL,1.0,-0.327801486901575,-1.0273357987091,neither,mid,0.0,mid,1.0,1.0
"Rat gastrocnemius, male 2 wk",ASPN,1.0,-1.15143003544359,-2.62617389260383,neither,mid,0.0,low,2.0,1.0
"Rat gastrocnemius, male 2 wk",ATP1A1,-1.0,-1.69238674835841,0.844548791362267,neither,high,0.0,high,1.0,1.0
"Rat gastrocnemius, male 2 wk",ATP1A2,-1.0,3.98588619677764,1.31898626952107,RNA only,high,0.0,high,1.0,1.0
"Rat gastrocnemius, male 2 wk",ATP1B1,-1.0,-0.693521355461612,3.66463234619951,neither,high,0.0,high,1.0,1.0
"Rat gastrocnemius, male 2 wk",ATP1B3,-1.0,-2.03252409973683,-1.60677760900871,neither,high,0.0,high,1.0,1.0
"Rat gastrocnemius, male 2 wk",ATP2A2,-1.0,-1.32676604247443,0.321364822797756,neither,high,0.0,high,1.0,2.0
"Rat gastrocnemius, male 2 wk",BAG2,-1.0,-1.63722167314786,-2.23297995573588,neither,mid,0.0,mid,1.0,1.0
"Rat gastrocnemius, male 2 wk",BASP1,1.0,-1.63984943267653,-0.511878344042117,neither,low,0.0,low,1.0,1.0
"Rat gastrocnemius, male 2 wk",BGN,1.0,-1.62794917830581,-2.0072095064164,neither,high,0.0,high,1.0,1.0
"Rat gastrocnemius, male 2 wk",BRD4,-1.0,0.596494422580641,-0.926878786676493,neither,high,3.0,high,1.0,1.0
"Rat gastrocnemius, male 2 wk",C1orf21,-1.0,0.507693605769404,-0.993995274988895,neither,high,6.5,high,1.0,1.0
"Rat gastrocnemius, male 2 wk",C3,-1.0,0.416370120907224,0.341335571708297,neither,low,0.0,high,1.0,1.0
"Rat gastrocnemius, male 2 wk",C4A,-1.0,0.886460706615975,0.857869959009517,neither,low,0.0,low,2.0,1.0
"Rat gastrocnemius, male 2 wk",C6,1.0,-0.0099103683107425,-0.883705055595094,neither,low,2.0,low,1.0,2.0
"Rat gastrocnemius, male 2 wk",CALU,-1.0,-0.999950661379513,-0.876801768505072,neither,high,0.0,high,1.0,2.0
"Rat gastrocnemius, male 2 wk",CCT2,-1.0,-1.38834704266857,-2.20011483598869,neither,high,0.0,high,1.0,1.0
"Rat gastrocnemius, male 2 wk",CD14,-1.0,-1.06814763200456,-0.0122635646649164,neither,low,3.0,mid,1.0,1.0
"Rat gastrocnemius, male 2 wk",CD163,-1.0,1.75576718823334,0.884510265211744,neither,high,0.0,mid,1.0,1.0
"Rat gastrocnemius, male 2 wk",CD59,-1.0,-1.68158634176216,-0.64339714787326,neither,high,0.0,high,1.0,1.0
"Rat gastrocnemius, male 2 wk",CDC37L1,-1.0,-0.826572345400616,-1.19196635303263,neither,high,0.0,high,1.0,1.0
"Rat gastrocnemius, male 2 wk",CDK2AP2,-1.0,0.267196025247192,-0.299420914455386,neither,mid,6.0,high,1.0,1.0
"Rat gastrocnemius, male 2 wk",CDV3,-1.0,0.124574231069888,-1.5499716391126,neither,high,0.0,high,1.0,1.0
"Rat gastrocnemius, male 2 wk",CHORDC1,-1.0,1.84597142672069,1.52508680325573,neither,high,0.0,mid,1.0,1.0
"Rat gastrocnemius, male 2 wk",CILP,1.0,-3.86905052276652,-1.64926711882496,RNA only,high,0.0,mid,1.0,1.0
"Rat gastrocnemius, male 2 wk",CLDND1,-1.0,-1.45350900519082,-2.43000923399403,neither,high,7.5,high,1.0,1.0
"Rat gastrocnemius, male 2 wk",CLIC4,-1.0,-2.41126249111421,-3.05209381123683,neither,high,0.0,high,1.0,1.0
"Rat gastrocnemius, male 2 wk",CLIP1,-1.0,1.52099931240084,0.744158295125415,neither,high,0.0,high,1.0,2.0
"Rat gastrocnemius, male 2 wk",CLTB,-1.0,0.312623937931812,-0.797001172092928,neither,high,0.0,high,1.0,1.0
"Rat gastrocnemius, male 2 wk",CLU,-1.0,-1.4838680252405,-0.256918798499788,neither,high,0.0,mid,1.0,1.0
"Rat gastrocnemius, male 2 wk",CMC2,-1.0,1.14339002965814,3.41871444775934,neither,low,0.0,low,1.0,1.0
"Rat gastrocnemius, male 2 wk",CNN1,-1.0,0.647865664609081,-0.0453110896679807,neither,low,0.0,mid,1.0,1.0
"Rat gastrocnemius, male 2 wk",COA4,-1.0,-0.527086182862723,1.35685891117461,neither,low,0.0,high,1.0,1.0
"Rat gastrocnemius, male 2 wk",COBL,-1.0,-1.22984443965956,0.269364971230482,neither,mid,0.0,high,1.0,2.0
"Rat gastrocnemius, male 2 wk",COL15A1,1.0,-2.80082900490807,-0.574816964316007,neither,high,0.0,mid,2.0,1.0
"Rat gastrocnemius, male 2 wk",COL1A1,1.0,-1.82342670167223,0.062541563172241,neither,high,0.0,mid,1.0,1.0
"Rat gastrocnemius, male 2 wk",COL1A2,1.0,-1.87176003158848,0.302599408739241,neither,high,0.0,high,2.0,1.0
"Rat gastrocnemius, male 2 wk",COL3A1,1.0,-2.84218053220399,0.337138615582237,neither,high,0.0,high,1.0,1.0
"Rat gastrocnemius, male 2 wk",COL5A2,1.0,-3.26317993626668,0.982489446411592,neither,high,0.0,mid,1.0,1.0
"Rat gastrocnemius, male 2 wk",COMP,1.0,0.369731209059536,-0.383318028680689,neither,mid,0.0,low,1.0,1.0
"Rat gastrocnemius, male 2 wk",COX17,-1.0,1.43823164454247,2.07051609486693,neither,high,0.0,high,1.0,1.0
"Rat gastrocnemius, male 2 wk",CPE,1.0,-2.30383079009254,0.168611776972103,neither,high,0.0,high,1.0,1.0
"Rat gastrocnemius, male 2 wk",CPT2,1.0,-1.22411580482995,1.51305873313806,neither,high,0.0,mid,1.0,1.0
"Rat gastrocnemius, male 2 wk",CRYM,1.0,-3.19621619913796,-1.04528766101509,neither,mid,0.0,low,1.0,1.0
"Rat gastrocnemius, male 2 wk",CTF1,1.0,-0.910030098339052,-0.347792148762613,neither,mid,6.0,mid,1.0,1.0
"Rat gastrocnemius, male 2 wk",CTSD,1.0,0.655940552283177,-1.33520731868415,neither,high,0.0,high,1.0,1.0
"Rat gastrocnemius, male 2 wk",CTSH,1.0,-1.51261936813828,-4.03764418077298,protein only,high,0.0,mid,1.0,1.0
"Rat gastrocnemius, male 2 wk",CYP4B1,-1.0,1.18756336301384,-1.62697030951748,neither,mid,0.0,mid,1.0,1.0
"Rat gastrocnemius, male 2 wk",DAZAP1,-1.0,1.59979458479297,1.26184566006767,neither,high,0.0,high,1.0,1.0
"Rat gastrocnemius, male 2 wk",DDX39A,-1.0,0.825396705542294,3.36609900127699,neither,mid,0.0,high,1.0,1.0
"Rat gastrocnemius, male 2 wk",DENND1B,1.0,1.33778554847834,0.401280908331221,neither,high,0.0,low,1.0,1.0
"Rat gastrocnemius, male 2 wk",DERL1,-1.0,-2.56284112219393,-2.68448811815202,neither,high,0.0,high,1.0,1.0
"Rat gastrocnemius, male 2 wk",DLG1,-1.0,1.54844426748453,0.398139185804013,neither,high,0.0,mid,1.0,1.0
"Rat gastrocnemius, male 2 wk",DLST,1.0,1.03813185197069,1.26328442566785,neither,high,0.0,high,1.0,1.0
"Rat gastrocnemius, male 2 wk",DMPK,-1.0,-1.79947201541189,-0.933473955158179,neither,high,0.0,high,1.0,1.0
"Rat gastrocnemius, male 2 wk",DNAJC15,-1.0,1.27606251200964,-1.07568476807073,neither,high,0.0,mid,1.0,1.0
"Rat gastrocnemius, male 2 wk",DPM1,1.0,0.815849794323656,-0.485821095391424,neither,high,0.0,high,1.0,1.0
"Rat gastrocnemius, male 2 wk",DPYSL3,1.0,-0.407820693557156,-1.80873118770617,neither,mid,0.0,high,1.0,1.0
"Rat gastrocnemius, male 2 wk",DUSP13,-1.0,2.45448218254438,2.17158783751025,neither,high,0.0,high,3.0,2.0
"Rat gastrocnemius, male 2 wk",DVL1,-1.0,-0.377846189071686,-0.751792527430292,neither,high,0.0,high,1.0,1.0
"Rat gastrocnemius, male 2 wk",EFEMP1,1.0,-0.204889660506577,-0.363995164631173,neither,mid,0.0,mid,1.0,1.0
"Rat gastrocnemius, male 2 wk",EGLN1,-1.0,0.54597515342123,1.10310156838858,neither,high,0.0,high,1.0,1.0
"Rat gastrocnemius, male 2 wk",EHBP1L1,-1.0,-1.75028110049428,-1.47879632455311,neither,high,0.0,high,1.0,1.0
"Rat gastrocnemius, male 2 wk",EHD3,1.0,-1.20394299305924,1.10519016544716,neither,mid,0.0,low,1.0,1.0
"Rat gastrocnemius, male 2 wk",EIF1AX,-1.0,1.16983237471609,-0.263534396065571,neither,high,0.0,high,1.0,1.0
"Rat gastrocnemius, male 2 wk",EMC2,1.0,1.43964820538244,0.719043013545108,neither,mid,0.0,high,1.0,1.0
"Rat gastrocnemius, male 2 wk",EMC6,-1.0,-0.395023220935853,0.39174226096828,neither,high,4.0,high,1.0,1.0
"Rat gastrocnemius, male 2 wk",EPB41L2,1.0,1.11415754646741,-0.117718334476439,neither,high,0.0,mid,1.0,1.0
"Rat gastrocnemius, male 2 wk",EPHX2,1.0,-2.20475128327849,-1.46920652225919,neither,mid,0.0,mid,1.0,2.0
"Rat gastrocnemius, male 2 wk",EPM2AIP1,1.0,0.767279079207073,-0.0267728136929099,neither,high,0.0,mid,1.0,1.0
"Rat gastrocnemius, male 2 wk",ERLIN2,1.0,-0.807346337615895,-4.22812389632681,protein only,mid,0.0,mid,1.0,1.0
"Rat gastrocnemius, male 2 wk",FASN,-1.0,-0.761525541470629,-0.497659858797245,neither,mid,0.0,mid,1.0,1.0
"Rat gastrocnemius, male 2 wk",FBLN2,1.0,-1.4897019088161,-2.7680167622693,neither,high,0.0,high,1.0,1.0
"Rat gastrocnemius, male 2 wk",FBN1,1.0,-4.5976837024302,2.57617257235856,RNA only,high,0.0,mid,1.0,1.0
"Rat gastrocnemius, male 2 wk",FBXO40,1.0,0.0621638023988612,0.327964683490867,neither,high,0.0,high,1.0,1.0
"Rat gastrocnemius, male 2 wk",FCN3,-1.0,0.719896924496447,-0.724753418681869,neither,mid,0.0,low,1.0,1.0
"Rat gastrocnemius, male 2 wk",FERMT2,-1.0,0.366292880059401,-1.82426001167692,neither,high,0.0,high,1.0,2.0
"Rat gastrocnemius, male 2 wk",FGF1,1.0,-0.965729730775525,-2.4246850687632,neither,high,0.0,low,1.0,1.0
"Rat gastrocnemius, male 2 wk",FHOD3,1.0,-0.720710177707668,-0.0913407674677343,neither,high,0.0,high,1.0,1.0
"Rat gastrocnemius, male 2 wk",FKBP4,-1.0,2.11933985369948,1.86875420414708,neither,high,0.0,high,1.0,1.0
"Rat gastrocnemius, male 2 wk",FKBP5,-1.0,1.51298380967344,3.00683960709794,neither,high,0.0,high,1.0,1.0
"Rat gastrocnemius, male 2 wk",FLII,-1.0,-0.28501250321591,-1.7940866636283,neither,high,0.0,high,1.0,2.0
"Rat gastrocnemius, male 2 wk",FLNC,-1.0,-2.74331306137936,-4.16898095285381,protein only,high,0.0,high,1.0,1.0
"Rat gastrocnemius, male 2 wk",FMOD,1.0,0.278566778335393,-1.06359688222797,neither,high,0.0,mid,1.0,1.0
"Rat gastrocnemius, male 2 wk",FSTL1,1.0,-2.66266763015957,-2.30039532154435,neither,high,0.0,high,1.0,1.0
"Rat gastrocnemius, male 2 wk",FUCA1,1.0,0.0612381592264442,-1.27092255242637,neither,mid,3.0,mid,1.0,1.0
"Rat gastrocnemius, male 2 wk",FZD7,1.0,-0.71322568028054,0.59253701000359,neither,high,4.0,mid,1.0,1.0
"Rat gastrocnemius, male 2 wk",GCLM,-1.0,0.875270791963695,-0.748911417037866,neither,mid,0.0,mid,1.0,1.0
"Rat gastrocnemius, male 2 wk",GLOD4,1.0,-2.2636922003665,-2.94955080493034,neither,mid,0.0,mid,1.0,1.0
"Rat gastrocnemius, male 2 wk",GLRX,1.0,-2.01304866357887,1.87868809238859,neither,mid,0.0,high,1.0,1.0
"Rat gastrocnemius, male 2 wk",GLRX2,-1.0,1.65205204750448,0.368293758926049,neither,mid,0.0,mid,1.0,1.0
"Rat gastrocnemius, male 2 wk",GLUL,-1.0,1.78554657731329,0.016847460704489,neither,high,0.0,high,1.0,1.0
"Rat gastrocnemius, male 2 wk",GMPR,-1.0,0.552350377799944,0.775864278866335,neither,high,0.0,high,1.0,1.0
"Rat gastrocnemius, male 2 wk",GNL3,-1.0,1.90618328112654,-0.0083833139200116,neither,mid,0.0,high,1.0,1.0
"Rat gastrocnemius, male 2 wk",GOLT1B,-1.0,-0.798807056600106,-0.231410430772298,neither,mid,7.0,mid,1.0,1.0
"Rat gastrocnemius, male 2 wk",GPD1L,-1.0,0.43510321849538,1.417666189406,neither,high,0.0,high,1.0,1.0
"Rat gastrocnemius, male 2 wk",GPX3,-1.0,1.48768176309559,0.0625646022280025,neither,high,0.0,high,1.0,1.0
"Rat gastrocnemius, male 2 wk",GTF2E1,1.0,0.542087815270361,0.441440711847156,neither,mid,7.0,mid,1.0,1.0
"Rat gastrocnemius, male 2 wk",GTPBP6,-1.0,0.66673508457425,0.261412166800226,neither,mid,0.0,high,2.0,1.0
"Rat gastrocnemius, male 2 wk",HBA1,1.0,1.32762561119325,-0.559931471994468,neither,mid,0.0,low,2.0,1.0
"Rat gastrocnemius, male 2 wk",HBB,1.0,0.638538812332493,1.19046313648333,neither,mid,0.0,high,1.0,1.0
"Rat gastrocnemius, male 2 wk",HBD,1.0,1.36215126305395,1.21108857910685,neither,low,0.0,low,2.0,2.0
"Rat gastrocnemius, male 2 wk",HMGCL,1.0,0.117401974816357,0.569354943960219,neither,mid,0.0,high,1.0,1.0
"Rat gastrocnemius, male 2 wk",HMGN1,1.0,-1.01154921934151,-1.1226003860516,neither,mid,0.0,mid,2.0,1.0
"Rat gastrocnemius, male 2 wk",HMGN2,1.0,-2.7525049717329,-0.704568381648049,neither,high,0.0,high,1.0,1.0
"Rat gastrocnemius, male 2 wk",HMOX2,-1.0,-0.133016817092463,0.0207558998479444,neither,high,0.0,mid,1.0,1.0
"Rat gastrocnemius, male 2 wk",HPRT1,1.0,-1.38792211137818,-0.955719663568005,neither,mid,0.0,mid,2.0,1.0
"Rat gastrocnemius, male 2 wk",HSP90AA1,-1.0,2.47619096059162,-0.0240971081447625,neither,high,0.0,high,2.0,1.0
"Rat gastrocnemius, male 2 wk",HSPA2,1.0,0.125984478855859,1.82638248858611,neither,mid,0.0,high,1.0,1.0
"Rat gastrocnemius, male 2 wk",HSPA5,1.0,0.0633511822450656,-0.604255561217643,neither,high,0.0,high,1.0,1.0
"Rat gastrocnemius, male 2 wk",HSPB2,-1.0,-0.659196557458759,0.916860167245189,neither,high,0.0,high,1.0,1.0
"Rat gastrocnemius, male 2 wk",HSPB6,1.0,-0.842742320370018,4.89261797240654,protein only,high,0.0,high,1.0,1.0
"Rat gastrocnemius, male 2 wk",HTRA1,1.0,-0.215131148290877,0.677699646191177,neither,high,4.0,mid,1.0,1.0
"Rat gastrocnemius, male 2 wk",IFIT3,1.0,-1.24540427557844,-1.42731457658169,neither,low,0.0,mid,1.0,1.0
"Rat gastrocnemius, male 2 wk",IFITM3,-1.0,-1.96633062965409,0.24609500443117,neither,mid,1.5,high,1.0,1.0
"Rat gastrocnemius, male 2 wk",IRS1,-1.0,0.223047420593382,1.8913666064477,neither,high,0.0,mid,1.0,1.0
"Rat gastrocnemius, male 2 wk",ITFG1,1.0,-1.10276334425072,-1.67096435095121,neither,high,1.5,mid,1.0,1.0
"Rat gastrocnemius, male 2 wk",IVNS1ABP,1.0,-0.0103604280331456,-0.0116528790600961,neither,high,0.0,high,1.0,1.0
"Rat gastrocnemius, male 2 wk",JUP,-1.0,-1.40267935724157,2.00653850916265,neither,high,0.0,high,1.0,1.0
"Rat gastrocnemius, male 2 wk",KLHL21,-1.0,2.93047727179275,1.36796160681299,neither,high,0.0,high,1.0,1.0
"Rat gastrocnemius, male 2 wk",KLHL41,-1.0,-3.05269318441024,-2.2887411476256,neither,high,0.0,high,1.0,1.0
"Rat gastrocnemius, male 2 wk",KPNA2,-1.0,1.48285926143793,2.54808480449355,neither,mid,0.0,mid,1.0,1.0
"Rat gastrocnemius, male 2 wk",LAMB1,1.0,-1.26872370790704,2.05940036409318,neither,high,0.0,mid,1.0,1.0
"Rat gastrocnemius, male 2 wk",LMCD1,-1.0,-1.45080238605266,-2.3216045912387,neither,high,0.0,high,1.0,1.0
"Rat gastrocnemius, male 2 wk",LPIN1,-1.0,1.93117509521036,4.96047505783611,protein only,high,0.0,high,1.0,1.0
"Rat gastrocnemius, male 2 wk",LRRC59,-1.0,1.2863140319266,-1.51382318775792,neither,high,0.0,high,1.0,1.0
"Rat gastrocnemius, male 2 wk",LSP1,1.0,1.83731945079205,-4.47217685085228,protein only,mid,3.0,mid,1.0,1.0
"Rat gastrocnemius, male 2 wk",LUM,1.0,-2.89297484814049,-1.94825814035464,neither,high,0.0,mid,1.0,1.0
"Rat gastrocnemius, male 2 wk",LYVE1,-1.0,0.337557905164021,-1.45160769535769,neither,high,0.0,mid,1.0,1.0
"Rat gastrocnemius, male 2 wk",MAFF,-1.0,-0.439529386489556,-0.634182091464488,neither,mid,6.5,high,1.0,1.0
"Rat gastrocnemius, male 2 wk",MAGED2,1.0,-2.07719237817427,-1.5439672100242,neither,mid,3.0,high,1.0,1.0
"Rat gastrocnemius, male 2 wk",MAP1LC3B,-1.0,1.87227217231041,0.990955352513213,neither,high,7.0,high,1.0,1.0
"Rat gastrocnemius, male 2 wk",MAP2K1,-1.0,-0.425824726982537,-0.833737657956447,neither,high,0.0,high,1.0,1.0
"Rat gastrocnemius, male 2 wk",MARK3,-1.0,0.221718050144342,-1.57211163538959,neither,high,1.5,high,1.0,2.0
"Rat gastrocnemius, male 2 wk",MBNL2,-1.0,-0.691710189129181,0.856211313619831,neither,high,4.0,high,1.0,1.0
"Rat gastrocnemius, male 2 wk",METTL22,-1.0,-0.234925715740836,0.647815464651223,neither,high,0.0,mid,1.0,1.0
"Rat gastrocnemius, male 2 wk",MFAP4,1.0,-2.47446119057938,-0.0385307776299486,neither,high,3.0,high,2.0,1.0
"Rat gastrocnemius, male 2 wk",MKNK2,-1.0,-0.147182687165078,-0.141294304215138,neither,high,0.0,high,1.0,1.0
"Rat gastrocnemius, male 2 wk",MPI,1.0,1.15452120596456,0.560968840826876,neither,high,0.0,mid,1.0,1.0
"Rat gastrocnemius, male 2 wk",MPP3,-1.0,1.54716674028445,0.303544481651989,neither,mid,0.0,low,1.0,1.0
"Rat gastrocnemius, male 2 wk",MRPL34,-1.0,0.957844823728467,1.1415050999848,neither,mid,2.0,high,1.0,1.0
"Rat gastrocnemius, male 2 wk",MTCH1,-1.0,-2.30175406799303,1.06650092395354,neither,high,2.0,high,1.0,1.0
"Rat gastrocnemius, male 2 wk",MTR,1.0,0.236444408157092,1.24296490932722,neither,mid,0.0,mid,1.0,1.0
"Rat gastrocnemius, male 2 wk",MYOM2,1.0,1.44072162572834,0.252649377825047,neither,high,0.0,high,1.0,1.0
"Rat gastrocnemius, male 2 wk",MYOT,-1.0,-1.52520573787524,0.342494596232023,neither,high,0.0,high,2.0,1.0
"Rat gastrocnemius, male 2 wk",NAA15,-1.0,0.739546630920606,-0.0018511797062229,neither,high,0.0,mid,1.0,1.0
"Rat gastrocnemius, male 2 wk",NAMPT,-1.0,3.02527333755988,0.700618148999278,neither,high,0.0,high,1.0,1.0
"Rat gastrocnemius, male 2 wk",NCAM1,-1.0,-3.79404543451261,-2.00137696136787,neither,mid,0.0,mid,1.0,2.0
"Rat gastrocnemius, male 2 wk",NID1,-1.0,-1.76165006336839,2.44414792651078,neither,high,0.0,high,1.0,1.0
"Rat gastrocnemius, male 2 wk",NIT2,1.0,2.1377611908126,0.92275727862043,neither,mid,0.0,mid,1.0,1.0
"Rat gastrocnemius, male 2 wk",NQO2,-1.0,0.12975773828506,0.407339344247334,neither,mid,0.0,mid,1.0,1.0
"Rat gastrocnemius, male 2 wk",NRAP,-1.0,-1.27323997085288,-3.60274765328045,neither,high,0.0,high,1.0,1.0
"Rat gastrocnemius, male 2 wk",NUCB2,1.0,0.683415777916327,-0.470036955143799,neither,mid,0.0,low,1.0,1.0
"Rat gastrocnemius, male 2 wk",NUDT3,1.0,-0.850998242553122,-0.0770091635427915,neither,high,0.0,high,1.0,1.0
"Rat gastrocnemius, male 2 wk",NUDT4,-1.0,-0.79022622156218,-2.27347125612981,neither,high,0.0,mid,1.0,1.0
"Rat gastrocnemius, male 2 wk",NUP37,1.0,0.163114285187839,-0.597242621182285,neither,low,0.0,mid,1.0,1.0
"Rat gastrocnemius, male 2 wk",OGDH,-1.0,0.747383912252736,2.69151231286896,neither,high,0.0,high,1.0,1.0
"Rat gastrocnemius, male 2 wk",OGN,1.0,0.56879565709086,-1.45322417573874,neither,mid,0.0,low,2.0,1.0
"Rat gastrocnemius, male 2 wk",OLFML3,1.0,0.797947821214307,-0.778122902857638,neither,mid,0.0,mid,1.0,1.0
"Rat gastrocnemius, male 2 wk",PALMD,1.0,1.39765938036206,2.80422938990802,neither,high,0.0,high,1.0,1.0
"Rat gastrocnemius, male 2 wk",PCCB,1.0,-1.42239402072147,1.19207058870668,neither,high,0.0,mid,1.0,1.0
"Rat gastrocnemius, male 2 wk",PCNT,-1.0,0.137438121664855,1.3732749674099,neither,high,0.0,high,1.0,1.0
"Rat gastrocnemius, male 2 wk",PCOLCE,1.0,-1.43633763578946,-2.1941030679238,neither,high,0.0,mid,1.0,1.0
"Rat gastrocnemius, male 2 wk",PDK4,1.0,0.0455510012670097,3.33248884494821,neither,high,0.0,high,1.0,1.0
"Rat gastrocnemius, male 2 wk",PDLIM3,1.0,-2.28023271507052,1.28238254294915,neither,high,0.0,high,1.0,3.0
"Rat gastrocnemius, male 2 wk",PKM,1.0,1.38062179258217,2.94838073565169,neither,high,0.0,high,1.0,2.0
"Rat gastrocnemius, male 2 wk",PLA2G2A,-1.0,-0.240761150137628,1.45968042280291,neither,low,0.0,mid,1.0,1.0
"Rat gastrocnemius, male 2 wk",PLBD1,1.0,-0.493020574788327,-0.399001757775397,neither,high,0.0,mid,1.0,1.0
"Rat gastrocnemius, male 2 wk",PLIN2,-1.0,-2.41597805338269,4.61833602119066,protein only,high,0.0,high,1.0,1.0
"Rat gastrocnemius, male 2 wk",PLP2,-1.0,-2.48096159468593,-1.09921441647048,neither,mid,0.0,high,1.0,1.0
"Rat gastrocnemius, male 2 wk",PODXL,-1.0,1.16030934700148,1.43701021836135,neither,high,0.0,mid,1.0,1.0
"Rat gastrocnemius, male 2 wk",POGLUT1,-1.0,-0.164212235786391,-0.124267899781322,neither,mid,0.0,low,1.0,1.0
"Rat gastrocnemius, male 2 wk",POLE3,-1.0,2.20394672383433,0.84845859200881,neither,mid,4.0,high,1.0,1.0
"Rat gastrocnemius, male 2 wk",POPDC3,-1.0,-0.80638980418336,-1.36287711675707,neither,high,7.0,high,1.0,1.0
"Rat gastrocnemius, male 2 wk",POR,-1.0,0.911356904948355,-1.7438523586657,neither,high,0.0,high,1.0,1.0
"Rat gastrocnemius, male 2 wk",PPDPF,1.0,-1.36444712444364,3.0124248748012,neither,mid,7.0,high,1.0,1.0
"Rat gastrocnemius, male 2 wk",PPL,-1.0,1.10443721544275,1.04565457536078,neither,mid,0.0,mid,1.0,1.0
"Rat gastrocnemius, male 2 wk",PPP1R12B,1.0,-1.52201077255386,1.4836305685596,neither,high,0.0,high,1.0,1.0
"Rat gastrocnemius, male 2 wk",PPP1R3C,1.0,1.31769156485642,1.94406046904968,neither,high,0.0,high,1.0,1.0
"Rat gastrocnemius, male 2 wk",PPT1,1.0,-1.15655269890603,1.00721405053939,neither,mid,0.0,mid,1.0,1.0
"Rat gastrocnemius, male 2 wk",PRDX4,1.0,-0.307168349006026,0.104964088782758,neither,mid,0.0,high,1.0,1.0
"Rat gastrocnemius, male 2 wk",PRDX6,-1.0,0.918343329146177,-0.327148595642031,neither,high,0.0,high,1.0,1.0
"Rat gastrocnemius, male 2 wk",PSMB10,1.0,-0.534881496671294,-0.0813285516102079,neither,low,0.0,high,1.0,1.0
"Rat gastrocnemius, male 2 wk",PSME4,-1.0,1.09785516380311,0.812964562814383,neither,high,0.0,high,1.0,1.0
"Rat gastrocnemius, male 2 wk",PSPH,-1.0,-1.01180886275166,-0.933159673663953,neither,low,0.0,low,1.0,1.0
"Rat gastrocnemius, male 2 wk",PTN,1.0,-0.537843738249599,0.0824646982792361,neither,low,5.0,low,1.0,1.0
"Rat gastrocnemius, male 2 wk",PTP4A2,-1.0,2.13881152248411,-0.27718661934832,neither,high,2.0,high,1.0,1.0
"Rat gastrocnemius, male 2 wk",PTP4A3,-1.0,-1.45091859804206,0.525272845468382,neither,high,5.5,high,1.0,1.0
"Rat gastrocnemius, male 2 wk",RAB9A,-1.0,-0.426796466878571,1.63438221807092,neither,mid,0.0,mid,1.0,1.0
"Rat gastrocnemius, male 2 wk",RABAC1,-1.0,-0.625617693013143,0.0260789667061504,neither,high,0.0,high,1.0,1.0
"Rat gastrocnemius, male 2 wk",RANGAP1,-1.0,-1.31155978141546,1.31630705184095,neither,high,0.0,high,1.0,1.0
"Rat gastrocnemius, male 2 wk",RBFOX1,-1.0,2.35772931168854,-1.96502665204748,neither,high,0.0,high,1.0,1.0
"Rat gastrocnemius, male 2 wk",RBM10,1.0,0.40575054141777,-0.234341543871729,neither,high,0.0,high,1.0,1.0
"Rat gastrocnemius, male 2 wk",RBP4,-1.0,-1.15492684215934,-0.516492516286578,neither,low,0.0,low,1.0,1.0
"Rat gastrocnemius, male 2 wk",RCAN1,-1.0,-1.36853361135149,0.435521135915017,neither,high,0.0,mid,1.0,1.0
"Rat gastrocnemius, male 2 wk",RHOC,-1.0,-2.33799068678046,-2.3800740359222,neither,mid,0.0,high,1.0,1.0
"Rat gastrocnemius, male 2 wk",RHOT1,-1.0,1.14362686509262,0.56632385242335,neither,high,0.0,mid,1.0,1.0
"Rat gastrocnemius, male 2 wk",RNASET2,1.0,-1.67084952674738,-2.70217686218188,neither,high,0.0,low,1.0,1.0
"Rat gastrocnemius, male 2 wk",RNF14,-1.0,1.23005197365485,-0.82588899244477,neither,high,0.0,high,1.0,1.0
"Rat gastrocnemius, male 2 wk",RNF146,1.0,-0.486590812090018,-0.427225233990199,neither,high,7.0,high,1.0,1.0
"Rat gastrocnemius, male 2 wk",RWDD1,-1.0,0.37891915782055,1.78319758933149,neither,high,0.0,high,1.0,1.0
"Rat gastrocnemius, male 2 wk",S100A9,-1.0,-0.755696999343492,0.396644752745501,neither,low,0.0,high,1.0,1.0
"Rat gastrocnemius, male 2 wk",SAMHD1,-1.0,-1.14937190148186,0.492285374924131,neither,low,5.0,high,1.0,1.0
"Rat gastrocnemius, male 2 wk",SEC31A,1.0,-0.713424045018095,-1.02456677458299,neither,high,0.0,high,1.0,1.0
"Rat gastrocnemius, male 2 wk",SERPINE2,1.0,-1.63829148709388,-0.515790509454028,neither,high,0.0,low,1.0,1.0
"Rat gastrocnemius, male 2 wk",SH3BGR,-1.0,1.61997361594242,-0.186092814037605,neither,high,0.0,high,2.0,1.0
"Rat gastrocnemius, male 2 wk",SH3BGRL,1.0,0.847355475587623,-1.40706893414564,neither,low,0.0,mid,1.0,1.0
"Rat gastrocnemius, male 2 wk",SH3GL2,1.0,0.433210560394202,0.748780163224006,neither,low,5.5,low,1.0,1.0
"Rat gastrocnemius, male 2 wk",SLC25A11,1.0,-0.572935929226524,-0.59748915316912,neither,high,0.0,high,1.0,1.0
"Rat gastrocnemius, male 2 wk",SLC25A12,-1.0,2.5596968628676,0.0129380839071206,neither,high,0.0,high,1.0,1.0
"Rat gastrocnemius, male 2 wk",SLC25A20,1.0,-1.4835188684236,-0.0529019697724137,neither,high,0.0,high,1.0,1.0
"Rat gastrocnemius, male 2 wk",SNX7,-1.0,1.42473699286037,-2.076945688031,neither,low,3.0,low,1.0,1.0
"Rat gastrocnemius, male 2 wk",SORT1,-1.0,0.963878248703205,-1.43655861764329,neither,high,0.0,high,1.0,1.0
"Rat gastrocnemius, male 2 wk",SOS1,-1.0,-0.401810496996497,0.271091295408866,neither,high,1.5,mid,1.0,1.0
"Rat gastrocnemius, male 2 wk",SPARC,1.0,-2.99748716302657,-0.655321497070004,neither,high,0.0,high,1.0,1.0
"Rat gastrocnemius, male 2 wk",SRPX,-1.0,0.62265798824825,-0.475774044736715,neither,mid,5.0,mid,1.0,1.0
"Rat gastrocnemius, male 2 wk",SSPN,1.0,-1.68272781644784,1.00864281280685,neither,high,0.0,high,1.0,1.0
"Rat gastrocnemius, male 2 wk",STAT3,-1.0,-1.65128636241748,0.423724078200975,neither,high,0.0,high,1.0,1.0
"Rat gastrocnemius, male 2 wk",STEAP3,-1.0,-0.264943675239162,-0.120061692273122,neither,high,0.0,high,1.0,1.0
"Rat gastrocnemius, male 2 wk",STIP1,-1.0,1.04518847147191,1.78778195158826,neither,high,0.0,high,1.0,1.0
"Rat gastrocnemius, male 2 wk",STK38L,1.0,-0.426844095016255,1.05348960078858,neither,high,0.0,mid,1.0,1.0
"Rat gastrocnemius, male 2 wk",SUCLA2,1.0,2.60770677410569,1.6487846606649,neither,high,0.0,high,1.0,1.0
"Rat gastrocnemius, male 2 wk",SUN2,-1.0,0.233064511049412,-0.595776918633936,neither,high,0.0,high,1.0,1.0
"Rat gastrocnemius, male 2 wk",SYNPO2L,1.0,-2.55706392896606,-0.120621128536995,neither,high,0.0,high,1.0,1.0
"Rat gastrocnemius, male 2 wk",TGM2,-1.0,0.368829189571897,-1.71756695515626,neither,high,0.0,high,1.0,1.0
"Rat gastrocnemius, male 2 wk",THBS1,-1.0,0.0919780577011304,1.41596159998094,neither,mid,0.0,mid,1.0,1.0
"Rat gastrocnemius, male 2 wk",THBS4,1.0,0.19915979786191,-0.267203834073447,neither,high,0.0,high,1.0,1.0
"Rat gastrocnemius, male 2 wk",TIMP3,-1.0,1.24423321744435,2.13889517613584,neither,high,2.0,high,1.0,1.0
"Rat gastrocnemius, male 2 wk",TLN1,1.0,-0.422809513951014,0.578996219934801,neither,high,0.0,high,1.0,1.0
"Rat gastrocnemius, male 2 wk",TMEM38B,-1.0,-2.51827628338482,-1.22310116160301,neither,high,0.0,high,1.0,1.0
"Rat gastrocnemius, male 2 wk",TMSB4X,1.0,-0.406820843104963,1.59138942604052,neither,high,2.0,high,1.0,1.0
"Rat gastrocnemius, male 2 wk",TNNI1,1.0,-1.60635765423336,0.681639999722367,neither,high,0.0,high,1.0,1.0
"Rat gastrocnemius, male 2 wk",TPPP3,1.0,-2.56530489509828,0.17763809911275,neither,high,0.0,high,1.0,1.0
"Rat gastrocnemius, male 2 wk",TPRKB,-1.0,1.25259654273293,1.7539470715717,neither,low,3.5,high,2.0,1.0
"Rat gastrocnemius, male 2 wk",TRDN,-1.0,-0.787949251032846,0.215712940514863,neither,high,0.0,high,1.0,1.0
"Rat gastrocnemius, male 2 wk",TUBA4A,-1.0,-0.853414947915825,-0.343434325674883,neither,high,0.0,high,1.0,1.0
"Rat gastrocnemius, male 2 wk",TUBG1,-1.0,1.56910470627973,1.32099019384928,neither,high,0.0,high,1.0,1.0
"Rat gastrocnemius, male 2 wk",TXNIP,1.0,-0.733941290422835,0.789786485593465,neither,high,0.0,high,1.0,1.0
"Rat gastrocnemius, male 2 wk",TXNRD1,-1.0,1.11211899199042,1.10093458273891,neither,high,0.0,high,1.0,1.0
"Rat gastrocnemius, male 2 wk",UAP1,-1.0,0.141564361051469,1.35755828034032,neither,mid,0.0,high,1.0,1.0
"Rat gastrocnemius, male 2 wk",UBFD1,-1.0,0.264672605481309,-2.00295052418583,neither,mid,0.0,high,1.0,1.0
"Rat gastrocnemius, male 2 wk",UBQLN2,1.0,1.17943120775154,-0.786133623574623,neither,high,1.5,high,1.0,1.0
"Rat gastrocnemius, male 2 wk",UFSP2,1.0,1.09141765907244,-0.42959714905807,neither,mid,0.0,high,1.0,1.0
"Rat gastrocnemius, male 2 wk",UGP2,-1.0,2.25226596591849,1.41170275730954,neither,high,0.0,high,1.0,1.0
"Rat gastrocnemius, male 2 wk",VCAN,1.0,-2.95081474474775,-0.0458514603372542,neither,mid,0.0,low,1.0,1.0
"Rat gastrocnemius, male 2 wk",VEGFB,1.0,1.34036735697801,-1.79475688619413,neither,high,7.0,high,1.0,1.0
"Rat gastrocnemius, male 2 wk",VEZF1,-1.0,-0.83012097173029,-1.47751455987062,neither,high,0.0,high,1.0,1.0
"Rat gastrocnemius, male 2 wk",VPS13D,-1.0,2.16211313080486,2.46572118809924,neither,high,0.0,mid,1.0,1.0
"Rat gastrocnemius, male 2 wk",VTN,1.0,1.26974514712214,0.224245245297833,neither,mid,0.0,low,1.0,1.0
"Rat gastrocnemius, male 2 wk",WFS1,1.0,-2.18505193301536,-0.975240481218448,neither,high,0.0,mid,1.0,1.0
"Rat gastrocnemius, male 2 wk",XRCC4,-1.0,-0.712401573001252,0.184590735691475,neither,low,0.0,low,1.0,1.0
"Rat gastrocnemius, male 2 wk",YBX3,-1.0,0.964477859862832,-1.69639438899219,neither,high,0.0,high,1.0,1.0
"Rat gastrocnemius, male 2 wk",ZBTB16,1.0,1.63983103776086,1.18650595075124,neither,high,0.0,high,1.0,1.0
"Rat gastrocnemius, male 4 wk",ABHD5,-1.0,1.04629450488922,0.286845395205804,neither,mid,5.5,mid,1.0,1.0
"Rat gastrocnemius, male 4 wk",ACSS3,-1.0,0.838058848680448,1.5764622574347,neither,mid,0.0,low,1.0,1.0
"Rat gastrocnemius, male 4 wk",ACTA1,-1.0,-0.904555642506675,0.0733267966234415,neither,high,0.0,high,1.0,1.0
"Rat gastrocnemius, male 4 wk",ADD3,1.0,-1.50825693855241,-0.080275623472846,neither,high,0.0,mid,1.0,1.0
"Rat gastrocnemius, male 4 wk",ADH5,1.0,-0.130187274935035,-1.36604611136718,neither,high,0.0,high,1.0,1.0
"Rat gastrocnemius, male 4 wk",ALAS1,1.0,1.87860461060531,1.18235515892242,neither,high,3.0,high,1.0,1.0
"Rat gastrocnemius, male 4 wk",ALDH5A1,1.0,1.80301908820573,-0.0143222482801962,neither,high,0.0,high,1.0,1.0
"Rat gastrocnemius, male 4 wk",ALDH9A1,1.0,-0.334956258783157,-2.66077459998736,neither,high,0.0,high,1.0,1.0
"Rat gastrocnemius, male 4 wk",ANK1,1.0,1.22991379394207,0.889479554283542,neither,high,0.0,high,1.0,2.0
"Rat gastrocnemius, male 4 wk",ANKMY2,1.0,-0.490101621847223,0.176754537915759,neither,high,0.0,mid,1.0,1.0
"Rat gastrocnemius, male 4 wk",ANKRD2,-1.0,-2.05799119034994,0.440674700301059,neither,high,0.0,high,1.0,1.0
"Rat gastrocnemius, male 4 wk",ANP32E,1.0,-1.61622108398358,-2.32417125434054,neither,high,0.0,high,1.0,1.0
"Rat gastrocnemius, male 4 wk",ANXA4,1.0,0.0240017003928923,-1.88610737616956,neither,high,0.0,mid,1.0,1.0
"Rat gastrocnemius, male 4 wk",ANXA6,1.0,0.574108230786262,0.50390343162567,neither,high,0.0,high,1.0,1.0
"Rat gastrocnemius, male 4 wk",AP1S2,-1.0,0.0452751227478546,1.71681839566308,neither,mid,5.0,high,1.0,1.0
"Rat gastrocnemius, male 4 wk",AP2B1,1.0,-1.06841375542142,-0.364013240367535,neither,high,0.0,high,1.0,1.0
"Rat gastrocnemius, male 4 wk",APOD,-1.0,-1.2747553570818,2.68812067503202,neither,mid,5.0,high,1.0,1.0
"Rat gastrocnemius, male 4 wk",ARHGDIB,1.0,-0.800361674073151,-0.862374225891372,neither,mid,0.0,high,1.0,1.0
"Rat gastrocnemius, male 4 wk",ARMCX3,1.0,-1.92376030214218,-2.23945193643117,neither,high,3.5,high,1.0,1.0
"Rat gastrocnemius, male 4 wk",ASMTL,1.0,-0.376389859655628,1.23617588992125,neither,mid,0.0,mid,1.0,1.0
"Rat gastrocnemius, male 4 wk",ASPN,1.0,-0.556062856475108,-0.836316414046247,neither,mid,0.0,low,2.0,1.0
"Rat gastrocnemius, male 4 wk",ATP1A1,-1.0,-1.46608997058289,0.334018196686886,neither,high,0.0,high,1.0,1.0
"Rat gastrocnemius, male 4 wk",ATP1A2,-1.0,4.36012789396399,1.61644255827218,RNA only,high,0.0,high,1.0,1.0
"Rat gastrocnemius, male 4 wk",ATP1B1,-1.0,1.25985472999781,4.53473036125776,protein only,high,0.0,high,1.0,1.0
"Rat gastrocnemius, male 4 wk",ATP1B3,-1.0,-1.97282176723995,-2.72763646493823,neither,high,0.0,high,1.0,1.0
"Rat gastrocnemius, male 4 wk",ATP2A2,-1.0,-0.2251634474438,1.14144223345805,neither,high,0.0,high,1.0,2.0
"Rat gastrocnemius, male 4 wk",BAG2,-1.0,-1.62193275556251,-1.82128350478612,neither,mid,0.0,mid,1.0,1.0
"Rat gastrocnemius, male 4 wk",BASP1,1.0,0.206941482537729,-1.81226308325149,neither,low,0.0,low,1.0,1.0
"Rat gastrocnemius, male 4 wk",BGN,1.0,0.257666206217109,-0.863904422403683,neither,high,0.0,high,1.0,1.0
"Rat gastrocnemius, male 4 wk",BRD4,-1.0,-1.35255109503779,1.10360739170892,neither,high,3.0,high,1.0,1.0
"Rat gastrocnemius, male 4 wk",C1orf21,-1.0,1.22861086966386,-0.84589509336517,neither,high,6.5,high,1.0,1.0
"Rat gastrocnemius, male 4 wk",C3,-1.0,0.464943389358766,0.728469417712398,neither,low,0.0,high,1.0,1.0
"Rat gastrocnemius, male 4 wk",C4A,-1.0,-0.499846338247554,1.36457412226234,neither,low,0.0,low,2.0,1.0
"Rat gastrocnemius, male 4 wk",C6,1.0,1.22828468231113,-1.64410042222626,neither,low,2.0,low,1.0,2.0
"Rat gastrocnemius, male 4 wk",CALU,-1.0,-0.697172492619296,-1.12293017237006,neither,high,0.0,high,1.0,2.0
"Rat gastrocnemius, male 4 wk",CCT2,-1.0,-1.06766470193528,-1.22350895418078,neither,high,0.0,high,1.0,1.0
"Rat gastrocnemius, male 4 wk",CD14,-1.0,-1.06474824784354,1.48917666893633,neither,low,3.0,mid,1.0,1.0
"Rat gastrocnemius, male 4 wk",CD163,-1.0,2.85297428717905,2.18082469333313,neither,high,0.0,mid,1.0,1.0
"Rat gastrocnemius, male 4 wk",CD59,-1.0,-2.25801494286996,-2.13741559235544,neither,high,0.0,high,1.0,1.0
"Rat gastrocnemius, male 4 wk",CDC37L1,-1.0,-0.459779368850957,0.219824989377981,neither,high,0.0,high,1.0,1.0
"Rat gastrocnemius, male 4 wk",CDK2AP2,-1.0,-0.262129363839351,-0.536913759442259,neither,mid,6.0,high,1.0,1.0
"Rat gastrocnemius, male 4 wk",CDV3,-1.0,0.986338049243852,-0.981257737457905,neither,high,0.0,high,1.0,1.0
"Rat gastrocnemius, male 4 wk",CHORDC1,-1.0,1.44567921220068,0.97040295755486,neither,high,0.0,mid,1.0,1.0
"Rat gastrocnemius, male 4 wk",CILP,1.0,-1.46179776336331,-0.62080773845827,neither,high,0.0,mid,1.0,1.0
"Rat gastrocnemius, male 4 wk",CLDND1,-1.0,-2.61426766417965,2.00796291424664,neither,high,7.5,high,1.0,1.0
"Rat gastrocnemius, male 4 wk",CLIC4,-1.0,-0.928475322357367,0.406163267486008,neither,high,0.0,high,1.0,1.0
"Rat gastrocnemius, male 4 wk",CLIP1,-1.0,0.442918837065841,0.545036302558239,neither,high,0.0,high,1.0,2.0
"Rat gastrocnemius, male 4 wk",CLTB,-1.0,1.19705247157259,1.07075236863544,neither,high,0.0,high,1.0,1.0
"Rat gastrocnemius, male 4 wk",CLU,-1.0,-0.449812194195208,0.729839502934462,neither,high,0.0,mid,1.0,1.0
"Rat gastrocnemius, male 4 wk",CMC2,-1.0,1.21029146023824,4.22841556262416,protein only,low,0.0,low,1.0,1.0
"Rat gastrocnemius, male 4 wk",CNN1,-1.0,0.464487597913087,1.4652351701516,neither,low,0.0,mid,1.0,1.0
"Rat gastrocnemius, male 4 wk",COA4,-1.0,0.56430784908921,2.17967250888853,neither,low,0.0,high,1.0,1.0
"Rat gastrocnemius, male 4 wk",COBL,-1.0,0.179952902966008,0.749489162206719,neither,mid,0.0,high,1.0,2.0
"Rat gastrocnemius, male 4 wk",COL15A1,1.0,-3.13133222130302,-2.37403145462951,neither,high,0.0,mid,2.0,1.0
"Rat gastrocnemius, male 4 wk",COL1A1,1.0,-0.501126808756351,1.95386763470025,neither,high,0.0,mid,1.0,1.0
"Rat gastrocnemius, male 4 wk",COL1A2,1.0,0.520457519555338,1.97022032741537,neither,high,0.0,high,2.0,1.0
"Rat gastrocnemius, male 4 wk",COL3A1,1.0,-2.09076812653594,1.99701281726913,neither,high,0.0,high,1.0,1.0
"Rat gastrocnemius, male 4 wk",COL5A2,1.0,-2.07862280137964,2.14694196614576,neither,high,0.0,mid,1.0,1.0
"Rat gastrocnemius, male 4 wk",COMP,1.0,1.38563487140337,0.671629729118928,neither,mid,0.0,low,1.0,1.0
"Rat gastrocnemius, male 4 wk",COX17,-1.0,3.00414508751247,3.40687623430897,neither,high,0.0,high,1.0,1.0
"Rat gastrocnemius, male 4 wk",CPE,1.0,-2.92380660026586,1.1556799822966,neither,high,0.0,high,1.0,1.0
"Rat gastrocnemius, male 4 wk",CPT2,1.0,-1.62676404186427,0.664294876222407,neither,high,0.0,mid,1.0,1.0
"Rat gastrocnemius, male 4 wk",CRYM,1.0,-3.32189883986397,-2.16942084249953,neither,mid,0.0,low,1.0,1.0
"Rat gastrocnemius, male 4 wk",CTF1,1.0,-1.12642231990245,-0.286652434090838,neither,mid,6.0,mid,1.0,1.0
"Rat gastrocnemius, male 4 wk",CTSD,1.0,1.04376955109176,-1.15117530042496,neither,high,0.0,high,1.0,1.0
"Rat gastrocnemius, male 4 wk",CTSH,1.0,-0.694799168600078,-3.32541507930045,neither,high,0.0,mid,1.0,1.0
"Rat gastrocnemius, male 4 wk",CYP4B1,-1.0,1.82179917998115,-2.06667426969151,neither,mid,0.0,mid,1.0,1.0
"Rat gastrocnemius, male 4 wk",DAZAP1,-1.0,-0.23883915290963,1.75362334342689,neither,high,0.0,high,1.0,1.0
"Rat gastrocnemius, male 4 wk",DDX39A,-1.0,0.0214960619144656,1.06692112007245,neither,mid,0.0,high,1.0,1.0
"Rat gastrocnemius, male 4 wk",DENND1B,1.0,-0.371897819593365,0.18252610901385,neither,high,0.0,low,1.0,1.0
"Rat gastrocnemius, male 4 wk",DERL1,-1.0,-3.18280800279434,-1.49034720864023,neither,high,0.0,high,1.0,1.0
"Rat gastrocnemius, male 4 wk",DLG1,-1.0,0.961865646767637,-0.242172018729077,neither,high,0.0,mid,1.0,1.0
"Rat gastrocnemius, male 4 wk",DLST,1.0,1.28443883326905,1.33992572437536,neither,high,0.0,high,1.0,1.0
"Rat gastrocnemius, male 4 wk",DMPK,-1.0,-1.72602229207333,0.463534973314783,neither,high,0.0,high,1.0,1.0
"Rat gastrocnemius, male 4 wk",DNAJC15,-1.0,2.41542677922638,-0.20545634578249,neither,high,0.0,mid,1.0,1.0
"Rat gastrocnemius, male 4 wk",DPM1,1.0,-0.671090058925669,0.660291393993326,neither,high,0.0,high,1.0,1.0
"Rat gastrocnemius, male 4 wk",DPYSL3,1.0,-0.122971338814955,0.0157479241646135,neither,mid,0.0,high,1.0,1.0
"Rat gastrocnemius, male 4 wk",DUSP13,-1.0,-3.32088714164119,-2.31018061683467,neither,high,0.0,high,3.0,2.0
"Rat gastrocnemius, male 4 wk",DVL1,-1.0,-0.309502928153094,-1.48175056698473,neither,high,0.0,high,1.0,1.0
"Rat gastrocnemius, male 4 wk",EFEMP1,1.0,-0.787858681669423,0.697216894140217,neither,mid,0.0,mid,1.0,1.0
"Rat gastrocnemius, male 4 wk",EGLN1,-1.0,0.263348552035035,0.819036895161491,neither,high,0.0,high,1.0,1.0
"Rat gastrocnemius, male 4 wk",EHBP1L1,-1.0,-2.51821036301094,-4.40619811843448,protein only,high,0.0,high,1.0,1.0
"Rat gastrocnemius, male 4 wk",EHD3,1.0,-1.11821364663588,0.252368278422434,neither,mid,0.0,low,1.0,1.0
"Rat gastrocnemius, male 4 wk",EIF1AX,-1.0,0.568364992009658,-0.587871190789397,neither,high,0.0,high,1.0,1.0
"Rat gastrocnemius, male 4 wk",EMC2,1.0,2.00335844083029,-0.924255440292997,neither,mid,0.0,high,1.0,1.0
"Rat gastrocnemius, male 4 wk",EMC6,-1.0,1.14094711061088,-1.73728581355872,neither,high,4.0,high,1.0,1.0
"Rat gastrocnemius, male 4 wk",EPB41L2,1.0,1.2639910759988,0.90032044791373,neither,high,0.0,mid,1.0,1.0
"Rat gastrocnemius, male 4 wk",EPHX2,1.0,-1.56731612615638,-2.65952082265798,neither,mid,0.0,mid,1.0,2.0
"Rat gastrocnemius, male 4 wk",EPM2AIP1,1.0,-0.449206629340253,-0.710144225140685,neither,high,0.0,mid,1.0,1.0
"Rat gastrocnemius, male 4 wk",ERLIN2,1.0,0.217877492310486,-2.84090362596147,neither,mid,0.0,mid,1.0,1.0
"Rat gastrocnemius, male 4 wk",FASN,-1.0,-0.495933014304663,0.861031128321412,neither,mid,0.0,mid,1.0,1.0
"Rat gastrocnemius, male 4 wk",FBLN2,1.0,-0.486988559208242,-0.466441362501099,neither,high,0.0,high,1.0,1.0
"Rat gastrocnemius, male 4 wk",FBN1,1.0,-2.43413533381672,4.01614830024276,protein only,high,0.0,mid,1.0,1.0
"Rat gastrocnemius, male 4 wk",FBXO40,1.0,-1.23303795346998,-2.27212334115792,neither,high,0.0,high,1.0,1.0
"Rat gastrocnemius, male 4 wk",FCN3,-1.0,0.805844665112002,0.0181456249593039,neither,mid,0.0,low,1.0,1.0
"Rat gastrocnemius, male 4 wk",FERMT2,-1.0,-0.477096047044088,1.6078099225315,neither,high,0.0,high,1.0,2.0
"Rat gastrocnemius, male 4 wk",FGF1,1.0,-0.915853588820585,0.009205503754028,neither,high,0.0,low,1.0,1.0
"Rat gastrocnemius, male 4 wk",FHOD3,1.0,0.0894667737325162,0.184666653929207,neither,high,0.0,high,1.0,1.0
"Rat gastrocnemius, male 4 wk",FKBP4,-1.0,2.52456428668416,2.87213480108812,neither,high,0.0,high,1.0,1.0
"Rat gastrocnemius, male 4 wk",FKBP5,-1.0,0.720025201580191,3.468239455006,neither,high,0.0,high,1.0,1.0
"Rat gastrocnemius, male 4 wk",FLII,-1.0,-0.179669849604801,-2.24562963166343,neither,high,0.0,high,1.0,2.0
"Rat gastrocnemius, male 4 wk",FLNC,-1.0,-3.37361269907437,-4.11330790996316,protein only,high,0.0,high,1.0,1.0
"Rat gastrocnemius, male 4 wk",FMOD,1.0,0.895567240798285,-0.593455356910242,neither,high,0.0,mid,1.0,1.0
"Rat gastrocnemius, male 4 wk",FSTL1,1.0,-1.38313074976309,-3.22498017081524,neither,high,0.0,high,1.0,1.0
"Rat gastrocnemius, male 4 wk",FUCA1,1.0,0.131840979338677,-0.210372633481733,neither,mid,3.0,mid,1.0,1.0
"Rat gastrocnemius, male 4 wk",FZD7,1.0,-1.86538758285334,0.328724164221723,neither,high,4.0,mid,1.0,1.0
"Rat gastrocnemius, male 4 wk",GCLM,-1.0,-0.572878226462926,-0.148356705367056,neither,mid,0.0,mid,1.0,1.0
"Rat gastrocnemius, male 4 wk",GLOD4,1.0,-1.87905458306799,-1.98962221378789,neither,mid,0.0,mid,1.0,1.0
"Rat gastrocnemius, male 4 wk",GLRX,1.0,-2.10180907753885,0.217745069971692,neither,mid,0.0,high,1.0,1.0
"Rat gastrocnemius, male 4 wk",GLRX2,-1.0,1.31516227458818,0.346716135689466,neither,mid,0.0,mid,1.0,1.0
"Rat gastrocnemius, male 4 wk",GLUL,-1.0,-1.40045689072948,-3.38634603769421,neither,high,0.0,high,1.0,1.0
"Rat gastrocnemius, male 4 wk",GMPR,-1.0,-0.971502411455578,0.288444281060224,neither,high,0.0,high,1.0,1.0
"Rat gastrocnemius, male 4 wk",GNL3,-1.0,0.329987470439356,1.50600237231165,neither,mid,0.0,high,1.0,1.0
"Rat gastrocnemius, male 4 wk",GOLT1B,-1.0,-0.351009121434325,-0.463497182329113,neither,mid,7.0,mid,1.0,1.0
"Rat gastrocnemius, male 4 wk",GPD1L,-1.0,1.01679775803438,2.73980276668594,neither,high,0.0,high,1.0,1.0
"Rat gastrocnemius, male 4 wk",GPX3,-1.0,1.31891790634352,0.619163965049831,neither,high,0.0,high,1.0,1.0
"Rat gastrocnemius, male 4 wk",GTF2E1,1.0,1.74286282028227,1.1728848595449,neither,mid,7.0,mid,1.0,1.0
"Rat gastrocnemius, male 4 wk",GTPBP6,-1.0,0.269740314398032,0.876753144604269,neither,mid,0.0,high,2.0,1.0
"Rat gastrocnemius, male 4 wk",HBA1,1.0,-1.13548708166373,0.334453002811254,neither,mid,0.0,low,2.0,1.0
"Rat gastrocnemius, male 4 wk",HBB,1.0,-0.717326366464891,1.15153048667804,neither,mid,0.0,high,1.0,1.0
"Rat gastrocnemius, male 4 wk",HBD,1.0,1.081508338474,1.60541917175687,neither,low,0.0,low,2.0,2.0
"Rat gastrocnemius, male 4 wk",HMGCL,1.0,0.12451796357738,-0.438144421862534,neither,mid,0.0,high,1.0,1.0
"Rat gastrocnemius, male 4 wk",HMGN1,1.0,1.07513764428917,-2.11863628053256,neither,mid,0.0,mid,2.0,1.0
"Rat gastrocnemius, male 4 wk",HMGN2,1.0,-2.49334901999688,-1.61354225162904,neither,high,0.0,high,1.0,1.0
"Rat gastrocnemius, male 4 wk",HMOX2,-1.0,-0.380428580195843,-0.0273111643157254,neither,high,0.0,mid,1.0,1.0
"Rat gastrocnemius, male 4 wk",HPRT1,1.0,-2.2873564197929,-1.65541683746979,neither,mid,0.0,mid,2.0,1.0
"Rat gastrocnemius, male 4 wk",HSP90AA1,-1.0,1.13001021742549,1.5736453905116,neither,high,0.0,high,2.0,1.0
"Rat gastrocnemius, male 4 wk",HSPA2,1.0,-0.391826765283264,1.80132998286778,neither,mid,0.0,high,1.0,1.0
"Rat gastrocnemius, male 4 wk",HSPA5,1.0,-1.71231596074097,-0.285233286295672,neither,high,0.0,high,1.0,1.0
"Rat gastrocnemius, male 4 wk",HSPB2,-1.0,-2.14200979408892,0.287821818635364,neither,high,0.0,high,1.0,1.0
"Rat gastrocnemius, male 4 wk",HSPB6,1.0,0.304924676944771,7.34084090058148,protein only,high,0.0,high,1.0,1.0
"Rat gastrocnemius, male 4 wk",HTRA1,1.0,0.960436933644678,-0.496713962882775,neither,high,4.0,mid,1.0,1.0
"Rat gastrocnemius, male 4 wk",IFIT3,1.0,-0.865735525766522,-0.429682635409426,neither,low,0.0,mid,1.0,1.0
"Rat gastrocnemius, male 4 wk",IFITM3,-1.0,-1.32889409045459,1.2507499684669,neither,mid,1.5,high,1.0,1.0
"Rat gastrocnemius, male 4 wk",IRS1,-1.0,-0.935406378645502,2.76785337825747,neither,high,0.0,mid,1.0,1.0
"Rat gastrocnemius, male 4 wk",ITFG1,1.0,-0.848907132362984,-2.6122718192162,neither,high,1.5,mid,1.0,1.0
"Rat gastrocnemius, male 4 wk",IVNS1ABP,1.0,0.696355698269023,-0.309448214648941,neither,high,0.0,high,1.0,1.0
"Rat gastrocnemius, male 4 wk",JUP,-1.0,-1.34665777964406,1.86486440724133,neither,high,0.0,high,1.0,1.0
"Rat gastrocnemius, male 4 wk",KLHL21,-1.0,1.42987477843155,0.0530496219809634,neither,high,0.0,high,1.0,1.0
"Rat gastrocnemius, male 4 wk",KLHL41,-1.0,-3.46928635363396,-1.83257782246166,neither,high,0.0,high,1.0,1.0
"Rat gastrocnemius, male 4 wk",KPNA2,-1.0,1.2294145280852,0.27959599429703,neither,mid,0.0,mid,1.0,1.0
"Rat gastrocnemius, male 4 wk",LAMB1,1.0,-0.190782498389602,2.08630026010107,neither,high,0.0,mid,1.0,1.0
"Rat gastrocnemius, male 4 wk",LMCD1,-1.0,-0.301125625029237,-0.189143309220376,neither,high,0.0,high,1.0,1.0
"Rat gastrocnemius, male 4 wk",LPIN1,-1.0,1.90079118165305,4.18627864229814,protein only,high,0.0,high,1.0,1.0
"Rat gastrocnemius, male 4 wk",LRRC59,-1.0,0.13423584547461,-1.75105469557722,neither,high,0.0,high,1.0,1.0
"Rat gastrocnemius, male 4 wk",LSP1,1.0,2.12976286817877,-2.30285209981422,neither,mid,3.0,mid,1.0,1.0
"Rat gastrocnemius, male 4 wk",LUM,1.0,-1.18109196128681,-0.389017071692076,neither,high,0.0,mid,1.0,1.0
"Rat gastrocnemius, male 4 wk",LYVE1,-1.0,1.05590569068808,0.288284227651605,neither,high,0.0,mid,1.0,1.0
"Rat gastrocnemius, male 4 wk",MAFF,-1.0,0.557175785801632,-0.0829237898472932,neither,mid,6.5,high,1.0,1.0
"Rat gastrocnemius, male 4 wk",MAGED2,1.0,-2.5281976866396,-0.488944653080219,neither,mid,3.0,high,1.0,1.0
"Rat gastrocnemius, male 4 wk",MAP1LC3B,-1.0,2.65507741510601,1.02209353149718,neither,high,7.0,high,1.0,1.0
"Rat gastrocnemius, male 4 wk",MAP2K1,-1.0,-1.18752073139019,-0.204496283768571,neither,high,0.0,high,1.0,1.0
"Rat gastrocnemius, male 4 wk",MARK3,-1.0,-0.451701900400397,-2.80258234157001,neither,high,1.5,high,1.0,2.0
"Rat gastrocnemius, male 4 wk",MBNL2,-1.0,-1.47007358216795,1.28143315452302,neither,high,4.0,high,1.0,1.0
"Rat gastrocnemius, male 4 wk",METTL22,-1.0,0.477802352069714,0.652455662422939,neither,high,0.0,mid,1.0,1.0
"Rat gastrocnemius, male 4 wk",MFAP4,1.0,-1.3282042796239,-0.357412642773922,neither,high,3.0,high,2.0,1.0
"Rat gastrocnemius, male 4 wk",MKNK2,-1.0,2.30939024779778,0.749740290598862,neither,high,0.0,high,1.0,1.0
"Rat gastrocnemius, male 4 wk",MPI,1.0,0.266981220002336,0.852619282589968,neither,high,0.0,mid,1.0,1.0
"Rat gastrocnemius, male 4 wk",MPP3,-1.0,2.16698060718152,-0.595424109346631,neither,mid,0.0,low,1.0,1.0
"Rat gastrocnemius, male 4 wk",MRPL34,-1.0,0.670331035614696,1.05817139548094,neither,mid,2.0,high,1.0,1.0
"Rat gastrocnemius, male 4 wk",MTCH1,-1.0,-0.749865378644355,0.863122140958043,neither,high,2.0,high,1.0,1.0
"Rat gastrocnemius, male 4 wk",MTR,1.0,0.0833290801585899,0.331128949164694,neither,mid,0.0,mid,1.0,1.0
"Rat gastrocnemius, male 4 wk",MYOM2,1.0,0.686346374989173,-1.18084052694439,neither,high,0.0,high,1.0,1.0
"Rat gastrocnemius, male 4 wk",MYOT,-1.0,-1.01395436596952,2.25485754231994,neither,high,0.0,high,2.0,1.0
"Rat gastrocnemius, male 4 wk",NAA15,-1.0,0.480532505218475,0.127835726836594,neither,high,0.0,mid,1.0,1.0
"Rat gastrocnemius, male 4 wk",NAMPT,-1.0,1.7173872862468,-0.387123743371797,neither,high,0.0,high,1.0,1.0
"Rat gastrocnemius, male 4 wk",NCAM1,-1.0,-1.9495149363105,-2.40304796675136,neither,mid,0.0,mid,1.0,2.0
"Rat gastrocnemius, male 4 wk",NID1,-1.0,-1.89028765091053,1.61971140411782,neither,high,0.0,high,1.0,1.0
"Rat gastrocnemius, male 4 wk",NIT2,1.0,2.33577751204424,2.7532982733393,neither,mid,0.0,mid,1.0,1.0
"Rat gastrocnemius, male 4 wk",NQO2,-1.0,0.976941796196321,1.34432893366374,neither,mid,0.0,mid,1.0,1.0
"Rat gastrocnemius, male 4 wk",NRAP,-1.0,-1.77416085256235,-2.71553597337644,neither,high,0.0,high,1.0,1.0
"Rat gastrocnemius, male 4 wk",NUCB2,1.0,2.08011164053883,-0.791995333616667,neither,mid,0.0,low,1.0,1.0
"Rat gastrocnemius, male 4 wk",NUDT3,1.0,-0.871042045631476,-1.07951168063119,neither,high,0.0,high,1.0,1.0
"Rat gastrocnemius, male 4 wk",NUDT4,-1.0,-0.539786750817858,-1.73225882750479,neither,high,0.0,mid,1.0,1.0
"Rat gastrocnemius, male 4 wk",NUP37,1.0,0.826123147123082,-0.5808345848957,neither,low,0.0,mid,1.0,1.0
"Rat gastrocnemius, male 4 wk",OGDH,-1.0,1.49256995856932,2.03649574493853,neither,high,0.0,high,1.0,1.0
"Rat gastrocnemius, male 4 wk",OGN,1.0,1.26770188731895,-0.856292537793092,neither,mid,0.0,low,2.0,1.0
"Rat gastrocnemius, male 4 wk",OLFML3,1.0,0.682329115732624,-0.514390607680823,neither,mid,0.0,mid,1.0,1.0
"Rat gastrocnemius, male 4 wk",PALMD,1.0,2.80848811735851,3.05143454962542,neither,high,0.0,high,1.0,1.0
"Rat gastrocnemius, male 4 wk",PCCB,1.0,-0.812603966824044,0.231458021323572,neither,high,0.0,mid,1.0,1.0
"Rat gastrocnemius, male 4 wk",PCNT,-1.0,-0.101101790684279,0.0791589415021919,neither,high,0.0,high,1.0,1.0
"Rat gastrocnemius, male 4 wk",PCOLCE,1.0,-0.672467894702633,-1.99242778085115,neither,high,0.0,mid,1.0,1.0
"Rat gastrocnemius, male 4 wk",PDK4,1.0,0.40997219427725,1.87946461127224,neither,high,0.0,high,1.0,1.0
"Rat gastrocnemius, male 4 wk",PDLIM3,1.0,-2.13597094243036,0.605319604315451,neither,high,0.0,high,1.0,3.0
"Rat gastrocnemius, male 4 wk",PKM,1.0,-0.840048124438518,-1.14642174113302,neither,high,0.0,high,1.0,2.0
"Rat gastrocnemius, male 4 wk",PLA2G2A,-1.0,0.118381112651571,2.07781715968898,neither,low,0.0,mid,1.0,1.0
"Rat gastrocnemius, male 4 wk",PLBD1,1.0,-0.0922464685410744,0.246487541637873,neither,high,0.0,mid,1.0,1.0
"Rat gastrocnemius, male 4 wk",PLIN2,-1.0,-1.24165564601841,5.78051118155653,protein only,high,0.0,high,1.0,1.0
"Rat gastrocnemius, male 4 wk",PLP2,-1.0,-2.06022953421413,-0.914990745805021,neither,mid,0.0,high,1.0,1.0
"Rat gastrocnemius, male 4 wk",PODXL,-1.0,0.494900669640834,1.90199842740564,neither,high,0.0,mid,1.0,1.0
"Rat gastrocnemius, male 4 wk",POGLUT1,-1.0,0.498399772570946,0.0170590152478006,neither,mid,0.0,low,1.0,1.0
"Rat gastrocnemius, male 4 wk",POLE3,-1.0,1.31299863498246,1.36286310136344,neither,mid,4.0,high,1.0,1.0
"Rat gastrocnemius, male 4 wk",POPDC3,-1.0,-0.304710242436199,-0.990352086481644,neither,high,7.0,high,1.0,1.0
"Rat gastrocnemius, male 4 wk",POR,-1.0,1.73848379188448,-2.03498453318452,neither,high,0.0,high,1.0,1.0
"Rat gastrocnemius, male 4 wk",PPDPF,1.0,-0.873105196462919,3.41064469284438,neither,mid,7.0,high,1.0,1.0
"Rat gastrocnemius, male 4 wk",PPL,-1.0,1.22646158166492,1.59048067578972,neither,mid,0.0,mid,1.0,1.0
"Rat gastrocnemius, male 4 wk",PPP1R12B,1.0,-0.601048422516739,2.73981812468302,neither,high,0.0,high,1.0,1.0
"Rat gastrocnemius, male 4 wk",PPP1R3C,1.0,1.57320394511012,0.749507583847384,neither,high,0.0,high,1.0,1.0
"Rat gastrocnemius, male 4 wk",PPT1,1.0,-0.0361892585945795,0.294832819776282,neither,mid,0.0,mid,1.0,1.0
"Rat gastrocnemius, male 4 wk",PRDX4,1.0,-0.391582580657404,-0.960225316548658,neither,mid,0.0,high,1.0,1.0
"Rat gastrocnemius, male 4 wk",PRDX6,-1.0,1.41390663927582,-1.02326046807875,neither,high,0.0,high,1.0,1.0
"Rat gastrocnemius, male 4 wk",PSMB10,1.0,1.29065074016006,1.33898290255141,neither,low,0.0,high,1.0,1.0
"Rat gastrocnemius, male 4 wk",PSME4,-1.0,-0.0328457662125732,1.32315907190923,neither,high,0.0,high,1.0,1.0
"Rat gastrocnemius, male 4 wk",PSPH,-1.0,-2.17503504385895,-0.276187102006537,neither,low,0.0,low,1.0,1.0
"Rat gastrocnemius, male 4 wk",PTN,1.0,0.0838435245930048,-0.49453253472352,neither,low,5.0,low,1.0,1.0
"Rat gastrocnemius, male 4 wk",PTP4A2,-1.0,2.0389329467639,-0.292333044285767,neither,high,2.0,high,1.0,1.0
"Rat gastrocnemius, male 4 wk",PTP4A3,-1.0,-3.4378858772509,-1.22072355707504,neither,high,5.5,high,1.0,1.0
"Rat gastrocnemius, male 4 wk",RAB9A,-1.0,-0.272325861972761,1.4209951973893,neither,mid,0.0,mid,1.0,1.0
"Rat gastrocnemius, male 4 wk",RABAC1,-1.0,0.453492235211034,-0.548391259443738,neither,high,0.0,high,1.0,1.0
"Rat gastrocnemius, male 4 wk",RANGAP1,-1.0,-0.953003229298998,0.418761798732339,neither,high,0.0,high,1.0,1.0
"Rat gastrocnemius, male 4 wk",RBFOX1,-1.0,0.159168115863009,-2.29752758443068,neither,high,0.0,high,1.0,1.0
"Rat gastrocnemius, male 4 wk",RBM10,1.0,0.321909585381099,1.15018335113168,neither,high,0.0,high,1.0,1.0
"Rat gastrocnemius, male 4 wk",RBP4,-1.0,-1.10139386161982,-0.128457510330947,neither,low,0.0,low,1.0,1.0
"Rat gastrocnemius, male 4 wk",RCAN1,-1.0,-2.13434367015543,0.100397863583463,neither,high,0.0,mid,1.0,1.0
"Rat gastrocnemius, male 4 wk",RHOC,-1.0,-1.01158208583167,-2.22184505636507,neither,mid,0.0,high,1.0,1.0
"Rat gastrocnemius, male 4 wk",RHOT1,-1.0,1.22549054297974,-0.396071669120671,neither,high,0.0,mid,1.0,1.0
"Rat gastrocnemius, male 4 wk",RNASET2,1.0,-0.807360291714731,-3.14121974924333,neither,high,0.0,low,1.0,1.0
"Rat gastrocnemius, male 4 wk",RNF14,-1.0,1.24256703548165,-0.670876508248208,neither,high,0.0,high,1.0,1.0
"Rat gastrocnemius, male 4 wk",RNF146,1.0,-0.279180347049687,0.731708581023421,neither,high,7.0,high,1.0,1.0
"Rat gastrocnemius, male 4 wk",RWDD1,-1.0,2.41143953296201,1.68270075274724,neither,high,0.0,high,1.0,1.0
"Rat gastrocnemius, male 4 wk",S100A9,-1.0,-2.15221555952792,-0.235848101798863,neither,low,0.0,high,1.0,1.0
"Rat gastrocnemius, male 4 wk",SAMHD1,-1.0,-0.100168424320645,0.243893770633025,neither,low,5.0,high,1.0,1.0
"Rat gastrocnemius, male 4 wk",SEC31A,1.0,-0.87046239148355,-0.676741769730897,neither,high,0.0,high,1.0,1.0
"Rat gastrocnemius, male 4 wk",SERPINE2,1.0,0.0749938008406165,-0.103516333459189,neither,high,0.0,low,1.0,1.0
"Rat gastrocnemius, male 4 wk",SH3BGR,-1.0,-1.57835914357646,-0.571461821311004,neither,high,0.0,high,2.0,1.0
"Rat gastrocnemius, male 4 wk",SH3BGRL,1.0,1.3862384361829,1.12589680213673,neither,low,0.0,mid,1.0,1.0
"Rat gastrocnemius, male 4 wk",SH3GL2,1.0,0.702153248715355,-0.632440019595896,neither,low,5.5,low,1.0,1.0
"Rat gastrocnemius, male 4 wk",SLC25A11,1.0,1.04368931231253,-1.14613095727704,neither,high,0.0,high,1.0,1.0
"Rat gastrocnemius, male 4 wk",SLC25A12,-1.0,1.42724480949518,-0.922707450045636,neither,high,0.0,high,1.0,1.0
"Rat gastrocnemius, male 4 wk",SLC25A20,1.0,-1.27170296089491,-0.893782328256394,neither,high,0.0,high,1.0,1.0
"Rat gastrocnemius, male 4 wk",SNX7,-1.0,1.09457481560141,0.445893657861376,neither,low,3.0,low,1.0,1.0
"Rat gastrocnemius, male 4 wk",SORT1,-1.0,0.26257665783373,-2.0649239622256,neither,high,0.0,high,1.0,1.0
"Rat gastrocnemius, male 4 wk",SOS1,-1.0,-0.83390975985296,0.505345648362736,neither,high,1.5,mid,1.0,1.0
"Rat gastrocnemius, male 4 wk",SPARC,1.0,-0.789962341166214,-0.771150800618011,neither,high,0.0,high,1.0,1.0
"Rat gastrocnemius, male 4 wk",SRPX,-1.0,0.318346054776931,-0.168239845940974,neither,mid,5.0,mid,1.0,1.0
"Rat gastrocnemius, male 4 wk",SSPN,1.0,-1.06651998000498,1.35169458616121,neither,high,0.0,high,1.0,1.0
"Rat gastrocnemius, male 4 wk",STAT3,-1.0,-2.22839000394507,0.59484332313659,neither,high,0.0,high,1.0,1.0
"Rat gastrocnemius, male 4 wk",STEAP3,-1.0,0.995379212146572,-0.0137792948902471,neither,high,0.0,high,1.0,1.0
"Rat gastrocnemius, male 4 wk",STIP1,-1.0,0.418736904860419,3.70072077630632,protein only,high,0.0,high,1.0,1.0
"Rat gastrocnemius, male 4 wk",STK38L,1.0,1.1862721535583,0.206618529804866,neither,high,0.0,mid,1.0,1.0
"Rat gastrocnemius, male 4 wk",SUCLA2,1.0,1.87392051664896,1.22309194582083,neither,high,0.0,high,1.0,1.0
"Rat gastrocnemius, male 4 wk",SUN2,-1.0,-1.15132337193289,-1.73385683150607,neither,high,0.0,high,1.0,1.0
"Rat gastrocnemius, male 4 wk",SYNPO2L,1.0,-3.37290789630816,0.291471335130766,neither,high,0.0,high,1.0,1.0
"Rat gastrocnemius, male 4 wk",TGM2,-1.0,-0.0327561953190744,0.520651593249799,neither,high,0.0,high,1.0,1.0
"Rat gastrocnemius, male 4 wk",THBS1,-1.0,0.334555487576011,1.31498240778997,neither,mid,0.0,mid,1.0,1.0
"Rat gastrocnemius, male 4 wk",THBS4,1.0,1.08043685073081,-0.293447248639252,neither,high,0.0,high,1.0,1.0
"Rat gastrocnemius, male 4 wk",TIMP3,-1.0,2.97005044719116,2.45853957869519,neither,high,2.0,high,1.0,1.0
"Rat gastrocnemius, male 4 wk",TLN1,1.0,-0.952650060283312,1.59922032999142,neither,high,0.0,high,1.0,1.0
"Rat gastrocnemius, male 4 wk",TMEM38B,-1.0,-1.49109139439175,-1.8312428563089,neither,high,0.0,high,1.0,1.0
"Rat gastrocnemius, male 4 wk",TMSB4X,1.0,0.620562007178415,1.47063010879643,neither,high,2.0,high,1.0,1.0
"Rat gastrocnemius, male 4 wk",TNNI1,1.0,-0.74387122312496,1.82511347940668,neither,high,0.0,high,1.0,1.0
"Rat gastrocnemius, male 4 wk",TPPP3,1.0,-1.58604618119725,-0.894519989762553,neither,high,0.0,high,1.0,1.0
"Rat gastrocnemius, male 4 wk",TPRKB,-1.0,-1.70346849997024,1.01799164915985,neither,low,3.5,high,2.0,1.0
"Rat gastrocnemius, male 4 wk",TRDN,-1.0,-2.64991350444771,-1.92616553968892,neither,high,0.0,high,1.0,1.0
"Rat gastrocnemius, male 4 wk",TUBA4A,-1.0,-1.73215890180578,-0.866091984325261,neither,high,0.0,high,1.0,1.0
"Rat gastrocnemius, male 4 wk",TUBG1,-1.0,0.994287184765089,-0.553052032137513,neither,high,0.0,high,1.0,1.0
"Rat gastrocnemius, male 4 wk",TXNIP,1.0,-0.425393325094949,0.0660729227461765,neither,high,0.0,high,1.0,1.0
"Rat gastrocnemius, male 4 wk",TXNRD1,-1.0,0.0149786465400817,0.355441412928026,neither,high,0.0,high,1.0,1.0
"Rat gastrocnemius, male 4 wk",UAP1,-1.0,0.736750560087377,2.23939783638334,neither,mid,0.0,high,1.0,1.0
"Rat gastrocnemius, male 4 wk",UBFD1,-1.0,1.44305848027781,-1.68012321334591,neither,mid,0.0,high,1.0,1.0
"Rat gastrocnemius, male 4 wk",UBQLN2,1.0,0.141351233443236,-0.708095617319282,neither,high,1.5,high,1.0,1.0
"Rat gastrocnemius, male 4 wk",UFSP2,1.0,1.08516829774685,-0.916950856396828,neither,mid,0.0,high,1.0,1.0
"Rat gastrocnemius, male 4 wk",UGP2,-1.0,0.512053543753683,2.65194730407386,neither,high,0.0,high,1.0,1.0
"Rat gastrocnemius, male 4 wk",VCAN,1.0,-0.838515406962449,1.04515101441845,neither,mid,0.0,low,1.0,1.0
"Rat gastrocnemius, male 4 wk",VEGFB,1.0,2.25638717663484,-1.26117345352036,neither,high,7.0,high,1.0,1.0
"Rat gastrocnemius, male 4 wk",VEZF1,-1.0,-0.83774883517313,-0.807166353793825,neither,high,0.0,high,1.0,1.0
"Rat gastrocnemius, male 4 wk",VPS13D,-1.0,1.83269512092249,2.68270965935108,neither,high,0.0,mid,1.0,1.0
"Rat gastrocnemius, male 4 wk",VTN,1.0,-0.654232749885932,1.12745967244542,neither,mid,0.0,low,1.0,1.0
"Rat gastrocnemius, male 4 wk",WFS1,1.0,-2.48964444739892,-1.34184928359766,neither,high,0.0,mid,1.0,1.0
"Rat gastrocnemius, male 4 wk",XRCC4,-1.0,0.325278513737365,0.384449676086793,neither,low,0.0,low,1.0,1.0
"Rat gastrocnemius, male 4 wk",YBX3,-1.0,1.43404600385792,0.525381090997115,neither,high,0.0,high,1.0,1.0
"Rat gastrocnemius, male 4 wk",ZBTB16,1.0,1.26115275898835,-0.182571567136267,neither,high,0.0,high,1.0,1.0
"Rat gastrocnemius, male 8 wk",ABHD5,-1.0,0.278995336534623,1.36143169092873,neither,mid,5.5,mid,1.0,1.0
"Rat gastrocnemius, male 8 wk",ACSS3,-1.0,0.747796938038598,0.684404545703747,neither,mid,0.0,low,1.0,1.0
"Rat gastrocnemius, male 8 wk",ACTA1,-1.0,2.48509566016416,0.208220247830405,neither,high,0.0,high,1.0,1.0
"Rat gastrocnemius, male 8 wk",ADD3,1.0,-2.48643600859942,-1.00565640777855,neither,high,0.0,mid,1.0,1.0
"Rat gastrocnemius, male 8 wk",ADH5,1.0,0.115680154085848,-0.0462957482275081,neither,high,0.0,high,1.0,1.0
"Rat gastrocnemius, male 8 wk",ALAS1,1.0,0.106247788096331,-1.71081427702166,neither,high,3.0,high,1.0,1.0
"Rat gastrocnemius, male 8 wk",ALDH5A1,1.0,1.53363751713591,2.55634803284067,neither,high,0.0,high,1.0,1.0
"Rat gastrocnemius, male 8 wk",ALDH9A1,1.0,-1.04178264115867,-1.76053603693667,neither,high,0.0,high,1.0,1.0
"Rat gastrocnemius, male 8 wk",ANK1,1.0,0.0846997195551077,0.7173221934635,neither,high,0.0,high,1.0,2.0
"Rat gastrocnemius, male 8 wk",ANKMY2,1.0,-1.03496168611491,0.259993682579613,neither,high,0.0,mid,1.0,1.0
"Rat gastrocnemius, male 8 wk",ANKRD2,-1.0,-3.48347234147646,-0.679111012500197,RNA only,high,0.0,high,1.0,1.0
"Rat gastrocnemius, male 8 wk",ANP32E,1.0,-2.16913955267084,-2.64318572366492,neither,high,0.0,high,1.0,1.0
"Rat gastrocnemius, male 8 wk",ANXA4,1.0,2.00148334949181,1.80755069151062,neither,high,0.0,mid,1.0,1.0
"Rat gastrocnemius, male 8 wk",ANXA6,1.0,-0.511159839467515,0.614766991279159,neither,high,0.0,high,1.0,1.0
"Rat gastrocnemius, male 8 wk",AP1S2,-1.0,-0.856170656041355,2.61133946657645,neither,mid,5.0,high,1.0,1.0
"Rat gastrocnemius, male 8 wk",AP2B1,1.0,-0.503433217523465,1.07793899496468,neither,high,0.0,high,1.0,1.0
"Rat gastrocnemius, male 8 wk",APOD,-1.0,-1.28610934389195,1.43864801715559,neither,mid,5.0,high,1.0,1.0
"Rat gastrocnemius, male 8 wk",ARHGDIB,1.0,-0.790063797222771,0.415396569014457,neither,mid,0.0,high,1.0,1.0
"Rat gastrocnemius, male 8 wk",ARMCX3,1.0,-1.57106262937262,-1.73597046264962,neither,high,3.5,high,1.0,1.0
"Rat gastrocnemius, male 8 wk",ASMTL,1.0,0.326160871093498,1.93476532650329,neither,mid,0.0,mid,1.0,1.0
"Rat gastrocnemius, male 8 wk",ASPN,1.0,-2.30132769938907,-1.65291657082038,neither,mid,0.0,low,2.0,1.0
"Rat gastrocnemius, male 8 wk",ATP1A1,-1.0,-3.44508683321908,0.396213111498939,RNA only,high,0.0,high,1.0,1.0
"Rat gastrocnemius, male 8 wk",ATP1A2,-1.0,6.89844740010133,4.21572207884646,"both, same sign",high,0.0,high,1.0,1.0
"Rat gastrocnemius, male 8 wk",ATP1B1,-1.0,0.652664699300467,6.89347014686053,protein only,high,0.0,high,1.0,1.0
"Rat gastrocnemius, male 8 wk",ATP1B3,-1.0,-4.45658939698463,-2.23616082534463,RNA only,high,0.0,high,1.0,1.0
"Rat gastrocnemius, male 8 wk",ATP2A2,-1.0,-1.34471176432692,-0.332931525250993,neither,high,0.0,high,1.0,2.0
"Rat gastrocnemius, male 8 wk",BAG2,-1.0,-1.49979865324721,0.305449786778566,neither,mid,0.0,mid,1.0,1.0
"Rat gastrocnemius, male 8 wk",BASP1,1.0,-0.121553305327406,-2.26219885398253,neither,low,0.0,low,1.0,1.0
"Rat gastrocnemius, male 8 wk",BGN,1.0,-0.272963216850215,-1.51812928822049,neither,high,0.0,high,1.0,1.0
"Rat gastrocnemius, male 8 wk",BRD4,-1.0,0.38215419191823,-0.310622080456343,neither,high,3.0,high,1.0,1.0
"Rat gastrocnemius, male 8 wk",C1orf21,-1.0,-1.54713654195379,0.278179436699172,neither,high,6.5,high,1.0,1.0
"Rat gastrocnemius, male 8 wk",C3,-1.0,0.285304281326571,1.06372951972885,neither,low,0.0,high,1.0,1.0
"Rat gastrocnemius, male 8 wk",C4A,-1.0,0.743988468721984,1.58224112731126,neither,low,0.0,low,2.0,1.0
"Rat gastrocnemius, male 8 wk",C6,1.0,0.346082348485572,0.406542586346791,neither,low,2.0,low,1.0,2.0
"Rat gastrocnemius, male 8 wk",CALU,-1.0,-3.95976273543758,-2.14009960841288,RNA only,high,0.0,high,1.0,2.0
"Rat gastrocnemius, male 8 wk",CCT2,-1.0,-1.97808988685569,-2.09877915277227,neither,high,0.0,high,1.0,1.0
"Rat gastrocnemius, male 8 wk",CD14,-1.0,0.150800172739521,-0.0352091056844278,neither,low,3.0,mid,1.0,1.0
"Rat gastrocnemius, male 8 wk",CD163,-1.0,1.24219561940466,0.402895474226043,neither,high,0.0,mid,1.0,1.0
"Rat gastrocnemius, male 8 wk",CD59,-1.0,-2.1721208410121,-0.412402947282051,neither,high,0.0,high,1.0,1.0
"Rat gastrocnemius, male 8 wk",CDC37L1,-1.0,-1.42819057929101,-2.07242900171772,neither,high,0.0,high,1.0,1.0
"Rat gastrocnemius, male 8 wk",CDK2AP2,-1.0,0.630673272633108,-1.26063595243512,neither,mid,6.0,high,1.0,1.0
"Rat gastrocnemius, male 8 wk",CDV3,-1.0,0.185766142456352,0.208381008906347,neither,high,0.0,high,1.0,1.0
"Rat gastrocnemius, male 8 wk",CHORDC1,-1.0,-2.31189297995074,3.18573596024359,neither,high,0.0,mid,1.0,1.0
"Rat gastrocnemius, male 8 wk",CILP,1.0,-2.33447476231158,-1.88563004191805,neither,high,0.0,mid,1.0,1.0
"Rat gastrocnemius, male 8 wk",CLDND1,-1.0,-3.24525037720039,0.975383825403215,RNA only,high,7.5,high,1.0,1.0
"Rat gastrocnemius, male 8 wk",CLIC4,-1.0,0.211225239538822,0.201493315731136,neither,high,0.0,high,1.0,1.0
"Rat gastrocnemius, male 8 wk",CLIP1,-1.0,0.39432535297733,0.701890588815876,neither,high,0.0,high,1.0,2.0
"Rat gastrocnemius, male 8 wk",CLTB,-1.0,1.26067371724442,0.835750930356566,neither,high,0.0,high,1.0,1.0
"Rat gastrocnemius, male 8 wk",CLU,-1.0,-0.347710444808557,1.45939306974901,neither,high,0.0,mid,1.0,1.0
"Rat gastrocnemius, male 8 wk",CMC2,-1.0,1.3031658255106,6.09918410331625,protein only,low,0.0,low,1.0,1.0
"Rat gastrocnemius, male 8 wk",CNN1,-1.0,0.10436874862877,1.73601343271164,neither,low,0.0,mid,1.0,1.0
"Rat gastrocnemius, male 8 wk",COA4,-1.0,0.882904630174388,2.36414061275498,neither,low,0.0,high,1.0,1.0
"Rat gastrocnemius, male 8 wk",COBL,-1.0,0.109505967920742,-1.02150678884458,neither,mid,0.0,high,1.0,2.0
"Rat gastrocnemius, male 8 wk",COL15A1,1.0,-5.69109232357318,-5.18845526336115,"both, same sign",high,0.0,mid,2.0,1.0
"Rat gastrocnemius, male 8 wk",COL1A1,1.0,-2.18031294155744,0.0668391390307947,neither,high,0.0,mid,1.0,1.0
"Rat gastrocnemius, male 8 wk",COL1A2,1.0,-2.76618176676024,-0.0913433055132795,neither,high,0.0,high,2.0,1.0
"Rat gastrocnemius, male 8 wk",COL3A1,1.0,-4.65967452947222,-0.0397766624423009,RNA only,high,0.0,high,1.0,1.0
"Rat gastrocnemius, male 8 wk",COL5A2,1.0,-5.03036403359464,0.776243344482673,RNA only,high,0.0,mid,1.0,1.0
"Rat gastrocnemius, male 8 wk",COMP,1.0,1.16819868198722,-0.137066365638557,neither,mid,0.0,low,1.0,1.0
"Rat gastrocnemius, male 8 wk",COX17,-1.0,2.09620431482723,4.27063171769169,protein only,high,0.0,high,1.0,1.0
"Rat gastrocnemius, male 8 wk",CPE,1.0,-2.44740153822397,0.232645099570113,neither,high,0.0,high,1.0,1.0
"Rat gastrocnemius, male 8 wk",CPT2,1.0,-3.02165950772644,-4.70831952036616,protein only,high,0.0,mid,1.0,1.0
"Rat gastrocnemius, male 8 wk",CRYM,1.0,-4.56228272023351,-4.52698320848489,"both, same sign",mid,0.0,low,1.0,1.0
"Rat gastrocnemius, male 8 wk",CTF1,1.0,0.0573444413609094,0.0565067268477425,neither,mid,6.0,mid,1.0,1.0
"Rat gastrocnemius, male 8 wk",CTSD,1.0,1.28672424963573,1.64594905126634,neither,high,0.0,high,1.0,1.0
"Rat gastrocnemius, male 8 wk",CTSH,1.0,-2.63373192705043,-4.70445068240824,protein only,high,0.0,mid,1.0,1.0
"Rat gastrocnemius, male 8 wk",CYP4B1,-1.0,1.25511258937417,0.783306710640416,neither,mid,0.0,mid,1.0,1.0
"Rat gastrocnemius, male 8 wk",DAZAP1,-1.0,0.0524620641911707,-0.684986181596663,neither,high,0.0,high,1.0,1.0
"Rat gastrocnemius, male 8 wk",DDX39A,-1.0,-0.439446522797592,1.56600567957103,neither,mid,0.0,high,1.0,1.0
"Rat gastrocnemius, male 8 wk",DENND1B,1.0,-0.729510009068904,0.0095762407465118,neither,high,0.0,low,1.0,1.0
"Rat gastrocnemius, male 8 wk",DERL1,-1.0,-2.57510831337786,-1.19980815624334,neither,high,0.0,high,1.0,1.0
"Rat gastrocnemius, male 8 wk",DLG1,-1.0,0.92207772158495,1.46701369434307,neither,high,0.0,mid,1.0,1.0
"Rat gastrocnemius, male 8 wk",DLST,1.0,1.76684069323145,3.02211945616468,neither,high,0.0,high,1.0,1.0
"Rat gastrocnemius, male 8 wk",DMPK,-1.0,0.0841758306888003,1.25615228572515,neither,high,0.0,high,1.0,1.0
"Rat gastrocnemius, male 8 wk",DNAJC15,-1.0,1.95564106747377,-1.76570507354244,neither,high,0.0,mid,1.0,1.0
"Rat gastrocnemius, male 8 wk",DPM1,1.0,0.0877204434815822,1.35524845693207,neither,high,0.0,high,1.0,1.0
"Rat gastrocnemius, male 8 wk",DPYSL3,1.0,-1.24423627876811,-3.29503279603384,neither,mid,0.0,high,1.0,1.0
"Rat gastrocnemius, male 8 wk",DUSP13,-1.0,2.59048499428134,-2.18645665561596,neither,high,0.0,high,3.0,2.0
"Rat gastrocnemius, male 8 wk",DVL1,-1.0,0.749315150099045,1.52284299674658,neither,high,0.0,high,1.0,1.0
"Rat gastrocnemius, male 8 wk",EFEMP1,1.0,-1.58672187689925,-1.23078361162102,neither,mid,0.0,mid,1.0,1.0
"Rat gastrocnemius, male 8 wk",EGLN1,-1.0,-1.59560721014661,0.823080620299808,neither,high,0.0,high,1.0,1.0
"Rat gastrocnemius, male 8 wk",EHBP1L1,-1.0,-1.86465311817573,-1.1810321029679,neither,high,0.0,high,1.0,1.0
"Rat gastrocnemius, male 8 wk",EHD3,1.0,-1.71221610357737,-1.34438789333009,neither,mid,0.0,low,1.0,1.0
"Rat gastrocnemius, male 8 wk",EIF1AX,-1.0,-0.686477630063615,-1.97708210032861,neither,high,0.0,high,1.0,1.0
"Rat gastrocnemius, male 8 wk",EMC2,1.0,-1.04769428570955,0.91530587391251,neither,mid,0.0,high,1.0,1.0
"Rat gastrocnemius, male 8 wk",EMC6,-1.0,1.73191056130689,-0.486752431601007,neither,high,4.0,high,1.0,1.0
"Rat gastrocnemius, male 8 wk",EPB41L2,1.0,0.256663977088671,-1.66203220444791,neither,high,0.0,mid,1.0,1.0
"Rat gastrocnemius, male 8 wk",EPHX2,1.0,-2.32572904317627,-4.32052201241735,protein only,mid,0.0,mid,1.0,2.0
"Rat gastrocnemius, male 8 wk",EPM2AIP1,1.0,-0.611713797690986,0.647265595408142,neither,high,0.0,mid,1.0,1.0
"Rat gastrocnemius, male 8 wk",ERLIN2,1.0,-0.333362568606046,-3.21907913288068,neither,mid,0.0,mid,1.0,1.0
"Rat gastrocnemius, male 8 wk",FASN,-1.0,0.0572594671410491,2.93140247908996,neither,mid,0.0,mid,1.0,1.0
"Rat gastrocnemius, male 8 wk",FBLN2,1.0,-2.24889362767668,-1.48273163362888,neither,high,0.0,high,1.0,1.0
"Rat gastrocnemius, male 8 wk",FBN1,1.0,-5.67882895710718,1.08013715902769,RNA only,high,0.0,mid,1.0,1.0
"Rat gastrocnemius, male 8 wk",FBXO40,1.0,-0.768344533053929,-1.17834445110854,neither,high,0.0,high,1.0,1.0
"Rat gastrocnemius, male 8 wk",FCN3,-1.0,-1.31416205659071,0.836485928231205,neither,mid,0.0,low,1.0,1.0
"Rat gastrocnemius, male 8 wk",FERMT2,-1.0,-0.645100752342501,2.17507446513204,neither,high,0.0,high,1.0,2.0
"Rat gastrocnemius, male 8 wk",FGF1,1.0,-2.38072779241395,-3.22945865998575,neither,high,0.0,low,1.0,1.0
"Rat gastrocnemius, male 8 wk",FHOD3,1.0,-0.391647869940776,-0.671100140622936,neither,high,0.0,high,1.0,1.0
"Rat gastrocnemius, male 8 wk",FKBP4,-1.0,1.69712567763817,3.63441279768825,protein only,high,0.0,high,1.0,1.0
"Rat gastrocnemius, male 8 wk",FKBP5,-1.0,-0.122081673506074,1.41451793515066,neither,high,0.0,high,1.0,1.0
"Rat gastrocnemius, male 8 wk",FLII,-1.0,1.03695235993749,-1.67968750331504,neither,high,0.0,high,1.0,2.0
"Rat gastrocnemius, male 8 wk",FLNC,-1.0,-4.40391352142638,-3.00909977945588,RNA only,high,0.0,high,1.0,1.0
"Rat gastrocnemius, male 8 wk",FMOD,1.0,0.0877364745291534,-1.23616873453938,neither,high,0.0,mid,1.0,1.0
"Rat gastrocnemius, male 8 wk",FSTL1,1.0,-4.13095103074731,-3.67063311706245,"both, same sign",high,0.0,high,1.0,1.0
"Rat gastrocnemius, male 8 wk",FUCA1,1.0,-0.333335966183228,-1.70859230599552,neither,mid,3.0,mid,1.0,1.0
"Rat gastrocnemius, male 8 wk",FZD7,1.0,-0.189420533302072,0.766782200518477,neither,high,4.0,mid,1.0,1.0
"Rat gastrocnemius, male 8 wk",GCLM,-1.0,0.970956650936173,-0.700298054984643,neither,mid,0.0,mid,1.0,1.0
"Rat gastrocnemius, male 8 wk",GLOD4,1.0,-2.5737785814625,-3.24487314256595,neither,mid,0.0,mid,1.0,1.0
"Rat gastrocnemius, male 8 wk",GLRX,1.0,-1.84762359118908,1.56787981078271,neither,mid,0.0,high,1.0,1.0
"Rat gastrocnemius, male 8 wk",GLRX2,-1.0,0.18527275697341,0.0345671522781243,neither,mid,0.0,mid,1.0,1.0
"Rat gastrocnemius, male 8 wk",GLUL,-1.0,-1.15776060829916,-1.39382666773553,neither,high,0.0,high,1.0,1.0
"Rat gastrocnemius, male 8 wk",GMPR,-1.0,-0.789443611597946,1.5497092840043,neither,high,0.0,high,1.0,1.0
"Rat gastrocnemius, male 8 wk",GNL3,-1.0,-1.03573350040642,0.938179629436382,neither,mid,0.0,high,1.0,1.0
"Rat gastrocnemius, male 8 wk",GOLT1B,-1.0,0.31506947384725,-0.944542367132963,neither,mid,7.0,mid,1.0,1.0
"Rat gastrocnemius, male 8 wk",GPD1L,-1.0,4.02115774558543,3.90045969276989,"both, same sign",high,0.0,high,1.0,1.0
"Rat gastrocnemius, male 8 wk",GPX3,-1.0,2.90148151587105,2.2969451207387,neither,high,0.0,high,1.0,1.0
"Rat gastrocnemius, male 8 wk",GTF2E1,1.0,0.986596688448915,1.10257761514874,neither,mid,7.0,mid,1.0,1.0
"Rat gastrocnemius, male 8 wk",GTPBP6,-1.0,0.0503169555439458,0.673893078084256,neither,mid,0.0,high,2.0,1.0
"Rat gastrocnemius, male 8 wk",HBA1,1.0,1.19227402329813,1.28997301658287,neither,mid,0.0,low,2.0,1.0
"Rat gastrocnemius, male 8 wk",HBB,1.0,0.838155120643892,0.973928262130463,neither,mid,0.0,high,1.0,1.0
"Rat gastrocnemius, male 8 wk",HBD,1.0,1.79161667612735,1.49738176293792,neither,low,0.0,low,2.0,2.0
"Rat gastrocnemius, male 8 wk",HMGCL,1.0,-0.837618370187953,-1.00554192277164,neither,mid,0.0,high,1.0,1.0
"Rat gastrocnemius, male 8 wk",HMGN1,1.0,-2.30470305074284,-0.506058913610673,neither,mid,0.0,mid,2.0,1.0
"Rat gastrocnemius, male 8 wk",HMGN2,1.0,-1.30153426680546,-3.70602849953219,protein only,high,0.0,high,1.0,1.0
"Rat gastrocnemius, male 8 wk",HMOX2,-1.0,0.255338162237444,0.470140912750323,neither,high,0.0,mid,1.0,1.0
"Rat gastrocnemius, male 8 wk",HPRT1,1.0,-3.31817432670396,-1.28814137881072,RNA only,mid,0.0,mid,2.0,1.0
"Rat gastrocnemius, male 8 wk",HSP90AA1,-1.0,-0.408297633756808,5.99300273525712,protein only,high,0.0,high,2.0,1.0
"Rat gastrocnemius, male 8 wk",HSPA2,1.0,-1.23188530451802,0.157934550963103,neither,mid,0.0,high,1.0,1.0
"Rat gastrocnemius, male 8 wk",HSPA5,1.0,-4.18415912331402,-0.682397518495393,RNA only,high,0.0,high,1.0,1.0
"Rat gastrocnemius, male 8 wk",HSPB2,-1.0,0.631533195850406,-0.64731291382918,neither,high,0.0,high,1.0,1.0
"Rat gastrocnemius, male 8 wk",HSPB6,1.0,1.78021985264209,7.55639107172854,protein only,high,0.0,high,1.0,1.0
"Rat gastrocnemius, male 8 wk",HTRA1,1.0,-0.829350765626083,1.12720889829988,neither,high,4.0,mid,1.0,1.0
"Rat gastrocnemius, male 8 wk",IFIT3,1.0,-0.827212782262277,-1.1524247050249,neither,low,0.0,mid,1.0,1.0
"Rat gastrocnemius, male 8 wk",IFITM3,-1.0,0.348493435393314,-0.496467013235813,neither,mid,1.5,high,1.0,1.0
"Rat gastrocnemius, male 8 wk",IRS1,-1.0,0.211466047688125,2.283051221778,neither,high,0.0,mid,1.0,1.0
"Rat gastrocnemius, male 8 wk",ITFG1,1.0,-3.82805586555629,-1.22198804518329,RNA only,high,1.5,mid,1.0,1.0
"Rat gastrocnemius, male 8 wk",IVNS1ABP,1.0,0.994506199246997,-0.688925229820213,neither,high,0.0,high,1.0,1.0
"Rat gastrocnemius, male 8 wk",JUP,-1.0,2.28452267081147,0.893366844908568,neither,high,0.0,high,1.0,1.0
"Rat gastrocnemius, male 8 wk",KLHL21,-1.0,4.94356607842315,0.136553603501319,RNA only,high,0.0,high,1.0,1.0
"Rat gastrocnemius, male 8 wk",KLHL41,-1.0,-3.38548841884686,0.384684571994024,RNA only,high,0.0,high,1.0,1.0
"Rat gastrocnemius, male 8 wk",KPNA2,-1.0,0.533813598728487,1.30774773333945,neither,mid,0.0,mid,1.0,1.0
"Rat gastrocnemius, male 8 wk",LAMB1,1.0,-0.982872988659027,1.55307421167267,neither,high,0.0,mid,1.0,1.0
"Rat gastrocnemius, male 8 wk",LMCD1,-1.0,-1.06724599465019,-0.862280941795365,neither,high,0.0,high,1.0,1.0
"Rat gastrocnemius, male 8 wk",LPIN1,-1.0,2.43089481430984,6.71057073315962,protein only,high,0.0,high,1.0,1.0
"Rat gastrocnemius, male 8 wk",LRRC59,-1.0,-1.86695421770974,-1.32653552028334,neither,high,0.0,high,1.0,1.0
"Rat gastrocnemius, male 8 wk",LSP1,1.0,-1.02958513893115,-2.58771382223431,neither,mid,3.0,mid,1.0,1.0
"Rat gastrocnemius, male 8 wk",LUM,1.0,-3.08329824451266,-0.467779201118636,neither,high,0.0,mid,1.0,1.0
"Rat gastrocnemius, male 8 wk",LYVE1,-1.0,-0.731445046825345,0.626347778821981,neither,high,0.0,mid,1.0,1.0
"Rat gastrocnemius, male 8 wk",MAFF,-1.0,0.684707714849419,-1.42014241435422,neither,mid,6.5,high,1.0,1.0
"Rat gastrocnemius, male 8 wk",MAGED2,1.0,-2.9111818638053,-1.3602489441803,neither,mid,3.0,high,1.0,1.0
"Rat gastrocnemius, male 8 wk",MAP1LC3B,-1.0,3.35479805711368,0.567209135025624,RNA only,high,7.0,high,1.0,1.0
"Rat gastrocnemius, male 8 wk",MAP2K1,-1.0,-1.65991682065798,-1.96676043974285,neither,high,0.0,high,1.0,1.0
"Rat gastrocnemius, male 8 wk",MARK3,-1.0,-1.37170268060132,-3.6606865921591,protein only,high,1.5,high,1.0,2.0
"Rat gastrocnemius, male 8 wk",MBNL2,-1.0,-2.41274862550779,0.255736624428022,neither,high,4.0,high,1.0,1.0
"Rat gastrocnemius, male 8 wk",METTL22,-1.0,0.691614263151658,0.623508786246019,neither,high,0.0,mid,1.0,1.0
"Rat gastrocnemius, male 8 wk",MFAP4,1.0,-2.25653210739015,0.0938705417135084,neither,high,3.0,high,2.0,1.0
"Rat gastrocnemius, male 8 wk",MKNK2,-1.0,1.98095492483832,0.837508547309507,neither,high,0.0,high,1.0,1.0
"Rat gastrocnemius, male 8 wk",MPI,1.0,-0.235471671630342,-0.227901972072629,neither,high,0.0,mid,1.0,1.0
"Rat gastrocnemius, male 8 wk",MPP3,-1.0,3.48792945370898,0.395473858468798,RNA only,mid,0.0,low,1.0,1.0
"Rat gastrocnemius, male 8 wk",MRPL34,-1.0,1.83507228697902,-1.01041199816289,neither,mid,2.0,high,1.0,1.0
"Rat gastrocnemius, male 8 wk",MTCH1,-1.0,0.775321603332052,2.00785132100062,neither,high,2.0,high,1.0,1.0
"Rat gastrocnemius, male 8 wk",MTR,1.0,0.171194602111334,0.397028514198653,neither,mid,0.0,mid,1.0,1.0
"Rat gastrocnemius, male 8 wk",MYOM2,1.0,1.26506384480735,0.551115027093756,neither,high,0.0,high,1.0,1.0
"Rat gastrocnemius, male 8 wk",MYOT,-1.0,-0.680809267594163,2.35679589060406,neither,high,0.0,high,2.0,1.0
"Rat gastrocnemius, male 8 wk",NAA15,-1.0,-1.53592797352233,0.601955280913417,neither,high,0.0,mid,1.0,1.0
"Rat gastrocnemius, male 8 wk",NAMPT,-1.0,-1.74065055359928,-0.478252437746553,neither,high,0.0,high,1.0,1.0
"Rat gastrocnemius, male 8 wk",NCAM1,-1.0,-2.89213183205052,-2.20441428646622,neither,mid,0.0,mid,1.0,2.0
"Rat gastrocnemius, male 8 wk",NID1,-1.0,-5.3314340147888,0.15803074318648,RNA only,high,0.0,high,1.0,1.0
"Rat gastrocnemius, male 8 wk",NIT2,1.0,3.19478597955452,2.0275331141568,RNA only,mid,0.0,mid,1.0,1.0
"Rat gastrocnemius, male 8 wk",NQO2,-1.0,-0.775810418397928,2.46728687981936,neither,mid,0.0,mid,1.0,1.0
"Rat gastrocnemius, male 8 wk",NRAP,-1.0,0.121615447983956,-1.58467530051731,neither,high,0.0,high,1.0,1.0
"Rat gastrocnemius, male 8 wk",NUCB2,1.0,-0.0133854787959068,-0.576404131340338,neither,mid,0.0,low,1.0,1.0
"Rat gastrocnemius, male 8 wk",NUDT3,1.0,-0.711382010940699,-0.436321508182339,neither,high,0.0,high,1.0,1.0
"Rat gastrocnemius, male 8 wk",NUDT4,-1.0,-0.261369397032641,0.100902339872535,neither,high,0.0,mid,1.0,1.0
"Rat gastrocnemius, male 8 wk",NUP37,1.0,0.6759050853888,-2.46373541628247,neither,low,0.0,mid,1.0,1.0
"Rat gastrocnemius, male 8 wk",OGDH,-1.0,1.23191810986637,3.02432852048029,neither,high,0.0,high,1.0,1.0
"Rat gastrocnemius, male 8 wk",OGN,1.0,-2.83530184859293,-1.50911841519359,neither,mid,0.0,low,2.0,1.0
"Rat gastrocnemius, male 8 wk",OLFML3,1.0,0.953243937238685,-1.49198620373744,neither,mid,0.0,mid,1.0,1.0
"Rat gastrocnemius, male 8 wk",PALMD,1.0,4.65047278804771,2.03455497613653,RNA only,high,0.0,high,1.0,1.0
"Rat gastrocnemius, male 8 wk",PCCB,1.0,-0.0876464546693679,0.73780558118341,neither,high,0.0,mid,1.0,1.0
"Rat gastrocnemius, male 8 wk",PCNT,-1.0,-0.546443035106469,1.29731389387783,neither,high,0.0,high,1.0,1.0
"Rat gastrocnemius, male 8 wk",PCOLCE,1.0,-3.62060744126144,-2.86027128240947,RNA only,high,0.0,mid,1.0,1.0
"Rat gastrocnemius, male 8 wk",PDK4,1.0,-0.150015348960991,0.331503624377265,neither,high,0.0,high,1.0,1.0
"Rat gastrocnemius, male 8 wk",PDLIM3,1.0,-0.149483342331412,3.15817559793231,neither,high,0.0,high,1.0,3.0
"Rat gastrocnemius, male 8 wk",PKM,1.0,-1.63344605317585,-2.26000509529299,neither,high,0.0,high,1.0,2.0
"Rat gastrocnemius, male 8 wk",PLA2G2A,-1.0,0.383513637493831,1.67912354578867,neither,low,0.0,mid,1.0,1.0
"Rat gastrocnemius, male 8 wk",PLBD1,1.0,-0.520589805202083,-0.909278830426703,neither,high,0.0,mid,1.0,1.0
"Rat gastrocnemius, male 8 wk",PLIN2,-1.0,-2.26564165310314,1.21414793192498,neither,high,0.0,high,1.0,1.0
"Rat gastrocnemius, male 8 wk",PLP2,-1.0,0.181307546529372,0.484454375675527,neither,mid,0.0,high,1.0,1.0
"Rat gastrocnemius, male 8 wk",PODXL,-1.0,3.30109958006117,2.12779175271058,RNA only,high,0.0,mid,1.0,1.0
"Rat gastrocnemius, male 8 wk",POGLUT1,-1.0,0.993180870747577,-0.0693417309577907,neither,mid,0.0,low,1.0,1.0
"Rat gastrocnemius, male 8 wk",POLE3,-1.0,0.850715408956728,-0.475581010120257,neither,mid,4.0,high,1.0,1.0
"Rat gastrocnemius, male 8 wk",POPDC3,-1.0,-2.58926730840525,0.704041080588442,neither,high,7.0,high,1.0,1.0
"Rat gastrocnemius, male 8 wk",POR,-1.0,0.182264436340118,-1.7836085921506,neither,high,0.0,high,1.0,1.0
"Rat gastrocnemius, male 8 wk",PPDPF,1.0,-0.954557697701327,1.36540841510379,neither,mid,7.0,high,1.0,1.0
"Rat gastrocnemius, male 8 wk",PPL,-1.0,0.510698433378978,0.440380043369596,neither,mid,0.0,mid,1.0,1.0
"Rat gastrocnemius, male 8 wk",PPP1R12B,1.0,0.664622304909489,2.48396544366056,neither,high,0.0,high,1.0,1.0
"Rat gastrocnemius, male 8 wk",PPP1R3C,1.0,1.01127763513898,0.92542786251657,neither,high,0.0,high,1.0,1.0
"Rat gastrocnemius, male 8 wk",PPT1,1.0,-0.200476632233193,-1.40075467529603,neither,mid,0.0,mid,1.0,1.0
"Rat gastrocnemius, male 8 wk",PRDX4,1.0,0.899219903589939,-2.29763225919906,neither,mid,0.0,high,1.0,1.0
"Rat gastrocnemius, male 8 wk",PRDX6,-1.0,2.76822062873176,1.72583787788697,neither,high,0.0,high,1.0,1.0
"Rat gastrocnemius, male 8 wk",PSMB10,1.0,0.724586472033915,0.72771529039503,neither,low,0.0,high,1.0,1.0
"Rat gastrocnemius, male 8 wk",PSME4,-1.0,1.08597215520101,2.40763959417635,neither,high,0.0,high,1.0,1.0
"Rat gastrocnemius, male 8 wk",PSPH,-1.0,-3.11502049338562,1.76844447652829,neither,low,0.0,low,1.0,1.0
"Rat gastrocnemius, male 8 wk",PTN,1.0,1.15531548660779,-0.667815336893873,neither,low,5.0,low,1.0,1.0
"Rat gastrocnemius, male 8 wk",PTP4A2,-1.0,0.703628115557539,-0.328028648336369,neither,high,2.0,high,1.0,1.0
"Rat gastrocnemius, male 8 wk",PTP4A3,-1.0,-5.45602425827004,-2.02911033813387,RNA only,high,5.5,high,1.0,1.0
"Rat gastrocnemius, male 8 wk",RAB9A,-1.0,0.350448462044232,1.28894590936293,neither,mid,0.0,mid,1.0,1.0
"Rat gastrocnemius, male 8 wk",RABAC1,-1.0,2.05038906700991,-1.10391497840113,neither,high,0.0,high,1.0,1.0
"Rat gastrocnemius, male 8 wk",RANGAP1,-1.0,-0.184914929936107,-0.283836817085918,neither,high,0.0,high,1.0,1.0
"Rat gastrocnemius, male 8 wk",RBFOX1,-1.0,1.30500240828786,-0.700749744553847,neither,high,0.0,high,1.0,1.0
"Rat gastrocnemius, male 8 wk",RBM10,1.0,0.737942952088146,0.52382015480218,neither,high,0.0,high,1.0,1.0
"Rat gastrocnemius, male 8 wk",RBP4,-1.0,-1.15178018421278,-1.2866908419456,neither,low,0.0,low,1.0,1.0
"Rat gastrocnemius, male 8 wk",RCAN1,-1.0,-1.19711940640025,1.41822043534962,neither,high,0.0,mid,1.0,1.0
"Rat gastrocnemius, male 8 wk",RHOC,-1.0,-0.999864386322648,-2.76264417592062,neither,mid,0.0,high,1.0,1.0
"Rat gastrocnemius, male 8 wk",RHOT1,-1.0,-0.401309709241497,1.07091236988778,neither,high,0.0,mid,1.0,1.0
"Rat gastrocnemius, male 8 wk",RNASET2,1.0,-0.0050445125632401,-3.54076658134479,protein only,high,0.0,low,1.0,1.0
"Rat gastrocnemius, male 8 wk",RNF14,-1.0,1.84712742135996,-0.361683832582217,neither,high,0.0,high,1.0,1.0
"Rat gastrocnemius, male 8 wk",RNF146,1.0,-0.795846112081561,2.62216416649885,neither,high,7.0,high,1.0,1.0
"Rat gastrocnemius, male 8 wk",RWDD1,-1.0,1.17004297175213,0.298827213667962,neither,high,0.0,high,1.0,1.0
"Rat gastrocnemius, male 8 wk",S100A9,-1.0,0.104863223705343,1.57106617371242,neither,low,0.0,high,1.0,1.0
"Rat gastrocnemius, male 8 wk",SAMHD1,-1.0,0.565086096341107,0.413344308954689,neither,low,5.0,high,1.0,1.0
"Rat gastrocnemius, male 8 wk",SEC31A,1.0,-0.0518099422345143,-0.777604454180132,neither,high,0.0,high,1.0,1.0
"Rat gastrocnemius, male 8 wk",SERPINE2,1.0,-0.795826134605712,0.363625026144954,neither,high,0.0,low,1.0,1.0
"Rat gastrocnemius, male 8 wk",SH3BGR,-1.0,-1.07575498277525,-1.91946846332457,neither,high,0.0,high,2.0,1.0
"Rat gastrocnemius, male 8 wk",SH3BGRL,1.0,-0.210213702081033,0.473056532526133,neither,low,0.0,mid,1.0,1.0
"Rat gastrocnemius, male 8 wk",SH3GL2,1.0,-1.53689044893834,-1.4909853660626,neither,low,5.5,low,1.0,1.0
"Rat gastrocnemius, male 8 wk",SLC25A11,1.0,2.50653366178807,-0.0558762047492508,neither,high,0.0,high,1.0,1.0
"Rat gastrocnemius, male 8 wk",SLC25A12,-1.0,2.78173816126034,-0.132974097429589,neither,high,0.0,high,1.0,1.0
"Rat gastrocnemius, male 8 wk",SLC25A20,1.0,-3.38871605174105,0.17622383518605,RNA only,high,0.0,high,1.0,1.0
"Rat gastrocnemius, male 8 wk",SNX7,-1.0,1.3742461538298,-0.14151977577863,neither,low,3.0,low,1.0,1.0
"Rat gastrocnemius, male 8 wk",SORT1,-1.0,1.80191391680081,-1.65540369422602,neither,high,0.0,high,1.0,1.0
"Rat gastrocnemius, male 8 wk",SOS1,-1.0,-1.60628225278606,-0.957205723328045,neither,high,1.5,mid,1.0,1.0
"Rat gastrocnemius, male 8 wk",SPARC,1.0,-4.0712956571203,-2.78403665760331,RNA only,high,0.0,high,1.0,1.0
"Rat gastrocnemius, male 8 wk",SRPX,-1.0,-1.13363373617938,-1.9004417390748,neither,mid,5.0,mid,1.0,1.0
"Rat gastrocnemius, male 8 wk",SSPN,1.0,-1.13548813256359,1.57486761478145,neither,high,0.0,high,1.0,1.0
"Rat gastrocnemius, male 8 wk",STAT3,-1.0,-1.65546054962874,0.57744545957575,neither,high,0.0,high,1.0,1.0
"Rat gastrocnemius, male 8 wk",STEAP3,-1.0,-0.33928784213948,0.234142504912111,neither,high,0.0,high,1.0,1.0
"Rat gastrocnemius, male 8 wk",STIP1,-1.0,-2.03183243424866,6.77325719689027,protein only,high,0.0,high,1.0,1.0
"Rat gastrocnemius, male 8 wk",STK38L,1.0,0.478826839746709,0.0645105829385162,neither,high,0.0,mid,1.0,1.0
"Rat gastrocnemius, male 8 wk",SUCLA2,1.0,-0.58051807611975,2.64380932299185,neither,high,0.0,high,1.0,1.0
"Rat gastrocnemius, male 8 wk",SUN2,-1.0,2.36409973726672,0.0672073608333659,neither,high,0.0,high,1.0,1.0
"Rat gastrocnemius, male 8 wk",SYNPO2L,1.0,-0.969547967041458,-1.63413159337716,neither,high,0.0,high,1.0,1.0
"Rat gastrocnemius, male 8 wk",TGM2,-1.0,0.763737327204139,1.46835634157027,neither,high,0.0,high,1.0,1.0
"Rat gastrocnemius, male 8 wk",THBS1,-1.0,-1.48930171012775,1.7380747529939,neither,mid,0.0,mid,1.0,1.0
"Rat gastrocnemius, male 8 wk",THBS4,1.0,0.515273638860529,-0.52439052471528,neither,high,0.0,high,1.0,1.0
"Rat gastrocnemius, male 8 wk",TIMP3,-1.0,1.89334175190415,4.79191878822046,protein only,high,2.0,high,1.0,1.0
"Rat gastrocnemius, male 8 wk",TLN1,1.0,-1.5582117101437,1.91794944645906,neither,high,0.0,high,1.0,1.0
"Rat gastrocnemius, male 8 wk",TMEM38B,-1.0,-1.5937546344915,-0.509887376616309,neither,high,0.0,high,1.0,1.0
"Rat gastrocnemius, male 8 wk",TMSB4X,1.0,0.276257267421351,0.194186539144693,neither,high,2.0,high,1.0,1.0
"Rat gastrocnemius, male 8 wk",TNNI1,1.0,-1.33664333446666,-0.224598379849464,neither,high,0.0,high,1.0,1.0
"Rat gastrocnemius, male 8 wk",TPPP3,1.0,-3.06592732419498,-3.02092705069916,neither,high,0.0,high,1.0,1.0
"Rat gastrocnemius, male 8 wk",TPRKB,-1.0,-0.696779824061225,0.0864004548411989,neither,low,3.5,high,2.0,1.0
"Rat gastrocnemius, male 8 wk",TRDN,-1.0,-4.10490968018534,-3.82339332891094,"both, same sign",high,0.0,high,1.0,1.0
"Rat gastrocnemius, male 8 wk",TUBA4A,-1.0,0.131069621943601,-0.149910834986243,neither,high,0.0,high,1.0,1.0
"Rat gastrocnemius, male 8 wk",TUBG1,-1.0,2.7197407296567,2.59629597393993,neither,high,0.0,high,1.0,1.0
"Rat gastrocnemius, male 8 wk",TXNIP,1.0,-0.669424796305585,0.578173378300999,neither,high,0.0,high,1.0,1.0
"Rat gastrocnemius, male 8 wk",TXNRD1,-1.0,0.086705926615017,-1.59873750653466,neither,high,0.0,high,1.0,1.0
"Rat gastrocnemius, male 8 wk",UAP1,-1.0,-0.350360649318814,3.56533978564509,protein only,mid,0.0,high,1.0,1.0
"Rat gastrocnemius, male 8 wk",UBFD1,-1.0,0.523187830892978,-2.11275710802294,neither,mid,0.0,high,1.0,1.0
"Rat gastrocnemius, male 8 wk",UBQLN2,1.0,1.92982889487387,0.231981832246432,neither,high,1.5,high,1.0,1.0
"Rat gastrocnemius, male 8 wk",UFSP2,1.0,1.00782707909199,-0.618307154295675,neither,mid,0.0,high,1.0,1.0
"Rat gastrocnemius, male 8 wk",UGP2,-1.0,-3.40497685799768,1.42132067883517,RNA only,high,0.0,high,1.0,1.0
"Rat gastrocnemius, male 8 wk",VCAN,1.0,-3.58146349820869,0.575095856938137,RNA only,mid,0.0,low,1.0,1.0
"Rat gastrocnemius, male 8 wk",VEGFB,1.0,2.96235841322134,1.32871841011343,neither,high,7.0,high,1.0,1.0
"Rat gastrocnemius, male 8 wk",VEZF1,-1.0,-1.09828946639809,-2.48273226556066,neither,high,0.0,high,1.0,1.0
"Rat gastrocnemius, male 8 wk",VPS13D,-1.0,2.18701199275218,2.54414116130723,neither,high,0.0,mid,1.0,1.0
"Rat gastrocnemius, male 8 wk",VTN,1.0,0.556261068398161,1.21779905789077,neither,mid,0.0,low,1.0,1.0
"Rat gastrocnemius, male 8 wk",WFS1,1.0,-1.88288168751492,-0.741925004910995,neither,high,0.0,mid,1.0,1.0
"Rat gastrocnemius, male 8 wk",XRCC4,-1.0,-0.77332420210217,-1.38718649076876,neither,low,0.0,low,1.0,1.0
"Rat gastrocnemius, male 8 wk",YBX3,-1.0,2.01821403311259,-0.417115458661026,neither,high,0.0,high,1.0,1.0
"Rat gastrocnemius, male 8 wk",ZBTB16,1.0,0.207747190421235,0.775606947801588,neither,high,0.0,high,1.0,1.0
"Rat heart, female 1 wk",ABHD5,-1.0,-0.750875704048753,1.62219552008227,neither,mid,0.0,mid,1.0,1.0
"Rat heart, female 1 wk",ABL1,-1.0,1.21853028582194,-0.754923795811187,neither,high,0.0,high,2.0,1.0
"Rat heart, female 1 wk",ACSS3,-1.0,1.14120742645089,0.549534828022712,neither,low,0.0,mid,1.0,1.0
"Rat heart, female 1 wk",ACTA1,-1.0,1.18220109972204,0.783713147260445,neither,high,0.0,high,1.0,1.0
"Rat heart, female 1 wk",ADAMTS1,-1.0,1.58491662790869,1.44089061658624,neither,high,6.0,high,1.0,1.0
"Rat heart, female 1 wk",ADAMTSL3,1.0,-0.956033605882433,-1.27820831809175,neither,mid,0.0,low,1.0,1.0
"Rat heart, female 1 wk",ADD3,1.0,-0.97548834823771,0.846690509062837,neither,high,0.0,high,1.0,1.0
"Rat heart, female 1 wk",ADH5,1.0,-0.307257599134429,2.00891851869649,neither,high,0.0,high,1.0,1.0
"Rat heart, female 1 wk",ALAS1,1.0,-1.60412305838198,-1.93090255718768,neither,high,0.0,high,1.0,1.0
"Rat heart, female 1 wk",ALDH5A1,1.0,-0.803835164565057,0.903587450103948,neither,high,0.0,mid,1.0,1.0
"Rat heart, female 1 wk",ALDH9A1,1.0,0.0793920808434517,0.767426928691941,neither,high,0.0,high,1.0,1.0
"Rat heart, female 1 wk",AMD1,-1.0,1.81718884524426,-1.02868611415938,neither,high,2.0,high,1.0,1.0
"Rat heart, female 1 wk",ANK1,1.0,-0.0496049916509599,1.57953352959382,neither,high,0.0,mid,1.0,2.0
"Rat heart, female 1 wk",ANKMY2,1.0,-0.153111151864306,0.744679300320066,neither,high,0.0,high,1.0,1.0
"Rat heart, female 1 wk",ANKRD1,-1.0,-0.410350503734576,-1.30961292269655,neither,high,0.0,high,1.0,2.0
"Rat heart, female 1 wk",ANP32E,1.0,-0.0750737771139557,0.317810596937507,neither,high,0.0,high,1.0,1.0
"Rat heart, female 1 wk",ANXA4,1.0,-0.0529470306042208,0.717881578975233,neither,high,0.0,mid,1.0,1.0
"Rat heart, female 1 wk",ANXA6,1.0,-1.10345711517563,-1.18952312176632,neither,high,0.0,high,1.0,2.0
"Rat heart, female 1 wk",AOX1,-1.0,-1.00470871337728,0.623739217132662,neither,mid,0.0,low,1.0,1.0
"Rat heart, female 1 wk",AP1S2,-1.0,-0.88153853165829,0.628001381078539,neither,high,0.0,high,1.0,1.0
"Rat heart, female 1 wk",AP2B1,1.0,-0.225715187534944,-0.794378639949143,neither,high,0.0,high,1.0,1.0
"Rat heart, female 1 wk",AP3M2,1.0,-2.70752612855346,-0.232938524039313,neither,low,0.0,mid,1.0,1.0
"Rat heart, female 1 wk",ARHGAP15,1.0,-0.77192188508493,-0.283964671901952,neither,low,8.0,low,1.0,1.0
"Rat heart, female 1 wk",ARHGDIB,1.0,-2.52697173921705,-0.438081515073738,neither,high,0.0,high,1.0,1.0
"Rat heart, female 1 wk",ARMCX3,1.0,0.515412309921395,-0.384370688067724,neither,high,2.0,high,1.0,1.0
"Rat heart, female 1 wk",ASMTL,1.0,-0.519809713051379,-1.67087616860328,neither,mid,0.0,high,1.0,2.0
"Rat heart, female 1 wk",ASPN,1.0,-1.18208481652906,0.225003080378116,neither,low,0.0,mid,2.0,1.0
"Rat heart, female 1 wk",ATP1A1,-1.0,0.557563326035548,1.5347896803922,neither,high,0.0,high,1.0,1.0
"Rat heart, female 1 wk",ATP1A2,-1.0,-0.241953097698257,0.539777159825601,neither,high,0.0,high,1.0,1.0
"Rat heart, female 1 wk",ATP1A3,1.0,-1.58799934936386,0.480068600653671,neither,mid,0.0,high,1.0,1.0
"Rat heart, female 1 wk",ATP1B1,-1.0,1.47211663865522,1.64462383109586,neither,high,0.0,high,1.0,1.0
"Rat heart, female 1 wk",ATP1B3,-1.0,-0.550857645026778,0.995096830668845,neither,high,0.0,high,1.0,1.0
"Rat heart, female 1 wk",ATP2A2,-1.0,0.0664726953549811,-1.55573435210725,neither,high,0.0,high,1.0,2.0
"Rat heart, female 1 wk",AUTS2,1.0,-1.54469197061591,-0.380245820844936,neither,mid,2.0,low,1.0,1.0
"Rat heart, female 1 wk",BAG2,-1.0,-0.589006479596324,0.939997080285022,neither,mid,0.0,mid,1.0,1.0
"Rat heart, female 1 wk",BASP1,1.0,-1.98066784064206,2.01915518438573,neither,low,0.0,low,1.0,1.0
"Rat heart, female 1 wk",BCL2L1,-1.0,3.00910812101128,2.24850986453299,neither,high,0.0,high,1.0,1.0
"Rat heart, female 1 wk",BGN,1.0,0.715701429562534,0.412769454788018,neither,high,0.0,high,1.0,1.0
"Rat heart, female 1 wk",BLM,-1.0,-0.646319396619081,-1.41407983207961,neither,low,4.0,low,1.0,1.0
"Rat heart, female 1 wk",BRD4,-1.0,0.620993812852216,0.0117376097494903,neither,high,0.0,high,1.0,1.0
"Rat heart, female 1 wk",C3,-1.0,-1.26201848382026,-0.14007657711807,neither,low,0.0,high,1.0,1.0
"Rat heart, female 1 wk",C4A,-1.0,-0.33599933654766,1.29137092825634,neither,mid,0.0,low,2.0,1.0
"Rat heart, female 1 wk",C6,1.0,-0.502730990178244,-2.26156679162491,neither,low,0.0,high,1.0,2.0
"Rat heart, female 1 wk",CALU,-1.0,-0.0197280296479503,0.844844279803489,neither,high,0.0,high,1.0,1.0
"Rat heart, female 1 wk",CCNG1,-1.0,1.899534926497,-1.00841801623514,neither,high,4.0,high,1.0,1.0
"Rat heart, female 1 wk",CCT2,-1.0,1.12906062398211,1.35817153785189,neither,high,0.0,high,1.0,1.0
"Rat heart, female 1 wk",CD163,-1.0,-0.382520871717591,-0.856367789681794,neither,high,0.0,mid,1.0,1.0
"Rat heart, female 1 wk",CD59,-1.0,0.100978673501765,-0.448358179348585,neither,high,0.0,high,1.0,1.0
"Rat heart, female 1 wk",CD74,1.0,-1.21631433003739,-1.8709753392944,neither,high,0.0,high,1.0,1.0
"Rat heart, female 1 wk",CDC37L1,-1.0,1.42875010033161,0.90560956844877,neither,high,0.0,high,1.0,1.0
"Rat heart, female 1 wk",CDV3,-1.0,1.55173593997012,-1.70201294513219,neither,high,0.0,high,1.0,1.0
"Rat heart, female 1 wk",CETN3,1.0,-1.18865858170047,2.00512580767648,neither,mid,0.0,mid,2.0,1.0
"Rat heart, female 1 wk",CHORDC1,-1.0,0.808228224501165,0.246287515898803,neither,high,0.0,mid,1.0,1.0
"Rat heart, female 1 wk",CLIC4,-1.0,-1.28693046238814,0.649158840620899,neither,high,0.0,high,1.0,1.0
"Rat heart, female 1 wk",CLIP1,-1.0,1.59961614843641,-2.15712066617788,neither,high,0.0,high,1.0,3.0
"Rat heart, female 1 wk",CLTB,-1.0,-0.104121137653428,-0.389677584999885,neither,high,0.0,high,1.0,1.0
"Rat heart, female 1 wk",CLU,-1.0,-0.672267836282332,-0.601874268513543,neither,high,0.0,high,1.0,1.0
"Rat heart, female 1 wk",CMC2,-1.0,-1.04181858700561,0.383026299762445,neither,low,0.0,mid,1.0,1.0
"Rat heart, female 1 wk",CNN1,-1.0,-1.05434106795723,-1.07958421565887,neither,low,0.0,high,1.0,1.0
"Rat heart, female 1 wk",COA4,-1.0,0.242966707325307,-1.39300329918992,neither,low,0.0,high,1.0,1.0
"Rat heart, female 1 wk",COBL,-1.0,0.207278750339864,1.46412751563004,neither,mid,0.0,high,1.0,1.0
"Rat heart, female 1 wk",COL15A1,1.0,-1.7914164002685,-2.35541820907653,neither,high,0.0,high,2.0,1.0
"Rat heart, female 1 wk",COL16A1,1.0,-0.12089804114827,-0.569673050924991,neither,mid,0.0,mid,1.0,1.0
"Rat heart, female 1 wk",COL1A1,1.0,0.0992233708034145,0.677863080708204,neither,high,0.0,high,1.0,1.0
"Rat heart, female 1 wk",COL1A2,1.0,-0.352302330400611,0.609633029777477,neither,high,0.0,high,2.0,1.0
"Rat heart, female 1 wk",COL3A1,1.0,-0.332301102519954,-0.698638551646447,neither,high,0.0,high,1.0,1.0
"Rat heart, female 1 wk",COL5A1,1.0,0.870870208039665,0.274406380207762,neither,high,0.0,mid,1.0,1.0
"Rat heart, female 1 wk",COL5A2,1.0,-0.655281633553625,0.412682260845034,neither,high,0.0,mid,1.0,1.0
"Rat heart, female 1 wk",COMP,1.0,3.36916357335898,1.09940010580049,neither,low,4.0,low,1.0,1.0
"Rat heart, female 1 wk",CORIN,1.0,-1.66411824098268,-1.57646337605601,neither,high,0.0,high,1.0,2.0
"Rat heart, female 1 wk",COX17,-1.0,0.581483838866082,1.66309270417689,neither,high,0.0,high,1.0,1.0
"Rat heart, female 1 wk",CPE,1.0,-0.500819592188581,0.662984723596495,neither,high,0.0,high,1.0,1.0
"Rat heart, female 1 wk",CPT2,1.0,1.4909172416478,0.387113791172976,neither,high,0.0,high,1.0,1.0
"Rat heart, female 1 wk",CRIM1,-1.0,-0.0786458531055065,0.442883973861026,neither,high,6.0,high,1.0,1.0
"Rat heart, female 1 wk",CRISPLD2,-1.0,0.335737897189499,0.428771487900095,neither,high,8.0,high,1.0,1.0
"Rat heart, female 1 wk",CRYM,1.0,-0.180536700629753,2.60322116676694,neither,high,0.0,high,1.0,1.0
"Rat heart, female 1 wk",CSDC2,-1.0,0.914289324679653,0.532956532536655,neither,high,2.0,high,1.0,1.0
"Rat heart, female 1 wk",CTSD,1.0,0.891875620220855,-5.13155053477148,neither,high,0.0,high,1.0,1.0
"Rat heart, female 1 wk",CTSH,1.0,0.245693375837652,-0.736493502203748,neither,high,0.0,high,1.0,1.0
"Rat heart, female 1 wk",CYP4B1,-1.0,1.17289304090263,1.64224446635526,neither,high,0.0,high,1.0,1.0
"Rat heart, female 1 wk",DAZAP1,-1.0,1.67020548271995,1.2620089963317,neither,high,0.0,high,1.0,1.0
"Rat heart, female 1 wk",DCP2,1.0,-0.700754580185906,-0.612810532495377,neither,low,8.0,low,2.0,1.0
"Rat heart, female 1 wk",DDX39A,-1.0,-0.232186567737777,-1.27079592759085,neither,mid,0.0,high,1.0,1.0
"Rat heart, female 1 wk",DENND1B,1.0,0.553977358641901,-1.71972851195804,neither,mid,0.0,low,1.0,1.0
"Rat heart, female 1 wk",DERL1,-1.0,0.90288172140695,1.85687947256688,neither,high,4.0,high,1.0,1.0
"Rat heart, female 1 wk",DLG1,-1.0,0.367940001668106,-0.875078361571867,neither,high,0.0,mid,1.0,1.0
"Rat heart, female 1 wk",DLST,1.0,0.623290532677665,1.59910246785314,neither,high,0.0,high,1.0,1.0
"Rat heart, female 1 wk",DMPK,-1.0,1.38137976256508,1.26441794879807,neither,high,4.0,high,1.0,2.0
"Rat heart, female 1 wk",DNAJC15,-1.0,2.5693902013612,2.77250490585295,neither,high,2.0,mid,1.0,1.0
"Rat heart, female 1 wk",DPM1,1.0,1.38338103914873,-1.45622445902147,neither,mid,0.0,high,1.0,1.0
"Rat heart, female 1 wk",DPYSL3,1.0,-0.414563400418332,1.30527133336345,neither,mid,0.0,mid,1.0,1.0
"Rat heart, female 1 wk",DVL1,-1.0,-0.490000676717435,0.762856724929948,neither,high,2.0,high,1.0,1.0
"Rat heart, female 1 wk",EDNRA,1.0,-0.984396781203411,1.72157482337638,neither,high,6.0,mid,1.0,1.0
"Rat heart, female 1 wk",EFEMP1,1.0,-0.154498830081639,2.31567760674176,neither,mid,0.0,high,1.0,1.0
"Rat heart, female 1 wk",EGLN1,-1.0,-0.73860814915008,0.0194937833412948,neither,high,0.0,high,1.0,1.0
"Rat heart, female 1 wk",EHBP1L1,-1.0,0.0077655876687561,-1.04018214252955,neither,high,0.0,high,1.0,1.0
"Rat heart, female 1 wk",EHD3,1.0,-0.07912810147964,1.51512886273888,neither,mid,0.0,high,1.0,1.0
"Rat heart, female 1 wk",EIF1AX,-1.0,-0.22802795070658,-0.818715071530241,neither,high,0.0,high,1.0,1.0
"Rat heart, female 1 wk",EIF1AY,1.0,-0.487409172651034,0.912945739381799,neither,mid,2.0,high,1.0,1.0
"Rat heart, female 1 wk",EMC2,1.0,0.99396636063772,-3.31274327356256,neither,mid,0.0,high,1.0,1.0
"Rat heart, female 1 wk",EMC6,-1.0,-0.269384791939987,-0.445989387780474,neither,high,8.0,high,1.0,1.0
"Rat heart, female 1 wk",EPB41L2,1.0,-1.19053906671384,0.15225527755405,neither,high,0.0,high,1.0,1.0
"Rat heart, female 1 wk",EPHX2,1.0,1.84953855423186,2.15529814777418,neither,high,0.0,mid,1.0,2.0
"Rat heart, female 1 wk",EPM2AIP1,1.0,1.1287616132703,-1.98066123948362,neither,high,0.0,mid,1.0,1.0
"Rat heart, female 1 wk",EPN3,-1.0,-0.423079901550021,-1.31738600362924,neither,mid,0.0,mid,1.0,1.0
"Rat heart, female 1 wk",ERLIN2,1.0,0.349766969143081,-0.747941383569317,neither,high,0.0,mid,1.0,1.0
"Rat heart, female 1 wk",EVL,1.0,-0.233303169411114,-0.722019832303737,neither,mid,0.0,mid,1.0,1.0
"Rat heart, female 1 wk",F5,1.0,1.25997479838952,1.68702651829023,neither,low,0.0,low,1.0,1.0
"Rat heart, female 1 wk",FAM13A,1.0,-1.72177445078325,-0.0656317673791218,neither,high,4.0,low,1.0,1.0
"Rat heart, female 1 wk",FASN,-1.0,-2.11081247216993,0.642971071515249,neither,mid,0.0,mid,1.0,1.0
"Rat heart, female 1 wk",FBLN2,1.0,-0.683137421810835,0.415406010229439,neither,high,0.0,high,1.0,1.0
"Rat heart, female 1 wk",FBN1,1.0,-1.63268549345074,0.0517592754361894,neither,high,0.0,mid,1.0,1.0
"Rat heart, female 1 wk",FBXO40,1.0,0.819109258481216,1.3052602229957,neither,high,0.0,high,1.0,1.0
"Rat heart, female 1 wk",FCGRT,1.0,-1.10006359378986,-0.0255765181798265,neither,high,8.0,high,1.0,1.0
"Rat heart, female 1 wk",FCN3,-1.0,0.0213962806282727,0.393513866072119,neither,low,0.0,high,1.0,1.0
"Rat heart, female 1 wk",FERMT2,-1.0,-0.617247810943371,0.574879000290062,neither,high,4.0,high,1.0,2.0
"Rat heart, female 1 wk",FGF1,1.0,2.43802700336547,1.56666946513947,neither,high,0.0,mid,1.0,1.0
"Rat heart, female 1 wk",FGF12,1.0,-1.89030257302854,-0.258585866360109,neither,mid,0.0,high,1.0,1.0
"Rat heart, female 1 wk",FHOD3,1.0,0.314297361323065,0.68300443564171,neither,high,0.0,high,1.0,1.0
"Rat heart, female 1 wk",FKBP4,-1.0,0.624479124525618,1.45043934208565,neither,high,0.0,high,1.0,1.0
"Rat heart, female 1 wk",FKBP5,-1.0,2.20605443249214,3.00359836705954,neither,high,0.0,high,1.0,1.0
"Rat heart, female 1 wk",FLII,-1.0,-0.207944874657887,-1.64584930014955,neither,high,0.0,high,1.0,2.0
"Rat heart, female 1 wk",FLNC,-1.0,0.44930620026776,-2.46973313416159,neither,high,0.0,high,1.0,1.0
"Rat heart, female 1 wk",FMOD,1.0,2.61756088897064,1.2558661851192,neither,mid,0.0,mid,1.0,1.0
"Rat heart, female 1 wk",FNBP1L,1.0,-0.959599067750832,1.05723256072398,neither,mid,0.0,mid,1.0,1.0
"Rat heart, female 1 wk",FRZB,1.0,0.639573992210463,0.431523372423704,neither,low,0.0,low,1.0,1.0
"Rat heart, female 1 wk",FSTL1,1.0,-0.882670037300606,-0.806254452030473,neither,high,2.0,high,1.0,1.0
"Rat heart, female 1 wk",FUCA1,1.0,0.071730798567344,-1.27227153791601,neither,mid,0.0,mid,1.0,1.0
"Rat heart, female 1 wk",GALNT11,1.0,0.581375386869692,2.50315512413133,neither,high,8.0,mid,1.0,1.0
"Rat heart, female 1 wk",GATM,1.0,-0.231034304551246,1.20883762636012,neither,mid,0.0,mid,1.0,1.0
"Rat heart, female 1 wk",GCLM,-1.0,2.56228861693089,-0.272126412868455,neither,mid,0.0,low,1.0,1.0
"Rat heart, female 1 wk",GLOD4,1.0,1.41157523068722,0.305066888530078,neither,mid,0.0,mid,1.0,1.0
"Rat heart, female 1 wk",GLRX,1.0,-0.453071837988288,1.57414132496838,neither,mid,0.0,high,1.0,1.0
"Rat heart, female 1 wk",GLRX2,-1.0,0.103767565420046,1.81124903093842,neither,mid,0.0,high,1.0,1.0
"Rat heart, female 1 wk",GLUL,-1.0,0.559412515286518,-1.61995196884275,neither,high,0.0,high,1.0,1.0
"Rat heart, female 1 wk",GMPR,-1.0,2.07296448350346,2.59127699159845,neither,high,0.0,high,1.0,1.0
"Rat heart, female 1 wk",GNL3,-1.0,0.426786249804518,-0.665966139325126,neither,mid,0.0,high,1.0,1.0
"Rat heart, female 1 wk",GPD1L,-1.0,1.20833301152504,0.705048801994697,neither,high,0.0,high,1.0,1.0
"Rat heart, female 1 wk",GPX3,-1.0,2.00701901846422,-0.357061722519603,neither,high,0.0,high,1.0,1.0
"Rat heart, female 1 wk",GSTT1,1.0,-0.0164063837128153,0.581863560589047,neither,low,8.0,,1.0,1.0
"Rat heart, female 1 wk",GTF2E1,1.0,-0.831133855297482,-1.89535165237735,neither,mid,6.0,low,1.0,1.0
"Rat heart, female 1 wk",GTF2IRD1,-1.0,-1.29700740804275,0.144378675318893,neither,low,4.0,mid,2.0,1.0
"Rat heart, female 1 wk",GTPBP6,-1.0,-0.242355877822486,0.692968557751113,neither,mid,0.0,high,2.0,1.0
"Rat heart, female 1 wk",HBA1,1.0,2.94853415903039,1.18735754731495,neither,mid,0.0,mid,2.0,1.0
"Rat heart, female 1 wk",HBB,1.0,2.10604084034461,0.748540503991954,neither,mid,0.0,high,1.0,1.0
"Rat heart, female 1 wk",HBD,1.0,0.283526688713002,0.643996653037059,neither,low,0.0,low,2.0,1.0
"Rat heart, female 1 wk",HEG1,1.0,0.594420608015533,-1.60041312597737,neither,high,2.0,high,1.0,1.0
"Rat heart, female 1 wk",HERC6,1.0,0.339966507677472,-0.737345586619771,neither,mid,2.0,mid,1.0,1.0
"Rat heart, female 1 wk",HLTF,1.0,0.944892143195714,-1.03587646032122,neither,high,0.0,mid,1.0,1.0
"Rat heart, female 1 wk",HMGCL,1.0,-0.517138430482113,0.653141100221927,neither,high,0.0,mid,1.0,1.0
"Rat heart, female 1 wk",HMGN1,1.0,0.277935868032057,1.50008678029007,neither,high,0.0,high,2.0,1.0
"Rat heart, female 1 wk",HMGN2,1.0,0.693163905043526,1.18187761087985,neither,high,0.0,high,1.0,1.0
"Rat heart, female 1 wk",HMOX2,-1.0,0.990100964008361,-0.68335756438094,neither,high,0.0,high,1.0,1.0
"Rat heart, female 1 wk",HOPX,-1.0,-0.353513601054667,-1.17934349456057,neither,mid,0.0,mid,1.0,1.0
"Rat heart, female 1 wk",HPRT1,1.0,2.28667510734193,0.0601239402158326,neither,mid,0.0,high,2.0,1.0
"Rat heart, female 1 wk",HSP90AA1,-1.0,0.648763925415542,1.14705582953816,neither,high,0.0,high,2.0,1.0
"Rat heart, female 1 wk",HSPA2,1.0,-1.42135058934492,1.70760647946303,neither,low,0.0,mid,1.0,1.0
"Rat heart, female 1 wk",HSPA5,1.0,-1.04049540366566,0.779038209190101,neither,high,0.0,high,1.0,1.0
"Rat heart, female 1 wk",HSPB2,-1.0,2.26256011849619,-1.52716662736217,neither,high,0.0,high,1.0,1.0
"Rat heart, female 1 wk",HSPB6,1.0,1.01741556388567,0.635849581541325,neither,high,0.0,high,1.0,1.0
"Rat heart, female 1 wk",HTRA1,1.0,0.342112360858358,-2.20393666380709,neither,high,0.0,high,1.0,1.0
"Rat heart, female 1 wk",IFI44L,1.0,1.85520941841517,0.352024518110093,neither,low,8.0,mid,1.0,1.0
"Rat heart, female 1 wk",IFIT3,1.0,0.901126374338847,-1.00457342453719,neither,mid,0.0,mid,1.0,1.0
"Rat heart, female 1 wk",IL1RL1,-1.0,-0.410797010526645,-0.38925452978721,neither,low,0.0,mid,1.0,1.0
"Rat heart, female 1 wk",IRS1,-1.0,-0.516745974800525,0.333224563939752,neither,high,0.0,mid,1.0,1.0
"Rat heart, female 1 wk",IRS2,-1.0,0.0657997147306963,-1.4168509565441,neither,high,0.0,mid,1.0,1.0
"Rat heart, female 1 wk",ITFG1,1.0,1.19098902571413,-2.3984661966576,neither,high,2.0,mid,1.0,1.0
"Rat heart, female 1 wk",ITGA5,-1.0,-0.0524625439582908,-0.351065326866007,neither,high,0.0,high,1.0,1.0
"Rat heart, female 1 wk",IVNS1ABP,1.0,1.86104250043438,3.04777461523397,neither,high,0.0,high,1.0,1.0
"Rat heart, female 1 wk",JAK2,1.0,-0.963413250062739,-1.56263408496342,neither,mid,0.0,mid,1.0,1.0
"Rat heart, female 1 wk",JUP,-1.0,0.017236684915776,-1.09676085802649,neither,high,0.0,high,1.0,1.0
"Rat heart, female 1 wk",KCNIP2,-1.0,1.20072913777518,-0.379617063985658,neither,high,8.0,high,2.0,1.0
"Rat heart, female 1 wk",KLF4,-1.0,0.0116854362646946,-0.804839554599761,neither,high,0.0,high,1.0,1.0
"Rat heart, female 1 wk",KLHL21,-1.0,1.07596042936705,-0.470129156136671,neither,high,2.0,high,1.0,1.0
"Rat heart, female 1 wk",KLHL41,-1.0,-1.12314831322459,-1.28934618130448,neither,high,0.0,high,1.0,1.0
"Rat heart, female 1 wk",KPNA2,-1.0,-0.093699809983263,-0.620751853848636,neither,high,0.0,mid,1.0,1.0
"Rat heart, female 1 wk",LAMB1,1.0,-0.830855600873788,-1.66213440168736,neither,high,0.0,high,1.0,1.0
"Rat heart, female 1 wk",LARP6,-1.0,1.20870978486405,1.73157022496627,neither,low,4.0,high,1.0,1.0
"Rat heart, female 1 wk",LMCD1,-1.0,1.01512477958296,-1.72659232501748,neither,high,0.0,mid,1.0,1.0
"Rat heart, female 1 wk",LOXL1,1.0,-0.538418631645382,-0.736375164309745,neither,mid,0.0,high,1.0,1.0
"Rat heart, female 1 wk",LPIN1,-1.0,1.04098027405668,3.1952992113205,neither,high,0.0,high,1.0,1.0
"Rat heart, female 1 wk",LRRC49,1.0,0.0290697562266572,2.51792349899155,neither,mid,4.0,mid,1.0,1.0
"Rat heart, female 1 wk",LRRC59,-1.0,-0.659727383101679,-1.31359286361583,neither,high,0.0,high,1.0,1.0
"Rat heart, female 1 wk",LSAMP,-1.0,1.7661894347894,-0.243306949883331,neither,mid,0.0,low,1.0,1.0
"Rat heart, female 1 wk",LSP1,1.0,-1.05135939987798,-1.48783801668777,neither,mid,0.0,mid,1.0,1.0
"Rat heart, female 1 wk",LTBP1,1.0,0.666805662412953,1.62298721956619,neither,high,0.0,high,1.0,1.0
"Rat heart, female 1 wk",LTBP2,1.0,1.15417115149385,0.293985229376671,neither,mid,0.0,high,1.0,1.0
"Rat heart, female 1 wk",LUM,1.0,0.183792208618727,0.497721325655689,neither,high,0.0,high,1.0,1.0
"Rat heart, female 1 wk",LYVE1,-1.0,0.999588293859325,0.762602273048528,neither,high,2.0,mid,1.0,1.0
"Rat heart, female 1 wk",MAFF,-1.0,1.50717190883316,0.929208903182315,neither,mid,0.0,mid,1.0,1.0
"Rat heart, female 1 wk",MAGED1,1.0,0.515338524883953,1.94380291723422,neither,high,0.0,high,1.0,1.0
"Rat heart, female 1 wk",MAGED2,1.0,0.078804500980088,1.92067524132174,neither,mid,0.0,high,1.0,1.0
"Rat heart, female 1 wk",MAP1LC3B,-1.0,0.924149513896277,-1.80768687960367,neither,high,0.0,high,1.0,1.0
"Rat heart, female 1 wk",MAP2K1,-1.0,-0.431076264033747,0.0131704268254044,neither,high,0.0,high,1.0,1.0
"Rat heart, female 1 wk",MARK3,-1.0,0.8632378182488,1.44311660560286,neither,high,0.0,high,1.0,2.0
"Rat heart, female 1 wk",MBNL2,-1.0,0.832207129947762,0.0662525639243603,neither,high,0.0,high,1.0,1.0
"Rat heart, female 1 wk",MCM6,1.0,-2.08535024821854,-0.959371402033273,neither,low,0.0,low,1.0,1.0
"Rat heart, female 1 wk",MEIS1,-1.0,-2.35236838489819,-0.723520158318772,neither,mid,2.0,mid,1.0,1.0
"Rat heart, female 1 wk",METTL22,-1.0,0.0337057262391836,0.444165773232367,neither,mid,4.0,mid,1.0,1.0
"Rat heart, female 1 wk",MFAP4,1.0,-0.5267124654501,0.0705581907830783,neither,low,0.0,high,2.0,1.0
"Rat heart, female 1 wk",MKNK2,-1.0,0.0029856206353289,-1.75814629747271,neither,high,6.0,high,1.0,1.0
"Rat heart, female 1 wk",MOAP1,1.0,-1.00192291709759,0.850432831371219,neither,low,6.0,high,1.0,1.0
"Rat heart, female 1 wk",MPI,1.0,-0.22324035912823,0.78264827794392,neither,high,0.0,mid,1.0,1.0
"Rat heart, female 1 wk",MPP3,-1.0,1.29458482971116,-0.347746403710086,neither,low,4.0,high,1.0,1.0
"Rat heart, female 1 wk",MRPL34,-1.0,-0.41624092697059,0.89908340086401,neither,mid,0.0,high,1.0,1.0
"Rat heart, female 1 wk",MTCH1,-1.0,-1.5586513670353,-0.20279211996229,neither,high,0.0,high,1.0,1.0
"Rat heart, female 1 wk",MTR,1.0,-0.48930510571249,-1.45212333521409,neither,mid,0.0,mid,1.0,1.0
"Rat heart, female 1 wk",MTUS2,-1.0,-0.404188784864995,0.779020091481208,neither,high,0.0,high,1.0,1.0
"Rat heart, female 1 wk",MX1,1.0,-0.0501387534844069,-1.12557946067758,neither,mid,0.0,mid,1.0,1.0
"Rat heart, female 1 wk",MXI1,-1.0,1.33226380752894,-0.873905275765155,neither,high,8.0,high,1.0,1.0
"Rat heart, female 1 wk",MYL7,-1.0,1.4829400939686,0.943500470846938,neither,high,0.0,high,1.0,1.0
"Rat heart, female 1 wk",MYO16,-1.0,-0.179465518985098,-1.1760076026414,neither,low,0.0,low,1.0,1.0
"Rat heart, female 1 wk",MYOM2,1.0,0.237466212598383,-0.611179646061946,neither,high,0.0,high,1.0,1.0
"Rat heart, female 1 wk",MYOT,-1.0,1.37248497341082,-0.69298012975927,neither,low,0.0,mid,2.0,1.0
"Rat heart, female 1 wk",NAA15,-1.0,0.720508160225059,-1.31550296212005,neither,high,0.0,mid,1.0,1.0
"Rat heart, female 1 wk",NACC2,-1.0,-0.0608926145671594,-1.35833791042493,neither,high,6.0,high,1.0,1.0
"Rat heart, female 1 wk",NAMPT,-1.0,0.862968220238333,1.43276059882743,neither,high,0.0,high,1.0,1.0
"Rat heart, female 1 wk",NCAM1,-1.0,-0.704249358173258,0.791845800446608,neither,mid,0.0,high,1.0,2.0
"Rat heart, female 1 wk",NCF2,1.0,0.206503219690601,0.382664349645673,neither,low,8.0,low,1.0,1.0
"Rat heart, female 1 wk",NDRG4,-1.0,-0.97287192243747,-0.595679852365118,neither,high,0.0,high,1.0,1.0
"Rat heart, female 1 wk",NID1,-1.0,-0.906941325704163,-1.92806149949084,neither,high,0.0,high,1.0,1.0
"Rat heart, female 1 wk",NIT2,1.0,1.62932867351148,-0.0362838360662842,neither,mid,0.0,mid,1.0,1.0
"Rat heart, female 1 wk",NKX2-5,-1.0,0.823328785761035,1.11260047096936,neither,high,4.0,high,1.0,1.0
"Rat heart, female 1 wk",NOS3,-1.0,1.28291647538609,-1.083726548185,neither,high,0.0,mid,1.0,1.0
"Rat heart, female 1 wk",NPPA,1.0,1.54688560571872,0.443436993470011,neither,high,0.0,high,1.0,1.0
"Rat heart, female 1 wk",NPPB,1.0,0.979391208236714,0.0587841579012092,neither,high,0.0,high,1.0,1.0
"Rat heart, female 1 wk",NQO2,-1.0,-0.663596461052537,-0.297665481586362,neither,high,0.0,mid,1.0,1.0
"Rat heart, female 1 wk",NRAP,-1.0,0.82638418088569,-0.673654711866064,neither,high,0.0,high,1.0,2.0
"Rat heart, female 1 wk",NUCB2,1.0,2.14523811020998,-0.658862242556699,neither,high,0.0,mid,1.0,1.0
"Rat heart, female 1 wk",NUDT3,1.0,-0.52645154116448,-0.47957399835451,neither,high,0.0,high,1.0,1.0
"Rat heart, female 1 wk",NUDT4,-1.0,-0.116603571332738,0.114843625232591,neither,high,0.0,high,1.0,1.0
"Rat heart, female 1 wk",NUP37,1.0,0.381213346914867,0.160116530962574,neither,low,0.0,mid,1.0,1.0
"Rat heart, female 1 wk",OGDH,-1.0,-0.609091061688017,0.609948461775675,neither,high,0.0,high,1.0,1.0
"Rat heart, female 1 wk",OGN,1.0,1.67848832166751,0.704894844330484,neither,high,0.0,mid,2.0,1.0
"Rat heart, female 1 wk",OLFML3,1.0,-0.698409357797418,-0.317172641748859,neither,mid,0.0,mid,1.0,1.0
"Rat heart, female 1 wk",P2RX5,-1.0,2.34369546203318,-0.164983967426392,neither,high,0.0,mid,1.0,1.0
"Rat heart, female 1 wk",PALMD,1.0,-1.91111539694685,-1.16682722340664,neither,high,0.0,high,1.0,1.0
"Rat heart, female 1 wk",PCCB,1.0,-0.280714237273518,0.473120776179952,neither,high,0.0,high,1.0,1.0
"Rat heart, female 1 wk",PCNT,-1.0,1.54593465852357,0.313760363145973,neither,high,0.0,mid,1.0,1.0
"Rat heart, female 1 wk",PCOLCE,1.0,-0.719750757690583,-0.123405492654597,neither,mid,0.0,high,1.0,1.0
"Rat heart, female 1 wk",PDK4,1.0,-0.210623876734311,1.36441374081641,neither,high,0.0,high,1.0,1.0
"Rat heart, female 1 wk",PDLIM3,1.0,1.04428729873632,2.63647288533503,neither,high,2.0,high,1.0,3.0
"Rat heart, female 1 wk",PDZD2,-1.0,0.301695800554351,-2.23308305596305,neither,high,0.0,mid,1.0,1.0
"Rat heart, female 1 wk",PHF11,1.0,-0.719248875492364,-0.0274867514884312,neither,low,8.0,mid,1.0,1.0
"Rat heart, female 1 wk",PHLDA1,1.0,1.36781014177908,2.47372561970705,neither,high,8.0,mid,1.0,1.0
"Rat heart, female 1 wk",PKM,1.0,1.48760766438107,0.477005596447601,neither,high,0.0,high,1.0,2.0
"Rat heart, female 1 wk",PLA2G2A,-1.0,2.10021271394485,2.09943237433278,neither,mid,0.0,high,1.0,1.0
"Rat heart, female 1 wk",PLBD1,1.0,0.983730937602196,-1.85669470978801,neither,high,0.0,high,1.0,1.0
"Rat heart, female 1 wk",PLIN2,-1.0,0.0667805523997006,-1.89886509670819,neither,high,0.0,high,1.0,1.0
"Rat heart, female 1 wk",PLP2,-1.0,-1.09111116629613,-0.129891819944095,neither,mid,6.0,high,1.0,1.0
"Rat heart, female 1 wk",PLXDC1,1.0,-0.556481587333742,0.31741657362636,neither,mid,4.0,mid,1.0,1.0
"Rat heart, female 1 wk",PODXL,-1.0,-1.10998658872762,0.635470436090207,neither,high,0.0,high,1.0,1.0
"Rat heart, female 1 wk",POGLUT1,-1.0,-0.0815808935672594,-0.252262745893281,neither,low,0.0,mid,1.0,1.0
"Rat heart, female 1 wk",POLE3,-1.0,-0.743436456038571,-1.55160385076011,neither,low,0.0,high,2.0,1.0
"Rat heart, female 1 wk",POR,-1.0,3.42156639181202,-0.244519249986824,neither,high,0.0,high,1.0,1.0
"Rat heart, female 1 wk",PPL,-1.0,1.67755177474901,3.59189379065238,neither,mid,0.0,mid,1.0,1.0
"Rat heart, female 1 wk",PPP1R12B,1.0,-0.968740782566302,-1.02757494660894,neither,high,0.0,high,1.0,2.0
"Rat heart, female 1 wk",PPT1,1.0,-1.41741468307198,-4.31814222218904,neither,mid,0.0,high,1.0,1.0
"Rat heart, female 1 wk",PRDX4,1.0,-0.505349064919789,0.805471992197488,neither,low,2.0,high,1.0,1.0
"Rat heart, female 1 wk",PRDX6,-1.0,1.03429877275312,-0.680912633136177,neither,high,0.0,high,1.0,1.0
"Rat heart, female 1 wk",PSD3,1.0,-0.306431500459709,-1.47885664170435,neither,mid,2.0,mid,1.0,1.0
"Rat heart, female 1 wk",PSMB10,1.0,-0.296611150874427,-0.786119655159929,neither,mid,0.0,high,1.0,1.0
"Rat heart, female 1 wk",PSME4,-1.0,0.971000301857168,-0.190374131771333,neither,high,0.0,high,1.0,1.0
"Rat heart, female 1 wk",PSPH,-1.0,1.49416082188848,-1.79205215881323,neither,low,0.0,mid,1.0,1.0
"Rat heart, female 1 wk",PTN,1.0,0.673213299564101,1.29470966733174,neither,low,6.0,high,1.0,1.0
"Rat heart, female 1 wk",PTP4A2,-1.0,1.93907073336339,-1.49587492311493,neither,high,0.0,high,1.0,1.0
"Rat heart, female 1 wk",PTP4A3,-1.0,2.42741267795272,0.166256772079757,neither,high,8.0,high,1.0,1.0
"Rat heart, female 1 wk",PXMP2,-1.0,0.0671716368051515,-0.704680353037534,neither,high,0.0,high,1.0,1.0
"Rat heart, female 1 wk",QSOX1,-1.0,1.18673425471719,0.623563269238086,neither,mid,6.0,high,1.0,1.0
"Rat heart, female 1 wk",RAB9A,-1.0,1.2603665206129,1.28447978401633,neither,mid,2.0,mid,1.0,1.0
"Rat heart, female 1 wk",RABAC1,-1.0,-1.09005992005756,0.129458264654461,neither,high,4.0,high,1.0,1.0
"Rat heart, female 1 wk",RANGAP1,-1.0,-0.1947621242058,-0.649317066054518,neither,high,0.0,high,1.0,1.0
"Rat heart, female 1 wk",RBFOX1,-1.0,3.645566553389,2.3910303659162,neither,high,2.0,mid,1.0,1.0
"Rat heart, female 1 wk",RBM10,1.0,0.937547573940449,0.880049188271289,neither,high,0.0,high,1.0,1.0
"Rat heart, female 1 wk",RBP4,-1.0,-0.946964083240343,-1.41272895427518,neither,low,0.0,low,1.0,1.0
"Rat heart, female 1 wk",RCAN1,-1.0,-0.516658756585707,-2.29116407480689,neither,high,4.0,high,1.0,1.0
"Rat heart, female 1 wk",RCBTB2,1.0,0.374876754822025,-1.88671011652258,neither,mid,0.0,mid,1.0,1.0
"Rat heart, female 1 wk",REV1,-1.0,1.49653127726317,0.535840193041718,neither,high,2.0,high,1.0,1.0
"Rat heart, female 1 wk",RHOC,-1.0,-0.173590781230555,0.950969709480247,neither,high,0.0,high,1.0,1.0
"Rat heart, female 1 wk",RHOT1,-1.0,1.03838677562442,-0.536711307024781,neither,high,0.0,mid,1.0,1.0
"Rat heart, female 1 wk",RNASET2,1.0,-0.24775815638121,0.689394055139245,neither,mid,0.0,mid,1.0,1.0
"Rat heart, female 1 wk",RNF14,-1.0,2.13370111909953,-0.866761871266788,neither,high,0.0,high,1.0,1.0
"Rat heart, female 1 wk",RNF146,1.0,0.152398300278126,-1.1383093087751,neither,mid,0.0,high,1.0,1.0
"Rat heart, female 1 wk",RWDD1,-1.0,0.931129916879763,0.470772743584953,neither,mid,0.0,high,1.0,1.0
"Rat heart, female 1 wk",S100A8,-1.0,0.33171925328635,-0.77146017045931,neither,low,0.0,high,1.0,1.0
"Rat heart, female 1 wk",S100A9,-1.0,1.34320270712801,-1.35165695425459,neither,low,0.0,high,1.0,1.0
"Rat heart, female 1 wk",SAMHD1,-1.0,0.136818908389481,-1.29946185001315,neither,low,0.0,high,1.0,1.0
"Rat heart, female 1 wk",SEC31A,1.0,1.54366589816159,-0.34867597424548,neither,high,0.0,high,1.0,1.0
"Rat heart, female 1 wk",SEC61A1,-1.0,-0.273528344736521,-1.00267954171353,neither,high,0.0,high,1.0,1.0
"Rat heart, female 1 wk",SERPINE1,-1.0,1.91719004641863,0.651449840522056,neither,high,6.0,high,1.0,1.0
"Rat heart, female 1 wk",SERPINE2,1.0,-0.197853242960281,0.321522314605238,neither,high,0.0,mid,1.0,1.0
"Rat heart, female 1 wk",SH3BGR,-1.0,0.369972381832066,0.406334153373107,neither,high,0.0,high,2.0,1.0
"Rat heart, female 1 wk",SH3BGRL,1.0,0.931774479339399,1.47968569743883,neither,low,0.0,high,1.0,1.0
"Rat heart, female 1 wk",SH3GL2,1.0,-2.31917686784349,0.92073994881078,neither,low,0.0,low,1.0,1.0
"Rat heart, female 1 wk",SIK1,-1.0,0.0500907023932993,-1.01908914415195,neither,mid,0.0,low,1.0,1.0
"Rat heart, female 1 wk",SLC25A11,1.0,-0.147849049471287,-1.19420828718248,neither,high,0.0,high,1.0,1.0
"Rat heart, female 1 wk",SLC25A12,-1.0,-0.132273187032114,-0.308806778012682,neither,high,0.0,high,1.0,1.0
"Rat heart, female 1 wk",SLC25A20,1.0,1.35407377717798,-0.114306395350696,neither,high,0.0,high,1.0,1.0
"Rat heart, female 1 wk",SLC30A1,1.0,-0.957495224911934,1.73270998997084,neither,mid,0.0,mid,1.0,1.0
"Rat heart, female 1 wk",SLC39A14,-1.0,1.82503336127936,0.409778535788326,neither,high,0.0,high,1.0,1.0
"Rat heart, female 1 wk",SLCO2A1,-1.0,0.53465019665611,0.380662364429266,neither,low,8.0,high,1.0,1.0
"Rat heart, female 1 wk",SNRPB,-1.0,-1.41031691708798,-1.70787265205372,neither,high,0.0,high,1.0,1.0
"Rat heart, female 1 wk",SNX7,-1.0,-0.298857961096562,0.814871455294506,neither,low,0.0,mid,1.0,1.0
"Rat heart, female 1 wk",SORT1,-1.0,0.13123071016491,1.19739926929782,neither,high,0.0,high,1.0,1.0
"Rat heart, female 1 wk",SOS1,-1.0,-0.285619828677228,-1.17838919475598,neither,high,0.0,mid,1.0,1.0
"Rat heart, female 1 wk",SPARC,1.0,-0.673957669020025,0.68277660893563,neither,high,0.0,high,1.0,1.0
"Rat heart, female 1 wk",SPG11,1.0,0.047525501104287,-2.58188846991358,neither,high,0.0,mid,1.0,1.0
"Rat heart, female 1 wk",SRGN,-1.0,0.0563085457552808,2.92208975953976,neither,mid,6.0,high,1.0,1.0
"Rat heart, female 1 wk",SSPN,1.0,0.733360632493977,1.02380005099038,neither,high,2.0,mid,1.0,1.0
"Rat heart, female 1 wk",STAT3,-1.0,0.526125464277646,-1.25732645196487,neither,high,0.0,high,1.0,1.0
"Rat heart, female 1 wk",STEAP3,-1.0,0.887951496076693,0.17140026931103,neither,mid,6.0,mid,1.0,1.0
"Rat heart, female 1 wk",STIP1,-1.0,-0.977170140769966,1.48146381366563,neither,high,0.0,high,1.0,1.0
"Rat heart, female 1 wk",STK38L,1.0,-0.258095772282555,-1.45791678593152,neither,high,0.0,mid,1.0,1.0
"Rat heart, female 1 wk",SUCLA2,1.0,0.660786274730246,0.760885337020895,neither,high,0.0,high,1.0,1.0
"Rat heart, female 1 wk",SUN2,-1.0,0.788237479337667,0.628758876107592,neither,high,0.0,high,1.0,1.0
"Rat heart, female 1 wk",SYNPO2L,1.0,1.74672335189611,0.459578755427182,neither,high,0.0,high,1.0,1.0
"Rat heart, female 1 wk",TAPBPL,1.0,-0.651860456020166,-1.43293680376722,neither,mid,6.0,mid,1.0,1.0
"Rat heart, female 1 wk",TGFBR3,-1.0,1.09756574190066,2.25619345100822,neither,high,6.0,mid,1.0,1.0
"Rat heart, female 1 wk",TGM2,-1.0,-1.63872901642599,0.327912847028499,neither,high,0.0,high,1.0,1.0
"Rat heart, female 1 wk",THBS1,-1.0,1.29444208941654,2.2067126576545,neither,mid,0.0,high,1.0,1.0
"Rat heart, female 1 wk",THBS2,1.0,-1.15218693295257,1.1007694516411,neither,high,6.0,mid,1.0,1.0
"Rat heart, female 1 wk",THBS4,1.0,1.85263962022704,1.17982676013057,neither,mid,0.0,high,1.0,1.0
"Rat heart, female 1 wk",TIE1,1.0,-0.670202385223252,0.366177857942137,neither,high,8.0,high,1.0,1.0
"Rat heart, female 1 wk",TIMP3,-1.0,2.38861456221282,2.46109639535855,neither,high,0.0,high,1.0,1.0
"Rat heart, female 1 wk",TLN1,1.0,0.500854511060079,1.39097765500007,neither,high,0.0,high,1.0,1.0
"Rat heart, female 1 wk",TMEM38B,-1.0,-0.846987038023803,1.59026379052694,neither,mid,4.0,mid,1.0,1.0
"Rat heart, female 1 wk",TMSB4X,1.0,-1.02198068072508,0.333400023798501,neither,high,0.0,high,1.0,1.0
"Rat heart, female 1 wk",TNNI1,1.0,0.843302117842645,2.24457552422701,neither,low,0.0,low,1.0,1.0
"Rat heart, female 1 wk",TPCN1,1.0,-0.133315829091233,0.0997019148715616,neither,high,0.0,high,1.0,1.0
"Rat heart, female 1 wk",TPPP3,1.0,-1.05156403767604,-0.0711510677819403,neither,mid,0.0,mid,1.0,1.0
"Rat heart, female 1 wk",TPRKB,-1.0,-1.1524576201921,0.538716598633039,neither,low,0.0,high,2.0,1.0
"Rat heart, female 1 wk",TRDN,-1.0,2.70735514298337,-0.0036354612027222,neither,high,0.0,high,1.0,1.0
"Rat heart, female 1 wk",TRMT5,1.0,-1.24358773384458,-0.609973380432286,neither,low,0.0,low,1.0,1.0
"Rat heart, female 1 wk",TUBA4A,-1.0,0.059901781023714,0.20883979813262,neither,high,0.0,high,1.0,1.0
"Rat heart, female 1 wk",TUBG1,-1.0,0.119587541877665,1.14351987916227,neither,high,0.0,high,1.0,1.0
"Rat heart, female 1 wk",TXNIP,1.0,0.0027048276215854,0.453868997722307,neither,high,0.0,high,1.0,1.0
"Rat heart, female 1 wk",TXNRD1,-1.0,0.856075633756331,1.37042624540927,neither,high,0.0,high,1.0,1.0
"Rat heart, female 1 wk",UAP1,-1.0,1.06994959080439,1.43635719823284,neither,high,0.0,high,1.0,1.0
"Rat heart, female 1 wk",UBFD1,-1.0,0.520469607912921,-0.821915628515047,neither,mid,0.0,high,1.0,1.0
"Rat heart, female 1 wk",UBQLN2,1.0,2.37732625286614,0.549973819412204,neither,high,0.0,high,1.0,1.0
"Rat heart, female 1 wk",UFSP2,1.0,-0.735677714851855,-2.57237481231537,neither,mid,0.0,high,1.0,1.0
"Rat heart, female 1 wk",UGP2,-1.0,2.2028935077798,0.64959169412584,neither,high,0.0,high,1.0,2.0
"Rat heart, female 1 wk",VCAN,1.0,0.205651442748378,0.301226208444792,neither,high,0.0,mid,1.0,1.0
"Rat heart, female 1 wk",VEZF1,-1.0,1.89167819577559,-1.20048890397464,neither,high,0.0,high,1.0,1.0
"Rat heart, female 1 wk",VPS13D,-1.0,-0.759720946930508,-0.294475294105944,neither,high,0.0,mid,1.0,1.0
"Rat heart, female 1 wk",VTN,1.0,-0.864902101595562,0.655857824905549,neither,high,0.0,high,1.0,1.0
"Rat heart, female 1 wk",WFS1,1.0,0.69193378311484,0.929922748956349,neither,high,0.0,high,1.0,1.0
"Rat heart, female 1 wk",XRCC4,-1.0,1.02794909832883,1.80690881439883,neither,mid,0.0,low,1.0,1.0
"Rat heart, female 1 wk",YBX3,-1.0,2.76671291498633,3.25822246839089,neither,high,0.0,high,1.0,1.0
"Rat heart, female 1 wk",YEATS2,1.0,0.065349290137294,-0.244303140364558,neither,mid,4.0,mid,1.0,1.0
"Rat heart, female 1 wk",ZBTB16,1.0,2.26186425631495,-1.76329658712139,neither,high,0.0,mid,1.0,1.0
"Rat heart, female 2 wk",ABHD5,-1.0,0.756418557806146,-1.04589029135479,neither,mid,0.0,mid,1.0,1.0
"Rat heart, female 2 wk",ABL1,-1.0,0.309402782133591,-1.4473264973027,neither,high,0.0,high,2.0,1.0
"Rat heart, female 2 wk",ACSS3,-1.0,0.0835771049528032,0.492025184464958,neither,low,0.0,mid,1.0,1.0
"Rat heart, female 2 wk",ACTA1,-1.0,-0.0182158438743475,2.43316905333444,neither,high,0.0,high,1.0,1.0
"Rat heart, female 2 wk",ADAMTS1,-1.0,0.700633701314388,0.287690588717567,neither,high,6.0,high,1.0,1.0
"Rat heart, female 2 wk",ADAMTSL3,1.0,-1.15306519008823,-1.95442974817127,neither,mid,0.0,low,1.0,1.0
"Rat heart, female 2 wk",ADD3,1.0,-1.2797986801621,1.18044710522553,neither,high,0.0,high,1.0,1.0
"Rat heart, female 2 wk",ADH5,1.0,0.361915582615447,0.931528852282639,neither,high,0.0,high,1.0,1.0
"Rat heart, female 2 wk",ALAS1,1.0,-2.24007415056262,-2.96386444360048,neither,high,0.0,high,1.0,1.0
"Rat heart, female 2 wk",ALDH5A1,1.0,0.164651476772943,1.15101433614716,neither,high,0.0,mid,1.0,1.0
"Rat heart, female 2 wk",ALDH9A1,1.0,1.40125208037338,2.00447998509383,neither,high,0.0,high,1.0,1.0
"Rat heart, female 2 wk",AMD1,-1.0,0.231667765411054,-1.60473866113097,neither,high,2.0,high,1.0,1.0
"Rat heart, female 2 wk",ANK1,1.0,-1.21847344761023,1.06711641668943,neither,high,0.0,mid,1.0,2.0
"Rat heart, female 2 wk",ANKMY2,1.0,-0.72331098633894,-1.43727663832256,neither,high,0.0,high,1.0,1.0
"Rat heart, female 2 wk",ANKRD1,-1.0,0.946478704195943,1.25130479685128,neither,high,0.0,high,1.0,2.0
"Rat heart, female 2 wk",ANP32E,1.0,-0.0918780378472476,-0.356306376788902,neither,high,0.0,high,1.0,1.0
"Rat heart, female 2 wk",ANXA4,1.0,0.415420088906357,1.90283458739644,neither,high,0.0,mid,1.0,1.0
"Rat heart, female 2 wk",ANXA6,1.0,-1.46940315551711,-0.401413906524137,neither,high,0.0,high,1.0,2.0
"Rat heart, female 2 wk",AOX1,-1.0,-0.37382943897749,-0.815288588412137,neither,mid,0.0,low,1.0,1.0
"Rat heart, female 2 wk",AP1S2,-1.0,-0.0901042698050223,1.7733646619187,neither,high,0.0,high,1.0,1.0
"Rat heart, female 2 wk",AP2B1,1.0,-0.567022226344855,0.634370642235513,neither,high,0.0,high,1.0,1.0
"Rat heart, female 2 wk",AP3M2,1.0,-1.60588156873214,0.0159655627289102,neither,low,0.0,mid,1.0,1.0
"Rat heart, female 2 wk",ARHGAP15,1.0,0.332935357391522,-0.245769847090607,neither,low,8.0,low,1.0,1.0
"Rat heart, female 2 wk",ARHGDIB,1.0,-0.125514028523116,-0.950032158514723,neither,high,0.0,high,1.0,1.0
"Rat heart, female 2 wk",ARMCX3,1.0,0.221575316083818,-0.279286298444149,neither,high,2.0,high,1.0,1.0
"Rat heart, female 2 wk",ASMTL,1.0,-1.04944754525272,-2.65605754414084,neither,mid,0.0,high,1.0,2.0
"Rat heart, female 2 wk",ASPN,1.0,-1.17913476099121,-0.440545865248481,neither,low,0.0,mid,2.0,1.0
"Rat heart, female 2 wk",ATP1A1,-1.0,-0.498534869544959,3.83747580136666,neither,high,0.0,high,1.0,1.0
"Rat heart, female 2 wk",ATP1A2,-1.0,-0.0705843800924354,1.51769409388802,neither,high,0.0,high,1.0,1.0
"Rat heart, female 2 wk",ATP1A3,1.0,-0.788167376865033,0.252454019385184,neither,mid,0.0,high,1.0,1.0
"Rat heart, female 2 wk",ATP1B1,-1.0,0.99138870706974,2.95438195154671,neither,high,0.0,high,1.0,1.0
"Rat heart, female 2 wk",ATP1B3,-1.0,-0.322605975368177,1.3989093636205,neither,high,0.0,high,1.0,1.0
"Rat heart, female 2 wk",ATP2A2,-1.0,-0.540001861248382,1.94302667832178,neither,high,0.0,high,1.0,2.0
"Rat heart, female 2 wk",AUTS2,1.0,-0.369050302823402,-0.104578166075998,neither,mid,2.0,low,1.0,1.0
"Rat heart, female 2 wk",BAG2,-1.0,-1.99443705170915,-0.702175474916986,neither,mid,0.0,mid,1.0,1.0
"Rat heart, female 2 wk",BASP1,1.0,-0.236574158998524,1.68397880029155,neither,low,0.0,low,1.0,1.0
"Rat heart, female 2 wk",BCL2L1,-1.0,1.72817288384482,0.319454254444778,neither,high,0.0,high,1.0,1.0
"Rat heart, female 2 wk",BGN,1.0,0.151050686709967,0.281004743967222,neither,high,0.0,high,1.0,1.0
"Rat heart, female 2 wk",BLM,-1.0,-0.731938359096969,1.03854972835087,neither,low,4.0,low,1.0,1.0
"Rat heart, female 2 wk",BRD4,-1.0,-0.646330570295335,-0.494785491957588,neither,high,0.0,high,1.0,1.0
"Rat heart, female 2 wk",C3,-1.0,-1.72414782736772,-0.085780685663325,neither,low,0.0,high,1.0,1.0
"Rat heart, female 2 wk",C4A,-1.0,0.35528475537804,0.0091323398051805,neither,mid,0.0,low,2.0,1.0
"Rat heart, female 2 wk",C6,1.0,-0.271903363717902,-0.885864368045614,neither,low,0.0,high,1.0,2.0
"Rat heart, female 2 wk",CALU,-1.0,1.27788875026273,0.706436982542076,neither,high,0.0,high,1.0,1.0
"Rat heart, female 2 wk",CCNG1,-1.0,2.44276768674049,-3.56349102456815,neither,high,4.0,high,1.0,1.0
"Rat heart, female 2 wk",CCT2,-1.0,2.41164169019276,1.59106104546592,neither,high,0.0,high,1.0,1.0
"Rat heart, female 2 wk",CD163,-1.0,0.285466674156602,0.180542394944067,neither,high,0.0,mid,1.0,1.0
"Rat heart, female 2 wk",CD59,-1.0,0.148352149597758,2.22741711020925,neither,high,0.0,high,1.0,1.0
"Rat heart, female 2 wk",CD74,1.0,0.534388075877396,0.335624152657074,neither,high,0.0,high,1.0,1.0
"Rat heart, female 2 wk",CDC37L1,-1.0,0.715307818132209,1.65590132152666,neither,high,0.0,high,1.0,1.0
"Rat heart, female 2 wk",CDV3,-1.0,2.87674618800887,0.813942202871008,neither,high,0.0,high,1.0,1.0
"Rat heart, female 2 wk",CETN3,1.0,1.95574098613379,-1.33345486600845,neither,mid,0.0,mid,2.0,1.0
"Rat heart, female 2 wk",CHORDC1,-1.0,0.322517789331861,0.723395307991055,neither,high,0.0,mid,1.0,1.0
"Rat heart, female 2 wk",CLIC4,-1.0,-0.690040086335043,0.427150484709872,neither,high,0.0,high,1.0,1.0
"Rat heart, female 2 wk",CLIP1,-1.0,3.00791732691998,-1.02794269481545,neither,high,0.0,high,1.0,3.0
"Rat heart, female 2 wk",CLTB,-1.0,2.16062969061314,-1.31528323316313,neither,high,0.0,high,1.0,1.0
"Rat heart, female 2 wk",CLU,-1.0,1.47529659611708,0.231839011060311,neither,high,0.0,high,1.0,1.0
"Rat heart, female 2 wk",CMC2,-1.0,-0.220281433092625,0.580809130500643,neither,low,0.0,mid,1.0,1.0
"Rat heart, female 2 wk",CNN1,-1.0,-1.14210209498842,-2.09778555233749,neither,low,0.0,high,1.0,1.0
"Rat heart, female 2 wk",COA4,-1.0,0.0323446588969919,-0.506906792116703,neither,low,0.0,high,1.0,1.0
"Rat heart, female 2 wk",COBL,-1.0,0.513358630593352,-0.423502326853456,neither,mid,0.0,high,1.0,1.0
"Rat heart, female 2 wk",COL15A1,1.0,-0.42680191794452,-0.316113634890711,neither,high,0.0,high,2.0,1.0
"Rat heart, female 2 wk",COL16A1,1.0,0.747982402353901,-1.6044895804331,neither,mid,0.0,mid,1.0,1.0
"Rat heart, female 2 wk",COL1A1,1.0,0.332003956453529,1.47903863728647,neither,high,0.0,high,1.0,1.0
"Rat heart, female 2 wk",COL1A2,1.0,0.632554854042311,1.73876463693297,neither,high,0.0,high,2.0,1.0
"Rat heart, female 2 wk",COL3A1,1.0,0.491271258849579,0.921379109985243,neither,high,0.0,high,1.0,1.0
"Rat heart, female 2 wk",COL5A1,1.0,0.765996383701391,0.662413463308437,neither,high,0.0,mid,1.0,1.0
"Rat heart, female 2 wk",COL5A2,1.0,0.429677697513777,-0.126194133182658,neither,high,0.0,mid,1.0,1.0
"Rat heart, female 2 wk",COMP,1.0,-0.174747481900131,0.618927895164087,neither,low,4.0,low,1.0,1.0
"Rat heart, female 2 wk",CORIN,1.0,-1.63695191184749,-1.38018795063152,neither,high,0.0,high,1.0,2.0
"Rat heart, female 2 wk",COX17,-1.0,0.922989075102212,0.814447999121979,neither,high,0.0,high,1.0,1.0
"Rat heart, female 2 wk",CPE,1.0,-0.433683073267672,-1.48042558613004,neither,high,0.0,high,1.0,1.0
"Rat heart, female 2 wk",CPT2,1.0,-0.0694102625606031,0.275455688405928,neither,high,0.0,high,1.0,1.0
"Rat heart, female 2 wk",CRIM1,-1.0,-1.01581199923151,-0.96938369187474,neither,high,6.0,high,1.0,1.0
"Rat heart, female 2 wk",CRISPLD2,-1.0,0.579415348234683,0.685416092263321,neither,high,8.0,high,1.0,1.0
"Rat heart, female 2 wk",CRYM,1.0,-0.702983683989794,3.3881295046001,neither,high,0.0,high,1.0,1.0
"Rat heart, female 2 wk",CSDC2,-1.0,1.73065618996489,0.851578815617468,neither,high,2.0,high,1.0,1.0
"Rat heart, female 2 wk",CTSD,1.0,1.78885703738302,-3.86132738556792,neither,high,0.0,high,1.0,1.0
"Rat heart, female 2 wk",CTSH,1.0,0.934740031942029,-0.0798830687286272,neither,high,0.0,high,1.0,1.0
"Rat heart, female 2 wk",CYP4B1,-1.0,1.36857856544556,2.26669438613995,neither,high,0.0,high,1.0,1.0
"Rat heart, female 2 wk",DAZAP1,-1.0,1.47191644230728,1.59793752271417,neither,high,0.0,high,1.0,1.0
"Rat heart, female 2 wk",DCP2,1.0,-0.646428152601209,-0.865453313456833,neither,low,8.0,low,2.0,1.0
"Rat heart, female 2 wk",DDX39A,-1.0,-1.00851853474113,-0.0740699500478259,neither,mid,0.0,high,1.0,1.0
"Rat heart, female 2 wk",DENND1B,1.0,-0.0207172250732517,0.48540141361946,neither,mid,0.0,low,1.0,1.0
"Rat heart, female 2 wk",DERL1,-1.0,0.0896886734832541,2.70732689753374,neither,high,4.0,high,1.0,1.0
"Rat heart, female 2 wk",DLG1,-1.0,1.65993793046437,-0.138209398964343,neither,high,0.0,mid,1.0,1.0
"Rat heart, female 2 wk",DLST,1.0,0.234219564718967,2.1294390414486,neither,high,0.0,high,1.0,1.0
"Rat heart, female 2 wk",DMPK,-1.0,0.900155466351836,0.470521371651079,neither,high,4.0,high,1.0,2.0
"Rat heart, female 2 wk",DNAJC15,-1.0,2.56847695558599,2.18594283070197,neither,high,2.0,mid,1.0,1.0
"Rat heart, female 2 wk",DPM1,1.0,3.22883958412971,-1.86932371350535,neither,mid,0.0,high,1.0,1.0
"Rat heart, female 2 wk",DPYSL3,1.0,-0.217884167007287,1.69453822346333,neither,mid,0.0,mid,1.0,1.0
"Rat heart, female 2 wk",DVL1,-1.0,-1.5040307484574,-0.808273779355404,neither,high,2.0,high,1.0,1.0
"Rat heart, female 2 wk",EDNRA,1.0,-0.802793705052191,0.730492341905272,neither,high,6.0,mid,1.0,1.0
"Rat heart, female 2 wk",EFEMP1,1.0,-0.459548787933908,1.57203640180244,neither,mid,0.0,high,1.0,1.0
"Rat heart, female 2 wk",EGLN1,-1.0,-0.0471798651489286,-1.90318991490616,neither,high,0.0,high,1.0,1.0
"Rat heart, female 2 wk",EHBP1L1,-1.0,0.375006970592556,-1.72544026251712,neither,high,0.0,high,1.0,1.0
"Rat heart, female 2 wk",EHD3,1.0,1.48546617071576,0.238668193204478,neither,mid,0.0,high,1.0,1.0
"Rat heart, female 2 wk",EIF1AX,-1.0,-0.280897475687889,-1.76707471551777,neither,high,0.0,high,1.0,1.0
"Rat heart, female 2 wk",EIF1AY,1.0,-0.302236640153381,2.04885991050469,neither,mid,2.0,high,1.0,1.0
"Rat heart, female 2 wk",EMC2,1.0,1.45378376003427,-2.74064587083734,neither,mid,0.0,high,1.0,1.0
"Rat heart, female 2 wk",EMC6,-1.0,-1.03404872135291,-0.482892545747911,neither,high,8.0,high,1.0,1.0
"Rat heart, female 2 wk",EPB41L2,1.0,-0.983531839736811,1.71884285999363,neither,high,0.0,high,1.0,1.0
"Rat heart, female 2 wk",EPHX2,1.0,0.512930160833436,2.505213857132,neither,high,0.0,mid,1.0,2.0
"Rat heart, female 2 wk",EPM2AIP1,1.0,-0.182611812666514,-1.70940983498873,neither,high,0.0,mid,1.0,1.0
"Rat heart, female 2 wk",EPN3,-1.0,0.542295387126038,-2.52679778341451,neither,mid,0.0,mid,1.0,1.0
"Rat heart, female 2 wk",ERLIN2,1.0,0.028532540129549,0.512796144086115,neither,high,0.0,mid,1.0,1.0
"Rat heart, female 2 wk",EVL,1.0,-0.0561984672227698,-0.281171888899451,neither,mid,0.0,mid,1.0,1.0
"Rat heart, female 2 wk",F5,1.0,-0.787317086727017,0.287411018261273,neither,low,0.0,low,1.0,1.0
"Rat heart, female 2 wk",FAM13A,1.0,-0.478778427983318,-1.02416394922816,neither,high,4.0,low,1.0,1.0
"Rat heart, female 2 wk",FASN,-1.0,-1.7371956025314,0.527929280506004,neither,mid,0.0,mid,1.0,1.0
"Rat heart, female 2 wk",FBLN2,1.0,0.133976133697845,1.0626701223111,neither,high,0.0,high,1.0,1.0
"Rat heart, female 2 wk",FBN1,1.0,-1.20056795839232,2.2134404568494,neither,high,0.0,mid,1.0,1.0
"Rat heart, female 2 wk",FBXO40,1.0,2.3812303894316,1.79895170383327,neither,high,0.0,high,1.0,1.0
"Rat heart, female 2 wk",FCGRT,1.0,-0.99062795862507,0.955365035554141,neither,high,8.0,high,1.0,1.0
"Rat heart, female 2 wk",FCN3,-1.0,-0.106960816857663,1.4341908086763,neither,low,0.0,high,1.0,1.0
"Rat heart, female 2 wk",FERMT2,-1.0,-0.120010561389907,1.54949201682806,neither,high,4.0,high,1.0,2.0
"Rat heart, female 2 wk",FGF1,1.0,1.53711712810638,1.49196924298044,neither,high,0.0,mid,1.0,1.0
"Rat heart, female 2 wk",FGF12,1.0,-1.26057398188112,1.05936638762544,neither,mid,0.0,high,1.0,1.0
"Rat heart, female 2 wk",FHOD3,1.0,0.327087246243588,-0.045048926931261,neither,high,0.0,high,1.0,1.0
"Rat heart, female 2 wk",FKBP4,-1.0,-0.442742787731899,0.585182027841413,neither,high,0.0,high,1.0,1.0
"Rat heart, female 2 wk",FKBP5,-1.0,1.1489033151354,2.29892111151272,neither,high,0.0,high,1.0,1.0
"Rat heart, female 2 wk",FLII,-1.0,-0.173795081016155,-2.03976556406019,neither,high,0.0,high,1.0,2.0
"Rat heart, female 2 wk",FLNC,-1.0,0.522757425906851,-1.23391784340009,neither,high,0.0,high,1.0,1.0
"Rat heart, female 2 wk",FMOD,1.0,0.427820192323058,0.371033604790455,neither,mid,0.0,mid,1.0,1.0
"Rat heart, female 2 wk",FNBP1L,1.0,-0.120447028205633,0.681392546081939,neither,mid,0.0,mid,1.0,1.0
"Rat heart, female 2 wk",FRZB,1.0,-0.353032437837953,-1.02737391536327,neither,low,0.0,low,1.0,1.0
"Rat heart, female 2 wk",FSTL1,1.0,-0.915272014457433,-0.719439171654355,neither,high,2.0,high,1.0,1.0
"Rat heart, female 2 wk",FUCA1,1.0,1.39486193516389,-2.35091374149178,neither,mid,0.0,mid,1.0,1.0
"Rat heart, female 2 wk",GALNT11,1.0,0.182420139366364,-1.91307328872861,neither,high,8.0,mid,1.0,1.0
"Rat heart, female 2 wk",GATM,1.0,0.423688511859286,1.58533098059608,neither,mid,0.0,mid,1.0,1.0
"Rat heart, female 2 wk",GCLM,-1.0,1.26046849721933,0.364377084011098,neither,mid,0.0,low,1.0,1.0
"Rat heart, female 2 wk",GLOD4,1.0,1.52774390779005,0.656721558353153,neither,mid,0.0,mid,1.0,1.0
"Rat heart, female 2 wk",GLRX,1.0,-0.581724518911649,1.79399628244576,neither,mid,0.0,high,1.0,1.0
"Rat heart, female 2 wk",GLRX2,-1.0,-0.755962417631351,1.44654398426758,neither,mid,0.0,high,1.0,1.0
"Rat heart, female 2 wk",GLUL,-1.0,2.14063220194094,-1.38849216958528,neither,high,0.0,high,1.0,1.0
"Rat heart, female 2 wk",GMPR,-1.0,1.42687033658869,1.50954941156616,neither,high,0.0,high,1.0,1.0
"Rat heart, female 2 wk",GNL3,-1.0,1.58207783748122,-0.883395960487296,neither,mid,0.0,high,1.0,1.0
"Rat heart, female 2 wk",GPD1L,-1.0,2.60428973011812,2.60531537980695,neither,high,0.0,high,1.0,1.0
"Rat heart, female 2 wk",GPX3,-1.0,2.97357977836411,-0.804758570729359,neither,high,0.0,high,1.0,1.0
"Rat heart, female 2 wk",GSTT1,1.0,-1.17114324311864,1.82662042234012,neither,low,8.0,,1.0,1.0
"Rat heart, female 2 wk",GTF2E1,1.0,-0.227044184004718,-0.809162089750625,neither,mid,6.0,low,1.0,1.0
"Rat heart, female 2 wk",GTF2IRD1,-1.0,-1.29067871628851,0.480297249882238,neither,low,4.0,mid,2.0,1.0
"Rat heart, female 2 wk",GTPBP6,-1.0,-2.11990219743045,2.18100020422548,neither,mid,0.0,high,2.0,1.0
"Rat heart, female 2 wk",HBA1,1.0,1.41602663999396,0.790154769200714,neither,mid,0.0,mid,2.0,1.0
"Rat heart, female 2 wk",HBB,1.0,0.593260664590247,1.09166422296134,neither,mid,0.0,high,1.0,1.0
"Rat heart, female 2 wk",HBD,1.0,-0.429216142761386,0.0771614958564561,neither,low,0.0,low,2.0,1.0
"Rat heart, female 2 wk",HEG1,1.0,-0.474370839100437,-3.04833555407135,neither,high,2.0,high,1.0,1.0
"Rat heart, female 2 wk",HERC6,1.0,1.86459238215935,0.0641253348086422,neither,mid,2.0,mid,1.0,1.0
"Rat heart, female 2 wk",HLTF,1.0,-0.554611989083492,0.251033779514973,neither,high,0.0,mid,1.0,1.0
"Rat heart, female 2 wk",HMGCL,1.0,-1.07680165535527,1.01053702595719,neither,high,0.0,mid,1.0,1.0
"Rat heart, female 2 wk",HMGN1,1.0,-0.468405630994558,-0.421209893950295,neither,high,0.0,high,2.0,1.0
"Rat heart, female 2 wk",HMGN2,1.0,-0.734601130398192,-1.382842135784,neither,high,0.0,high,1.0,1.0
"Rat heart, female 2 wk",HMOX2,-1.0,1.15443831580198,1.36585433065321,neither,high,0.0,high,1.0,1.0
"Rat heart, female 2 wk",HOPX,-1.0,-0.426511108133722,-0.151800717687707,neither,mid,0.0,mid,1.0,1.0
"Rat heart, female 2 wk",HPRT1,1.0,3.16429860348722,1.4285015898134,neither,mid,0.0,high,2.0,1.0
"Rat heart, female 2 wk",HSP90AA1,-1.0,0.854050661075514,2.41029550007854,neither,high,0.0,high,2.0,1.0
"Rat heart, female 2 wk",HSPA2,1.0,-1.02494521980249,0.992313629791828,neither,low,0.0,mid,1.0,1.0
"Rat heart, female 2 wk",HSPA5,1.0,-1.43859902573287,1.8159472340234,neither,high,0.0,high,1.0,1.0
"Rat heart, female 2 wk",HSPB2,-1.0,-0.0620301717543563,0.765526869757097,neither,high,0.0,high,1.0,1.0
"Rat heart, female 2 wk",HSPB6,1.0,2.0583215137204,1.22330562858639,neither,high,0.0,high,1.0,1.0
"Rat heart, female 2 wk",HTRA1,1.0,0.588597331965115,-2.54645600963785,neither,high,0.0,high,1.0,1.0
"Rat heart, female 2 wk",IFI44L,1.0,2.69822670203049,0.0799171733130111,neither,low,8.0,mid,1.0,1.0
"Rat heart, female 2 wk",IFIT3,1.0,1.4064373613404,-0.206038920260453,neither,mid,0.0,mid,1.0,1.0
"Rat heart, female 2 wk",IL1RL1,-1.0,0.527419725511469,0.72281098050971,neither,low,0.0,mid,1.0,1.0
"Rat heart, female 2 wk",IRS1,-1.0,-0.213637108073591,-1.42273091227032,neither,high,0.0,mid,1.0,1.0
"Rat heart, female 2 wk",IRS2,-1.0,-0.200575802738599,-2.28029305867976,neither,high,0.0,mid,1.0,1.0
"Rat heart, female 2 wk",ITFG1,1.0,1.24406329632434,0.256014924044304,neither,high,2.0,mid,1.0,1.0
"Rat heart, female 2 wk",ITGA5,-1.0,0.921049727080537,2.73018065384065,neither,high,0.0,high,1.0,1.0
"Rat heart, female 2 wk",IVNS1ABP,1.0,3.46464957423195,4.0815486207342,neither,high,0.0,high,1.0,1.0
"Rat heart, female 2 wk",JAK2,1.0,0.591462412252679,-1.2107365335804,neither,mid,0.0,mid,1.0,1.0
"Rat heart, female 2 wk",JUP,-1.0,-0.566809764633494,0.823597386359729,neither,high,0.0,high,1.0,1.0
"Rat heart, female 2 wk",KCNIP2,-1.0,1.05578436321528,-0.631891627069414,neither,high,8.0,high,2.0,1.0
"Rat heart, female 2 wk",KLF4,-1.0,0.775787409766376,-0.454615504816942,neither,high,0.0,high,1.0,1.0
"Rat heart, female 2 wk",KLHL21,-1.0,1.77379757038309,-0.641096742024229,neither,high,2.0,high,1.0,1.0
"Rat heart, female 2 wk",KLHL41,-1.0,0.688942971073817,0.897109930486757,neither,high,0.0,high,1.0,1.0
"Rat heart, female 2 wk",KPNA2,-1.0,-1.79237965960744,-1.02508081488511,neither,high,0.0,mid,1.0,1.0
"Rat heart, female 2 wk",LAMB1,1.0,-0.549691289145155,1.08074518005532,neither,high,0.0,high,1.0,1.0
"Rat heart, female 2 wk",LARP6,-1.0,1.09383103398283,-1.21714842045173,neither,low,4.0,high,1.0,1.0
"Rat heart, female 2 wk",LMCD1,-1.0,0.116244363230618,-1.18468773504544,neither,high,0.0,mid,1.0,1.0
"Rat heart, female 2 wk",LOXL1,1.0,-0.80024055789953,-2.02464249916185,neither,mid,0.0,high,1.0,1.0
"Rat heart, female 2 wk",LPIN1,-1.0,1.4958648057669,1.98982984637402,neither,high,0.0,high,1.0,1.0
"Rat heart, female 2 wk",LRRC49,1.0,1.60788905950431,3.43174669548929,neither,mid,4.0,mid,1.0,1.0
"Rat heart, female 2 wk",LRRC59,-1.0,-0.60183885016487,2.8225664891301,neither,high,0.0,high,1.0,1.0
"Rat heart, female 2 wk",LSAMP,-1.0,0.160444957408997,1.62123125413417,neither,mid,0.0,low,1.0,1.0
"Rat heart, female 2 wk",LSP1,1.0,-1.12843355415151,-1.97661997900125,neither,mid,0.0,mid,1.0,1.0
"Rat heart, female 2 wk",LTBP1,1.0,-0.72105652047654,1.01888723424603,neither,high,0.0,high,1.0,1.0
"Rat heart, female 2 wk",LTBP2,1.0,0.192715392815721,-0.19190723903454,neither,mid,0.0,high,1.0,1.0
"Rat heart, female 2 wk",LUM,1.0,-0.522591627408029,-0.642607991538215,neither,high,0.0,high,1.0,1.0
"Rat heart, female 2 wk",LYVE1,-1.0,0.27327400346447,-1.97323164342644,neither,high,2.0,mid,1.0,1.0
"Rat heart, female 2 wk",MAFF,-1.0,1.15560786691214,-0.54066729365292,neither,mid,0.0,mid,1.0,1.0
"Rat heart, female 2 wk",MAGED1,1.0,-0.296014857576924,0.915285248023302,neither,high,0.0,high,1.0,1.0
"Rat heart, female 2 wk",MAGED2,1.0,0.573126411325823,2.35934566704807,neither,mid,0.0,high,1.0,1.0
"Rat heart, female 2 wk",MAP1LC3B,-1.0,0.712807707539477,-2.47146660800958,neither,high,0.0,high,1.0,1.0
"Rat heart, female 2 wk",MAP2K1,-1.0,-0.108843507544284,1.76520943933997,neither,high,0.0,high,1.0,1.0
"Rat heart, female 2 wk",MARK3,-1.0,-1.19966288606224,-3.15116932477155,neither,high,0.0,high,1.0,2.0
"Rat heart, female 2 wk",MBNL2,-1.0,0.241761691653646,0.200349623389544,neither,high,0.0,high,1.0,1.0
"Rat heart, female 2 wk",MCM6,1.0,-1.07442903520402,-1.80046623197107,neither,low,0.0,low,1.0,1.0
"Rat heart, female 2 wk",MEIS1,-1.0,-2.37755952641025,-1.54974831393863,neither,mid,2.0,mid,1.0,1.0
"Rat heart, female 2 wk",METTL22,-1.0,-0.0127793637592388,0.785145207664155,neither,mid,4.0,mid,1.0,1.0
"Rat heart, female 2 wk",MFAP4,1.0,0.858232705407089,-1.10633709223481,neither,low,0.0,high,2.0,1.0
"Rat heart, female 2 wk",MKNK2,-1.0,2.2412393882606,0.019837949859601,neither,high,6.0,high,1.0,1.0
"Rat heart, female 2 wk",MOAP1,1.0,-0.0414386973017945,-1.14686077054032,neither,low,6.0,high,1.0,1.0
"Rat heart, female 2 wk",MPI,1.0,-0.0442271594322748,2.99351619433687,neither,high,0.0,mid,1.0,1.0
"Rat heart, female 2 wk",MPP3,-1.0,1.43370631185941,1.08428410178977,neither,low,4.0,high,1.0,1.0
"Rat heart, female 2 wk",MRPL34,-1.0,-2.16232526608731,0.511033338324981,neither,mid,0.0,high,1.0,1.0
"Rat heart, female 2 wk",MTCH1,-1.0,-2.31057546828578,-0.623228264509778,neither,high,0.0,high,1.0,1.0
"Rat heart, female 2 wk",MTR,1.0,-1.91100682437683,-1.38445437578187,neither,mid,0.0,mid,1.0,1.0
"Rat heart, female 2 wk",MTUS2,-1.0,0.474095802004379,1.08424744817108,neither,high,0.0,high,1.0,1.0
"Rat heart, female 2 wk",MX1,1.0,2.03821272772942,-0.541247624864944,neither,mid,0.0,mid,1.0,1.0
"Rat heart, female 2 wk",MXI1,-1.0,1.32086031374202,-1.48454372724852,neither,high,8.0,high,1.0,1.0
"Rat heart, female 2 wk",MYL7,-1.0,1.10434769417861,0.436644648705229,neither,high,0.0,high,1.0,1.0
"Rat heart, female 2 wk",MYO16,-1.0,-0.103181891157603,2.26482474757153,neither,low,0.0,low,1.0,1.0
"Rat heart, female 2 wk",MYOM2,1.0,1.37653965805723,-0.162712821211508,neither,high,0.0,high,1.0,1.0
"Rat heart, female 2 wk",MYOT,-1.0,0.536056158425645,-0.614333181672767,neither,low,0.0,mid,2.0,1.0
"Rat heart, female 2 wk",NAA15,-1.0,0.241968824065787,-0.930215322848788,neither,high,0.0,mid,1.0,1.0
"Rat heart, female 2 wk",NACC2,-1.0,-1.37064618055797,-0.309216343961007,neither,high,6.0,high,1.0,1.0
"Rat heart, female 2 wk",NAMPT,-1.0,2.29992911931375,3.51434468986895,neither,high,0.0,high,1.0,1.0
"Rat heart, female 2 wk",NCAM1,-1.0,0.891062744634363,1.38445437910445,neither,mid,0.0,high,1.0,2.0
"Rat heart, female 2 wk",NCF2,1.0,1.11862994047004,-2.82604265653292,neither,low,8.0,low,1.0,1.0
"Rat heart, female 2 wk",NDRG4,-1.0,-0.662060284967552,0.221214633504645,neither,high,0.0,high,1.0,1.0
"Rat heart, female 2 wk",NID1,-1.0,0.263674784150316,1.04627189431091,neither,high,0.0,high,1.0,1.0
"Rat heart, female 2 wk",NIT2,1.0,1.93591445624544,2.01238691710369,neither,mid,0.0,mid,1.0,1.0
"Rat heart, female 2 wk",NKX2-5,-1.0,-0.259643459667936,0.426072528922132,neither,high,4.0,high,1.0,1.0
"Rat heart, female 2 wk",NOS3,-1.0,-0.263374659343897,2.35493976859189,neither,high,0.0,mid,1.0,1.0
"Rat heart, female 2 wk",NPPA,1.0,1.1257864441298,-0.506724241552271,neither,high,0.0,high,1.0,1.0
"Rat heart, female 2 wk",NPPB,1.0,0.190359236502158,-0.64355106940755,neither,high,0.0,high,1.0,1.0
"Rat heart, female 2 wk",NQO2,-1.0,-0.267663573689228,-0.171988007485537,neither,high,0.0,mid,1.0,1.0
"Rat heart, female 2 wk",NRAP,-1.0,2.36228240000642,-0.951780723610057,neither,high,0.0,high,1.0,2.0
"Rat heart, female 2 wk",NUCB2,1.0,2.8620739938175,-1.68294225224768,neither,high,0.0,mid,1.0,1.0
"Rat heart, female 2 wk",NUDT3,1.0,-1.19807214247596,-1.7174324248163,neither,high,0.0,high,1.0,1.0
"Rat heart, female 2 wk",NUDT4,-1.0,-0.581484254178404,-0.450108423297457,neither,high,0.0,high,1.0,1.0
"Rat heart, female 2 wk",NUP37,1.0,-0.142443690813053,-1.19495087402903,neither,low,0.0,mid,1.0,1.0
"Rat heart, female 2 wk",OGDH,-1.0,-2.26702928452844,0.708904600074595,neither,high,0.0,high,1.0,1.0
"Rat heart, female 2 wk",OGN,1.0,-1.37102455944737,0.189896759898751,neither,high,0.0,mid,2.0,1.0
"Rat heart, female 2 wk",OLFML3,1.0,-1.3225277986632,-1.52340263851427,neither,mid,0.0,mid,1.0,1.0
"Rat heart, female 2 wk",P2RX5,-1.0,2.61281695726551,1.0737921035622,neither,high,0.0,mid,1.0,1.0
"Rat heart, female 2 wk",PALMD,1.0,-0.635068747319649,-0.732572420210055,neither,high,0.0,high,1.0,1.0
"Rat heart, female 2 wk",PCCB,1.0,-0.925091832682501,0.237738637297237,neither,high,0.0,high,1.0,1.0
"Rat heart, female 2 wk",PCNT,-1.0,0.172927165664233,0.217684801974693,neither,high,0.0,mid,1.0,1.0
"Rat heart, female 2 wk",PCOLCE,1.0,-0.214068317871012,0.385881873925245,neither,mid,0.0,high,1.0,1.0
"Rat heart, female 2 wk",PDK4,1.0,-0.734479861279313,0.269750641099571,neither,high,0.0,high,1.0,1.0
"Rat heart, female 2 wk",PDLIM3,1.0,-1.57126553206216,1.93907285494371,neither,high,2.0,high,1.0,3.0
"Rat heart, female 2 wk",PDZD2,-1.0,-1.65143342946973,-2.05453279631863,neither,high,0.0,mid,1.0,1.0
"Rat heart, female 2 wk",PHF11,1.0,0.428919708841098,-1.62767743088596,neither,low,8.0,mid,1.0,1.0
"Rat heart, female 2 wk",PHLDA1,1.0,0.543064335137736,0.0851542965143789,neither,high,8.0,mid,1.0,1.0
"Rat heart, female 2 wk",PKM,1.0,1.80338002210398,2.46779083804785,neither,high,0.0,high,1.0,2.0
"Rat heart, female 2 wk",PLA2G2A,-1.0,2.20500340429617,1.35600831844533,neither,mid,0.0,high,1.0,1.0
"Rat heart, female 2 wk",PLBD1,1.0,-0.438106780055805,-1.10792022707832,neither,high,0.0,high,1.0,1.0
"Rat heart, female 2 wk",PLIN2,-1.0,-0.217548388788323,-4.95685911198124,neither,high,0.0,high,1.0,1.0
"Rat heart, female 2 wk",PLP2,-1.0,-0.582412001696136,-0.122736378679571,neither,mid,6.0,high,1.0,1.0
"Rat heart, female 2 wk",PLXDC1,1.0,0.262362354339078,-0.724792527427986,neither,mid,4.0,mid,1.0,1.0
"Rat heart, female 2 wk",PODXL,-1.0,-0.0634745475078268,0.315866177177755,neither,high,0.0,high,1.0,1.0
"Rat heart, female 2 wk",POGLUT1,-1.0,-1.24267948134818,-0.542749875468465,neither,low,0.0,mid,1.0,1.0
"Rat heart, female 2 wk",POLE3,-1.0,-0.941461992893595,-0.303009576706146,neither,low,0.0,high,2.0,1.0
"Rat heart, female 2 wk",POR,-1.0,2.03825026939711,2.29752905518806,neither,high,0.0,high,1.0,1.0
"Rat heart, female 2 wk",PPL,-1.0,-0.0394853406849756,1.97864578037929,neither,mid,0.0,mid,1.0,1.0
"Rat heart, female 2 wk",PPP1R12B,1.0,-1.87318809591342,1.89433429122863,neither,high,0.0,high,1.0,2.0
"Rat heart, female 2 wk",PPT1,1.0,-0.735948609920046,-2.18529360756002,neither,mid,0.0,high,1.0,1.0
"Rat heart, female 2 wk",PRDX4,1.0,-0.355860286684844,0.0485320949921464,neither,low,2.0,high,1.0,1.0
"Rat heart, female 2 wk",PRDX6,-1.0,1.75782032375185,1.06916610058072,neither,high,0.0,high,1.0,1.0
"Rat heart, female 2 wk",PSD3,1.0,-1.15497570135099,-2.43467974994978,neither,mid,2.0,mid,1.0,1.0
"Rat heart, female 2 wk",PSMB10,1.0,1.50076952658172,0.0052197597082327,neither,mid,0.0,high,1.0,1.0
"Rat heart, female 2 wk",PSME4,-1.0,1.92405088799658,1.80508855990714,neither,high,0.0,high,1.0,1.0
"Rat heart, female 2 wk",PSPH,-1.0,1.9573807704288,-1.95012491138464,neither,low,0.0,mid,1.0,1.0
"Rat heart, female 2 wk",PTN,1.0,1.065497295413,0.494711753687277,neither,low,6.0,high,1.0,1.0
"Rat heart, female 2 wk",PTP4A2,-1.0,1.73202225087887,-0.0498084225046437,neither,high,0.0,high,1.0,1.0
"Rat heart, female 2 wk",PTP4A3,-1.0,0.417539495825951,0.868844955161936,neither,high,8.0,high,1.0,1.0
"Rat heart, female 2 wk",PXMP2,-1.0,-0.825265503082386,1.64084068564324,neither,high,0.0,high,1.0,1.0
"Rat heart, female 2 wk",QSOX1,-1.0,0.950071196932008,-0.725489038060247,neither,mid,6.0,high,1.0,1.0
"Rat heart, female 2 wk",RAB9A,-1.0,1.33213306955024,3.51839520589684,neither,mid,2.0,mid,1.0,1.0
"Rat heart, female 2 wk",RABAC1,-1.0,-1.26598090574909,0.150086057633619,neither,high,4.0,high,1.0,1.0
"Rat heart, female 2 wk",RANGAP1,-1.0,0.263738213408826,-0.528760083374416,neither,high,0.0,high,1.0,1.0
"Rat heart, female 2 wk",RBFOX1,-1.0,3.06286407726786,1.53028590220211,neither,high,2.0,mid,1.0,1.0
"Rat heart, female 2 wk",RBM10,1.0,0.812502516057071,-0.0791282788915588,neither,high,0.0,high,1.0,1.0
"Rat heart, female 2 wk",RBP4,-1.0,-1.0941486026479,-1.49968283528634,neither,low,0.0,low,1.0,1.0
"Rat heart, female 2 wk",RCAN1,-1.0,-0.98605225839481,-0.795312762901306,neither,high,4.0,high,1.0,1.0
"Rat heart, female 2 wk",RCBTB2,1.0,0.147908763688192,-1.69397390018329,neither,mid,0.0,mid,1.0,1.0
"Rat heart, female 2 wk",REV1,-1.0,1.06913048083618,2.4926125626987,neither,high,2.0,high,1.0,1.0
"Rat heart, female 2 wk",RHOC,-1.0,-0.969820374674748,2.73779615924244,neither,high,0.0,high,1.0,1.0
"Rat heart, female 2 wk",RHOT1,-1.0,1.37996419606703,1.94881606729641,neither,high,0.0,mid,1.0,1.0
"Rat heart, female 2 wk",RNASET2,1.0,-0.0703510798434121,0.243676100698641,neither,mid,0.0,mid,1.0,1.0
"Rat heart, female 2 wk",RNF14,-1.0,1.63735280057482,0.243292720081118,neither,high,0.0,high,1.0,1.0
"Rat heart, female 2 wk",RNF146,1.0,0.96955643603174,0.698738994435531,neither,mid,0.0,high,1.0,1.0
"Rat heart, female 2 wk",RWDD1,-1.0,0.559639133385793,1.17580699674948,neither,mid,0.0,high,1.0,1.0
"Rat heart, female 2 wk",S100A8,-1.0,-0.507137399835375,-2.88342004593318,neither,low,0.0,high,1.0,1.0
"Rat heart, female 2 wk",S100A9,-1.0,0.31622965832113,-3.49676590479599,neither,low,0.0,high,1.0,1.0
"Rat heart, female 2 wk",SAMHD1,-1.0,0.607462212208999,-1.30693340751409,neither,low,0.0,high,1.0,1.0
"Rat heart, female 2 wk",SEC31A,1.0,0.753489959779548,-0.238084769712489,neither,high,0.0,high,1.0,1.0
"Rat heart, female 2 wk",SEC61A1,-1.0,-0.0298840637894216,1.47144000099441,neither,high,0.0,high,1.0,1.0
"Rat heart, female 2 wk",SERPINE1,-1.0,0.0752972441605819,0.953089753342286,neither,high,6.0,high,1.0,1.0
"Rat heart, female 2 wk",SERPINE2,1.0,-2.24215282760372,-0.0645045153576879,neither,high,0.0,mid,1.0,1.0
"Rat heart, female 2 wk",SH3BGR,-1.0,-2.34111087299449,2.66427177019411,neither,high,0.0,high,2.0,1.0
"Rat heart, female 2 wk",SH3BGRL,1.0,0.927591805617513,1.34283073723118,neither,low,0.0,high,1.0,1.0
"Rat heart, female 2 wk",SH3GL2,1.0,0.434753495330291,0.0423051005280321,neither,low,0.0,low,1.0,1.0
"Rat heart, female 2 wk",SIK1,-1.0,0.605699654090448,0.242849950814117,neither,mid,0.0,low,1.0,1.0
"Rat heart, female 2 wk",SLC25A11,1.0,-2.16042641636563,0.910996812093623,neither,high,0.0,high,1.0,1.0
"Rat heart, female 2 wk",SLC25A12,-1.0,-0.970427118329126,0.667139965439477,neither,high,0.0,high,1.0,1.0
"Rat heart, female 2 wk",SLC25A20,1.0,-0.34149803755298,1.38508690804835,neither,high,0.0,high,1.0,1.0
"Rat heart, female 2 wk",SLC30A1,1.0,-0.772829031484547,3.41133974117185,neither,mid,0.0,mid,1.0,1.0
"Rat heart, female 2 wk",SLC39A14,-1.0,1.22876586244667,1.43853806878229,neither,high,0.0,high,1.0,1.0
"Rat heart, female 2 wk",SLCO2A1,-1.0,-0.115569113161813,-1.08903450010549,neither,low,8.0,high,1.0,1.0
"Rat heart, female 2 wk",SNRPB,-1.0,-1.83517432959735,-1.64375222514796,neither,high,0.0,high,1.0,1.0
"Rat heart, female 2 wk",SNX7,-1.0,0.310964433262399,-0.769372520337812,neither,low,0.0,mid,1.0,1.0
"Rat heart, female 2 wk",SORT1,-1.0,0.227589626124485,0.50326017801319,neither,high,0.0,high,1.0,1.0
"Rat heart, female 2 wk",SOS1,-1.0,0.619986051319231,-1.4908729952175,neither,high,0.0,mid,1.0,1.0
"Rat heart, female 2 wk",SPARC,1.0,0.324222057672457,-0.0628617813705099,neither,high,0.0,high,1.0,1.0
"Rat heart, female 2 wk",SPG11,1.0,0.998647817823342,-0.317482468215418,neither,high,0.0,mid,1.0,1.0
"Rat heart, female 2 wk",SRGN,-1.0,0.737849351475463,1.99406234516802,neither,mid,6.0,high,1.0,1.0
"Rat heart, female 2 wk",SSPN,1.0,0.615164907933195,1.61219423808728,neither,high,2.0,mid,1.0,1.0
"Rat heart, female 2 wk",STAT3,-1.0,0.337144045180111,2.08948587939888,neither,high,0.0,high,1.0,1.0
"Rat heart, female 2 wk",STEAP3,-1.0,0.775683330691545,1.67823382217047,neither,mid,6.0,mid,1.0,1.0
"Rat heart, female 2 wk",STIP1,-1.0,-0.296321543552813,1.63889007521247,neither,high,0.0,high,1.0,1.0
"Rat heart, female 2 wk",STK38L,1.0,-1.50355375594007,0.839292590696505,neither,high,0.0,mid,1.0,1.0
"Rat heart, female 2 wk",SUCLA2,1.0,1.00137067757206,1.18984887950849,neither,high,0.0,high,1.0,1.0
"Rat heart, female 2 wk",SUN2,-1.0,-0.965302187422276,0.651479425859315,neither,high,0.0,high,1.0,1.0
"Rat heart, female 2 wk",SYNPO2L,1.0,-0.171369862952003,0.793940316036978,neither,high,0.0,high,1.0,1.0
"Rat heart, female 2 wk",TAPBPL,1.0,1.05304319486932,1.12107329406389,neither,mid,6.0,mid,1.0,1.0
"Rat heart, female 2 wk",TGFBR3,-1.0,-1.46906745165434,1.33615069784746,neither,high,6.0,mid,1.0,1.0
"Rat heart, female 2 wk",TGM2,-1.0,-1.3472039753414,1.58946253299836,neither,high,0.0,high,1.0,1.0
"Rat heart, female 2 wk",THBS1,-1.0,-1.29084450817732,0.721172977691804,neither,mid,0.0,high,1.0,1.0
"Rat heart, female 2 wk",THBS2,1.0,-2.21371612351284,0.806109347375974,neither,high,6.0,mid,1.0,1.0
"Rat heart, female 2 wk",THBS4,1.0,0.983104646560092,0.482172095008972,neither,mid,0.0,high,1.0,1.0
"Rat heart, female 2 wk",TIE1,1.0,-0.32142838929527,-2.61418461230458,neither,high,8.0,high,1.0,1.0
"Rat heart, female 2 wk",TIMP3,-1.0,0.873233654194382,0.498498409149846,neither,high,0.0,high,1.0,1.0
"Rat heart, female 2 wk",TLN1,1.0,-1.22940231760197,0.140854988827811,neither,high,0.0,high,1.0,1.0
"Rat heart, female 2 wk",TMEM38B,-1.0,-0.353813007863056,2.46967617885591,neither,mid,4.0,mid,1.0,1.0
"Rat heart, female 2 wk",TMSB4X,1.0,0.305611505024066,-1.20547374899159,neither,high,0.0,high,1.0,1.0
"Rat heart, female 2 wk",TNNI1,1.0,-0.221548187960214,1.9292231491748,neither,low,0.0,low,1.0,1.0
"Rat heart, female 2 wk",TPCN1,1.0,0.824751328003126,-1.19506825978464,neither,high,0.0,high,1.0,1.0
"Rat heart, female 2 wk",TPPP3,1.0,-0.854739003106352,-0.602387636908832,neither,mid,0.0,mid,1.0,1.0
"Rat heart, female 2 wk",TPRKB,-1.0,-1.247630397521,-0.148879463690965,neither,low,0.0,high,2.0,1.0
"Rat heart, female 2 wk",TRDN,-1.0,1.45050860122857,1.33903137415057,neither,high,0.0,high,1.0,1.0
"Rat heart, female 2 wk",TRMT5,1.0,-0.315700499831201,-0.0242373625849229,neither,low,0.0,low,1.0,1.0
"Rat heart, female 2 wk",TUBA4A,-1.0,-0.895695680702022,0.977903381518616,neither,high,0.0,high,1.0,1.0
"Rat heart, female 2 wk",TUBG1,-1.0,0.808647365586035,0.304427189111788,neither,high,0.0,high,1.0,1.0
"Rat heart, female 2 wk",TXNIP,1.0,-0.0105435851728068,-0.86069470930997,neither,high,0.0,high,1.0,1.0
"Rat heart, female 2 wk",TXNRD1,-1.0,2.89414221078429,2.59586047759531,neither,high,0.0,high,1.0,1.0
"Rat heart, female 2 wk",UAP1,-1.0,0.370778856206044,3.20220166268464,neither,high,0.0,high,1.0,1.0
"Rat heart, female 2 wk",UBFD1,-1.0,1.05533881620107,-1.55649712423834,neither,mid,0.0,high,1.0,1.0
"Rat heart, female 2 wk",UBQLN2,1.0,0.993242492304081,1.09300272073981,neither,high,0.0,high,1.0,1.0
"Rat heart, female 2 wk",UFSP2,1.0,-0.208093024541087,-1.1358243490527,neither,mid,0.0,high,1.0,1.0
"Rat heart, female 2 wk",UGP2,-1.0,3.26215355621782,1.73181907679017,neither,high,0.0,high,1.0,2.0
"Rat heart, female 2 wk",VCAN,1.0,-0.281811669499686,0.958692206123888,neither,high,0.0,mid,1.0,1.0
"Rat heart, female 2 wk",VEZF1,-1.0,1.6215404481761,-2.41775418590062,neither,high,0.0,high,1.0,1.0
"Rat heart, female 2 wk",VPS13D,-1.0,-0.337658829976692,1.39623571725419,neither,high,0.0,mid,1.0,1.0
"Rat heart, female 2 wk",VTN,1.0,0.665790608235783,0.872534910552621,neither,high,0.0,high,1.0,1.0
"Rat heart, female 2 wk",WFS1,1.0,-1.30723723851979,3.08903830280763,neither,high,0.0,high,1.0,1.0
"Rat heart, female 2 wk",XRCC4,-1.0,0.437146069652459,1.59634709720446,neither,mid,0.0,low,1.0,1.0
"Rat heart, female 2 wk",YBX3,-1.0,1.9094298068149,0.170452304031932,neither,high,0.0,high,1.0,1.0
"Rat heart, female 2 wk",YEATS2,1.0,-0.976805017771652,1.26356421686561,neither,mid,4.0,mid,1.0,1.0
"Rat heart, female 2 wk",ZBTB16,1.0,0.465440174514215,1.74679028587984,neither,high,0.0,mid,1.0,1.0
"Rat heart, female 4 wk",ABHD5,-1.0,0.0284313920553858,-0.783909211520944,neither,mid,0.0,mid,1.0,1.0
"Rat heart, female 4 wk",ABL1,-1.0,-0.537077042059276,-0.576715014022909,neither,high,0.0,high,2.0,1.0
"Rat heart, female 4 wk",ACSS3,-1.0,-0.548284379213501,1.97308817243405,neither,low,0.0,mid,1.0,1.0
"Rat heart, female 4 wk",ACTA1,-1.0,-0.894270842470926,1.27769615102117,neither,high,0.0,high,1.0,1.0
"Rat heart, female 4 wk",ADAMTS1,-1.0,-0.339598914797939,0.0527318840479246,neither,high,6.0,high,1.0,1.0
"Rat heart, female 4 wk",ADAMTSL3,1.0,-0.981841236465848,-0.466941736774554,neither,mid,0.0,low,1.0,1.0
"Rat heart, female 4 wk",ADD3,1.0,-2.01327082832152,-0.745141084997366,neither,high,0.0,high,1.0,1.0
"Rat heart, female 4 wk",ADH5,1.0,-1.31451736776919,1.07585068577049,neither,high,0.0,high,1.0,1.0
"Rat heart, female 4 wk",ALAS1,1.0,-1.03101060594493,-0.939335098603965,neither,high,0.0,high,1.0,1.0
"Rat heart, female 4 wk",ALDH5A1,1.0,0.570535684855816,3.77914140825718,neither,high,0.0,mid,1.0,1.0
"Rat heart, female 4 wk",ALDH9A1,1.0,1.52697056131062,1.48640275549193,neither,high,0.0,high,1.0,1.0
"Rat heart, female 4 wk",AMD1,-1.0,1.1718100783463,-0.110331930068979,neither,high,2.0,high,1.0,1.0
"Rat heart, female 4 wk",ANK1,1.0,0.126899060767738,-0.515120529101196,neither,high,0.0,mid,1.0,2.0
"Rat heart, female 4 wk",ANKMY2,1.0,-0.937212260938614,-0.883360722732418,neither,high,0.0,high,1.0,1.0
"Rat heart, female 4 wk",ANKRD1,-1.0,2.83109368488133,1.90505491966711,neither,high,0.0,high,1.0,2.0
"Rat heart, female 4 wk",ANP32E,1.0,0.740947387729258,-0.552560054032857,neither,high,0.0,high,1.0,1.0
"Rat heart, female 4 wk",ANXA4,1.0,-0.0014766231482369,1.39528127175035,neither,high,0.0,mid,1.0,1.0
"Rat heart, female 4 wk",ANXA6,1.0,-1.68978498887741,0.504988743507131,neither,high,0.0,high,1.0,2.0
"Rat heart, female 4 wk",AOX1,-1.0,-0.895883754307728,0.318708435685121,neither,mid,0.0,low,1.0,1.0
"Rat heart, female 4 wk",AP1S2,-1.0,0.700079611675587,-0.611802601553557,neither,high,0.0,high,1.0,1.0
"Rat heart, female 4 wk",AP2B1,1.0,-0.314984929992282,-0.101830891461518,neither,high,0.0,high,1.0,1.0
"Rat heart, female 4 wk",AP3M2,1.0,-1.09128583773206,-0.761703709206658,neither,low,0.0,mid,1.0,1.0
"Rat heart, female 4 wk",ARHGAP15,1.0,-0.888817411449543,0.194377083897697,neither,low,8.0,low,1.0,1.0
"Rat heart, female 4 wk",ARHGDIB,1.0,-1.79936118707749,-1.93423386482233,neither,high,0.0,high,1.0,1.0
"Rat heart, female 4 wk",ARMCX3,1.0,1.20289580465669,0.562460507198484,neither,high,2.0,high,1.0,1.0
"Rat heart, female 4 wk",ASMTL,1.0,0.565339110820185,-2.75739155757333,neither,mid,0.0,high,1.0,2.0
"Rat heart, female 4 wk",ASPN,1.0,-1.47770210347556,-0.455523871758899,neither,low,0.0,mid,2.0,1.0
"Rat heart, female 4 wk",ATP1A1,-1.0,-0.287284033921128,3.57062027981154,neither,high,0.0,high,1.0,1.0
"Rat heart, female 4 wk",ATP1A2,-1.0,0.357233193160279,1.91800521965986,neither,high,0.0,high,1.0,1.0
"Rat heart, female 4 wk",ATP1A3,1.0,0.884062206904406,1.81359890612564,neither,mid,0.0,high,1.0,1.0
"Rat heart, female 4 wk",ATP1B1,-1.0,1.66272094235651,4.65890867024109,protein only,high,0.0,high,1.0,1.0
"Rat heart, female 4 wk",ATP1B3,-1.0,0.0472402754681631,1.97241921403166,neither,high,0.0,high,1.0,1.0
"Rat heart, female 4 wk",ATP2A2,-1.0,0.926622484030769,0.695458670686882,neither,high,0.0,high,1.0,2.0
"Rat heart, female 4 wk",AUTS2,1.0,1.11379331981923,0.141956410722487,neither,mid,2.0,low,1.0,1.0
"Rat heart, female 4 wk",BAG2,-1.0,-1.19682417817591,0.432146986720161,neither,mid,0.0,mid,1.0,1.0
"Rat heart, female 4 wk",BASP1,1.0,-1.76110748449694,-0.953938488608103,neither,low,0.0,low,1.0,1.0
"Rat heart, female 4 wk",BCL2L1,-1.0,1.67500155063081,0.938308618280931,neither,high,0.0,high,1.0,1.0
"Rat heart, female 4 wk",BGN,1.0,-0.360320520838811,-0.256178004333934,neither,high,0.0,high,1.0,1.0
"Rat heart, female 4 wk",BLM,-1.0,-0.848525563382684,-0.2070261916199,neither,low,4.0,low,1.0,1.0
"Rat heart, female 4 wk",BRD4,-1.0,-1.08964910378274,-1.1880570633319,neither,high,0.0,high,1.0,1.0
"Rat heart, female 4 wk",C3,-1.0,-0.786645982454462,-1.43809901142777,neither,low,0.0,high,1.0,1.0
"Rat heart, female 4 wk",C4A,-1.0,-1.46047620533804,-0.0470539372885291,neither,mid,0.0,low,2.0,1.0
"Rat heart, female 4 wk",C6,1.0,-0.48418573670982,-2.37137633210597,neither,low,0.0,high,1.0,2.0
"Rat heart, female 4 wk",CALU,-1.0,0.0521167031200373,-0.798848092505031,neither,high,0.0,high,1.0,1.0
"Rat heart, female 4 wk",CCNG1,-1.0,3.11035430812615,0.520977017796331,neither,high,4.0,high,1.0,1.0
"Rat heart, female 4 wk",CCT2,-1.0,1.20912106253302,1.0275825475541,neither,high,0.0,high,1.0,1.0
"Rat heart, female 4 wk",CD163,-1.0,-0.32950966262655,-0.584708156060487,neither,high,0.0,mid,1.0,1.0
"Rat heart, female 4 wk",CD59,-1.0,-1.41958873130061,1.173006290789,neither,high,0.0,high,1.0,1.0
"Rat heart, female 4 wk",CD74,1.0,-0.259671863596122,-1.04532259184774,neither,high,0.0,high,1.0,1.0
"Rat heart, female 4 wk",CDC37L1,-1.0,2.31641652412026,2.69382061941859,neither,high,0.0,high,1.0,1.0
"Rat heart, female 4 wk",CDV3,-1.0,4.00032790056162,-0.422477296829241,RNA only,high,0.0,high,1.0,1.0
"Rat heart, female 4 wk",CETN3,1.0,1.07900608413743,-0.184392779272503,neither,mid,0.0,mid,2.0,1.0
"Rat heart, female 4 wk",CHORDC1,-1.0,0.17816872789325,0.426995282808011,neither,high,0.0,mid,1.0,1.0
"Rat heart, female 4 wk",CLIC4,-1.0,-0.921951431995092,0.213857104360081,neither,high,0.0,high,1.0,1.0
"Rat heart, female 4 wk",CLIP1,-1.0,4.2679703477312,-0.788670215278313,RNA only,high,0.0,high,1.0,3.0
"Rat heart, female 4 wk",CLTB,-1.0,1.586957269513,0.853412603527942,neither,high,0.0,high,1.0,1.0
"Rat heart, female 4 wk",CLU,-1.0,0.880280897703766,0.133803832027697,neither,high,0.0,high,1.0,1.0
"Rat heart, female 4 wk",CMC2,-1.0,-0.5171388745836,2.32005387697904,neither,low,0.0,mid,1.0,1.0
"Rat heart, female 4 wk",CNN1,-1.0,-4.3185790849333,-1.83683659444548,RNA only,low,0.0,high,1.0,1.0
"Rat heart, female 4 wk",COA4,-1.0,-0.504338430829665,0.251675853010602,neither,low,0.0,high,1.0,1.0
"Rat heart, female 4 wk",COBL,-1.0,0.308447217759024,0.644982558927835,neither,mid,0.0,high,1.0,1.0
"Rat heart, female 4 wk",COL15A1,1.0,-2.1861956065796,-2.40528185674919,neither,high,0.0,high,2.0,1.0
"Rat heart, female 4 wk",COL16A1,1.0,-1.70559468466611,-1.03729486438014,neither,mid,0.0,mid,1.0,1.0
"Rat heart, female 4 wk",COL1A1,1.0,-1.68747514625963,-0.0905771993835948,neither,high,0.0,high,1.0,1.0
"Rat heart, female 4 wk",COL1A2,1.0,-1.63362811463052,0.0553756276759582,neither,high,0.0,high,2.0,1.0
"Rat heart, female 4 wk",COL3A1,1.0,-2.02030619284404,-1.20190488992925,neither,high,0.0,high,1.0,1.0
"Rat heart, female 4 wk",COL5A1,1.0,-1.13952756909603,0.555828553522844,neither,high,0.0,mid,1.0,1.0
"Rat heart, female 4 wk",COL5A2,1.0,-2.13775721927026,-0.152441620753689,neither,high,0.0,mid,1.0,1.0
"Rat heart, female 4 wk",COMP,1.0,0.999612383191631,0.719597152895884,neither,low,4.0,low,1.0,1.0
"Rat heart, female 4 wk",CORIN,1.0,-0.801856437857902,-1.68582692876684,neither,high,0.0,high,1.0,2.0
"Rat heart, female 4 wk",COX17,-1.0,2.303582410686,1.7618314486264,neither,high,0.0,high,1.0,1.0
"Rat heart, female 4 wk",CPE,1.0,-1.74549914551351,-0.959002287754758,neither,high,0.0,high,1.0,1.0
"Rat heart, female 4 wk",CPT2,1.0,-1.25007634852421,2.05216305997757,neither,high,0.0,high,1.0,1.0
"Rat heart, female 4 wk",CRIM1,-1.0,-2.19563771208172,-0.247547581044462,neither,high,6.0,high,1.0,1.0
"Rat heart, female 4 wk",CRISPLD2,-1.0,-0.221653655553898,0.289504392926449,neither,high,8.0,high,1.0,1.0
"Rat heart, female 4 wk",CRYM,1.0,0.387942720304351,3.51798223701355,neither,high,0.0,high,1.0,1.0
"Rat heart, female 4 wk",CSDC2,-1.0,2.43668521278994,2.24081292667689,neither,high,2.0,high,1.0,1.0
"Rat heart, female 4 wk",CTSD,1.0,2.69382154799117,-3.12846273984679,neither,high,0.0,high,1.0,1.0
"Rat heart, female 4 wk",CTSH,1.0,-1.02075938761304,-1.31452961527553,neither,high,0.0,high,1.0,1.0
"Rat heart, female 4 wk",CYP4B1,-1.0,1.82807413214973,0.765839363915825,neither,high,0.0,high,1.0,1.0
"Rat heart, female 4 wk",DAZAP1,-1.0,1.13191584749637,0.0739039318643428,neither,high,0.0,high,1.0,1.0
"Rat heart, female 4 wk",DCP2,1.0,-1.75363930274053,-0.621826884757907,neither,low,8.0,low,2.0,1.0
"Rat heart, female 4 wk",DDX39A,-1.0,-0.857149534687652,-0.545736970707495,neither,mid,0.0,high,1.0,1.0
"Rat heart, female 4 wk",DENND1B,1.0,1.2914446188614,-0.639597187799054,neither,mid,0.0,low,1.0,1.0
"Rat heart, female 4 wk",DERL1,-1.0,0.169280991969429,0.72442363223181,neither,high,4.0,high,1.0,1.0
"Rat heart, female 4 wk",DLG1,-1.0,2.78337335548955,0.389386120922902,neither,high,0.0,mid,1.0,1.0
"Rat heart, female 4 wk",DLST,1.0,0.847389200788078,4.17964687630359,protein only,high,0.0,high,1.0,1.0
"Rat heart, female 4 wk",DMPK,-1.0,1.29778664651679,-0.774413402051467,neither,high,4.0,high,1.0,2.0
"Rat heart, female 4 wk",DNAJC15,-1.0,2.45103193362289,3.63419809950331,neither,high,2.0,mid,1.0,1.0
"Rat heart, female 4 wk",DPM1,1.0,1.75846535667093,-0.497365752872325,neither,mid,0.0,high,1.0,1.0
"Rat heart, female 4 wk",DPYSL3,1.0,-2.49369668839747,-1.09460607058845,neither,mid,0.0,mid,1.0,1.0
"Rat heart, female 4 wk",DVL1,-1.0,0.114127965725737,0.451975852798343,neither,high,2.0,high,1.0,1.0
"Rat heart, female 4 wk",EDNRA,1.0,-1.54718490148356,0.275904221332849,neither,high,6.0,mid,1.0,1.0
"Rat heart, female 4 wk",EFEMP1,1.0,-1.18523390279251,0.852265314155847,neither,mid,0.0,high,1.0,1.0
"Rat heart, female 4 wk",EGLN1,-1.0,-1.69927154079791,-2.73604372923414,neither,high,0.0,high,1.0,1.0
"Rat heart, female 4 wk",EHBP1L1,-1.0,0.987462416712055,-0.788747065388811,neither,high,0.0,high,1.0,1.0
"Rat heart, female 4 wk",EHD3,1.0,-0.136593060301657,0.661520608675297,neither,mid,0.0,high,1.0,1.0
"Rat heart, female 4 wk",EIF1AX,-1.0,0.566462954115794,0.0660612557898694,neither,high,0.0,high,1.0,1.0
"Rat heart, female 4 wk",EIF1AY,1.0,-1.05927219078957,1.44708931980293,neither,mid,2.0,high,1.0,1.0
"Rat heart, female 4 wk",EMC2,1.0,0.490464359300272,-1.38957623162385,neither,mid,0.0,high,1.0,1.0
"Rat heart, female 4 wk",EMC6,-1.0,1.06924280441592,-0.500334527449206,neither,high,8.0,high,1.0,1.0
"Rat heart, female 4 wk",EPB41L2,1.0,-1.37513174991015,0.0022784898908796,neither,high,0.0,high,1.0,1.0
"Rat heart, female 4 wk",EPHX2,1.0,0.731468355321871,2.60335826495312,neither,high,0.0,mid,1.0,2.0
"Rat heart, female 4 wk",EPM2AIP1,1.0,0.965800228674187,-1.52859334695472,neither,high,0.0,mid,1.0,1.0
"Rat heart, female 4 wk",EPN3,-1.0,1.45671041435651,-0.860885138472827,neither,mid,0.0,mid,1.0,1.0
"Rat heart, female 4 wk",ERLIN2,1.0,-0.0812006766878193,0.334488635981652,neither,high,0.0,mid,1.0,1.0
"Rat heart, female 4 wk",EVL,1.0,-1.36978422151534,-1.98589732986964,neither,mid,0.0,mid,1.0,1.0
"Rat heart, female 4 wk",F5,1.0,-0.189793658975773,-1.03567619768194,neither,low,0.0,low,1.0,1.0
"Rat heart, female 4 wk",FAM13A,1.0,-1.52747729587322,-1.00720454606654,neither,high,4.0,low,1.0,1.0
"Rat heart, female 4 wk",FASN,-1.0,-1.635881032394,-0.218159040961544,neither,mid,0.0,mid,1.0,1.0
"Rat heart, female 4 wk",FBLN2,1.0,-1.4751961122825,-1.26752855035411,neither,high,0.0,high,1.0,1.0
"Rat heart, female 4 wk",FBN1,1.0,-2.7054786197015,0.630595422784334,neither,high,0.0,mid,1.0,1.0
"Rat heart, female 4 wk",FBXO40,1.0,1.22412029466238,0.426590613802132,neither,high,0.0,high,1.0,1.0
"Rat heart, female 4 wk",FCGRT,1.0,-0.522471942598976,-0.31393265521249,neither,high,8.0,high,1.0,1.0
"Rat heart, female 4 wk",FCN3,-1.0,-1.15037212287562,-0.467392066159025,neither,low,0.0,high,1.0,1.0
"Rat heart, female 4 wk",FERMT2,-1.0,-0.117472711229781,1.21201064582031,neither,high,4.0,high,1.0,2.0
"Rat heart, female 4 wk",FGF1,1.0,0.523739843096627,0.379317057470661,neither,high,0.0,mid,1.0,1.0
"Rat heart, female 4 wk",FGF12,1.0,0.148272988144849,1.39096722754293,neither,mid,0.0,high,1.0,1.0
"Rat heart, female 4 wk",FHOD3,1.0,0.0147842040641553,-0.266622538341417,neither,high,0.0,high,1.0,1.0
"Rat heart, female 4 wk",FKBP4,-1.0,0.721743654737576,-0.99215848022128,neither,high,0.0,high,1.0,1.0
"Rat heart, female 4 wk",FKBP5,-1.0,2.07039711898608,5.1209536402942,protein only,high,0.0,high,1.0,1.0
"Rat heart, female 4 wk",FLII,-1.0,-0.339287691309005,-2.48181703184015,neither,high,0.0,high,1.0,2.0
"Rat heart, female 4 wk",FLNC,-1.0,2.20247595240559,0.186307508984741,neither,high,0.0,high,1.0,1.0
"Rat heart, female 4 wk",FMOD,1.0,0.257755605205682,-0.893583343225921,neither,mid,0.0,mid,1.0,1.0
"Rat heart, female 4 wk",FNBP1L,1.0,-0.416929609355397,0.299513674606335,neither,mid,0.0,mid,1.0,1.0
"Rat heart, female 4 wk",FRZB,1.0,-1.06854417649629,-0.428354774459387,neither,low,0.0,low,1.0,1.0
"Rat heart, female 4 wk",FSTL1,1.0,-2.77844663409488,-0.849689538055418,neither,high,2.0,high,1.0,1.0
"Rat heart, female 4 wk",FUCA1,1.0,0.213710941662047,-2.66753822981695,neither,mid,0.0,mid,1.0,1.0
"Rat heart, female 4 wk",GALNT11,1.0,-0.158687770134119,-0.551886240465161,neither,high,8.0,mid,1.0,1.0
"Rat heart, female 4 wk",GATM,1.0,-0.447507362236686,1.01560186826694,neither,mid,0.0,mid,1.0,1.0
"Rat heart, female 4 wk",GCLM,-1.0,0.819133391108111,-1.90585730275892,neither,mid,0.0,low,1.0,1.0
"Rat heart, female 4 wk",GLOD4,1.0,1.30087168908242,-1.10088604104825,neither,mid,0.0,mid,1.0,1.0
"Rat heart, female 4 wk",GLRX,1.0,-2.20730957286928,1.12604181805979,neither,mid,0.0,high,1.0,1.0
"Rat heart, female 4 wk",GLRX2,-1.0,0.694619555476889,2.19832176287636,neither,mid,0.0,high,1.0,1.0
"Rat heart, female 4 wk",GLUL,-1.0,1.06425993858836,-0.53491047244317,neither,high,0.0,high,1.0,1.0
"Rat heart, female 4 wk",GMPR,-1.0,2.50740253294299,1.52674014554023,neither,high,0.0,high,1.0,1.0
"Rat heart, female 4 wk",GNL3,-1.0,2.39723665219478,-1.07189285947574,neither,mid,0.0,high,1.0,1.0
"Rat heart, female 4 wk",GPD1L,-1.0,0.237444862979902,3.02955752595847,neither,high,0.0,high,1.0,1.0
"Rat heart, female 4 wk",GPX3,-1.0,0.899363767066338,-1.31114736865391,neither,high,0.0,high,1.0,1.0
"Rat heart, female 4 wk",GSTT1,1.0,-0.519894604102835,-0.509834932731123,neither,low,8.0,,1.0,1.0
"Rat heart, female 4 wk",GTF2E1,1.0,-0.130722488538594,-1.87314931433068,neither,mid,6.0,low,1.0,1.0
"Rat heart, female 4 wk",GTF2IRD1,-1.0,-0.410337779736657,-0.203957171347653,neither,low,4.0,mid,2.0,1.0
"Rat heart, female 4 wk",GTPBP6,-1.0,0.699998188991482,3.17123418574695,neither,mid,0.0,high,2.0,1.0
"Rat heart, female 4 wk",HBA1,1.0,0.0847410983766079,-0.700961016964448,neither,mid,0.0,mid,2.0,1.0
"Rat heart, female 4 wk",HBB,1.0,-0.624500892418245,-0.500166265942047,neither,mid,0.0,high,1.0,1.0
"Rat heart, female 4 wk",HBD,1.0,-1.4030575922571,-1.31064071102755,neither,low,0.0,low,2.0,1.0
"Rat heart, female 4 wk",HEG1,1.0,-1.25412487775317,-0.564159604059064,neither,high,2.0,high,1.0,1.0
"Rat heart, female 4 wk",HERC6,1.0,0.007491882222212,0.434792044034178,neither,mid,2.0,mid,1.0,1.0
"Rat heart, female 4 wk",HLTF,1.0,0.65515208102421,1.1386115172082,neither,high,0.0,mid,1.0,1.0
"Rat heart, female 4 wk",HMGCL,1.0,-1.36136139311396,3.72519744891562,neither,high,0.0,mid,1.0,1.0
"Rat heart, female 4 wk",HMGN1,1.0,0.256068624360767,-0.420952079417399,neither,high,0.0,high,2.0,1.0
"Rat heart, female 4 wk",HMGN2,1.0,-0.739413790996795,-0.857876695310845,neither,high,0.0,high,1.0,1.0
"Rat heart, female 4 wk",HMOX2,-1.0,-0.023332146058102,0.672389068979889,neither,high,0.0,high,1.0,1.0
"Rat heart, female 4 wk",HOPX,-1.0,0.556381791482501,1.40653215719315,neither,mid,0.0,mid,1.0,1.0
"Rat heart, female 4 wk",HPRT1,1.0,2.97056080686228,1.73763775871501,neither,mid,0.0,high,2.0,1.0
"Rat heart, female 4 wk",HSP90AA1,-1.0,2.0039807486454,2.11670541730549,neither,high,0.0,high,2.0,1.0
"Rat heart, female 4 wk",HSPA2,1.0,-0.446283372768398,1.09349465346775,neither,low,0.0,mid,1.0,1.0
"Rat heart, female 4 wk",HSPA5,1.0,-0.791577856935741,-0.0980280992226925,neither,high,0.0,high,1.0,1.0
"Rat heart, female 4 wk",HSPB2,-1.0,1.55578361277838,0.91588337703153,neither,high,0.0,high,1.0,1.0
"Rat heart, female 4 wk",HSPB6,1.0,0.878108372055029,2.32128315079151,neither,high,0.0,high,1.0,1.0
"Rat heart, female 4 wk",HTRA1,1.0,-1.19395814618537,-2.27458307744438,neither,high,0.0,high,1.0,1.0
"Rat heart, female 4 wk",IFI44L,1.0,2.1955573178677,0.0657839555248367,neither,low,8.0,mid,1.0,1.0
"Rat heart, female 4 wk",IFIT3,1.0,0.818773216955923,-0.105590677585044,neither,mid,0.0,mid,1.0,1.0
"Rat heart, female 4 wk",IL1RL1,-1.0,-0.819116031015755,-0.422591384093866,neither,low,0.0,mid,1.0,1.0
"Rat heart, female 4 wk",IRS1,-1.0,-0.560918847741398,-1.11737993553042,neither,high,0.0,mid,1.0,1.0
"Rat heart, female 4 wk",IRS2,-1.0,-1.64692321603365,-1.5908625794617,neither,high,0.0,mid,1.0,1.0
"Rat heart, female 4 wk",ITFG1,1.0,1.52324741495324,-0.614246003197664,neither,high,2.0,mid,1.0,1.0
"Rat heart, female 4 wk",ITGA5,-1.0,0.618300036306125,2.43536585146652,neither,high,0.0,high,1.0,1.0
"Rat heart, female 4 wk",IVNS1ABP,1.0,3.79418629399531,6.29927251197321,"both, same sign",high,0.0,high,1.0,1.0
"Rat heart, female 4 wk",JAK2,1.0,-0.598342232912303,-1.95812044502015,neither,mid,0.0,mid,1.0,1.0
"Rat heart, female 4 wk",JUP,-1.0,-0.715361856497112,2.02274552135906,neither,high,0.0,high,1.0,1.0
"Rat heart, female 4 wk",KCNIP2,-1.0,1.47853914393182,0.584766522398632,neither,high,8.0,high,2.0,1.0
"Rat heart, female 4 wk",KLF4,-1.0,-2.37524333003828,-0.175384644415073,neither,high,0.0,high,1.0,1.0
"Rat heart, female 4 wk",KLHL21,-1.0,1.73006827052917,0.730050141371645,neither,high,2.0,high,1.0,1.0
"Rat heart, female 4 wk",KLHL41,-1.0,-0.626995104402207,1.7260344132824,neither,high,0.0,high,1.0,1.0
"Rat heart, female 4 wk",KPNA2,-1.0,-0.688735317195369,-1.71402889816555,neither,high,0.0,mid,1.0,1.0
"Rat heart, female 4 wk",LAMB1,1.0,-1.91458986549915,-0.189567480749447,neither,high,0.0,high,1.0,1.0
"Rat heart, female 4 wk",LARP6,-1.0,-0.324402233050106,-0.999657827226177,neither,low,4.0,high,1.0,1.0
"Rat heart, female 4 wk",LMCD1,-1.0,1.63933756348383,-0.901425147810412,neither,high,0.0,mid,1.0,1.0
"Rat heart, female 4 wk",LOXL1,1.0,-2.46028404435255,-2.91759696161204,neither,mid,0.0,high,1.0,1.0
"Rat heart, female 4 wk",LPIN1,-1.0,0.932958618053578,2.70831027945645,neither,high,0.0,high,1.0,1.0
"Rat heart, female 4 wk",LRRC49,1.0,0.394020102878439,0.0771665877817564,neither,mid,4.0,mid,1.0,1.0
"Rat heart, female 4 wk",LRRC59,-1.0,0.0658382532935207,-0.0481243110777211,neither,high,0.0,high,1.0,1.0
"Rat heart, female 4 wk",LSAMP,-1.0,0.560702217993314,-0.852930575026614,neither,mid,0.0,low,1.0,1.0
"Rat heart, female 4 wk",LSP1,1.0,-0.963781513733878,-2.44761633890374,neither,mid,0.0,mid,1.0,1.0
"Rat heart, female 4 wk",LTBP1,1.0,-0.944623508894622,-0.0948961743212152,neither,high,0.0,high,1.0,1.0
"Rat heart, female 4 wk",LTBP2,1.0,0.0438876016896051,-1.04520060378163,neither,mid,0.0,high,1.0,1.0
"Rat heart, female 4 wk",LUM,1.0,-0.930679179968788,-1.04644590149273,neither,high,0.0,high,1.0,1.0
"Rat heart, female 4 wk",LYVE1,-1.0,0.381796477138626,-0.124440819902285,neither,high,2.0,mid,1.0,1.0
"Rat heart, female 4 wk",MAFF,-1.0,0.770698272862638,-0.192574072169676,neither,mid,0.0,mid,1.0,1.0
"Rat heart, female 4 wk",MAGED1,1.0,-1.04627680482447,-0.263193115245208,neither,high,0.0,high,1.0,1.0
"Rat heart, female 4 wk",MAGED2,1.0,-0.253223424625278,-0.942568596922673,neither,mid,0.0,high,1.0,1.0
"Rat heart, female 4 wk",MAP1LC3B,-1.0,1.00353432234819,-1.79575984693986,neither,high,0.0,high,1.0,1.0
"Rat heart, female 4 wk",MAP2K1,-1.0,-0.686773657885694,2.05049713784189,neither,high,0.0,high,1.0,1.0
"Rat heart, female 4 wk",MARK3,-1.0,0.197625590275227,-2.76139593250776,neither,high,0.0,high,1.0,2.0
"Rat heart, female 4 wk",MBNL2,-1.0,-1.11846034118885,0.898763314164592,neither,high,0.0,high,1.0,1.0
"Rat heart, female 4 wk",MCM6,1.0,-1.66661938994055,-1.13223162202481,neither,low,0.0,low,1.0,1.0
"Rat heart, female 4 wk",MEIS1,-1.0,-0.345988097258008,-1.99332914587339,neither,mid,2.0,mid,1.0,1.0
"Rat heart, female 4 wk",METTL22,-1.0,-0.0832882509939537,-0.708224673866137,neither,mid,4.0,mid,1.0,1.0
"Rat heart, female 4 wk",MFAP4,1.0,-1.78628962541571,-1.60928140690399,neither,low,0.0,high,2.0,1.0
"Rat heart, female 4 wk",MKNK2,-1.0,1.52987753450375,-0.744436464529961,neither,high,6.0,high,1.0,1.0
"Rat heart, female 4 wk",MOAP1,1.0,1.46117797172191,1.24825554411562,neither,low,6.0,high,1.0,1.0
"Rat heart, female 4 wk",MPI,1.0,-1.91411848328739,2.87466594734616,neither,high,0.0,mid,1.0,1.0
"Rat heart, female 4 wk",MPP3,-1.0,-0.0921267285463145,0.730767363619842,neither,low,4.0,high,1.0,1.0
"Rat heart, female 4 wk",MRPL34,-1.0,0.0633299204604679,0.474640079966953,neither,mid,0.0,high,1.0,1.0
"Rat heart, female 4 wk",MTCH1,-1.0,-0.382209929114069,0.683979253131563,neither,high,0.0,high,1.0,1.0
"Rat heart, female 4 wk",MTR,1.0,-0.535102489077497,-1.72054515143321,neither,mid,0.0,mid,1.0,1.0
"Rat heart, female 4 wk",MTUS2,-1.0,1.06959267531665,0.399958425621823,neither,high,0.0,high,1.0,1.0
"Rat heart, female 4 wk",MX1,1.0,-0.157361013471012,-0.0244387442846482,neither,mid,0.0,mid,1.0,1.0
"Rat heart, female 4 wk",MXI1,-1.0,0.66846202153622,-1.6458030071953,neither,high,8.0,high,1.0,1.0
"Rat heart, female 4 wk",MYL7,-1.0,-0.270091448364632,0.649159610837523,neither,high,0.0,high,1.0,1.0
"Rat heart, female 4 wk",MYO16,-1.0,-0.835586845279622,0.85172404819832,neither,low,0.0,low,1.0,1.0
"Rat heart, female 4 wk",MYOM2,1.0,2.05403818528091,0.993188542548867,neither,high,0.0,high,1.0,1.0
"Rat heart, female 4 wk",MYOT,-1.0,1.17575048330502,1.09539970666864,neither,low,0.0,mid,2.0,1.0
"Rat heart, female 4 wk",NAA15,-1.0,1.23824864884067,-0.0674919536461319,neither,high,0.0,mid,1.0,1.0
"Rat heart, female 4 wk",NACC2,-1.0,0.519755075333593,0.002139980551946,neither,high,6.0,high,1.0,1.0
"Rat heart, female 4 wk",NAMPT,-1.0,2.99144029050273,2.58246046926349,neither,high,0.0,high,1.0,1.0
"Rat heart, female 4 wk",NCAM1,-1.0,1.48299037889689,1.79372727040566,neither,mid,0.0,high,1.0,2.0
"Rat heart, female 4 wk",NCF2,1.0,0.952852746786505,1.29677807904722,neither,low,8.0,low,1.0,1.0
"Rat heart, female 4 wk",NDRG4,-1.0,0.540813265477295,2.65714001774389,neither,high,0.0,high,1.0,1.0
"Rat heart, female 4 wk",NID1,-1.0,-3.43999237823722,-0.364993826642362,neither,high,0.0,high,1.0,1.0
"Rat heart, female 4 wk",NIT2,1.0,1.69593939806264,3.00426117403241,neither,mid,0.0,mid,1.0,1.0
"Rat heart, female 4 wk",NKX2-5,-1.0,-0.0891810973779274,0.540473925849831,neither,high,4.0,high,1.0,1.0
"Rat heart, female 4 wk",NOS3,-1.0,-0.783632966640069,0.767341334044567,neither,high,0.0,mid,1.0,1.0
"Rat heart, female 4 wk",NPPA,1.0,0.227933963016593,0.0744832272104113,neither,high,0.0,high,1.0,1.0
"Rat heart, female 4 wk",NPPB,1.0,2.24641750033266,0.805613500947145,neither,high,0.0,high,1.0,1.0
"Rat heart, female 4 wk",NQO2,-1.0,0.829260949383857,0.809194850273307,neither,high,0.0,mid,1.0,1.0
"Rat heart, female 4 wk",NRAP,-1.0,3.73936853833831,1.85722669627559,RNA only,high,0.0,high,1.0,2.0
"Rat heart, female 4 wk",NUCB2,1.0,1.5996517890626,-1.31139773903996,neither,high,0.0,mid,1.0,1.0
"Rat heart, female 4 wk",NUDT3,1.0,0.245289102189088,0.0143473864774069,neither,high,0.0,high,1.0,1.0
"Rat heart, female 4 wk",NUDT4,-1.0,-1.68795051342327,-0.629177815387907,neither,high,0.0,high,1.0,1.0
"Rat heart, female 4 wk",NUP37,1.0,-0.862757421712772,-0.439455587674544,neither,low,0.0,mid,1.0,1.0
"Rat heart, female 4 wk",OGDH,-1.0,-0.198745397782537,2.85404903368923,neither,high,0.0,high,1.0,1.0
"Rat heart, female 4 wk",OGN,1.0,1.02641384967034,-1.30173993724871,neither,high,0.0,mid,2.0,1.0
"Rat heart, female 4 wk",OLFML3,1.0,-1.46729817438181,-0.785105062755659,neither,mid,0.0,mid,1.0,1.0
"Rat heart, female 4 wk",P2RX5,-1.0,4.47544409037222,1.22821209087889,RNA only,high,0.0,mid,1.0,1.0
"Rat heart, female 4 wk",PALMD,1.0,-1.66216892260467,-0.0488575456286412,neither,high,0.0,high,1.0,1.0
"Rat heart, female 4 wk",PCCB,1.0,-1.31588253492969,2.76567465663379,neither,high,0.0,high,1.0,1.0
"Rat heart, female 4 wk",PCNT,-1.0,1.2086442722372,0.122355120102041,neither,high,0.0,mid,1.0,1.0
"Rat heart, female 4 wk",PCOLCE,1.0,-1.76863444627519,-1.4569048456849,neither,mid,0.0,high,1.0,1.0
"Rat heart, female 4 wk",PDK4,1.0,-2.10677543671707,0.341418703376027,neither,high,0.0,high,1.0,1.0
"Rat heart, female 4 wk",PDLIM3,1.0,0.223341459293639,3.63478462827606,neither,high,2.0,high,1.0,3.0
"Rat heart, female 4 wk",PDZD2,-1.0,-1.5960703399532,-2.96504765349363,neither,high,0.0,mid,1.0,1.0
"Rat heart, female 4 wk",PHF11,1.0,-0.301852759306972,-1.34965714754219,neither,low,8.0,mid,1.0,1.0
"Rat heart, female 4 wk",PHLDA1,1.0,1.05576381081412,0.245141313090355,neither,high,8.0,mid,1.0,1.0
"Rat heart, female 4 wk",PKM,1.0,2.26530348341632,3.59717659927539,neither,high,0.0,high,1.0,2.0
"Rat heart, female 4 wk",PLA2G2A,-1.0,1.44018729148928,-0.684929872484448,neither,mid,0.0,high,1.0,1.0
"Rat heart, female 4 wk",PLBD1,1.0,-0.820778592446497,-2.21602196388533,neither,high,0.0,high,1.0,1.0
"Rat heart, female 4 wk",PLIN2,-1.0,-1.6808896565093,-3.49147942090975,neither,high,0.0,high,1.0,1.0
"Rat heart, female 4 wk",PLP2,-1.0,-0.889601707523917,-1.73135261418743,neither,mid,6.0,high,1.0,1.0
"Rat heart, female 4 wk",PLXDC1,1.0,0.261049093864438,-1.18464194122666,neither,mid,4.0,mid,1.0,1.0
"Rat heart, female 4 wk",PODXL,-1.0,0.0716247627095016,0.812297126687296,neither,high,0.0,high,1.0,1.0
"Rat heart, female 4 wk",POGLUT1,-1.0,-0.351926115467787,-0.841021383000841,neither,low,0.0,mid,1.0,1.0
"Rat heart, female 4 wk",POLE3,-1.0,-1.19251779265794,-0.729332482454421,neither,low,0.0,high,2.0,1.0
"Rat heart, female 4 wk",POR,-1.0,0.991162832937026,0.0015879507698827,neither,high,0.0,high,1.0,1.0
"Rat heart, female 4 wk",PPL,-1.0,0.558726889041987,0.795170845120448,neither,mid,0.0,mid,1.0,1.0
"Rat heart, female 4 wk",PPP1R12B,1.0,-0.0010981873050036,2.35813623872493,neither,high,0.0,high,1.0,2.0
"Rat heart, female 4 wk",PPT1,1.0,-1.08978232317667,-0.521820645214128,neither,mid,0.0,high,1.0,1.0
"Rat heart, female 4 wk",PRDX4,1.0,-0.40672968100034,0.0671861927768922,neither,low,2.0,high,1.0,1.0
"Rat heart, female 4 wk",PRDX6,-1.0,0.895088769082618,1.17355453675054,neither,high,0.0,high,1.0,1.0
"Rat heart, female 4 wk",PSD3,1.0,0.235974658998238,-1.52683252873672,neither,mid,2.0,mid,1.0,1.0
"Rat heart, female 4 wk",PSMB10,1.0,-0.526901302044429,-1.48486739335053,neither,mid,0.0,high,1.0,1.0
"Rat heart, female 4 wk",PSME4,-1.0,1.94934834278505,0.237796913270841,neither,high,0.0,high,1.0,1.0
"Rat heart, female 4 wk",PSPH,-1.0,1.35099532012952,0.892987771582635,neither,low,0.0,mid,1.0,1.0
"Rat heart, female 4 wk",PTN,1.0,-0.273960295360323,0.644697436267059,neither,low,6.0,high,1.0,1.0
"Rat heart, female 4 wk",PTP4A2,-1.0,1.72092844234971,0.0984262067402974,neither,high,0.0,high,1.0,1.0
"Rat heart, female 4 wk",PTP4A3,-1.0,-0.321476557541825,0.318341568766987,neither,high,8.0,high,1.0,1.0
"Rat heart, female 4 wk",PXMP2,-1.0,0.209970090101966,0.0900512793850465,neither,high,0.0,high,1.0,1.0
"Rat heart, female 4 wk",QSOX1,-1.0,-0.228586311714011,-2.15945583288385,neither,mid,6.0,high,1.0,1.0
"Rat heart, female 4 wk",RAB9A,-1.0,-0.332604508426077,2.39240121982248,neither,mid,2.0,mid,1.0,1.0
"Rat heart, female 4 wk",RABAC1,-1.0,0.636187344380389,0.348890514255239,neither,high,4.0,high,1.0,1.0
"Rat heart, female 4 wk",RANGAP1,-1.0,-0.0542137130252997,-1.24770182631294,neither,high,0.0,high,1.0,1.0
"Rat heart, female 4 wk",RBFOX1,-1.0,3.777646568311,1.31605709489863,RNA only,high,2.0,mid,1.0,1.0
"Rat heart, female 4 wk",RBM10,1.0,-0.270407689519251,-1.57510540323493,neither,high,0.0,high,1.0,1.0
"Rat heart, female 4 wk",RBP4,-1.0,-2.75706696518839,-2.21595203632825,neither,low,0.0,low,1.0,1.0
"Rat heart, female 4 wk",RCAN1,-1.0,0.0846859697326179,-1.40773714329989,neither,high,4.0,high,1.0,1.0
"Rat heart, female 4 wk",RCBTB2,1.0,-0.193105640948682,-1.97569378280173,neither,mid,0.0,mid,1.0,1.0
"Rat heart, female 4 wk",REV1,-1.0,1.2963894364836,1.67180394771457,neither,high,2.0,high,1.0,1.0
"Rat heart, female 4 wk",RHOC,-1.0,-0.0263648088360578,1.76522672937089,neither,high,0.0,high,1.0,1.0
"Rat heart, female 4 wk",RHOT1,-1.0,1.72648959298314,0.807379318094881,neither,high,0.0,mid,1.0,1.0
"Rat heart, female 4 wk",RNASET2,1.0,0.466547917574484,-1.0783174859529,neither,mid,0.0,mid,1.0,1.0
"Rat heart, female 4 wk",RNF14,-1.0,1.60443382937618,-1.88742491121611,neither,high,0.0,high,1.0,1.0
"Rat heart, female 4 wk",RNF146,1.0,-0.0400288826338979,0.203949863009718,neither,mid,0.0,high,1.0,1.0
"Rat heart, female 4 wk",RWDD1,-1.0,1.21722774321988,-0.118042473288242,neither,mid,0.0,high,1.0,1.0
"Rat heart, female 4 wk",S100A8,-1.0,-0.223232097317834,-0.421023991466756,neither,low,0.0,high,1.0,1.0
"Rat heart, female 4 wk",S100A9,-1.0,0.497949839614659,-0.227780258249944,neither,low,0.0,high,1.0,1.0
"Rat heart, female 4 wk",SAMHD1,-1.0,-1.22354130683381,-1.29534498108024,neither,low,0.0,high,1.0,1.0
"Rat heart, female 4 wk",SEC31A,1.0,0.376699301146963,-0.568830067023285,neither,high,0.0,high,1.0,1.0
"Rat heart, female 4 wk",SEC61A1,-1.0,-0.234578344258946,-1.69407741955639,neither,high,0.0,high,1.0,1.0
"Rat heart, female 4 wk",SERPINE1,-1.0,-0.185889712470684,-0.734145443904008,neither,high,6.0,high,1.0,1.0
"Rat heart, female 4 wk",SERPINE2,1.0,-2.63647620169891,-0.957247990878147,neither,high,0.0,mid,1.0,1.0
"Rat heart, female 4 wk",SH3BGR,-1.0,-2.33619550347131,1.80470644642772,neither,high,0.0,high,2.0,1.0
"Rat heart, female 4 wk",SH3BGRL,1.0,1.17852770067923,0.336114674396591,neither,low,0.0,high,1.0,1.0
"Rat heart, female 4 wk",SH3GL2,1.0,-1.0155619854816,0.401259805259829,neither,low,0.0,low,1.0,1.0
"Rat heart, female 4 wk",SIK1,-1.0,-0.81521052580978,-1.16882453356955,neither,mid,0.0,low,1.0,1.0
"Rat heart, female 4 wk",SLC25A11,1.0,0.714298453227741,0.528703295911849,neither,high,0.0,high,1.0,1.0
"Rat heart, female 4 wk",SLC25A12,-1.0,0.124599849511766,0.367886443030413,neither,high,0.0,high,1.0,1.0
"Rat heart, female 4 wk",SLC25A20,1.0,-0.487225886179151,0.718973137545156,neither,high,0.0,high,1.0,1.0
"Rat heart, female 4 wk",SLC30A1,1.0,-0.906723996632583,1.42044597356666,neither,mid,0.0,mid,1.0,1.0
"Rat heart, female 4 wk",SLC39A14,-1.0,1.00124515744462,-0.102597015948841,neither,high,0.0,high,1.0,1.0
"Rat heart, female 4 wk",SLCO2A1,-1.0,-0.184608198537818,-2.52303501185226,neither,low,8.0,high,1.0,1.0
"Rat heart, female 4 wk",SNRPB,-1.0,-0.450544755842826,-2.42172184029999,neither,high,0.0,high,1.0,1.0
"Rat heart, female 4 wk",SNX7,-1.0,0.210058508504728,1.85804612272427,neither,low,0.0,mid,1.0,1.0
"Rat heart, female 4 wk",SORT1,-1.0,-0.373611015398036,-0.641459074010857,neither,high,0.0,high,1.0,1.0
"Rat heart, female 4 wk",SOS1,-1.0,-1.52739670580183,-0.797693470566818,neither,high,0.0,mid,1.0,1.0
"Rat heart, female 4 wk",SPARC,1.0,-3.74538655130794,-2.75119883871227,RNA only,high,0.0,high,1.0,1.0
"Rat heart, female 4 wk",SPG11,1.0,1.48877647459697,-1.35031555263934,neither,high,0.0,mid,1.0,1.0
"Rat heart, female 4 wk",SRGN,-1.0,-0.148820663928338,-0.381343701906798,neither,mid,6.0,high,1.0,1.0
"Rat heart, female 4 wk",SSPN,1.0,0.137846500544145,1.76172237821848,neither,high,2.0,mid,1.0,1.0
"Rat heart, female 4 wk",STAT3,-1.0,-0.502740493940697,-0.248496670874776,neither,high,0.0,high,1.0,1.0
"Rat heart, female 4 wk",STEAP3,-1.0,0.719909636995739,-0.436807887583286,neither,mid,6.0,mid,1.0,1.0
"Rat heart, female 4 wk",STIP1,-1.0,0.62634024187947,1.33026516752184,neither,high,0.0,high,1.0,1.0
"Rat heart, female 4 wk",STK38L,1.0,-0.269585455816052,2.42361209957885,neither,high,0.0,mid,1.0,1.0
"Rat heart, female 4 wk",SUCLA2,1.0,0.24923314232521,3.33556856193815,neither,high,0.0,high,1.0,1.0
"Rat heart, female 4 wk",SUN2,-1.0,-0.256824057357518,-0.0693611384976447,neither,high,0.0,high,1.0,1.0
"Rat heart, female 4 wk",SYNPO2L,1.0,1.1904054876471,1.31521599629339,neither,high,0.0,high,1.0,1.0
"Rat heart, female 4 wk",TAPBPL,1.0,0.335823690616381,-0.942000002700048,neither,mid,6.0,mid,1.0,1.0
"Rat heart, female 4 wk",TGFBR3,-1.0,-0.181314394110233,-0.694519396019005,neither,high,6.0,mid,1.0,1.0
"Rat heart, female 4 wk",TGM2,-1.0,-1.37822269989928,2.03107056975182,neither,high,0.0,high,1.0,1.0
"Rat heart, female 4 wk",THBS1,-1.0,-1.03049285874108,-0.978356600187465,neither,mid,0.0,high,1.0,1.0
"Rat heart, female 4 wk",THBS2,1.0,-1.14645688649464,1.25739965588255,neither,high,6.0,mid,1.0,1.0
"Rat heart, female 4 wk",THBS4,1.0,1.29179820311805,-0.493818808532314,neither,mid,0.0,high,1.0,1.0
"Rat heart, female 4 wk",TIE1,1.0,-1.12569858201523,-1.39625180078342,neither,high,8.0,high,1.0,1.0
"Rat heart, female 4 wk",TIMP3,-1.0,1.53345878694014,-0.298064795677378,neither,high,0.0,high,1.0,1.0
"Rat heart, female 4 wk",TLN1,1.0,0.0543825901927475,-0.867462796692967,neither,high,0.0,high,1.0,1.0
"Rat heart, female 4 wk",TMEM38B,-1.0,0.214777166716511,1.66868899405354,neither,mid,4.0,mid,1.0,1.0
"Rat heart, female 4 wk",TMSB4X,1.0,0.71539725356927,-1.84482526585284,neither,high,0.0,high,1.0,1.0
"Rat heart, female 4 wk",TNNI1,1.0,-0.499008179744603,0.95870974802054,neither,low,0.0,low,1.0,1.0
"Rat heart, female 4 wk",TPCN1,1.0,0.235614031143617,-0.427511657755031,neither,high,0.0,high,1.0,1.0
"Rat heart, female 4 wk",TPPP3,1.0,-2.18650783767171,-0.940927985081214,neither,mid,0.0,mid,1.0,1.0
"Rat heart, female 4 wk",TPRKB,-1.0,-0.938379345245563,0.0326819117730433,neither,low,0.0,high,2.0,1.0
"Rat heart, female 4 wk",TRDN,-1.0,2.969720448264,1.12156078680047,neither,high,0.0,high,1.0,1.0
"Rat heart, female 4 wk",TRMT5,1.0,0.91202517961181,-1.03536545709643,neither,low,0.0,low,1.0,1.0
"Rat heart, female 4 wk",TUBA4A,-1.0,0.356681213116503,1.24354223118118,neither,high,0.0,high,1.0,1.0
"Rat heart, female 4 wk",TUBG1,-1.0,-0.15648774775344,0.687013291808284,neither,high,0.0,high,1.0,1.0
"Rat heart, female 4 wk",TXNIP,1.0,-1.54583563790223,-2.99135858176065,neither,high,0.0,high,1.0,1.0
"Rat heart, female 4 wk",TXNRD1,-1.0,3.67713939004086,3.30493050164191,RNA only,high,0.0,high,1.0,1.0
"Rat heart, female 4 wk",UAP1,-1.0,0.360898546909458,2.8474747717917,neither,high,0.0,high,1.0,1.0
"Rat heart, female 4 wk",UBFD1,-1.0,0.723956852154189,-0.346561256711027,neither,mid,0.0,high,1.0,1.0
"Rat heart, female 4 wk",UBQLN2,1.0,-0.192447946194918,0.320268717463356,neither,high,0.0,high,1.0,1.0
"Rat heart, female 4 wk",UFSP2,1.0,-0.301460898780043,-0.555341106879839,neither,mid,0.0,high,1.0,1.0
"Rat heart, female 4 wk",UGP2,-1.0,2.98419698537175,0.727753220323986,neither,high,0.0,high,1.0,2.0
"Rat heart, female 4 wk",VCAN,1.0,-1.54621991887617,-0.538801439368971,neither,high,0.0,mid,1.0,1.0
"Rat heart, female 4 wk",VEZF1,-1.0,2.04574060582828,-0.740270447787085,neither,high,0.0,high,1.0,1.0
"Rat heart, female 4 wk",VPS13D,-1.0,0.935211414890518,1.27509846581788,neither,high,0.0,mid,1.0,1.0
"Rat heart, female 4 wk",VTN,1.0,-0.177914360559074,-1.4339043496315,neither,high,0.0,high,1.0,1.0
"Rat heart, female 4 wk",WFS1,1.0,0.385302307605825,1.16583088196162,neither,high,0.0,high,1.0,1.0
"Rat heart, female 4 wk",XRCC4,-1.0,0.679458980109245,2.22101393557943,neither,mid,0.0,low,1.0,1.0
"Rat heart, female 4 wk",YBX3,-1.0,0.799054367090199,-0.163450862413292,neither,high,0.0,high,1.0,1.0
"Rat heart, female 4 wk",YEATS2,1.0,0.960160363308099,1.22722650556649,neither,mid,4.0,mid,1.0,1.0
"Rat heart, female 4 wk",ZBTB16,1.0,1.98118377092234,0.108468148302791,neither,high,0.0,mid,1.0,1.0
"Rat heart, female 8 wk",ABHD5,-1.0,0.702481560641744,-0.0096012550298955,neither,mid,0.0,mid,1.0,1.0
"Rat heart, female 8 wk",ABL1,-1.0,-2.4669377565343,-0.298053131091268,neither,high,0.0,high,2.0,1.0
"Rat heart, female 8 wk",ACSS3,-1.0,0.779760749850619,-0.354233234626063,neither,low,0.0,mid,1.0,1.0
"Rat heart, female 8 wk",ACTA1,-1.0,-0.673219328403118,3.31764840258817,neither,high,0.0,high,1.0,1.0
"Rat heart, female 8 wk",ADAMTS1,-1.0,-0.987562969021208,0.563223071590534,neither,high,6.0,high,1.0,1.0
"Rat heart, female 8 wk",ADAMTSL3,1.0,-0.0536955490295705,-1.33643810398339,neither,mid,0.0,low,1.0,1.0
"Rat heart, female 8 wk",ADD3,1.0,-0.378561796775332,0.811681216871012,neither,high,0.0,high,1.0,1.0
"Rat heart, female 8 wk",ADH5,1.0,-0.0690137010476651,-0.916984274831773,neither,high,0.0,high,1.0,1.0
"Rat heart, female 8 wk",ALAS1,1.0,-2.35846863135893,-3.59194330092398,neither,high,0.0,high,1.0,1.0
"Rat heart, female 8 wk",ALDH5A1,1.0,1.84464520796217,2.65313358639193,neither,high,0.0,mid,1.0,1.0
"Rat heart, female 8 wk",ALDH9A1,1.0,3.2957232681327,1.04678808738311,neither,high,0.0,high,1.0,1.0
"Rat heart, female 8 wk",AMD1,-1.0,-1.65416263261261,-0.548146041359564,neither,high,2.0,high,1.0,1.0
"Rat heart, female 8 wk",ANK1,1.0,-0.193888559315461,-1.35155000513684,neither,high,0.0,mid,1.0,2.0
"Rat heart, female 8 wk",ANKMY2,1.0,0.683301579011292,-1.13345179287234,neither,high,0.0,high,1.0,1.0
"Rat heart, female 8 wk",ANKRD1,-1.0,2.37681697718677,1.68871405006968,neither,high,0.0,high,1.0,2.0
"Rat heart, female 8 wk",ANP32E,1.0,1.86132634569159,0.175399324046798,neither,high,0.0,high,1.0,1.0
"Rat heart, female 8 wk",ANXA4,1.0,1.48847303117742,3.8196399923509,protein only,high,0.0,mid,1.0,1.0
"Rat heart, female 8 wk",ANXA6,1.0,-1.17352466812013,0.532822135673922,neither,high,0.0,high,1.0,2.0
"Rat heart, female 8 wk",AOX1,-1.0,-0.630113856563538,0.518025120180009,neither,mid,0.0,low,1.0,1.0
"Rat heart, female 8 wk",AP1S2,-1.0,1.50504245289915,0.11524338976242,neither,high,0.0,high,1.0,1.0
"Rat heart, female 8 wk",AP2B1,1.0,-0.0362060593647714,1.01926938337224,neither,high,0.0,high,1.0,1.0
"Rat heart, female 8 wk",AP3M2,1.0,0.193581541272919,-0.0442074390325384,neither,low,0.0,mid,1.0,1.0
"Rat heart, female 8 wk",ARHGAP15,1.0,0.0604408502738176,-0.432475213866008,neither,low,8.0,low,1.0,1.0
"Rat heart, female 8 wk",ARHGDIB,1.0,-2.05907802957398,-1.40060881825519,neither,high,0.0,high,1.0,1.0
"Rat heart, female 8 wk",ARMCX3,1.0,1.93467734032018,0.153169561684337,neither,high,2.0,high,1.0,1.0
"Rat heart, female 8 wk",ASMTL,1.0,-1.05084812952193,-4.0698537223229,protein only,mid,0.0,high,1.0,2.0
"Rat heart, female 8 wk",ASPN,1.0,1.03740409692421,1.74764407249374,neither,low,0.0,mid,2.0,1.0
"Rat heart, female 8 wk",ATP1A1,-1.0,-1.87913750620425,2.43336777707613,neither,high,0.0,high,1.0,1.0
"Rat heart, female 8 wk",ATP1A2,-1.0,-1.51747090167135,-0.288298761116415,neither,high,0.0,high,1.0,1.0
"Rat heart, female 8 wk",ATP1A3,1.0,2.00319387039755,2.01785803571353,neither,mid,0.0,high,1.0,1.0
"Rat heart, female 8 wk",ATP1B1,-1.0,2.39089850554332,2.1721854134293,neither,high,0.0,high,1.0,1.0
"Rat heart, female 8 wk",ATP1B3,-1.0,0.423166107403844,0.214847889982983,neither,high,0.0,high,1.0,1.0
"Rat heart, female 8 wk",ATP2A2,-1.0,0.00828882314063,-1.58666578649291,neither,high,0.0,high,1.0,2.0
"Rat heart, female 8 wk",AUTS2,1.0,1.26026637951698,-1.97548888190061,neither,mid,2.0,low,1.0,1.0
"Rat heart, female 8 wk",BAG2,-1.0,-1.59643283095222,3.57527070241841,neither,mid,0.0,mid,1.0,1.0
"Rat heart, female 8 wk",BASP1,1.0,-1.59219099434901,-0.782073203461491,neither,low,0.0,low,1.0,1.0
"Rat heart, female 8 wk",BCL2L1,-1.0,0.327452764407486,-0.438794337775476,neither,high,0.0,high,1.0,1.0
"Rat heart, female 8 wk",BGN,1.0,0.793587971413353,2.79026596330203,neither,high,0.0,high,1.0,1.0
"Rat heart, female 8 wk",BLM,-1.0,-0.0766370074272103,-0.453209656939884,neither,low,4.0,low,1.0,1.0
"Rat heart, female 8 wk",BRD4,-1.0,-3.95119782348788,-1.03266103243678,RNA only,high,0.0,high,1.0,1.0
"Rat heart, female 8 wk",C3,-1.0,-0.526518445306654,-0.902348942208676,neither,low,0.0,high,1.0,1.0
"Rat heart, female 8 wk",C4A,-1.0,0.455326630483186,0.424206154138796,neither,mid,0.0,low,2.0,1.0
"Rat heart, female 8 wk",C6,1.0,0.177337917862415,-2.33394746454339,neither,low,0.0,high,1.0,2.0
"Rat heart, female 8 wk",CALU,-1.0,2.06388521123667,2.40195226098234,neither,high,0.0,high,1.0,1.0
"Rat heart, female 8 wk",CCNG1,-1.0,5.2141890033479,-0.914497647831819,RNA only,high,4.0,high,1.0,1.0
"Rat heart, female 8 wk",CCT2,-1.0,1.0839315542082,2.72005691922292,neither,high,0.0,high,1.0,1.0
"Rat heart, female 8 wk",CD163,-1.0,0.485218989550835,2.40469025076284,neither,high,0.0,mid,1.0,1.0
"Rat heart, female 8 wk",CD59,-1.0,-0.836302216892427,-0.10996618562162,neither,high,0.0,high,1.0,1.0
"Rat heart, female 8 wk",CD74,1.0,-1.31319428840282,-0.869978102912646,neither,high,0.0,high,1.0,1.0
"Rat heart, female 8 wk",CDC37L1,-1.0,0.165332244082736,3.17031609249578,neither,high,0.0,high,1.0,1.0
"Rat heart, female 8 wk",CDV3,-1.0,2.60475804899165,-0.309455005890655,neither,high,0.0,high,1.0,1.0
"Rat heart, female 8 wk",CETN3,1.0,1.29331354644715,0.356605023879559,neither,mid,0.0,mid,2.0,1.0
"Rat heart, female 8 wk",CHORDC1,-1.0,0.981930598464428,2.50840092907981,neither,high,0.0,mid,1.0,1.0
"Rat heart, female 8 wk",CLIC4,-1.0,-1.86508648471393,1.33507018515465,neither,high,0.0,high,1.0,1.0
"Rat heart, female 8 wk",CLIP1,-1.0,2.25972170387283,1.96748963315841,neither,high,0.0,high,1.0,3.0
"Rat heart, female 8 wk",CLTB,-1.0,-0.987817130288043,0.668657395844223,neither,high,0.0,high,1.0,1.0
"Rat heart, female 8 wk",CLU,-1.0,0.857157907045411,0.478333996819772,neither,high,0.0,high,1.0,1.0
"Rat heart, female 8 wk",CMC2,-1.0,-0.254644067736393,2.62017681954119,neither,low,0.0,mid,1.0,1.0
"Rat heart, female 8 wk",CNN1,-1.0,-2.34654921163655,0.684833848447455,neither,low,0.0,high,1.0,1.0
"Rat heart, female 8 wk",COA4,-1.0,-0.0360170844742884,-0.37249589777319,neither,low,0.0,high,1.0,1.0
"Rat heart, female 8 wk",COBL,-1.0,-0.0496871454622986,-1.9471258863936,neither,mid,0.0,high,1.0,1.0
"Rat heart, female 8 wk",COL15A1,1.0,-2.60177332568136,-4.88309852511781,protein only,high,0.0,high,2.0,1.0
"Rat heart, female 8 wk",COL16A1,1.0,-2.01412944865793,-0.643618929204948,neither,mid,0.0,mid,1.0,1.0
"Rat heart, female 8 wk",COL1A1,1.0,-1.41279958685174,1.8969235473557,neither,high,0.0,high,1.0,1.0
"Rat heart, female 8 wk",COL1A2,1.0,-1.33396178855528,1.59568995871727,neither,high,0.0,high,2.0,1.0
"Rat heart, female 8 wk",COL3A1,1.0,-1.2830543177838,-0.805839326054524,neither,high,0.0,high,1.0,1.0
"Rat heart, female 8 wk",COL5A1,1.0,-1.88350442674781,0.762726962523369,neither,high,0.0,mid,1.0,1.0
"Rat heart, female 8 wk",COL5A2,1.0,-1.91483075926643,0.945481060597227,neither,high,0.0,mid,1.0,1.0
"Rat heart, female 8 wk",COMP,1.0,0.358329247599252,1.23675947919152,neither,low,4.0,low,1.0,1.0
"Rat heart, female 8 wk",CORIN,1.0,-0.977669592525981,-2.94539638816769,neither,high,0.0,high,1.0,2.0
"Rat heart, female 8 wk",COX17,-1.0,2.16195498844189,2.07867644120625,neither,high,0.0,high,1.0,1.0
"Rat heart, female 8 wk",CPE,1.0,-2.13988805750933,-1.03223646966868,neither,high,0.0,high,1.0,1.0
"Rat heart, female 8 wk",CPT2,1.0,-1.06386913191075,-1.9069898327816,neither,high,0.0,high,1.0,1.0
"Rat heart, female 8 wk",CRIM1,-1.0,-1.46881719051066,0.826989354049444,neither,high,6.0,high,1.0,1.0
"Rat heart, female 8 wk",CRISPLD2,-1.0,-0.831047134703794,1.18103698948217,neither,high,8.0,high,1.0,1.0
"Rat heart, female 8 wk",CRYM,1.0,1.6254332066002,9.15127101612467,protein only,high,0.0,high,1.0,1.0
"Rat heart, female 8 wk",CSDC2,-1.0,3.80551843686239,4.35885549183165,"both, same sign",high,2.0,high,1.0,1.0
"Rat heart, female 8 wk",CTSD,1.0,2.32206528815141,-0.992573954012364,neither,high,0.0,high,1.0,1.0
"Rat heart, female 8 wk",CTSH,1.0,0.980270365308233,2.67800969501066,neither,high,0.0,high,1.0,1.0
"Rat heart, female 8 wk",CYP4B1,-1.0,-0.716769267408718,0.79032095618636,neither,high,0.0,high,1.0,1.0
"Rat heart, female 8 wk",DAZAP1,-1.0,-0.0048814197549221,-0.159931104508576,neither,high,0.0,high,1.0,1.0
"Rat heart, female 8 wk",DCP2,1.0,-2.14266559352135,-0.880611407847532,neither,low,8.0,low,2.0,1.0
"Rat heart, female 8 wk",DDX39A,-1.0,0.133684646290923,-0.422752930269817,neither,mid,0.0,high,1.0,1.0
"Rat heart, female 8 wk",DENND1B,1.0,-1.09426051092171,-1.98456533288489,neither,mid,0.0,low,1.0,1.0
"Rat heart, female 8 wk",DERL1,-1.0,0.497688750412093,3.03730074867225,neither,high,4.0,high,1.0,1.0
"Rat heart, female 8 wk",DLG1,-1.0,2.93054015030018,-1.74027905509934,neither,high,0.0,mid,1.0,1.0
"Rat heart, female 8 wk",DLST,1.0,3.37717483561042,1.64870833373155,RNA only,high,0.0,high,1.0,1.0
"Rat heart, female 8 wk",DMPK,-1.0,-0.270135920314659,0.817725095230603,neither,high,4.0,high,1.0,2.0
"Rat heart, female 8 wk",DNAJC15,-1.0,2.8424820173145,4.16522354030147,protein only,high,2.0,mid,1.0,1.0
"Rat heart, female 8 wk",DPM1,1.0,2.65645242353566,-1.02479971942983,neither,mid,0.0,high,1.0,1.0
"Rat heart, female 8 wk",DPYSL3,1.0,-0.736152329162142,-0.0372160158822717,neither,mid,0.0,mid,1.0,1.0
"Rat heart, female 8 wk",DVL1,-1.0,-0.765495969106749,0.201195020161227,neither,high,2.0,high,1.0,1.0
"Rat heart, female 8 wk",EDNRA,1.0,-1.04093833261348,1.78040024714909,neither,high,6.0,mid,1.0,1.0
"Rat heart, female 8 wk",EFEMP1,1.0,0.269895747725245,1.74785688045371,neither,mid,0.0,high,1.0,1.0
"Rat heart, female 8 wk",EGLN1,-1.0,-0.912377297650656,-2.2268980092338,neither,high,0.0,high,1.0,1.0
"Rat heart, female 8 wk",EHBP1L1,-1.0,-0.0017543363603145,0.889240469022702,neither,high,0.0,high,1.0,1.0
"Rat heart, female 8 wk",EHD3,1.0,-0.679432752778363,-0.418693049611918,neither,mid,0.0,high,1.0,1.0
"Rat heart, female 8 wk",EIF1AX,-1.0,1.43771910545946,1.58565317269646,neither,high,0.0,high,1.0,1.0
"Rat heart, female 8 wk",EIF1AY,1.0,-0.103768488024708,-0.0811410518841702,neither,mid,2.0,high,1.0,1.0
"Rat heart, female 8 wk",EMC2,1.0,2.55327975713679,-2.72126645604865,neither,mid,0.0,high,1.0,1.0
"Rat heart, female 8 wk",EMC6,-1.0,0.390906341148546,0.0755398598547761,neither,high,8.0,high,1.0,1.0
"Rat heart, female 8 wk",EPB41L2,1.0,-2.49765554770265,-0.56858328471311,neither,high,0.0,high,1.0,1.0
"Rat heart, female 8 wk",EPHX2,1.0,0.499271361596228,2.30879849063038,neither,high,0.0,mid,1.0,2.0
"Rat heart, female 8 wk",EPM2AIP1,1.0,0.531422267886626,-2.47122763467233,neither,high,0.0,mid,1.0,1.0
"Rat heart, female 8 wk",EPN3,-1.0,1.77795370729266,0.473822525609785,neither,mid,0.0,mid,1.0,1.0
"Rat heart, female 8 wk",ERLIN2,1.0,0.990315568433361,1.49097487686732,neither,high,0.0,mid,1.0,1.0
"Rat heart, female 8 wk",EVL,1.0,-2.21437455018039,-3.87485754556676,protein only,mid,0.0,mid,1.0,1.0
"Rat heart, female 8 wk",F5,1.0,-0.522563081798693,-1.11775520858286,neither,low,0.0,low,1.0,1.0
"Rat heart, female 8 wk",FAM13A,1.0,-1.31207307542845,0.269617841485467,neither,high,4.0,low,1.0,1.0
"Rat heart, female 8 wk",FASN,-1.0,-1.28553189746263,2.67457591513638,neither,mid,0.0,mid,1.0,1.0
"Rat heart, female 8 wk",FBLN2,1.0,-0.523896023101959,1.40783847545536,neither,high,0.0,high,1.0,1.0
"Rat heart, female 8 wk",FBN1,1.0,-0.777129133383159,1.21734774572473,neither,high,0.0,mid,1.0,1.0
"Rat heart, female 8 wk",FBXO40,1.0,0.745229754454735,1.73659458107557,neither,high,0.0,high,1.0,1.0
"Rat heart, female 8 wk",FCGRT,1.0,-2.0069793706764,0.869905592877074,neither,high,8.0,high,1.0,1.0
"Rat heart, female 8 wk",FCN3,-1.0,0.507265572025578,-0.221692005282863,neither,low,0.0,high,1.0,1.0
"Rat heart, female 8 wk",FERMT2,-1.0,0.234763479882376,1.35812977977001,neither,high,4.0,high,1.0,2.0
"Rat heart, female 8 wk",FGF1,1.0,-1.08812771744354,0.244198209890553,neither,high,0.0,mid,1.0,1.0
"Rat heart, female 8 wk",FGF12,1.0,-0.450939501473636,-0.327624868116074,neither,mid,0.0,high,1.0,1.0
"Rat heart, female 8 wk",FHOD3,1.0,0.227422920586377,0.956830616835131,neither,high,0.0,high,1.0,1.0
"Rat heart, female 8 wk",FKBP4,-1.0,-0.4625346600087,-0.637718655347477,neither,high,0.0,high,1.0,1.0
"Rat heart, female 8 wk",FKBP5,-1.0,0.155283669991659,7.30662695098578,protein only,high,0.0,high,1.0,1.0
"Rat heart, female 8 wk",FLII,-1.0,-1.26973261466629,-3.28459639823206,neither,high,0.0,high,1.0,2.0
"Rat heart, female 8 wk",FLNC,-1.0,0.706957203649099,2.89749452928532,neither,high,0.0,high,1.0,1.0
"Rat heart, female 8 wk",FMOD,1.0,-0.0173364104386636,1.33315409536519,neither,mid,0.0,mid,1.0,1.0
"Rat heart, female 8 wk",FNBP1L,1.0,-1.51243037341297,0.286894883506521,neither,mid,0.0,mid,1.0,1.0
"Rat heart, female 8 wk",FRZB,1.0,-0.475653854022008,0.0750494762316987,neither,low,0.0,low,1.0,1.0
"Rat heart, female 8 wk",FSTL1,1.0,-1.58177763523062,-0.135230405768052,neither,high,2.0,high,1.0,1.0
"Rat heart, female 8 wk",FUCA1,1.0,0.0195755629528695,-0.576585111797567,neither,mid,0.0,mid,1.0,1.0
"Rat heart, female 8 wk",GALNT11,1.0,-0.565235789576137,2.68407436901778,neither,high,8.0,mid,1.0,1.0
"Rat heart, female 8 wk",GATM,1.0,0.520464326863624,-1.69917073523005,neither,mid,0.0,mid,1.0,1.0
"Rat heart, female 8 wk",GCLM,-1.0,2.00002245539534,-2.0442068213809,neither,mid,0.0,low,1.0,1.0
"Rat heart, female 8 wk",GLOD4,1.0,2.27366097273587,-0.766498044546814,neither,mid,0.0,mid,1.0,1.0
"Rat heart, female 8 wk",GLRX,1.0,-1.87263210274281,0.825948473084672,neither,mid,0.0,high,1.0,1.0
"Rat heart, female 8 wk",GLRX2,-1.0,1.13687575414808,2.0855165916664,neither,mid,0.0,high,1.0,1.0
"Rat heart, female 8 wk",GLUL,-1.0,0.19124876251351,-0.713837474870502,neither,high,0.0,high,1.0,1.0
"Rat heart, female 8 wk",GMPR,-1.0,2.11856476124947,3.47959631148481,neither,high,0.0,high,1.0,1.0
"Rat heart, female 8 wk",GNL3,-1.0,1.9895217582577,-1.73180017483172,neither,mid,0.0,high,1.0,1.0
"Rat heart, female 8 wk",GPD1L,-1.0,1.74801898706245,5.20467207047183,protein only,high,0.0,high,1.0,1.0
"Rat heart, female 8 wk",GPX3,-1.0,1.83621287000019,0.139423249315042,neither,high,0.0,high,1.0,1.0
"Rat heart, female 8 wk",GSTT1,1.0,-1.54025352101625,-0.0221826652658848,neither,low,8.0,,1.0,1.0
"Rat heart, female 8 wk",GTF2E1,1.0,0.203400534941868,-0.470082312672417,neither,mid,6.0,low,1.0,1.0
"Rat heart, female 8 wk",GTF2IRD1,-1.0,1.47317958806903,0.120605650270953,neither,low,4.0,mid,2.0,1.0
"Rat heart, female 8 wk",GTPBP6,-1.0,-1.17295667672276,1.71779056878401,neither,mid,0.0,high,2.0,1.0
"Rat heart, female 8 wk",HBA1,1.0,1.26089552319206,-1.35704211700905,neither,mid,0.0,mid,2.0,1.0
"Rat heart, female 8 wk",HBB,1.0,0.882067866101109,-1.14349634819252,neither,mid,0.0,high,1.0,1.0
"Rat heart, female 8 wk",HBD,1.0,-1.06634227890477,-1.35463737046538,neither,low,0.0,low,2.0,1.0
"Rat heart, female 8 wk",HEG1,1.0,-1.56312476352514,-1.15836126380433,neither,high,2.0,high,1.0,1.0
"Rat heart, female 8 wk",HERC6,1.0,0.131238942131264,-0.339267860528407,neither,mid,2.0,mid,1.0,1.0
"Rat heart, female 8 wk",HLTF,1.0,2.4956327702742,-0.702252380794912,neither,high,0.0,mid,1.0,1.0
"Rat heart, female 8 wk",HMGCL,1.0,-0.727100236099882,0.102032779624312,neither,high,0.0,mid,1.0,1.0
"Rat heart, female 8 wk",HMGN1,1.0,-1.27008576058755,0.289374852725918,neither,high,0.0,high,2.0,1.0
"Rat heart, female 8 wk",HMGN2,1.0,0.141254835045183,-0.946582770716256,neither,high,0.0,high,1.0,1.0
"Rat heart, female 8 wk",HMOX2,-1.0,0.913724785736911,1.81565604145506,neither,high,0.0,high,1.0,1.0
"Rat heart, female 8 wk",HOPX,-1.0,-0.52509333496577,-0.31803004412398,neither,mid,0.0,mid,1.0,1.0
"Rat heart, female 8 wk",HPRT1,1.0,3.54565852860059,1.98940964601149,RNA only,mid,0.0,high,2.0,1.0
"Rat heart, female 8 wk",HSP90AA1,-1.0,1.54784783434343,5.14634643001817,protein only,high,0.0,high,2.0,1.0
"Rat heart, female 8 wk",HSPA2,1.0,-1.30059465671093,4.27156471001222,protein only,low,0.0,mid,1.0,1.0
"Rat heart, female 8 wk",HSPA5,1.0,-3.20964282428256,1.68320905180678,neither,high,0.0,high,1.0,1.0
"Rat heart, female 8 wk",HSPB2,-1.0,0.316655835440455,2.95971741156667,neither,high,0.0,high,1.0,1.0
"Rat heart, female 8 wk",HSPB6,1.0,0.806631112343899,4.91390418687553,protein only,high,0.0,high,1.0,1.0
"Rat heart, female 8 wk",HTRA1,1.0,-1.59337157424771,-0.383921650429857,neither,high,0.0,high,1.0,1.0
"Rat heart, female 8 wk",IFI44L,1.0,1.97955561781854,0.427789982427679,neither,low,8.0,mid,1.0,1.0
"Rat heart, female 8 wk",IFIT3,1.0,0.0090749353124004,-1.19359115166347,neither,mid,0.0,mid,1.0,1.0
"Rat heart, female 8 wk",IL1RL1,-1.0,-0.52283158915437,-2.47118385882204,neither,low,0.0,mid,1.0,1.0
"Rat heart, female 8 wk",IRS1,-1.0,-0.992637171918835,-2.29225093248403,neither,high,0.0,mid,1.0,1.0
"Rat heart, female 8 wk",IRS2,-1.0,-1.71874519855099,-2.78196299767925,neither,high,0.0,mid,1.0,1.0
"Rat heart, female 8 wk",ITFG1,1.0,1.59932579606902,-0.115573372075922,neither,high,2.0,mid,1.0,1.0
"Rat heart, female 8 wk",ITGA5,-1.0,1.94948937024623,2.3865053778202,neither,high,0.0,high,1.0,1.0
"Rat heart, female 8 wk",IVNS1ABP,1.0,3.7897816508444,9.41082977671902,"both, same sign",high,0.0,high,1.0,1.0
"Rat heart, female 8 wk",JAK2,1.0,0.968079254281472,-2.1933990664419,neither,mid,0.0,mid,1.0,1.0
"Rat heart, female 8 wk",JUP,-1.0,-1.28973504832216,1.40260416213872,neither,high,0.0,high,1.0,1.0
"Rat heart, female 8 wk",KCNIP2,-1.0,2.31372932130509,-0.617066881897709,neither,high,8.0,high,2.0,1.0
"Rat heart, female 8 wk",KLF4,-1.0,-1.21980073396765,0.124615964283134,neither,high,0.0,high,1.0,1.0
"Rat heart, female 8 wk",KLHL21,-1.0,1.46414718771916,-0.151076794210397,neither,high,2.0,high,1.0,1.0
"Rat heart, female 8 wk",KLHL41,-1.0,1.1578580603375,4.4106163766539,protein only,high,0.0,high,1.0,1.0
"Rat heart, female 8 wk",KPNA2,-1.0,-0.783195174651397,-0.62694304576893,neither,high,0.0,mid,1.0,1.0
"Rat heart, female 8 wk",LAMB1,1.0,-0.918081048034061,-0.996531872634371,neither,high,0.0,high,1.0,1.0
"Rat heart, female 8 wk",LARP6,-1.0,0.277833728909106,0.232870128282661,neither,low,4.0,high,1.0,1.0
"Rat heart, female 8 wk",LMCD1,-1.0,1.18407717140718,1.98085084532694,neither,high,0.0,mid,1.0,1.0
"Rat heart, female 8 wk",LOXL1,1.0,-1.13121237575383,-0.0821164469249775,neither,mid,0.0,high,1.0,1.0
"Rat heart, female 8 wk",LPIN1,-1.0,0.40876872819005,3.71585775770673,protein only,high,0.0,high,1.0,1.0
"Rat heart, female 8 wk",LRRC49,1.0,1.49646303682566,1.4286102089253,neither,mid,4.0,mid,1.0,1.0
"Rat heart, female 8 wk",LRRC59,-1.0,-0.878827673608576,1.01198470389682,neither,high,0.0,high,1.0,1.0
"Rat heart, female 8 wk",LSAMP,-1.0,1.05899237691087,-2.18146226043273,neither,mid,0.0,low,1.0,1.0
"Rat heart, female 8 wk",LSP1,1.0,-1.63257958084983,-2.56392016800627,neither,mid,0.0,mid,1.0,1.0
"Rat heart, female 8 wk",LTBP1,1.0,0.882484079330251,1.21969186370507,neither,high,0.0,high,1.0,1.0
"Rat heart, female 8 wk",LTBP2,1.0,-0.0159655634445085,1.24768011324525,neither,mid,0.0,high,1.0,1.0
"Rat heart, female 8 wk",LUM,1.0,0.392783747790129,1.48096240904139,neither,high,0.0,high,1.0,1.0
"Rat heart, female 8 wk",LYVE1,-1.0,1.3081767079828,0.455177983666761,neither,high,2.0,mid,1.0,1.0
"Rat heart, female 8 wk",MAFF,-1.0,0.674009142009767,-0.566570331561071,neither,mid,0.0,mid,1.0,1.0
"Rat heart, female 8 wk",MAGED1,1.0,-1.67371798662442,1.61736644504861,neither,high,0.0,high,1.0,1.0
"Rat heart, female 8 wk",MAGED2,1.0,0.692476800161819,0.271514677464153,neither,mid,0.0,high,1.0,1.0
"Rat heart, female 8 wk",MAP1LC3B,-1.0,-0.652096866152367,-2.54034073665915,neither,high,0.0,high,1.0,1.0
"Rat heart, female 8 wk",MAP2K1,-1.0,0.345998155846552,2.8398981444211,neither,high,0.0,high,1.0,1.0
"Rat heart, female 8 wk",MARK3,-1.0,0.648407690233058,-0.961662102531732,neither,high,0.0,high,1.0,2.0
"Rat heart, female 8 wk",MBNL2,-1.0,-0.138238176252971,1.21707250259462,neither,high,0.0,high,1.0,1.0
"Rat heart, female 8 wk",MCM6,1.0,-1.76995596084241,-0.36668797123388,neither,low,0.0,low,1.0,1.0
"Rat heart, female 8 wk",MEIS1,-1.0,-0.0727274192076301,-1.64499326955286,neither,mid,2.0,mid,1.0,1.0
"Rat heart, female 8 wk",METTL22,-1.0,-0.460365547865248,-0.760233491394692,neither,mid,4.0,mid,1.0,1.0
"Rat heart, female 8 wk",MFAP4,1.0,-0.257796040333031,0.473906537531837,neither,low,0.0,high,2.0,1.0
"Rat heart, female 8 wk",MKNK2,-1.0,1.48021505059891,0.618892732754002,neither,high,6.0,high,1.0,1.0
"Rat heart, female 8 wk",MOAP1,1.0,0.910641194100911,0.967039445324869,neither,low,6.0,high,1.0,1.0
"Rat heart, female 8 wk",MPI,1.0,-1.34591097395971,4.47487104159488,protein only,high,0.0,mid,1.0,1.0
"Rat heart, female 8 wk",MPP3,-1.0,-0.501538194338083,-0.335486074536026,neither,low,4.0,high,1.0,1.0
"Rat heart, female 8 wk",MRPL34,-1.0,-0.613645344916302,0.29594672844869,neither,mid,0.0,high,1.0,1.0
"Rat heart, female 8 wk",MTCH1,-1.0,-1.28372816775328,1.16929262382657,neither,high,0.0,high,1.0,1.0
"Rat heart, female 8 wk",MTR,1.0,-2.23172989898896,-1.60713297680075,neither,mid,0.0,mid,1.0,1.0
"Rat heart, female 8 wk",MTUS2,-1.0,1.2944714969975,-0.32400019389839,neither,high,0.0,high,1.0,1.0
"Rat heart, female 8 wk",MX1,1.0,0.461883082245208,1.56840580945117,neither,mid,0.0,mid,1.0,1.0
"Rat heart, female 8 wk",MXI1,-1.0,0.208581474400568,-1.42766617160042,neither,high,8.0,high,1.0,1.0
"Rat heart, female 8 wk",MYL7,-1.0,0.385128226902525,0.789926947436482,neither,high,0.0,high,1.0,1.0
"Rat heart, female 8 wk",MYO16,-1.0,0.715828280185625,0.945606528741902,neither,low,0.0,low,1.0,1.0
"Rat heart, female 8 wk",MYOM2,1.0,3.8361811706821,1.13319275401775,RNA only,high,0.0,high,1.0,1.0
"Rat heart, female 8 wk",MYOT,-1.0,0.724740843420821,2.4141818927412,neither,low,0.0,mid,2.0,1.0
"Rat heart, female 8 wk",NAA15,-1.0,2.07218693914025,1.1879931186005,neither,high,0.0,mid,1.0,1.0
"Rat heart, female 8 wk",NACC2,-1.0,-0.128811323271489,1.20194431310793,neither,high,6.0,high,1.0,1.0
"Rat heart, female 8 wk",NAMPT,-1.0,3.51182822244662,4.01159679339809,"both, same sign",high,0.0,high,1.0,1.0
"Rat heart, female 8 wk",NCAM1,-1.0,2.40977489319335,5.31381273408814,protein only,mid,0.0,high,1.0,2.0
"Rat heart, female 8 wk",NCF2,1.0,0.361506711020904,1.49303253236561,neither,low,8.0,low,1.0,1.0
"Rat heart, female 8 wk",NDRG4,-1.0,3.36682346660144,5.51414180663523,"both, same sign",high,0.0,high,1.0,1.0
"Rat heart, female 8 wk",NID1,-1.0,-3.03125034654107,-2.65336756031383,neither,high,0.0,high,1.0,1.0
"Rat heart, female 8 wk",NIT2,1.0,1.29711830889112,1.83447558578273,neither,mid,0.0,mid,1.0,1.0
"Rat heart, female 8 wk",NKX2-5,-1.0,-1.10097316470227,-0.189419589840658,neither,high,4.0,high,1.0,1.0
"Rat heart, female 8 wk",NOS3,-1.0,-0.0508796499772067,0.427544510413612,neither,high,0.0,mid,1.0,1.0
"Rat heart, female 8 wk",NPPA,1.0,0.630593476065002,-0.514127935023448,neither,high,0.0,high,1.0,1.0
"Rat heart, female 8 wk",NPPB,1.0,1.30090662012543,-0.41730378750123,neither,high,0.0,high,1.0,1.0
"Rat heart, female 8 wk",NQO2,-1.0,1.44768142966698,1.60581497673036,neither,high,0.0,mid,1.0,1.0
"Rat heart, female 8 wk",NRAP,-1.0,2.93004135252261,4.8356982612679,protein only,high,0.0,high,1.0,2.0
"Rat heart, female 8 wk",NUCB2,1.0,1.42724734338269,-0.466459229799992,neither,high,0.0,mid,1.0,1.0
"Rat heart, female 8 wk",NUDT3,1.0,-0.408615694725965,0.936659251257741,neither,high,0.0,high,1.0,1.0
"Rat heart, female 8 wk",NUDT4,-1.0,-1.27720124713612,-1.92999020407178,neither,high,0.0,high,1.0,1.0
"Rat heart, female 8 wk",NUP37,1.0,-0.126377636942338,-0.709729356262549,neither,low,0.0,mid,1.0,1.0
"Rat heart, female 8 wk",OGDH,-1.0,-2.38791716246419,0.367895561340581,neither,high,0.0,high,1.0,1.0
"Rat heart, female 8 wk",OGN,1.0,2.15577563780776,0.885247921849734,neither,high,0.0,mid,2.0,1.0
"Rat heart, female 8 wk",OLFML3,1.0,-1.19721774620109,-0.462666450952761,neither,mid,0.0,mid,1.0,1.0
"Rat heart, female 8 wk",P2RX5,-1.0,3.15812114629717,1.19716423463137,neither,high,0.0,mid,1.0,1.0
"Rat heart, female 8 wk",PALMD,1.0,-0.67222776390859,-0.0176599556537379,neither,high,0.0,high,1.0,1.0
"Rat heart, female 8 wk",PCCB,1.0,-1.50697232543751,-0.523790913674305,neither,high,0.0,high,1.0,1.0
"Rat heart, female 8 wk",PCNT,-1.0,-3.16811575607191,-0.261820492566118,neither,high,0.0,mid,1.0,1.0
"Rat heart, female 8 wk",PCOLCE,1.0,-0.749438415508266,-0.650111726661703,neither,mid,0.0,high,1.0,1.0
"Rat heart, female 8 wk",PDK4,1.0,-1.45113656849132,-0.561169095344327,neither,high,0.0,high,1.0,1.0
"Rat heart, female 8 wk",PDLIM3,1.0,-1.18784450136076,6.40445959693168,protein only,high,2.0,high,1.0,3.0
"Rat heart, female 8 wk",PDZD2,-1.0,-4.00209608938484,-2.91045610674843,RNA only,high,0.0,mid,1.0,1.0
"Rat heart, female 8 wk",PHF11,1.0,-0.220015085995523,-1.80080113665334,neither,low,8.0,mid,1.0,1.0
"Rat heart, female 8 wk",PHLDA1,1.0,0.125444912657994,-0.0016987602891387,neither,high,8.0,mid,1.0,1.0
"Rat heart, female 8 wk",PKM,1.0,4.30522366623876,5.87167088442146,"both, same sign",high,0.0,high,1.0,2.0
"Rat heart, female 8 wk",PLA2G2A,-1.0,2.19915240979506,-0.410023810801926,neither,mid,0.0,high,1.0,1.0
"Rat heart, female 8 wk",PLBD1,1.0,-0.333312337440753,-0.328988506718141,neither,high,0.0,high,1.0,1.0
"Rat heart, female 8 wk",PLIN2,-1.0,-0.911834677956092,-3.69637678365601,protein only,high,0.0,high,1.0,1.0
"Rat heart, female 8 wk",PLP2,-1.0,-0.624838320255956,-0.981767476356571,neither,mid,6.0,high,1.0,1.0
"Rat heart, female 8 wk",PLXDC1,1.0,0.208584939648819,-0.099292721223458,neither,mid,4.0,mid,1.0,1.0
"Rat heart, female 8 wk",PODXL,-1.0,0.347028479787396,1.31371926169155,neither,high,0.0,high,1.0,1.0
"Rat heart, female 8 wk",POGLUT1,-1.0,0.173292429032935,0.0859880913471545,neither,low,0.0,mid,1.0,1.0
"Rat heart, female 8 wk",POLE3,-1.0,-0.611726734093486,-0.448877191259033,neither,low,0.0,high,2.0,1.0
"Rat heart, female 8 wk",POR,-1.0,-1.50979780740582,-0.34114201369576,neither,high,0.0,high,1.0,1.0
"Rat heart, female 8 wk",PPL,-1.0,0.254105303048346,2.98843089807748,neither,mid,0.0,mid,1.0,1.0
"Rat heart, female 8 wk",PPP1R12B,1.0,-0.106159125108778,1.97891431792394,neither,high,0.0,high,1.0,2.0
"Rat heart, female 8 wk",PPT1,1.0,-0.829931991943221,1.41181725954806,neither,mid,0.0,high,1.0,1.0
"Rat heart, female 8 wk",PRDX4,1.0,0.664214913224098,1.39852069611063,neither,low,2.0,high,1.0,1.0
"Rat heart, female 8 wk",PRDX6,-1.0,1.61958636547068,1.60804416491799,neither,high,0.0,high,1.0,1.0
"Rat heart, female 8 wk",PSD3,1.0,0.407752795387897,-0.592412550618174,neither,mid,2.0,mid,1.0,1.0
"Rat heart, female 8 wk",PSMB10,1.0,-0.782004712056661,-1.51970035152557,neither,mid,0.0,high,1.0,1.0
"Rat heart, female 8 wk",PSME4,-1.0,3.13660663504278,1.00709354874984,neither,high,0.0,high,1.0,1.0
"Rat heart, female 8 wk",PSPH,-1.0,1.29407262482761,1.23909345899376,neither,low,0.0,mid,1.0,1.0
"Rat heart, female 8 wk",PTN,1.0,1.64094763599612,1.58015143087437,neither,low,6.0,high,1.0,1.0
"Rat heart, female 8 wk",PTP4A2,-1.0,2.10159150175533,0.209380432897485,neither,high,0.0,high,1.0,1.0
"Rat heart, female 8 wk",PTP4A3,-1.0,-0.431409442527332,-0.847563784460047,neither,high,8.0,high,1.0,1.0
"Rat heart, female 8 wk",PXMP2,-1.0,0.320193912471972,0.442410928855622,neither,high,0.0,high,1.0,1.0
"Rat heart, female 8 wk",QSOX1,-1.0,1.04411696398267,-0.409989578453663,neither,mid,6.0,high,1.0,1.0
"Rat heart, female 8 wk",RAB9A,-1.0,2.25678250890504,2.34100664880651,neither,mid,2.0,mid,1.0,1.0
"Rat heart, female 8 wk",RABAC1,-1.0,-1.57929196409114,1.09299140926743,neither,high,4.0,high,1.0,1.0
"Rat heart, female 8 wk",RANGAP1,-1.0,-1.35488798046683,-0.345850282618557,neither,high,0.0,high,1.0,1.0
"Rat heart, female 8 wk",RBFOX1,-1.0,4.58139148668002,0.258603186884648,RNA only,high,2.0,mid,1.0,1.0
"Rat heart, female 8 wk",RBM10,1.0,-0.561125910351175,1.12489372280066,neither,high,0.0,high,1.0,1.0
"Rat heart, female 8 wk",RBP4,-1.0,-1.28516422928554,-3.14974652894766,neither,low,0.0,low,1.0,1.0
"Rat heart, female 8 wk",RCAN1,-1.0,-0.711448802115856,-1.16119871352378,neither,high,4.0,high,1.0,1.0
"Rat heart, female 8 wk",RCBTB2,1.0,0.176048647761077,-0.347758938504948,neither,mid,0.0,mid,1.0,1.0
"Rat heart, female 8 wk",REV1,-1.0,0.342678609397966,0.5134180282426,neither,high,2.0,high,1.0,1.0
"Rat heart, female 8 wk",RHOC,-1.0,0.47491803495457,0.371954151373643,neither,high,0.0,high,1.0,1.0
"Rat heart, female 8 wk",RHOT1,-1.0,2.30899354885146,1.53202111252228,neither,high,0.0,mid,1.0,1.0
"Rat heart, female 8 wk",RNASET2,1.0,0.496557339521317,-0.247069002641257,neither,mid,0.0,mid,1.0,1.0
"Rat heart, female 8 wk",RNF14,-1.0,0.56454294909659,-1.81394887165564,neither,high,0.0,high,1.0,1.0
"Rat heart, female 8 wk",RNF146,1.0,0.650381847742249,-0.12680281725318,neither,mid,0.0,high,1.0,1.0
"Rat heart, female 8 wk",RWDD1,-1.0,2.11494085469276,-0.140646336532736,neither,mid,0.0,high,1.0,1.0
"Rat heart, female 8 wk",S100A8,-1.0,0.0851585637588569,-0.815022613659595,neither,low,0.0,high,1.0,1.0
"Rat heart, female 8 wk",S100A9,-1.0,1.16108539774465,-0.965855450935247,neither,low,0.0,high,1.0,1.0
"Rat heart, female 8 wk",SAMHD1,-1.0,-0.023040228384002,-1.67822696231795,neither,low,0.0,high,1.0,1.0
"Rat heart, female 8 wk",SEC31A,1.0,-1.44404241004223,1.53375595598773,neither,high,0.0,high,1.0,1.0
"Rat heart, female 8 wk",SEC61A1,-1.0,-0.845984936639765,-0.454217338782474,neither,high,0.0,high,1.0,1.0
"Rat heart, female 8 wk",SERPINE1,-1.0,-1.56737366773541,-0.622903040705114,neither,high,6.0,high,1.0,1.0
"Rat heart, female 8 wk",SERPINE2,1.0,-0.221179378647669,0.393262647886477,neither,high,0.0,mid,1.0,1.0
"Rat heart, female 8 wk",SH3BGR,-1.0,0.99516872289248,2.38306017200455,neither,high,0.0,high,2.0,1.0
"Rat heart, female 8 wk",SH3BGRL,1.0,0.103678510431709,0.15405331572051,neither,low,0.0,high,1.0,1.0
"Rat heart, female 8 wk",SH3GL2,1.0,-1.39662084091009,0.686697663298412,neither,low,0.0,low,1.0,1.0
"Rat heart, female 8 wk",SIK1,-1.0,-0.84576990168123,0.671664007257703,neither,mid,0.0,low,1.0,1.0
"Rat heart, female 8 wk",SLC25A11,1.0,0.489173858797287,0.16765065574106,neither,high,0.0,high,1.0,1.0
"Rat heart, female 8 wk",SLC25A12,-1.0,-1.16831097711998,0.419686221670954,neither,high,0.0,high,1.0,1.0
"Rat heart, female 8 wk",SLC25A20,1.0,0.275701349435976,0.670142966470315,neither,high,0.0,high,1.0,1.0
"Rat heart, female 8 wk",SLC30A1,1.0,-1.76697542440984,0.989987531232961,neither,mid,0.0,mid,1.0,1.0
"Rat heart, female 8 wk",SLC39A14,-1.0,-0.586331681166975,0.842295499144248,neither,high,0.0,high,1.0,1.0
"Rat heart, female 8 wk",SLCO2A1,-1.0,0.0385905763764941,-1.67012836743212,neither,low,8.0,high,1.0,1.0
"Rat heart, female 8 wk",SNRPB,-1.0,-0.565844888946958,-0.843213000687943,neither,high,0.0,high,1.0,1.0
"Rat heart, female 8 wk",SNX7,-1.0,0.464425286963279,2.12787811420284,neither,low,0.0,mid,1.0,1.0
"Rat heart, female 8 wk",SORT1,-1.0,0.625719400061978,-0.111456116580186,neither,high,0.0,high,1.0,1.0
"Rat heart, female 8 wk",SOS1,-1.0,-0.769159947794439,-1.56710006692396,neither,high,0.0,mid,1.0,1.0
"Rat heart, female 8 wk",SPARC,1.0,-3.48851367857705,-3.05767088748976,RNA only,high,0.0,high,1.0,1.0
"Rat heart, female 8 wk",SPG11,1.0,1.55053382629275,-2.23524189952463,neither,high,0.0,mid,1.0,1.0
"Rat heart, female 8 wk",SRGN,-1.0,1.51509114210875,-0.268431579428146,neither,mid,6.0,high,1.0,1.0
"Rat heart, female 8 wk",SSPN,1.0,1.85640027345477,1.48031325974768,neither,high,2.0,mid,1.0,1.0
"Rat heart, female 8 wk",STAT3,-1.0,-0.595482300703683,1.97805451553975,neither,high,0.0,high,1.0,1.0
"Rat heart, female 8 wk",STEAP3,-1.0,0.390578176130972,2.15153724776335,neither,mid,6.0,mid,1.0,1.0
"Rat heart, female 8 wk",STIP1,-1.0,-1.24344174827413,4.44149852500067,protein only,high,0.0,high,1.0,1.0
"Rat heart, female 8 wk",STK38L,1.0,-0.44212587174967,2.71381418375804,neither,high,0.0,mid,1.0,1.0
"Rat heart, female 8 wk",SUCLA2,1.0,1.36415652544438,-0.755717957441376,neither,high,0.0,high,1.0,1.0
"Rat heart, female 8 wk",SUN2,-1.0,-1.98631926266537,0.689577998463069,neither,high,0.0,high,1.0,1.0
"Rat heart, female 8 wk",SYNPO2L,1.0,-0.1161376658756,4.90123810505934,protein only,high,0.0,high,1.0,1.0
"Rat heart, female 8 wk",TAPBPL,1.0,0.799235019682758,-0.0303063183005796,neither,mid,6.0,mid,1.0,1.0
"Rat heart, female 8 wk",TGFBR3,-1.0,0.827521514349981,-0.270736203739164,neither,high,6.0,mid,1.0,1.0
"Rat heart, female 8 wk",TGM2,-1.0,-0.992626841037297,7.0253564382798,protein only,high,0.0,high,1.0,1.0
"Rat heart, female 8 wk",THBS1,-1.0,-1.06763828165685,-0.809113292965927,neither,mid,0.0,high,1.0,1.0
"Rat heart, female 8 wk",THBS2,1.0,-0.922302460422475,0.880858520234264,neither,high,6.0,mid,1.0,1.0
"Rat heart, female 8 wk",THBS4,1.0,1.29862025497361,2.11083877989828,neither,mid,0.0,high,1.0,1.0
"Rat heart, female 8 wk",TIE1,1.0,-2.29813372469353,-1.13959959418385,neither,high,8.0,high,1.0,1.0
"Rat heart, female 8 wk",TIMP3,-1.0,0.120837456578233,-0.279531146301233,neither,high,0.0,high,1.0,1.0
"Rat heart, female 8 wk",TLN1,1.0,-1.49055893493172,-0.350717312751934,neither,high,0.0,high,1.0,1.0
"Rat heart, female 8 wk",TMEM38B,-1.0,0.0620881268105615,-2.06488550161563,neither,mid,4.0,mid,1.0,1.0
"Rat heart, female 8 wk",TMSB4X,1.0,1.44015372009369,0.0859854381090596,neither,high,0.0,high,1.0,1.0
"Rat heart, female 8 wk",TNNI1,1.0,0.937718730090417,4.20969609407502,protein only,low,0.0,low,1.0,1.0
"Rat heart, female 8 wk",TPCN1,1.0,-0.277603357037215,1.43786778079033,neither,high,0.0,high,1.0,1.0
"Rat heart, female 8 wk",TPPP3,1.0,-2.52616422837445,-1.98997244302902,neither,mid,0.0,mid,1.0,1.0
"Rat heart, female 8 wk",TPRKB,-1.0,-0.660931746947394,-0.982035449405752,neither,low,0.0,high,2.0,1.0
"Rat heart, female 8 wk",TRDN,-1.0,2.6905586767407,0.380743311099743,neither,high,0.0,high,1.0,1.0
"Rat heart, female 8 wk",TRMT5,1.0,0.30124484772769,0.138661800664696,neither,low,0.0,low,1.0,1.0
"Rat heart, female 8 wk",TUBA4A,-1.0,-0.974280966055894,1.08489837707114,neither,high,0.0,high,1.0,1.0
"Rat heart, female 8 wk",TUBG1,-1.0,-0.235471312800316,0.797098688000611,neither,high,0.0,high,1.0,1.0
"Rat heart, female 8 wk",TXNIP,1.0,-0.653574267138765,-1.29410966909335,neither,high,0.0,high,1.0,1.0
"Rat heart, female 8 wk",TXNRD1,-1.0,3.93366801994927,4.9064537033453,"both, same sign",high,0.0,high,1.0,1.0
"Rat heart, female 8 wk",UAP1,-1.0,0.206097506277319,6.15237546616508,protein only,high,0.0,high,1.0,1.0
"Rat heart, female 8 wk",UBFD1,-1.0,0.210394103741047,-1.27558275984887,neither,mid,0.0,high,1.0,1.0
"Rat heart, female 8 wk",UBQLN2,1.0,-0.210143607990453,0.376689746644065,neither,high,0.0,high,1.0,1.0
"Rat heart, female 8 wk",UFSP2,1.0,-0.336977946960084,-0.176865279053694,neither,mid,0.0,high,1.0,1.0
"Rat heart, female 8 wk",UGP2,-1.0,4.15720484748635,0.560142296208026,RNA only,high,0.0,high,1.0,2.0
"Rat heart, female 8 wk",VCAN,1.0,0.555285567382791,1.66689113803919,neither,high,0.0,mid,1.0,1.0
"Rat heart, female 8 wk",VEZF1,-1.0,1.13027724907306,-0.295652354668124,neither,high,0.0,high,1.0,1.0
"Rat heart, female 8 wk",VPS13D,-1.0,0.992006859068627,2.99463719383635,neither,high,0.0,mid,1.0,1.0
"Rat heart, female 8 wk",VTN,1.0,-0.0836179731622802,-0.652731913270418,neither,high,0.0,high,1.0,1.0
"Rat heart, female 8 wk",WFS1,1.0,-1.8605692540935,3.01032336572831,neither,high,0.0,high,1.0,1.0
"Rat heart, female 8 wk",XRCC4,-1.0,0.413188642369649,1.5202115732186,neither,mid,0.0,low,1.0,1.0
"Rat heart, female 8 wk",YBX3,-1.0,0.153764070350078,0.0925470790694411,neither,high,0.0,high,1.0,1.0
"Rat heart, female 8 wk",YEATS2,1.0,-0.739075901484989,1.86019032078144,neither,mid,4.0,mid,1.0,1.0
"Rat heart, female 8 wk",ZBTB16,1.0,0.919083009349898,0.16730455092468,neither,high,0.0,mid,1.0,1.0
"Rat heart, male 1 wk",ABHD5,-1.0,2.46993708797456,0.616636542298087,neither,mid,0.0,mid,1.0,1.0
"Rat heart, male 1 wk",ABL1,-1.0,-1.608909443894,0.439982003967642,neither,high,0.0,high,2.0,1.0
"Rat heart, male 1 wk",ACSS3,-1.0,-0.569544631586114,0.323344064194314,neither,low,0.0,mid,1.0,1.0
"Rat heart, male 1 wk",ACTA1,-1.0,-1.76787266516482,0.423783562983688,neither,high,0.0,high,1.0,1.0
"Rat heart, male 1 wk",ADAMTS1,-1.0,-0.223765545644595,0.845506536260372,neither,high,6.0,high,1.0,1.0
"Rat heart, male 1 wk",ADAMTSL3,1.0,-1.6454284972218,-2.87082524983626,neither,mid,0.0,low,1.0,1.0
"Rat heart, male 1 wk",ADD3,1.0,0.796715976085657,0.117573480317894,neither,high,0.0,high,1.0,1.0
"Rat heart, male 1 wk",ADH5,1.0,-1.18316616122222,-0.637563332376946,neither,high,0.0,high,1.0,1.0
"Rat heart, male 1 wk",ALAS1,1.0,0.289758876787026,-0.34647032781168,neither,high,0.0,high,1.0,1.0
"Rat heart, male 1 wk",ALDH5A1,1.0,0.697340314323899,0.515958732967672,neither,high,0.0,mid,1.0,1.0
"Rat heart, male 1 wk",ALDH9A1,1.0,0.370796245435558,0.669372200766971,neither,high,0.0,high,1.0,1.0
"Rat heart, male 1 wk",AMD1,-1.0,2.211861311159,1.37365691751489,neither,high,2.0,high,1.0,1.0
"Rat heart, male 1 wk",ANK1,1.0,0.300725585449767,-2.45490303644915,neither,high,0.0,mid,1.0,2.0
"Rat heart, male 1 wk",ANKMY2,1.0,-1.9784111860548,-0.269864995705054,neither,high,0.0,high,1.0,1.0
"Rat heart, male 1 wk",ANKRD1,-1.0,-0.868701528030386,-1.44308462026999,neither,high,0.0,high,1.0,2.0
"Rat heart, male 1 wk",ANP32E,1.0,1.02303276194364,-0.684356170730185,neither,high,0.0,high,1.0,1.0
"Rat heart, male 1 wk",ANXA4,1.0,0.795798085903669,-0.182414342198694,neither,high,0.0,mid,1.0,1.0
"Rat heart, male 1 wk",ANXA6,1.0,-1.08707960064951,0.600340813113978,neither,high,0.0,high,1.0,2.0
"Rat heart, male 1 wk",AOX1,-1.0,0.0650998741677154,-1.05015237761794,neither,mid,0.0,low,1.0,1.0
"Rat heart, male 1 wk",AP1S2,-1.0,3.30492657135329,-0.128252058460446,neither,high,0.0,high,1.0,1.0
"Rat heart, male 1 wk",AP2B1,1.0,-0.207133749521082,-0.304414611007513,neither,high,0.0,high,1.0,1.0
"Rat heart, male 1 wk",AP3M2,1.0,2.40783183689223,0.843038437915846,neither,low,0.0,mid,1.0,1.0
"Rat heart, male 1 wk",ARHGAP15,1.0,-0.743401272841645,0.049115091502565,neither,low,8.0,low,1.0,1.0
"Rat heart, male 1 wk",ARHGDIB,1.0,-0.621236270103969,0.0788369821455595,neither,high,0.0,high,1.0,1.0
"Rat heart, male 1 wk",ARMCX3,1.0,-0.308382808493345,-1.77944539653904,neither,high,2.0,high,1.0,1.0
"Rat heart, male 1 wk",ASMTL,1.0,0.574132284847564,0.749212818013629,neither,mid,0.0,high,1.0,2.0
"Rat heart, male 1 wk",ASPN,1.0,1.69091704495647,-0.615714324770553,neither,low,0.0,mid,2.0,1.0
"Rat heart, male 1 wk",ATP1A1,-1.0,-0.293676995770811,1.15671375478096,neither,high,0.0,high,1.0,1.0
"Rat heart, male 1 wk",ATP1A2,-1.0,0.0221997934038278,-0.068023877652024,neither,high,0.0,high,1.0,1.0
"Rat heart, male 1 wk",ATP1A3,1.0,5.05967498033645,1.18515312974725,RNA only,mid,0.0,high,1.0,1.0
"Rat heart, male 1 wk",ATP1B1,-1.0,1.73990165469952,1.47714735804099,neither,high,0.0,high,1.0,1.0
"Rat heart, male 1 wk",ATP1B3,-1.0,0.537061576911127,0.437465950381178,neither,high,0.0,high,1.0,1.0
"Rat heart, male 1 wk",ATP2A2,-1.0,1.32794432677759,0.646068005786805,neither,high,0.0,high,1.0,2.0
"Rat heart, male 1 wk",AUTS2,1.0,0.398184676904276,-2.18591100872548,neither,mid,2.0,low,1.0,1.0
"Rat heart, male 1 wk",BAG2,-1.0,-1.24678393685888,0.441292006068466,neither,mid,0.0,mid,1.0,1.0
"Rat heart, male 1 wk",BASP1,1.0,-0.14539227665108,1.08849386706012,neither,low,0.0,low,1.0,1.0
"Rat heart, male 1 wk",BCL2L1,-1.0,1.78665139480887,2.32303423336774,neither,high,0.0,high,1.0,1.0
"Rat heart, male 1 wk",BGN,1.0,0.646844779820703,0.260570037217642,neither,high,0.0,high,1.0,1.0
"Rat heart, male 1 wk",BLM,-1.0,0.0206345119468933,-0.951950091134341,neither,low,4.0,low,1.0,1.0
"Rat heart, male 1 wk",BRD4,-1.0,-0.691949158578824,-0.193795021690085,neither,high,0.0,high,1.0,1.0
"Rat heart, male 1 wk",C3,-1.0,-1.32614748721776,-3.90782812380083,neither,low,0.0,high,1.0,1.0
"Rat heart, male 1 wk",C4A,-1.0,-1.06855869611372,-0.706251503330605,neither,mid,0.0,low,2.0,1.0
"Rat heart, male 1 wk",C6,1.0,-2.27263807871837,-4.30101134604917,neither,low,0.0,high,1.0,2.0
"Rat heart, male 1 wk",CALU,-1.0,1.03410867545214,1.00237923305269,neither,high,0.0,high,1.0,1.0
"Rat heart, male 1 wk",CCNG1,-1.0,5.62137328296975,-0.415352017767104,RNA only,high,4.0,high,1.0,1.0
"Rat heart, male 1 wk",CCT2,-1.0,0.304714496579404,0.0452665787989355,neither,high,0.0,high,1.0,1.0
"Rat heart, male 1 wk",CD163,-1.0,1.59044427083998,-0.523586081295557,neither,high,0.0,mid,1.0,1.0
"Rat heart, male 1 wk",CD59,-1.0,1.66906204364286,-0.0579595667939422,neither,high,0.0,high,1.0,1.0
"Rat heart, male 1 wk",CD74,1.0,0.109766302833805,1.19630723621112,neither,high,0.0,high,1.0,1.0
"Rat heart, male 1 wk",CDC37L1,-1.0,3.1064992574772,1.87009332689856,neither,high,0.0,high,1.0,1.0
"Rat heart, male 1 wk",CDV3,-1.0,3.30271185272785,1.6474299527312,neither,high,0.0,high,1.0,1.0
"Rat heart, male 1 wk",CETN3,1.0,1.17810563128144,0.165377631639954,neither,mid,0.0,mid,2.0,1.0
"Rat heart, male 1 wk",CHORDC1,-1.0,1.72303226561002,2.78995623705961,neither,high,0.0,mid,1.0,1.0
"Rat heart, male 1 wk",CLIC4,-1.0,-0.887331208067572,0.411935688542393,neither,high,0.0,high,1.0,1.0
"Rat heart, male 1 wk",CLIP1,-1.0,2.81727238282076,3.92071132142331,neither,high,0.0,high,1.0,3.0
"Rat heart, male 1 wk",CLTB,-1.0,0.0907567387344551,1.12323560924319,neither,high,0.0,high,1.0,1.0
"Rat heart, male 1 wk",CLU,-1.0,-0.733170367903949,-2.306701560757,neither,high,0.0,high,1.0,1.0
"Rat heart, male 1 wk",CMC2,-1.0,0.23950498131467,-0.426601447108467,neither,low,0.0,mid,1.0,1.0
"Rat heart, male 1 wk",CNN1,-1.0,0.786681079710963,-2.11259291747209,neither,low,0.0,high,1.0,1.0
"Rat heart, male 1 wk",COA4,-1.0,-1.07398835261981,1.03476228080571,neither,low,0.0,high,1.0,1.0
"Rat heart, male 1 wk",COBL,-1.0,-2.00587336853043,-1.794223427563,neither,mid,0.0,high,1.0,1.0
"Rat heart, male 1 wk",COL15A1,1.0,-2.61904349215333,0.706686189014331,neither,high,0.0,high,2.0,1.0
"Rat heart, male 1 wk",COL16A1,1.0,0.512612485082236,-0.896020882507091,neither,mid,0.0,mid,1.0,1.0
"Rat heart, male 1 wk",COL1A1,1.0,-0.659734332516312,-0.213249593498441,neither,high,0.0,high,1.0,1.0
"Rat heart, male 1 wk",COL1A2,1.0,-0.44306430274708,0.0032913342410529,neither,high,0.0,high,2.0,1.0
"Rat heart, male 1 wk",COL3A1,1.0,-0.199890052915893,0.405975722077667,neither,high,0.0,high,1.0,1.0
"Rat heart, male 1 wk",COL5A1,1.0,-0.230840166078182,0.871734578919628,neither,high,0.0,mid,1.0,1.0
"Rat heart, male 1 wk",COL5A2,1.0,0.800868394176735,1.05710248957585,neither,high,0.0,mid,1.0,1.0
"Rat heart, male 1 wk",COMP,1.0,-1.79495206174208,-1.29965443851228,neither,low,4.0,low,1.0,1.0
"Rat heart, male 1 wk",CORIN,1.0,-0.667433173048542,-2.32744296410708,neither,high,0.0,high,1.0,2.0
"Rat heart, male 1 wk",COX17,-1.0,1.5567993199901,3.32802348159644,neither,high,0.0,high,1.0,1.0
"Rat heart, male 1 wk",CPE,1.0,-1.49607514192484,-0.0554483748694641,neither,high,0.0,high,1.0,1.0
"Rat heart, male 1 wk",CPT2,1.0,1.92990602245068,2.08024521721651,neither,high,0.0,high,1.0,1.0
"Rat heart, male 1 wk",CRIM1,-1.0,-0.137481124470105,-0.31999441408687,neither,high,6.0,high,1.0,1.0
"Rat heart, male 1 wk",CRISPLD2,-1.0,0.956113038841439,1.28963587532074,neither,high,8.0,high,1.0,1.0
"Rat heart, male 1 wk",CRYM,1.0,0.652378000793646,2.87126570404086,neither,high,0.0,high,1.0,1.0
"Rat heart, male 1 wk",CSDC2,-1.0,3.17356953202062,4.11633826141405,neither,high,2.0,high,1.0,1.0
"Rat heart, male 1 wk",CTSD,1.0,2.15209617822721,-3.93223475535154,neither,high,0.0,high,1.0,1.0
"Rat heart, male 1 wk",CTSH,1.0,-2.11058328999852,-0.62281570597295,neither,high,0.0,high,1.0,1.0
"Rat heart, male 1 wk",CYP4B1,-1.0,1.13191048242966,-0.820169412727075,neither,high,0.0,high,1.0,1.0
"Rat heart, male 1 wk",DAZAP1,-1.0,1.2350359247961,0.508235347910718,neither,high,0.0,high,1.0,1.0
"Rat heart, male 1 wk",DCP2,1.0,0.906221250796392,-1.30540439832025,neither,low,8.0,low,2.0,1.0
"Rat heart, male 1 wk",DDX39A,-1.0,-0.716920813296962,-1.42230282262384,neither,mid,0.0,high,1.0,1.0
"Rat heart, male 1 wk",DENND1B,1.0,0.297517324077577,-1.00881558512841,neither,mid,0.0,low,1.0,1.0
"Rat heart, male 1 wk",DERL1,-1.0,-0.73920455007465,-0.509754733558694,neither,high,4.0,high,1.0,1.0
"Rat heart, male 1 wk",DLG1,-1.0,2.0903394807633,0.562721831763484,neither,high,0.0,mid,1.0,1.0
"Rat heart, male 1 wk",DLST,1.0,2.07471153815956,1.83495719897027,neither,high,0.0,high,1.0,1.0
"Rat heart, male 1 wk",DMPK,-1.0,-0.347183395277975,2.50739608382759,neither,high,4.0,high,1.0,2.0
"Rat heart, male 1 wk",DNAJC15,-1.0,1.8787423450971,2.18919797087297,neither,high,2.0,mid,1.0,1.0
"Rat heart, male 1 wk",DPM1,1.0,1.59368326962422,-1.26139740362215,neither,mid,0.0,high,1.0,1.0
"Rat heart, male 1 wk",DPYSL3,1.0,-0.628142615078177,0.0792505891311008,neither,mid,0.0,mid,1.0,1.0
"Rat heart, male 1 wk",DVL1,-1.0,-0.440167774828059,1.19444399815879,neither,high,2.0,high,1.0,1.0
"Rat heart, male 1 wk",EDNRA,1.0,0.420067791268629,-0.704245789494277,neither,high,6.0,mid,1.0,1.0
"Rat heart, male 1 wk",EFEMP1,1.0,-0.350334911539843,2.1359523849229,neither,mid,0.0,high,1.0,1.0
"Rat heart, male 1 wk",EGLN1,-1.0,1.25823596751384,0.59404765437355,neither,high,0.0,high,1.0,1.0
"Rat heart, male 1 wk",EHBP1L1,-1.0,0.128806036344962,-1.60251366292016,neither,high,0.0,high,1.0,1.0
"Rat heart, male 1 wk",EHD3,1.0,0.91157225134855,0.286068585685401,neither,mid,0.0,high,1.0,1.0
"Rat heart, male 1 wk",EIF1AX,-1.0,0.643133595673001,-0.423136234540734,neither,high,0.0,high,1.0,1.0
"Rat heart, male 1 wk",EIF1AY,1.0,0.363439812148129,0.819637503674975,neither,mid,2.0,high,1.0,1.0
"Rat heart, male 1 wk",EMC2,1.0,0.406587358667432,-1.19486524897441,neither,mid,0.0,high,1.0,1.0
"Rat heart, male 1 wk",EMC6,-1.0,-1.20906479585164,1.38877443239565,neither,high,8.0,high,1.0,1.0
"Rat heart, male 1 wk",EPB41L2,1.0,0.463403075717897,0.440734894035514,neither,high,0.0,high,1.0,1.0
"Rat heart, male 1 wk",EPHX2,1.0,1.78693399434369,4.64595666747506,neither,high,0.0,mid,1.0,2.0
"Rat heart, male 1 wk",EPM2AIP1,1.0,0.483563062895564,-0.994365877536407,neither,high,0.0,mid,1.0,1.0
"Rat heart, male 1 wk",EPN3,-1.0,0.888623310359148,0.398195638353687,neither,mid,0.0,mid,1.0,1.0
"Rat heart, male 1 wk",ERLIN2,1.0,0.957127394873155,-0.895661820446624,neither,high,0.0,mid,1.0,1.0
"Rat heart, male 1 wk",EVL,1.0,-0.151097301374093,-1.58612515047157,neither,mid,0.0,mid,1.0,1.0
"Rat heart, male 1 wk",F5,1.0,0.549194628845535,1.77804522591486,neither,low,0.0,low,1.0,1.0
"Rat heart, male 1 wk",FAM13A,1.0,1.19250119460049,1.23713578328633,neither,high,4.0,low,1.0,1.0
"Rat heart, male 1 wk",FASN,-1.0,-0.8841604234399,-1.76516176110705,neither,mid,0.0,mid,1.0,1.0
"Rat heart, male 1 wk",FBLN2,1.0,1.13176653052757,-0.658367404253902,neither,high,0.0,high,1.0,1.0
"Rat heart, male 1 wk",FBN1,1.0,-0.667730522316019,-0.230330802042773,neither,high,0.0,mid,1.0,1.0
"Rat heart, male 1 wk",FBXO40,1.0,1.82714082698087,1.67906302912126,neither,high,0.0,high,1.0,1.0
"Rat heart, male 1 wk",FCGRT,1.0,-1.00303630168871,-0.865580768179218,neither,high,8.0,high,1.0,1.0
"Rat heart, male 1 wk",FCN3,-1.0,-1.4389699293593,-1.65028808175884,neither,low,0.0,high,1.0,1.0
"Rat heart, male 1 wk",FERMT2,-1.0,1.10708669774085,-0.470789526362631,neither,high,4.0,high,1.0,2.0
"Rat heart, male 1 wk",FGF1,1.0,1.58952631906672,2.11669542787989,neither,high,0.0,mid,1.0,1.0
"Rat heart, male 1 wk",FGF12,1.0,-1.07448609275416,0.476128121627539,neither,mid,0.0,high,1.0,1.0
"Rat heart, male 1 wk",FHOD3,1.0,-1.41464725349227,-0.017571227425136,neither,high,0.0,high,1.0,1.0
"Rat heart, male 1 wk",FKBP4,-1.0,0.700357896842966,0.0270659416482033,neither,high,0.0,high,1.0,1.0
"Rat heart, male 1 wk",FKBP5,-1.0,2.74215940954081,6.96123745098207,protein only,high,0.0,high,1.0,1.0
"Rat heart, male 1 wk",FLII,-1.0,-0.333054040172619,-2.15290079415894,neither,high,0.0,high,1.0,2.0
"Rat heart, male 1 wk",FLNC,-1.0,-1.54244044433254,0.429645906931097,neither,high,0.0,high,1.0,1.0
"Rat heart, male 1 wk",FMOD,1.0,-0.504518153772147,1.0142179745978,neither,mid,0.0,mid,1.0,1.0
"Rat heart, male 1 wk",FNBP1L,1.0,0.173358450559287,1.90416307451588,neither,mid,0.0,mid,1.0,1.0
"Rat heart, male 1 wk",FRZB,1.0,0.253675855747318,-1.12921080280528,neither,low,0.0,low,1.0,1.0
"Rat heart, male 1 wk",FSTL1,1.0,-0.195556999665998,0.428688845308058,neither,high,2.0,high,1.0,1.0
"Rat heart, male 1 wk",FUCA1,1.0,-1.96599568766047,-2.24642821155836,neither,mid,0.0,mid,1.0,1.0
"Rat heart, male 1 wk",GALNT11,1.0,-0.456641991918376,-0.14862449753232,neither,high,8.0,mid,1.0,1.0
"Rat heart, male 1 wk",GATM,1.0,-0.24101702625389,0.921860965531407,neither,mid,0.0,mid,1.0,1.0
"Rat heart, male 1 wk",GCLM,-1.0,0.340855404322318,-2.56859664334394,neither,mid,0.0,low,1.0,1.0
"Rat heart, male 1 wk",GLOD4,1.0,0.307963906311443,-0.186519849969268,neither,mid,0.0,mid,1.0,1.0
"Rat heart, male 1 wk",GLRX,1.0,-0.256373120900717,1.83600896863546,neither,mid,0.0,high,1.0,1.0
"Rat heart, male 1 wk",GLRX2,-1.0,0.568986141527517,2.99048815797932,neither,mid,0.0,high,1.0,1.0
"Rat heart, male 1 wk",GLUL,-1.0,2.920809448687,1.40898243202309,neither,high,0.0,high,1.0,1.0
"Rat heart, male 1 wk",GMPR,-1.0,0.993786915519209,-1.45741629676897,neither,high,0.0,high,1.0,1.0
"Rat heart, male 1 wk",GNL3,-1.0,1.22247416225882,-1.45143708880911,neither,mid,0.0,high,1.0,1.0
"Rat heart, male 1 wk",GPD1L,-1.0,1.80923028626703,0.967602882351575,neither,high,0.0,high,1.0,1.0
"Rat heart, male 1 wk",GPX3,-1.0,0.85605224070893,-1.67446753540956,neither,high,0.0,high,1.0,1.0
"Rat heart, male 1 wk",GSTT1,1.0,-0.697705742349192,-1.52798889430419,neither,low,8.0,,1.0,1.0
"Rat heart, male 1 wk",GTF2E1,1.0,1.1178923617339,-0.302697444316281,neither,mid,6.0,low,1.0,1.0
"Rat heart, male 1 wk",GTF2IRD1,-1.0,2.25723628370678,-0.367947321958152,neither,low,4.0,mid,2.0,1.0
"Rat heart, male 1 wk",GTPBP6,-1.0,-0.919065959494067,0.0927660783606923,neither,mid,0.0,high,2.0,1.0
"Rat heart, male 1 wk",HBA1,1.0,-2.98549467872762,-1.69210681237965,neither,mid,0.0,mid,2.0,1.0
"Rat heart, male 1 wk",HBB,1.0,-3.66936716257028,-1.47596458077174,neither,mid,0.0,high,1.0,1.0
"Rat heart, male 1 wk",HBD,1.0,-1.98842325810931,-1.50705033107546,neither,low,0.0,low,2.0,1.0
"Rat heart, male 1 wk",HEG1,1.0,0.668923167388106,-0.785922440452985,neither,high,2.0,high,1.0,1.0
"Rat heart, male 1 wk",HERC6,1.0,0.219710558135347,0.920728030617114,neither,mid,2.0,mid,1.0,1.0
"Rat heart, male 1 wk",HLTF,1.0,0.17017441364034,-0.0155676117687253,neither,high,0.0,mid,1.0,1.0
"Rat heart, male 1 wk",HMGCL,1.0,1.29056007688577,1.35838816333831,neither,high,0.0,mid,1.0,1.0
"Rat heart, male 1 wk",HMGN1,1.0,-1.27195205014081,-0.542597250085763,neither,high,0.0,high,2.0,1.0
"Rat heart, male 1 wk",HMGN2,1.0,-4.60463080826447,-1.84358501656944,RNA only,high,0.0,high,1.0,1.0
"Rat heart, male 1 wk",HMOX2,-1.0,-1.24487004281804,0.726303596702945,neither,high,0.0,high,1.0,1.0
"Rat heart, male 1 wk",HOPX,-1.0,2.25653248775046,1.28236143189059,neither,mid,0.0,mid,1.0,1.0
"Rat heart, male 1 wk",HPRT1,1.0,0.806514748259238,-0.305008301526636,neither,mid,0.0,high,2.0,1.0
"Rat heart, male 1 wk",HSP90AA1,-1.0,1.60574505848092,3.39876055921521,neither,high,0.0,high,2.0,1.0
"Rat heart, male 1 wk",HSPA2,1.0,0.301257357392445,0.418874566169405,neither,low,0.0,mid,1.0,1.0
"Rat heart, male 1 wk",HSPA5,1.0,-1.25367515415486,1.53864564797155,neither,high,0.0,high,1.0,1.0
"Rat heart, male 1 wk",HSPB2,-1.0,-0.051076088575414,-0.706919677136539,neither,high,0.0,high,1.0,1.0
"Rat heart, male 1 wk",HSPB6,1.0,4.89454006728342,3.27228718939913,RNA only,high,0.0,high,1.0,1.0
"Rat heart, male 1 wk",HTRA1,1.0,0.404167610739916,-0.211643273126826,neither,high,0.0,high,1.0,1.0
"Rat heart, male 1 wk",IFI44L,1.0,-0.122938934025255,-3.76396730596137,neither,low,8.0,mid,1.0,1.0
"Rat heart, male 1 wk",IFIT3,1.0,0.830810682542836,-2.78641785811044,neither,mid,0.0,mid,1.0,1.0
"Rat heart, male 1 wk",IL1RL1,-1.0,-0.528090374818933,-0.688370813037725,neither,low,0.0,mid,1.0,1.0
"Rat heart, male 1 wk",IRS1,-1.0,-0.723540472771163,0.116212939366704,neither,high,0.0,mid,1.0,1.0
"Rat heart, male 1 wk",IRS2,-1.0,-1.11686221408434,1.51046743701982,neither,high,0.0,mid,1.0,1.0
"Rat heart, male 1 wk",ITFG1,1.0,0.673730644088687,-0.229422115136228,neither,high,2.0,mid,1.0,1.0
"Rat heart, male 1 wk",ITGA5,-1.0,-1.13260700610771,1.26595918338048,neither,high,0.0,high,1.0,1.0
"Rat heart, male 1 wk",IVNS1ABP,1.0,6.87414529596008,4.56406837498918,RNA only,high,0.0,high,1.0,1.0
"Rat heart, male 1 wk",JAK2,1.0,0.107635253298523,-0.836873440874168,neither,mid,0.0,mid,1.0,1.0
"Rat heart, male 1 wk",JUP,-1.0,-1.23147244327905,0.962809820000888,neither,high,0.0,high,1.0,1.0
"Rat heart, male 1 wk",KCNIP2,-1.0,1.69016245799597,0.17038493755944,neither,high,8.0,high,2.0,1.0
"Rat heart, male 1 wk",KLF4,-1.0,-1.53077992616732,-1.32034936105357,neither,high,0.0,high,1.0,1.0
"Rat heart, male 1 wk",KLHL21,-1.0,0.571999969768641,1.5192978503251,neither,high,2.0,high,1.0,1.0
"Rat heart, male 1 wk",KLHL41,-1.0,-1.77234797462903,-0.533110896901385,neither,high,0.0,high,1.0,1.0
"Rat heart, male 1 wk",KPNA2,-1.0,0.364001691471965,-0.541941982151761,neither,high,0.0,mid,1.0,1.0
"Rat heart, male 1 wk",LAMB1,1.0,-1.1352049181912,1.07455999877942,neither,high,0.0,high,1.0,1.0
"Rat heart, male 1 wk",LARP6,-1.0,-0.0397315316249584,1.01946733960967,neither,low,4.0,high,1.0,1.0
"Rat heart, male 1 wk",LMCD1,-1.0,0.0734179716196281,-0.276181355073419,neither,high,0.0,mid,1.0,1.0
"Rat heart, male 1 wk",LOXL1,1.0,-1.26051466238215,-1.11274966014759,neither,mid,0.0,high,1.0,1.0
"Rat heart, male 1 wk",LPIN1,-1.0,2.37878892454134,4.79992461128168,neither,high,0.0,high,1.0,1.0
"Rat heart, male 1 wk",LRRC49,1.0,1.92890369223618,-1.88740657139315,neither,mid,4.0,mid,1.0,1.0
"Rat heart, male 1 wk",LRRC59,-1.0,-0.981355036198182,-0.707657339540068,neither,high,0.0,high,1.0,1.0
"Rat heart, male 1 wk",LSAMP,-1.0,-0.231942153209127,-1.24183067532898,neither,mid,0.0,low,1.0,1.0
"Rat heart, male 1 wk",LSP1,1.0,-0.15077948064501,-0.238647486033172,neither,mid,0.0,mid,1.0,1.0
"Rat heart, male 1 wk",LTBP1,1.0,0.307866308001556,-0.493927140863106,neither,high,0.0,high,1.0,1.0
"Rat heart, male 1 wk",LTBP2,1.0,-0.791576576535215,1.69315729081377,neither,mid,0.0,high,1.0,1.0
"Rat heart, male 1 wk",LUM,1.0,-0.77174474725945,-0.40920737430103,neither,high,0.0,high,1.0,1.0
"Rat heart, male 1 wk",LYVE1,-1.0,0.719950230417246,-0.12754585735103,neither,high,2.0,mid,1.0,1.0
"Rat heart, male 1 wk",MAFF,-1.0,0.499466922897916,1.64545931602188,neither,mid,0.0,mid,1.0,1.0
"Rat heart, male 1 wk",MAGED1,1.0,-0.80121695932435,0.807416270289464,neither,high,0.0,high,1.0,1.0
"Rat heart, male 1 wk",MAGED2,1.0,-1.45453223187241,-0.623792935129358,neither,mid,0.0,high,1.0,1.0
"Rat heart, male 1 wk",MAP1LC3B,-1.0,2.25461027223218,-1.0576032518145,neither,high,0.0,high,1.0,1.0
"Rat heart, male 1 wk",MAP2K1,-1.0,-0.0261889499618602,1.59260908250568,neither,high,0.0,high,1.0,1.0
"Rat heart, male 1 wk",MARK3,-1.0,0.0654596289835719,-2.16772757918254,neither,high,0.0,high,1.0,2.0
"Rat heart, male 1 wk",MBNL2,-1.0,1.28651104675454,1.91574508769351,neither,high,0.0,high,1.0,1.0
"Rat heart, male 1 wk",MCM6,1.0,-1.50827301633221,0.300601445138305,neither,low,0.0,low,1.0,1.0
"Rat heart, male 1 wk",MEIS1,-1.0,-0.330652147641853,0.543814309055111,neither,mid,2.0,mid,1.0,1.0
"Rat heart, male 1 wk",METTL22,-1.0,0.585449258612594,-1.64268149425149,neither,mid,4.0,mid,1.0,1.0
"Rat heart, male 1 wk",MFAP4,1.0,2.10974056620247,-0.17062580067349,neither,low,0.0,high,2.0,1.0
"Rat heart, male 1 wk",MKNK2,-1.0,2.68330545405433,-1.70619718228441,neither,high,6.0,high,1.0,1.0
"Rat heart, male 1 wk",MOAP1,1.0,0.454493941905093,2.38572427138374,neither,low,6.0,high,1.0,1.0
"Rat heart, male 1 wk",MPI,1.0,1.34567737501288,1.94896302313103,neither,high,0.0,mid,1.0,1.0
"Rat heart, male 1 wk",MPP3,-1.0,0.699859914710508,0.944321786747021,neither,low,4.0,high,1.0,1.0
"Rat heart, male 1 wk",MRPL34,-1.0,0.216739217839098,0.304927463141794,neither,mid,0.0,high,1.0,1.0
"Rat heart, male 1 wk",MTCH1,-1.0,0.816745548393089,0.0531341088521015,neither,high,0.0,high,1.0,1.0
"Rat heart, male 1 wk",MTR,1.0,-0.178600242164081,-2.69000791270626,neither,mid,0.0,mid,1.0,1.0
"Rat heart, male 1 wk",MTUS2,-1.0,0.404679540777124,-0.385049556581843,neither,high,0.0,high,1.0,1.0
"Rat heart, male 1 wk",MX1,1.0,-0.536990122311109,-1.51279937231209,neither,mid,0.0,mid,1.0,1.0
"Rat heart, male 1 wk",MXI1,-1.0,1.65820977475046,1.11052337556111,neither,high,8.0,high,1.0,1.0
"Rat heart, male 1 wk",MYL7,-1.0,-0.909317854373741,0.0938996745916047,neither,high,0.0,high,1.0,1.0
"Rat heart, male 1 wk",MYO16,-1.0,0.556850879653706,-0.350020843031258,neither,low,0.0,low,1.0,1.0
"Rat heart, male 1 wk",MYOM2,1.0,-1.19713298513163,1.90899677219112,neither,high,0.0,high,1.0,1.0
"Rat heart, male 1 wk",MYOT,-1.0,1.24971572949251,3.10927239344161,neither,low,0.0,mid,2.0,1.0
"Rat heart, male 1 wk",NAA15,-1.0,1.69867511159862,0.78768383113066,neither,high,0.0,mid,1.0,1.0
"Rat heart, male 1 wk",NACC2,-1.0,0.39323686735054,2.07331275020533,neither,high,6.0,high,1.0,1.0
"Rat heart, male 1 wk",NAMPT,-1.0,4.08937880953941,1.54280464218504,RNA only,high,0.0,high,1.0,1.0
"Rat heart, male 1 wk",NCAM1,-1.0,0.21065329152694,1.69985363492183,neither,mid,0.0,high,1.0,2.0
"Rat heart, male 1 wk",NCF2,1.0,0.917914622282247,0.138162417466539,neither,low,8.0,low,1.0,1.0
"Rat heart, male 1 wk",NDRG4,-1.0,2.69584256335268,2.20203466126732,neither,high,0.0,high,1.0,1.0
"Rat heart, male 1 wk",NID1,-1.0,1.4716219376244,1.13010322860843,neither,high,0.0,high,1.0,1.0
"Rat heart, male 1 wk",NIT2,1.0,1.33784482758034,2.48248061444835,neither,mid,0.0,mid,1.0,1.0
"Rat heart, male 1 wk",NKX2-5,-1.0,-0.494074637038793,0.027646044115676,neither,high,4.0,high,1.0,1.0
"Rat heart, male 1 wk",NOS3,-1.0,-0.488555132868138,0.932785484471633,neither,high,0.0,mid,1.0,1.0
"Rat heart, male 1 wk",NPPA,1.0,-0.149985358704799,0.556254650122374,neither,high,0.0,high,1.0,1.0
"Rat heart, male 1 wk",NPPB,1.0,1.26816633918669,0.637558142339509,neither,high,0.0,high,1.0,1.0
"Rat heart, male 1 wk",NQO2,-1.0,0.184095111250593,4.22176163637871,neither,high,0.0,mid,1.0,1.0
"Rat heart, male 1 wk",NRAP,-1.0,1.81917212963348,1.8291758934118,neither,high,0.0,high,1.0,2.0
"Rat heart, male 1 wk",NUCB2,1.0,2.64727679977238,-1.68811049725512,neither,high,0.0,mid,1.0,1.0
"Rat heart, male 1 wk",NUDT3,1.0,0.0833494929091585,1.33985501013463,neither,high,0.0,high,1.0,1.0
"Rat heart, male 1 wk",NUDT4,-1.0,-0.0045284745458537,1.14666168531274,neither,high,0.0,high,1.0,1.0
"Rat heart, male 1 wk",NUP37,1.0,0.279287035002929,-0.968231520803172,neither,low,0.0,mid,1.0,1.0
"Rat heart, male 1 wk",OGDH,-1.0,1.11629235365528,1.39480321756504,neither,high,0.0,high,1.0,1.0
"Rat heart, male 1 wk",OGN,1.0,4.0107066443722,-0.39580047382346,RNA only,high,0.0,mid,2.0,1.0
"Rat heart, male 1 wk",OLFML3,1.0,-1.37066420622241,0.183849319311074,neither,mid,0.0,mid,1.0,1.0
"Rat heart, male 1 wk",P2RX5,-1.0,1.07801533452811,0.0189194425320241,neither,high,0.0,mid,1.0,1.0
"Rat heart, male 1 wk",PALMD,1.0,-0.794205518762784,1.85811436486795,neither,high,0.0,high,1.0,1.0
"Rat heart, male 1 wk",PCCB,1.0,-0.81548725101225,0.871745672913238,neither,high,0.0,high,1.0,1.0
"Rat heart, male 1 wk",PCNT,-1.0,1.97808845686638,2.07875543098842,neither,high,0.0,mid,1.0,1.0
"Rat heart, male 1 wk",PCOLCE,1.0,-0.809964423722184,0.376480824648522,neither,mid,0.0,high,1.0,1.0
"Rat heart, male 1 wk",PDK4,1.0,1.59053002015173,2.63250510575463,neither,high,0.0,high,1.0,1.0
"Rat heart, male 1 wk",PDLIM3,1.0,-0.767281564589763,1.82134116563024,neither,high,2.0,high,1.0,3.0
"Rat heart, male 1 wk",PDZD2,-1.0,-1.83735654671961,-0.53677716400038,neither,high,0.0,mid,1.0,1.0
"Rat heart, male 1 wk",PHF11,1.0,-0.0436228048446355,0.2680695744419,neither,low,8.0,mid,1.0,1.0
"Rat heart, male 1 wk",PHLDA1,1.0,-1.40343511030817,-0.609922009657314,neither,high,8.0,mid,1.0,1.0
"Rat heart, male 1 wk",PKM,1.0,4.82340387194706,3.68607684490104,RNA only,high,0.0,high,1.0,2.0
"Rat heart, male 1 wk",PLA2G2A,-1.0,-1.59763038189011,1.30458932674676,neither,mid,0.0,high,1.0,1.0
"Rat heart, male 1 wk",PLBD1,1.0,0.286300522635679,-1.55326762927092,neither,high,0.0,high,1.0,1.0
"Rat heart, male 1 wk",PLIN2,-1.0,0.68141632500805,-0.259612100972603,neither,high,0.0,high,1.0,1.0
"Rat heart, male 1 wk",PLP2,-1.0,-1.49672695572679,-4.66536567173051,neither,mid,6.0,high,1.0,1.0
"Rat heart, male 1 wk",PLXDC1,1.0,-2.04729085358909,-0.92230776355445,neither,mid,4.0,mid,1.0,1.0
"Rat heart, male 1 wk",PODXL,-1.0,-0.35996514911923,0.7154678762562,neither,high,0.0,high,1.0,1.0
"Rat heart, male 1 wk",POGLUT1,-1.0,0.893455239453743,-0.915871939088631,neither,low,0.0,mid,1.0,1.0
"Rat heart, male 1 wk",POLE3,-1.0,1.22307112358089,-0.545475457814854,neither,low,0.0,high,2.0,1.0
"Rat heart, male 1 wk",POR,-1.0,1.90392050719573,0.583229829699273,neither,high,0.0,high,1.0,1.0
"Rat heart, male 1 wk",PPL,-1.0,0.161717772224617,0.33073075284195,neither,mid,0.0,mid,1.0,1.0
"Rat heart, male 1 wk",PPP1R12B,1.0,1.11321058355246,0.858944939719427,neither,high,0.0,high,1.0,2.0
"Rat heart, male 1 wk",PPT1,1.0,1.09721150300574,-1.34765177223622,neither,mid,0.0,high,1.0,1.0
"Rat heart, male 1 wk",PRDX4,1.0,-0.512137831211428,2.13726275309146,neither,low,2.0,high,1.0,1.0
"Rat heart, male 1 wk",PRDX6,-1.0,0.717199465733491,1.44508093308448,neither,high,0.0,high,1.0,1.0
"Rat heart, male 1 wk",PSD3,1.0,-0.0276655831587085,-0.918562427500982,neither,mid,2.0,mid,1.0,1.0
"Rat heart, male 1 wk",PSMB10,1.0,-1.03280466902653,-1.10525060999465,neither,mid,0.0,high,1.0,1.0
"Rat heart, male 1 wk",PSME4,-1.0,4.17084609124527,0.578800292528491,RNA only,high,0.0,high,1.0,1.0
"Rat heart, male 1 wk",PSPH,-1.0,-0.793705602868114,-0.578176915122159,neither,low,0.0,mid,1.0,1.0
"Rat heart, male 1 wk",PTN,1.0,0.633670091525553,0.575062101273891,neither,low,6.0,high,1.0,1.0
"Rat heart, male 1 wk",PTP4A2,-1.0,1.44950749034227,0.520698182204033,neither,high,0.0,high,1.0,1.0
"Rat heart, male 1 wk",PTP4A3,-1.0,-0.844850353348585,-1.0802199291961,neither,high,8.0,high,1.0,1.0
"Rat heart, male 1 wk",PXMP2,-1.0,-0.0053153443581276,-2.09695241002686,neither,high,0.0,high,1.0,1.0
"Rat heart, male 1 wk",QSOX1,-1.0,-0.940828030846102,-0.446768711796936,neither,mid,6.0,high,1.0,1.0
"Rat heart, male 1 wk",RAB9A,-1.0,1.68871655739025,2.8678766957551,neither,mid,2.0,mid,1.0,1.0
"Rat heart, male 1 wk",RABAC1,-1.0,0.960513869501075,0.531659666427027,neither,high,4.0,high,1.0,1.0
"Rat heart, male 1 wk",RANGAP1,-1.0,-1.17851064366045,-3.55614799658565,neither,high,0.0,high,1.0,1.0
"Rat heart, male 1 wk",RBFOX1,-1.0,2.76134806473714,1.80165135099628,neither,high,2.0,mid,1.0,1.0
"Rat heart, male 1 wk",RBM10,1.0,0.02635634170466,-0.969705366822787,neither,high,0.0,high,1.0,1.0
"Rat heart, male 1 wk",RBP4,-1.0,-1.31217359998699,-2.00466239236165,neither,low,0.0,low,1.0,1.0
"Rat heart, male 1 wk",RCAN1,-1.0,-0.483767551020633,-0.308160637281511,neither,high,4.0,high,1.0,1.0
"Rat heart, male 1 wk",RCBTB2,1.0,-1.47569107265163,-1.524963125667,neither,mid,0.0,mid,1.0,1.0
"Rat heart, male 1 wk",REV1,-1.0,0.97586611890018,1.27118218066688,neither,high,2.0,high,1.0,1.0
"Rat heart, male 1 wk",RHOC,-1.0,-1.11261332122688,-0.335931259103948,neither,high,0.0,high,1.0,1.0
"Rat heart, male 1 wk",RHOT1,-1.0,1.01590115829712,0.445086287969237,neither,high,0.0,mid,1.0,1.0
"Rat heart, male 1 wk",RNASET2,1.0,-0.140495849981127,-1.93887033664326,neither,mid,0.0,mid,1.0,1.0
"Rat heart, male 1 wk",RNF14,-1.0,-0.534359241359604,-1.52412664881426,neither,high,0.0,high,1.0,1.0
"Rat heart, male 1 wk",RNF146,1.0,1.54758537978986,1.48151405305424,neither,mid,0.0,high,1.0,1.0
"Rat heart, male 1 wk",RWDD1,-1.0,2.22580673297717,0.669890731069421,neither,mid,0.0,high,1.0,1.0
"Rat heart, male 1 wk",S100A8,-1.0,0.640546790457277,0.0979451042109732,neither,low,0.0,high,1.0,1.0
"Rat heart, male 1 wk",S100A9,-1.0,1.63495077328497,1.09156094971112,neither,low,0.0,high,1.0,1.0
"Rat heart, male 1 wk",SAMHD1,-1.0,0.496770022662543,1.60933598444611,neither,low,0.0,high,1.0,1.0
"Rat heart, male 1 wk",SEC31A,1.0,0.155928225099026,-0.295615047667112,neither,high,0.0,high,1.0,1.0
"Rat heart, male 1 wk",SEC61A1,-1.0,-2.30027785845476,-0.999623837348162,neither,high,0.0,high,1.0,1.0
"Rat heart, male 1 wk",SERPINE1,-1.0,0.491420872969786,0.167325538195728,neither,high,6.0,high,1.0,1.0
"Rat heart, male 1 wk",SERPINE2,1.0,-0.99036009749647,0.627177906331178,neither,high,0.0,mid,1.0,1.0
"Rat heart, male 1 wk",SH3BGR,-1.0,-0.536471185051115,1.45036180220816,neither,high,0.0,high,2.0,1.0
"Rat heart, male 1 wk",SH3BGRL,1.0,1.03527671938715,-0.248685363325007,neither,low,0.0,high,1.0,1.0
"Rat heart, male 1 wk",SH3GL2,1.0,-0.841201671375413,0.396053654613155,neither,low,0.0,low,1.0,1.0
"Rat heart, male 1 wk",SIK1,-1.0,-0.0241497196752582,0.951698286556421,neither,mid,0.0,low,1.0,1.0
"Rat heart, male 1 wk",SLC25A11,1.0,-1.07152311433883,-0.908056061024777,neither,high,0.0,high,1.0,1.0
"Rat heart, male 1 wk",SLC25A12,-1.0,1.59155008647232,0.371007713354933,neither,high,0.0,high,1.0,1.0
"Rat heart, male 1 wk",SLC25A20,1.0,2.943141360705,0.89666471875851,neither,high,0.0,high,1.0,1.0
"Rat heart, male 1 wk",SLC30A1,1.0,-0.749659481683641,-1.05157918501768,neither,mid,0.0,mid,1.0,1.0
"Rat heart, male 1 wk",SLC39A14,-1.0,0.109749236258401,0.395290153871558,neither,high,0.0,high,1.0,1.0
"Rat heart, male 1 wk",SLCO2A1,-1.0,1.82628827622745,-2.01931672942512,neither,low,8.0,high,1.0,1.0
"Rat heart, male 1 wk",SNRPB,-1.0,-1.03662831099862,0.115790203874193,neither,high,0.0,high,1.0,1.0
"Rat heart, male 1 wk",SNX7,-1.0,0.186175013806562,-0.641412583090935,neither,low,0.0,mid,1.0,1.0
"Rat heart, male 1 wk",SORT1,-1.0,1.32948965566091,1.11120172224461,neither,high,0.0,high,1.0,1.0
"Rat heart, male 1 wk",SOS1,-1.0,1.22175726557534,-1.6628199666542,neither,high,0.0,mid,1.0,1.0
"Rat heart, male 1 wk",SPARC,1.0,-2.11960632419812,-0.982620923653139,neither,high,0.0,high,1.0,1.0
"Rat heart, male 1 wk",SPG11,1.0,0.225840334603853,0.959966083218917,neither,high,0.0,mid,1.0,1.0
"Rat heart, male 1 wk",SRGN,-1.0,0.623158974757437,1.93304078654369,neither,mid,6.0,high,1.0,1.0
"Rat heart, male 1 wk",SSPN,1.0,0.0998657984585494,2.14573630251462,neither,high,2.0,mid,1.0,1.0
"Rat heart, male 1 wk",STAT3,-1.0,-0.348640805972031,2.38545494022533,neither,high,0.0,high,1.0,1.0
"Rat heart, male 1 wk",STEAP3,-1.0,-0.160430736143998,-0.410953799474375,neither,mid,6.0,mid,1.0,1.0
"Rat heart, male 1 wk",STIP1,-1.0,0.702460117322875,2.09750888986353,neither,high,0.0,high,1.0,1.0
"Rat heart, male 1 wk",STK38L,1.0,0.297609303337216,-0.675367579685471,neither,high,0.0,mid,1.0,1.0
"Rat heart, male 1 wk",SUCLA2,1.0,1.66452225362592,2.2237823675098,neither,high,0.0,high,1.0,1.0
"Rat heart, male 1 wk",SUN2,-1.0,-1.28833861819866,-0.587652452926752,neither,high,0.0,high,1.0,1.0
"Rat heart, male 1 wk",SYNPO2L,1.0,-1.60644855424536,1.38669890114674,neither,high,0.0,high,1.0,1.0
"Rat heart, male 1 wk",TAPBPL,1.0,-1.92548807365306,-1.04063005831781,neither,mid,6.0,mid,1.0,1.0
"Rat heart, male 1 wk",TGFBR3,-1.0,0.681066277910423,-2.55771958246683,neither,high,6.0,mid,1.0,1.0
"Rat heart, male 1 wk",TGM2,-1.0,0.732202488936967,1.0313162704806,neither,high,0.0,high,1.0,1.0
"Rat heart, male 1 wk",THBS1,-1.0,-1.29018839570007,2.23304892570721,neither,mid,0.0,high,1.0,1.0
"Rat heart, male 1 wk",THBS2,1.0,-0.03908827998455,-1.48216473506193,neither,high,6.0,mid,1.0,1.0
"Rat heart, male 1 wk",THBS4,1.0,-0.491128068584598,0.773889252086291,neither,mid,0.0,high,1.0,1.0
"Rat heart, male 1 wk",TIE1,1.0,-1.6455176630811,-0.127984567850935,neither,high,8.0,high,1.0,1.0
"Rat heart, male 1 wk",TIMP3,-1.0,0.569232264274537,2.18867541277759,neither,high,0.0,high,1.0,1.0
"Rat heart, male 1 wk",TLN1,1.0,0.171397792781589,1.85889537404853,neither,high,0.0,high,1.0,1.0
"Rat heart, male 1 wk",TMEM38B,-1.0,-0.396249749706378,0.777369080491711,neither,mid,4.0,mid,1.0,1.0
"Rat heart, male 1 wk",TMSB4X,1.0,-1.23702043353478,0.0077645760766616,neither,high,0.0,high,1.0,1.0
"Rat heart, male 1 wk",TNNI1,1.0,-1.0185416822109,0.54911209176201,neither,low,0.0,low,1.0,1.0
"Rat heart, male 1 wk",TPCN1,1.0,0.329062270767024,0.186828448665164,neither,high,0.0,high,1.0,1.0
"Rat heart, male 1 wk",TPPP3,1.0,-0.967649679510751,-0.652995864322077,neither,mid,0.0,mid,1.0,1.0
"Rat heart, male 1 wk",TPRKB,-1.0,-1.20171968724675,-0.319002282216448,neither,low,0.0,high,2.0,1.0
"Rat heart, male 1 wk",TRDN,-1.0,1.18764059608853,0.351681916099481,neither,high,0.0,high,1.0,1.0
"Rat heart, male 1 wk",TRMT5,1.0,-1.75894504777085,0.193768170492474,neither,low,0.0,low,1.0,1.0
"Rat heart, male 1 wk",TUBA4A,-1.0,-0.180564342319614,1.02055285847506,neither,high,0.0,high,1.0,1.0
"Rat heart, male 1 wk",TUBG1,-1.0,-0.605558940614245,0.493883472275496,neither,high,0.0,high,1.0,1.0
"Rat heart, male 1 wk",TXNIP,1.0,-0.375685859367187,2.50802232697802,neither,high,0.0,high,1.0,1.0
"Rat heart, male 1 wk",TXNRD1,-1.0,1.20889592856969,4.5345795210091,neither,high,0.0,high,1.0,1.0
"Rat heart, male 1 wk",UAP1,-1.0,-0.574510184047593,1.11389239556467,neither,high,0.0,high,1.0,1.0
"Rat heart, male 1 wk",UBFD1,-1.0,-0.867609445175646,-0.288753623308517,neither,mid,0.0,high,1.0,1.0
"Rat heart, male 1 wk",UBQLN2,1.0,0.29967818306175,-1.39113152845062,neither,high,0.0,high,1.0,1.0
"Rat heart, male 1 wk",UFSP2,1.0,1.61081959072526,0.387179702957775,neither,mid,0.0,high,1.0,1.0
"Rat heart, male 1 wk",UGP2,-1.0,3.37330862104324,0.756471634607562,neither,high,0.0,high,1.0,2.0
"Rat heart, male 1 wk",VCAN,1.0,-0.494044869135255,0.745208679792194,neither,high,0.0,mid,1.0,1.0
"Rat heart, male 1 wk",VEZF1,-1.0,0.843117400432517,-1.00675590696539,neither,high,0.0,high,1.0,1.0
"Rat heart, male 1 wk",VPS13D,-1.0,1.91897365358843,1.98642613805563,neither,high,0.0,mid,1.0,1.0
"Rat heart, male 1 wk",VTN,1.0,0.184846993090306,-2.37436020831799,neither,high,0.0,high,1.0,1.0
"Rat heart, male 1 wk",WFS1,1.0,-1.38935631267389,0.463820965842924,neither,high,0.0,high,1.0,1.0
"Rat heart, male 1 wk",XRCC4,-1.0,-0.492831802622668,0.821548616793985,neither,mid,0.0,low,1.0,1.0
"Rat heart, male 1 wk",YBX3,-1.0,-1.05801677043247,-0.0346934386697285,neither,high,0.0,high,1.0,1.0
"Rat heart, male 1 wk",YEATS2,1.0,-0.606209507616511,0.441089386430282,neither,mid,4.0,mid,1.0,1.0
"Rat heart, male 1 wk",ZBTB16,1.0,0.850483578138534,1.58079458887155,neither,high,0.0,mid,1.0,1.0
"Rat heart, male 2 wk",ABHD5,-1.0,-0.422355541856069,1.44928638274996,neither,mid,0.0,mid,1.0,1.0
"Rat heart, male 2 wk",ABL1,-1.0,-2.18203853574892,1.47976405510119,neither,high,0.0,high,2.0,1.0
"Rat heart, male 2 wk",ACSS3,-1.0,-0.156605594800627,0.338199177038139,neither,low,0.0,mid,1.0,1.0
"Rat heart, male 2 wk",ACTA1,-1.0,-3.08980979831811,-0.308704437985698,neither,high,0.0,high,1.0,1.0
"Rat heart, male 2 wk",ADAMTS1,-1.0,0.631304196305219,1.2957827511028,neither,high,6.0,high,1.0,1.0
"Rat heart, male 2 wk",ADAMTSL3,1.0,-1.40117796039291,-0.816193746971878,neither,mid,0.0,low,1.0,1.0
"Rat heart, male 2 wk",ADD3,1.0,0.214774971796747,-0.383106804142445,neither,high,0.0,high,1.0,1.0
"Rat heart, male 2 wk",ADH5,1.0,-0.684173969040751,-1.80152332492758,neither,high,0.0,high,1.0,1.0
"Rat heart, male 2 wk",ALAS1,1.0,-1.45011426471752,-0.713657691789669,neither,high,0.0,high,1.0,1.0
"Rat heart, male 2 wk",ALDH5A1,1.0,1.63100478831023,3.55689385704718,neither,high,0.0,mid,1.0,1.0
"Rat heart, male 2 wk",ALDH9A1,1.0,1.15081561894104,1.59297014984405,neither,high,0.0,high,1.0,1.0
"Rat heart, male 2 wk",AMD1,-1.0,1.01396676345254,2.46559483891861,neither,high,2.0,high,1.0,1.0
"Rat heart, male 2 wk",ANK1,1.0,0.209195627902221,-2.70697938052434,neither,high,0.0,mid,1.0,2.0
"Rat heart, male 2 wk",ANKMY2,1.0,-0.886252731436105,-3.20749225495071,neither,high,0.0,high,1.0,1.0
"Rat heart, male 2 wk",ANKRD1,-1.0,0.343268574497428,0.99834706035291,neither,high,0.0,high,1.0,2.0
"Rat heart, male 2 wk",ANP32E,1.0,0.0700706987678236,-0.466959651181799,neither,high,0.0,high,1.0,1.0
"Rat heart, male 2 wk",ANXA4,1.0,0.731797556280201,-2.16661654244636,neither,high,0.0,mid,1.0,1.0
"Rat heart, male 2 wk",ANXA6,1.0,-2.13758765002452,-1.39893517389983,neither,high,0.0,high,1.0,2.0
"Rat heart, male 2 wk",AOX1,-1.0,0.280324744862422,0.0807749953706102,neither,mid,0.0,low,1.0,1.0
"Rat heart, male 2 wk",AP1S2,-1.0,3.79409294646926,0.521584886754729,RNA only,high,0.0,high,1.0,1.0
"Rat heart, male 2 wk",AP2B1,1.0,-0.550122092183688,-0.756522149276746,neither,high,0.0,high,1.0,1.0
"Rat heart, male 2 wk",AP3M2,1.0,1.81073877713931,-0.239115673604846,neither,low,0.0,mid,1.0,1.0
"Rat heart, male 2 wk",ARHGAP15,1.0,0.175786288221073,-2.70851245730314,neither,low,8.0,low,1.0,1.0
"Rat heart, male 2 wk",ARHGDIB,1.0,0.367361378601963,-0.402356254720121,neither,high,0.0,high,1.0,1.0
"Rat heart, male 2 wk",ARMCX3,1.0,0.0947734385208865,-0.941419329226629,neither,high,2.0,high,1.0,1.0
"Rat heart, male 2 wk",ASMTL,1.0,0.457017102097241,1.7095095590552,neither,mid,0.0,high,1.0,2.0
"Rat heart, male 2 wk",ASPN,1.0,1.95693223065216,-0.856322118296099,neither,low,0.0,mid,2.0,1.0
"Rat heart, male 2 wk",ATP1A1,-1.0,-2.70053156669141,1.06825038427379,neither,high,0.0,high,1.0,1.0
"Rat heart, male 2 wk",ATP1A2,-1.0,1.44818234785322,0.817691363103741,neither,high,0.0,high,1.0,1.0
"Rat heart, male 2 wk",ATP1A3,1.0,4.47259680381402,0.632208971551008,RNA only,mid,0.0,high,1.0,1.0
"Rat heart, male 2 wk",ATP1B1,-1.0,1.38779704122576,1.20892908737808,neither,high,0.0,high,1.0,1.0
"Rat heart, male 2 wk",ATP1B3,-1.0,-0.221974541020043,-0.0679233984596142,neither,high,0.0,high,1.0,1.0
"Rat heart, male 2 wk",ATP2A2,-1.0,1.32477812316021,0.45754913020903,neither,high,0.0,high,1.0,2.0
"Rat heart, male 2 wk",AUTS2,1.0,1.53581121463667,-1.38600014212021,neither,mid,2.0,low,1.0,1.0
"Rat heart, male 2 wk",BAG2,-1.0,-0.533835718074333,1.41890117654512,neither,mid,0.0,mid,1.0,1.0
"Rat heart, male 2 wk",BASP1,1.0,-0.646074046118916,0.449407754420322,neither,low,0.0,low,1.0,1.0
"Rat heart, male 2 wk",BCL2L1,-1.0,-0.501871682266952,0.369010395781319,neither,high,0.0,high,1.0,1.0
"Rat heart, male 2 wk",BGN,1.0,-0.266795425954539,-0.502300872361577,neither,high,0.0,high,1.0,1.0
"Rat heart, male 2 wk",BLM,-1.0,-0.366381202828722,-1.93812565144252,neither,low,4.0,low,1.0,1.0
"Rat heart, male 2 wk",BRD4,-1.0,-0.407323677326648,-1.80946231822388,neither,high,0.0,high,1.0,1.0
"Rat heart, male 2 wk",C3,-1.0,-0.672440320723654,-4.09050807669561,protein only,low,0.0,high,1.0,1.0
"Rat heart, male 2 wk",C4A,-1.0,-1.42825826502925,-1.0555151422745,neither,mid,0.0,low,2.0,1.0
"Rat heart, male 2 wk",C6,1.0,-1.47861250464227,-1.99547417151234,neither,low,0.0,high,1.0,2.0
"Rat heart, male 2 wk",CALU,-1.0,0.894200515276553,0.403649652358262,neither,high,0.0,high,1.0,1.0
"Rat heart, male 2 wk",CCNG1,-1.0,5.44182318647023,1.12306543929446,RNA only,high,4.0,high,1.0,1.0
"Rat heart, male 2 wk",CCT2,-1.0,-0.288765107900918,0.253488689572367,neither,high,0.0,high,1.0,1.0
"Rat heart, male 2 wk",CD163,-1.0,0.813921330439027,0.281226889747736,neither,high,0.0,mid,1.0,1.0
"Rat heart, male 2 wk",CD59,-1.0,1.19390220885727,-0.831942131116857,neither,high,0.0,high,1.0,1.0
"Rat heart, male 2 wk",CD74,1.0,0.924108915706616,1.22319051027994,neither,high,0.0,high,1.0,1.0
"Rat heart, male 2 wk",CDC37L1,-1.0,-0.0747145475160069,1.87709189128089,neither,high,0.0,high,1.0,1.0
"Rat heart, male 2 wk",CDV3,-1.0,3.10623400997217,0.210534046787303,neither,high,0.0,high,1.0,1.0
"Rat heart, male 2 wk",CETN3,1.0,1.47455631587599,-0.845258921155981,neither,mid,0.0,mid,2.0,1.0
"Rat heart, male 2 wk",CHORDC1,-1.0,2.32115195590104,3.09881872686559,neither,high,0.0,mid,1.0,1.0
"Rat heart, male 2 wk",CLIC4,-1.0,-1.43404315730748,0.638018579939109,neither,high,0.0,high,1.0,1.0
"Rat heart, male 2 wk",CLIP1,-1.0,2.68495462268805,1.69439934103758,neither,high,0.0,high,1.0,3.0
"Rat heart, male 2 wk",CLTB,-1.0,0.588316596787029,-1.30393449119633,neither,high,0.0,high,1.0,1.0
"Rat heart, male 2 wk",CLU,-1.0,-1.38857327134605,-2.4051314880571,neither,high,0.0,high,1.0,1.0
"Rat heart, male 2 wk",CMC2,-1.0,1.63931473389137,0.925763034522518,neither,low,0.0,mid,1.0,1.0
"Rat heart, male 2 wk",CNN1,-1.0,0.770639811917747,-1.81764541835513,neither,low,0.0,high,1.0,1.0
"Rat heart, male 2 wk",COA4,-1.0,-0.947799607505602,-0.0151592350912124,neither,low,0.0,high,1.0,1.0
"Rat heart, male 2 wk",COBL,-1.0,-1.40695450503141,-2.72635615607764,neither,mid,0.0,high,1.0,1.0
"Rat heart, male 2 wk",COL15A1,1.0,-4.01553202116042,-1.40061911048525,RNA only,high,0.0,high,2.0,1.0
"Rat heart, male 2 wk",COL16A1,1.0,-0.398651902779271,-0.546975977912744,neither,mid,0.0,mid,1.0,1.0
"Rat heart, male 2 wk",COL1A1,1.0,-1.50483025664654,-0.0052813428849467,neither,high,0.0,high,1.0,1.0
"Rat heart, male 2 wk",COL1A2,1.0,-1.5558386833162,-0.0108571525416128,neither,high,0.0,high,2.0,1.0
"Rat heart, male 2 wk",COL3A1,1.0,-1.00185600560831,0.14736359832404,neither,high,0.0,high,1.0,1.0
"Rat heart, male 2 wk",COL5A1,1.0,-1.5781283425634,-0.452191488694273,neither,high,0.0,mid,1.0,1.0
"Rat heart, male 2 wk",COL5A2,1.0,-0.835080096987727,0.770824318924718,neither,high,0.0,mid,1.0,1.0
"Rat heart, male 2 wk",COMP,1.0,-1.86060187885635,-1.23574230095054,neither,low,4.0,low,1.0,1.0
"Rat heart, male 2 wk",CORIN,1.0,-3.11612542881219,-2.15299798164411,neither,high,0.0,high,1.0,2.0
"Rat heart, male 2 wk",COX17,-1.0,2.93948373871208,3.8274158839965,neither,high,0.0,high,1.0,1.0
"Rat heart, male 2 wk",CPE,1.0,-1.14155179386503,1.32151130571675,neither,high,0.0,high,1.0,1.0
"Rat heart, male 2 wk",CPT2,1.0,1.98683192559378,3.13647943494318,neither,high,0.0,high,1.0,1.0
"Rat heart, male 2 wk",CRIM1,-1.0,0.195857457247103,-0.196190178400385,neither,high,6.0,high,1.0,1.0
"Rat heart, male 2 wk",CRISPLD2,-1.0,-0.197749517154738,-0.331032140750704,neither,high,8.0,high,1.0,1.0
"Rat heart, male 2 wk",CRYM,1.0,-0.0523834001292728,3.14338201171961,neither,high,0.0,high,1.0,1.0
"Rat heart, male 2 wk",CSDC2,-1.0,2.67867852323446,3.83174933764509,neither,high,2.0,high,1.0,1.0
"Rat heart, male 2 wk",CTSD,1.0,3.20831313539947,-2.94578259608283,neither,high,0.0,high,1.0,1.0
"Rat heart, male 2 wk",CTSH,1.0,-2.7658866842843,-1.76128318851055,neither,high,0.0,high,1.0,1.0
"Rat heart, male 2 wk",CYP4B1,-1.0,0.936480990191624,-0.914674225787076,neither,high,0.0,high,1.0,1.0
"Rat heart, male 2 wk",DAZAP1,-1.0,0.765166732300856,0.533570874296547,neither,high,0.0,high,1.0,1.0
"Rat heart, male 2 wk",DCP2,1.0,-1.89440508433203,-1.71975333926357,neither,low,8.0,low,2.0,1.0
"Rat heart, male 2 wk",DDX39A,-1.0,-0.971428765139378,0.605469323209734,neither,mid,0.0,high,1.0,1.0
"Rat heart, male 2 wk",DENND1B,1.0,-2.01070779605874,0.484200717224608,neither,mid,0.0,low,1.0,1.0
"Rat heart, male 2 wk",DERL1,-1.0,-1.01893602946289,1.79670377029845,neither,high,4.0,high,1.0,1.0
"Rat heart, male 2 wk",DLG1,-1.0,2.07188297286315,-0.0101806554735664,neither,high,0.0,mid,1.0,1.0
"Rat heart, male 2 wk",DLST,1.0,2.01251110998858,3.09091782530356,neither,high,0.0,high,1.0,1.0
"Rat heart, male 2 wk",DMPK,-1.0,-0.510811387598761,1.04757903977304,neither,high,4.0,high,1.0,2.0
"Rat heart, male 2 wk",DNAJC15,-1.0,1.59712975139963,4.84257165470742,protein only,high,2.0,mid,1.0,1.0
"Rat heart, male 2 wk",DPM1,1.0,3.60437849352931,-0.607849734476894,RNA only,mid,0.0,high,1.0,1.0
"Rat heart, male 2 wk",DPYSL3,1.0,-1.60136879906112,-1.57601846135985,neither,mid,0.0,mid,1.0,1.0
"Rat heart, male 2 wk",DVL1,-1.0,-1.5200492082004,0.247603475269853,neither,high,2.0,high,1.0,1.0
"Rat heart, male 2 wk",EDNRA,1.0,-0.0268859784045646,-0.941148557463673,neither,high,6.0,mid,1.0,1.0
"Rat heart, male 2 wk",EFEMP1,1.0,-1.78159078815703,0.822105813366937,neither,mid,0.0,high,1.0,1.0
"Rat heart, male 2 wk",EGLN1,-1.0,0.730289444469016,0.502637918667707,neither,high,0.0,high,1.0,1.0
"Rat heart, male 2 wk",EHBP1L1,-1.0,0.0170175365786128,-1.42768979232433,neither,high,0.0,high,1.0,1.0
"Rat heart, male 2 wk",EHD3,1.0,0.045350264855723,0.163903531403241,neither,mid,0.0,high,1.0,1.0
"Rat heart, male 2 wk",EIF1AX,-1.0,0.286969806466909,-0.73471957373919,neither,high,0.0,high,1.0,1.0
"Rat heart, male 2 wk",EIF1AY,1.0,0.101968842509087,1.01281733741305,neither,mid,2.0,high,1.0,1.0
"Rat heart, male 2 wk",EMC2,1.0,1.34223964094544,-0.147818352278498,neither,mid,0.0,high,1.0,1.0
"Rat heart, male 2 wk",EMC6,-1.0,-0.0401276023761713,0.803206664895241,neither,high,8.0,high,1.0,1.0
"Rat heart, male 2 wk",EPB41L2,1.0,-0.944864879244222,-0.863184150652607,neither,high,0.0,high,1.0,1.0
"Rat heart, male 2 wk",EPHX2,1.0,2.73592902110879,5.03172498176093,protein only,high,0.0,mid,1.0,2.0
"Rat heart, male 2 wk",EPM2AIP1,1.0,0.902171988296399,-1.27102528859985,neither,high,0.0,mid,1.0,1.0
"Rat heart, male 2 wk",EPN3,-1.0,0.840007871558628,1.15696681407384,neither,mid,0.0,mid,1.0,1.0
"Rat heart, male 2 wk",ERLIN2,1.0,0.389678433279035,-0.701917114356783,neither,high,0.0,mid,1.0,1.0
"Rat heart, male 2 wk",EVL,1.0,-0.0784433200843644,-2.3150396625479,neither,mid,0.0,mid,1.0,1.0
"Rat heart, male 2 wk",F5,1.0,-1.63169089208667,-0.675399262130049,neither,low,0.0,low,1.0,1.0
"Rat heart, male 2 wk",FAM13A,1.0,1.27913866636519,1.81687562032811,neither,high,4.0,low,1.0,1.0
"Rat heart, male 2 wk",FASN,-1.0,-1.03760383190942,-2.22195854474737,neither,mid,0.0,mid,1.0,1.0
"Rat heart, male 2 wk",FBLN2,1.0,-0.340643100940713,-1.67010743811827,neither,high,0.0,high,1.0,1.0
"Rat heart, male 2 wk",FBN1,1.0,-1.83858128675595,0.200310185748113,neither,high,0.0,mid,1.0,1.0
"Rat heart, male 2 wk",FBXO40,1.0,4.55559807324596,2.80135327578322,RNA only,high,0.0,high,1.0,1.0
"Rat heart, male 2 wk",FCGRT,1.0,-2.15671428936937,-0.213832870595926,neither,high,8.0,high,1.0,1.0
"Rat heart, male 2 wk",FCN3,-1.0,0.454544713082434,-1.5852966449212,neither,low,0.0,high,1.0,1.0
"Rat heart, male 2 wk",FERMT2,-1.0,-0.0533944163862077,-1.27594983001277,neither,high,4.0,high,1.0,2.0
"Rat heart, male 2 wk",FGF1,1.0,1.23279858518214,1.92573843460697,neither,high,0.0,mid,1.0,1.0
"Rat heart, male 2 wk",FGF12,1.0,-1.23303545490879,-0.275481164238478,neither,mid,0.0,high,1.0,1.0
"Rat heart, male 2 wk",FHOD3,1.0,-1.73594219818986,0.350805487850186,neither,high,0.0,high,1.0,1.0
"Rat heart, male 2 wk",FKBP4,-1.0,0.235959089727148,0.163003289161222,neither,high,0.0,high,1.0,1.0
"Rat heart, male 2 wk",FKBP5,-1.0,0.154963866341772,6.50661767390965,protein only,high,0.0,high,1.0,1.0
"Rat heart, male 2 wk",FLII,-1.0,-0.651982708607152,-1.22554983587918,neither,high,0.0,high,1.0,2.0
"Rat heart, male 2 wk",FLNC,-1.0,-0.802016104806702,-0.460930515052131,neither,high,0.0,high,1.0,1.0
"Rat heart, male 2 wk",FMOD,1.0,-1.53467608889564,0.384588497008365,neither,mid,0.0,mid,1.0,1.0
"Rat heart, male 2 wk",FNBP1L,1.0,0.474061282560199,1.04711277913535,neither,mid,0.0,mid,1.0,1.0
"Rat heart, male 2 wk",FRZB,1.0,0.109798191819153,-1.27403680519674,neither,low,0.0,low,1.0,1.0
"Rat heart, male 2 wk",FSTL1,1.0,-1.56251526418097,-0.897907313781588,neither,high,2.0,high,1.0,1.0
"Rat heart, male 2 wk",FUCA1,1.0,-1.1079009273763,-2.28073486756809,neither,mid,0.0,mid,1.0,1.0
"Rat heart, male 2 wk",GALNT11,1.0,0.101637026331706,-0.553135372936065,neither,high,8.0,mid,1.0,1.0
"Rat heart, male 2 wk",GATM,1.0,-0.731314314106534,1.44179751093197,neither,mid,0.0,mid,1.0,1.0
"Rat heart, male 2 wk",GCLM,-1.0,0.949953809520891,-2.43653317235496,neither,mid,0.0,low,1.0,1.0
"Rat heart, male 2 wk",GLOD4,1.0,-0.128274590422991,-0.28374165277903,neither,mid,0.0,mid,1.0,1.0
"Rat heart, male 2 wk",GLRX,1.0,-0.0654109380989192,1.45656337877378,neither,mid,0.0,high,1.0,1.0
"Rat heart, male 2 wk",GLRX2,-1.0,1.56183392779233,1.36007486476156,neither,mid,0.0,high,1.0,1.0
"Rat heart, male 2 wk",GLUL,-1.0,2.05050628135594,1.42063195975972,neither,high,0.0,high,1.0,1.0
"Rat heart, male 2 wk",GMPR,-1.0,0.891491567549037,-2.67518766080295,neither,high,0.0,high,1.0,1.0
"Rat heart, male 2 wk",GNL3,-1.0,0.493655441219323,-1.23157817895391,neither,mid,0.0,high,1.0,1.0
"Rat heart, male 2 wk",GPD1L,-1.0,1.54555655796416,1.02885050919269,neither,high,0.0,high,1.0,1.0
"Rat heart, male 2 wk",GPX3,-1.0,1.0011932809112,-2.80846616866522,neither,high,0.0,high,1.0,1.0
"Rat heart, male 2 wk",GSTT1,1.0,0.742659556483676,-0.981916771321247,neither,low,8.0,,1.0,1.0
"Rat heart, male 2 wk",GTF2E1,1.0,-0.53273407457085,-1.28040102890808,neither,mid,6.0,low,1.0,1.0
"Rat heart, male 2 wk",GTF2IRD1,-1.0,0.815987637339792,-1.65513421295309,neither,low,4.0,mid,2.0,1.0
"Rat heart, male 2 wk",GTPBP6,-1.0,-0.203675116549959,1.95634990519562,neither,mid,0.0,high,2.0,1.0
"Rat heart, male 2 wk",HBA1,1.0,-1.85634563296181,-1.64000986736827,neither,mid,0.0,mid,2.0,1.0
"Rat heart, male 2 wk",HBB,1.0,-3.20639039300001,-1.28193958023077,neither,mid,0.0,high,1.0,1.0
"Rat heart, male 2 wk",HBD,1.0,-2.0916155522341,-1.87299942782377,neither,low,0.0,low,2.0,1.0
"Rat heart, male 2 wk",HEG1,1.0,-1.73533499329349,-0.411084427175742,neither,high,2.0,high,1.0,1.0
"Rat heart, male 2 wk",HERC6,1.0,0.912019383101972,0.492627215106924,neither,mid,2.0,mid,1.0,1.0
"Rat heart, male 2 wk",HLTF,1.0,-0.299999547561145,-0.741356441232618,neither,high,0.0,mid,1.0,1.0
"Rat heart, male 2 wk",HMGCL,1.0,1.35393568453901,1.36684931741437,neither,high,0.0,mid,1.0,1.0
"Rat heart, male 2 wk",HMGN1,1.0,-2.07499368429532,-1.53656641089378,neither,high,0.0,high,2.0,1.0
"Rat heart, male 2 wk",HMGN2,1.0,-3.41862504304451,-1.54334803475543,neither,high,0.0,high,1.0,1.0
"Rat heart, male 2 wk",HMOX2,-1.0,-1.06031843788883,-0.044484828582118,neither,high,0.0,high,1.0,1.0
"Rat heart, male 2 wk",HOPX,-1.0,1.11622961495602,0.720113877647361,neither,mid,0.0,mid,1.0,1.0
"Rat heart, male 2 wk",HPRT1,1.0,0.769872980838898,0.139762690937636,neither,mid,0.0,high,2.0,1.0
"Rat heart, male 2 wk",HSP90AA1,-1.0,0.945890574409145,2.47513648508884,neither,high,0.0,high,2.0,1.0
"Rat heart, male 2 wk",HSPA2,1.0,0.602503959937425,-0.390481160642431,neither,low,0.0,mid,1.0,1.0
"Rat heart, male 2 wk",HSPA5,1.0,-3.51381151842306,0.0804387455740615,RNA only,high,0.0,high,1.0,1.0
"Rat heart, male 2 wk",HSPB2,-1.0,-1.0560033294328,-0.220431441829092,neither,high,0.0,high,1.0,1.0
"Rat heart, male 2 wk",HSPB6,1.0,4.92352324096841,2.51376395889781,RNA only,high,0.0,high,1.0,1.0
"Rat heart, male 2 wk",HTRA1,1.0,0.568335898883619,-0.795177180115935,neither,high,0.0,high,1.0,1.0
"Rat heart, male 2 wk",IFI44L,1.0,0.076875069272947,-3.84823833710109,neither,low,8.0,mid,1.0,1.0
"Rat heart, male 2 wk",IFIT3,1.0,1.26073753952423,-2.05219284891388,neither,mid,0.0,mid,1.0,1.0
"Rat heart, male 2 wk",IL1RL1,-1.0,0.137851192515734,0.788917174905153,neither,low,0.0,mid,1.0,1.0
"Rat heart, male 2 wk",IRS1,-1.0,-0.689004451389294,-0.0525607560223835,neither,high,0.0,mid,1.0,1.0
"Rat heart, male 2 wk",IRS2,-1.0,-1.88839283471187,-0.153802439581619,neither,high,0.0,mid,1.0,1.0
"Rat heart, male 2 wk",ITFG1,1.0,0.917351342776279,-0.27189369752788,neither,high,2.0,mid,1.0,1.0
"Rat heart, male 2 wk",ITGA5,-1.0,0.534083577924888,1.43449628380032,neither,high,0.0,high,1.0,1.0
"Rat heart, male 2 wk",IVNS1ABP,1.0,6.99233383248618,5.16882728957442,"both, same sign",high,0.0,high,1.0,1.0
"Rat heart, male 2 wk",JAK2,1.0,0.345420769202503,0.649345835499145,neither,mid,0.0,mid,1.0,1.0
"Rat heart, male 2 wk",JUP,-1.0,-0.165086388497011,1.04514309899961,neither,high,0.0,high,1.0,1.0
"Rat heart, male 2 wk",KCNIP2,-1.0,3.26283119067574,0.440900108565788,neither,high,8.0,high,2.0,1.0
"Rat heart, male 2 wk",KLF4,-1.0,-1.49883627130145,0.0861588131385678,neither,high,0.0,high,1.0,1.0
"Rat heart, male 2 wk",KLHL21,-1.0,0.136662208883699,0.252190995328766,neither,high,2.0,high,1.0,1.0
"Rat heart, male 2 wk",KLHL41,-1.0,-1.90768771394203,-0.724843772738995,neither,high,0.0,high,1.0,1.0
"Rat heart, male 2 wk",KPNA2,-1.0,0.0709730742339721,-0.492491722608351,neither,high,0.0,mid,1.0,1.0
"Rat heart, male 2 wk",LAMB1,1.0,-1.98392807301376,0.33018694927703,neither,high,0.0,high,1.0,1.0
"Rat heart, male 2 wk",LARP6,-1.0,0.0647706176006992,0.743318941000368,neither,low,4.0,high,1.0,1.0
"Rat heart, male 2 wk",LMCD1,-1.0,1.77947339909545,-0.67780307534002,neither,high,0.0,mid,1.0,1.0
"Rat heart, male 2 wk",LOXL1,1.0,-1.82980027010455,-1.73955784289759,neither,mid,0.0,high,1.0,1.0
"Rat heart, male 2 wk",LPIN1,-1.0,3.51461429173318,6.34242624641736,"both, same sign",high,0.0,high,1.0,1.0
"Rat heart, male 2 wk",LRRC49,1.0,0.597007891228346,-1.15228009990139,neither,mid,4.0,mid,1.0,1.0
"Rat heart, male 2 wk",LRRC59,-1.0,0.184028232683939,-0.485633705199227,neither,high,0.0,high,1.0,1.0
"Rat heart, male 2 wk",LSAMP,-1.0,-0.893547799308321,-2.60970642961891,neither,mid,0.0,low,1.0,1.0
"Rat heart, male 2 wk",LSP1,1.0,-0.0967393464723054,-0.827478474188072,neither,mid,0.0,mid,1.0,1.0
"Rat heart, male 2 wk",LTBP1,1.0,-1.924433133518,-1.85904414609423,neither,high,0.0,high,1.0,1.0
"Rat heart, male 2 wk",LTBP2,1.0,-1.85765219655603,0.805234861495229,neither,mid,0.0,high,1.0,1.0
"Rat heart, male 2 wk",LUM,1.0,-1.40403227787981,-1.00653607247114,neither,high,0.0,high,1.0,1.0
"Rat heart, male 2 wk",LYVE1,-1.0,-1.00193123505405,0.0722506791605451,neither,high,2.0,mid,1.0,1.0
"Rat heart, male 2 wk",MAFF,-1.0,1.79688246273498,0.355846388446573,neither,mid,0.0,mid,1.0,1.0
"Rat heart, male 2 wk",MAGED1,1.0,-1.48580865159475,-0.0274660999902977,neither,high,0.0,high,1.0,1.0
"Rat heart, male 2 wk",MAGED2,1.0,-0.758357009264486,-0.157375661668114,neither,mid,0.0,high,1.0,1.0
"Rat heart, male 2 wk",MAP1LC3B,-1.0,2.16809095692316,-1.54236001554216,neither,high,0.0,high,1.0,1.0
"Rat heart, male 2 wk",MAP2K1,-1.0,-0.927548297888169,0.527494441939055,neither,high,0.0,high,1.0,1.0
"Rat heart, male 2 wk",MARK3,-1.0,1.05508215592001,-1.30621399207937,neither,high,0.0,high,1.0,2.0
"Rat heart, male 2 wk",MBNL2,-1.0,0.972725831847499,-0.404029883817747,neither,high,0.0,high,1.0,1.0
"Rat heart, male 2 wk",MCM6,1.0,-0.952677633608595,1.53118865296307,neither,low,0.0,low,1.0,1.0
"Rat heart, male 2 wk",MEIS1,-1.0,-0.0044452223627294,1.4258178606091,neither,mid,2.0,mid,1.0,1.0
"Rat heart, male 2 wk",METTL22,-1.0,-1.00626317675971,-1.99788896289387,neither,mid,4.0,mid,1.0,1.0
"Rat heart, male 2 wk",MFAP4,1.0,-1.44392099478609,-0.286686390842416,neither,low,0.0,high,2.0,1.0
"Rat heart, male 2 wk",MKNK2,-1.0,3.20286703770901,-0.16338971638179,neither,high,6.0,high,1.0,1.0
"Rat heart, male 2 wk",MOAP1,1.0,1.28459929561674,2.67291321061133,neither,low,6.0,high,1.0,1.0
"Rat heart, male 2 wk",MPI,1.0,0.59022743863039,2.02639138117485,neither,high,0.0,mid,1.0,1.0
"Rat heart, male 2 wk",MPP3,-1.0,-0.753520252262696,2.27325669539105,neither,low,4.0,high,1.0,1.0
"Rat heart, male 2 wk",MRPL34,-1.0,-1.24222927047461,0.770609977544603,neither,mid,0.0,high,1.0,1.0
"Rat heart, male 2 wk",MTCH1,-1.0,-0.629799728803567,-0.181600707483914,neither,high,0.0,high,1.0,1.0
"Rat heart, male 2 wk",MTR,1.0,-1.24051248013961,-1.31313273093705,neither,mid,0.0,mid,1.0,1.0
"Rat heart, male 2 wk",MTUS2,-1.0,-0.1964652879736,1.19410219065434,neither,high,0.0,high,1.0,1.0
"Rat heart, male 2 wk",MX1,1.0,0.233976030388627,0.0968945300439623,neither,mid,0.0,mid,1.0,1.0
"Rat heart, male 2 wk",MXI1,-1.0,0.832320153537751,0.860691769418583,neither,high,8.0,high,1.0,1.0
"Rat heart, male 2 wk",MYL7,-1.0,-1.79163901123737,0.400236411533727,neither,high,0.0,high,1.0,1.0
"Rat heart, male 2 wk",MYO16,-1.0,-0.545464503463949,-0.571572143399692,neither,low,0.0,low,1.0,1.0
"Rat heart, male 2 wk",MYOM2,1.0,-0.509330915833528,1.5992973284253,neither,high,0.0,high,1.0,1.0
"Rat heart, male 2 wk",MYOT,-1.0,2.25404040165508,3.35688470015233,neither,low,0.0,mid,2.0,1.0
"Rat heart, male 2 wk",NAA15,-1.0,1.88900697548805,0.693438683453302,neither,high,0.0,mid,1.0,1.0
"Rat heart, male 2 wk",NACC2,-1.0,-0.731392697268098,-0.398025379257703,neither,high,6.0,high,1.0,1.0
"Rat heart, male 2 wk",NAMPT,-1.0,4.91370810714989,1.07380872634657,RNA only,high,0.0,high,1.0,1.0
"Rat heart, male 2 wk",NCAM1,-1.0,-0.470084229186464,1.75308241215428,neither,mid,0.0,high,1.0,2.0
"Rat heart, male 2 wk",NCF2,1.0,-0.254757034202242,-0.667818378807798,neither,low,8.0,low,1.0,1.0
"Rat heart, male 2 wk",NDRG4,-1.0,3.75429771486205,0.564362409800757,RNA only,high,0.0,high,1.0,1.0
"Rat heart, male 2 wk",NID1,-1.0,-0.579207557635174,0.563489102216764,neither,high,0.0,high,1.0,1.0
"Rat heart, male 2 wk",NIT2,1.0,2.12067831172845,2.53819721547816,neither,mid,0.0,mid,1.0,1.0
"Rat heart, male 2 wk",NKX2-5,-1.0,-1.24507279043575,0.256207540484474,neither,high,4.0,high,1.0,1.0
"Rat heart, male 2 wk",NOS3,-1.0,-0.199897531130176,0.922320624346869,neither,high,0.0,mid,1.0,1.0
"Rat heart, male 2 wk",NPPA,1.0,-0.710210267925201,0.0900522663399361,neither,high,0.0,high,1.0,1.0
"Rat heart, male 2 wk",NPPB,1.0,1.1679042141958,0.814836692809726,neither,high,0.0,high,1.0,1.0
"Rat heart, male 2 wk",NQO2,-1.0,0.94874064702473,3.16766004335656,neither,high,0.0,mid,1.0,1.0
"Rat heart, male 2 wk",NRAP,-1.0,2.61277110110245,1.46882601343501,neither,high,0.0,high,1.0,2.0
"Rat heart, male 2 wk",NUCB2,1.0,0.521775560654732,-1.32528592335318,neither,high,0.0,mid,1.0,1.0
"Rat heart, male 2 wk",NUDT3,1.0,-0.935975101971528,0.162337611689761,neither,high,0.0,high,1.0,1.0
"Rat heart, male 2 wk",NUDT4,-1.0,-0.369125877244332,0.35736628778718,neither,high,0.0,high,1.0,1.0
"Rat heart, male 2 wk",NUP37,1.0,0.878863317298492,1.65753879320224,neither,low,0.0,mid,1.0,1.0
"Rat heart, male 2 wk",OGDH,-1.0,1.78383558085603,2.33562295157752,neither,high,0.0,high,1.0,1.0
"Rat heart, male 2 wk",OGN,1.0,3.24569909623283,-0.890827128666836,neither,high,0.0,mid,2.0,1.0
"Rat heart, male 2 wk",OLFML3,1.0,-1.61903307405349,-0.502039141437492,neither,mid,0.0,mid,1.0,1.0
"Rat heart, male 2 wk",P2RX5,-1.0,1.67186465129088,-0.264731634132106,neither,high,0.0,mid,1.0,1.0
"Rat heart, male 2 wk",PALMD,1.0,0.336053280564287,1.23448158105181,neither,high,0.0,high,1.0,1.0
"Rat heart, male 2 wk",PCCB,1.0,-0.235122224049199,3.04471379547723,neither,high,0.0,high,1.0,1.0
"Rat heart, male 2 wk",PCNT,-1.0,1.64897602536425,0.41325582201226,neither,high,0.0,mid,1.0,1.0
"Rat heart, male 2 wk",PCOLCE,1.0,-1.05477000541109,-0.740013454572926,neither,mid,0.0,high,1.0,1.0
"Rat heart, male 2 wk",PDK4,1.0,1.79813601106594,3.04965275290656,neither,high,0.0,high,1.0,1.0
"Rat heart, male 2 wk",PDLIM3,1.0,-3.16608371276832,1.73862742056764,neither,high,2.0,high,1.0,3.0
"Rat heart, male 2 wk",PDZD2,-1.0,-1.06616181504482,0.498834480099056,neither,high,0.0,mid,1.0,1.0
"Rat heart, male 2 wk",PHF11,1.0,-0.687176248293961,-0.449229245093669,neither,low,8.0,mid,1.0,1.0
"Rat heart, male 2 wk",PHLDA1,1.0,-1.65286343238111,0.135448207133007,neither,high,8.0,mid,1.0,1.0
"Rat heart, male 2 wk",PKM,1.0,5.23794108777034,4.75984100849608,"both, same sign",high,0.0,high,1.0,2.0
"Rat heart, male 2 wk",PLA2G2A,-1.0,-0.356625098662603,-1.41576834458334,neither,mid,0.0,high,1.0,1.0
"Rat heart, male 2 wk",PLBD1,1.0,0.0597051461516224,-2.7040302506473,neither,high,0.0,high,1.0,1.0
"Rat heart, male 2 wk",PLIN2,-1.0,1.70576186349835,-2.58511123200061,neither,high,0.0,high,1.0,1.0
"Rat heart, male 2 wk",PLP2,-1.0,-0.728032980849306,-2.09793906269541,neither,mid,6.0,high,1.0,1.0
"Rat heart, male 2 wk",PLXDC1,1.0,-2.73164378512208,-0.341362332768924,neither,mid,4.0,mid,1.0,1.0
"Rat heart, male 2 wk",PODXL,-1.0,0.276004038041648,0.0736587103710758,neither,high,0.0,high,1.0,1.0
"Rat heart, male 2 wk",POGLUT1,-1.0,1.40364429671306,-0.0329296470059499,neither,low,0.0,mid,1.0,1.0
"Rat heart, male 2 wk",POLE3,-1.0,-1.31744659474361,0.0575993694434863,neither,low,0.0,high,2.0,1.0
"Rat heart, male 2 wk",POR,-1.0,0.702190877143762,0.483234729337288,neither,high,0.0,high,1.0,1.0
"Rat heart, male 2 wk",PPL,-1.0,-0.711851479618214,0.76673050287964,neither,mid,0.0,mid,1.0,1.0
"Rat heart, male 2 wk",PPP1R12B,1.0,0.135771591477572,-0.8011918435618,neither,high,0.0,high,1.0,2.0
"Rat heart, male 2 wk",PPT1,1.0,0.566089801317439,-2.35461238591306,neither,mid,0.0,high,1.0,1.0
"Rat heart, male 2 wk",PRDX4,1.0,1.13604430958368,-0.200781661455342,neither,low,2.0,high,1.0,1.0
"Rat heart, male 2 wk",PRDX6,-1.0,1.71925185967548,1.40697504437065,neither,high,0.0,high,1.0,1.0
"Rat heart, male 2 wk",PSD3,1.0,-0.511598590922277,-0.121559571969153,neither,mid,2.0,mid,1.0,1.0
"Rat heart, male 2 wk",PSMB10,1.0,0.16780796416651,-0.85788356535136,neither,mid,0.0,high,1.0,1.0
"Rat heart, male 2 wk",PSME4,-1.0,3.88366786726046,0.624299244503528,RNA only,high,0.0,high,1.0,1.0
"Rat heart, male 2 wk",PSPH,-1.0,-0.634530852331686,-1.03904374028065,neither,low,0.0,mid,1.0,1.0
"Rat heart, male 2 wk",PTN,1.0,-0.109313072927187,0.499437033005371,neither,low,6.0,high,1.0,1.0
"Rat heart, male 2 wk",PTP4A2,-1.0,2.02949152160832,0.792658337250484,neither,high,0.0,high,1.0,1.0
"Rat heart, male 2 wk",PTP4A3,-1.0,0.383122090695925,-1.43588057625961,neither,high,8.0,high,1.0,1.0
"Rat heart, male 2 wk",PXMP2,-1.0,-0.628415289820956,0.508325690123014,neither,high,0.0,high,1.0,1.0
"Rat heart, male 2 wk",QSOX1,-1.0,-1.8115074762345,0.557858966553901,neither,mid,6.0,high,1.0,1.0
"Rat heart, male 2 wk",RAB9A,-1.0,2.02951417431852,1.93900065281828,neither,mid,2.0,mid,1.0,1.0
"Rat heart, male 2 wk",RABAC1,-1.0,1.1429267399628,0.303061734648116,neither,high,4.0,high,1.0,1.0
"Rat heart, male 2 wk",RANGAP1,-1.0,-2.03424139614103,-3.05213725971729,neither,high,0.0,high,1.0,1.0
"Rat heart, male 2 wk",RBFOX1,-1.0,4.03305451264466,0.582474479336523,RNA only,high,2.0,mid,1.0,1.0
"Rat heart, male 2 wk",RBM10,1.0,-0.450456121845814,-0.349575963984817,neither,high,0.0,high,1.0,1.0
"Rat heart, male 2 wk",RBP4,-1.0,-0.782843542084508,-2.4444008991147,neither,low,0.0,low,1.0,1.0
"Rat heart, male 2 wk",RCAN1,-1.0,-0.448274403315985,-0.425969537389384,neither,high,4.0,high,1.0,1.0
"Rat heart, male 2 wk",RCBTB2,1.0,0.0654048439066029,-1.71271948786133,neither,mid,0.0,mid,1.0,1.0
"Rat heart, male 2 wk",REV1,-1.0,0.618273801262159,1.70334539357449,neither,high,2.0,high,1.0,1.0
"Rat heart, male 2 wk",RHOC,-1.0,-1.36728024083766,-0.630202575060656,neither,high,0.0,high,1.0,1.0
"Rat heart, male 2 wk",RHOT1,-1.0,0.355281640206612,0.0636723338659133,neither,high,0.0,mid,1.0,1.0
"Rat heart, male 2 wk",RNASET2,1.0,-0.594883146943138,-2.32384162715516,neither,mid,0.0,mid,1.0,1.0
"Rat heart, male 2 wk",RNF14,-1.0,0.648596642726996,-0.107356950724212,neither,high,0.0,high,1.0,1.0
"Rat heart, male 2 wk",RNF146,1.0,2.20689879030546,1.97277421935117,neither,mid,0.0,high,1.0,1.0
"Rat heart, male 2 wk",RWDD1,-1.0,1.75599855612815,1.41583288008297,neither,mid,0.0,high,1.0,1.0
"Rat heart, male 2 wk",S100A8,-1.0,0.805904636717899,-0.446906138807685,neither,low,0.0,high,1.0,1.0
"Rat heart, male 2 wk",S100A9,-1.0,0.260396528596603,-0.127121924327411,neither,low,0.0,high,1.0,1.0
"Rat heart, male 2 wk",SAMHD1,-1.0,0.967255904949006,1.07718541183931,neither,low,0.0,high,1.0,1.0
"Rat heart, male 2 wk",SEC31A,1.0,0.95779443997433,-1.09609621898141,neither,high,0.0,high,1.0,1.0
"Rat heart, male 2 wk",SEC61A1,-1.0,-2.35460581097134,-0.212578234639719,neither,high,0.0,high,1.0,1.0
"Rat heart, male 2 wk",SERPINE1,-1.0,-1.59555790464263,0.366247670413606,neither,high,6.0,high,1.0,1.0
"Rat heart, male 2 wk",SERPINE2,1.0,-1.62277281222042,0.0131963225304633,neither,high,0.0,mid,1.0,1.0
"Rat heart, male 2 wk",SH3BGR,-1.0,-0.755141646406537,0.586039143552873,neither,high,0.0,high,2.0,1.0
"Rat heart, male 2 wk",SH3BGRL,1.0,0.589259685229586,-0.158393920535543,neither,low,0.0,high,1.0,1.0
"Rat heart, male 2 wk",SH3GL2,1.0,0.0513382002358748,1.26264915766952,neither,low,0.0,low,1.0,1.0
"Rat heart, male 2 wk",SIK1,-1.0,-0.0251441897416315,0.38429168500821,neither,mid,0.0,low,1.0,1.0
"Rat heart, male 2 wk",SLC25A11,1.0,0.562441813931998,-0.515272669308616,neither,high,0.0,high,1.0,1.0
"Rat heart, male 2 wk",SLC25A12,-1.0,0.722966878833936,1.07873156665691,neither,high,0.0,high,1.0,1.0
"Rat heart, male 2 wk",SLC25A20,1.0,2.85058132147783,1.48634862415817,neither,high,0.0,high,1.0,1.0
"Rat heart, male 2 wk",SLC30A1,1.0,0.825007796468299,-0.234932947545686,neither,mid,0.0,mid,1.0,1.0
"Rat heart, male 2 wk",SLC39A14,-1.0,-1.04423443439613,0.684207689133376,neither,high,0.0,high,1.0,1.0
"Rat heart, male 2 wk",SLCO2A1,-1.0,-0.401408735107963,-0.985448970323963,neither,low,8.0,high,1.0,1.0
"Rat heart, male 2 wk",SNRPB,-1.0,-1.55763305369258,-0.90703726660178,neither,high,0.0,high,1.0,1.0
"Rat heart, male 2 wk",SNX7,-1.0,-0.994086887359454,-0.910704054904334,neither,low,0.0,mid,1.0,1.0
"Rat heart, male 2 wk",SORT1,-1.0,0.858397662041759,0.715744733080259,neither,high,0.0,high,1.0,1.0
"Rat heart, male 2 wk",SOS1,-1.0,1.87985742869479,-0.718736467460754,neither,high,0.0,mid,1.0,1.0
"Rat heart, male 2 wk",SPARC,1.0,-2.05319293511866,-1.71655246143623,neither,high,0.0,high,1.0,1.0
"Rat heart, male 2 wk",SPG11,1.0,0.468554508900323,0.817864420699672,neither,high,0.0,mid,1.0,1.0
"Rat heart, male 2 wk",SRGN,-1.0,1.18442784707211,1.84062997739972,neither,mid,6.0,high,1.0,1.0
"Rat heart, male 2 wk",SSPN,1.0,0.701112482753337,2.05106178478482,neither,high,2.0,mid,1.0,1.0
"Rat heart, male 2 wk",STAT3,-1.0,-1.33374139949039,3.83939181175059,neither,high,0.0,high,1.0,1.0
"Rat heart, male 2 wk",STEAP3,-1.0,0.37688458839658,-0.698385608196446,neither,mid,6.0,mid,1.0,1.0
"Rat heart, male 2 wk",STIP1,-1.0,-0.832804622926159,0.920663394282878,neither,high,0.0,high,1.0,1.0
"Rat heart, male 2 wk",STK38L,1.0,-0.871365228139533,-0.35187973755536,neither,high,0.0,mid,1.0,1.0
"Rat heart, male 2 wk",SUCLA2,1.0,2.24752385370669,3.59067990733801,neither,high,0.0,high,1.0,1.0
"Rat heart, male 2 wk",SUN2,-1.0,-1.15714336384069,-0.481676341205939,neither,high,0.0,high,1.0,1.0
"Rat heart, male 2 wk",SYNPO2L,1.0,-1.33151306768831,0.226913320315031,neither,high,0.0,high,1.0,1.0
"Rat heart, male 2 wk",TAPBPL,1.0,-1.64325910463401,-0.572405156412407,neither,mid,6.0,mid,1.0,1.0
"Rat heart, male 2 wk",TGFBR3,-1.0,0.236939712449859,-1.83206379481513,neither,high,6.0,mid,1.0,1.0
"Rat heart, male 2 wk",TGM2,-1.0,-1.52518712691071,0.928984321143515,neither,high,0.0,high,1.0,1.0
"Rat heart, male 2 wk",THBS1,-1.0,-1.45012783185542,-0.186221796216968,neither,mid,0.0,high,1.0,1.0
"Rat heart, male 2 wk",THBS2,1.0,-1.62512304177553,-2.83585114791197,neither,high,6.0,mid,1.0,1.0
"Rat heart, male 2 wk",THBS4,1.0,-1.50287430533739,0.85908944646234,neither,mid,0.0,high,1.0,1.0
"Rat heart, male 2 wk",TIE1,1.0,-1.53632719511799,-1.75489291584631,neither,high,8.0,high,1.0,1.0
"Rat heart, male 2 wk",TIMP3,-1.0,-1.76030559093795,-0.0156423312400375,neither,high,0.0,high,1.0,1.0
"Rat heart, male 2 wk",TLN1,1.0,-0.36187968111733,0.0571768433450566,neither,high,0.0,high,1.0,1.0
"Rat heart, male 2 wk",TMEM38B,-1.0,0.839410203759382,0.226192820238236,neither,mid,4.0,mid,1.0,1.0
"Rat heart, male 2 wk",TMSB4X,1.0,-0.523811630356609,0.148909936284529,neither,high,0.0,high,1.0,1.0
"Rat heart, male 2 wk",TNNI1,1.0,-1.48087568214218,-0.704881640451919,neither,low,0.0,low,1.0,1.0
"Rat heart, male 2 wk",TPCN1,1.0,1.32311517433643,0.277885864041924,neither,high,0.0,high,1.0,1.0
"Rat heart, male 2 wk",TPPP3,1.0,-2.18022967689646,-0.58659477845527,neither,mid,0.0,mid,1.0,1.0
"Rat heart, male 2 wk",TPRKB,-1.0,1.01160366761228,-0.536291759181073,neither,low,0.0,high,2.0,1.0
"Rat heart, male 2 wk",TRDN,-1.0,1.7612039156633,0.737009043312266,neither,high,0.0,high,1.0,1.0
"Rat heart, male 2 wk",TRMT5,1.0,-0.946574502591237,-0.469734471745768,neither,low,0.0,low,1.0,1.0
"Rat heart, male 2 wk",TUBA4A,-1.0,-2.11338958421913,0.318920839692373,neither,high,0.0,high,1.0,1.0
"Rat heart, male 2 wk",TUBG1,-1.0,-0.504014291527774,0.738035728163601,neither,high,0.0,high,1.0,1.0
"Rat heart, male 2 wk",TXNIP,1.0,0.339503445224469,1.50361079613986,neither,high,0.0,high,1.0,1.0
"Rat heart, male 2 wk",TXNRD1,-1.0,3.0553657058649,6.00192219564837,protein only,high,0.0,high,1.0,1.0
"Rat heart, male 2 wk",UAP1,-1.0,-1.33886222991225,0.59632771728861,neither,high,0.0,high,1.0,1.0
"Rat heart, male 2 wk",UBFD1,-1.0,-0.881100190117675,-1.5702121595023,neither,mid,0.0,high,1.0,1.0
"Rat heart, male 2 wk",UBQLN2,1.0,0.384558156529084,-1.07727108987286,neither,high,0.0,high,1.0,1.0
"Rat heart, male 2 wk",UFSP2,1.0,2.48066830497082,0.590162649448244,neither,mid,0.0,high,1.0,1.0
"Rat heart, male 2 wk",UGP2,-1.0,3.76700074503223,1.01521709582039,RNA only,high,0.0,high,1.0,2.0
"Rat heart, male 2 wk",VCAN,1.0,-1.29653858109433,-1.48302498128008,neither,high,0.0,mid,1.0,1.0
"Rat heart, male 2 wk",VEZF1,-1.0,0.149243945034973,-1.84927355083615,neither,high,0.0,high,1.0,1.0
"Rat heart, male 2 wk",VPS13D,-1.0,1.61093027539947,2.36201943437807,neither,high,0.0,mid,1.0,1.0
"Rat heart, male 2 wk",VTN,1.0,-0.233850744475885,-2.51554867494817,neither,high,0.0,high,1.0,1.0
"Rat heart, male 2 wk",WFS1,1.0,-2.73631747569923,0.577488803376897,neither,high,0.0,high,1.0,1.0
"Rat heart, male 2 wk",XRCC4,-1.0,-0.648494698091821,0.680575263465283,neither,mid,0.0,low,1.0,1.0
"Rat heart, male 2 wk",YBX3,-1.0,0.746144557311516,-1.37445070558638,neither,high,0.0,high,1.0,1.0
"Rat heart, male 2 wk",YEATS2,1.0,-1.18113582501879,0.055812841882525,neither,mid,4.0,mid,1.0,1.0
"Rat heart, male 2 wk",ZBTB16,1.0,-0.599419856984246,2.01796804277956,neither,high,0.0,mid,1.0,1.0
"Rat heart, male 4 wk",ABHD5,-1.0,0.632434498374597,-0.165860814153322,neither,mid,0.0,mid,1.0,1.0
"Rat heart, male 4 wk",ABL1,-1.0,-0.205345484070323,1.22179991608303,neither,high,0.0,high,2.0,1.0
"Rat heart, male 4 wk",ACSS3,-1.0,-1.15043545397462,1.07458004791478,neither,low,0.0,mid,1.0,1.0
"Rat heart, male 4 wk",ACTA1,-1.0,-2.6332542701164,3.47803464380201,neither,high,0.0,high,1.0,1.0
"Rat heart, male 4 wk",ADAMTS1,-1.0,-0.488231268882592,1.78414780363861,neither,high,6.0,high,1.0,1.0
"Rat heart, male 4 wk",ADAMTSL3,1.0,-0.790507377679917,-1.30433564769463,neither,mid,0.0,low,1.0,1.0
"Rat heart, male 4 wk",ADD3,1.0,0.435812912753701,-1.17027152571931,neither,high,0.0,high,1.0,1.0
"Rat heart, male 4 wk",ADH5,1.0,-1.46113459008931,-1.09029474851522,neither,high,0.0,high,1.0,1.0
"Rat heart, male 4 wk",ALAS1,1.0,-2.4391895094266,-2.37421999182347,neither,high,0.0,high,1.0,1.0
"Rat heart, male 4 wk",ALDH5A1,1.0,0.196686876649865,2.81635844967495,neither,high,0.0,mid,1.0,1.0
"Rat heart, male 4 wk",ALDH9A1,1.0,1.19498037668281,2.16941273885642,neither,high,0.0,high,1.0,1.0
"Rat heart, male 4 wk",AMD1,-1.0,0.292031576738176,2.41880880313,neither,high,2.0,high,1.0,1.0
"Rat heart, male 4 wk",ANK1,1.0,0.652457701914144,-3.06547780658582,neither,high,0.0,mid,1.0,2.0
"Rat heart, male 4 wk",ANKMY2,1.0,-0.635676057469409,-1.13836831112085,neither,high,0.0,high,1.0,1.0
"Rat heart, male 4 wk",ANKRD1,-1.0,0.170655513361067,0.0525171210634324,neither,high,0.0,high,1.0,2.0
"Rat heart, male 4 wk",ANP32E,1.0,-0.318774624924791,-0.167639177865758,neither,high,0.0,high,1.0,1.0
"Rat heart, male 4 wk",ANXA4,1.0,1.16432719230224,-0.754395597793148,neither,high,0.0,mid,1.0,1.0
"Rat heart, male 4 wk",ANXA6,1.0,-0.983815925365166,0.572039437507169,neither,high,0.0,high,1.0,2.0
"Rat heart, male 4 wk",AOX1,-1.0,1.74065937850121,-1.47304606840934,neither,mid,0.0,low,1.0,1.0
"Rat heart, male 4 wk",AP1S2,-1.0,-0.308251671228795,-0.254969303870331,neither,high,0.0,high,1.0,1.0
"Rat heart, male 4 wk",AP2B1,1.0,-0.663478644057736,-1.73346793359777,neither,high,0.0,high,1.0,1.0
"Rat heart, male 4 wk",AP3M2,1.0,1.58774662153241,-0.83661152085992,neither,low,0.0,mid,1.0,1.0
"Rat heart, male 4 wk",ARHGAP15,1.0,0.0955470241883316,0.132876882148551,neither,low,8.0,low,1.0,1.0
"Rat heart, male 4 wk",ARHGDIB,1.0,-0.103635502507306,-2.96436297072792,neither,high,0.0,high,1.0,1.0
"Rat heart, male 4 wk",ARMCX3,1.0,-1.15793074165521,-0.425691843627722,neither,high,2.0,high,1.0,1.0
"Rat heart, male 4 wk",ASMTL,1.0,-0.0017601534785838,1.38706188544993,neither,mid,0.0,high,1.0,2.0
"Rat heart, male 4 wk",ASPN,1.0,-0.862411759789458,-2.32568972494285,neither,low,0.0,mid,2.0,1.0
"Rat heart, male 4 wk",ATP1A1,-1.0,-2.63055644799604,2.58045804181822,neither,high,0.0,high,1.0,1.0
"Rat heart, male 4 wk",ATP1A2,-1.0,-0.693258572521937,0.484057201924519,neither,high,0.0,high,1.0,1.0
"Rat heart, male 4 wk",ATP1A3,1.0,2.86598431017758,0.0706987110436445,neither,mid,0.0,high,1.0,1.0
"Rat heart, male 4 wk",ATP1B1,-1.0,-0.17187233426325,1.70537159907139,neither,high,0.0,high,1.0,1.0
"Rat heart, male 4 wk",ATP1B3,-1.0,0.835677743612801,0.522727462027329,neither,high,0.0,high,1.0,1.0
"Rat heart, male 4 wk",ATP2A2,-1.0,0.138021613450639,1.89966094347614,neither,high,0.0,high,1.0,2.0
"Rat heart, male 4 wk",AUTS2,1.0,0.403952864149091,-0.608279644108177,neither,mid,2.0,low,1.0,1.0
"Rat heart, male 4 wk",BAG2,-1.0,-0.689031070995875,2.09921505670666,neither,mid,0.0,mid,1.0,1.0
"Rat heart, male 4 wk",BASP1,1.0,0.0295722631840444,-0.663846215910228,neither,low,0.0,low,1.0,1.0
"Rat heart, male 4 wk",BCL2L1,-1.0,0.973895736702703,0.533289067958191,neither,high,0.0,high,1.0,1.0
"Rat heart, male 4 wk",BGN,1.0,0.5442638594029,-1.52096197321646,neither,high,0.0,high,1.0,1.0
"Rat heart, male 4 wk",BLM,-1.0,-0.855911117943425,-2.65057774866143,neither,low,4.0,low,1.0,1.0
"Rat heart, male 4 wk",BRD4,-1.0,0.201424796572136,-1.27501260448616,neither,high,0.0,high,1.0,1.0
"Rat heart, male 4 wk",C3,-1.0,-0.804804651907357,-5.72469017689886,protein only,low,0.0,high,1.0,1.0
"Rat heart, male 4 wk",C4A,-1.0,-0.669299938181449,-0.864176163375274,neither,mid,0.0,low,2.0,1.0
"Rat heart, male 4 wk",C6,1.0,0.899520048842079,-2.12721034402032,neither,low,0.0,high,1.0,2.0
"Rat heart, male 4 wk",CALU,-1.0,-0.0313172430036992,-1.37590255273334,neither,high,0.0,high,1.0,1.0
"Rat heart, male 4 wk",CCNG1,-1.0,4.43466311011206,-0.567462195921758,RNA only,high,4.0,high,1.0,1.0
"Rat heart, male 4 wk",CCT2,-1.0,-0.856415128012769,0.104616382572755,neither,high,0.0,high,1.0,1.0
"Rat heart, male 4 wk",CD163,-1.0,1.96716772619351,1.23754662101336,neither,high,0.0,mid,1.0,1.0
"Rat heart, male 4 wk",CD59,-1.0,-0.119949615399888,-0.374970353286417,neither,high,0.0,high,1.0,1.0
"Rat heart, male 4 wk",CD74,1.0,0.454113071337652,2.59499069028193,neither,high,0.0,high,1.0,1.0
"Rat heart, male 4 wk",CDC37L1,-1.0,0.505530920244168,1.37536616587902,neither,high,0.0,high,1.0,1.0
"Rat heart, male 4 wk",CDV3,-1.0,3.80917556270233,-0.598941478856456,RNA only,high,0.0,high,1.0,1.0
"Rat heart, male 4 wk",CETN3,1.0,1.39282779455032,0.933467050092503,neither,mid,0.0,mid,2.0,1.0
"Rat heart, male 4 wk",CHORDC1,-1.0,0.613608422714206,0.776812498065706,neither,high,0.0,mid,1.0,1.0
"Rat heart, male 4 wk",CLIC4,-1.0,-0.811114713580181,0.552424240591622,neither,high,0.0,high,1.0,1.0
"Rat heart, male 4 wk",CLIP1,-1.0,1.99579868425103,2.67473286441479,neither,high,0.0,high,1.0,3.0
"Rat heart, male 4 wk",CLTB,-1.0,0.21602523316996,-0.36782831440801,neither,high,0.0,high,1.0,1.0
"Rat heart, male 4 wk",CLU,-1.0,-0.328006305154605,-2.25058633996308,neither,high,0.0,high,1.0,1.0
"Rat heart, male 4 wk",CMC2,-1.0,0.792684286730006,-1.46065028850915,neither,low,0.0,mid,1.0,1.0
"Rat heart, male 4 wk",CNN1,-1.0,-0.132781940124774,-3.01050314638229,neither,low,0.0,high,1.0,1.0
"Rat heart, male 4 wk",COA4,-1.0,-1.151577303273,-1.73969417219151,neither,low,0.0,high,1.0,1.0
"Rat heart, male 4 wk",COBL,-1.0,-1.03783575622258,0.784186479342,neither,mid,0.0,high,1.0,1.0
"Rat heart, male 4 wk",COL15A1,1.0,-2.15583433333133,-0.811789889273544,neither,high,0.0,high,2.0,1.0
"Rat heart, male 4 wk",COL16A1,1.0,-0.634440645164673,-1.35172351571788,neither,mid,0.0,mid,1.0,1.0
"Rat heart, male 4 wk",COL1A1,1.0,-0.508728331682827,-0.233704184677515,neither,high,0.0,high,1.0,1.0
"Rat heart, male 4 wk",COL1A2,1.0,-0.816367042119623,0.136480954653797,neither,high,0.0,high,2.0,1.0
"Rat heart, male 4 wk",COL3A1,1.0,-0.287208834839331,-0.537073863819285,neither,high,0.0,high,1.0,1.0
"Rat heart, male 4 wk",COL5A1,1.0,-0.881449934734125,0.418618868525325,neither,high,0.0,mid,1.0,1.0
"Rat heart, male 4 wk",COL5A2,1.0,0.403565126801151,0.904873664093953,neither,high,0.0,mid,1.0,1.0
"Rat heart, male 4 wk",COMP,1.0,-2.03799741898588,-1.93004920743058,neither,low,4.0,low,1.0,1.0
"Rat heart, male 4 wk",CORIN,1.0,-2.09170761618616,0.229967192950906,neither,high,0.0,high,1.0,2.0
"Rat heart, male 4 wk",COX17,-1.0,1.80940566787066,-0.360359918996525,neither,high,0.0,high,1.0,1.0
"Rat heart, male 4 wk",CPE,1.0,-1.47933223349013,0.824844837929784,neither,high,0.0,high,1.0,1.0
"Rat heart, male 4 wk",CPT2,1.0,0.838810084973573,1.70309578491681,neither,high,0.0,high,1.0,1.0
"Rat heart, male 4 wk",CRIM1,-1.0,0.657503725036587,-0.939728179490237,neither,high,6.0,high,1.0,1.0
"Rat heart, male 4 wk",CRISPLD2,-1.0,0.652662781389166,-0.0539313108402861,neither,high,8.0,high,1.0,1.0
"Rat heart, male 4 wk",CRYM,1.0,0.60268570722547,5.56744710764257,protein only,high,0.0,high,1.0,1.0
"Rat heart, male 4 wk",CSDC2,-1.0,3.48192280859412,5.08072853147798,protein only,high,2.0,high,1.0,1.0
"Rat heart, male 4 wk",CTSD,1.0,2.44987959126842,-2.4695341449246,neither,high,0.0,high,1.0,1.0
"Rat heart, male 4 wk",CTSH,1.0,-0.690121147506507,-1.8155703285458,neither,high,0.0,high,1.0,1.0
"Rat heart, male 4 wk",CYP4B1,-1.0,2.86051393214304,0.496045174521217,neither,high,0.0,high,1.0,1.0
"Rat heart, male 4 wk",DAZAP1,-1.0,0.333921113359778,0.528329946106058,neither,high,0.0,high,1.0,1.0
"Rat heart, male 4 wk",DCP2,1.0,-0.580092985185333,-1.97169560109452,neither,low,8.0,low,2.0,1.0
"Rat heart, male 4 wk",DDX39A,-1.0,0.0510039392711252,-1.03222625326705,neither,mid,0.0,high,1.0,1.0
"Rat heart, male 4 wk",DENND1B,1.0,0.503552240489047,0.832873902152576,neither,mid,0.0,low,1.0,1.0
"Rat heart, male 4 wk",DERL1,-1.0,-2.05403141257543,1.32134325673262,neither,high,4.0,high,1.0,1.0
"Rat heart, male 4 wk",DLG1,-1.0,2.65710120704955,0.392625824284323,neither,high,0.0,mid,1.0,1.0
"Rat heart, male 4 wk",DLST,1.0,1.00873465744774,1.72662326430192,neither,high,0.0,high,1.0,1.0
"Rat heart, male 4 wk",DMPK,-1.0,0.338821578377373,3.26368913945692,neither,high,4.0,high,1.0,2.0
"Rat heart, male 4 wk",DNAJC15,-1.0,1.66012848979821,3.46439581846945,neither,high,2.0,mid,1.0,1.0
"Rat heart, male 4 wk",DPM1,1.0,1.58103282141609,0.634160055917482,neither,mid,0.0,high,1.0,1.0
"Rat heart, male 4 wk",DPYSL3,1.0,-0.546261611174248,-2.26114382805799,neither,mid,0.0,mid,1.0,1.0
"Rat heart, male 4 wk",DVL1,-1.0,-0.0474896411139873,0.580913173242745,neither,high,2.0,high,1.0,1.0
"Rat heart, male 4 wk",EDNRA,1.0,-0.842214447878511,-1.27499668710543,neither,high,6.0,mid,1.0,1.0
"Rat heart, male 4 wk",EFEMP1,1.0,-0.0716654934342055,-0.474242004914112,neither,mid,0.0,high,1.0,1.0
"Rat heart, male 4 wk",EGLN1,-1.0,0.711161311308232,0.364993425376332,neither,high,0.0,high,1.0,1.0
"Rat heart, male 4 wk",EHBP1L1,-1.0,0.355556516589432,0.91802439362026,neither,high,0.0,high,1.0,1.0
"Rat heart, male 4 wk",EHD3,1.0,1.05145469684557,-0.784089563235509,neither,mid,0.0,high,1.0,1.0
"Rat heart, male 4 wk",EIF1AX,-1.0,-1.0916219028211,-2.20496371699163,neither,high,0.0,high,1.0,1.0
"Rat heart, male 4 wk",EIF1AY,1.0,-0.504425833173843,2.03600860527132,neither,mid,2.0,high,1.0,1.0
"Rat heart, male 4 wk",EMC2,1.0,0.179892218183666,-1.21738356442075,neither,mid,0.0,high,1.0,1.0
"Rat heart, male 4 wk",EMC6,-1.0,-0.697947135801036,0.575643774561487,neither,high,8.0,high,1.0,1.0
"Rat heart, male 4 wk",EPB41L2,1.0,0.0021240954407791,-1.22433369951263,neither,high,0.0,high,1.0,1.0
"Rat heart, male 4 wk",EPHX2,1.0,1.63632984007496,4.85251074189099,protein only,high,0.0,mid,1.0,2.0
"Rat heart, male 4 wk",EPM2AIP1,1.0,-1.05554310327244,-1.55520111147201,neither,high,0.0,mid,1.0,1.0
"Rat heart, male 4 wk",EPN3,-1.0,-0.296540650510836,0.051483032787312,neither,mid,0.0,mid,1.0,1.0
"Rat heart, male 4 wk",ERLIN2,1.0,1.85622602774375,0.002609918497412,neither,high,0.0,mid,1.0,1.0
"Rat heart, male 4 wk",EVL,1.0,0.0867652525495532,-1.75828523158571,neither,mid,0.0,mid,1.0,1.0
"Rat heart, male 4 wk",F5,1.0,0.495155755265188,-2.58603487642698,neither,low,0.0,low,1.0,1.0
"Rat heart, male 4 wk",FAM13A,1.0,0.333458169959331,-0.775686672792158,neither,high,4.0,low,1.0,1.0
"Rat heart, male 4 wk",FASN,-1.0,0.390741183371481,-2.38614581434105,neither,mid,0.0,mid,1.0,1.0
"Rat heart, male 4 wk",FBLN2,1.0,0.546665580080724,-2.51281885097884,neither,high,0.0,high,1.0,1.0
"Rat heart, male 4 wk",FBN1,1.0,-0.73152373027744,1.0556918571591,neither,high,0.0,mid,1.0,1.0
"Rat heart, male 4 wk",FBXO40,1.0,2.52523573366331,3.09149176399808,neither,high,0.0,high,1.0,1.0
"Rat heart, male 4 wk",FCGRT,1.0,-1.16681062772877,-1.14844031453287,neither,high,8.0,high,1.0,1.0
"Rat heart, male 4 wk",FCN3,-1.0,0.345547461980753,-3.30095602268314,neither,low,0.0,high,1.0,1.0
"Rat heart, male 4 wk",FERMT2,-1.0,-0.260265986958617,-0.947398589777252,neither,high,4.0,high,1.0,2.0
"Rat heart, male 4 wk",FGF1,1.0,0.671460444510029,1.64989596354664,neither,high,0.0,mid,1.0,1.0
"Rat heart, male 4 wk",FGF12,1.0,-0.154200241513554,-0.36217564024224,neither,mid,0.0,high,1.0,1.0
"Rat heart, male 4 wk",FHOD3,1.0,-1.08858788497838,1.14948044544107,neither,high,0.0,high,1.0,1.0
"Rat heart, male 4 wk",FKBP4,-1.0,-0.92917888348569,-0.253366765553216,neither,high,0.0,high,1.0,1.0
"Rat heart, male 4 wk",FKBP5,-1.0,2.01261941409313,8.23998378828264,protein only,high,0.0,high,1.0,1.0
"Rat heart, male 4 wk",FLII,-1.0,1.37221332010622,-3.33258937354208,neither,high,0.0,high,1.0,2.0
"Rat heart, male 4 wk",FLNC,-1.0,-0.596625328793416,0.775859134908036,neither,high,0.0,high,1.0,1.0
"Rat heart, male 4 wk",FMOD,1.0,-2.38132048796334,-0.715829108098745,neither,mid,0.0,mid,1.0,1.0
"Rat heart, male 4 wk",FNBP1L,1.0,-0.180732466841944,0.175942196130291,neither,mid,0.0,mid,1.0,1.0
"Rat heart, male 4 wk",FRZB,1.0,-0.154843774414054,-2.20003338131808,neither,low,0.0,low,1.0,1.0
"Rat heart, male 4 wk",FSTL1,1.0,-0.22334766028758,-1.41888983820142,neither,high,2.0,high,1.0,1.0
"Rat heart, male 4 wk",FUCA1,1.0,-0.20193814558844,-3.97950770319288,protein only,mid,0.0,mid,1.0,1.0
"Rat heart, male 4 wk",GALNT11,1.0,-0.246100836786692,-0.0615408258823605,neither,high,8.0,mid,1.0,1.0
"Rat heart, male 4 wk",GATM,1.0,-0.813710343491912,-1.03103034090199,neither,mid,0.0,mid,1.0,1.0
"Rat heart, male 4 wk",GCLM,-1.0,0.404855150391681,-2.83112489579637,neither,mid,0.0,low,1.0,1.0
"Rat heart, male 4 wk",GLOD4,1.0,0.387053945690518,-0.720708696956095,neither,mid,0.0,mid,1.0,1.0
"Rat heart, male 4 wk",GLRX,1.0,-1.1176553540248,-0.491528479783062,neither,mid,0.0,high,1.0,1.0
"Rat heart, male 4 wk",GLRX2,-1.0,0.613056368141004,0.132990997620902,neither,mid,0.0,high,1.0,1.0
"Rat heart, male 4 wk",GLUL,-1.0,3.7568559894818,1.53071655056382,RNA only,high,0.0,high,1.0,1.0
"Rat heart, male 4 wk",GMPR,-1.0,2.60622255479211,2.33862647489365,neither,high,0.0,high,1.0,1.0
"Rat heart, male 4 wk",GNL3,-1.0,0.287564485962244,-0.618309207538529,neither,mid,0.0,high,1.0,1.0
"Rat heart, male 4 wk",GPD1L,-1.0,1.03045945175818,4.64691342580291,protein only,high,0.0,high,1.0,1.0
"Rat heart, male 4 wk",GPX3,-1.0,3.05961152878278,-3.02116480367531,neither,high,0.0,high,1.0,1.0
"Rat heart, male 4 wk",GSTT1,1.0,0.156575171161958,-2.57619600424762,neither,low,8.0,,1.0,1.0
"Rat heart, male 4 wk",GTF2E1,1.0,0.0281465538682378,-1.13923925038302,neither,mid,6.0,low,1.0,1.0
"Rat heart, male 4 wk",GTF2IRD1,-1.0,0.778702686504986,0.156384965374682,neither,low,4.0,mid,2.0,1.0
"Rat heart, male 4 wk",GTPBP6,-1.0,0.0036218732697713,2.39766103854127,neither,mid,0.0,high,2.0,1.0
"Rat heart, male 4 wk",HBA1,1.0,-4.61746645453186,-2.18670667548284,RNA only,mid,0.0,mid,2.0,1.0
"Rat heart, male 4 wk",HBB,1.0,-4.92505998367582,-1.5475467042018,RNA only,mid,0.0,high,1.0,1.0
"Rat heart, male 4 wk",HBD,1.0,-2.03928631696444,-1.50589444963797,neither,low,0.0,low,2.0,1.0
"Rat heart, male 4 wk",HEG1,1.0,-0.366732308616558,-1.37370493932827,neither,high,2.0,high,1.0,1.0
"Rat heart, male 4 wk",HERC6,1.0,1.3839456541039,1.5761507403971,neither,mid,2.0,mid,1.0,1.0
"Rat heart, male 4 wk",HLTF,1.0,-2.37747644904006,-0.83260321735334,neither,high,0.0,mid,1.0,1.0
"Rat heart, male 4 wk",HMGCL,1.0,1.35225632433945,0.972919106959789,neither,high,0.0,mid,1.0,1.0
"Rat heart, male 4 wk",HMGN1,1.0,-1.87856625443722,-0.961045927340104,neither,high,0.0,high,2.0,1.0
"Rat heart, male 4 wk",HMGN2,1.0,-3.61150541608306,-3.50382472273967,RNA only,high,0.0,high,1.0,1.0
"Rat heart, male 4 wk",HMOX2,-1.0,-1.6095876237183,1.29840858650564,neither,high,0.0,high,1.0,1.0
"Rat heart, male 4 wk",HOPX,-1.0,0.751955938415671,-0.581399254028502,neither,mid,0.0,mid,1.0,1.0
"Rat heart, male 4 wk",HPRT1,1.0,-0.280765764199001,1.05628199791179,neither,mid,0.0,high,2.0,1.0
"Rat heart, male 4 wk",HSP90AA1,-1.0,-0.39906091284167,4.00550668334938,protein only,high,0.0,high,2.0,1.0
"Rat heart, male 4 wk",HSPA2,1.0,0.178132067097315,0.502865063620521,neither,low,0.0,mid,1.0,1.0
"Rat heart, male 4 wk",HSPA5,1.0,-4.44496337891397,0.118491982409371,RNA only,high,0.0,high,1.0,1.0
"Rat heart, male 4 wk",HSPB2,-1.0,0.173161318064042,0.656223086895413,neither,high,0.0,high,1.0,1.0
"Rat heart, male 4 wk",HSPB6,1.0,4.34145180174991,4.71701538639678,"both, same sign",high,0.0,high,1.0,1.0
"Rat heart, male 4 wk",HTRA1,1.0,0.601135514552091,-1.79798874772242,neither,high,0.0,high,1.0,1.0
"Rat heart, male 4 wk",IFI44L,1.0,-0.861744061318793,-2.6416439581448,neither,low,8.0,mid,1.0,1.0
"Rat heart, male 4 wk",IFIT3,1.0,1.5343326406618,-3.12135966731465,neither,mid,0.0,mid,1.0,1.0
"Rat heart, male 4 wk",IL1RL1,-1.0,-0.942551022500513,-0.581530920538906,neither,low,0.0,mid,1.0,1.0
"Rat heart, male 4 wk",IRS1,-1.0,-3.10217897218607,0.0343664734407439,neither,high,0.0,mid,1.0,1.0
"Rat heart, male 4 wk",IRS2,-1.0,-3.08259738368819,0.0684922667212127,neither,high,0.0,mid,1.0,1.0
"Rat heart, male 4 wk",ITFG1,1.0,0.144249259368231,1.13587125361614,neither,high,2.0,mid,1.0,1.0
"Rat heart, male 4 wk",ITGA5,-1.0,0.111063171774558,2.32381485796073,neither,high,0.0,high,1.0,1.0
"Rat heart, male 4 wk",IVNS1ABP,1.0,7.05360144852328,6.29210829760645,"both, same sign",high,0.0,high,1.0,1.0
"Rat heart, male 4 wk",JAK2,1.0,-1.17306185647215,-0.190774311729399,neither,mid,0.0,mid,1.0,1.0
"Rat heart, male 4 wk",JUP,-1.0,0.160017597212295,1.9347667666993,neither,high,0.0,high,1.0,1.0
"Rat heart, male 4 wk",KCNIP2,-1.0,1.67705135764092,-0.0474894777716889,neither,high,8.0,high,2.0,1.0
"Rat heart, male 4 wk",KLF4,-1.0,-1.21651493998438,-2.16840472375516,neither,high,0.0,high,1.0,1.0
"Rat heart, male 4 wk",KLHL21,-1.0,0.959064099800982,0.0406190178799328,neither,high,2.0,high,1.0,1.0
"Rat heart, male 4 wk",KLHL41,-1.0,-2.10388410210747,1.64461258352204,neither,high,0.0,high,1.0,1.0
"Rat heart, male 4 wk",KPNA2,-1.0,-1.70056936245246,-0.572821073980126,neither,high,0.0,mid,1.0,1.0
"Rat heart, male 4 wk",LAMB1,1.0,-0.51182989690219,0.163788888377283,neither,high,0.0,high,1.0,1.0
"Rat heart, male 4 wk",LARP6,-1.0,1.2842668563278,-1.56630200753333,neither,low,4.0,high,1.0,1.0
"Rat heart, male 4 wk",LMCD1,-1.0,2.61377023946174,-0.110589675882493,neither,high,0.0,mid,1.0,1.0
"Rat heart, male 4 wk",LOXL1,1.0,-0.685994556704375,-1.79504888219275,neither,mid,0.0,high,1.0,1.0
"Rat heart, male 4 wk",LPIN1,-1.0,2.11980476668821,5.72816644115812,protein only,high,0.0,high,1.0,1.0
"Rat heart, male 4 wk",LRRC49,1.0,1.75908191852912,-0.875689499917891,neither,mid,4.0,mid,1.0,1.0
"Rat heart, male 4 wk",LRRC59,-1.0,-0.635147039963025,-0.120379140586464,neither,high,0.0,high,1.0,1.0
"Rat heart, male 4 wk",LSAMP,-1.0,0.898404513847138,-0.14524375784593,neither,mid,0.0,low,1.0,1.0
"Rat heart, male 4 wk",LSP1,1.0,1.02022001149201,-0.953640331753774,neither,mid,0.0,mid,1.0,1.0
"Rat heart, male 4 wk",LTBP1,1.0,-0.257658725753587,-1.77740992222209,neither,high,0.0,high,1.0,1.0
"Rat heart, male 4 wk",LTBP2,1.0,-0.817847115082306,-0.903079640934706,neither,mid,0.0,high,1.0,1.0
"Rat heart, male 4 wk",LUM,1.0,-0.834588852684058,-1.83248197166224,neither,high,0.0,high,1.0,1.0
"Rat heart, male 4 wk",LYVE1,-1.0,0.618367580276045,0.048463626105483,neither,high,2.0,mid,1.0,1.0
"Rat heart, male 4 wk",MAFF,-1.0,1.27989015438899,0.507505987627191,neither,mid,0.0,mid,1.0,1.0
"Rat heart, male 4 wk",MAGED1,1.0,-0.0173070460572392,1.4302480828217,neither,high,0.0,high,1.0,1.0
"Rat heart, male 4 wk",MAGED2,1.0,-0.988689826763615,-0.554516233076173,neither,mid,0.0,high,1.0,1.0
"Rat heart, male 4 wk",MAP1LC3B,-1.0,2.4673770233797,-1.27568541025804,neither,high,0.0,high,1.0,1.0
"Rat heart, male 4 wk",MAP2K1,-1.0,-1.31790594208628,1.85639597302236,neither,high,0.0,high,1.0,1.0
"Rat heart, male 4 wk",MARK3,-1.0,-0.0297743486487676,-2.50677238228743,neither,high,0.0,high,1.0,2.0
"Rat heart, male 4 wk",MBNL2,-1.0,-0.736261895893093,-0.817550253772964,neither,high,0.0,high,1.0,1.0
"Rat heart, male 4 wk",MCM6,1.0,-0.90238835005034,-0.611428147685394,neither,low,0.0,low,1.0,1.0
"Rat heart, male 4 wk",MEIS1,-1.0,-0.979527575955615,1.31256233928969,neither,mid,2.0,mid,1.0,1.0
"Rat heart, male 4 wk",METTL22,-1.0,0.620124222992796,-1.3869116085605,neither,mid,4.0,mid,1.0,1.0
"Rat heart, male 4 wk",MFAP4,1.0,0.930541763624582,-2.59669709768364,neither,low,0.0,high,2.0,1.0
"Rat heart, male 4 wk",MKNK2,-1.0,4.16306235341922,0.332321656134275,RNA only,high,6.0,high,1.0,1.0
"Rat heart, male 4 wk",MOAP1,1.0,0.265427514105667,1.30977313924486,neither,low,6.0,high,1.0,1.0
"Rat heart, male 4 wk",MPI,1.0,-0.309929181809826,2.34902999881803,neither,high,0.0,mid,1.0,1.0
"Rat heart, male 4 wk",MPP3,-1.0,0.392263186449428,0.424926743921144,neither,low,4.0,high,1.0,1.0
"Rat heart, male 4 wk",MRPL34,-1.0,-0.180355796947725,-0.96426569173316,neither,mid,0.0,high,1.0,1.0
"Rat heart, male 4 wk",MTCH1,-1.0,1.30900025530265,1.23528541992811,neither,high,0.0,high,1.0,1.0
"Rat heart, male 4 wk",MTR,1.0,-0.887378818189533,-1.17685436947304,neither,mid,0.0,mid,1.0,1.0
"Rat heart, male 4 wk",MTUS2,-1.0,-0.960819492923064,2.15151665484909,neither,high,0.0,high,1.0,1.0
"Rat heart, male 4 wk",MX1,1.0,0.837555476801045,-1.42582121675849,neither,mid,0.0,mid,1.0,1.0
"Rat heart, male 4 wk",MXI1,-1.0,0.62554103823958,1.03824938640425,neither,high,8.0,high,1.0,1.0
"Rat heart, male 4 wk",MYL7,-1.0,1.52653100201315,0.79095119509692,neither,high,0.0,high,1.0,1.0
"Rat heart, male 4 wk",MYO16,-1.0,-0.371439853351785,0.509122090683757,neither,low,0.0,low,1.0,1.0
"Rat heart, male 4 wk",MYOM2,1.0,1.06165660347625,1.85057075627138,neither,high,0.0,high,1.0,1.0
"Rat heart, male 4 wk",MYOT,-1.0,-0.369849473194153,1.50384918385267,neither,low,0.0,mid,2.0,1.0
"Rat heart, male 4 wk",NAA15,-1.0,-0.467611093517814,-0.468949564957606,neither,high,0.0,mid,1.0,1.0
"Rat heart, male 4 wk",NACC2,-1.0,-0.263307246862363,-0.938012850665239,neither,high,6.0,high,1.0,1.0
"Rat heart, male 4 wk",NAMPT,-1.0,3.68180080970061,1.80349848447472,RNA only,high,0.0,high,1.0,1.0
"Rat heart, male 4 wk",NCAM1,-1.0,-0.201014152273864,2.31406826113366,neither,mid,0.0,high,1.0,2.0
"Rat heart, male 4 wk",NCF2,1.0,-0.273339896372152,-0.778370317622014,neither,low,8.0,low,1.0,1.0
"Rat heart, male 4 wk",NDRG4,-1.0,2.8162715075703,3.15199029718769,neither,high,0.0,high,1.0,1.0
"Rat heart, male 4 wk",NID1,-1.0,0.425828576924421,1.03085270665262,neither,high,0.0,high,1.0,1.0
"Rat heart, male 4 wk",NIT2,1.0,1.5727946675238,2.85431024489998,neither,mid,0.0,mid,1.0,1.0
"Rat heart, male 4 wk",NKX2-5,-1.0,-0.892739979862668,1.24963234842456,neither,high,4.0,high,1.0,1.0
"Rat heart, male 4 wk",NOS3,-1.0,-0.0633831161035405,2.60766605905225,neither,high,0.0,mid,1.0,1.0
"Rat heart, male 4 wk",NPPA,1.0,1.04566599760049,0.181051739535524,neither,high,0.0,high,1.0,1.0
"Rat heart, male 4 wk",NPPB,1.0,1.52771680814372,-0.699613679775918,neither,high,0.0,high,1.0,1.0
"Rat heart, male 4 wk",NQO2,-1.0,-0.0304618771686721,0.416322478076904,neither,high,0.0,mid,1.0,1.0
"Rat heart, male 4 wk",NRAP,-1.0,3.07024219648503,2.6077108370963,neither,high,0.0,high,1.0,2.0
"Rat heart, male 4 wk",NUCB2,1.0,0.772977635728011,-0.792743771624452,neither,high,0.0,mid,1.0,1.0
"Rat heart, male 4 wk",NUDT3,1.0,-0.909239202048068,-0.179934763011443,neither,high,0.0,high,1.0,1.0
"Rat heart, male 4 wk",NUDT4,-1.0,-0.871041488455497,0.240119644979865,neither,high,0.0,high,1.0,1.0
"Rat heart, male 4 wk",NUP37,1.0,0.112414546687502,-0.090519075515793,neither,low,0.0,mid,1.0,1.0
"Rat heart, male 4 wk",OGDH,-1.0,0.644356185172564,0.98880507468881,neither,high,0.0,high,1.0,1.0
"Rat heart, male 4 wk",OGN,1.0,-0.623763326518534,-1.60497579734235,neither,high,0.0,mid,2.0,1.0
"Rat heart, male 4 wk",OLFML3,1.0,0.0537098740764689,-1.92822827177432,neither,mid,0.0,mid,1.0,1.0
"Rat heart, male 4 wk",P2RX5,-1.0,2.02388090341677,1.83350519481754,neither,high,0.0,mid,1.0,1.0
"Rat heart, male 4 wk",PALMD,1.0,-0.487941102033389,1.81697366414288,neither,high,0.0,high,1.0,1.0
"Rat heart, male 4 wk",PCCB,1.0,-0.833893437993249,2.34711635384761,neither,high,0.0,high,1.0,1.0
"Rat heart, male 4 wk",PCNT,-1.0,1.89848005998765,2.79308370359816,neither,high,0.0,mid,1.0,1.0
"Rat heart, male 4 wk",PCOLCE,1.0,-0.530837450907389,-0.85807000157649,neither,mid,0.0,high,1.0,1.0
"Rat heart, male 4 wk",PDK4,1.0,1.51847688047984,3.14110407890459,neither,high,0.0,high,1.0,1.0
"Rat heart, male 4 wk",PDLIM3,1.0,-1.40058490664386,3.43358475766726,neither,high,2.0,high,1.0,3.0
"Rat heart, male 4 wk",PDZD2,-1.0,-1.91082368426239,-0.0231655268237776,neither,high,0.0,mid,1.0,1.0
"Rat heart, male 4 wk",PHF11,1.0,-0.237319816297362,-1.03359171767323,neither,low,8.0,mid,1.0,1.0
"Rat heart, male 4 wk",PHLDA1,1.0,-1.75997293547938,0.747371941664816,neither,high,8.0,mid,1.0,1.0
"Rat heart, male 4 wk",PKM,1.0,4.28403558451863,6.80022486140002,"both, same sign",high,0.0,high,1.0,2.0
"Rat heart, male 4 wk",PLA2G2A,-1.0,-0.127355711308714,-1.31924028882414,neither,mid,0.0,high,1.0,1.0
"Rat heart, male 4 wk",PLBD1,1.0,1.04308144741552,-1.03748748580121,neither,high,0.0,high,1.0,1.0
"Rat heart, male 4 wk",PLIN2,-1.0,0.710940338284137,-3.8586952915238,protein only,high,0.0,high,1.0,1.0
"Rat heart, male 4 wk",PLP2,-1.0,-0.834548244860396,-2.06190226593268,neither,mid,6.0,high,1.0,1.0
"Rat heart, male 4 wk",PLXDC1,1.0,-2.19288770294499,-2.08026948108627,neither,mid,4.0,mid,1.0,1.0
"Rat heart, male 4 wk",PODXL,-1.0,0.575118238788295,0.934733207178678,neither,high,0.0,high,1.0,1.0
"Rat heart, male 4 wk",POGLUT1,-1.0,1.26814002099752,-1.34646222493258,neither,low,0.0,mid,1.0,1.0
"Rat heart, male 4 wk",POLE3,-1.0,0.664479408949279,0.90306401675554,neither,low,0.0,high,2.0,1.0
"Rat heart, male 4 wk",POR,-1.0,1.99140978766707,1.11599313240966,neither,high,0.0,high,1.0,1.0
"Rat heart, male 4 wk",PPL,-1.0,1.71314040455844,-0.668035028288181,neither,mid,0.0,mid,1.0,1.0
"Rat heart, male 4 wk",PPP1R12B,1.0,1.00077084385514,0.873994953394833,neither,high,0.0,high,1.0,2.0
"Rat heart, male 4 wk",PPT1,1.0,0.353997066873723,-2.33204107739138,neither,mid,0.0,high,1.0,1.0
"Rat heart, male 4 wk",PRDX4,1.0,-0.49002622278022,-0.925736005513659,neither,low,2.0,high,1.0,1.0
"Rat heart, male 4 wk",PRDX6,-1.0,1.01789131460243,2.46133524885416,neither,high,0.0,high,1.0,1.0
"Rat heart, male 4 wk",PSD3,1.0,0.0525481217080217,0.0608975755953181,neither,mid,2.0,mid,1.0,1.0
"Rat heart, male 4 wk",PSMB10,1.0,-0.271279684237572,-1.28586926409747,neither,mid,0.0,high,1.0,1.0
"Rat heart, male 4 wk",PSME4,-1.0,2.07238697325114,-0.370253654437249,neither,high,0.0,high,1.0,1.0
"Rat heart, male 4 wk",PSPH,-1.0,-1.24341748184022,-0.908142200604733,neither,low,0.0,mid,1.0,1.0
"Rat heart, male 4 wk",PTN,1.0,1.35380380281489,0.019992042447293,neither,low,6.0,high,1.0,1.0
"Rat heart, male 4 wk",PTP4A2,-1.0,0.989024043135491,-0.739883727870559,neither,high,0.0,high,1.0,1.0
"Rat heart, male 4 wk",PTP4A3,-1.0,1.73574275817085,-0.769961071139768,neither,high,8.0,high,1.0,1.0
"Rat heart, male 4 wk",PXMP2,-1.0,0.109537800228698,1.11745058035831,neither,high,0.0,high,1.0,1.0
"Rat heart, male 4 wk",QSOX1,-1.0,0.0540293421593111,-0.231549994400218,neither,mid,6.0,high,1.0,1.0
"Rat heart, male 4 wk",RAB9A,-1.0,0.140941403888119,3.00731254992209,neither,mid,2.0,mid,1.0,1.0
"Rat heart, male 4 wk",RABAC1,-1.0,1.23679265297252,0.218856629154684,neither,high,4.0,high,1.0,1.0
"Rat heart, male 4 wk",RANGAP1,-1.0,-0.131205462206881,-3.31666882744585,neither,high,0.0,high,1.0,1.0
"Rat heart, male 4 wk",RBFOX1,-1.0,3.16318316816554,0.929924866029841,neither,high,2.0,mid,1.0,1.0
"Rat heart, male 4 wk",RBM10,1.0,-0.243954441061012,0.498243469024658,neither,high,0.0,high,1.0,1.0
"Rat heart, male 4 wk",RBP4,-1.0,-0.786494635867024,-5.80257779064948,protein only,low,0.0,low,1.0,1.0
"Rat heart, male 4 wk",RCAN1,-1.0,-1.53043314160597,-0.740126170672108,neither,high,4.0,high,1.0,1.0
"Rat heart, male 4 wk",RCBTB2,1.0,0.290896681680482,-1.706832902452,neither,mid,0.0,mid,1.0,1.0
"Rat heart, male 4 wk",REV1,-1.0,0.0782524314907981,1.1949107147174,neither,high,2.0,high,1.0,1.0
"Rat heart, male 4 wk",RHOC,-1.0,-1.87459851679215,0.552118786655759,neither,high,0.0,high,1.0,1.0
"Rat heart, male 4 wk",RHOT1,-1.0,-0.0255781224532508,1.95106884896046,neither,high,0.0,mid,1.0,1.0
"Rat heart, male 4 wk",RNASET2,1.0,-0.545766612436408,-2.14043104800458,neither,mid,0.0,mid,1.0,1.0
"Rat heart, male 4 wk",RNF14,-1.0,0.67409922789497,-1.30285239211273,neither,high,0.0,high,1.0,1.0
"Rat heart, male 4 wk",RNF146,1.0,1.79462151279045,1.89812203223753,neither,mid,0.0,high,1.0,1.0
"Rat heart, male 4 wk",RWDD1,-1.0,0.988669133331971,-0.0507149684039333,neither,mid,0.0,high,1.0,1.0
"Rat heart, male 4 wk",S100A8,-1.0,0.520688982096901,-0.371570288265062,neither,low,0.0,high,1.0,1.0
"Rat heart, male 4 wk",S100A9,-1.0,0.461325438123629,-0.374660064648397,neither,low,0.0,high,1.0,1.0
"Rat heart, male 4 wk",SAMHD1,-1.0,1.11325657340779,-0.188450797709293,neither,low,0.0,high,1.0,1.0
"Rat heart, male 4 wk",SEC31A,1.0,2.32286393768974,-1.73039052960959,neither,high,0.0,high,1.0,1.0
"Rat heart, male 4 wk",SEC61A1,-1.0,-2.46363704363135,0.440068887011746,neither,high,0.0,high,1.0,1.0
"Rat heart, male 4 wk",SERPINE1,-1.0,0.137179554521846,0.940392943150522,neither,high,6.0,high,1.0,1.0
"Rat heart, male 4 wk",SERPINE2,1.0,-0.423816373031066,-0.460033559944923,neither,high,0.0,mid,1.0,1.0
"Rat heart, male 4 wk",SH3BGR,-1.0,-1.96763146972875,1.71671198676047,neither,high,0.0,high,2.0,1.0
"Rat heart, male 4 wk",SH3BGRL,1.0,1.22133852612018,-0.886952362143516,neither,low,0.0,high,1.0,1.0
"Rat heart, male 4 wk",SH3GL2,1.0,0.235424982529546,1.07722417977438,neither,low,0.0,low,1.0,1.0
"Rat heart, male 4 wk",SIK1,-1.0,-0.631518776316871,0.269426837852494,neither,mid,0.0,low,1.0,1.0
"Rat heart, male 4 wk",SLC25A11,1.0,-0.187240608441003,0.397831831609444,neither,high,0.0,high,1.0,1.0
"Rat heart, male 4 wk",SLC25A12,-1.0,1.03826256398002,2.03438569188575,neither,high,0.0,high,1.0,1.0
"Rat heart, male 4 wk",SLC25A20,1.0,1.48775945681166,1.89529872544417,neither,high,0.0,high,1.0,1.0
"Rat heart, male 4 wk",SLC30A1,1.0,0.450487356944153,-0.61842568443151,neither,mid,0.0,mid,1.0,1.0
"Rat heart, male 4 wk",SLC39A14,-1.0,-0.589982099195422,1.13801432655536,neither,high,0.0,high,1.0,1.0
"Rat heart, male 4 wk",SLCO2A1,-1.0,0.373393002043911,-1.65076654201839,neither,low,8.0,high,1.0,1.0
"Rat heart, male 4 wk",SNRPB,-1.0,-1.87127048552992,-2.26905947347097,neither,high,0.0,high,1.0,1.0
"Rat heart, male 4 wk",SNX7,-1.0,0.100475258483205,-0.0789232387426229,neither,low,0.0,mid,1.0,1.0
"Rat heart, male 4 wk",SORT1,-1.0,2.05457833418758,0.784274915529231,neither,high,0.0,high,1.0,1.0
"Rat heart, male 4 wk",SOS1,-1.0,1.22251539537832,-0.27816815056728,neither,high,0.0,mid,1.0,1.0
"Rat heart, male 4 wk",SPARC,1.0,-3.533872361573,-3.37317029054799,neither,high,0.0,high,1.0,1.0
"Rat heart, male 4 wk",SPG11,1.0,1.64266740317429,2.66390282722425,neither,high,0.0,mid,1.0,1.0
"Rat heart, male 4 wk",SRGN,-1.0,0.370903195337863,0.0205139764963432,neither,mid,6.0,high,1.0,1.0
"Rat heart, male 4 wk",SSPN,1.0,-0.507983695949092,1.34435728793778,neither,high,2.0,mid,1.0,1.0
"Rat heart, male 4 wk",STAT3,-1.0,-0.164210809093496,3.16843772216898,neither,high,0.0,high,1.0,1.0
"Rat heart, male 4 wk",STEAP3,-1.0,0.82879752691435,0.0592276333142596,neither,mid,6.0,mid,1.0,1.0
"Rat heart, male 4 wk",STIP1,-1.0,-1.15913931550324,2.69120213948343,neither,high,0.0,high,1.0,1.0
"Rat heart, male 4 wk",STK38L,1.0,-1.39330722902429,-1.27665778850355,neither,high,0.0,mid,1.0,1.0
"Rat heart, male 4 wk",SUCLA2,1.0,0.275196683904016,1.86435916905713,neither,high,0.0,high,1.0,1.0
"Rat heart, male 4 wk",SUN2,-1.0,-0.71505717638715,1.46998386339791,neither,high,0.0,high,1.0,1.0
"Rat heart, male 4 wk",SYNPO2L,1.0,-1.33371520885222,3.12403512725144,neither,high,0.0,high,1.0,1.0
"Rat heart, male 4 wk",TAPBPL,1.0,-0.568525659976344,2.0158456374785,neither,mid,6.0,mid,1.0,1.0
"Rat heart, male 4 wk",TGFBR3,-1.0,1.59643866240411,-2.95087584158043,neither,high,6.0,mid,1.0,1.0
"Rat heart, male 4 wk",TGM2,-1.0,-0.599179717584776,2.35148068294752,neither,high,0.0,high,1.0,1.0
"Rat heart, male 4 wk",THBS1,-1.0,-2.28379260220874,-2.03051884650378,neither,mid,0.0,high,1.0,1.0
"Rat heart, male 4 wk",THBS2,1.0,1.47472160961617,-1.95881284286025,neither,high,6.0,mid,1.0,1.0
"Rat heart, male 4 wk",THBS4,1.0,-0.60768375873108,0.0488789405193259,neither,mid,0.0,high,1.0,1.0
"Rat heart, male 4 wk",TIE1,1.0,-0.900515338558448,-1.18896772306436,neither,high,8.0,high,1.0,1.0
"Rat heart, male 4 wk",TIMP3,-1.0,0.0014473399080481,-1.92961821436258,neither,high,0.0,high,1.0,1.0
"Rat heart, male 4 wk",TLN1,1.0,0.0635249143750414,-1.68028901999216,neither,high,0.0,high,1.0,1.0
"Rat heart, male 4 wk",TMEM38B,-1.0,-0.593102921040777,0.217889069674809,neither,mid,4.0,mid,1.0,1.0
"Rat heart, male 4 wk",TMSB4X,1.0,0.284908211143045,-0.501323131540353,neither,high,0.0,high,1.0,1.0
"Rat heart, male 4 wk",TNNI1,1.0,0.760197415783882,0.377363736147887,neither,low,0.0,low,1.0,1.0
"Rat heart, male 4 wk",TPCN1,1.0,0.715613476695215,-1.56632168492573,neither,high,0.0,high,1.0,1.0
"Rat heart, male 4 wk",TPPP3,1.0,-1.27920630730563,-1.21207122263336,neither,mid,0.0,mid,1.0,1.0
"Rat heart, male 4 wk",TPRKB,-1.0,-0.731477573023573,-0.990078378999182,neither,low,0.0,high,2.0,1.0
"Rat heart, male 4 wk",TRDN,-1.0,1.71736053508449,1.22232531244644,neither,high,0.0,high,1.0,1.0
"Rat heart, male 4 wk",TRMT5,1.0,-0.167074734458138,-0.178300959119033,neither,low,0.0,low,1.0,1.0
"Rat heart, male 4 wk",TUBA4A,-1.0,-3.18187971590677,0.904262013212906,neither,high,0.0,high,1.0,1.0
"Rat heart, male 4 wk",TUBG1,-1.0,-0.506528145480037,1.49171014588242,neither,high,0.0,high,1.0,1.0
"Rat heart, male 4 wk",TXNIP,1.0,0.158940058297054,1.93572816798507,neither,high,0.0,high,1.0,1.0
"Rat heart, male 4 wk",TXNRD1,-1.0,3.09675935058943,5.42886022117405,protein only,high,0.0,high,1.0,1.0
"Rat heart, male 4 wk",UAP1,-1.0,0.024907417179549,1.8400401967209,neither,high,0.0,high,1.0,1.0
"Rat heart, male 4 wk",UBFD1,-1.0,-1.22370156825312,0.285235318251482,neither,mid,0.0,high,1.0,1.0
"Rat heart, male 4 wk",UBQLN2,1.0,0.814725113976204,-0.827453951923383,neither,high,0.0,high,1.0,1.0
"Rat heart, male 4 wk",UFSP2,1.0,0.854982745339698,0.844351889187038,neither,mid,0.0,high,1.0,1.0
"Rat heart, male 4 wk",UGP2,-1.0,2.59790204312785,2.11282110187709,neither,high,0.0,high,1.0,2.0
"Rat heart, male 4 wk",VCAN,1.0,0.235193670189873,-1.58251794676768,neither,high,0.0,mid,1.0,1.0
"Rat heart, male 4 wk",VEZF1,-1.0,0.662421417047424,-2.19354462970961,neither,high,0.0,high,1.0,1.0
"Rat heart, male 4 wk",VPS13D,-1.0,3.6415029266058,2.8637806336046,RNA only,high,0.0,mid,1.0,1.0
"Rat heart, male 4 wk",VTN,1.0,0.12338706069777,-4.75944185923494,protein only,high,0.0,high,1.0,1.0
"Rat heart, male 4 wk",WFS1,1.0,-2.128650737679,2.3541831066432,neither,high,0.0,high,1.0,1.0
"Rat heart, male 4 wk",XRCC4,-1.0,-1.39232909260773,1.36217136675015,neither,mid,0.0,low,1.0,1.0
"Rat heart, male 4 wk",YBX3,-1.0,-1.16810052806312,-4.56853735170971,protein only,high,0.0,high,1.0,1.0
"Rat heart, male 4 wk",YEATS2,1.0,0.444464551796289,1.39113465335871,neither,mid,4.0,mid,1.0,1.0
"Rat heart, male 4 wk",ZBTB16,1.0,1.03715008740283,1.60464331447096,neither,high,0.0,mid,1.0,1.0
"Rat heart, male 8 wk",ABHD5,-1.0,0.930286458376976,-2.8832796301596,neither,mid,0.0,mid,1.0,1.0
"Rat heart, male 8 wk",ABL1,-1.0,-1.17858891573992,1.50689831240387,neither,high,0.0,high,2.0,1.0
"Rat heart, male 8 wk",ACSS3,-1.0,-0.812025684717336,0.974270980550483,neither,low,0.0,mid,1.0,1.0
"Rat heart, male 8 wk",ACTA1,-1.0,1.42026713517539,4.01934540287964,protein only,high,0.0,high,1.0,1.0
"Rat heart, male 8 wk",ADAMTS1,-1.0,1.62581820244778,1.09882207103374,neither,high,6.0,high,1.0,1.0
"Rat heart, male 8 wk",ADAMTSL3,1.0,-2.28784664902847,-1.38792085224913,neither,mid,0.0,low,1.0,1.0
"Rat heart, male 8 wk",ADD3,1.0,-2.09767268715438,-1.11907805439377,neither,high,0.0,high,1.0,1.0
"Rat heart, male 8 wk",ADH5,1.0,-2.78685928043163,-1.77274797205674,neither,high,0.0,high,1.0,1.0
"Rat heart, male 8 wk",ALAS1,1.0,-5.20621513451381,-4.41989746866913,"both, same sign",high,0.0,high,1.0,1.0
"Rat heart, male 8 wk",ALDH5A1,1.0,0.421537623353462,3.27378017226184,protein only,high,0.0,mid,1.0,1.0
"Rat heart, male 8 wk",ALDH9A1,1.0,2.42888703178218,1.31232921229151,neither,high,0.0,high,1.0,1.0
"Rat heart, male 8 wk",AMD1,-1.0,-1.42638532126197,-0.471674169307822,neither,high,2.0,high,1.0,1.0
"Rat heart, male 8 wk",ANK1,1.0,-0.57587997595808,-2.05128118211057,neither,high,0.0,mid,1.0,2.0
"Rat heart, male 8 wk",ANKMY2,1.0,-0.813900842212641,-1.41382069898057,neither,high,0.0,high,1.0,1.0
"Rat heart, male 8 wk",ANKRD1,-1.0,-0.88500030607492,-0.257439981961389,neither,high,0.0,high,1.0,2.0
"Rat heart, male 8 wk",ANP32E,1.0,1.16843092445001,-0.489664482668092,neither,high,0.0,high,1.0,1.0
"Rat heart, male 8 wk",ANXA4,1.0,2.75248437789993,0.002961383407618,neither,high,0.0,mid,1.0,1.0
"Rat heart, male 8 wk",ANXA6,1.0,-0.947780106764682,-0.416417341327206,neither,high,0.0,high,1.0,2.0
"Rat heart, male 8 wk",AOX1,-1.0,1.36328914445994,1.01509946246771,neither,mid,0.0,low,1.0,1.0
"Rat heart, male 8 wk",AP1S2,-1.0,1.29223732841861,1.18313134827736,neither,high,0.0,high,1.0,1.0
"Rat heart, male 8 wk",AP2B1,1.0,-0.643616262739288,-0.237197565295727,neither,high,0.0,high,1.0,1.0
"Rat heart, male 8 wk",AP3M2,1.0,1.16929082465978,0.692299388847756,neither,low,0.0,mid,1.0,1.0
"Rat heart, male 8 wk",ARHGAP15,1.0,-0.845648859436747,-3.89323267831447,neither,low,8.0,low,1.0,1.0
"Rat heart, male 8 wk",ARHGDIB,1.0,-1.51477233497364,-3.37259658919724,protein only,high,0.0,high,1.0,1.0
"Rat heart, male 8 wk",ARMCX3,1.0,0.426217572984704,1.70451477959068,neither,high,2.0,high,1.0,1.0
"Rat heart, male 8 wk",ASMTL,1.0,-1.37390881825695,0.842281891199186,neither,mid,0.0,high,1.0,2.0
"Rat heart, male 8 wk",ASPN,1.0,-2.9599629882669,0.257415843795524,neither,low,0.0,mid,2.0,1.0
"Rat heart, male 8 wk",ATP1A1,-1.0,-5.12517524660312,1.0945889416523,RNA only,high,0.0,high,1.0,1.0
"Rat heart, male 8 wk",ATP1A2,-1.0,-2.24182319316889,-1.42238134803356,neither,high,0.0,high,1.0,1.0
"Rat heart, male 8 wk",ATP1A3,1.0,2.71951298614757,0.224207695486667,neither,mid,0.0,high,1.0,1.0
"Rat heart, male 8 wk",ATP1B1,-1.0,-1.55339330918007,0.587818347355804,neither,high,0.0,high,1.0,1.0
"Rat heart, male 8 wk",ATP1B3,-1.0,0.794544559619329,-0.800937902425607,neither,high,0.0,high,1.0,1.0
"Rat heart, male 8 wk",ATP2A2,-1.0,-1.97552649099739,0.909704946408463,neither,high,0.0,high,1.0,2.0
"Rat heart, male 8 wk",AUTS2,1.0,1.37088859597135,-0.469375617659221,neither,mid,2.0,low,1.0,1.0
"Rat heart, male 8 wk",BAG2,-1.0,-0.936181839125627,4.70195379083776,protein only,mid,0.0,mid,1.0,1.0
"Rat heart, male 8 wk",BASP1,1.0,-0.644626110641024,-0.999647163991716,neither,low,0.0,low,1.0,1.0
"Rat heart, male 8 wk",BCL2L1,-1.0,-1.77715564813196,-1.58215412668316,neither,high,0.0,high,1.0,1.0
"Rat heart, male 8 wk",BGN,1.0,2.16027858085704,1.92976889230631,neither,high,0.0,high,1.0,1.0
"Rat heart, male 8 wk",BLM,-1.0,0.151800557282942,-1.57126188059016,neither,low,4.0,low,1.0,1.0
"Rat heart, male 8 wk",BRD4,-1.0,-0.136074712639654,-1.45682781441332,neither,high,0.0,high,1.0,1.0
"Rat heart, male 8 wk",C3,-1.0,0.977167588131501,-4.37284163898506,protein only,low,0.0,high,1.0,1.0
"Rat heart, male 8 wk",C4A,-1.0,1.32201194791197,-1.0471596094548,neither,mid,0.0,low,2.0,1.0
"Rat heart, male 8 wk",C6,1.0,1.69314739444898,-1.62930060290588,neither,low,0.0,high,1.0,2.0
"Rat heart, male 8 wk",CALU,-1.0,-1.10808058038514,-0.472285319525998,neither,high,0.0,high,1.0,1.0
"Rat heart, male 8 wk",CCNG1,-1.0,7.19427677233084,0.37816388317763,RNA only,high,4.0,high,1.0,1.0
"Rat heart, male 8 wk",CCT2,-1.0,-2.31342357207952,1.83261967256661,neither,high,0.0,high,1.0,1.0
"Rat heart, male 8 wk",CD163,-1.0,1.26904364532451,1.36644434081393,neither,high,0.0,mid,1.0,1.0
"Rat heart, male 8 wk",CD59,-1.0,-0.0056756074536769,-1.14350277973867,neither,high,0.0,high,1.0,1.0
"Rat heart, male 8 wk",CD74,1.0,0.372666020700379,-1.51599376892739,neither,high,0.0,high,1.0,1.0
"Rat heart, male 8 wk",CDC37L1,-1.0,-1.41226527366906,3.29110671416267,protein only,high,0.0,high,1.0,1.0
"Rat heart, male 8 wk",CDV3,-1.0,5.45988515360163,2.42973038856404,RNA only,high,0.0,high,1.0,1.0
"Rat heart, male 8 wk",CETN3,1.0,-0.61334454244435,0.165506175516755,neither,mid,0.0,mid,2.0,1.0
"Rat heart, male 8 wk",CHORDC1,-1.0,-1.57445887607935,4.30546341780987,protein only,high,0.0,mid,1.0,1.0
"Rat heart, male 8 wk",CLIC4,-1.0,-1.19834179535018,1.15824480598395,neither,high,0.0,high,1.0,1.0
"Rat heart, male 8 wk",CLIP1,-1.0,1.22299562469751,1.57425196903133,neither,high,0.0,high,1.0,3.0
"Rat heart, male 8 wk",CLTB,-1.0,-0.0790397446781544,2.1211705811014,neither,high,0.0,high,1.0,1.0
"Rat heart, male 8 wk",CLU,-1.0,0.0662176796853802,0.162625031474718,neither,high,0.0,high,1.0,1.0
"Rat heart, male 8 wk",CMC2,-1.0,-0.770068771491951,2.52516251209506,neither,low,0.0,mid,1.0,1.0
"Rat heart, male 8 wk",CNN1,-1.0,0.362529482036049,-1.46679009484297,neither,low,0.0,high,1.0,1.0
"Rat heart, male 8 wk",COA4,-1.0,0.0240285193391255,0.545350468987687,neither,low,0.0,high,1.0,1.0
"Rat heart, male 8 wk",COBL,-1.0,-1.40732036277836,-1.51627649182361,neither,mid,0.0,high,1.0,1.0
"Rat heart, male 8 wk",COL15A1,1.0,-5.48677207255342,-6.37831882977268,"both, same sign",high,0.0,high,2.0,1.0
"Rat heart, male 8 wk",COL16A1,1.0,0.38932489956083,0.681479337327924,neither,mid,0.0,mid,1.0,1.0
"Rat heart, male 8 wk",COL1A1,1.0,-1.41067465364131,0.849192455553434,neither,high,0.0,high,1.0,1.0
"Rat heart, male 8 wk",COL1A2,1.0,-0.829114296266358,0.671431959193633,neither,high,0.0,high,2.0,1.0
"Rat heart, male 8 wk",COL3A1,1.0,-1.72972922941657,-2.2529242180772,neither,high,0.0,high,1.0,1.0
"Rat heart, male 8 wk",COL5A1,1.0,-1.72576228469292,-0.544381185179651,neither,high,0.0,mid,1.0,1.0
"Rat heart, male 8 wk",COL5A2,1.0,-1.94644945737244,0.652481052371893,neither,high,0.0,mid,1.0,1.0
"Rat heart, male 8 wk",COMP,1.0,0.412549212415517,0.115846661019368,neither,low,4.0,low,1.0,1.0
"Rat heart, male 8 wk",CORIN,1.0,-4.57554238859888,-2.60173869121355,RNA only,high,0.0,high,1.0,2.0
"Rat heart, male 8 wk",COX17,-1.0,2.41985231022371,1.97403086358197,neither,high,0.0,high,1.0,1.0
"Rat heart, male 8 wk",CPE,1.0,-2.91794150879342,0.308902898129627,neither,high,0.0,high,1.0,1.0
"Rat heart, male 8 wk",CPT2,1.0,-1.3460674228494,-4.54700576257335,protein only,high,0.0,high,1.0,1.0
"Rat heart, male 8 wk",CRIM1,-1.0,-0.634409482386881,-1.15682835995719,neither,high,6.0,high,1.0,1.0
"Rat heart, male 8 wk",CRISPLD2,-1.0,0.928405993046617,0.299020823040983,neither,high,8.0,high,1.0,1.0
"Rat heart, male 8 wk",CRYM,1.0,3.27671423599468,9.23625315648695,"both, same sign",high,0.0,high,1.0,1.0
"Rat heart, male 8 wk",CSDC2,-1.0,4.67296094995527,6.62649495273089,"both, same sign",high,2.0,high,1.0,1.0
"Rat heart, male 8 wk",CTSD,1.0,2.77242097990387,-2.37987475780271,neither,high,0.0,high,1.0,1.0
"Rat heart, male 8 wk",CTSH,1.0,-2.47461916952252,-2.62986613814075,neither,high,0.0,high,1.0,1.0
"Rat heart, male 8 wk",CYP4B1,-1.0,-0.538984129308574,-1.35503609471291,neither,high,0.0,high,1.0,1.0
"Rat heart, male 8 wk",DAZAP1,-1.0,1.41100209940605,-0.119699273072481,neither,high,0.0,high,1.0,1.0
"Rat heart, male 8 wk",DCP2,1.0,0.570001931415802,-1.42135067399389,neither,low,8.0,low,2.0,1.0
"Rat heart, male 8 wk",DDX39A,-1.0,0.188342543695612,0.219803838621005,neither,mid,0.0,high,1.0,1.0
"Rat heart, male 8 wk",DENND1B,1.0,-0.815221494858295,-0.453162923212089,neither,mid,0.0,low,1.0,1.0
"Rat heart, male 8 wk",DERL1,-1.0,-0.461845071824522,1.56478457125997,neither,high,4.0,high,1.0,1.0
"Rat heart, male 8 wk",DLG1,-1.0,3.1068001951973,0.378949357965077,neither,high,0.0,mid,1.0,1.0
"Rat heart, male 8 wk",DLST,1.0,-1.36330557976049,1.68332644416585,neither,high,0.0,high,1.0,1.0
"Rat heart, male 8 wk",DMPK,-1.0,-0.894594559648013,0.279560449113583,neither,high,4.0,high,1.0,2.0
"Rat heart, male 8 wk",DNAJC15,-1.0,-0.133030221169436,4.33130043465409,protein only,high,2.0,mid,1.0,1.0
"Rat heart, male 8 wk",DPM1,1.0,2.06579497707266,-0.206837018447235,neither,mid,0.0,high,1.0,1.0
"Rat heart, male 8 wk",DPYSL3,1.0,-1.90175924881012,-1.43720160277405,neither,mid,0.0,mid,1.0,1.0
"Rat heart, male 8 wk",DVL1,-1.0,0.441830181395814,3.32581739394298,neither,high,2.0,high,1.0,1.0
"Rat heart, male 8 wk",EDNRA,1.0,0.465617217963472,-2.14511406615696,neither,high,6.0,mid,1.0,1.0
"Rat heart, male 8 wk",EFEMP1,1.0,-1.25349942262974,0.107020339283604,neither,mid,0.0,high,1.0,1.0
"Rat heart, male 8 wk",EGLN1,-1.0,0.266485257275382,-1.09591342461887,neither,high,0.0,high,1.0,1.0
"Rat heart, male 8 wk",EHBP1L1,-1.0,1.0833485351115,2.12794329956976,neither,high,0.0,high,1.0,1.0
"Rat heart, male 8 wk",EHD3,1.0,-0.756989940484973,-0.516021501696349,neither,mid,0.0,high,1.0,1.0
"Rat heart, male 8 wk",EIF1AX,-1.0,-1.0253899017267,-0.22123239168478,neither,high,0.0,high,1.0,1.0
"Rat heart, male 8 wk",EIF1AY,1.0,-0.10100139249851,0.546406418108092,neither,mid,2.0,high,1.0,1.0
"Rat heart, male 8 wk",EMC2,1.0,-0.564599950220676,-1.29071135340225,neither,mid,0.0,high,1.0,1.0
"Rat heart, male 8 wk",EMC6,-1.0,-0.0620462998882783,1.58613255645406,neither,high,8.0,high,1.0,1.0
"Rat heart, male 8 wk",EPB41L2,1.0,-0.438043191474947,-1.68717590245073,neither,high,0.0,high,1.0,1.0
"Rat heart, male 8 wk",EPHX2,1.0,0.896707334159892,4.0176718873291,protein only,high,0.0,mid,1.0,2.0
"Rat heart, male 8 wk",EPM2AIP1,1.0,-0.974713159959112,-4.12411873259983,protein only,high,0.0,mid,1.0,1.0
"Rat heart, male 8 wk",EPN3,-1.0,0.181949610626766,2.81329032487709,neither,mid,0.0,mid,1.0,1.0
"Rat heart, male 8 wk",ERLIN2,1.0,0.271036142992969,-1.10926468388609,neither,high,0.0,mid,1.0,1.0
"Rat heart, male 8 wk",EVL,1.0,-0.234162743195924,-5.68856777466877,protein only,mid,0.0,mid,1.0,1.0
"Rat heart, male 8 wk",F5,1.0,1.82185679566125,-1.02490478652726,neither,low,0.0,low,1.0,1.0
"Rat heart, male 8 wk",FAM13A,1.0,0.102252581504578,0.0441947580181767,neither,high,4.0,low,1.0,1.0
"Rat heart, male 8 wk",FASN,-1.0,0.547214142434797,-0.600992701538822,neither,mid,0.0,mid,1.0,1.0
"Rat heart, male 8 wk",FBLN2,1.0,1.38019372059459,-1.78858781635655,neither,high,0.0,high,1.0,1.0
"Rat heart, male 8 wk",FBN1,1.0,-1.84038505634692,-0.529666322835339,neither,high,0.0,mid,1.0,1.0
"Rat heart, male 8 wk",FBXO40,1.0,1.15409170526615,3.77252226851504,protein only,high,0.0,high,1.0,1.0
"Rat heart, male 8 wk",FCGRT,1.0,0.143057011485153,-1.72968282986931,neither,high,8.0,high,1.0,1.0
"Rat heart, male 8 wk",FCN3,-1.0,0.191319278586001,-1.07215544837045,neither,low,0.0,high,1.0,1.0
"Rat heart, male 8 wk",FERMT2,-1.0,0.935972828654259,-2.55444007078299,neither,high,4.0,high,1.0,2.0
"Rat heart, male 8 wk",FGF1,1.0,-1.91615646997631,1.82347505260758,neither,high,0.0,mid,1.0,1.0
"Rat heart, male 8 wk",FGF12,1.0,-3.22923678354404,0.017186304827507,RNA only,mid,0.0,high,1.0,1.0
"Rat heart, male 8 wk",FHOD3,1.0,-1.62375713346205,1.25132307977209,neither,high,0.0,high,1.0,1.0
"Rat heart, male 8 wk",FKBP4,-1.0,-1.78733416101321,0.612293897263884,neither,high,0.0,high,1.0,1.0
"Rat heart, male 8 wk",FKBP5,-1.0,-0.138380877230211,7.99764701657505,protein only,high,0.0,high,1.0,1.0
"Rat heart, male 8 wk",FLII,-1.0,-0.604591196525123,-3.42278854424034,protein only,high,0.0,high,1.0,2.0
"Rat heart, male 8 wk",FLNC,-1.0,0.28255473448188,5.89659220994573,protein only,high,0.0,high,1.0,1.0
"Rat heart, male 8 wk",FMOD,1.0,1.03435111714719,1.32024303715798,neither,mid,0.0,mid,1.0,1.0
"Rat heart, male 8 wk",FNBP1L,1.0,-1.51560043372972,-0.0169146261179421,neither,mid,0.0,mid,1.0,1.0
"Rat heart, male 8 wk",FRZB,1.0,0.589836697721771,-2.15364969561106,neither,low,0.0,low,1.0,1.0
"Rat heart, male 8 wk",FSTL1,1.0,-0.798504170636588,-2.23948143089551,neither,high,2.0,high,1.0,1.0
"Rat heart, male 8 wk",FUCA1,1.0,-0.878594488271303,-1.45349497453293,neither,mid,0.0,mid,1.0,1.0
"Rat heart, male 8 wk",GALNT11,1.0,0.100268755527545,-0.887819102621285,neither,high,8.0,mid,1.0,1.0
"Rat heart, male 8 wk",GATM,1.0,-0.0829813113167872,0.918450789450446,neither,mid,0.0,mid,1.0,1.0
"Rat heart, male 8 wk",GCLM,-1.0,1.05260667681563,-2.81166764816701,neither,mid,0.0,low,1.0,1.0
"Rat heart, male 8 wk",GLOD4,1.0,-0.246828950665584,-0.446026754401258,neither,mid,0.0,mid,1.0,1.0
"Rat heart, male 8 wk",GLRX,1.0,-2.55628932284947,0.182081033187698,neither,mid,0.0,high,1.0,1.0
"Rat heart, male 8 wk",GLRX2,-1.0,1.35854153834283,2.85746666211585,neither,mid,0.0,high,1.0,1.0
"Rat heart, male 8 wk",GLUL,-1.0,4.17269419298378,0.042210696578135,RNA only,high,0.0,high,1.0,1.0
"Rat heart, male 8 wk",GMPR,-1.0,0.954579244861682,0.275764458893786,neither,high,0.0,high,1.0,1.0
"Rat heart, male 8 wk",GNL3,-1.0,1.08320604782163,0.16029243730537,neither,mid,0.0,high,1.0,1.0
"Rat heart, male 8 wk",GPD1L,-1.0,2.01931600604335,5.7529690906362,protein only,high,0.0,high,1.0,1.0
"Rat heart, male 8 wk",GPX3,-1.0,3.8830358889805,1.03428044497457,RNA only,high,0.0,high,1.0,1.0
"Rat heart, male 8 wk",GSTT1,1.0,-0.929495503603146,-0.08789729266304,neither,low,8.0,,1.0,1.0
"Rat heart, male 8 wk",GTF2E1,1.0,0.869971128095296,-0.92833224694087,neither,mid,6.0,low,1.0,1.0
"Rat heart, male 8 wk",GTF2IRD1,-1.0,0.437590578488787,0.0475549782451116,neither,low,4.0,mid,2.0,1.0
"Rat heart, male 8 wk",GTPBP6,-1.0,-0.139779958776346,3.99545598044317,protein only,mid,0.0,high,2.0,1.0
"Rat heart, male 8 wk",HBA1,1.0,-0.772667295457457,-1.22962707287976,neither,mid,0.0,mid,2.0,1.0
"Rat heart, male 8 wk",HBB,1.0,-1.14454575856707,-0.875161010063189,neither,mid,0.0,high,1.0,1.0
"Rat heart, male 8 wk",HBD,1.0,0.473532913958859,0.382948220924395,neither,low,0.0,low,2.0,1.0
"Rat heart, male 8 wk",HEG1,1.0,-0.805147289292014,-0.65365820924542,neither,high,2.0,high,1.0,1.0
"Rat heart, male 8 wk",HERC6,1.0,3.33151389031479,0.70502771502527,RNA only,mid,2.0,mid,1.0,1.0
"Rat heart, male 8 wk",HLTF,1.0,-1.79921429910394,0.210788604652956,neither,high,0.0,mid,1.0,1.0
"Rat heart, male 8 wk",HMGCL,1.0,1.24437452741516,-1.24931501421418,neither,high,0.0,mid,1.0,1.0
"Rat heart, male 8 wk",HMGN1,1.0,-1.6992730797113,0.0287176562151004,neither,high,0.0,high,2.0,1.0
"Rat heart, male 8 wk",HMGN2,1.0,-4.1167498643561,-2.71840785150651,RNA only,high,0.0,high,1.0,1.0
"Rat heart, male 8 wk",HMOX2,-1.0,-0.697195008376507,0.79148216399211,neither,high,0.0,high,1.0,1.0
"Rat heart, male 8 wk",HOPX,-1.0,0.257839961749733,-0.712731591687991,neither,mid,0.0,mid,1.0,1.0
"Rat heart, male 8 wk",HPRT1,1.0,-0.323611632973681,3.12917633943128,neither,mid,0.0,high,2.0,1.0
"Rat heart, male 8 wk",HSP90AA1,-1.0,1.19520448513687,14.616962602497,protein only,high,0.0,high,2.0,1.0
"Rat heart, male 8 wk",HSPA2,1.0,0.964282619638021,3.16696022553336,neither,low,0.0,mid,1.0,1.0
"Rat heart, male 8 wk",HSPA5,1.0,-5.8200991046588,0.249677613348163,RNA only,high,0.0,high,1.0,1.0
"Rat heart, male 8 wk",HSPB2,-1.0,-0.2133103224291,2.448004010718,neither,high,0.0,high,1.0,1.0
"Rat heart, male 8 wk",HSPB6,1.0,8.95211717482646,9.66324675961603,"both, same sign",high,0.0,high,1.0,1.0
"Rat heart, male 8 wk",HTRA1,1.0,1.31239191113416,1.05188276603615,neither,high,0.0,high,1.0,1.0
"Rat heart, male 8 wk",IFI44L,1.0,0.164525207269737,-2.29362625539639,neither,low,8.0,mid,1.0,1.0
"Rat heart, male 8 wk",IFIT3,1.0,2.24361872117819,-5.80825740867002,protein only,mid,0.0,mid,1.0,1.0
"Rat heart, male 8 wk",IL1RL1,-1.0,0.601706770026586,0.039945388214796,neither,low,0.0,mid,1.0,1.0
"Rat heart, male 8 wk",IRS1,-1.0,0.815980297469462,-0.559024046145992,neither,high,0.0,mid,1.0,1.0
"Rat heart, male 8 wk",IRS2,-1.0,1.38505937420626,0.55786033730534,neither,high,0.0,mid,1.0,1.0
"Rat heart, male 8 wk",ITFG1,1.0,0.631738605870889,-1.08481586197396,neither,high,2.0,mid,1.0,1.0
"Rat heart, male 8 wk",ITGA5,-1.0,3.40137651776675,2.24970673699456,RNA only,high,0.0,high,1.0,1.0
"Rat heart, male 8 wk",IVNS1ABP,1.0,8.60810279581785,12.0238028062049,"both, same sign",high,0.0,high,1.0,1.0
"Rat heart, male 8 wk",JAK2,1.0,0.340487347335091,0.0451082098448508,neither,mid,0.0,mid,1.0,1.0
"Rat heart, male 8 wk",JUP,-1.0,0.190067733849968,3.59177874944554,protein only,high,0.0,high,1.0,1.0
"Rat heart, male 8 wk",KCNIP2,-1.0,3.3294672830029,0.514308083190544,RNA only,high,8.0,high,2.0,1.0
"Rat heart, male 8 wk",KLF4,-1.0,-0.112505809074712,-1.79813684248347,neither,high,0.0,high,1.0,1.0
"Rat heart, male 8 wk",KLHL21,-1.0,4.32027855578918,1.53394588368437,RNA only,high,2.0,high,1.0,1.0
"Rat heart, male 8 wk",KLHL41,-1.0,-3.61130644320477,4.12457185911828,"both, opposite sign",high,0.0,high,1.0,1.0
"Rat heart, male 8 wk",KPNA2,-1.0,-2.07390924594408,-2.22741108019481,neither,high,0.0,mid,1.0,1.0
"Rat heart, male 8 wk",LAMB1,1.0,-1.53398758073073,-1.6051654531927,neither,high,0.0,high,1.0,1.0
"Rat heart, male 8 wk",LARP6,-1.0,-0.110510668903843,-0.965586242453405,neither,low,4.0,high,1.0,1.0
"Rat heart, male 8 wk",LMCD1,-1.0,1.99178688228094,3.02052565719463,neither,high,0.0,mid,1.0,1.0
"Rat heart, male 8 wk",LOXL1,1.0,-1.01822637602766,-1.37817909970904,neither,mid,0.0,high,1.0,1.0
"Rat heart, male 8 wk",LPIN1,-1.0,1.21119411834471,6.83216161987453,protein only,high,0.0,high,1.0,1.0
"Rat heart, male 8 wk",LRRC49,1.0,3.95429507548176,-0.429173773880399,RNA only,mid,4.0,mid,1.0,1.0
"Rat heart, male 8 wk",LRRC59,-1.0,-0.985576048813331,-1.14533218124779,neither,high,0.0,high,1.0,1.0
"Rat heart, male 8 wk",LSAMP,-1.0,-1.39179769605424,-3.57758083669107,protein only,mid,0.0,low,1.0,1.0
"Rat heart, male 8 wk",LSP1,1.0,-0.338903402199804,-4.11725879699788,protein only,mid,0.0,mid,1.0,1.0
"Rat heart, male 8 wk",LTBP1,1.0,1.62926907242801,-1.80968269228811,neither,high,0.0,high,1.0,1.0
"Rat heart, male 8 wk",LTBP2,1.0,0.707498322316477,1.6273712028018,neither,mid,0.0,high,1.0,1.0
"Rat heart, male 8 wk",LUM,1.0,-0.33842723539894,0.626434931854451,neither,high,0.0,high,1.0,1.0
"Rat heart, male 8 wk",LYVE1,-1.0,0.266117140166403,1.26952942052392,neither,high,2.0,mid,1.0,1.0
"Rat heart, male 8 wk",MAFF,-1.0,1.51152189877121,1.86912956015526,neither,mid,0.0,mid,1.0,1.0
"Rat heart, male 8 wk",MAGED1,1.0,-1.44429496858943,1.52856168807676,neither,high,0.0,high,1.0,1.0
"Rat heart, male 8 wk",MAGED2,1.0,0.594806534862876,1.17770843574755,neither,mid,0.0,high,1.0,1.0
"Rat heart, male 8 wk",MAP1LC3B,-1.0,1.71310390400542,-2.13868280141157,neither,high,0.0,high,1.0,1.0
"Rat heart, male 8 wk",MAP2K1,-1.0,-0.869247496288031,2.33681675062263,neither,high,0.0,high,1.0,1.0
"Rat heart, male 8 wk",MARK3,-1.0,-0.390816288904858,2.01365159994948,neither,high,0.0,high,1.0,2.0
"Rat heart, male 8 wk",MBNL2,-1.0,-2.18008727164027,0.246118702339788,neither,high,0.0,high,1.0,1.0
"Rat heart, male 8 wk",MCM6,1.0,-1.10715432942234,-1.64845685286637,neither,low,0.0,low,1.0,1.0
"Rat heart, male 8 wk",MEIS1,-1.0,-0.113306734880787,0.724700948362316,neither,mid,2.0,mid,1.0,1.0
"Rat heart, male 8 wk",METTL22,-1.0,0.184461304164381,-1.06297727251112,neither,mid,4.0,mid,1.0,1.0
"Rat heart, male 8 wk",MFAP4,1.0,2.52129158816413,-0.790386634309279,neither,low,0.0,high,2.0,1.0
"Rat heart, male 8 wk",MKNK2,-1.0,6.49994226591809,0.29293343871504,RNA only,high,6.0,high,1.0,1.0
"Rat heart, male 8 wk",MOAP1,1.0,0.615162591592901,0.81418151487633,neither,low,6.0,high,1.0,1.0
"Rat heart, male 8 wk",MPI,1.0,-0.34571478218223,2.00064951899363,neither,high,0.0,mid,1.0,1.0
"Rat heart, male 8 wk",MPP3,-1.0,-1.22949166484752,0.238454304434129,neither,low,4.0,high,1.0,1.0
"Rat heart, male 8 wk",MRPL34,-1.0,-1.71446785159333,-0.506256572251993,neither,mid,0.0,high,1.0,1.0
"Rat heart, male 8 wk",MTCH1,-1.0,2.9510908112482,0.794558405631759,neither,high,0.0,high,1.0,1.0
"Rat heart, male 8 wk",MTR,1.0,-1.4987473691907,-1.12335830865479,neither,mid,0.0,mid,1.0,1.0
"Rat heart, male 8 wk",MTUS2,-1.0,-0.514594729372577,2.10184651039265,neither,high,0.0,high,1.0,1.0
"Rat heart, male 8 wk",MX1,1.0,2.4503658452007,0.0230444638255918,neither,mid,0.0,mid,1.0,1.0
"Rat heart, male 8 wk",MXI1,-1.0,1.47799653796916,0.0434430543120295,neither,high,8.0,high,1.0,1.0
"Rat heart, male 8 wk",MYL7,-1.0,-0.517095721706838,1.14216907144222,neither,high,0.0,high,1.0,1.0
"Rat heart, male 8 wk",MYO16,-1.0,-0.832620273641151,0.462963221125987,neither,low,0.0,low,1.0,1.0
"Rat heart, male 8 wk",MYOM2,1.0,1.86583717273647,2.30583215909601,neither,high,0.0,high,1.0,1.0
"Rat heart, male 8 wk",MYOT,-1.0,-0.329924727532616,5.71656389570953,protein only,low,0.0,mid,2.0,1.0
"Rat heart, male 8 wk",NAA15,-1.0,0.323216772212385,0.418021127702623,neither,high,0.0,mid,1.0,1.0
"Rat heart, male 8 wk",NACC2,-1.0,0.196247452274678,-0.0056200999322986,neither,high,6.0,high,1.0,1.0
"Rat heart, male 8 wk",NAMPT,-1.0,4.78323659891947,2.83235198203869,RNA only,high,0.0,high,1.0,1.0
"Rat heart, male 8 wk",NCAM1,-1.0,4.73617848421627,6.33914207508934,"both, same sign",mid,0.0,high,1.0,2.0
"Rat heart, male 8 wk",NCF2,1.0,0.705288854264137,1.20310891107249,neither,low,8.0,low,1.0,1.0
"Rat heart, male 8 wk",NDRG4,-1.0,3.05489554598497,2.34071347159156,neither,high,0.0,high,1.0,1.0
"Rat heart, male 8 wk",NID1,-1.0,-3.85816804660485,-1.13298747963623,RNA only,high,0.0,high,1.0,1.0
"Rat heart, male 8 wk",NIT2,1.0,1.56839724795703,3.91408091685234,protein only,mid,0.0,mid,1.0,1.0
"Rat heart, male 8 wk",NKX2-5,-1.0,-0.152556501716731,0.147745378535352,neither,high,4.0,high,1.0,1.0
"Rat heart, male 8 wk",NOS3,-1.0,2.99043997100888,0.0519041853707133,neither,high,0.0,mid,1.0,1.0
"Rat heart, male 8 wk",NPPA,1.0,0.89510242505167,0.490635767703499,neither,high,0.0,high,1.0,1.0
"Rat heart, male 8 wk",NPPB,1.0,2.26728904279709,0.138249916537859,neither,high,0.0,high,1.0,1.0
"Rat heart, male 8 wk",NQO2,-1.0,-1.14996143831328,2.96526956942606,neither,high,0.0,mid,1.0,1.0
"Rat heart, male 8 wk",NRAP,-1.0,4.14316410247617,6.99199908508493,"both, same sign",high,0.0,high,1.0,2.0
"Rat heart, male 8 wk",NUCB2,1.0,0.305722542282485,-0.416519718013353,neither,high,0.0,mid,1.0,1.0
"Rat heart, male 8 wk",NUDT3,1.0,-0.876713610174334,0.187325349755642,neither,high,0.0,high,1.0,1.0
"Rat heart, male 8 wk",NUDT4,-1.0,-2.75103912052537,-0.228099079609978,neither,high,0.0,high,1.0,1.0
"Rat heart, male 8 wk",NUP37,1.0,-0.37481551524786,-1.49680971064653,neither,low,0.0,mid,1.0,1.0
"Rat heart, male 8 wk",OGDH,-1.0,-2.70752047275437,0.522597994209594,neither,high,0.0,high,1.0,1.0
"Rat heart, male 8 wk",OGN,1.0,-1.39857109776401,-0.104514925500047,neither,high,0.0,mid,2.0,1.0
"Rat heart, male 8 wk",OLFML3,1.0,-0.479218354286597,-0.138391641373729,neither,mid,0.0,mid,1.0,1.0
"Rat heart, male 8 wk",P2RX5,-1.0,2.61699840326417,0.590211138727926,neither,high,0.0,mid,1.0,1.0
"Rat heart, male 8 wk",PALMD,1.0,0.189118357168531,4.04028538950796,protein only,high,0.0,high,1.0,1.0
"Rat heart, male 8 wk",PCCB,1.0,-1.89707656647606,0.626089695190073,neither,high,0.0,high,1.0,1.0
"Rat heart, male 8 wk",PCNT,-1.0,-1.57179475066504,2.6091279653505,neither,high,0.0,mid,1.0,1.0
"Rat heart, male 8 wk",PCOLCE,1.0,-1.06059897239115,0.523304472524375,neither,mid,0.0,high,1.0,1.0
"Rat heart, male 8 wk",PDK4,1.0,0.0505058377655418,1.6134762066111,neither,high,0.0,high,1.0,1.0
"Rat heart, male 8 wk",PDLIM3,1.0,-4.90199412577252,5.30911386566488,"both, opposite sign",high,2.0,high,1.0,3.0
"Rat heart, male 8 wk",PDZD2,-1.0,-8.0177430461467,-0.656849954932502,RNA only,high,0.0,mid,1.0,1.0
"Rat heart, male 8 wk",PHF11,1.0,0.56070771408118,-1.16561563122526,neither,low,8.0,mid,1.0,1.0
"Rat heart, male 8 wk",PHLDA1,1.0,1.4873282589067,0.733025815989365,neither,high,8.0,mid,1.0,1.0
"Rat heart, male 8 wk",PKM,1.0,6.69686478192262,6.97526152494059,"both, same sign",high,0.0,high,1.0,2.0
"Rat heart, male 8 wk",PLA2G2A,-1.0,0.74727748292034,-0.880718464547638,neither,mid,0.0,high,1.0,1.0
"Rat heart, male 8 wk",PLBD1,1.0,-0.758933342123358,-2.57377367364494,neither,high,0.0,high,1.0,1.0
"Rat heart, male 8 wk",PLIN2,-1.0,0.10158640460153,-10.5981122273938,protein only,high,0.0,high,1.0,1.0
"Rat heart, male 8 wk",PLP2,-1.0,-0.148567220668684,-1.62145997435932,neither,mid,6.0,high,1.0,1.0
"Rat heart, male 8 wk",PLXDC1,1.0,-0.667671204215428,-0.0389422710334393,neither,mid,4.0,mid,1.0,1.0
"Rat heart, male 8 wk",PODXL,-1.0,3.26220864813167,0.178869616961092,RNA only,high,0.0,high,1.0,1.0
"Rat heart, male 8 wk",POGLUT1,-1.0,1.13178918235282,-1.15029317750614,neither,low,0.0,mid,1.0,1.0
"Rat heart, male 8 wk",POLE3,-1.0,-0.189900185827156,-0.169143295002709,neither,low,0.0,high,2.0,1.0
"Rat heart, male 8 wk",POR,-1.0,-0.574944419464991,-0.78340260100525,neither,high,0.0,high,1.0,1.0
"Rat heart, male 8 wk",PPL,-1.0,1.49824363355074,2.06266491537307,neither,mid,0.0,mid,1.0,1.0
"Rat heart, male 8 wk",PPP1R12B,1.0,0.94945814551389,1.84796606206577,neither,high,0.0,high,1.0,2.0
"Rat heart, male 8 wk",PPT1,1.0,1.27119671037531,1.30304955623922,neither,mid,0.0,high,1.0,1.0
"Rat heart, male 8 wk",PRDX4,1.0,0.885638748636239,1.48835049109035,neither,low,2.0,high,1.0,1.0
"Rat heart, male 8 wk",PRDX6,-1.0,0.285194519485312,2.33928146505745,neither,high,0.0,high,1.0,1.0
"Rat heart, male 8 wk",PSD3,1.0,-1.17800761030721,0.110013776439292,neither,mid,2.0,mid,1.0,1.0
"Rat heart, male 8 wk",PSMB10,1.0,-0.758607579598889,-3.23624459399991,neither,mid,0.0,high,1.0,1.0
"Rat heart, male 8 wk",PSME4,-1.0,1.26079625017955,-0.436006446775162,neither,high,0.0,high,1.0,1.0
"Rat heart, male 8 wk",PSPH,-1.0,-1.83076726088169,0.619394364547412,neither,low,0.0,mid,1.0,1.0
"Rat heart, male 8 wk",PTN,1.0,1.48379056602205,0.801026985603748,neither,low,6.0,high,1.0,1.0
"Rat heart, male 8 wk",PTP4A2,-1.0,-0.0268501699563083,0.563472739413686,neither,high,0.0,high,1.0,1.0
"Rat heart, male 8 wk",PTP4A3,-1.0,1.26352002571759,-1.53493048681668,neither,high,8.0,high,1.0,1.0
"Rat heart, male 8 wk",PXMP2,-1.0,0.119461510626956,0.287089136372131,neither,high,0.0,high,1.0,1.0
"Rat heart, male 8 wk",QSOX1,-1.0,1.5020679202455,1.69873536664307,neither,mid,6.0,high,1.0,1.0
"Rat heart, male 8 wk",RAB9A,-1.0,-0.190473658593736,2.61047034712731,neither,mid,2.0,mid,1.0,1.0
"Rat heart, male 8 wk",RABAC1,-1.0,1.96845440040503,-1.4288536085941,neither,high,4.0,high,1.0,1.0
"Rat heart, male 8 wk",RANGAP1,-1.0,-0.229833813338151,-1.17416939858012,neither,high,0.0,high,1.0,1.0
"Rat heart, male 8 wk",RBFOX1,-1.0,3.3944628672816,2.34946744539867,RNA only,high,2.0,mid,1.0,1.0
"Rat heart, male 8 wk",RBM10,1.0,1.33982291283526,0.894340112389361,neither,high,0.0,high,1.0,1.0
"Rat heart, male 8 wk",RBP4,-1.0,1.41777398197861,-5.42784680073351,protein only,low,0.0,low,1.0,1.0
"Rat heart, male 8 wk",RCAN1,-1.0,-1.49481571162051,-0.504308900092325,neither,high,4.0,high,1.0,1.0
"Rat heart, male 8 wk",RCBTB2,1.0,-1.62339803927954,-2.03723606351079,neither,mid,0.0,mid,1.0,1.0
"Rat heart, male 8 wk",REV1,-1.0,0.156610668408864,-0.772805059466799,neither,high,2.0,high,1.0,1.0
"Rat heart, male 8 wk",RHOC,-1.0,0.554150944179227,-1.0694256548708,neither,high,0.0,high,1.0,1.0
"Rat heart, male 8 wk",RHOT1,-1.0,0.114400051103299,0.587685211942398,neither,high,0.0,mid,1.0,1.0
"Rat heart, male 8 wk",RNASET2,1.0,0.910213490444665,-3.48020588733747,protein only,mid,0.0,mid,1.0,1.0
"Rat heart, male 8 wk",RNF14,-1.0,-0.178415867836602,-1.588570486414,neither,high,0.0,high,1.0,1.0
"Rat heart, male 8 wk",RNF146,1.0,1.22529619280639,2.22637522741095,neither,mid,0.0,high,1.0,1.0
"Rat heart, male 8 wk",RWDD1,-1.0,0.401273217456888,0.517949888705197,neither,mid,0.0,high,1.0,1.0
"Rat heart, male 8 wk",S100A8,-1.0,1.48388790028078,1.20554934627794,neither,low,0.0,high,1.0,1.0
"Rat heart, male 8 wk",S100A9,-1.0,0.989754340564701,1.07489450696208,neither,low,0.0,high,1.0,1.0
"Rat heart, male 8 wk",SAMHD1,-1.0,0.575189970120541,-0.14246834081182,neither,low,0.0,high,1.0,1.0
"Rat heart, male 8 wk",SEC31A,1.0,1.98608443330209,0.236906183581316,neither,high,0.0,high,1.0,1.0
"Rat heart, male 8 wk",SEC61A1,-1.0,-2.29825024994824,-1.40635758235221,neither,high,0.0,high,1.0,1.0
"Rat heart, male 8 wk",SERPINE1,-1.0,-1.86197618782402,0.146147663212761,neither,high,6.0,high,1.0,1.0
"Rat heart, male 8 wk",SERPINE2,1.0,-0.675802799716708,1.370673498797,neither,high,0.0,mid,1.0,1.0
"Rat heart, male 8 wk",SH3BGR,-1.0,0.845824799171715,1.50217032175551,neither,high,0.0,high,2.0,1.0
"Rat heart, male 8 wk",SH3BGRL,1.0,0.991134349519899,0.206386288950951,neither,low,0.0,high,1.0,1.0
"Rat heart, male 8 wk",SH3GL2,1.0,0.311114661641958,1.39063166547355,neither,low,0.0,low,1.0,1.0
"Rat heart, male 8 wk",SIK1,-1.0,0.636635408725826,-0.0416412760240753,neither,mid,0.0,low,1.0,1.0
"Rat heart, male 8 wk",SLC25A11,1.0,0.60334939253129,0.0130502071087046,neither,high,0.0,high,1.0,1.0
"Rat heart, male 8 wk",SLC25A12,-1.0,0.625829325474208,-0.0745791768362127,neither,high,0.0,high,1.0,1.0
"Rat heart, male 8 wk",SLC25A20,1.0,-1.6935750264023,0.727962046534746,neither,high,0.0,high,1.0,1.0
"Rat heart, male 8 wk",SLC30A1,1.0,0.233451106702268,-0.197733570150385,neither,mid,0.0,mid,1.0,1.0
"Rat heart, male 8 wk",SLC39A14,-1.0,-0.257985160490695,0.240671094496269,neither,high,0.0,high,1.0,1.0
"Rat heart, male 8 wk",SLCO2A1,-1.0,2.16280961939883,-1.94286201435905,neither,low,8.0,high,1.0,1.0
"Rat heart, male 8 wk",SNRPB,-1.0,-0.726472974502788,-1.56280211071076,neither,high,0.0,high,1.0,1.0
"Rat heart, male 8 wk",SNX7,-1.0,-0.0342546752286881,0.0327581074443075,neither,low,0.0,mid,1.0,1.0
"Rat heart, male 8 wk",SORT1,-1.0,1.26658342541779,0.709550369444513,neither,high,0.0,high,1.0,1.0
"Rat heart, male 8 wk",SOS1,-1.0,0.286498051482899,-1.86177765891802,neither,high,0.0,mid,1.0,1.0
"Rat heart, male 8 wk",SPARC,1.0,-6.04775908740924,-6.1528885415632,"both, same sign",high,0.0,high,1.0,1.0
"Rat heart, male 8 wk",SPG11,1.0,0.88428471663847,0.958542667783667,neither,high,0.0,mid,1.0,1.0
"Rat heart, male 8 wk",SRGN,-1.0,1.10146028613735,0.0492602755098004,neither,mid,6.0,high,1.0,1.0
"Rat heart, male 8 wk",SSPN,1.0,-1.50710784092237,-0.029920557383902,neither,high,2.0,mid,1.0,1.0
"Rat heart, male 8 wk",STAT3,-1.0,0.982679941089192,4.70622982761561,protein only,high,0.0,high,1.0,1.0
"Rat heart, male 8 wk",STEAP3,-1.0,1.63807169905162,-0.0608875246275085,neither,mid,6.0,mid,1.0,1.0
"Rat heart, male 8 wk",STIP1,-1.0,-2.32348349973216,10.7998020912623,protein only,high,0.0,high,1.0,1.0
"Rat heart, male 8 wk",STK38L,1.0,-1.08035955250197,0.530058043660564,neither,high,0.0,mid,1.0,1.0
"Rat heart, male 8 wk",SUCLA2,1.0,-2.2688735409374,-0.101332521128854,neither,high,0.0,high,1.0,1.0
"Rat heart, male 8 wk",SUN2,-1.0,1.25857048742627,0.280511843797664,neither,high,0.0,high,1.0,1.0
"Rat heart, male 8 wk",SYNPO2L,1.0,-0.0022935029662517,6.16192695904755,protein only,high,0.0,high,1.0,1.0
"Rat heart, male 8 wk",TAPBPL,1.0,-0.0627367080512814,-0.872472906784729,neither,mid,6.0,mid,1.0,1.0
"Rat heart, male 8 wk",TGFBR3,-1.0,1.50901646505265,-0.674710239703708,neither,high,6.0,mid,1.0,1.0
"Rat heart, male 8 wk",TGM2,-1.0,2.40337969902629,7.29081557409526,protein only,high,0.0,high,1.0,1.0
"Rat heart, male 8 wk",THBS1,-1.0,0.888006604808151,-0.96555833871906,neither,mid,0.0,high,1.0,1.0
"Rat heart, male 8 wk",THBS2,1.0,-1.01385449588135,-1.62293920506014,neither,high,6.0,mid,1.0,1.0
"Rat heart, male 8 wk",THBS4,1.0,2.34765316768144,3.2681434937321,protein only,mid,0.0,high,1.0,1.0
"Rat heart, male 8 wk",TIE1,1.0,0.157433993917173,0.126128627779079,neither,high,8.0,high,1.0,1.0
"Rat heart, male 8 wk",TIMP3,-1.0,0.698663978173909,-0.832088401340527,neither,high,0.0,high,1.0,1.0
"Rat heart, male 8 wk",TLN1,1.0,0.198726771617457,-0.253890590625584,neither,high,0.0,high,1.0,1.0
"Rat heart, male 8 wk",TMEM38B,-1.0,0.149907200092048,-0.756802770894459,neither,mid,4.0,mid,1.0,1.0
"Rat heart, male 8 wk",TMSB4X,1.0,1.5713741709871,0.620974369972704,neither,high,0.0,high,1.0,1.0
"Rat heart, male 8 wk",TNNI1,1.0,2.53845165903753,1.28423792256262,neither,low,0.0,low,1.0,1.0
"Rat heart, male 8 wk",TPCN1,1.0,0.581352407712877,-0.902384917756452,neither,high,0.0,high,1.0,1.0
"Rat heart, male 8 wk",TPPP3,1.0,-4.18718115151047,-1.88203555112466,RNA only,mid,0.0,mid,1.0,1.0
"Rat heart, male 8 wk",TPRKB,-1.0,-1.39167075469798,-1.11874356080579,neither,low,0.0,high,2.0,1.0
"Rat heart, male 8 wk",TRDN,-1.0,-0.86184342455825,0.211457554640475,neither,high,0.0,high,1.0,1.0
"Rat heart, male 8 wk",TRMT5,1.0,-1.98079944940435,-0.857419507675395,neither,low,0.0,low,1.0,1.0
"Rat heart, male 8 wk",TUBA4A,-1.0,-4.42113695603598,-0.470097781352634,RNA only,high,0.0,high,1.0,1.0
"Rat heart, male 8 wk",TUBG1,-1.0,-0.827738309009228,2.81924452257699,neither,high,0.0,high,1.0,1.0
"Rat heart, male 8 wk",TXNIP,1.0,-1.42840988059121,-0.959233358915767,neither,high,0.0,high,1.0,1.0
"Rat heart, male 8 wk",TXNRD1,-1.0,2.64892358928464,7.01695307310181,protein only,high,0.0,high,1.0,1.0
"Rat heart, male 8 wk",UAP1,-1.0,0.336317355622199,5.50419186710359,protein only,high,0.0,high,1.0,1.0
"Rat heart, male 8 wk",UBFD1,-1.0,-0.904424733384791,-0.234675884075423,neither,mid,0.0,high,1.0,1.0
"Rat heart, male 8 wk",UBQLN2,1.0,2.5303391188714,-0.919479894590315,neither,high,0.0,high,1.0,1.0
"Rat heart, male 8 wk",UFSP2,1.0,0.694797265186479,-1.83375107650998,neither,mid,0.0,high,1.0,1.0
"Rat heart, male 8 wk",UGP2,-1.0,4.30397220716724,0.908177353354896,RNA only,high,0.0,high,1.0,2.0
"Rat heart, male 8 wk",VCAN,1.0,-0.375155913342377,0.251416180125254,neither,high,0.0,mid,1.0,1.0
"Rat heart, male 8 wk",VEZF1,-1.0,-0.20601231729803,-1.0039680044856,neither,high,0.0,high,1.0,1.0
"Rat heart, male 8 wk",VPS13D,-1.0,0.431244840261007,2.5458442745676,neither,high,0.0,mid,1.0,1.0
"Rat heart, male 8 wk",VTN,1.0,0.89098482090709,-3.65319969461713,protein only,high,0.0,high,1.0,1.0
"Rat heart, male 8 wk",WFS1,1.0,-1.51185011255517,1.64888599433082,neither,high,0.0,high,1.0,1.0
"Rat heart, male 8 wk",XRCC4,-1.0,-1.78676576311775,1.08188713249507,neither,mid,0.0,low,1.0,1.0
"Rat heart, male 8 wk",YBX3,-1.0,0.662151511358096,-3.31837996042598,protein only,high,0.0,high,1.0,1.0
"Rat heart, male 8 wk",YEATS2,1.0,-1.45594749589152,-0.963473677935211,neither,mid,4.0,mid,1.0,1.0
"Rat heart, male 8 wk",ZBTB16,1.0,0.483085459181005,2.72542141739445,neither,high,0.0,mid,1.0,1.0
