gene_symbol,direction,group,weight,source,gene,map_method,direction_parsed,status,weight_num
WSB1,1,septic-shock-up,,"Enrichr (Kuleshov 2016 NAR 44:W90) Disease_Perturbations_from_GEO_up/_down 'Septic Shock C0036983 human GSE9692 sample 307'; crowd-extracted GEO signature (Wang 2016 Nat Commun 7:12846); GSE9692 (Cvijanovich 2008 Physiol Genomics 34:127, pediatric whole blood, septic shock day 1 vs normal controls); up/down = genes up/down in septic shock vs control",WSB1,human symbol,1,mapped,
TMLHE-AS1,1,septic-shock-up,,"Enrichr (Kuleshov 2016 NAR 44:W90) Disease_Perturbations_from_GEO_up/_down 'Septic Shock C0036983 human GSE9692 sample 307'; crowd-extracted GEO signature (Wang 2016 Nat Commun 7:12846); GSE9692 (Cvijanovich 2008 Physiol Genomics 34:127, pediatric whole blood, septic shock day 1 vs normal controls); up/down = genes up/down in septic shock vs control",TMLHE-AS1,human symbol,1,mapped,
RC3H1,1,septic-shock-up,,"Enrichr (Kuleshov 2016 NAR 44:W90) Disease_Perturbations_from_GEO_up/_down 'Septic Shock C0036983 human GSE9692 sample 307'; crowd-extracted GEO signature (Wang 2016 Nat Commun 7:12846); GSE9692 (Cvijanovich 2008 Physiol Genomics 34:127, pediatric whole blood, septic shock day 1 vs normal controls); up/down = genes up/down in septic shock vs control",RC3H1,human symbol,1,mapped,
HN1,1,septic-shock-up,,"Enrichr (Kuleshov 2016 NAR 44:W90) Disease_Perturbations_from_GEO_up/_down 'Septic Shock C0036983 human GSE9692 sample 307'; crowd-extracted GEO signature (Wang 2016 Nat Commun 7:12846); GSE9692 (Cvijanovich 2008 Physiol Genomics 34:127, pediatric whole blood, septic shock day 1 vs normal controls); up/down = genes up/down in septic shock vs control",,,1,unmapped: not found in MoTrPAC gene/protein annotation,
MCEMP1,1,septic-shock-up,,"Enrichr (Kuleshov 2016 NAR 44:W90) Disease_Perturbations_from_GEO_up/_down 'Septic Shock C0036983 human GSE9692 sample 307'; crowd-extracted GEO signature (Wang 2016 Nat Commun 7:12846); GSE9692 (Cvijanovich 2008 Physiol Genomics 34:127, pediatric whole blood, septic shock day 1 vs normal controls); up/down = genes up/down in septic shock vs control",MCEMP1,human symbol,1,mapped,
C20orf24,1,septic-shock-up,,"Enrichr (Kuleshov 2016 NAR 44:W90) Disease_Perturbations_from_GEO_up/_down 'Septic Shock C0036983 human GSE9692 sample 307'; crowd-extracted GEO signature (Wang 2016 Nat Commun 7:12846); GSE9692 (Cvijanovich 2008 Physiol Genomics 34:127, pediatric whole blood, septic shock day 1 vs normal controls); up/down = genes up/down in septic shock vs control",,,1,unmapped: not found in MoTrPAC gene/protein annotation,
LOC731424,1,septic-shock-up,,"Enrichr (Kuleshov 2016 NAR 44:W90) Disease_Perturbations_from_GEO_up/_down 'Septic Shock C0036983 human GSE9692 sample 307'; crowd-extracted GEO signature (Wang 2016 Nat Commun 7:12846); GSE9692 (Cvijanovich 2008 Physiol Genomics 34:127, pediatric whole blood, septic shock day 1 vs normal controls); up/down = genes up/down in septic shock vs control",,,1,unmapped: not found in MoTrPAC gene/protein annotation,
MARCKS,1,septic-shock-up,,"Enrichr (Kuleshov 2016 NAR 44:W90) Disease_Perturbations_from_GEO_up/_down 'Septic Shock C0036983 human GSE9692 sample 307'; crowd-extracted GEO signature (Wang 2016 Nat Commun 7:12846); GSE9692 (Cvijanovich 2008 Physiol Genomics 34:127, pediatric whole blood, septic shock day 1 vs normal controls); up/down = genes up/down in septic shock vs control",MARCKS,human symbol,1,mapped,
LOC100507025,1,septic-shock-up,,"Enrichr (Kuleshov 2016 NAR 44:W90) Disease_Perturbations_from_GEO_up/_down 'Septic Shock C0036983 human GSE9692 sample 307'; crowd-extracted GEO signature (Wang 2016 Nat Commun 7:12846); GSE9692 (Cvijanovich 2008 Physiol Genomics 34:127, pediatric whole blood, septic shock day 1 vs normal controls); up/down = genes up/down in septic shock vs control",,,1,unmapped: not found in MoTrPAC gene/protein annotation,
SCO2,1,septic-shock-up,,"Enrichr (Kuleshov 2016 NAR 44:W90) Disease_Perturbations_from_GEO_up/_down 'Septic Shock C0036983 human GSE9692 sample 307'; crowd-extracted GEO signature (Wang 2016 Nat Commun 7:12846); GSE9692 (Cvijanovich 2008 Physiol Genomics 34:127, pediatric whole blood, septic shock day 1 vs normal controls); up/down = genes up/down in septic shock vs control",SCO2,human symbol,1,mapped,
PLGLA,1,septic-shock-up,,"Enrichr (Kuleshov 2016 NAR 44:W90) Disease_Perturbations_from_GEO_up/_down 'Septic Shock C0036983 human GSE9692 sample 307'; crowd-extracted GEO signature (Wang 2016 Nat Commun 7:12846); GSE9692 (Cvijanovich 2008 Physiol Genomics 34:127, pediatric whole blood, septic shock day 1 vs normal controls); up/down = genes up/down in septic shock vs control",,,1,unmapped: not found in MoTrPAC gene/protein annotation,
SNORD89,1,septic-shock-up,,"Enrichr (Kuleshov 2016 NAR 44:W90) Disease_Perturbations_from_GEO_up/_down 'Septic Shock C0036983 human GSE9692 sample 307'; crowd-extracted GEO signature (Wang 2016 Nat Commun 7:12846); GSE9692 (Cvijanovich 2008 Physiol Genomics 34:127, pediatric whole blood, septic shock day 1 vs normal controls); up/down = genes up/down in septic shock vs control",SNORD89,human symbol,1,mapped,
VIM,1,septic-shock-up,,"Enrichr (Kuleshov 2016 NAR 44:W90) Disease_Perturbations_from_GEO_up/_down 'Septic Shock C0036983 human GSE9692 sample 307'; crowd-extracted GEO signature (Wang 2016 Nat Commun 7:12846); GSE9692 (Cvijanovich 2008 Physiol Genomics 34:127, pediatric whole blood, septic shock day 1 vs normal controls); up/down = genes up/down in septic shock vs control",VIM,human symbol,1,mapped,
HSPA1A,1,septic-shock-up,,"Enrichr (Kuleshov 2016 NAR 44:W90) Disease_Perturbations_from_GEO_up/_down 'Septic Shock C0036983 human GSE9692 sample 307'; crowd-extracted GEO signature (Wang 2016 Nat Commun 7:12846); GSE9692 (Cvijanovich 2008 Physiol Genomics 34:127, pediatric whole blood, septic shock day 1 vs normal controls); up/down = genes up/down in septic shock vs control",HSPA1A,human symbol,1,mapped,
FAR2,1,septic-shock-up,,"Enrichr (Kuleshov 2016 NAR 44:W90) Disease_Perturbations_from_GEO_up/_down 'Septic Shock C0036983 human GSE9692 sample 307'; crowd-extracted GEO signature (Wang 2016 Nat Commun 7:12846); GSE9692 (Cvijanovich 2008 Physiol Genomics 34:127, pediatric whole blood, septic shock day 1 vs normal controls); up/down = genes up/down in septic shock vs control",FAR2,human symbol,1,mapped,
CPEB4,1,septic-shock-up,,"Enrichr (Kuleshov 2016 NAR 44:W90) Disease_Perturbations_from_GEO_up/_down 'Septic Shock C0036983 human GSE9692 sample 307'; crowd-extracted GEO signature (Wang 2016 Nat Commun 7:12846); GSE9692 (Cvijanovich 2008 Physiol Genomics 34:127, pediatric whole blood, septic shock day 1 vs normal controls); up/down = genes up/down in septic shock vs control",CPEB4,human symbol,1,mapped,
CDA,1,septic-shock-up,,"Enrichr (Kuleshov 2016 NAR 44:W90) Disease_Perturbations_from_GEO_up/_down 'Septic Shock C0036983 human GSE9692 sample 307'; crowd-extracted GEO signature (Wang 2016 Nat Commun 7:12846); GSE9692 (Cvijanovich 2008 Physiol Genomics 34:127, pediatric whole blood, septic shock day 1 vs normal controls); up/down = genes up/down in septic shock vs control",CDA,human symbol,1,mapped,
HSPA1B,1,septic-shock-up,,"Enrichr (Kuleshov 2016 NAR 44:W90) Disease_Perturbations_from_GEO_up/_down 'Septic Shock C0036983 human GSE9692 sample 307'; crowd-extracted GEO signature (Wang 2016 Nat Commun 7:12846); GSE9692 (Cvijanovich 2008 Physiol Genomics 34:127, pediatric whole blood, septic shock day 1 vs normal controls); up/down = genes up/down in septic shock vs control",HSPA1B,human symbol,1,mapped,
C3AR1,1,septic-shock-up,,"Enrichr (Kuleshov 2016 NAR 44:W90) Disease_Perturbations_from_GEO_up/_down 'Septic Shock C0036983 human GSE9692 sample 307'; crowd-extracted GEO signature (Wang 2016 Nat Commun 7:12846); GSE9692 (Cvijanovich 2008 Physiol Genomics 34:127, pediatric whole blood, septic shock day 1 vs normal controls); up/down = genes up/down in septic shock vs control",C3AR1,human symbol,1,mapped,
RETN,1,septic-shock-up,,"Enrichr (Kuleshov 2016 NAR 44:W90) Disease_Perturbations_from_GEO_up/_down 'Septic Shock C0036983 human GSE9692 sample 307'; crowd-extracted GEO signature (Wang 2016 Nat Commun 7:12846); GSE9692 (Cvijanovich 2008 Physiol Genomics 34:127, pediatric whole blood, septic shock day 1 vs normal controls); up/down = genes up/down in septic shock vs control",RETN,human symbol,1,mapped,
SMA5,1,septic-shock-up,,"Enrichr (Kuleshov 2016 NAR 44:W90) Disease_Perturbations_from_GEO_up/_down 'Septic Shock C0036983 human GSE9692 sample 307'; crowd-extracted GEO signature (Wang 2016 Nat Commun 7:12846); GSE9692 (Cvijanovich 2008 Physiol Genomics 34:127, pediatric whole blood, septic shock day 1 vs normal controls); up/down = genes up/down in septic shock vs control",,,1,unmapped: not found in MoTrPAC gene/protein annotation,
LOC100508342,1,septic-shock-up,,"Enrichr (Kuleshov 2016 NAR 44:W90) Disease_Perturbations_from_GEO_up/_down 'Septic Shock C0036983 human GSE9692 sample 307'; crowd-extracted GEO signature (Wang 2016 Nat Commun 7:12846); GSE9692 (Cvijanovich 2008 Physiol Genomics 34:127, pediatric whole blood, septic shock day 1 vs normal controls); up/down = genes up/down in septic shock vs control",,,1,unmapped: not found in MoTrPAC gene/protein annotation,
KNSTRN,1,septic-shock-up,,"Enrichr (Kuleshov 2016 NAR 44:W90) Disease_Perturbations_from_GEO_up/_down 'Septic Shock C0036983 human GSE9692 sample 307'; crowd-extracted GEO signature (Wang 2016 Nat Commun 7:12846); GSE9692 (Cvijanovich 2008 Physiol Genomics 34:127, pediatric whole blood, septic shock day 1 vs normal controls); up/down = genes up/down in septic shock vs control",KNSTRN,human symbol,1,mapped,
CHST13,1,septic-shock-up,,"Enrichr (Kuleshov 2016 NAR 44:W90) Disease_Perturbations_from_GEO_up/_down 'Septic Shock C0036983 human GSE9692 sample 307'; crowd-extracted GEO signature (Wang 2016 Nat Commun 7:12846); GSE9692 (Cvijanovich 2008 Physiol Genomics 34:127, pediatric whole blood, septic shock day 1 vs normal controls); up/down = genes up/down in septic shock vs control",CHST13,human symbol,1,mapped,
GBP1,1,septic-shock-up,,"Enrichr (Kuleshov 2016 NAR 44:W90) Disease_Perturbations_from_GEO_up/_down 'Septic Shock C0036983 human GSE9692 sample 307'; crowd-extracted GEO signature (Wang 2016 Nat Commun 7:12846); GSE9692 (Cvijanovich 2008 Physiol Genomics 34:127, pediatric whole blood, septic shock day 1 vs normal controls); up/down = genes up/down in septic shock vs control",GBP1,human symbol,1,mapped,
CYP1B1,1,septic-shock-up,,"Enrichr (Kuleshov 2016 NAR 44:W90) Disease_Perturbations_from_GEO_up/_down 'Septic Shock C0036983 human GSE9692 sample 307'; crowd-extracted GEO signature (Wang 2016 Nat Commun 7:12846); GSE9692 (Cvijanovich 2008 Physiol Genomics 34:127, pediatric whole blood, septic shock day 1 vs normal controls); up/down = genes up/down in septic shock vs control",CYP1B1,human symbol,1,mapped,
CHST15,1,septic-shock-up,,"Enrichr (Kuleshov 2016 NAR 44:W90) Disease_Perturbations_from_GEO_up/_down 'Septic Shock C0036983 human GSE9692 sample 307'; crowd-extracted GEO signature (Wang 2016 Nat Commun 7:12846); GSE9692 (Cvijanovich 2008 Physiol Genomics 34:127, pediatric whole blood, septic shock day 1 vs normal controls); up/down = genes up/down in septic shock vs control",CHST15,human symbol,1,mapped,
LOC145474,1,septic-shock-up,,"Enrichr (Kuleshov 2016 NAR 44:W90) Disease_Perturbations_from_GEO_up/_down 'Septic Shock C0036983 human GSE9692 sample 307'; crowd-extracted GEO signature (Wang 2016 Nat Commun 7:12846); GSE9692 (Cvijanovich 2008 Physiol Genomics 34:127, pediatric whole blood, septic shock day 1 vs normal controls); up/down = genes up/down in septic shock vs control",,,1,unmapped: not found in MoTrPAC gene/protein annotation,
PROK2,1,septic-shock-up,,"Enrichr (Kuleshov 2016 NAR 44:W90) Disease_Perturbations_from_GEO_up/_down 'Septic Shock C0036983 human GSE9692 sample 307'; crowd-extracted GEO signature (Wang 2016 Nat Commun 7:12846); GSE9692 (Cvijanovich 2008 Physiol Genomics 34:127, pediatric whole blood, septic shock day 1 vs normal controls); up/down = genes up/down in septic shock vs control",PROK2,human symbol,1,mapped,
S100A12,1,septic-shock-up,,"Enrichr (Kuleshov 2016 NAR 44:W90) Disease_Perturbations_from_GEO_up/_down 'Septic Shock C0036983 human GSE9692 sample 307'; crowd-extracted GEO signature (Wang 2016 Nat Commun 7:12846); GSE9692 (Cvijanovich 2008 Physiol Genomics 34:127, pediatric whole blood, septic shock day 1 vs normal controls); up/down = genes up/down in septic shock vs control",S100A12,human symbol,1,mapped,
BATF2,1,septic-shock-up,,"Enrichr (Kuleshov 2016 NAR 44:W90) Disease_Perturbations_from_GEO_up/_down 'Septic Shock C0036983 human GSE9692 sample 307'; crowd-extracted GEO signature (Wang 2016 Nat Commun 7:12846); GSE9692 (Cvijanovich 2008 Physiol Genomics 34:127, pediatric whole blood, septic shock day 1 vs normal controls); up/down = genes up/down in septic shock vs control",BATF2,human symbol,1,mapped,
HTATSF1P2,1,septic-shock-up,,"Enrichr (Kuleshov 2016 NAR 44:W90) Disease_Perturbations_from_GEO_up/_down 'Septic Shock C0036983 human GSE9692 sample 307'; crowd-extracted GEO signature (Wang 2016 Nat Commun 7:12846); GSE9692 (Cvijanovich 2008 Physiol Genomics 34:127, pediatric whole blood, septic shock day 1 vs normal controls); up/down = genes up/down in septic shock vs control",HTATSF1P2,human symbol,1,mapped,
NFE4,1,septic-shock-up,,"Enrichr (Kuleshov 2016 NAR 44:W90) Disease_Perturbations_from_GEO_up/_down 'Septic Shock C0036983 human GSE9692 sample 307'; crowd-extracted GEO signature (Wang 2016 Nat Commun 7:12846); GSE9692 (Cvijanovich 2008 Physiol Genomics 34:127, pediatric whole blood, septic shock day 1 vs normal controls); up/down = genes up/down in septic shock vs control",NFE4,human symbol,1,mapped,
PRKCD,1,septic-shock-up,,"Enrichr (Kuleshov 2016 NAR 44:W90) Disease_Perturbations_from_GEO_up/_down 'Septic Shock C0036983 human GSE9692 sample 307'; crowd-extracted GEO signature (Wang 2016 Nat Commun 7:12846); GSE9692 (Cvijanovich 2008 Physiol Genomics 34:127, pediatric whole blood, septic shock day 1 vs normal controls); up/down = genes up/down in septic shock vs control",PRKCD,human symbol,1,mapped,
PRO0471,1,septic-shock-up,,"Enrichr (Kuleshov 2016 NAR 44:W90) Disease_Perturbations_from_GEO_up/_down 'Septic Shock C0036983 human GSE9692 sample 307'; crowd-extracted GEO signature (Wang 2016 Nat Commun 7:12846); GSE9692 (Cvijanovich 2008 Physiol Genomics 34:127, pediatric whole blood, septic shock day 1 vs normal controls); up/down = genes up/down in septic shock vs control",,,1,unmapped: not found in MoTrPAC gene/protein annotation,
ERLIN1,1,septic-shock-up,,"Enrichr (Kuleshov 2016 NAR 44:W90) Disease_Perturbations_from_GEO_up/_down 'Septic Shock C0036983 human GSE9692 sample 307'; crowd-extracted GEO signature (Wang 2016 Nat Commun 7:12846); GSE9692 (Cvijanovich 2008 Physiol Genomics 34:127, pediatric whole blood, septic shock day 1 vs normal controls); up/down = genes up/down in septic shock vs control",ERLIN1,human symbol,1,mapped,
LOC100510697,1,septic-shock-up,,"Enrichr (Kuleshov 2016 NAR 44:W90) Disease_Perturbations_from_GEO_up/_down 'Septic Shock C0036983 human GSE9692 sample 307'; crowd-extracted GEO signature (Wang 2016 Nat Commun 7:12846); GSE9692 (Cvijanovich 2008 Physiol Genomics 34:127, pediatric whole blood, septic shock day 1 vs normal controls); up/down = genes up/down in septic shock vs control",,,1,unmapped: not found in MoTrPAC gene/protein annotation,
FOSL2,1,septic-shock-up,,"Enrichr (Kuleshov 2016 NAR 44:W90) Disease_Perturbations_from_GEO_up/_down 'Septic Shock C0036983 human GSE9692 sample 307'; crowd-extracted GEO signature (Wang 2016 Nat Commun 7:12846); GSE9692 (Cvijanovich 2008 Physiol Genomics 34:127, pediatric whole blood, septic shock day 1 vs normal controls); up/down = genes up/down in septic shock vs control",FOSL2,human symbol,1,mapped,
PLSCR1,1,septic-shock-up,,"Enrichr (Kuleshov 2016 NAR 44:W90) Disease_Perturbations_from_GEO_up/_down 'Septic Shock C0036983 human GSE9692 sample 307'; crowd-extracted GEO signature (Wang 2016 Nat Commun 7:12846); GSE9692 (Cvijanovich 2008 Physiol Genomics 34:127, pediatric whole blood, septic shock day 1 vs normal controls); up/down = genes up/down in septic shock vs control",PLSCR1,human symbol,1,mapped,
LOC100510692,1,septic-shock-up,,"Enrichr (Kuleshov 2016 NAR 44:W90) Disease_Perturbations_from_GEO_up/_down 'Septic Shock C0036983 human GSE9692 sample 307'; crowd-extracted GEO signature (Wang 2016 Nat Commun 7:12846); GSE9692 (Cvijanovich 2008 Physiol Genomics 34:127, pediatric whole blood, septic shock day 1 vs normal controls); up/down = genes up/down in septic shock vs control",,,1,unmapped: not found in MoTrPAC gene/protein annotation,
TCN1,1,septic-shock-up,,"Enrichr (Kuleshov 2016 NAR 44:W90) Disease_Perturbations_from_GEO_up/_down 'Septic Shock C0036983 human GSE9692 sample 307'; crowd-extracted GEO signature (Wang 2016 Nat Commun 7:12846); GSE9692 (Cvijanovich 2008 Physiol Genomics 34:127, pediatric whole blood, septic shock day 1 vs normal controls); up/down = genes up/down in septic shock vs control",TCN1,human symbol,1,mapped,
GJB6,1,septic-shock-up,,"Enrichr (Kuleshov 2016 NAR 44:W90) Disease_Perturbations_from_GEO_up/_down 'Septic Shock C0036983 human GSE9692 sample 307'; crowd-extracted GEO signature (Wang 2016 Nat Commun 7:12846); GSE9692 (Cvijanovich 2008 Physiol Genomics 34:127, pediatric whole blood, septic shock day 1 vs normal controls); up/down = genes up/down in septic shock vs control",GJB6,human symbol,1,mapped,
SERPING1,1,septic-shock-up,,"Enrichr (Kuleshov 2016 NAR 44:W90) Disease_Perturbations_from_GEO_up/_down 'Septic Shock C0036983 human GSE9692 sample 307'; crowd-extracted GEO signature (Wang 2016 Nat Commun 7:12846); GSE9692 (Cvijanovich 2008 Physiol Genomics 34:127, pediatric whole blood, septic shock day 1 vs normal controls); up/down = genes up/down in septic shock vs control",SERPING1,human symbol,1,mapped,
PADI4,1,septic-shock-up,,"Enrichr (Kuleshov 2016 NAR 44:W90) Disease_Perturbations_from_GEO_up/_down 'Septic Shock C0036983 human GSE9692 sample 307'; crowd-extracted GEO signature (Wang 2016 Nat Commun 7:12846); GSE9692 (Cvijanovich 2008 Physiol Genomics 34:127, pediatric whole blood, septic shock day 1 vs normal controls); up/down = genes up/down in septic shock vs control",PADI4,human symbol,1,mapped,
PLBD1,1,septic-shock-up,,"Enrichr (Kuleshov 2016 NAR 44:W90) Disease_Perturbations_from_GEO_up/_down 'Septic Shock C0036983 human GSE9692 sample 307'; crowd-extracted GEO signature (Wang 2016 Nat Commun 7:12846); GSE9692 (Cvijanovich 2008 Physiol Genomics 34:127, pediatric whole blood, septic shock day 1 vs normal controls); up/down = genes up/down in septic shock vs control",PLBD1,human symbol,1,mapped,
MRVI1,1,septic-shock-up,,"Enrichr (Kuleshov 2016 NAR 44:W90) Disease_Perturbations_from_GEO_up/_down 'Septic Shock C0036983 human GSE9692 sample 307'; crowd-extracted GEO signature (Wang 2016 Nat Commun 7:12846); GSE9692 (Cvijanovich 2008 Physiol Genomics 34:127, pediatric whole blood, septic shock day 1 vs normal controls); up/down = genes up/down in septic shock vs control",MRVI1,human symbol,1,mapped,
LOC100131015,1,septic-shock-up,,"Enrichr (Kuleshov 2016 NAR 44:W90) Disease_Perturbations_from_GEO_up/_down 'Septic Shock C0036983 human GSE9692 sample 307'; crowd-extracted GEO signature (Wang 2016 Nat Commun 7:12846); GSE9692 (Cvijanovich 2008 Physiol Genomics 34:127, pediatric whole blood, septic shock day 1 vs normal controls); up/down = genes up/down in septic shock vs control",,,1,unmapped: not found in MoTrPAC gene/protein annotation,
EZH2,1,septic-shock-up,,"Enrichr (Kuleshov 2016 NAR 44:W90) Disease_Perturbations_from_GEO_up/_down 'Septic Shock C0036983 human GSE9692 sample 307'; crowd-extracted GEO signature (Wang 2016 Nat Commun 7:12846); GSE9692 (Cvijanovich 2008 Physiol Genomics 34:127, pediatric whole blood, septic shock day 1 vs normal controls); up/down = genes up/down in septic shock vs control",EZH2,human symbol,1,mapped,
TMEM180,1,septic-shock-up,,"Enrichr (Kuleshov 2016 NAR 44:W90) Disease_Perturbations_from_GEO_up/_down 'Septic Shock C0036983 human GSE9692 sample 307'; crowd-extracted GEO signature (Wang 2016 Nat Commun 7:12846); GSE9692 (Cvijanovich 2008 Physiol Genomics 34:127, pediatric whole blood, septic shock day 1 vs normal controls); up/down = genes up/down in septic shock vs control",,,1,unmapped: not found in MoTrPAC gene/protein annotation,
IL10RB-AS1,1,septic-shock-up,,"Enrichr (Kuleshov 2016 NAR 44:W90) Disease_Perturbations_from_GEO_up/_down 'Septic Shock C0036983 human GSE9692 sample 307'; crowd-extracted GEO signature (Wang 2016 Nat Commun 7:12846); GSE9692 (Cvijanovich 2008 Physiol Genomics 34:127, pediatric whole blood, septic shock day 1 vs normal controls); up/down = genes up/down in septic shock vs control",,,1,unmapped: not found in MoTrPAC gene/protein annotation,
GNS,1,septic-shock-up,,"Enrichr (Kuleshov 2016 NAR 44:W90) Disease_Perturbations_from_GEO_up/_down 'Septic Shock C0036983 human GSE9692 sample 307'; crowd-extracted GEO signature (Wang 2016 Nat Commun 7:12846); GSE9692 (Cvijanovich 2008 Physiol Genomics 34:127, pediatric whole blood, septic shock day 1 vs normal controls); up/down = genes up/down in septic shock vs control",GNS,human symbol,1,mapped,
LOC100507281,1,septic-shock-up,,"Enrichr (Kuleshov 2016 NAR 44:W90) Disease_Perturbations_from_GEO_up/_down 'Septic Shock C0036983 human GSE9692 sample 307'; crowd-extracted GEO signature (Wang 2016 Nat Commun 7:12846); GSE9692 (Cvijanovich 2008 Physiol Genomics 34:127, pediatric whole blood, septic shock day 1 vs normal controls); up/down = genes up/down in septic shock vs control",,,1,unmapped: not found in MoTrPAC gene/protein annotation,
SAMSN1,1,septic-shock-up,,"Enrichr (Kuleshov 2016 NAR 44:W90) Disease_Perturbations_from_GEO_up/_down 'Septic Shock C0036983 human GSE9692 sample 307'; crowd-extracted GEO signature (Wang 2016 Nat Commun 7:12846); GSE9692 (Cvijanovich 2008 Physiol Genomics 34:127, pediatric whole blood, septic shock day 1 vs normal controls); up/down = genes up/down in septic shock vs control",SAMSN1,human symbol,1,mapped,
RBPJ,1,septic-shock-up,,"Enrichr (Kuleshov 2016 NAR 44:W90) Disease_Perturbations_from_GEO_up/_down 'Septic Shock C0036983 human GSE9692 sample 307'; crowd-extracted GEO signature (Wang 2016 Nat Commun 7:12846); GSE9692 (Cvijanovich 2008 Physiol Genomics 34:127, pediatric whole blood, septic shock day 1 vs normal controls); up/down = genes up/down in septic shock vs control",RBPJ,human symbol,1,mapped,
HMOX1,1,septic-shock-up,,"Enrichr (Kuleshov 2016 NAR 44:W90) Disease_Perturbations_from_GEO_up/_down 'Septic Shock C0036983 human GSE9692 sample 307'; crowd-extracted GEO signature (Wang 2016 Nat Commun 7:12846); GSE9692 (Cvijanovich 2008 Physiol Genomics 34:127, pediatric whole blood, septic shock day 1 vs normal controls); up/down = genes up/down in septic shock vs control",HMOX1,human symbol,1,mapped,
LINC00537,1,septic-shock-up,,"Enrichr (Kuleshov 2016 NAR 44:W90) Disease_Perturbations_from_GEO_up/_down 'Septic Shock C0036983 human GSE9692 sample 307'; crowd-extracted GEO signature (Wang 2016 Nat Commun 7:12846); GSE9692 (Cvijanovich 2008 Physiol Genomics 34:127, pediatric whole blood, septic shock day 1 vs normal controls); up/down = genes up/down in septic shock vs control",,,1,unmapped: not found in MoTrPAC gene/protein annotation,
JUNB,1,septic-shock-up,,"Enrichr (Kuleshov 2016 NAR 44:W90) Disease_Perturbations_from_GEO_up/_down 'Septic Shock C0036983 human GSE9692 sample 307'; crowd-extracted GEO signature (Wang 2016 Nat Commun 7:12846); GSE9692 (Cvijanovich 2008 Physiol Genomics 34:127, pediatric whole blood, septic shock day 1 vs normal controls); up/down = genes up/down in septic shock vs control",JUNB,human symbol,1,mapped,
IER3,1,septic-shock-up,,"Enrichr (Kuleshov 2016 NAR 44:W90) Disease_Perturbations_from_GEO_up/_down 'Septic Shock C0036983 human GSE9692 sample 307'; crowd-extracted GEO signature (Wang 2016 Nat Commun 7:12846); GSE9692 (Cvijanovich 2008 Physiol Genomics 34:127, pediatric whole blood, septic shock day 1 vs normal controls); up/down = genes up/down in septic shock vs control",IER3,human symbol,1,mapped,
DUSP3,1,septic-shock-up,,"Enrichr (Kuleshov 2016 NAR 44:W90) Disease_Perturbations_from_GEO_up/_down 'Septic Shock C0036983 human GSE9692 sample 307'; crowd-extracted GEO signature (Wang 2016 Nat Commun 7:12846); GSE9692 (Cvijanovich 2008 Physiol Genomics 34:127, pediatric whole blood, septic shock day 1 vs normal controls); up/down = genes up/down in septic shock vs control",DUSP3,human symbol,1,mapped,
CENPW,1,septic-shock-up,,"Enrichr (Kuleshov 2016 NAR 44:W90) Disease_Perturbations_from_GEO_up/_down 'Septic Shock C0036983 human GSE9692 sample 307'; crowd-extracted GEO signature (Wang 2016 Nat Commun 7:12846); GSE9692 (Cvijanovich 2008 Physiol Genomics 34:127, pediatric whole blood, septic shock day 1 vs normal controls); up/down = genes up/down in septic shock vs control",CENPW,human symbol,1,mapped,
RARA-AS1,1,septic-shock-up,,"Enrichr (Kuleshov 2016 NAR 44:W90) Disease_Perturbations_from_GEO_up/_down 'Septic Shock C0036983 human GSE9692 sample 307'; crowd-extracted GEO signature (Wang 2016 Nat Commun 7:12846); GSE9692 (Cvijanovich 2008 Physiol Genomics 34:127, pediatric whole blood, septic shock day 1 vs normal controls); up/down = genes up/down in septic shock vs control",RARA-AS1,human symbol,1,mapped,
ANXA3,1,septic-shock-up,,"Enrichr (Kuleshov 2016 NAR 44:W90) Disease_Perturbations_from_GEO_up/_down 'Septic Shock C0036983 human GSE9692 sample 307'; crowd-extracted GEO signature (Wang 2016 Nat Commun 7:12846); GSE9692 (Cvijanovich 2008 Physiol Genomics 34:127, pediatric whole blood, septic shock day 1 vs normal controls); up/down = genes up/down in septic shock vs control",ANXA3,human symbol,1,mapped,
EMP1,1,septic-shock-up,,"Enrichr (Kuleshov 2016 NAR 44:W90) Disease_Perturbations_from_GEO_up/_down 'Septic Shock C0036983 human GSE9692 sample 307'; crowd-extracted GEO signature (Wang 2016 Nat Commun 7:12846); GSE9692 (Cvijanovich 2008 Physiol Genomics 34:127, pediatric whole blood, septic shock day 1 vs normal controls); up/down = genes up/down in septic shock vs control",EMP1,human symbol,1,mapped,
NSUN7,1,septic-shock-up,,"Enrichr (Kuleshov 2016 NAR 44:W90) Disease_Perturbations_from_GEO_up/_down 'Septic Shock C0036983 human GSE9692 sample 307'; crowd-extracted GEO signature (Wang 2016 Nat Commun 7:12846); GSE9692 (Cvijanovich 2008 Physiol Genomics 34:127, pediatric whole blood, septic shock day 1 vs normal controls); up/down = genes up/down in septic shock vs control",NSUN7,human symbol,1,mapped,
ASAP1-IT1,1,septic-shock-up,,"Enrichr (Kuleshov 2016 NAR 44:W90) Disease_Perturbations_from_GEO_up/_down 'Septic Shock C0036983 human GSE9692 sample 307'; crowd-extracted GEO signature (Wang 2016 Nat Commun 7:12846); GSE9692 (Cvijanovich 2008 Physiol Genomics 34:127, pediatric whole blood, septic shock day 1 vs normal controls); up/down = genes up/down in septic shock vs control",,,1,unmapped: not found in MoTrPAC gene/protein annotation,
CARD6,1,septic-shock-up,,"Enrichr (Kuleshov 2016 NAR 44:W90) Disease_Perturbations_from_GEO_up/_down 'Septic Shock C0036983 human GSE9692 sample 307'; crowd-extracted GEO signature (Wang 2016 Nat Commun 7:12846); GSE9692 (Cvijanovich 2008 Physiol Genomics 34:127, pediatric whole blood, septic shock day 1 vs normal controls); up/down = genes up/down in septic shock vs control",CARD6,human symbol,1,mapped,
FAM126B,1,septic-shock-up,,"Enrichr (Kuleshov 2016 NAR 44:W90) Disease_Perturbations_from_GEO_up/_down 'Septic Shock C0036983 human GSE9692 sample 307'; crowd-extracted GEO signature (Wang 2016 Nat Commun 7:12846); GSE9692 (Cvijanovich 2008 Physiol Genomics 34:127, pediatric whole blood, septic shock day 1 vs normal controls); up/down = genes up/down in septic shock vs control",FAM126B,human symbol,1,mapped,
C9orf84,1,septic-shock-up,,"Enrichr (Kuleshov 2016 NAR 44:W90) Disease_Perturbations_from_GEO_up/_down 'Septic Shock C0036983 human GSE9692 sample 307'; crowd-extracted GEO signature (Wang 2016 Nat Commun 7:12846); GSE9692 (Cvijanovich 2008 Physiol Genomics 34:127, pediatric whole blood, septic shock day 1 vs normal controls); up/down = genes up/down in septic shock vs control",,,1,unmapped: not found in MoTrPAC gene/protein annotation,
MS4A4A,1,septic-shock-up,,"Enrichr (Kuleshov 2016 NAR 44:W90) Disease_Perturbations_from_GEO_up/_down 'Septic Shock C0036983 human GSE9692 sample 307'; crowd-extracted GEO signature (Wang 2016 Nat Commun 7:12846); GSE9692 (Cvijanovich 2008 Physiol Genomics 34:127, pediatric whole blood, septic shock day 1 vs normal controls); up/down = genes up/down in septic shock vs control",MS4A4A,human symbol,1,mapped,
SIGLEC1,1,septic-shock-up,,"Enrichr (Kuleshov 2016 NAR 44:W90) Disease_Perturbations_from_GEO_up/_down 'Septic Shock C0036983 human GSE9692 sample 307'; crowd-extracted GEO signature (Wang 2016 Nat Commun 7:12846); GSE9692 (Cvijanovich 2008 Physiol Genomics 34:127, pediatric whole blood, septic shock day 1 vs normal controls); up/down = genes up/down in septic shock vs control",SIGLEC1,human symbol,1,mapped,
MTF1,1,septic-shock-up,,"Enrichr (Kuleshov 2016 NAR 44:W90) Disease_Perturbations_from_GEO_up/_down 'Septic Shock C0036983 human GSE9692 sample 307'; crowd-extracted GEO signature (Wang 2016 Nat Commun 7:12846); GSE9692 (Cvijanovich 2008 Physiol Genomics 34:127, pediatric whole blood, septic shock day 1 vs normal controls); up/down = genes up/down in septic shock vs control",MTF1,human symbol,1,mapped,
AGO3,1,septic-shock-up,,"Enrichr (Kuleshov 2016 NAR 44:W90) Disease_Perturbations_from_GEO_up/_down 'Septic Shock C0036983 human GSE9692 sample 307'; crowd-extracted GEO signature (Wang 2016 Nat Commun 7:12846); GSE9692 (Cvijanovich 2008 Physiol Genomics 34:127, pediatric whole blood, septic shock day 1 vs normal controls); up/down = genes up/down in septic shock vs control",AGO3,human symbol,1,mapped,
SIGLEC5,1,septic-shock-up,,"Enrichr (Kuleshov 2016 NAR 44:W90) Disease_Perturbations_from_GEO_up/_down 'Septic Shock C0036983 human GSE9692 sample 307'; crowd-extracted GEO signature (Wang 2016 Nat Commun 7:12846); GSE9692 (Cvijanovich 2008 Physiol Genomics 34:127, pediatric whole blood, septic shock day 1 vs normal controls); up/down = genes up/down in septic shock vs control",SIGLEC5,human symbol,1,mapped,
GAS7,1,septic-shock-up,,"Enrichr (Kuleshov 2016 NAR 44:W90) Disease_Perturbations_from_GEO_up/_down 'Septic Shock C0036983 human GSE9692 sample 307'; crowd-extracted GEO signature (Wang 2016 Nat Commun 7:12846); GSE9692 (Cvijanovich 2008 Physiol Genomics 34:127, pediatric whole blood, septic shock day 1 vs normal controls); up/down = genes up/down in septic shock vs control",GAS7,human symbol,1,mapped,
SIGLEC9,1,septic-shock-up,,"Enrichr (Kuleshov 2016 NAR 44:W90) Disease_Perturbations_from_GEO_up/_down 'Septic Shock C0036983 human GSE9692 sample 307'; crowd-extracted GEO signature (Wang 2016 Nat Commun 7:12846); GSE9692 (Cvijanovich 2008 Physiol Genomics 34:127, pediatric whole blood, septic shock day 1 vs normal controls); up/down = genes up/down in septic shock vs control",SIGLEC9,human symbol,1,mapped,
LOC100134822,1,septic-shock-up,,"Enrichr (Kuleshov 2016 NAR 44:W90) Disease_Perturbations_from_GEO_up/_down 'Septic Shock C0036983 human GSE9692 sample 307'; crowd-extracted GEO signature (Wang 2016 Nat Commun 7:12846); GSE9692 (Cvijanovich 2008 Physiol Genomics 34:127, pediatric whole blood, septic shock day 1 vs normal controls); up/down = genes up/down in septic shock vs control",,,1,unmapped: not found in MoTrPAC gene/protein annotation,
CDKN3,1,septic-shock-up,,"Enrichr (Kuleshov 2016 NAR 44:W90) Disease_Perturbations_from_GEO_up/_down 'Septic Shock C0036983 human GSE9692 sample 307'; crowd-extracted GEO signature (Wang 2016 Nat Commun 7:12846); GSE9692 (Cvijanovich 2008 Physiol Genomics 34:127, pediatric whole blood, septic shock day 1 vs normal controls); up/down = genes up/down in septic shock vs control",CDKN3,human symbol,1,mapped,
LOC441124,1,septic-shock-up,,"Enrichr (Kuleshov 2016 NAR 44:W90) Disease_Perturbations_from_GEO_up/_down 'Septic Shock C0036983 human GSE9692 sample 307'; crowd-extracted GEO signature (Wang 2016 Nat Commun 7:12846); GSE9692 (Cvijanovich 2008 Physiol Genomics 34:127, pediatric whole blood, septic shock day 1 vs normal controls); up/down = genes up/down in septic shock vs control",,,1,unmapped: not found in MoTrPAC gene/protein annotation,
HIST2H2AA4,1,septic-shock-up,,"Enrichr (Kuleshov 2016 NAR 44:W90) Disease_Perturbations_from_GEO_up/_down 'Septic Shock C0036983 human GSE9692 sample 307'; crowd-extracted GEO signature (Wang 2016 Nat Commun 7:12846); GSE9692 (Cvijanovich 2008 Physiol Genomics 34:127, pediatric whole blood, septic shock day 1 vs normal controls); up/down = genes up/down in septic shock vs control",,,1,unmapped: not found in MoTrPAC gene/protein annotation,
GRAMD1A,1,septic-shock-up,,"Enrichr (Kuleshov 2016 NAR 44:W90) Disease_Perturbations_from_GEO_up/_down 'Septic Shock C0036983 human GSE9692 sample 307'; crowd-extracted GEO signature (Wang 2016 Nat Commun 7:12846); GSE9692 (Cvijanovich 2008 Physiol Genomics 34:127, pediatric whole blood, septic shock day 1 vs normal controls); up/down = genes up/down in septic shock vs control",GRAMD1A,human symbol,1,mapped,
ELL,1,septic-shock-up,,"Enrichr (Kuleshov 2016 NAR 44:W90) Disease_Perturbations_from_GEO_up/_down 'Septic Shock C0036983 human GSE9692 sample 307'; crowd-extracted GEO signature (Wang 2016 Nat Commun 7:12846); GSE9692 (Cvijanovich 2008 Physiol Genomics 34:127, pediatric whole blood, septic shock day 1 vs normal controls); up/down = genes up/down in septic shock vs control",ELL,human symbol,1,mapped,
ABHD2,1,septic-shock-up,,"Enrichr (Kuleshov 2016 NAR 44:W90) Disease_Perturbations_from_GEO_up/_down 'Septic Shock C0036983 human GSE9692 sample 307'; crowd-extracted GEO signature (Wang 2016 Nat Commun 7:12846); GSE9692 (Cvijanovich 2008 Physiol Genomics 34:127, pediatric whole blood, septic shock day 1 vs normal controls); up/down = genes up/down in septic shock vs control",ABHD2,human symbol,1,mapped,
FPR2,1,septic-shock-up,,"Enrichr (Kuleshov 2016 NAR 44:W90) Disease_Perturbations_from_GEO_up/_down 'Septic Shock C0036983 human GSE9692 sample 307'; crowd-extracted GEO signature (Wang 2016 Nat Commun 7:12846); GSE9692 (Cvijanovich 2008 Physiol Genomics 34:127, pediatric whole blood, septic shock day 1 vs normal controls); up/down = genes up/down in septic shock vs control",FPR2,human symbol,1,mapped,
ADM,1,septic-shock-up,,"Enrichr (Kuleshov 2016 NAR 44:W90) Disease_Perturbations_from_GEO_up/_down 'Septic Shock C0036983 human GSE9692 sample 307'; crowd-extracted GEO signature (Wang 2016 Nat Commun 7:12846); GSE9692 (Cvijanovich 2008 Physiol Genomics 34:127, pediatric whole blood, septic shock day 1 vs normal controls); up/down = genes up/down in septic shock vs control",ADM,human symbol,1,mapped,
FPR1,1,septic-shock-up,,"Enrichr (Kuleshov 2016 NAR 44:W90) Disease_Perturbations_from_GEO_up/_down 'Septic Shock C0036983 human GSE9692 sample 307'; crowd-extracted GEO signature (Wang 2016 Nat Commun 7:12846); GSE9692 (Cvijanovich 2008 Physiol Genomics 34:127, pediatric whole blood, septic shock day 1 vs normal controls); up/down = genes up/down in septic shock vs control",FPR1,human symbol,1,mapped,
SOS1-IT1,1,septic-shock-up,,"Enrichr (Kuleshov 2016 NAR 44:W90) Disease_Perturbations_from_GEO_up/_down 'Septic Shock C0036983 human GSE9692 sample 307'; crowd-extracted GEO signature (Wang 2016 Nat Commun 7:12846); GSE9692 (Cvijanovich 2008 Physiol Genomics 34:127, pediatric whole blood, septic shock day 1 vs normal controls); up/down = genes up/down in septic shock vs control",SOS1-IT1,human symbol,1,mapped,
LOC100510224,1,septic-shock-up,,"Enrichr (Kuleshov 2016 NAR 44:W90) Disease_Perturbations_from_GEO_up/_down 'Septic Shock C0036983 human GSE9692 sample 307'; crowd-extracted GEO signature (Wang 2016 Nat Commun 7:12846); GSE9692 (Cvijanovich 2008 Physiol Genomics 34:127, pediatric whole blood, septic shock day 1 vs normal controls); up/down = genes up/down in septic shock vs control",,,1,unmapped: not found in MoTrPAC gene/protein annotation,
NPTN-IT1,1,septic-shock-up,,"Enrichr (Kuleshov 2016 NAR 44:W90) Disease_Perturbations_from_GEO_up/_down 'Septic Shock C0036983 human GSE9692 sample 307'; crowd-extracted GEO signature (Wang 2016 Nat Commun 7:12846); GSE9692 (Cvijanovich 2008 Physiol Genomics 34:127, pediatric whole blood, septic shock day 1 vs normal controls); up/down = genes up/down in septic shock vs control",NPTN-IT1,human symbol,1,mapped,
PBK,1,septic-shock-up,,"Enrichr (Kuleshov 2016 NAR 44:W90) Disease_Perturbations_from_GEO_up/_down 'Septic Shock C0036983 human GSE9692 sample 307'; crowd-extracted GEO signature (Wang 2016 Nat Commun 7:12846); GSE9692 (Cvijanovich 2008 Physiol Genomics 34:127, pediatric whole blood, septic shock day 1 vs normal controls); up/down = genes up/down in septic shock vs control",PBK,human symbol,1,mapped,
TIMP1,1,septic-shock-up,,"Enrichr (Kuleshov 2016 NAR 44:W90) Disease_Perturbations_from_GEO_up/_down 'Septic Shock C0036983 human GSE9692 sample 307'; crowd-extracted GEO signature (Wang 2016 Nat Commun 7:12846); GSE9692 (Cvijanovich 2008 Physiol Genomics 34:127, pediatric whole blood, septic shock day 1 vs normal controls); up/down = genes up/down in septic shock vs control",TIMP1,human symbol,1,mapped,
ATXN1,1,septic-shock-up,,"Enrichr (Kuleshov 2016 NAR 44:W90) Disease_Perturbations_from_GEO_up/_down 'Septic Shock C0036983 human GSE9692 sample 307'; crowd-extracted GEO signature (Wang 2016 Nat Commun 7:12846); GSE9692 (Cvijanovich 2008 Physiol Genomics 34:127, pediatric whole blood, septic shock day 1 vs normal controls); up/down = genes up/down in septic shock vs control",ATXN1,human symbol,1,mapped,
CEP55,1,septic-shock-up,,"Enrichr (Kuleshov 2016 NAR 44:W90) Disease_Perturbations_from_GEO_up/_down 'Septic Shock C0036983 human GSE9692 sample 307'; crowd-extracted GEO signature (Wang 2016 Nat Commun 7:12846); GSE9692 (Cvijanovich 2008 Physiol Genomics 34:127, pediatric whole blood, septic shock day 1 vs normal controls); up/down = genes up/down in septic shock vs control",CEP55,human symbol,1,mapped,
PCMTD2,1,septic-shock-up,,"Enrichr (Kuleshov 2016 NAR 44:W90) Disease_Perturbations_from_GEO_up/_down 'Septic Shock C0036983 human GSE9692 sample 307'; crowd-extracted GEO signature (Wang 2016 Nat Commun 7:12846); GSE9692 (Cvijanovich 2008 Physiol Genomics 34:127, pediatric whole blood, septic shock day 1 vs normal controls); up/down = genes up/down in septic shock vs control",PCMTD2,human symbol,1,mapped,
DLGAP5,1,septic-shock-up,,"Enrichr (Kuleshov 2016 NAR 44:W90) Disease_Perturbations_from_GEO_up/_down 'Septic Shock C0036983 human GSE9692 sample 307'; crowd-extracted GEO signature (Wang 2016 Nat Commun 7:12846); GSE9692 (Cvijanovich 2008 Physiol Genomics 34:127, pediatric whole blood, septic shock day 1 vs normal controls); up/down = genes up/down in septic shock vs control",DLGAP5,human symbol,1,mapped,
SERPINB2,1,septic-shock-up,,"Enrichr (Kuleshov 2016 NAR 44:W90) Disease_Perturbations_from_GEO_up/_down 'Septic Shock C0036983 human GSE9692 sample 307'; crowd-extracted GEO signature (Wang 2016 Nat Commun 7:12846); GSE9692 (Cvijanovich 2008 Physiol Genomics 34:127, pediatric whole blood, septic shock day 1 vs normal controls); up/down = genes up/down in septic shock vs control",SERPINB2,human symbol,1,mapped,
HELLS,1,septic-shock-up,,"Enrichr (Kuleshov 2016 NAR 44:W90) Disease_Perturbations_from_GEO_up/_down 'Septic Shock C0036983 human GSE9692 sample 307'; crowd-extracted GEO signature (Wang 2016 Nat Commun 7:12846); GSE9692 (Cvijanovich 2008 Physiol Genomics 34:127, pediatric whole blood, septic shock day 1 vs normal controls); up/down = genes up/down in septic shock vs control",HELLS,human symbol,1,mapped,
DGAT2,1,septic-shock-up,,"Enrichr (Kuleshov 2016 NAR 44:W90) Disease_Perturbations_from_GEO_up/_down 'Septic Shock C0036983 human GSE9692 sample 307'; crowd-extracted GEO signature (Wang 2016 Nat Commun 7:12846); GSE9692 (Cvijanovich 2008 Physiol Genomics 34:127, pediatric whole blood, septic shock day 1 vs normal controls); up/down = genes up/down in septic shock vs control",DGAT2,human symbol,1,mapped,
ARG1,1,septic-shock-up,,"Enrichr (Kuleshov 2016 NAR 44:W90) Disease_Perturbations_from_GEO_up/_down 'Septic Shock C0036983 human GSE9692 sample 307'; crowd-extracted GEO signature (Wang 2016 Nat Commun 7:12846); GSE9692 (Cvijanovich 2008 Physiol Genomics 34:127, pediatric whole blood, septic shock day 1 vs normal controls); up/down = genes up/down in septic shock vs control",ARG1,human symbol,1,mapped,
SERPINB1,1,septic-shock-up,,"Enrichr (Kuleshov 2016 NAR 44:W90) Disease_Perturbations_from_GEO_up/_down 'Septic Shock C0036983 human GSE9692 sample 307'; crowd-extracted GEO signature (Wang 2016 Nat Commun 7:12846); GSE9692 (Cvijanovich 2008 Physiol Genomics 34:127, pediatric whole blood, septic shock day 1 vs normal controls); up/down = genes up/down in septic shock vs control",SERPINB1,human symbol,1,mapped,
G0S2,1,septic-shock-up,,"Enrichr (Kuleshov 2016 NAR 44:W90) Disease_Perturbations_from_GEO_up/_down 'Septic Shock C0036983 human GSE9692 sample 307'; crowd-extracted GEO signature (Wang 2016 Nat Commun 7:12846); GSE9692 (Cvijanovich 2008 Physiol Genomics 34:127, pediatric whole blood, septic shock day 1 vs normal controls); up/down = genes up/down in septic shock vs control",G0S2,human symbol,1,mapped,
SLC2A14,1,septic-shock-up,,"Enrichr (Kuleshov 2016 NAR 44:W90) Disease_Perturbations_from_GEO_up/_down 'Septic Shock C0036983 human GSE9692 sample 307'; crowd-extracted GEO signature (Wang 2016 Nat Commun 7:12846); GSE9692 (Cvijanovich 2008 Physiol Genomics 34:127, pediatric whole blood, septic shock day 1 vs normal controls); up/down = genes up/down in septic shock vs control",SLC2A14,human symbol,1,mapped,
FOS,1,septic-shock-up,,"Enrichr (Kuleshov 2016 NAR 44:W90) Disease_Perturbations_from_GEO_up/_down 'Septic Shock C0036983 human GSE9692 sample 307'; crowd-extracted GEO signature (Wang 2016 Nat Commun 7:12846); GSE9692 (Cvijanovich 2008 Physiol Genomics 34:127, pediatric whole blood, septic shock day 1 vs normal controls); up/down = genes up/down in septic shock vs control",FOS,human symbol,1,mapped,
ACOT13,1,septic-shock-up,,"Enrichr (Kuleshov 2016 NAR 44:W90) Disease_Perturbations_from_GEO_up/_down 'Septic Shock C0036983 human GSE9692 sample 307'; crowd-extracted GEO signature (Wang 2016 Nat Commun 7:12846); GSE9692 (Cvijanovich 2008 Physiol Genomics 34:127, pediatric whole blood, septic shock day 1 vs normal controls); up/down = genes up/down in septic shock vs control",ACOT13,human symbol,1,mapped,
RNASE4,1,septic-shock-up,,"Enrichr (Kuleshov 2016 NAR 44:W90) Disease_Perturbations_from_GEO_up/_down 'Septic Shock C0036983 human GSE9692 sample 307'; crowd-extracted GEO signature (Wang 2016 Nat Commun 7:12846); GSE9692 (Cvijanovich 2008 Physiol Genomics 34:127, pediatric whole blood, septic shock day 1 vs normal controls); up/down = genes up/down in septic shock vs control",RNASE4,human symbol,1,mapped,
LRG1,1,septic-shock-up,,"Enrichr (Kuleshov 2016 NAR 44:W90) Disease_Perturbations_from_GEO_up/_down 'Septic Shock C0036983 human GSE9692 sample 307'; crowd-extracted GEO signature (Wang 2016 Nat Commun 7:12846); GSE9692 (Cvijanovich 2008 Physiol Genomics 34:127, pediatric whole blood, septic shock day 1 vs normal controls); up/down = genes up/down in septic shock vs control",LRG1,human symbol,1,mapped,
RNASE3,1,septic-shock-up,,"Enrichr (Kuleshov 2016 NAR 44:W90) Disease_Perturbations_from_GEO_up/_down 'Septic Shock C0036983 human GSE9692 sample 307'; crowd-extracted GEO signature (Wang 2016 Nat Commun 7:12846); GSE9692 (Cvijanovich 2008 Physiol Genomics 34:127, pediatric whole blood, septic shock day 1 vs normal controls); up/down = genes up/down in septic shock vs control",RNASE3,human symbol,1,mapped,
RNASE2,1,septic-shock-up,,"Enrichr (Kuleshov 2016 NAR 44:W90) Disease_Perturbations_from_GEO_up/_down 'Septic Shock C0036983 human GSE9692 sample 307'; crowd-extracted GEO signature (Wang 2016 Nat Commun 7:12846); GSE9692 (Cvijanovich 2008 Physiol Genomics 34:127, pediatric whole blood, septic shock day 1 vs normal controls); up/down = genes up/down in septic shock vs control",RNASE2,human symbol,1,mapped,
F5,1,septic-shock-up,,"Enrichr (Kuleshov 2016 NAR 44:W90) Disease_Perturbations_from_GEO_up/_down 'Septic Shock C0036983 human GSE9692 sample 307'; crowd-extracted GEO signature (Wang 2016 Nat Commun 7:12846); GSE9692 (Cvijanovich 2008 Physiol Genomics 34:127, pediatric whole blood, septic shock day 1 vs normal controls); up/down = genes up/down in septic shock vs control",F5,human symbol,1,mapped,
RNASE1,1,septic-shock-up,,"Enrichr (Kuleshov 2016 NAR 44:W90) Disease_Perturbations_from_GEO_up/_down 'Septic Shock C0036983 human GSE9692 sample 307'; crowd-extracted GEO signature (Wang 2016 Nat Commun 7:12846); GSE9692 (Cvijanovich 2008 Physiol Genomics 34:127, pediatric whole blood, septic shock day 1 vs normal controls); up/down = genes up/down in septic shock vs control",RNASE1,human symbol,1,mapped,
MRPL53,1,septic-shock-up,,"Enrichr (Kuleshov 2016 NAR 44:W90) Disease_Perturbations_from_GEO_up/_down 'Septic Shock C0036983 human GSE9692 sample 307'; crowd-extracted GEO signature (Wang 2016 Nat Commun 7:12846); GSE9692 (Cvijanovich 2008 Physiol Genomics 34:127, pediatric whole blood, septic shock day 1 vs normal controls); up/down = genes up/down in septic shock vs control",MRPL53,human symbol,1,mapped,
F8,1,septic-shock-up,,"Enrichr (Kuleshov 2016 NAR 44:W90) Disease_Perturbations_from_GEO_up/_down 'Septic Shock C0036983 human GSE9692 sample 307'; crowd-extracted GEO signature (Wang 2016 Nat Commun 7:12846); GSE9692 (Cvijanovich 2008 Physiol Genomics 34:127, pediatric whole blood, septic shock day 1 vs normal controls); up/down = genes up/down in septic shock vs control",F8,human symbol,1,mapped,
TMEM158,1,septic-shock-up,,"Enrichr (Kuleshov 2016 NAR 44:W90) Disease_Perturbations_from_GEO_up/_down 'Septic Shock C0036983 human GSE9692 sample 307'; crowd-extracted GEO signature (Wang 2016 Nat Commun 7:12846); GSE9692 (Cvijanovich 2008 Physiol Genomics 34:127, pediatric whole blood, septic shock day 1 vs normal controls); up/down = genes up/down in septic shock vs control",TMEM158,human symbol,1,mapped,
RPS16P5,1,septic-shock-up,,"Enrichr (Kuleshov 2016 NAR 44:W90) Disease_Perturbations_from_GEO_up/_down 'Septic Shock C0036983 human GSE9692 sample 307'; crowd-extracted GEO signature (Wang 2016 Nat Commun 7:12846); GSE9692 (Cvijanovich 2008 Physiol Genomics 34:127, pediatric whole blood, septic shock day 1 vs normal controls); up/down = genes up/down in septic shock vs control",,,1,unmapped: not found in MoTrPAC gene/protein annotation,
PLP2,1,septic-shock-up,,"Enrichr (Kuleshov 2016 NAR 44:W90) Disease_Perturbations_from_GEO_up/_down 'Septic Shock C0036983 human GSE9692 sample 307'; crowd-extracted GEO signature (Wang 2016 Nat Commun 7:12846); GSE9692 (Cvijanovich 2008 Physiol Genomics 34:127, pediatric whole blood, septic shock day 1 vs normal controls); up/down = genes up/down in septic shock vs control",PLP2,human symbol,1,mapped,
CKS2,1,septic-shock-up,,"Enrichr (Kuleshov 2016 NAR 44:W90) Disease_Perturbations_from_GEO_up/_down 'Septic Shock C0036983 human GSE9692 sample 307'; crowd-extracted GEO signature (Wang 2016 Nat Commun 7:12846); GSE9692 (Cvijanovich 2008 Physiol Genomics 34:127, pediatric whole blood, septic shock day 1 vs normal controls); up/down = genes up/down in septic shock vs control",CKS2,human symbol,1,mapped,
PLEKHO2,1,septic-shock-up,,"Enrichr (Kuleshov 2016 NAR 44:W90) Disease_Perturbations_from_GEO_up/_down 'Septic Shock C0036983 human GSE9692 sample 307'; crowd-extracted GEO signature (Wang 2016 Nat Commun 7:12846); GSE9692 (Cvijanovich 2008 Physiol Genomics 34:127, pediatric whole blood, septic shock day 1 vs normal controls); up/down = genes up/down in septic shock vs control",PLEKHO2,human symbol,1,mapped,
MSRB1,1,septic-shock-up,,"Enrichr (Kuleshov 2016 NAR 44:W90) Disease_Perturbations_from_GEO_up/_down 'Septic Shock C0036983 human GSE9692 sample 307'; crowd-extracted GEO signature (Wang 2016 Nat Commun 7:12846); GSE9692 (Cvijanovich 2008 Physiol Genomics 34:127, pediatric whole blood, septic shock day 1 vs normal controls); up/down = genes up/down in septic shock vs control",MSRB1,human symbol,1,mapped,
TGFB1I1,1,septic-shock-up,,"Enrichr (Kuleshov 2016 NAR 44:W90) Disease_Perturbations_from_GEO_up/_down 'Septic Shock C0036983 human GSE9692 sample 307'; crowd-extracted GEO signature (Wang 2016 Nat Commun 7:12846); GSE9692 (Cvijanovich 2008 Physiol Genomics 34:127, pediatric whole blood, septic shock day 1 vs normal controls); up/down = genes up/down in septic shock vs control",TGFB1I1,human symbol,1,mapped,
PYGL,1,septic-shock-up,,"Enrichr (Kuleshov 2016 NAR 44:W90) Disease_Perturbations_from_GEO_up/_down 'Septic Shock C0036983 human GSE9692 sample 307'; crowd-extracted GEO signature (Wang 2016 Nat Commun 7:12846); GSE9692 (Cvijanovich 2008 Physiol Genomics 34:127, pediatric whole blood, septic shock day 1 vs normal controls); up/down = genes up/down in septic shock vs control",PYGL,human symbol,1,mapped,
TMEM260,1,septic-shock-up,,"Enrichr (Kuleshov 2016 NAR 44:W90) Disease_Perturbations_from_GEO_up/_down 'Septic Shock C0036983 human GSE9692 sample 307'; crowd-extracted GEO signature (Wang 2016 Nat Commun 7:12846); GSE9692 (Cvijanovich 2008 Physiol Genomics 34:127, pediatric whole blood, septic shock day 1 vs normal controls); up/down = genes up/down in septic shock vs control",TMEM260,human symbol,1,mapped,
CENPA,1,septic-shock-up,,"Enrichr (Kuleshov 2016 NAR 44:W90) Disease_Perturbations_from_GEO_up/_down 'Septic Shock C0036983 human GSE9692 sample 307'; crowd-extracted GEO signature (Wang 2016 Nat Commun 7:12846); GSE9692 (Cvijanovich 2008 Physiol Genomics 34:127, pediatric whole blood, septic shock day 1 vs normal controls); up/down = genes up/down in septic shock vs control",CENPA,human symbol,1,mapped,
CHKB-CPT1B,1,septic-shock-up,,"Enrichr (Kuleshov 2016 NAR 44:W90) Disease_Perturbations_from_GEO_up/_down 'Septic Shock C0036983 human GSE9692 sample 307'; crowd-extracted GEO signature (Wang 2016 Nat Commun 7:12846); GSE9692 (Cvijanovich 2008 Physiol Genomics 34:127, pediatric whole blood, septic shock day 1 vs normal controls); up/down = genes up/down in septic shock vs control",CHKB-CPT1B,human symbol,1,mapped,
PTGS2,1,septic-shock-up,,"Enrichr (Kuleshov 2016 NAR 44:W90) Disease_Perturbations_from_GEO_up/_down 'Septic Shock C0036983 human GSE9692 sample 307'; crowd-extracted GEO signature (Wang 2016 Nat Commun 7:12846); GSE9692 (Cvijanovich 2008 Physiol Genomics 34:127, pediatric whole blood, septic shock day 1 vs normal controls); up/down = genes up/down in septic shock vs control",PTGS2,human symbol,1,mapped,
MRC1,1,septic-shock-up,,"Enrichr (Kuleshov 2016 NAR 44:W90) Disease_Perturbations_from_GEO_up/_down 'Septic Shock C0036983 human GSE9692 sample 307'; crowd-extracted GEO signature (Wang 2016 Nat Commun 7:12846); GSE9692 (Cvijanovich 2008 Physiol Genomics 34:127, pediatric whole blood, septic shock day 1 vs normal controls); up/down = genes up/down in septic shock vs control",MRC1,human symbol,1,mapped,
ROPN1L,1,septic-shock-up,,"Enrichr (Kuleshov 2016 NAR 44:W90) Disease_Perturbations_from_GEO_up/_down 'Septic Shock C0036983 human GSE9692 sample 307'; crowd-extracted GEO signature (Wang 2016 Nat Commun 7:12846); GSE9692 (Cvijanovich 2008 Physiol Genomics 34:127, pediatric whole blood, septic shock day 1 vs normal controls); up/down = genes up/down in septic shock vs control",ROPN1L,human symbol,1,mapped,
TSPO,1,septic-shock-up,,"Enrichr (Kuleshov 2016 NAR 44:W90) Disease_Perturbations_from_GEO_up/_down 'Septic Shock C0036983 human GSE9692 sample 307'; crowd-extracted GEO signature (Wang 2016 Nat Commun 7:12846); GSE9692 (Cvijanovich 2008 Physiol Genomics 34:127, pediatric whole blood, septic shock day 1 vs normal controls); up/down = genes up/down in septic shock vs control",TSPO,human symbol,1,mapped,
METTL7B,1,septic-shock-up,,"Enrichr (Kuleshov 2016 NAR 44:W90) Disease_Perturbations_from_GEO_up/_down 'Septic Shock C0036983 human GSE9692 sample 307'; crowd-extracted GEO signature (Wang 2016 Nat Commun 7:12846); GSE9692 (Cvijanovich 2008 Physiol Genomics 34:127, pediatric whole blood, septic shock day 1 vs normal controls); up/down = genes up/down in septic shock vs control",METTL7B,human symbol,1,mapped,
PGLYRP1,1,septic-shock-up,,"Enrichr (Kuleshov 2016 NAR 44:W90) Disease_Perturbations_from_GEO_up/_down 'Septic Shock C0036983 human GSE9692 sample 307'; crowd-extracted GEO signature (Wang 2016 Nat Commun 7:12846); GSE9692 (Cvijanovich 2008 Physiol Genomics 34:127, pediatric whole blood, septic shock day 1 vs normal controls); up/down = genes up/down in septic shock vs control",PGLYRP1,human symbol,1,mapped,
SEMA4A,1,septic-shock-up,,"Enrichr (Kuleshov 2016 NAR 44:W90) Disease_Perturbations_from_GEO_up/_down 'Septic Shock C0036983 human GSE9692 sample 307'; crowd-extracted GEO signature (Wang 2016 Nat Commun 7:12846); GSE9692 (Cvijanovich 2008 Physiol Genomics 34:127, pediatric whole blood, septic shock day 1 vs normal controls); up/down = genes up/down in septic shock vs control",SEMA4A,human symbol,1,mapped,
YIPF1,1,septic-shock-up,,"Enrichr (Kuleshov 2016 NAR 44:W90) Disease_Perturbations_from_GEO_up/_down 'Septic Shock C0036983 human GSE9692 sample 307'; crowd-extracted GEO signature (Wang 2016 Nat Commun 7:12846); GSE9692 (Cvijanovich 2008 Physiol Genomics 34:127, pediatric whole blood, septic shock day 1 vs normal controls); up/down = genes up/down in septic shock vs control",YIPF1,human symbol,1,mapped,
TLE3,1,septic-shock-up,,"Enrichr (Kuleshov 2016 NAR 44:W90) Disease_Perturbations_from_GEO_up/_down 'Septic Shock C0036983 human GSE9692 sample 307'; crowd-extracted GEO signature (Wang 2016 Nat Commun 7:12846); GSE9692 (Cvijanovich 2008 Physiol Genomics 34:127, pediatric whole blood, septic shock day 1 vs normal controls); up/down = genes up/down in septic shock vs control",TLE3,human symbol,1,mapped,
CD163,1,septic-shock-up,,"Enrichr (Kuleshov 2016 NAR 44:W90) Disease_Perturbations_from_GEO_up/_down 'Septic Shock C0036983 human GSE9692 sample 307'; crowd-extracted GEO signature (Wang 2016 Nat Commun 7:12846); GSE9692 (Cvijanovich 2008 Physiol Genomics 34:127, pediatric whole blood, septic shock day 1 vs normal controls); up/down = genes up/down in septic shock vs control",CD163,human symbol,1,mapped,
PLXNC1,1,septic-shock-up,,"Enrichr (Kuleshov 2016 NAR 44:W90) Disease_Perturbations_from_GEO_up/_down 'Septic Shock C0036983 human GSE9692 sample 307'; crowd-extracted GEO signature (Wang 2016 Nat Commun 7:12846); GSE9692 (Cvijanovich 2008 Physiol Genomics 34:127, pediatric whole blood, septic shock day 1 vs normal controls); up/down = genes up/down in septic shock vs control",PLXNC1,human symbol,1,mapped,
DEFA4,1,septic-shock-up,,"Enrichr (Kuleshov 2016 NAR 44:W90) Disease_Perturbations_from_GEO_up/_down 'Septic Shock C0036983 human GSE9692 sample 307'; crowd-extracted GEO signature (Wang 2016 Nat Commun 7:12846); GSE9692 (Cvijanovich 2008 Physiol Genomics 34:127, pediatric whole blood, septic shock day 1 vs normal controls); up/down = genes up/down in septic shock vs control",DEFA4,human symbol,1,mapped,
SLC8A1-AS1,1,septic-shock-up,,"Enrichr (Kuleshov 2016 NAR 44:W90) Disease_Perturbations_from_GEO_up/_down 'Septic Shock C0036983 human GSE9692 sample 307'; crowd-extracted GEO signature (Wang 2016 Nat Commun 7:12846); GSE9692 (Cvijanovich 2008 Physiol Genomics 34:127, pediatric whole blood, septic shock day 1 vs normal controls); up/down = genes up/down in septic shock vs control",SLC8A1-AS1,human symbol,1,mapped,
CLEC4D,1,septic-shock-up,,"Enrichr (Kuleshov 2016 NAR 44:W90) Disease_Perturbations_from_GEO_up/_down 'Septic Shock C0036983 human GSE9692 sample 307'; crowd-extracted GEO signature (Wang 2016 Nat Commun 7:12846); GSE9692 (Cvijanovich 2008 Physiol Genomics 34:127, pediatric whole blood, septic shock day 1 vs normal controls); up/down = genes up/down in septic shock vs control",CLEC4D,human symbol,1,mapped,
RAB31,1,septic-shock-up,,"Enrichr (Kuleshov 2016 NAR 44:W90) Disease_Perturbations_from_GEO_up/_down 'Septic Shock C0036983 human GSE9692 sample 307'; crowd-extracted GEO signature (Wang 2016 Nat Commun 7:12846); GSE9692 (Cvijanovich 2008 Physiol Genomics 34:127, pediatric whole blood, septic shock day 1 vs normal controls); up/down = genes up/down in septic shock vs control",RAB31,human symbol,1,mapped,
RAB32,1,septic-shock-up,,"Enrichr (Kuleshov 2016 NAR 44:W90) Disease_Perturbations_from_GEO_up/_down 'Septic Shock C0036983 human GSE9692 sample 307'; crowd-extracted GEO signature (Wang 2016 Nat Commun 7:12846); GSE9692 (Cvijanovich 2008 Physiol Genomics 34:127, pediatric whole blood, septic shock day 1 vs normal controls); up/down = genes up/down in septic shock vs control",RAB32,human symbol,1,mapped,
OLFM4,1,septic-shock-up,,"Enrichr (Kuleshov 2016 NAR 44:W90) Disease_Perturbations_from_GEO_up/_down 'Septic Shock C0036983 human GSE9692 sample 307'; crowd-extracted GEO signature (Wang 2016 Nat Commun 7:12846); GSE9692 (Cvijanovich 2008 Physiol Genomics 34:127, pediatric whole blood, septic shock day 1 vs normal controls); up/down = genes up/down in septic shock vs control",OLFM4,human symbol,1,mapped,
FKBP9,1,septic-shock-up,,"Enrichr (Kuleshov 2016 NAR 44:W90) Disease_Perturbations_from_GEO_up/_down 'Septic Shock C0036983 human GSE9692 sample 307'; crowd-extracted GEO signature (Wang 2016 Nat Commun 7:12846); GSE9692 (Cvijanovich 2008 Physiol Genomics 34:127, pediatric whole blood, septic shock day 1 vs normal controls); up/down = genes up/down in septic shock vs control",FKBP9,human symbol,1,mapped,
ANKRD22,1,septic-shock-up,,"Enrichr (Kuleshov 2016 NAR 44:W90) Disease_Perturbations_from_GEO_up/_down 'Septic Shock C0036983 human GSE9692 sample 307'; crowd-extracted GEO signature (Wang 2016 Nat Commun 7:12846); GSE9692 (Cvijanovich 2008 Physiol Genomics 34:127, pediatric whole blood, septic shock day 1 vs normal controls); up/down = genes up/down in septic shock vs control",ANKRD22,human symbol,1,mapped,
ZNF438,1,septic-shock-up,,"Enrichr (Kuleshov 2016 NAR 44:W90) Disease_Perturbations_from_GEO_up/_down 'Septic Shock C0036983 human GSE9692 sample 307'; crowd-extracted GEO signature (Wang 2016 Nat Commun 7:12846); GSE9692 (Cvijanovich 2008 Physiol Genomics 34:127, pediatric whole blood, septic shock day 1 vs normal controls); up/down = genes up/down in septic shock vs control",ZNF438,human symbol,1,mapped,
FKBP5,1,septic-shock-up,,"Enrichr (Kuleshov 2016 NAR 44:W90) Disease_Perturbations_from_GEO_up/_down 'Septic Shock C0036983 human GSE9692 sample 307'; crowd-extracted GEO signature (Wang 2016 Nat Commun 7:12846); GSE9692 (Cvijanovich 2008 Physiol Genomics 34:127, pediatric whole blood, septic shock day 1 vs normal controls); up/down = genes up/down in septic shock vs control",FKBP5,human symbol,1,mapped,
CNIH4,1,septic-shock-up,,"Enrichr (Kuleshov 2016 NAR 44:W90) Disease_Perturbations_from_GEO_up/_down 'Septic Shock C0036983 human GSE9692 sample 307'; crowd-extracted GEO signature (Wang 2016 Nat Commun 7:12846); GSE9692 (Cvijanovich 2008 Physiol Genomics 34:127, pediatric whole blood, septic shock day 1 vs normal controls); up/down = genes up/down in septic shock vs control",CNIH4,human symbol,1,mapped,
SEC24D,1,septic-shock-up,,"Enrichr (Kuleshov 2016 NAR 44:W90) Disease_Perturbations_from_GEO_up/_down 'Septic Shock C0036983 human GSE9692 sample 307'; crowd-extracted GEO signature (Wang 2016 Nat Commun 7:12846); GSE9692 (Cvijanovich 2008 Physiol Genomics 34:127, pediatric whole blood, septic shock day 1 vs normal controls); up/down = genes up/down in septic shock vs control",SEC24D,human symbol,1,mapped,
S100A9,1,septic-shock-up,,"Enrichr (Kuleshov 2016 NAR 44:W90) Disease_Perturbations_from_GEO_up/_down 'Septic Shock C0036983 human GSE9692 sample 307'; crowd-extracted GEO signature (Wang 2016 Nat Commun 7:12846); GSE9692 (Cvijanovich 2008 Physiol Genomics 34:127, pediatric whole blood, septic shock day 1 vs normal controls); up/down = genes up/down in septic shock vs control",S100A9,human symbol,1,mapped,
S100A8,1,septic-shock-up,,"Enrichr (Kuleshov 2016 NAR 44:W90) Disease_Perturbations_from_GEO_up/_down 'Septic Shock C0036983 human GSE9692 sample 307'; crowd-extracted GEO signature (Wang 2016 Nat Commun 7:12846); GSE9692 (Cvijanovich 2008 Physiol Genomics 34:127, pediatric whole blood, septic shock day 1 vs normal controls); up/down = genes up/down in septic shock vs control",S100A8,human symbol,1,mapped,
CD177,1,septic-shock-up,,"Enrichr (Kuleshov 2016 NAR 44:W90) Disease_Perturbations_from_GEO_up/_down 'Septic Shock C0036983 human GSE9692 sample 307'; crowd-extracted GEO signature (Wang 2016 Nat Commun 7:12846); GSE9692 (Cvijanovich 2008 Physiol Genomics 34:127, pediatric whole blood, septic shock day 1 vs normal controls); up/down = genes up/down in septic shock vs control",CD177,human symbol,1,mapped,
SLA,1,septic-shock-up,,"Enrichr (Kuleshov 2016 NAR 44:W90) Disease_Perturbations_from_GEO_up/_down 'Septic Shock C0036983 human GSE9692 sample 307'; crowd-extracted GEO signature (Wang 2016 Nat Commun 7:12846); GSE9692 (Cvijanovich 2008 Physiol Genomics 34:127, pediatric whole blood, septic shock day 1 vs normal controls); up/down = genes up/down in septic shock vs control",SLA,human symbol,1,mapped,
PPP1R15A,1,septic-shock-up,,"Enrichr (Kuleshov 2016 NAR 44:W90) Disease_Perturbations_from_GEO_up/_down 'Septic Shock C0036983 human GSE9692 sample 307'; crowd-extracted GEO signature (Wang 2016 Nat Commun 7:12846); GSE9692 (Cvijanovich 2008 Physiol Genomics 34:127, pediatric whole blood, septic shock day 1 vs normal controls); up/down = genes up/down in septic shock vs control",PPP1R15A,human symbol,1,mapped,
HP,1,septic-shock-up,,"Enrichr (Kuleshov 2016 NAR 44:W90) Disease_Perturbations_from_GEO_up/_down 'Septic Shock C0036983 human GSE9692 sample 307'; crowd-extracted GEO signature (Wang 2016 Nat Commun 7:12846); GSE9692 (Cvijanovich 2008 Physiol Genomics 34:127, pediatric whole blood, septic shock day 1 vs normal controls); up/down = genes up/down in septic shock vs control",HP,human symbol,1,mapped,
PROS1,1,septic-shock-up,,"Enrichr (Kuleshov 2016 NAR 44:W90) Disease_Perturbations_from_GEO_up/_down 'Septic Shock C0036983 human GSE9692 sample 307'; crowd-extracted GEO signature (Wang 2016 Nat Commun 7:12846); GSE9692 (Cvijanovich 2008 Physiol Genomics 34:127, pediatric whole blood, septic shock day 1 vs normal controls); up/down = genes up/down in septic shock vs control",PROS1,human symbol,1,mapped,
FAM129A,1,septic-shock-up,,"Enrichr (Kuleshov 2016 NAR 44:W90) Disease_Perturbations_from_GEO_up/_down 'Septic Shock C0036983 human GSE9692 sample 307'; crowd-extracted GEO signature (Wang 2016 Nat Commun 7:12846); GSE9692 (Cvijanovich 2008 Physiol Genomics 34:127, pediatric whole blood, septic shock day 1 vs normal controls); up/down = genes up/down in septic shock vs control",,,1,unmapped: not found in MoTrPAC gene/protein annotation,
PAPSS2,1,septic-shock-up,,"Enrichr (Kuleshov 2016 NAR 44:W90) Disease_Perturbations_from_GEO_up/_down 'Septic Shock C0036983 human GSE9692 sample 307'; crowd-extracted GEO signature (Wang 2016 Nat Commun 7:12846); GSE9692 (Cvijanovich 2008 Physiol Genomics 34:127, pediatric whole blood, septic shock day 1 vs normal controls); up/down = genes up/down in septic shock vs control",PAPSS2,human symbol,1,mapped,
FGD4,1,septic-shock-up,,"Enrichr (Kuleshov 2016 NAR 44:W90) Disease_Perturbations_from_GEO_up/_down 'Septic Shock C0036983 human GSE9692 sample 307'; crowd-extracted GEO signature (Wang 2016 Nat Commun 7:12846); GSE9692 (Cvijanovich 2008 Physiol Genomics 34:127, pediatric whole blood, septic shock day 1 vs normal controls); up/down = genes up/down in septic shock vs control",FGD4,human symbol,1,mapped,
RAB20,1,septic-shock-up,,"Enrichr (Kuleshov 2016 NAR 44:W90) Disease_Perturbations_from_GEO_up/_down 'Septic Shock C0036983 human GSE9692 sample 307'; crowd-extracted GEO signature (Wang 2016 Nat Commun 7:12846); GSE9692 (Cvijanovich 2008 Physiol Genomics 34:127, pediatric whole blood, septic shock day 1 vs normal controls); up/down = genes up/down in septic shock vs control",RAB20,human symbol,1,mapped,
DACH1,1,septic-shock-up,,"Enrichr (Kuleshov 2016 NAR 44:W90) Disease_Perturbations_from_GEO_up/_down 'Septic Shock C0036983 human GSE9692 sample 307'; crowd-extracted GEO signature (Wang 2016 Nat Commun 7:12846); GSE9692 (Cvijanovich 2008 Physiol Genomics 34:127, pediatric whole blood, septic shock day 1 vs normal controls); up/down = genes up/down in septic shock vs control",DACH1,human symbol,1,mapped,
LRRC70,1,septic-shock-up,,"Enrichr (Kuleshov 2016 NAR 44:W90) Disease_Perturbations_from_GEO_up/_down 'Septic Shock C0036983 human GSE9692 sample 307'; crowd-extracted GEO signature (Wang 2016 Nat Commun 7:12846); GSE9692 (Cvijanovich 2008 Physiol Genomics 34:127, pediatric whole blood, septic shock day 1 vs normal controls); up/down = genes up/down in septic shock vs control",LRRC70,human symbol,1,mapped,
LAMP3,1,septic-shock-up,,"Enrichr (Kuleshov 2016 NAR 44:W90) Disease_Perturbations_from_GEO_up/_down 'Septic Shock C0036983 human GSE9692 sample 307'; crowd-extracted GEO signature (Wang 2016 Nat Commun 7:12846); GSE9692 (Cvijanovich 2008 Physiol Genomics 34:127, pediatric whole blood, septic shock day 1 vs normal controls); up/down = genes up/down in septic shock vs control",LAMP3,human symbol,1,mapped,
GRB10,1,septic-shock-up,,"Enrichr (Kuleshov 2016 NAR 44:W90) Disease_Perturbations_from_GEO_up/_down 'Septic Shock C0036983 human GSE9692 sample 307'; crowd-extracted GEO signature (Wang 2016 Nat Commun 7:12846); GSE9692 (Cvijanovich 2008 Physiol Genomics 34:127, pediatric whole blood, septic shock day 1 vs normal controls); up/down = genes up/down in septic shock vs control",GRB10,human symbol,1,mapped,
SLC16A3,1,septic-shock-up,,"Enrichr (Kuleshov 2016 NAR 44:W90) Disease_Perturbations_from_GEO_up/_down 'Septic Shock C0036983 human GSE9692 sample 307'; crowd-extracted GEO signature (Wang 2016 Nat Commun 7:12846); GSE9692 (Cvijanovich 2008 Physiol Genomics 34:127, pediatric whole blood, septic shock day 1 vs normal controls); up/down = genes up/down in septic shock vs control",SLC16A3,human symbol,1,mapped,
LINC00597,1,septic-shock-up,,"Enrichr (Kuleshov 2016 NAR 44:W90) Disease_Perturbations_from_GEO_up/_down 'Septic Shock C0036983 human GSE9692 sample 307'; crowd-extracted GEO signature (Wang 2016 Nat Commun 7:12846); GSE9692 (Cvijanovich 2008 Physiol Genomics 34:127, pediatric whole blood, septic shock day 1 vs normal controls); up/down = genes up/down in septic shock vs control",,,1,unmapped: not found in MoTrPAC gene/protein annotation,
SLC16A6,1,septic-shock-up,,"Enrichr (Kuleshov 2016 NAR 44:W90) Disease_Perturbations_from_GEO_up/_down 'Septic Shock C0036983 human GSE9692 sample 307'; crowd-extracted GEO signature (Wang 2016 Nat Commun 7:12846); GSE9692 (Cvijanovich 2008 Physiol Genomics 34:127, pediatric whole blood, septic shock day 1 vs normal controls); up/down = genes up/down in septic shock vs control",SLC16A6,human symbol,1,mapped,
SLC39A4,1,septic-shock-up,,"Enrichr (Kuleshov 2016 NAR 44:W90) Disease_Perturbations_from_GEO_up/_down 'Septic Shock C0036983 human GSE9692 sample 307'; crowd-extracted GEO signature (Wang 2016 Nat Commun 7:12846); GSE9692 (Cvijanovich 2008 Physiol Genomics 34:127, pediatric whole blood, septic shock day 1 vs normal controls); up/down = genes up/down in septic shock vs control",SLC39A4,human symbol,1,mapped,
LINC01000,1,septic-shock-up,,"Enrichr (Kuleshov 2016 NAR 44:W90) Disease_Perturbations_from_GEO_up/_down 'Septic Shock C0036983 human GSE9692 sample 307'; crowd-extracted GEO signature (Wang 2016 Nat Commun 7:12846); GSE9692 (Cvijanovich 2008 Physiol Genomics 34:127, pediatric whole blood, septic shock day 1 vs normal controls); up/down = genes up/down in septic shock vs control",,,1,unmapped: not found in MoTrPAC gene/protein annotation,
LINC01002,1,septic-shock-up,,"Enrichr (Kuleshov 2016 NAR 44:W90) Disease_Perturbations_from_GEO_up/_down 'Septic Shock C0036983 human GSE9692 sample 307'; crowd-extracted GEO signature (Wang 2016 Nat Commun 7:12846); GSE9692 (Cvijanovich 2008 Physiol Genomics 34:127, pediatric whole blood, septic shock day 1 vs normal controls); up/down = genes up/down in septic shock vs control",LINC01002,human symbol,1,mapped,
ATP8B4,1,septic-shock-up,,"Enrichr (Kuleshov 2016 NAR 44:W90) Disease_Perturbations_from_GEO_up/_down 'Septic Shock C0036983 human GSE9692 sample 307'; crowd-extracted GEO signature (Wang 2016 Nat Commun 7:12846); GSE9692 (Cvijanovich 2008 Physiol Genomics 34:127, pediatric whole blood, septic shock day 1 vs normal controls); up/down = genes up/down in septic shock vs control",ATP8B4,human symbol,1,mapped,
C3orf62,1,septic-shock-up,,"Enrichr (Kuleshov 2016 NAR 44:W90) Disease_Perturbations_from_GEO_up/_down 'Septic Shock C0036983 human GSE9692 sample 307'; crowd-extracted GEO signature (Wang 2016 Nat Commun 7:12846); GSE9692 (Cvijanovich 2008 Physiol Genomics 34:127, pediatric whole blood, septic shock day 1 vs normal controls); up/down = genes up/down in septic shock vs control",C3orf62,human symbol,1,mapped,
TMEM120A,1,septic-shock-up,,"Enrichr (Kuleshov 2016 NAR 44:W90) Disease_Perturbations_from_GEO_up/_down 'Septic Shock C0036983 human GSE9692 sample 307'; crowd-extracted GEO signature (Wang 2016 Nat Commun 7:12846); GSE9692 (Cvijanovich 2008 Physiol Genomics 34:127, pediatric whole blood, septic shock day 1 vs normal controls); up/down = genes up/down in septic shock vs control",TMEM120A,human symbol,1,mapped,
KREMEN1,1,septic-shock-up,,"Enrichr (Kuleshov 2016 NAR 44:W90) Disease_Perturbations_from_GEO_up/_down 'Septic Shock C0036983 human GSE9692 sample 307'; crowd-extracted GEO signature (Wang 2016 Nat Commun 7:12846); GSE9692 (Cvijanovich 2008 Physiol Genomics 34:127, pediatric whole blood, septic shock day 1 vs normal controls); up/down = genes up/down in septic shock vs control",KREMEN1,human symbol,1,mapped,
FRMD4B,1,septic-shock-up,,"Enrichr (Kuleshov 2016 NAR 44:W90) Disease_Perturbations_from_GEO_up/_down 'Septic Shock C0036983 human GSE9692 sample 307'; crowd-extracted GEO signature (Wang 2016 Nat Commun 7:12846); GSE9692 (Cvijanovich 2008 Physiol Genomics 34:127, pediatric whole blood, septic shock day 1 vs normal controls); up/down = genes up/down in septic shock vs control",FRMD4B,human symbol,1,mapped,
MAFB,1,septic-shock-up,,"Enrichr (Kuleshov 2016 NAR 44:W90) Disease_Perturbations_from_GEO_up/_down 'Septic Shock C0036983 human GSE9692 sample 307'; crowd-extracted GEO signature (Wang 2016 Nat Commun 7:12846); GSE9692 (Cvijanovich 2008 Physiol Genomics 34:127, pediatric whole blood, septic shock day 1 vs normal controls); up/down = genes up/down in septic shock vs control",MAFB,human symbol,1,mapped,
MAFF,1,septic-shock-up,,"Enrichr (Kuleshov 2016 NAR 44:W90) Disease_Perturbations_from_GEO_up/_down 'Septic Shock C0036983 human GSE9692 sample 307'; crowd-extracted GEO signature (Wang 2016 Nat Commun 7:12846); GSE9692 (Cvijanovich 2008 Physiol Genomics 34:127, pediatric whole blood, septic shock day 1 vs normal controls); up/down = genes up/down in septic shock vs control",MAFF,human symbol,1,mapped,
DMXL2,1,septic-shock-up,,"Enrichr (Kuleshov 2016 NAR 44:W90) Disease_Perturbations_from_GEO_up/_down 'Septic Shock C0036983 human GSE9692 sample 307'; crowd-extracted GEO signature (Wang 2016 Nat Commun 7:12846); GSE9692 (Cvijanovich 2008 Physiol Genomics 34:127, pediatric whole blood, septic shock day 1 vs normal controls); up/down = genes up/down in septic shock vs control",DMXL2,human symbol,1,mapped,
MAFG,1,septic-shock-up,,"Enrichr (Kuleshov 2016 NAR 44:W90) Disease_Perturbations_from_GEO_up/_down 'Septic Shock C0036983 human GSE9692 sample 307'; crowd-extracted GEO signature (Wang 2016 Nat Commun 7:12846); GSE9692 (Cvijanovich 2008 Physiol Genomics 34:127, pediatric whole blood, septic shock day 1 vs normal controls); up/down = genes up/down in septic shock vs control",MAFG,human symbol,1,mapped,
HPSE,1,septic-shock-up,,"Enrichr (Kuleshov 2016 NAR 44:W90) Disease_Perturbations_from_GEO_up/_down 'Septic Shock C0036983 human GSE9692 sample 307'; crowd-extracted GEO signature (Wang 2016 Nat Commun 7:12846); GSE9692 (Cvijanovich 2008 Physiol Genomics 34:127, pediatric whole blood, septic shock day 1 vs normal controls); up/down = genes up/down in septic shock vs control",HPSE,human symbol,1,mapped,
LCN2,1,septic-shock-up,,"Enrichr (Kuleshov 2016 NAR 44:W90) Disease_Perturbations_from_GEO_up/_down 'Septic Shock C0036983 human GSE9692 sample 307'; crowd-extracted GEO signature (Wang 2016 Nat Commun 7:12846); GSE9692 (Cvijanovich 2008 Physiol Genomics 34:127, pediatric whole blood, septic shock day 1 vs normal controls); up/down = genes up/down in septic shock vs control",LCN2,human symbol,1,mapped,
BCAT1,1,septic-shock-up,,"Enrichr (Kuleshov 2016 NAR 44:W90) Disease_Perturbations_from_GEO_up/_down 'Septic Shock C0036983 human GSE9692 sample 307'; crowd-extracted GEO signature (Wang 2016 Nat Commun 7:12846); GSE9692 (Cvijanovich 2008 Physiol Genomics 34:127, pediatric whole blood, septic shock day 1 vs normal controls); up/down = genes up/down in septic shock vs control",BCAT1,human symbol,1,mapped,
PFKFB3,1,septic-shock-up,,"Enrichr (Kuleshov 2016 NAR 44:W90) Disease_Perturbations_from_GEO_up/_down 'Septic Shock C0036983 human GSE9692 sample 307'; crowd-extracted GEO signature (Wang 2016 Nat Commun 7:12846); GSE9692 (Cvijanovich 2008 Physiol Genomics 34:127, pediatric whole blood, septic shock day 1 vs normal controls); up/down = genes up/down in septic shock vs control",PFKFB3,human symbol,1,mapped,
KCNE1,1,septic-shock-up,,"Enrichr (Kuleshov 2016 NAR 44:W90) Disease_Perturbations_from_GEO_up/_down 'Septic Shock C0036983 human GSE9692 sample 307'; crowd-extracted GEO signature (Wang 2016 Nat Commun 7:12846); GSE9692 (Cvijanovich 2008 Physiol Genomics 34:127, pediatric whole blood, septic shock day 1 vs normal controls); up/down = genes up/down in septic shock vs control",KCNE1,human symbol,1,mapped,
CD274,1,septic-shock-up,,"Enrichr (Kuleshov 2016 NAR 44:W90) Disease_Perturbations_from_GEO_up/_down 'Septic Shock C0036983 human GSE9692 sample 307'; crowd-extracted GEO signature (Wang 2016 Nat Commun 7:12846); GSE9692 (Cvijanovich 2008 Physiol Genomics 34:127, pediatric whole blood, septic shock day 1 vs normal controls); up/down = genes up/down in septic shock vs control",CD274,human symbol,1,mapped,
KCNE3,1,septic-shock-up,,"Enrichr (Kuleshov 2016 NAR 44:W90) Disease_Perturbations_from_GEO_up/_down 'Septic Shock C0036983 human GSE9692 sample 307'; crowd-extracted GEO signature (Wang 2016 Nat Commun 7:12846); GSE9692 (Cvijanovich 2008 Physiol Genomics 34:127, pediatric whole blood, septic shock day 1 vs normal controls); up/down = genes up/down in septic shock vs control",KCNE3,human symbol,1,mapped,
NCF4,1,septic-shock-up,,"Enrichr (Kuleshov 2016 NAR 44:W90) Disease_Perturbations_from_GEO_up/_down 'Septic Shock C0036983 human GSE9692 sample 307'; crowd-extracted GEO signature (Wang 2016 Nat Commun 7:12846); GSE9692 (Cvijanovich 2008 Physiol Genomics 34:127, pediatric whole blood, septic shock day 1 vs normal controls); up/down = genes up/down in septic shock vs control",NCF4,human symbol,1,mapped,
REG1B,1,septic-shock-up,,"Enrichr (Kuleshov 2016 NAR 44:W90) Disease_Perturbations_from_GEO_up/_down 'Septic Shock C0036983 human GSE9692 sample 307'; crowd-extracted GEO signature (Wang 2016 Nat Commun 7:12846); GSE9692 (Cvijanovich 2008 Physiol Genomics 34:127, pediatric whole blood, septic shock day 1 vs normal controls); up/down = genes up/down in septic shock vs control",REG1B,human symbol,1,mapped,
GPR84,1,septic-shock-up,,"Enrichr (Kuleshov 2016 NAR 44:W90) Disease_Perturbations_from_GEO_up/_down 'Septic Shock C0036983 human GSE9692 sample 307'; crowd-extracted GEO signature (Wang 2016 Nat Commun 7:12846); GSE9692 (Cvijanovich 2008 Physiol Genomics 34:127, pediatric whole blood, septic shock day 1 vs normal controls); up/down = genes up/down in septic shock vs control",GPR84,human symbol,1,mapped,
LIN7A,1,septic-shock-up,,"Enrichr (Kuleshov 2016 NAR 44:W90) Disease_Perturbations_from_GEO_up/_down 'Septic Shock C0036983 human GSE9692 sample 307'; crowd-extracted GEO signature (Wang 2016 Nat Commun 7:12846); GSE9692 (Cvijanovich 2008 Physiol Genomics 34:127, pediatric whole blood, septic shock day 1 vs normal controls); up/down = genes up/down in septic shock vs control",LIN7A,human symbol,1,mapped,
FOXM1,1,septic-shock-up,,"Enrichr (Kuleshov 2016 NAR 44:W90) Disease_Perturbations_from_GEO_up/_down 'Septic Shock C0036983 human GSE9692 sample 307'; crowd-extracted GEO signature (Wang 2016 Nat Commun 7:12846); GSE9692 (Cvijanovich 2008 Physiol Genomics 34:127, pediatric whole blood, septic shock day 1 vs normal controls); up/down = genes up/down in septic shock vs control",FOXM1,human symbol,1,mapped,
NRD1,1,septic-shock-up,,"Enrichr (Kuleshov 2016 NAR 44:W90) Disease_Perturbations_from_GEO_up/_down 'Septic Shock C0036983 human GSE9692 sample 307'; crowd-extracted GEO signature (Wang 2016 Nat Commun 7:12846); GSE9692 (Cvijanovich 2008 Physiol Genomics 34:127, pediatric whole blood, septic shock day 1 vs normal controls); up/down = genes up/down in septic shock vs control",,,1,unmapped: not found in MoTrPAC gene/protein annotation,
CLEC5A,1,septic-shock-up,,"Enrichr (Kuleshov 2016 NAR 44:W90) Disease_Perturbations_from_GEO_up/_down 'Septic Shock C0036983 human GSE9692 sample 307'; crowd-extracted GEO signature (Wang 2016 Nat Commun 7:12846); GSE9692 (Cvijanovich 2008 Physiol Genomics 34:127, pediatric whole blood, septic shock day 1 vs normal controls); up/down = genes up/down in septic shock vs control",CLEC5A,human symbol,1,mapped,
NEK2,1,septic-shock-up,,"Enrichr (Kuleshov 2016 NAR 44:W90) Disease_Perturbations_from_GEO_up/_down 'Septic Shock C0036983 human GSE9692 sample 307'; crowd-extracted GEO signature (Wang 2016 Nat Commun 7:12846); GSE9692 (Cvijanovich 2008 Physiol Genomics 34:127, pediatric whole blood, septic shock day 1 vs normal controls); up/down = genes up/down in septic shock vs control",NEK2,human symbol,1,mapped,
GYG1,1,septic-shock-up,,"Enrichr (Kuleshov 2016 NAR 44:W90) Disease_Perturbations_from_GEO_up/_down 'Septic Shock C0036983 human GSE9692 sample 307'; crowd-extracted GEO signature (Wang 2016 Nat Commun 7:12846); GSE9692 (Cvijanovich 2008 Physiol Genomics 34:127, pediatric whole blood, septic shock day 1 vs normal controls); up/down = genes up/down in septic shock vs control",GYG1,human symbol,1,mapped,
OIP5,1,septic-shock-up,,"Enrichr (Kuleshov 2016 NAR 44:W90) Disease_Perturbations_from_GEO_up/_down 'Septic Shock C0036983 human GSE9692 sample 307'; crowd-extracted GEO signature (Wang 2016 Nat Commun 7:12846); GSE9692 (Cvijanovich 2008 Physiol Genomics 34:127, pediatric whole blood, septic shock day 1 vs normal controls); up/down = genes up/down in septic shock vs control",OIP5,human symbol,1,mapped,
LOC100131541,1,septic-shock-up,,"Enrichr (Kuleshov 2016 NAR 44:W90) Disease_Perturbations_from_GEO_up/_down 'Septic Shock C0036983 human GSE9692 sample 307'; crowd-extracted GEO signature (Wang 2016 Nat Commun 7:12846); GSE9692 (Cvijanovich 2008 Physiol Genomics 34:127, pediatric whole blood, septic shock day 1 vs normal controls); up/down = genes up/down in septic shock vs control",,,1,unmapped: not found in MoTrPAC gene/protein annotation,
MAP2K6,1,septic-shock-up,,"Enrichr (Kuleshov 2016 NAR 44:W90) Disease_Perturbations_from_GEO_up/_down 'Septic Shock C0036983 human GSE9692 sample 307'; crowd-extracted GEO signature (Wang 2016 Nat Commun 7:12846); GSE9692 (Cvijanovich 2008 Physiol Genomics 34:127, pediatric whole blood, septic shock day 1 vs normal controls); up/down = genes up/down in septic shock vs control",MAP2K6,human symbol,1,mapped,
LINC01347,1,septic-shock-up,,"Enrichr (Kuleshov 2016 NAR 44:W90) Disease_Perturbations_from_GEO_up/_down 'Septic Shock C0036983 human GSE9692 sample 307'; crowd-extracted GEO signature (Wang 2016 Nat Commun 7:12846); GSE9692 (Cvijanovich 2008 Physiol Genomics 34:127, pediatric whole blood, septic shock day 1 vs normal controls); up/down = genes up/down in septic shock vs control",LINC01347,human symbol,1,mapped,
SLC37A3,1,septic-shock-up,,"Enrichr (Kuleshov 2016 NAR 44:W90) Disease_Perturbations_from_GEO_up/_down 'Septic Shock C0036983 human GSE9692 sample 307'; crowd-extracted GEO signature (Wang 2016 Nat Commun 7:12846); GSE9692 (Cvijanovich 2008 Physiol Genomics 34:127, pediatric whole blood, septic shock day 1 vs normal controls); up/down = genes up/down in septic shock vs control",SLC37A3,human symbol,1,mapped,
KCNJ15,1,septic-shock-up,,"Enrichr (Kuleshov 2016 NAR 44:W90) Disease_Perturbations_from_GEO_up/_down 'Septic Shock C0036983 human GSE9692 sample 307'; crowd-extracted GEO signature (Wang 2016 Nat Commun 7:12846); GSE9692 (Cvijanovich 2008 Physiol Genomics 34:127, pediatric whole blood, septic shock day 1 vs normal controls); up/down = genes up/down in septic shock vs control",KCNJ15,human symbol,1,mapped,
LOC100505608,1,septic-shock-up,,"Enrichr (Kuleshov 2016 NAR 44:W90) Disease_Perturbations_from_GEO_up/_down 'Septic Shock C0036983 human GSE9692 sample 307'; crowd-extracted GEO signature (Wang 2016 Nat Commun 7:12846); GSE9692 (Cvijanovich 2008 Physiol Genomics 34:127, pediatric whole blood, septic shock day 1 vs normal controls); up/down = genes up/down in septic shock vs control",,,1,unmapped: not found in MoTrPAC gene/protein annotation,
CFLAR,1,septic-shock-up,,"Enrichr (Kuleshov 2016 NAR 44:W90) Disease_Perturbations_from_GEO_up/_down 'Septic Shock C0036983 human GSE9692 sample 307'; crowd-extracted GEO signature (Wang 2016 Nat Commun 7:12846); GSE9692 (Cvijanovich 2008 Physiol Genomics 34:127, pediatric whole blood, septic shock day 1 vs normal controls); up/down = genes up/down in septic shock vs control",CFLAR,human symbol,1,mapped,
GPR97,1,septic-shock-up,,"Enrichr (Kuleshov 2016 NAR 44:W90) Disease_Perturbations_from_GEO_up/_down 'Septic Shock C0036983 human GSE9692 sample 307'; crowd-extracted GEO signature (Wang 2016 Nat Commun 7:12846); GSE9692 (Cvijanovich 2008 Physiol Genomics 34:127, pediatric whole blood, septic shock day 1 vs normal controls); up/down = genes up/down in septic shock vs control",,,1,unmapped: not found in MoTrPAC gene/protein annotation,
BMX,1,septic-shock-up,,"Enrichr (Kuleshov 2016 NAR 44:W90) Disease_Perturbations_from_GEO_up/_down 'Septic Shock C0036983 human GSE9692 sample 307'; crowd-extracted GEO signature (Wang 2016 Nat Commun 7:12846); GSE9692 (Cvijanovich 2008 Physiol Genomics 34:127, pediatric whole blood, septic shock day 1 vs normal controls); up/down = genes up/down in septic shock vs control",BMX,human symbol,1,mapped,
DNAJC3,1,septic-shock-up,,"Enrichr (Kuleshov 2016 NAR 44:W90) Disease_Perturbations_from_GEO_up/_down 'Septic Shock C0036983 human GSE9692 sample 307'; crowd-extracted GEO signature (Wang 2016 Nat Commun 7:12846); GSE9692 (Cvijanovich 2008 Physiol Genomics 34:127, pediatric whole blood, septic shock day 1 vs normal controls); up/down = genes up/down in septic shock vs control",DNAJC3,human symbol,1,mapped,
BCL6,1,septic-shock-up,,"Enrichr (Kuleshov 2016 NAR 44:W90) Disease_Perturbations_from_GEO_up/_down 'Septic Shock C0036983 human GSE9692 sample 307'; crowd-extracted GEO signature (Wang 2016 Nat Commun 7:12846); GSE9692 (Cvijanovich 2008 Physiol Genomics 34:127, pediatric whole blood, septic shock day 1 vs normal controls); up/down = genes up/down in septic shock vs control",BCL6,human symbol,1,mapped,
CPD,1,septic-shock-up,,"Enrichr (Kuleshov 2016 NAR 44:W90) Disease_Perturbations_from_GEO_up/_down 'Septic Shock C0036983 human GSE9692 sample 307'; crowd-extracted GEO signature (Wang 2016 Nat Commun 7:12846); GSE9692 (Cvijanovich 2008 Physiol Genomics 34:127, pediatric whole blood, septic shock day 1 vs normal controls); up/down = genes up/down in septic shock vs control",CPD,human symbol,1,mapped,
ZNF516,1,septic-shock-up,,"Enrichr (Kuleshov 2016 NAR 44:W90) Disease_Perturbations_from_GEO_up/_down 'Septic Shock C0036983 human GSE9692 sample 307'; crowd-extracted GEO signature (Wang 2016 Nat Commun 7:12846); GSE9692 (Cvijanovich 2008 Physiol Genomics 34:127, pediatric whole blood, septic shock day 1 vs normal controls); up/down = genes up/down in septic shock vs control",ZNF516,human symbol,1,mapped,
SLC26A8,1,septic-shock-up,,"Enrichr (Kuleshov 2016 NAR 44:W90) Disease_Perturbations_from_GEO_up/_down 'Septic Shock C0036983 human GSE9692 sample 307'; crowd-extracted GEO signature (Wang 2016 Nat Commun 7:12846); GSE9692 (Cvijanovich 2008 Physiol Genomics 34:127, pediatric whole blood, septic shock day 1 vs normal controls); up/down = genes up/down in septic shock vs control",SLC26A8,human symbol,1,mapped,
EIF4E3,1,septic-shock-up,,"Enrichr (Kuleshov 2016 NAR 44:W90) Disease_Perturbations_from_GEO_up/_down 'Septic Shock C0036983 human GSE9692 sample 307'; crowd-extracted GEO signature (Wang 2016 Nat Commun 7:12846); GSE9692 (Cvijanovich 2008 Physiol Genomics 34:127, pediatric whole blood, septic shock day 1 vs normal controls); up/down = genes up/down in septic shock vs control",EIF4E3,human symbol,1,mapped,
FCGR2C,1,septic-shock-up,,"Enrichr (Kuleshov 2016 NAR 44:W90) Disease_Perturbations_from_GEO_up/_down 'Septic Shock C0036983 human GSE9692 sample 307'; crowd-extracted GEO signature (Wang 2016 Nat Commun 7:12846); GSE9692 (Cvijanovich 2008 Physiol Genomics 34:127, pediatric whole blood, septic shock day 1 vs normal controls); up/down = genes up/down in septic shock vs control",FCGR2C,human symbol,1,mapped,
NUMB,1,septic-shock-up,,"Enrichr (Kuleshov 2016 NAR 44:W90) Disease_Perturbations_from_GEO_up/_down 'Septic Shock C0036983 human GSE9692 sample 307'; crowd-extracted GEO signature (Wang 2016 Nat Commun 7:12846); GSE9692 (Cvijanovich 2008 Physiol Genomics 34:127, pediatric whole blood, septic shock day 1 vs normal controls); up/down = genes up/down in septic shock vs control",NUMB,human symbol,1,mapped,
ST6GALNAC3,1,septic-shock-up,,"Enrichr (Kuleshov 2016 NAR 44:W90) Disease_Perturbations_from_GEO_up/_down 'Septic Shock C0036983 human GSE9692 sample 307'; crowd-extracted GEO signature (Wang 2016 Nat Commun 7:12846); GSE9692 (Cvijanovich 2008 Physiol Genomics 34:127, pediatric whole blood, septic shock day 1 vs normal controls); up/down = genes up/down in septic shock vs control",ST6GALNAC3,human symbol,1,mapped,
LOC100505956,1,septic-shock-up,,"Enrichr (Kuleshov 2016 NAR 44:W90) Disease_Perturbations_from_GEO_up/_down 'Septic Shock C0036983 human GSE9692 sample 307'; crowd-extracted GEO signature (Wang 2016 Nat Commun 7:12846); GSE9692 (Cvijanovich 2008 Physiol Genomics 34:127, pediatric whole blood, septic shock day 1 vs normal controls); up/down = genes up/down in septic shock vs control",,,1,unmapped: not found in MoTrPAC gene/protein annotation,
HMMR,1,septic-shock-up,,"Enrichr (Kuleshov 2016 NAR 44:W90) Disease_Perturbations_from_GEO_up/_down 'Septic Shock C0036983 human GSE9692 sample 307'; crowd-extracted GEO signature (Wang 2016 Nat Commun 7:12846); GSE9692 (Cvijanovich 2008 Physiol Genomics 34:127, pediatric whole blood, septic shock day 1 vs normal controls); up/down = genes up/down in septic shock vs control",HMMR,human symbol,1,mapped,
LY96,1,septic-shock-up,,"Enrichr (Kuleshov 2016 NAR 44:W90) Disease_Perturbations_from_GEO_up/_down 'Septic Shock C0036983 human GSE9692 sample 307'; crowd-extracted GEO signature (Wang 2016 Nat Commun 7:12846); GSE9692 (Cvijanovich 2008 Physiol Genomics 34:127, pediatric whole blood, septic shock day 1 vs normal controls); up/down = genes up/down in septic shock vs control",LY96,human symbol,1,mapped,
NLRC4,1,septic-shock-up,,"Enrichr (Kuleshov 2016 NAR 44:W90) Disease_Perturbations_from_GEO_up/_down 'Septic Shock C0036983 human GSE9692 sample 307'; crowd-extracted GEO signature (Wang 2016 Nat Commun 7:12846); GSE9692 (Cvijanovich 2008 Physiol Genomics 34:127, pediatric whole blood, septic shock day 1 vs normal controls); up/down = genes up/down in septic shock vs control",NLRC4,human symbol,1,mapped,
FHIT,1,septic-shock-up,,"Enrichr (Kuleshov 2016 NAR 44:W90) Disease_Perturbations_from_GEO_up/_down 'Septic Shock C0036983 human GSE9692 sample 307'; crowd-extracted GEO signature (Wang 2016 Nat Commun 7:12846); GSE9692 (Cvijanovich 2008 Physiol Genomics 34:127, pediatric whole blood, septic shock day 1 vs normal controls); up/down = genes up/down in septic shock vs control",FHIT,human symbol,1,mapped,
C15orf48,1,septic-shock-up,,"Enrichr (Kuleshov 2016 NAR 44:W90) Disease_Perturbations_from_GEO_up/_down 'Septic Shock C0036983 human GSE9692 sample 307'; crowd-extracted GEO signature (Wang 2016 Nat Commun 7:12846); GSE9692 (Cvijanovich 2008 Physiol Genomics 34:127, pediatric whole blood, septic shock day 1 vs normal controls); up/down = genes up/down in septic shock vs control",C15orf48,human symbol,1,mapped,
FCGR3A,1,septic-shock-up,,"Enrichr (Kuleshov 2016 NAR 44:W90) Disease_Perturbations_from_GEO_up/_down 'Septic Shock C0036983 human GSE9692 sample 307'; crowd-extracted GEO signature (Wang 2016 Nat Commun 7:12846); GSE9692 (Cvijanovich 2008 Physiol Genomics 34:127, pediatric whole blood, septic shock day 1 vs normal controls); up/down = genes up/down in septic shock vs control",FCGR3A,human symbol,1,mapped,
PSTPIP2,1,septic-shock-up,,"Enrichr (Kuleshov 2016 NAR 44:W90) Disease_Perturbations_from_GEO_up/_down 'Septic Shock C0036983 human GSE9692 sample 307'; crowd-extracted GEO signature (Wang 2016 Nat Commun 7:12846); GSE9692 (Cvijanovich 2008 Physiol Genomics 34:127, pediatric whole blood, septic shock day 1 vs normal controls); up/down = genes up/down in septic shock vs control",PSTPIP2,human symbol,1,mapped,
DENND3,1,septic-shock-up,,"Enrichr (Kuleshov 2016 NAR 44:W90) Disease_Perturbations_from_GEO_up/_down 'Septic Shock C0036983 human GSE9692 sample 307'; crowd-extracted GEO signature (Wang 2016 Nat Commun 7:12846); GSE9692 (Cvijanovich 2008 Physiol Genomics 34:127, pediatric whole blood, septic shock day 1 vs normal controls); up/down = genes up/down in septic shock vs control",DENND3,human symbol,1,mapped,
LOC645984,1,septic-shock-up,,"Enrichr (Kuleshov 2016 NAR 44:W90) Disease_Perturbations_from_GEO_up/_down 'Septic Shock C0036983 human GSE9692 sample 307'; crowd-extracted GEO signature (Wang 2016 Nat Commun 7:12846); GSE9692 (Cvijanovich 2008 Physiol Genomics 34:127, pediatric whole blood, septic shock day 1 vs normal controls); up/down = genes up/down in septic shock vs control",,,1,unmapped: not found in MoTrPAC gene/protein annotation,
C8orf88,1,septic-shock-up,,"Enrichr (Kuleshov 2016 NAR 44:W90) Disease_Perturbations_from_GEO_up/_down 'Septic Shock C0036983 human GSE9692 sample 307'; crowd-extracted GEO signature (Wang 2016 Nat Commun 7:12846); GSE9692 (Cvijanovich 2008 Physiol Genomics 34:127, pediatric whole blood, septic shock day 1 vs normal controls); up/down = genes up/down in septic shock vs control",C8orf88,human symbol,1,mapped,
CR1,1,septic-shock-up,,"Enrichr (Kuleshov 2016 NAR 44:W90) Disease_Perturbations_from_GEO_up/_down 'Septic Shock C0036983 human GSE9692 sample 307'; crowd-extracted GEO signature (Wang 2016 Nat Commun 7:12846); GSE9692 (Cvijanovich 2008 Physiol Genomics 34:127, pediatric whole blood, septic shock day 1 vs normal controls); up/down = genes up/down in septic shock vs control",CR1,human symbol,1,mapped,
RNF24,1,septic-shock-up,,"Enrichr (Kuleshov 2016 NAR 44:W90) Disease_Perturbations_from_GEO_up/_down 'Septic Shock C0036983 human GSE9692 sample 307'; crowd-extracted GEO signature (Wang 2016 Nat Commun 7:12846); GSE9692 (Cvijanovich 2008 Physiol Genomics 34:127, pediatric whole blood, septic shock day 1 vs normal controls); up/down = genes up/down in septic shock vs control",RNF24,human symbol,1,mapped,
FEM1C,1,septic-shock-up,,"Enrichr (Kuleshov 2016 NAR 44:W90) Disease_Perturbations_from_GEO_up/_down 'Septic Shock C0036983 human GSE9692 sample 307'; crowd-extracted GEO signature (Wang 2016 Nat Commun 7:12846); GSE9692 (Cvijanovich 2008 Physiol Genomics 34:127, pediatric whole blood, septic shock day 1 vs normal controls); up/down = genes up/down in septic shock vs control",FEM1C,human symbol,1,mapped,
PAPD4,1,septic-shock-up,,"Enrichr (Kuleshov 2016 NAR 44:W90) Disease_Perturbations_from_GEO_up/_down 'Septic Shock C0036983 human GSE9692 sample 307'; crowd-extracted GEO signature (Wang 2016 Nat Commun 7:12846); GSE9692 (Cvijanovich 2008 Physiol Genomics 34:127, pediatric whole blood, septic shock day 1 vs normal controls); up/down = genes up/down in septic shock vs control",,,1,unmapped: not found in MoTrPAC gene/protein annotation,
PRC1,1,septic-shock-up,,"Enrichr (Kuleshov 2016 NAR 44:W90) Disease_Perturbations_from_GEO_up/_down 'Septic Shock C0036983 human GSE9692 sample 307'; crowd-extracted GEO signature (Wang 2016 Nat Commun 7:12846); GSE9692 (Cvijanovich 2008 Physiol Genomics 34:127, pediatric whole blood, septic shock day 1 vs normal controls); up/down = genes up/down in septic shock vs control",PRC1,human symbol,1,mapped,
TM6SF1,1,septic-shock-up,,"Enrichr (Kuleshov 2016 NAR 44:W90) Disease_Perturbations_from_GEO_up/_down 'Septic Shock C0036983 human GSE9692 sample 307'; crowd-extracted GEO signature (Wang 2016 Nat Commun 7:12846); GSE9692 (Cvijanovich 2008 Physiol Genomics 34:127, pediatric whole blood, septic shock day 1 vs normal controls); up/down = genes up/down in septic shock vs control",TM6SF1,human symbol,1,mapped,
ATOX1,1,septic-shock-up,,"Enrichr (Kuleshov 2016 NAR 44:W90) Disease_Perturbations_from_GEO_up/_down 'Septic Shock C0036983 human GSE9692 sample 307'; crowd-extracted GEO signature (Wang 2016 Nat Commun 7:12846); GSE9692 (Cvijanovich 2008 Physiol Genomics 34:127, pediatric whole blood, septic shock day 1 vs normal controls); up/down = genes up/down in septic shock vs control",ATOX1,human symbol,1,mapped,
PRO1082,1,septic-shock-up,,"Enrichr (Kuleshov 2016 NAR 44:W90) Disease_Perturbations_from_GEO_up/_down 'Septic Shock C0036983 human GSE9692 sample 307'; crowd-extracted GEO signature (Wang 2016 Nat Commun 7:12846); GSE9692 (Cvijanovich 2008 Physiol Genomics 34:127, pediatric whole blood, septic shock day 1 vs normal controls); up/down = genes up/down in septic shock vs control",,,1,unmapped: not found in MoTrPAC gene/protein annotation,
RAB13,1,septic-shock-up,,"Enrichr (Kuleshov 2016 NAR 44:W90) Disease_Perturbations_from_GEO_up/_down 'Septic Shock C0036983 human GSE9692 sample 307'; crowd-extracted GEO signature (Wang 2016 Nat Commun 7:12846); GSE9692 (Cvijanovich 2008 Physiol Genomics 34:127, pediatric whole blood, septic shock day 1 vs normal controls); up/down = genes up/down in septic shock vs control",RAB13,human symbol,1,mapped,
ASPH,1,septic-shock-up,,"Enrichr (Kuleshov 2016 NAR 44:W90) Disease_Perturbations_from_GEO_up/_down 'Septic Shock C0036983 human GSE9692 sample 307'; crowd-extracted GEO signature (Wang 2016 Nat Commun 7:12846); GSE9692 (Cvijanovich 2008 Physiol Genomics 34:127, pediatric whole blood, septic shock day 1 vs normal controls); up/down = genes up/down in septic shock vs control",ASPH,human symbol,1,mapped,
KCTD14,1,septic-shock-up,,"Enrichr (Kuleshov 2016 NAR 44:W90) Disease_Perturbations_from_GEO_up/_down 'Septic Shock C0036983 human GSE9692 sample 307'; crowd-extracted GEO signature (Wang 2016 Nat Commun 7:12846); GSE9692 (Cvijanovich 2008 Physiol Genomics 34:127, pediatric whole blood, septic shock day 1 vs normal controls); up/down = genes up/down in septic shock vs control",KCTD14,human symbol,1,mapped,
ANG,1,septic-shock-up,,"Enrichr (Kuleshov 2016 NAR 44:W90) Disease_Perturbations_from_GEO_up/_down 'Septic Shock C0036983 human GSE9692 sample 307'; crowd-extracted GEO signature (Wang 2016 Nat Commun 7:12846); GSE9692 (Cvijanovich 2008 Physiol Genomics 34:127, pediatric whole blood, septic shock day 1 vs normal controls); up/down = genes up/down in septic shock vs control",ANG,human symbol,1,mapped,
DTL,1,septic-shock-up,,"Enrichr (Kuleshov 2016 NAR 44:W90) Disease_Perturbations_from_GEO_up/_down 'Septic Shock C0036983 human GSE9692 sample 307'; crowd-extracted GEO signature (Wang 2016 Nat Commun 7:12846); GSE9692 (Cvijanovich 2008 Physiol Genomics 34:127, pediatric whole blood, septic shock day 1 vs normal controls); up/down = genes up/down in septic shock vs control",DTL,human symbol,1,mapped,
FOLR3,1,septic-shock-up,,"Enrichr (Kuleshov 2016 NAR 44:W90) Disease_Perturbations_from_GEO_up/_down 'Septic Shock C0036983 human GSE9692 sample 307'; crowd-extracted GEO signature (Wang 2016 Nat Commun 7:12846); GSE9692 (Cvijanovich 2008 Physiol Genomics 34:127, pediatric whole blood, septic shock day 1 vs normal controls); up/down = genes up/down in septic shock vs control",FOLR3,human symbol,1,mapped,
CEBPA,1,septic-shock-up,,"Enrichr (Kuleshov 2016 NAR 44:W90) Disease_Perturbations_from_GEO_up/_down 'Septic Shock C0036983 human GSE9692 sample 307'; crowd-extracted GEO signature (Wang 2016 Nat Commun 7:12846); GSE9692 (Cvijanovich 2008 Physiol Genomics 34:127, pediatric whole blood, septic shock day 1 vs normal controls); up/down = genes up/down in septic shock vs control",CEBPA,human symbol,1,mapped,
HDAC4,1,septic-shock-up,,"Enrichr (Kuleshov 2016 NAR 44:W90) Disease_Perturbations_from_GEO_up/_down 'Septic Shock C0036983 human GSE9692 sample 307'; crowd-extracted GEO signature (Wang 2016 Nat Commun 7:12846); GSE9692 (Cvijanovich 2008 Physiol Genomics 34:127, pediatric whole blood, septic shock day 1 vs normal controls); up/down = genes up/down in septic shock vs control",HDAC4,human symbol,1,mapped,
CEBPD,1,septic-shock-up,,"Enrichr (Kuleshov 2016 NAR 44:W90) Disease_Perturbations_from_GEO_up/_down 'Septic Shock C0036983 human GSE9692 sample 307'; crowd-extracted GEO signature (Wang 2016 Nat Commun 7:12846); GSE9692 (Cvijanovich 2008 Physiol Genomics 34:127, pediatric whole blood, septic shock day 1 vs normal controls); up/down = genes up/down in septic shock vs control",CEBPD,human symbol,1,mapped,
FLT3,1,septic-shock-up,,"Enrichr (Kuleshov 2016 NAR 44:W90) Disease_Perturbations_from_GEO_up/_down 'Septic Shock C0036983 human GSE9692 sample 307'; crowd-extracted GEO signature (Wang 2016 Nat Commun 7:12846); GSE9692 (Cvijanovich 2008 Physiol Genomics 34:127, pediatric whole blood, septic shock day 1 vs normal controls); up/down = genes up/down in septic shock vs control",FLT3,human symbol,1,mapped,
UHRF1,1,septic-shock-up,,"Enrichr (Kuleshov 2016 NAR 44:W90) Disease_Perturbations_from_GEO_up/_down 'Septic Shock C0036983 human GSE9692 sample 307'; crowd-extracted GEO signature (Wang 2016 Nat Commun 7:12846); GSE9692 (Cvijanovich 2008 Physiol Genomics 34:127, pediatric whole blood, septic shock day 1 vs normal controls); up/down = genes up/down in septic shock vs control",UHRF1,human symbol,1,mapped,
FHL2,1,septic-shock-up,,"Enrichr (Kuleshov 2016 NAR 44:W90) Disease_Perturbations_from_GEO_up/_down 'Septic Shock C0036983 human GSE9692 sample 307'; crowd-extracted GEO signature (Wang 2016 Nat Commun 7:12846); GSE9692 (Cvijanovich 2008 Physiol Genomics 34:127, pediatric whole blood, septic shock day 1 vs normal controls); up/down = genes up/down in septic shock vs control",FHL2,human symbol,1,mapped,
DYSF,1,septic-shock-up,,"Enrichr (Kuleshov 2016 NAR 44:W90) Disease_Perturbations_from_GEO_up/_down 'Septic Shock C0036983 human GSE9692 sample 307'; crowd-extracted GEO signature (Wang 2016 Nat Commun 7:12846); GSE9692 (Cvijanovich 2008 Physiol Genomics 34:127, pediatric whole blood, septic shock day 1 vs normal controls); up/down = genes up/down in septic shock vs control",DYSF,human symbol,1,mapped,
LOC100506828,1,septic-shock-up,,"Enrichr (Kuleshov 2016 NAR 44:W90) Disease_Perturbations_from_GEO_up/_down 'Septic Shock C0036983 human GSE9692 sample 307'; crowd-extracted GEO signature (Wang 2016 Nat Commun 7:12846); GSE9692 (Cvijanovich 2008 Physiol Genomics 34:127, pediatric whole blood, septic shock day 1 vs normal controls); up/down = genes up/down in septic shock vs control",,,1,unmapped: not found in MoTrPAC gene/protein annotation,
DDX60L,1,septic-shock-up,,"Enrichr (Kuleshov 2016 NAR 44:W90) Disease_Perturbations_from_GEO_up/_down 'Septic Shock C0036983 human GSE9692 sample 307'; crowd-extracted GEO signature (Wang 2016 Nat Commun 7:12846); GSE9692 (Cvijanovich 2008 Physiol Genomics 34:127, pediatric whole blood, septic shock day 1 vs normal controls); up/down = genes up/down in septic shock vs control",DDX60L,human symbol,1,mapped,
TTK,1,septic-shock-up,,"Enrichr (Kuleshov 2016 NAR 44:W90) Disease_Perturbations_from_GEO_up/_down 'Septic Shock C0036983 human GSE9692 sample 307'; crowd-extracted GEO signature (Wang 2016 Nat Commun 7:12846); GSE9692 (Cvijanovich 2008 Physiol Genomics 34:127, pediatric whole blood, septic shock day 1 vs normal controls); up/down = genes up/down in septic shock vs control",TTK,human symbol,1,mapped,
FCAR,1,septic-shock-up,,"Enrichr (Kuleshov 2016 NAR 44:W90) Disease_Perturbations_from_GEO_up/_down 'Septic Shock C0036983 human GSE9692 sample 307'; crowd-extracted GEO signature (Wang 2016 Nat Commun 7:12846); GSE9692 (Cvijanovich 2008 Physiol Genomics 34:127, pediatric whole blood, septic shock day 1 vs normal controls); up/down = genes up/down in septic shock vs control",FCAR,human symbol,1,mapped,
THBD,1,septic-shock-up,,"Enrichr (Kuleshov 2016 NAR 44:W90) Disease_Perturbations_from_GEO_up/_down 'Septic Shock C0036983 human GSE9692 sample 307'; crowd-extracted GEO signature (Wang 2016 Nat Commun 7:12846); GSE9692 (Cvijanovich 2008 Physiol Genomics 34:127, pediatric whole blood, septic shock day 1 vs normal controls); up/down = genes up/down in septic shock vs control",THBD,human symbol,1,mapped,
CLEC1B,1,septic-shock-up,,"Enrichr (Kuleshov 2016 NAR 44:W90) Disease_Perturbations_from_GEO_up/_down 'Septic Shock C0036983 human GSE9692 sample 307'; crowd-extracted GEO signature (Wang 2016 Nat Commun 7:12846); GSE9692 (Cvijanovich 2008 Physiol Genomics 34:127, pediatric whole blood, septic shock day 1 vs normal controls); up/down = genes up/down in septic shock vs control",CLEC1B,human symbol,1,mapped,
GM2A,1,septic-shock-up,,"Enrichr (Kuleshov 2016 NAR 44:W90) Disease_Perturbations_from_GEO_up/_down 'Septic Shock C0036983 human GSE9692 sample 307'; crowd-extracted GEO signature (Wang 2016 Nat Commun 7:12846); GSE9692 (Cvijanovich 2008 Physiol Genomics 34:127, pediatric whole blood, septic shock day 1 vs normal controls); up/down = genes up/down in septic shock vs control",GM2A,human symbol,1,mapped,
LOC100129550,1,septic-shock-up,,"Enrichr (Kuleshov 2016 NAR 44:W90) Disease_Perturbations_from_GEO_up/_down 'Septic Shock C0036983 human GSE9692 sample 307'; crowd-extracted GEO signature (Wang 2016 Nat Commun 7:12846); GSE9692 (Cvijanovich 2008 Physiol Genomics 34:127, pediatric whole blood, septic shock day 1 vs normal controls); up/down = genes up/down in septic shock vs control",,,1,unmapped: not found in MoTrPAC gene/protein annotation,
FBXO6,1,septic-shock-up,,"Enrichr (Kuleshov 2016 NAR 44:W90) Disease_Perturbations_from_GEO_up/_down 'Septic Shock C0036983 human GSE9692 sample 307'; crowd-extracted GEO signature (Wang 2016 Nat Commun 7:12846); GSE9692 (Cvijanovich 2008 Physiol Genomics 34:127, pediatric whole blood, septic shock day 1 vs normal controls); up/down = genes up/down in septic shock vs control",FBXO6,human symbol,1,mapped,
UPP1,1,septic-shock-up,,"Enrichr (Kuleshov 2016 NAR 44:W90) Disease_Perturbations_from_GEO_up/_down 'Septic Shock C0036983 human GSE9692 sample 307'; crowd-extracted GEO signature (Wang 2016 Nat Commun 7:12846); GSE9692 (Cvijanovich 2008 Physiol Genomics 34:127, pediatric whole blood, septic shock day 1 vs normal controls); up/down = genes up/down in septic shock vs control",UPP1,human symbol,1,mapped,
FCGR1B,1,septic-shock-up,,"Enrichr (Kuleshov 2016 NAR 44:W90) Disease_Perturbations_from_GEO_up/_down 'Septic Shock C0036983 human GSE9692 sample 307'; crowd-extracted GEO signature (Wang 2016 Nat Commun 7:12846); GSE9692 (Cvijanovich 2008 Physiol Genomics 34:127, pediatric whole blood, septic shock day 1 vs normal controls); up/down = genes up/down in septic shock vs control",FCGR1B,human symbol,1,mapped,
FCGR1C,1,septic-shock-up,,"Enrichr (Kuleshov 2016 NAR 44:W90) Disease_Perturbations_from_GEO_up/_down 'Septic Shock C0036983 human GSE9692 sample 307'; crowd-extracted GEO signature (Wang 2016 Nat Commun 7:12846); GSE9692 (Cvijanovich 2008 Physiol Genomics 34:127, pediatric whole blood, septic shock day 1 vs normal controls); up/down = genes up/down in septic shock vs control",,,1,unmapped: not found in MoTrPAC gene/protein annotation,
IFRD1,1,septic-shock-up,,"Enrichr (Kuleshov 2016 NAR 44:W90) Disease_Perturbations_from_GEO_up/_down 'Septic Shock C0036983 human GSE9692 sample 307'; crowd-extracted GEO signature (Wang 2016 Nat Commun 7:12846); GSE9692 (Cvijanovich 2008 Physiol Genomics 34:127, pediatric whole blood, septic shock day 1 vs normal controls); up/down = genes up/down in septic shock vs control",IFRD1,human symbol,1,mapped,
LOC100506979,1,septic-shock-up,,"Enrichr (Kuleshov 2016 NAR 44:W90) Disease_Perturbations_from_GEO_up/_down 'Septic Shock C0036983 human GSE9692 sample 307'; crowd-extracted GEO signature (Wang 2016 Nat Commun 7:12846); GSE9692 (Cvijanovich 2008 Physiol Genomics 34:127, pediatric whole blood, septic shock day 1 vs normal controls); up/down = genes up/down in septic shock vs control",,,1,unmapped: not found in MoTrPAC gene/protein annotation,
IL1R2,1,septic-shock-up,,"Enrichr (Kuleshov 2016 NAR 44:W90) Disease_Perturbations_from_GEO_up/_down 'Septic Shock C0036983 human GSE9692 sample 307'; crowd-extracted GEO signature (Wang 2016 Nat Commun 7:12846); GSE9692 (Cvijanovich 2008 Physiol Genomics 34:127, pediatric whole blood, septic shock day 1 vs normal controls); up/down = genes up/down in septic shock vs control",IL1R2,human symbol,1,mapped,
ACSL1,1,septic-shock-up,,"Enrichr (Kuleshov 2016 NAR 44:W90) Disease_Perturbations_from_GEO_up/_down 'Septic Shock C0036983 human GSE9692 sample 307'; crowd-extracted GEO signature (Wang 2016 Nat Commun 7:12846); GSE9692 (Cvijanovich 2008 Physiol Genomics 34:127, pediatric whole blood, septic shock day 1 vs normal controls); up/down = genes up/down in septic shock vs control",ACSL1,human symbol,1,mapped,
LOC100128737,1,septic-shock-up,,"Enrichr (Kuleshov 2016 NAR 44:W90) Disease_Perturbations_from_GEO_up/_down 'Septic Shock C0036983 human GSE9692 sample 307'; crowd-extracted GEO signature (Wang 2016 Nat Commun 7:12846); GSE9692 (Cvijanovich 2008 Physiol Genomics 34:127, pediatric whole blood, septic shock day 1 vs normal controls); up/down = genes up/down in septic shock vs control",,,1,unmapped: not found in MoTrPAC gene/protein annotation,
CDC20,1,septic-shock-up,,"Enrichr (Kuleshov 2016 NAR 44:W90) Disease_Perturbations_from_GEO_up/_down 'Septic Shock C0036983 human GSE9692 sample 307'; crowd-extracted GEO signature (Wang 2016 Nat Commun 7:12846); GSE9692 (Cvijanovich 2008 Physiol Genomics 34:127, pediatric whole blood, septic shock day 1 vs normal controls); up/down = genes up/down in septic shock vs control",CDC20,human symbol,1,mapped,
MAPK14,1,septic-shock-up,,"Enrichr (Kuleshov 2016 NAR 44:W90) Disease_Perturbations_from_GEO_up/_down 'Septic Shock C0036983 human GSE9692 sample 307'; crowd-extracted GEO signature (Wang 2016 Nat Commun 7:12846); GSE9692 (Cvijanovich 2008 Physiol Genomics 34:127, pediatric whole blood, septic shock day 1 vs normal controls); up/down = genes up/down in septic shock vs control",MAPK14,human symbol,1,mapped,
HIST1H4C,1,septic-shock-up,,"Enrichr (Kuleshov 2016 NAR 44:W90) Disease_Perturbations_from_GEO_up/_down 'Septic Shock C0036983 human GSE9692 sample 307'; crowd-extracted GEO signature (Wang 2016 Nat Commun 7:12846); GSE9692 (Cvijanovich 2008 Physiol Genomics 34:127, pediatric whole blood, septic shock day 1 vs normal controls); up/down = genes up/down in septic shock vs control",,,1,unmapped: not found in MoTrPAC gene/protein annotation,
PPP1R3D,1,septic-shock-up,,"Enrichr (Kuleshov 2016 NAR 44:W90) Disease_Perturbations_from_GEO_up/_down 'Septic Shock C0036983 human GSE9692 sample 307'; crowd-extracted GEO signature (Wang 2016 Nat Commun 7:12846); GSE9692 (Cvijanovich 2008 Physiol Genomics 34:127, pediatric whole blood, septic shock day 1 vs normal controls); up/down = genes up/down in septic shock vs control",PPP1R3D,human symbol,1,mapped,
RRAGD,1,septic-shock-up,,"Enrichr (Kuleshov 2016 NAR 44:W90) Disease_Perturbations_from_GEO_up/_down 'Septic Shock C0036983 human GSE9692 sample 307'; crowd-extracted GEO signature (Wang 2016 Nat Commun 7:12846); GSE9692 (Cvijanovich 2008 Physiol Genomics 34:127, pediatric whole blood, septic shock day 1 vs normal controls); up/down = genes up/down in septic shock vs control",RRAGD,human symbol,1,mapped,
CRISPLD2,1,septic-shock-up,,"Enrichr (Kuleshov 2016 NAR 44:W90) Disease_Perturbations_from_GEO_up/_down 'Septic Shock C0036983 human GSE9692 sample 307'; crowd-extracted GEO signature (Wang 2016 Nat Commun 7:12846); GSE9692 (Cvijanovich 2008 Physiol Genomics 34:127, pediatric whole blood, septic shock day 1 vs normal controls); up/down = genes up/down in septic shock vs control",CRISPLD2,human symbol,1,mapped,
SLPI,1,septic-shock-up,,"Enrichr (Kuleshov 2016 NAR 44:W90) Disease_Perturbations_from_GEO_up/_down 'Septic Shock C0036983 human GSE9692 sample 307'; crowd-extracted GEO signature (Wang 2016 Nat Commun 7:12846); GSE9692 (Cvijanovich 2008 Physiol Genomics 34:127, pediatric whole blood, septic shock day 1 vs normal controls); up/down = genes up/down in septic shock vs control",SLPI,human symbol,1,mapped,
HIST1H4H,1,septic-shock-up,,"Enrichr (Kuleshov 2016 NAR 44:W90) Disease_Perturbations_from_GEO_up/_down 'Septic Shock C0036983 human GSE9692 sample 307'; crowd-extracted GEO signature (Wang 2016 Nat Commun 7:12846); GSE9692 (Cvijanovich 2008 Physiol Genomics 34:127, pediatric whole blood, septic shock day 1 vs normal controls); up/down = genes up/down in septic shock vs control",,,1,unmapped: not found in MoTrPAC gene/protein annotation,
MT1H,1,septic-shock-up,,"Enrichr (Kuleshov 2016 NAR 44:W90) Disease_Perturbations_from_GEO_up/_down 'Septic Shock C0036983 human GSE9692 sample 307'; crowd-extracted GEO signature (Wang 2016 Nat Commun 7:12846); GSE9692 (Cvijanovich 2008 Physiol Genomics 34:127, pediatric whole blood, septic shock day 1 vs normal controls); up/down = genes up/down in septic shock vs control",,,1,unmapped: not found in MoTrPAC gene/protein annotation,
HIST1H4J,1,septic-shock-up,,"Enrichr (Kuleshov 2016 NAR 44:W90) Disease_Perturbations_from_GEO_up/_down 'Septic Shock C0036983 human GSE9692 sample 307'; crowd-extracted GEO signature (Wang 2016 Nat Commun 7:12846); GSE9692 (Cvijanovich 2008 Physiol Genomics 34:127, pediatric whole blood, septic shock day 1 vs normal controls); up/down = genes up/down in septic shock vs control",,,1,unmapped: not found in MoTrPAC gene/protein annotation,
KIF20A,1,septic-shock-up,,"Enrichr (Kuleshov 2016 NAR 44:W90) Disease_Perturbations_from_GEO_up/_down 'Septic Shock C0036983 human GSE9692 sample 307'; crowd-extracted GEO signature (Wang 2016 Nat Commun 7:12846); GSE9692 (Cvijanovich 2008 Physiol Genomics 34:127, pediatric whole blood, septic shock day 1 vs normal controls); up/down = genes up/down in septic shock vs control",KIF20A,human symbol,1,mapped,
LRRN1,1,septic-shock-up,,"Enrichr (Kuleshov 2016 NAR 44:W90) Disease_Perturbations_from_GEO_up/_down 'Septic Shock C0036983 human GSE9692 sample 307'; crowd-extracted GEO signature (Wang 2016 Nat Commun 7:12846); GSE9692 (Cvijanovich 2008 Physiol Genomics 34:127, pediatric whole blood, septic shock day 1 vs normal controls); up/down = genes up/down in septic shock vs control",LRRN1,human symbol,1,mapped,
HIST1H4K,1,septic-shock-up,,"Enrichr (Kuleshov 2016 NAR 44:W90) Disease_Perturbations_from_GEO_up/_down 'Septic Shock C0036983 human GSE9692 sample 307'; crowd-extracted GEO signature (Wang 2016 Nat Commun 7:12846); GSE9692 (Cvijanovich 2008 Physiol Genomics 34:127, pediatric whole blood, septic shock day 1 vs normal controls); up/down = genes up/down in septic shock vs control",,,1,unmapped: not found in MoTrPAC gene/protein annotation,
HIST1H4D,1,septic-shock-up,,"Enrichr (Kuleshov 2016 NAR 44:W90) Disease_Perturbations_from_GEO_up/_down 'Septic Shock C0036983 human GSE9692 sample 307'; crowd-extracted GEO signature (Wang 2016 Nat Commun 7:12846); GSE9692 (Cvijanovich 2008 Physiol Genomics 34:127, pediatric whole blood, septic shock day 1 vs normal controls); up/down = genes up/down in septic shock vs control",,,1,unmapped: not found in MoTrPAC gene/protein annotation,
NAIP,1,septic-shock-up,,"Enrichr (Kuleshov 2016 NAR 44:W90) Disease_Perturbations_from_GEO_up/_down 'Septic Shock C0036983 human GSE9692 sample 307'; crowd-extracted GEO signature (Wang 2016 Nat Commun 7:12846); GSE9692 (Cvijanovich 2008 Physiol Genomics 34:127, pediatric whole blood, septic shock day 1 vs normal controls); up/down = genes up/down in septic shock vs control",NAIP,human symbol,1,mapped,
TECPR2,1,septic-shock-up,,"Enrichr (Kuleshov 2016 NAR 44:W90) Disease_Perturbations_from_GEO_up/_down 'Septic Shock C0036983 human GSE9692 sample 307'; crowd-extracted GEO signature (Wang 2016 Nat Commun 7:12846); GSE9692 (Cvijanovich 2008 Physiol Genomics 34:127, pediatric whole blood, septic shock day 1 vs normal controls); up/down = genes up/down in septic shock vs control",TECPR2,human symbol,1,mapped,
MT1E,1,septic-shock-up,,"Enrichr (Kuleshov 2016 NAR 44:W90) Disease_Perturbations_from_GEO_up/_down 'Septic Shock C0036983 human GSE9692 sample 307'; crowd-extracted GEO signature (Wang 2016 Nat Commun 7:12846); GSE9692 (Cvijanovich 2008 Physiol Genomics 34:127, pediatric whole blood, septic shock day 1 vs normal controls); up/down = genes up/down in septic shock vs control",MT1E,human symbol,1,mapped,
MT1F,1,septic-shock-up,,"Enrichr (Kuleshov 2016 NAR 44:W90) Disease_Perturbations_from_GEO_up/_down 'Septic Shock C0036983 human GSE9692 sample 307'; crowd-extracted GEO signature (Wang 2016 Nat Commun 7:12846); GSE9692 (Cvijanovich 2008 Physiol Genomics 34:127, pediatric whole blood, septic shock day 1 vs normal controls); up/down = genes up/down in septic shock vs control",MT1F,human symbol,1,mapped,
ZAK,1,septic-shock-up,,"Enrichr (Kuleshov 2016 NAR 44:W90) Disease_Perturbations_from_GEO_up/_down 'Septic Shock C0036983 human GSE9692 sample 307'; crowd-extracted GEO signature (Wang 2016 Nat Commun 7:12846); GSE9692 (Cvijanovich 2008 Physiol Genomics 34:127, pediatric whole blood, septic shock day 1 vs normal controls); up/down = genes up/down in septic shock vs control",,,1,unmapped: not found in MoTrPAC gene/protein annotation,
AQP9,1,septic-shock-up,,"Enrichr (Kuleshov 2016 NAR 44:W90) Disease_Perturbations_from_GEO_up/_down 'Septic Shock C0036983 human GSE9692 sample 307'; crowd-extracted GEO signature (Wang 2016 Nat Commun 7:12846); GSE9692 (Cvijanovich 2008 Physiol Genomics 34:127, pediatric whole blood, septic shock day 1 vs normal controls); up/down = genes up/down in septic shock vs control",AQP9,human symbol,1,mapped,
WBP5,1,septic-shock-up,,"Enrichr (Kuleshov 2016 NAR 44:W90) Disease_Perturbations_from_GEO_up/_down 'Septic Shock C0036983 human GSE9692 sample 307'; crowd-extracted GEO signature (Wang 2016 Nat Commun 7:12846); GSE9692 (Cvijanovich 2008 Physiol Genomics 34:127, pediatric whole blood, septic shock day 1 vs normal controls); up/down = genes up/down in septic shock vs control",,,1,unmapped: not found in MoTrPAC gene/protein annotation,
LOC100288781,1,septic-shock-up,,"Enrichr (Kuleshov 2016 NAR 44:W90) Disease_Perturbations_from_GEO_up/_down 'Septic Shock C0036983 human GSE9692 sample 307'; crowd-extracted GEO signature (Wang 2016 Nat Commun 7:12846); GSE9692 (Cvijanovich 2008 Physiol Genomics 34:127, pediatric whole blood, septic shock day 1 vs normal controls); up/down = genes up/down in septic shock vs control",,,1,unmapped: not found in MoTrPAC gene/protein annotation,
PPP1R3B,1,septic-shock-up,,"Enrichr (Kuleshov 2016 NAR 44:W90) Disease_Perturbations_from_GEO_up/_down 'Septic Shock C0036983 human GSE9692 sample 307'; crowd-extracted GEO signature (Wang 2016 Nat Commun 7:12846); GSE9692 (Cvijanovich 2008 Physiol Genomics 34:127, pediatric whole blood, septic shock day 1 vs normal controls); up/down = genes up/down in septic shock vs control",PPP1R3B,human symbol,1,mapped,
MAGOH,1,septic-shock-up,,"Enrichr (Kuleshov 2016 NAR 44:W90) Disease_Perturbations_from_GEO_up/_down 'Septic Shock C0036983 human GSE9692 sample 307'; crowd-extracted GEO signature (Wang 2016 Nat Commun 7:12846); GSE9692 (Cvijanovich 2008 Physiol Genomics 34:127, pediatric whole blood, septic shock day 1 vs normal controls); up/down = genes up/down in septic shock vs control",MAGOH,human symbol,1,mapped,
RACGAP1,1,septic-shock-up,,"Enrichr (Kuleshov 2016 NAR 44:W90) Disease_Perturbations_from_GEO_up/_down 'Septic Shock C0036983 human GSE9692 sample 307'; crowd-extracted GEO signature (Wang 2016 Nat Commun 7:12846); GSE9692 (Cvijanovich 2008 Physiol Genomics 34:127, pediatric whole blood, septic shock day 1 vs normal controls); up/down = genes up/down in septic shock vs control",RACGAP1,human symbol,1,mapped,
E2F8,1,septic-shock-up,,"Enrichr (Kuleshov 2016 NAR 44:W90) Disease_Perturbations_from_GEO_up/_down 'Septic Shock C0036983 human GSE9692 sample 307'; crowd-extracted GEO signature (Wang 2016 Nat Commun 7:12846); GSE9692 (Cvijanovich 2008 Physiol Genomics 34:127, pediatric whole blood, septic shock day 1 vs normal controls); up/down = genes up/down in septic shock vs control",E2F8,human symbol,1,mapped,
NTNG2,1,septic-shock-up,,"Enrichr (Kuleshov 2016 NAR 44:W90) Disease_Perturbations_from_GEO_up/_down 'Septic Shock C0036983 human GSE9692 sample 307'; crowd-extracted GEO signature (Wang 2016 Nat Commun 7:12846); GSE9692 (Cvijanovich 2008 Physiol Genomics 34:127, pediatric whole blood, septic shock day 1 vs normal controls); up/down = genes up/down in septic shock vs control",NTNG2,human symbol,1,mapped,
SLC11A1,1,septic-shock-up,,"Enrichr (Kuleshov 2016 NAR 44:W90) Disease_Perturbations_from_GEO_up/_down 'Septic Shock C0036983 human GSE9692 sample 307'; crowd-extracted GEO signature (Wang 2016 Nat Commun 7:12846); GSE9692 (Cvijanovich 2008 Physiol Genomics 34:127, pediatric whole blood, septic shock day 1 vs normal controls); up/down = genes up/down in septic shock vs control",SLC11A1,human symbol,1,mapped,
GADD45A,1,septic-shock-up,,"Enrichr (Kuleshov 2016 NAR 44:W90) Disease_Perturbations_from_GEO_up/_down 'Septic Shock C0036983 human GSE9692 sample 307'; crowd-extracted GEO signature (Wang 2016 Nat Commun 7:12846); GSE9692 (Cvijanovich 2008 Physiol Genomics 34:127, pediatric whole blood, septic shock day 1 vs normal controls); up/down = genes up/down in septic shock vs control",GADD45A,human symbol,1,mapped,
PLA2G4A,1,septic-shock-up,,"Enrichr (Kuleshov 2016 NAR 44:W90) Disease_Perturbations_from_GEO_up/_down 'Septic Shock C0036983 human GSE9692 sample 307'; crowd-extracted GEO signature (Wang 2016 Nat Commun 7:12846); GSE9692 (Cvijanovich 2008 Physiol Genomics 34:127, pediatric whole blood, septic shock day 1 vs normal controls); up/down = genes up/down in septic shock vs control",PLA2G4A,human symbol,1,mapped,
TUBG1,1,septic-shock-up,,"Enrichr (Kuleshov 2016 NAR 44:W90) Disease_Perturbations_from_GEO_up/_down 'Septic Shock C0036983 human GSE9692 sample 307'; crowd-extracted GEO signature (Wang 2016 Nat Commun 7:12846); GSE9692 (Cvijanovich 2008 Physiol Genomics 34:127, pediatric whole blood, septic shock day 1 vs normal controls); up/down = genes up/down in septic shock vs control",TUBG1,human symbol,1,mapped,
IFI44,1,septic-shock-up,,"Enrichr (Kuleshov 2016 NAR 44:W90) Disease_Perturbations_from_GEO_up/_down 'Septic Shock C0036983 human GSE9692 sample 307'; crowd-extracted GEO signature (Wang 2016 Nat Commun 7:12846); GSE9692 (Cvijanovich 2008 Physiol Genomics 34:127, pediatric whole blood, septic shock day 1 vs normal controls); up/down = genes up/down in septic shock vs control",IFI44,human symbol,1,mapped,
SRPK1,1,septic-shock-up,,"Enrichr (Kuleshov 2016 NAR 44:W90) Disease_Perturbations_from_GEO_up/_down 'Septic Shock C0036983 human GSE9692 sample 307'; crowd-extracted GEO signature (Wang 2016 Nat Commun 7:12846); GSE9692 (Cvijanovich 2008 Physiol Genomics 34:127, pediatric whole blood, septic shock day 1 vs normal controls); up/down = genes up/down in septic shock vs control",SRPK1,human symbol,1,mapped,
ACER3,1,septic-shock-up,,"Enrichr (Kuleshov 2016 NAR 44:W90) Disease_Perturbations_from_GEO_up/_down 'Septic Shock C0036983 human GSE9692 sample 307'; crowd-extracted GEO signature (Wang 2016 Nat Commun 7:12846); GSE9692 (Cvijanovich 2008 Physiol Genomics 34:127, pediatric whole blood, septic shock day 1 vs normal controls); up/down = genes up/down in septic shock vs control",ACER3,human symbol,1,mapped,
MSRA,1,septic-shock-up,,"Enrichr (Kuleshov 2016 NAR 44:W90) Disease_Perturbations_from_GEO_up/_down 'Septic Shock C0036983 human GSE9692 sample 307'; crowd-extracted GEO signature (Wang 2016 Nat Commun 7:12846); GSE9692 (Cvijanovich 2008 Physiol Genomics 34:127, pediatric whole blood, septic shock day 1 vs normal controls); up/down = genes up/down in septic shock vs control",MSRA,human symbol,1,mapped,
TPX2,1,septic-shock-up,,"Enrichr (Kuleshov 2016 NAR 44:W90) Disease_Perturbations_from_GEO_up/_down 'Septic Shock C0036983 human GSE9692 sample 307'; crowd-extracted GEO signature (Wang 2016 Nat Commun 7:12846); GSE9692 (Cvijanovich 2008 Physiol Genomics 34:127, pediatric whole blood, septic shock day 1 vs normal controls); up/down = genes up/down in septic shock vs control",TPX2,human symbol,1,mapped,
VNN1,1,septic-shock-up,,"Enrichr (Kuleshov 2016 NAR 44:W90) Disease_Perturbations_from_GEO_up/_down 'Septic Shock C0036983 human GSE9692 sample 307'; crowd-extracted GEO signature (Wang 2016 Nat Commun 7:12846); GSE9692 (Cvijanovich 2008 Physiol Genomics 34:127, pediatric whole blood, septic shock day 1 vs normal controls); up/down = genes up/down in septic shock vs control",VNN1,human symbol,1,mapped,
VNN3,1,septic-shock-up,,"Enrichr (Kuleshov 2016 NAR 44:W90) Disease_Perturbations_from_GEO_up/_down 'Septic Shock C0036983 human GSE9692 sample 307'; crowd-extracted GEO signature (Wang 2016 Nat Commun 7:12846); GSE9692 (Cvijanovich 2008 Physiol Genomics 34:127, pediatric whole blood, septic shock day 1 vs normal controls); up/down = genes up/down in septic shock vs control",VNN3,human symbol,1,mapped,
IGKV4-1,1,septic-shock-up,,"Enrichr (Kuleshov 2016 NAR 44:W90) Disease_Perturbations_from_GEO_up/_down 'Septic Shock C0036983 human GSE9692 sample 307'; crowd-extracted GEO signature (Wang 2016 Nat Commun 7:12846); GSE9692 (Cvijanovich 2008 Physiol Genomics 34:127, pediatric whole blood, septic shock day 1 vs normal controls); up/down = genes up/down in septic shock vs control",IGKV4-1,human symbol,1,mapped,
RGL4,1,septic-shock-up,,"Enrichr (Kuleshov 2016 NAR 44:W90) Disease_Perturbations_from_GEO_up/_down 'Septic Shock C0036983 human GSE9692 sample 307'; crowd-extracted GEO signature (Wang 2016 Nat Commun 7:12846); GSE9692 (Cvijanovich 2008 Physiol Genomics 34:127, pediatric whole blood, septic shock day 1 vs normal controls); up/down = genes up/down in septic shock vs control",RGL4,human symbol,1,mapped,
CYSTM1,1,septic-shock-up,,"Enrichr (Kuleshov 2016 NAR 44:W90) Disease_Perturbations_from_GEO_up/_down 'Septic Shock C0036983 human GSE9692 sample 307'; crowd-extracted GEO signature (Wang 2016 Nat Commun 7:12846); GSE9692 (Cvijanovich 2008 Physiol Genomics 34:127, pediatric whole blood, septic shock day 1 vs normal controls); up/down = genes up/down in septic shock vs control",CYSTM1,human symbol,1,mapped,
RGL1,1,septic-shock-up,,"Enrichr (Kuleshov 2016 NAR 44:W90) Disease_Perturbations_from_GEO_up/_down 'Septic Shock C0036983 human GSE9692 sample 307'; crowd-extracted GEO signature (Wang 2016 Nat Commun 7:12846); GSE9692 (Cvijanovich 2008 Physiol Genomics 34:127, pediatric whole blood, septic shock day 1 vs normal controls); up/down = genes up/down in septic shock vs control",RGL1,human symbol,1,mapped,
ANP32A-IT1,1,septic-shock-up,,"Enrichr (Kuleshov 2016 NAR 44:W90) Disease_Perturbations_from_GEO_up/_down 'Septic Shock C0036983 human GSE9692 sample 307'; crowd-extracted GEO signature (Wang 2016 Nat Commun 7:12846); GSE9692 (Cvijanovich 2008 Physiol Genomics 34:127, pediatric whole blood, septic shock day 1 vs normal controls); up/down = genes up/down in septic shock vs control",,,1,unmapped: not found in MoTrPAC gene/protein annotation,
IL1RN,1,septic-shock-up,,"Enrichr (Kuleshov 2016 NAR 44:W90) Disease_Perturbations_from_GEO_up/_down 'Septic Shock C0036983 human GSE9692 sample 307'; crowd-extracted GEO signature (Wang 2016 Nat Commun 7:12846); GSE9692 (Cvijanovich 2008 Physiol Genomics 34:127, pediatric whole blood, septic shock day 1 vs normal controls); up/down = genes up/down in septic shock vs control",IL1RN,human symbol,1,mapped,
SLC22A4,1,septic-shock-up,,"Enrichr (Kuleshov 2016 NAR 44:W90) Disease_Perturbations_from_GEO_up/_down 'Septic Shock C0036983 human GSE9692 sample 307'; crowd-extracted GEO signature (Wang 2016 Nat Commun 7:12846); GSE9692 (Cvijanovich 2008 Physiol Genomics 34:127, pediatric whole blood, septic shock day 1 vs normal controls); up/down = genes up/down in septic shock vs control",SLC22A4,human symbol,1,mapped,
TSHZ3,1,septic-shock-up,,"Enrichr (Kuleshov 2016 NAR 44:W90) Disease_Perturbations_from_GEO_up/_down 'Septic Shock C0036983 human GSE9692 sample 307'; crowd-extracted GEO signature (Wang 2016 Nat Commun 7:12846); GSE9692 (Cvijanovich 2008 Physiol Genomics 34:127, pediatric whole blood, septic shock day 1 vs normal controls); up/down = genes up/down in septic shock vs control",TSHZ3,human symbol,1,mapped,
TXN,1,septic-shock-up,,"Enrichr (Kuleshov 2016 NAR 44:W90) Disease_Perturbations_from_GEO_up/_down 'Septic Shock C0036983 human GSE9692 sample 307'; crowd-extracted GEO signature (Wang 2016 Nat Commun 7:12846); GSE9692 (Cvijanovich 2008 Physiol Genomics 34:127, pediatric whole blood, septic shock day 1 vs normal controls); up/down = genes up/down in septic shock vs control",TXN,human symbol,1,mapped,
MT1X,1,septic-shock-up,,"Enrichr (Kuleshov 2016 NAR 44:W90) Disease_Perturbations_from_GEO_up/_down 'Septic Shock C0036983 human GSE9692 sample 307'; crowd-extracted GEO signature (Wang 2016 Nat Commun 7:12846); GSE9692 (Cvijanovich 2008 Physiol Genomics 34:127, pediatric whole blood, septic shock day 1 vs normal controls); up/down = genes up/down in septic shock vs control",MT1X,human symbol,1,mapped,
MGST1,1,septic-shock-up,,"Enrichr (Kuleshov 2016 NAR 44:W90) Disease_Perturbations_from_GEO_up/_down 'Septic Shock C0036983 human GSE9692 sample 307'; crowd-extracted GEO signature (Wang 2016 Nat Commun 7:12846); GSE9692 (Cvijanovich 2008 Physiol Genomics 34:127, pediatric whole blood, septic shock day 1 vs normal controls); up/down = genes up/down in septic shock vs control",MGST1,human symbol,1,mapped,
MARC1,1,septic-shock-up,,"Enrichr (Kuleshov 2016 NAR 44:W90) Disease_Perturbations_from_GEO_up/_down 'Septic Shock C0036983 human GSE9692 sample 307'; crowd-extracted GEO signature (Wang 2016 Nat Commun 7:12846); GSE9692 (Cvijanovich 2008 Physiol Genomics 34:127, pediatric whole blood, septic shock day 1 vs normal controls); up/down = genes up/down in septic shock vs control",,,1,unmapped: not found in MoTrPAC gene/protein annotation,
MT2A,1,septic-shock-up,,"Enrichr (Kuleshov 2016 NAR 44:W90) Disease_Perturbations_from_GEO_up/_down 'Septic Shock C0036983 human GSE9692 sample 307'; crowd-extracted GEO signature (Wang 2016 Nat Commun 7:12846); GSE9692 (Cvijanovich 2008 Physiol Genomics 34:127, pediatric whole blood, septic shock day 1 vs normal controls); up/down = genes up/down in septic shock vs control",MT2A,human symbol,1,mapped,
INSC,1,septic-shock-up,,"Enrichr (Kuleshov 2016 NAR 44:W90) Disease_Perturbations_from_GEO_up/_down 'Septic Shock C0036983 human GSE9692 sample 307'; crowd-extracted GEO signature (Wang 2016 Nat Commun 7:12846); GSE9692 (Cvijanovich 2008 Physiol Genomics 34:127, pediatric whole blood, septic shock day 1 vs normal controls); up/down = genes up/down in septic shock vs control",INSC,human symbol,1,mapped,
FFAR2,1,septic-shock-up,,"Enrichr (Kuleshov 2016 NAR 44:W90) Disease_Perturbations_from_GEO_up/_down 'Septic Shock C0036983 human GSE9692 sample 307'; crowd-extracted GEO signature (Wang 2016 Nat Commun 7:12846); GSE9692 (Cvijanovich 2008 Physiol Genomics 34:127, pediatric whole blood, septic shock day 1 vs normal controls); up/down = genes up/down in septic shock vs control",FFAR2,human symbol,1,mapped,
DIRC2,1,septic-shock-up,,"Enrichr (Kuleshov 2016 NAR 44:W90) Disease_Perturbations_from_GEO_up/_down 'Septic Shock C0036983 human GSE9692 sample 307'; crowd-extracted GEO signature (Wang 2016 Nat Commun 7:12846); GSE9692 (Cvijanovich 2008 Physiol Genomics 34:127, pediatric whole blood, septic shock day 1 vs normal controls); up/down = genes up/down in septic shock vs control",,,1,unmapped: not found in MoTrPAC gene/protein annotation,
ITPR1-AS1,1,septic-shock-up,,"Enrichr (Kuleshov 2016 NAR 44:W90) Disease_Perturbations_from_GEO_up/_down 'Septic Shock C0036983 human GSE9692 sample 307'; crowd-extracted GEO signature (Wang 2016 Nat Commun 7:12846); GSE9692 (Cvijanovich 2008 Physiol Genomics 34:127, pediatric whole blood, septic shock day 1 vs normal controls); up/down = genes up/down in septic shock vs control",,,1,unmapped: not found in MoTrPAC gene/protein annotation,
CD14,1,septic-shock-up,,"Enrichr (Kuleshov 2016 NAR 44:W90) Disease_Perturbations_from_GEO_up/_down 'Septic Shock C0036983 human GSE9692 sample 307'; crowd-extracted GEO signature (Wang 2016 Nat Commun 7:12846); GSE9692 (Cvijanovich 2008 Physiol Genomics 34:127, pediatric whole blood, septic shock day 1 vs normal controls); up/down = genes up/down in septic shock vs control",CD14,human symbol,1,mapped,
CCR2,1,septic-shock-up,,"Enrichr (Kuleshov 2016 NAR 44:W90) Disease_Perturbations_from_GEO_up/_down 'Septic Shock C0036983 human GSE9692 sample 307'; crowd-extracted GEO signature (Wang 2016 Nat Commun 7:12846); GSE9692 (Cvijanovich 2008 Physiol Genomics 34:127, pediatric whole blood, septic shock day 1 vs normal controls); up/down = genes up/down in septic shock vs control",CCR2,human symbol,1,mapped,
CCR1,1,septic-shock-up,,"Enrichr (Kuleshov 2016 NAR 44:W90) Disease_Perturbations_from_GEO_up/_down 'Septic Shock C0036983 human GSE9692 sample 307'; crowd-extracted GEO signature (Wang 2016 Nat Commun 7:12846); GSE9692 (Cvijanovich 2008 Physiol Genomics 34:127, pediatric whole blood, septic shock day 1 vs normal controls); up/down = genes up/down in septic shock vs control",CCR1,human symbol,1,mapped,
HYMAI,1,septic-shock-up,,"Enrichr (Kuleshov 2016 NAR 44:W90) Disease_Perturbations_from_GEO_up/_down 'Septic Shock C0036983 human GSE9692 sample 307'; crowd-extracted GEO signature (Wang 2016 Nat Commun 7:12846); GSE9692 (Cvijanovich 2008 Physiol Genomics 34:127, pediatric whole blood, septic shock day 1 vs normal controls); up/down = genes up/down in septic shock vs control",HYMAI,human symbol,1,mapped,
SLC35E2,1,septic-shock-up,,"Enrichr (Kuleshov 2016 NAR 44:W90) Disease_Perturbations_from_GEO_up/_down 'Septic Shock C0036983 human GSE9692 sample 307'; crowd-extracted GEO signature (Wang 2016 Nat Commun 7:12846); GSE9692 (Cvijanovich 2008 Physiol Genomics 34:127, pediatric whole blood, septic shock day 1 vs normal controls); up/down = genes up/down in septic shock vs control",,,1,unmapped: not found in MoTrPAC gene/protein annotation,
LHFPL2,1,septic-shock-up,,"Enrichr (Kuleshov 2016 NAR 44:W90) Disease_Perturbations_from_GEO_up/_down 'Septic Shock C0036983 human GSE9692 sample 307'; crowd-extracted GEO signature (Wang 2016 Nat Commun 7:12846); GSE9692 (Cvijanovich 2008 Physiol Genomics 34:127, pediatric whole blood, septic shock day 1 vs normal controls); up/down = genes up/down in septic shock vs control",LHFPL2,human symbol,1,mapped,
ZWINT,1,septic-shock-up,,"Enrichr (Kuleshov 2016 NAR 44:W90) Disease_Perturbations_from_GEO_up/_down 'Septic Shock C0036983 human GSE9692 sample 307'; crowd-extracted GEO signature (Wang 2016 Nat Commun 7:12846); GSE9692 (Cvijanovich 2008 Physiol Genomics 34:127, pediatric whole blood, septic shock day 1 vs normal controls); up/down = genes up/down in septic shock vs control",ZWINT,human symbol,1,mapped,
IL1A,1,septic-shock-up,,"Enrichr (Kuleshov 2016 NAR 44:W90) Disease_Perturbations_from_GEO_up/_down 'Septic Shock C0036983 human GSE9692 sample 307'; crowd-extracted GEO signature (Wang 2016 Nat Commun 7:12846); GSE9692 (Cvijanovich 2008 Physiol Genomics 34:127, pediatric whole blood, septic shock day 1 vs normal controls); up/down = genes up/down in septic shock vs control",IL1A,human symbol,1,mapped,
TLR2,1,septic-shock-up,,"Enrichr (Kuleshov 2016 NAR 44:W90) Disease_Perturbations_from_GEO_up/_down 'Septic Shock C0036983 human GSE9692 sample 307'; crowd-extracted GEO signature (Wang 2016 Nat Commun 7:12846); GSE9692 (Cvijanovich 2008 Physiol Genomics 34:127, pediatric whole blood, septic shock day 1 vs normal controls); up/down = genes up/down in septic shock vs control",TLR2,human symbol,1,mapped,
ANLN,1,septic-shock-up,,"Enrichr (Kuleshov 2016 NAR 44:W90) Disease_Perturbations_from_GEO_up/_down 'Septic Shock C0036983 human GSE9692 sample 307'; crowd-extracted GEO signature (Wang 2016 Nat Commun 7:12846); GSE9692 (Cvijanovich 2008 Physiol Genomics 34:127, pediatric whole blood, septic shock day 1 vs normal controls); up/down = genes up/down in septic shock vs control",ANLN,human symbol,1,mapped,
CEACAM4,1,septic-shock-up,,"Enrichr (Kuleshov 2016 NAR 44:W90) Disease_Perturbations_from_GEO_up/_down 'Septic Shock C0036983 human GSE9692 sample 307'; crowd-extracted GEO signature (Wang 2016 Nat Commun 7:12846); GSE9692 (Cvijanovich 2008 Physiol Genomics 34:127, pediatric whole blood, septic shock day 1 vs normal controls); up/down = genes up/down in septic shock vs control",CEACAM4,human symbol,1,mapped,
IL1B,1,septic-shock-up,,"Enrichr (Kuleshov 2016 NAR 44:W90) Disease_Perturbations_from_GEO_up/_down 'Septic Shock C0036983 human GSE9692 sample 307'; crowd-extracted GEO signature (Wang 2016 Nat Commun 7:12846); GSE9692 (Cvijanovich 2008 Physiol Genomics 34:127, pediatric whole blood, septic shock day 1 vs normal controls); up/down = genes up/down in septic shock vs control",IL1B,human symbol,1,mapped,
BST1,1,septic-shock-up,,"Enrichr (Kuleshov 2016 NAR 44:W90) Disease_Perturbations_from_GEO_up/_down 'Septic Shock C0036983 human GSE9692 sample 307'; crowd-extracted GEO signature (Wang 2016 Nat Commun 7:12846); GSE9692 (Cvijanovich 2008 Physiol Genomics 34:127, pediatric whole blood, septic shock day 1 vs normal controls); up/down = genes up/down in septic shock vs control",BST1,human symbol,1,mapped,
CEACAM1,1,septic-shock-up,,"Enrichr (Kuleshov 2016 NAR 44:W90) Disease_Perturbations_from_GEO_up/_down 'Septic Shock C0036983 human GSE9692 sample 307'; crowd-extracted GEO signature (Wang 2016 Nat Commun 7:12846); GSE9692 (Cvijanovich 2008 Physiol Genomics 34:127, pediatric whole blood, septic shock day 1 vs normal controls); up/down = genes up/down in septic shock vs control",CEACAM1,human symbol,1,mapped,
CEACAM8,1,septic-shock-up,,"Enrichr (Kuleshov 2016 NAR 44:W90) Disease_Perturbations_from_GEO_up/_down 'Septic Shock C0036983 human GSE9692 sample 307'; crowd-extracted GEO signature (Wang 2016 Nat Commun 7:12846); GSE9692 (Cvijanovich 2008 Physiol Genomics 34:127, pediatric whole blood, septic shock day 1 vs normal controls); up/down = genes up/down in septic shock vs control",CEACAM8,human symbol,1,mapped,
CEACAM6,1,septic-shock-up,,"Enrichr (Kuleshov 2016 NAR 44:W90) Disease_Perturbations_from_GEO_up/_down 'Septic Shock C0036983 human GSE9692 sample 307'; crowd-extracted GEO signature (Wang 2016 Nat Commun 7:12846); GSE9692 (Cvijanovich 2008 Physiol Genomics 34:127, pediatric whole blood, septic shock day 1 vs normal controls); up/down = genes up/down in septic shock vs control",CEACAM6,human symbol,1,mapped,
TLR8,1,septic-shock-up,,"Enrichr (Kuleshov 2016 NAR 44:W90) Disease_Perturbations_from_GEO_up/_down 'Septic Shock C0036983 human GSE9692 sample 307'; crowd-extracted GEO signature (Wang 2016 Nat Commun 7:12846); GSE9692 (Cvijanovich 2008 Physiol Genomics 34:127, pediatric whole blood, septic shock day 1 vs normal controls); up/down = genes up/down in septic shock vs control",TLR8,human symbol,1,mapped,
FAM20A,1,septic-shock-up,,"Enrichr (Kuleshov 2016 NAR 44:W90) Disease_Perturbations_from_GEO_up/_down 'Septic Shock C0036983 human GSE9692 sample 307'; crowd-extracted GEO signature (Wang 2016 Nat Commun 7:12846); GSE9692 (Cvijanovich 2008 Physiol Genomics 34:127, pediatric whole blood, septic shock day 1 vs normal controls); up/down = genes up/down in septic shock vs control",FAM20A,human symbol,1,mapped,
TLR5,1,septic-shock-up,,"Enrichr (Kuleshov 2016 NAR 44:W90) Disease_Perturbations_from_GEO_up/_down 'Septic Shock C0036983 human GSE9692 sample 307'; crowd-extracted GEO signature (Wang 2016 Nat Commun 7:12846); GSE9692 (Cvijanovich 2008 Physiol Genomics 34:127, pediatric whole blood, septic shock day 1 vs normal controls); up/down = genes up/down in septic shock vs control",TLR5,human symbol,1,mapped,
LOC100287529,1,septic-shock-up,,"Enrichr (Kuleshov 2016 NAR 44:W90) Disease_Perturbations_from_GEO_up/_down 'Septic Shock C0036983 human GSE9692 sample 307'; crowd-extracted GEO signature (Wang 2016 Nat Commun 7:12846); GSE9692 (Cvijanovich 2008 Physiol Genomics 34:127, pediatric whole blood, septic shock day 1 vs normal controls); up/down = genes up/down in septic shock vs control",,,1,unmapped: not found in MoTrPAC gene/protein annotation,
TLR4,1,septic-shock-up,,"Enrichr (Kuleshov 2016 NAR 44:W90) Disease_Perturbations_from_GEO_up/_down 'Septic Shock C0036983 human GSE9692 sample 307'; crowd-extracted GEO signature (Wang 2016 Nat Commun 7:12846); GSE9692 (Cvijanovich 2008 Physiol Genomics 34:127, pediatric whole blood, septic shock day 1 vs normal controls); up/down = genes up/down in septic shock vs control",TLR4,human symbol,1,mapped,
IL18R1,1,septic-shock-up,,"Enrichr (Kuleshov 2016 NAR 44:W90) Disease_Perturbations_from_GEO_up/_down 'Septic Shock C0036983 human GSE9692 sample 307'; crowd-extracted GEO signature (Wang 2016 Nat Commun 7:12846); GSE9692 (Cvijanovich 2008 Physiol Genomics 34:127, pediatric whole blood, septic shock day 1 vs normal controls); up/down = genes up/down in septic shock vs control",IL18R1,human symbol,1,mapped,
CSRNP1,1,septic-shock-up,,"Enrichr (Kuleshov 2016 NAR 44:W90) Disease_Perturbations_from_GEO_up/_down 'Septic Shock C0036983 human GSE9692 sample 307'; crowd-extracted GEO signature (Wang 2016 Nat Commun 7:12846); GSE9692 (Cvijanovich 2008 Physiol Genomics 34:127, pediatric whole blood, septic shock day 1 vs normal controls); up/down = genes up/down in septic shock vs control",CSRNP1,human symbol,1,mapped,
TMEM185B,1,septic-shock-up,,"Enrichr (Kuleshov 2016 NAR 44:W90) Disease_Perturbations_from_GEO_up/_down 'Septic Shock C0036983 human GSE9692 sample 307'; crowd-extracted GEO signature (Wang 2016 Nat Commun 7:12846); GSE9692 (Cvijanovich 2008 Physiol Genomics 34:127, pediatric whole blood, septic shock day 1 vs normal controls); up/down = genes up/down in septic shock vs control",TMEM185B,human symbol,1,mapped,
GK3P,1,septic-shock-up,,"Enrichr (Kuleshov 2016 NAR 44:W90) Disease_Perturbations_from_GEO_up/_down 'Septic Shock C0036983 human GSE9692 sample 307'; crowd-extracted GEO signature (Wang 2016 Nat Commun 7:12846); GSE9692 (Cvijanovich 2008 Physiol Genomics 34:127, pediatric whole blood, septic shock day 1 vs normal controls); up/down = genes up/down in septic shock vs control",GK3P,human symbol,1,mapped,
NRN1,1,septic-shock-up,,"Enrichr (Kuleshov 2016 NAR 44:W90) Disease_Perturbations_from_GEO_up/_down 'Septic Shock C0036983 human GSE9692 sample 307'; crowd-extracted GEO signature (Wang 2016 Nat Commun 7:12846); GSE9692 (Cvijanovich 2008 Physiol Genomics 34:127, pediatric whole blood, septic shock day 1 vs normal controls); up/down = genes up/down in septic shock vs control",NRN1,human symbol,1,mapped,
KIF11,1,septic-shock-up,,"Enrichr (Kuleshov 2016 NAR 44:W90) Disease_Perturbations_from_GEO_up/_down 'Septic Shock C0036983 human GSE9692 sample 307'; crowd-extracted GEO signature (Wang 2016 Nat Commun 7:12846); GSE9692 (Cvijanovich 2008 Physiol Genomics 34:127, pediatric whole blood, septic shock day 1 vs normal controls); up/down = genes up/down in septic shock vs control",KIF11,human symbol,1,mapped,
TOP2A,1,septic-shock-up,,"Enrichr (Kuleshov 2016 NAR 44:W90) Disease_Perturbations_from_GEO_up/_down 'Septic Shock C0036983 human GSE9692 sample 307'; crowd-extracted GEO signature (Wang 2016 Nat Commun 7:12846); GSE9692 (Cvijanovich 2008 Physiol Genomics 34:127, pediatric whole blood, septic shock day 1 vs normal controls); up/down = genes up/down in septic shock vs control",TOP2A,human symbol,1,mapped,
KIF15,1,septic-shock-up,,"Enrichr (Kuleshov 2016 NAR 44:W90) Disease_Perturbations_from_GEO_up/_down 'Septic Shock C0036983 human GSE9692 sample 307'; crowd-extracted GEO signature (Wang 2016 Nat Commun 7:12846); GSE9692 (Cvijanovich 2008 Physiol Genomics 34:127, pediatric whole blood, septic shock day 1 vs normal controls); up/down = genes up/down in septic shock vs control",KIF15,human symbol,1,mapped,
KIF14,1,septic-shock-up,,"Enrichr (Kuleshov 2016 NAR 44:W90) Disease_Perturbations_from_GEO_up/_down 'Septic Shock C0036983 human GSE9692 sample 307'; crowd-extracted GEO signature (Wang 2016 Nat Commun 7:12846); GSE9692 (Cvijanovich 2008 Physiol Genomics 34:127, pediatric whole blood, septic shock day 1 vs normal controls); up/down = genes up/down in septic shock vs control",KIF14,human symbol,1,mapped,
KRT23,1,septic-shock-up,,"Enrichr (Kuleshov 2016 NAR 44:W90) Disease_Perturbations_from_GEO_up/_down 'Septic Shock C0036983 human GSE9692 sample 307'; crowd-extracted GEO signature (Wang 2016 Nat Commun 7:12846); GSE9692 (Cvijanovich 2008 Physiol Genomics 34:127, pediatric whole blood, septic shock day 1 vs normal controls); up/down = genes up/down in septic shock vs control",KRT23,human symbol,1,mapped,
SOCS3,1,septic-shock-up,,"Enrichr (Kuleshov 2016 NAR 44:W90) Disease_Perturbations_from_GEO_up/_down 'Septic Shock C0036983 human GSE9692 sample 307'; crowd-extracted GEO signature (Wang 2016 Nat Commun 7:12846); GSE9692 (Cvijanovich 2008 Physiol Genomics 34:127, pediatric whole blood, septic shock day 1 vs normal controls); up/down = genes up/down in septic shock vs control",SOCS3,human symbol,1,mapped,
PGS1,1,septic-shock-up,,"Enrichr (Kuleshov 2016 NAR 44:W90) Disease_Perturbations_from_GEO_up/_down 'Septic Shock C0036983 human GSE9692 sample 307'; crowd-extracted GEO signature (Wang 2016 Nat Commun 7:12846); GSE9692 (Cvijanovich 2008 Physiol Genomics 34:127, pediatric whole blood, septic shock day 1 vs normal controls); up/down = genes up/down in septic shock vs control",PGS1,human symbol,1,mapped,
SLC22A15,1,septic-shock-up,,"Enrichr (Kuleshov 2016 NAR 44:W90) Disease_Perturbations_from_GEO_up/_down 'Septic Shock C0036983 human GSE9692 sample 307'; crowd-extracted GEO signature (Wang 2016 Nat Commun 7:12846); GSE9692 (Cvijanovich 2008 Physiol Genomics 34:127, pediatric whole blood, septic shock day 1 vs normal controls); up/down = genes up/down in septic shock vs control",SLC22A15,human symbol,1,mapped,
UGCG,1,septic-shock-up,,"Enrichr (Kuleshov 2016 NAR 44:W90) Disease_Perturbations_from_GEO_up/_down 'Septic Shock C0036983 human GSE9692 sample 307'; crowd-extracted GEO signature (Wang 2016 Nat Commun 7:12846); GSE9692 (Cvijanovich 2008 Physiol Genomics 34:127, pediatric whole blood, septic shock day 1 vs normal controls); up/down = genes up/down in septic shock vs control",UGCG,human symbol,1,mapped,
DKFZP667F0711,1,septic-shock-up,,"Enrichr (Kuleshov 2016 NAR 44:W90) Disease_Perturbations_from_GEO_up/_down 'Septic Shock C0036983 human GSE9692 sample 307'; crowd-extracted GEO signature (Wang 2016 Nat Commun 7:12846); GSE9692 (Cvijanovich 2008 Physiol Genomics 34:127, pediatric whole blood, septic shock day 1 vs normal controls); up/down = genes up/down in septic shock vs control",,,1,unmapped: not found in MoTrPAC gene/protein annotation,
KIF1B,1,septic-shock-up,,"Enrichr (Kuleshov 2016 NAR 44:W90) Disease_Perturbations_from_GEO_up/_down 'Septic Shock C0036983 human GSE9692 sample 307'; crowd-extracted GEO signature (Wang 2016 Nat Commun 7:12846); GSE9692 (Cvijanovich 2008 Physiol Genomics 34:127, pediatric whole blood, septic shock day 1 vs normal controls); up/down = genes up/down in septic shock vs control",KIF1B,human symbol,1,mapped,
NFIL3,1,septic-shock-up,,"Enrichr (Kuleshov 2016 NAR 44:W90) Disease_Perturbations_from_GEO_up/_down 'Septic Shock C0036983 human GSE9692 sample 307'; crowd-extracted GEO signature (Wang 2016 Nat Commun 7:12846); GSE9692 (Cvijanovich 2008 Physiol Genomics 34:127, pediatric whole blood, septic shock day 1 vs normal controls); up/down = genes up/down in septic shock vs control",NFIL3,human symbol,1,mapped,
CLIC2,1,septic-shock-up,,"Enrichr (Kuleshov 2016 NAR 44:W90) Disease_Perturbations_from_GEO_up/_down 'Septic Shock C0036983 human GSE9692 sample 307'; crowd-extracted GEO signature (Wang 2016 Nat Commun 7:12846); GSE9692 (Cvijanovich 2008 Physiol Genomics 34:127, pediatric whole blood, septic shock day 1 vs normal controls); up/down = genes up/down in septic shock vs control",CLIC2,human symbol,1,mapped,
NQO2,1,septic-shock-up,,"Enrichr (Kuleshov 2016 NAR 44:W90) Disease_Perturbations_from_GEO_up/_down 'Septic Shock C0036983 human GSE9692 sample 307'; crowd-extracted GEO signature (Wang 2016 Nat Commun 7:12846); GSE9692 (Cvijanovich 2008 Physiol Genomics 34:127, pediatric whole blood, septic shock day 1 vs normal controls); up/down = genes up/down in septic shock vs control",NQO2,human symbol,1,mapped,
ATP6V0E1,1,septic-shock-up,,"Enrichr (Kuleshov 2016 NAR 44:W90) Disease_Perturbations_from_GEO_up/_down 'Septic Shock C0036983 human GSE9692 sample 307'; crowd-extracted GEO signature (Wang 2016 Nat Commun 7:12846); GSE9692 (Cvijanovich 2008 Physiol Genomics 34:127, pediatric whole blood, septic shock day 1 vs normal controls); up/down = genes up/down in septic shock vs control",ATP6V0E1,human symbol,1,mapped,
SORT1,1,septic-shock-up,,"Enrichr (Kuleshov 2016 NAR 44:W90) Disease_Perturbations_from_GEO_up/_down 'Septic Shock C0036983 human GSE9692 sample 307'; crowd-extracted GEO signature (Wang 2016 Nat Commun 7:12846); GSE9692 (Cvijanovich 2008 Physiol Genomics 34:127, pediatric whole blood, septic shock day 1 vs normal controls); up/down = genes up/down in septic shock vs control",SORT1,human symbol,1,mapped,
OLAH,1,septic-shock-up,,"Enrichr (Kuleshov 2016 NAR 44:W90) Disease_Perturbations_from_GEO_up/_down 'Septic Shock C0036983 human GSE9692 sample 307'; crowd-extracted GEO signature (Wang 2016 Nat Commun 7:12846); GSE9692 (Cvijanovich 2008 Physiol Genomics 34:127, pediatric whole blood, septic shock day 1 vs normal controls); up/down = genes up/down in septic shock vs control",OLAH,human symbol,1,mapped,
QPCT,1,septic-shock-up,,"Enrichr (Kuleshov 2016 NAR 44:W90) Disease_Perturbations_from_GEO_up/_down 'Septic Shock C0036983 human GSE9692 sample 307'; crowd-extracted GEO signature (Wang 2016 Nat Commun 7:12846); GSE9692 (Cvijanovich 2008 Physiol Genomics 34:127, pediatric whole blood, septic shock day 1 vs normal controls); up/down = genes up/down in septic shock vs control",QPCT,human symbol,1,mapped,
NLRP12,1,septic-shock-up,,"Enrichr (Kuleshov 2016 NAR 44:W90) Disease_Perturbations_from_GEO_up/_down 'Septic Shock C0036983 human GSE9692 sample 307'; crowd-extracted GEO signature (Wang 2016 Nat Commun 7:12846); GSE9692 (Cvijanovich 2008 Physiol Genomics 34:127, pediatric whole blood, septic shock day 1 vs normal controls); up/down = genes up/down in septic shock vs control",NLRP12,human symbol,1,mapped,
DPY19L3,1,septic-shock-up,,"Enrichr (Kuleshov 2016 NAR 44:W90) Disease_Perturbations_from_GEO_up/_down 'Septic Shock C0036983 human GSE9692 sample 307'; crowd-extracted GEO signature (Wang 2016 Nat Commun 7:12846); GSE9692 (Cvijanovich 2008 Physiol Genomics 34:127, pediatric whole blood, septic shock day 1 vs normal controls); up/down = genes up/down in septic shock vs control",DPY19L3,human symbol,1,mapped,
LOC100505584,1,septic-shock-up,,"Enrichr (Kuleshov 2016 NAR 44:W90) Disease_Perturbations_from_GEO_up/_down 'Septic Shock C0036983 human GSE9692 sample 307'; crowd-extracted GEO signature (Wang 2016 Nat Commun 7:12846); GSE9692 (Cvijanovich 2008 Physiol Genomics 34:127, pediatric whole blood, septic shock day 1 vs normal controls); up/down = genes up/down in septic shock vs control",,,1,unmapped: not found in MoTrPAC gene/protein annotation,
TRIP13,1,septic-shock-up,,"Enrichr (Kuleshov 2016 NAR 44:W90) Disease_Perturbations_from_GEO_up/_down 'Septic Shock C0036983 human GSE9692 sample 307'; crowd-extracted GEO signature (Wang 2016 Nat Commun 7:12846); GSE9692 (Cvijanovich 2008 Physiol Genomics 34:127, pediatric whole blood, septic shock day 1 vs normal controls); up/down = genes up/down in septic shock vs control",TRIP13,human symbol,1,mapped,
LOC643072,1,septic-shock-up,,"Enrichr (Kuleshov 2016 NAR 44:W90) Disease_Perturbations_from_GEO_up/_down 'Septic Shock C0036983 human GSE9692 sample 307'; crowd-extracted GEO signature (Wang 2016 Nat Commun 7:12846); GSE9692 (Cvijanovich 2008 Physiol Genomics 34:127, pediatric whole blood, septic shock day 1 vs normal controls); up/down = genes up/down in septic shock vs control",,,1,unmapped: not found in MoTrPAC gene/protein annotation,
SPC25,1,septic-shock-up,,"Enrichr (Kuleshov 2016 NAR 44:W90) Disease_Perturbations_from_GEO_up/_down 'Septic Shock C0036983 human GSE9692 sample 307'; crowd-extracted GEO signature (Wang 2016 Nat Commun 7:12846); GSE9692 (Cvijanovich 2008 Physiol Genomics 34:127, pediatric whole blood, septic shock day 1 vs normal controls); up/down = genes up/down in septic shock vs control",SPC25,human symbol,1,mapped,
VMP1,1,septic-shock-up,,"Enrichr (Kuleshov 2016 NAR 44:W90) Disease_Perturbations_from_GEO_up/_down 'Septic Shock C0036983 human GSE9692 sample 307'; crowd-extracted GEO signature (Wang 2016 Nat Commun 7:12846); GSE9692 (Cvijanovich 2008 Physiol Genomics 34:127, pediatric whole blood, septic shock day 1 vs normal controls); up/down = genes up/down in septic shock vs control",VMP1,human symbol,1,mapped,
C1QC,1,septic-shock-up,,"Enrichr (Kuleshov 2016 NAR 44:W90) Disease_Perturbations_from_GEO_up/_down 'Septic Shock C0036983 human GSE9692 sample 307'; crowd-extracted GEO signature (Wang 2016 Nat Commun 7:12846); GSE9692 (Cvijanovich 2008 Physiol Genomics 34:127, pediatric whole blood, septic shock day 1 vs normal controls); up/down = genes up/down in septic shock vs control",C1QC,human symbol,1,mapped,
HIP1,1,septic-shock-up,,"Enrichr (Kuleshov 2016 NAR 44:W90) Disease_Perturbations_from_GEO_up/_down 'Septic Shock C0036983 human GSE9692 sample 307'; crowd-extracted GEO signature (Wang 2016 Nat Commun 7:12846); GSE9692 (Cvijanovich 2008 Physiol Genomics 34:127, pediatric whole blood, septic shock day 1 vs normal controls); up/down = genes up/down in septic shock vs control",HIP1,human symbol,1,mapped,
DHRS13,1,septic-shock-up,,"Enrichr (Kuleshov 2016 NAR 44:W90) Disease_Perturbations_from_GEO_up/_down 'Septic Shock C0036983 human GSE9692 sample 307'; crowd-extracted GEO signature (Wang 2016 Nat Commun 7:12846); GSE9692 (Cvijanovich 2008 Physiol Genomics 34:127, pediatric whole blood, septic shock day 1 vs normal controls); up/down = genes up/down in septic shock vs control",DHRS13,human symbol,1,mapped,
C1QB,1,septic-shock-up,,"Enrichr (Kuleshov 2016 NAR 44:W90) Disease_Perturbations_from_GEO_up/_down 'Septic Shock C0036983 human GSE9692 sample 307'; crowd-extracted GEO signature (Wang 2016 Nat Commun 7:12846); GSE9692 (Cvijanovich 2008 Physiol Genomics 34:127, pediatric whole blood, septic shock day 1 vs normal controls); up/down = genes up/down in septic shock vs control",C1QB,human symbol,1,mapped,
ORM2,1,septic-shock-up,,"Enrichr (Kuleshov 2016 NAR 44:W90) Disease_Perturbations_from_GEO_up/_down 'Septic Shock C0036983 human GSE9692 sample 307'; crowd-extracted GEO signature (Wang 2016 Nat Commun 7:12846); GSE9692 (Cvijanovich 2008 Physiol Genomics 34:127, pediatric whole blood, septic shock day 1 vs normal controls); up/down = genes up/down in septic shock vs control",ORM2,human symbol,1,mapped,
C1QA,1,septic-shock-up,,"Enrichr (Kuleshov 2016 NAR 44:W90) Disease_Perturbations_from_GEO_up/_down 'Septic Shock C0036983 human GSE9692 sample 307'; crowd-extracted GEO signature (Wang 2016 Nat Commun 7:12846); GSE9692 (Cvijanovich 2008 Physiol Genomics 34:127, pediatric whole blood, septic shock day 1 vs normal controls); up/down = genes up/down in septic shock vs control",C1QA,human symbol,1,mapped,
CD63,1,septic-shock-up,,"Enrichr (Kuleshov 2016 NAR 44:W90) Disease_Perturbations_from_GEO_up/_down 'Septic Shock C0036983 human GSE9692 sample 307'; crowd-extracted GEO signature (Wang 2016 Nat Commun 7:12846); GSE9692 (Cvijanovich 2008 Physiol Genomics 34:127, pediatric whole blood, septic shock day 1 vs normal controls); up/down = genes up/down in septic shock vs control",CD63,human symbol,1,mapped,
ORM1,1,septic-shock-up,,"Enrichr (Kuleshov 2016 NAR 44:W90) Disease_Perturbations_from_GEO_up/_down 'Septic Shock C0036983 human GSE9692 sample 307'; crowd-extracted GEO signature (Wang 2016 Nat Commun 7:12846); GSE9692 (Cvijanovich 2008 Physiol Genomics 34:127, pediatric whole blood, septic shock day 1 vs normal controls); up/down = genes up/down in septic shock vs control",ORM1,human symbol,1,mapped,
NPL,1,septic-shock-up,,"Enrichr (Kuleshov 2016 NAR 44:W90) Disease_Perturbations_from_GEO_up/_down 'Septic Shock C0036983 human GSE9692 sample 307'; crowd-extracted GEO signature (Wang 2016 Nat Commun 7:12846); GSE9692 (Cvijanovich 2008 Physiol Genomics 34:127, pediatric whole blood, septic shock day 1 vs normal controls); up/down = genes up/down in septic shock vs control",NPL,human symbol,1,mapped,
MKI67,1,septic-shock-up,,"Enrichr (Kuleshov 2016 NAR 44:W90) Disease_Perturbations_from_GEO_up/_down 'Septic Shock C0036983 human GSE9692 sample 307'; crowd-extracted GEO signature (Wang 2016 Nat Commun 7:12846); GSE9692 (Cvijanovich 2008 Physiol Genomics 34:127, pediatric whole blood, septic shock day 1 vs normal controls); up/down = genes up/down in septic shock vs control",MKI67,human symbol,1,mapped,
LILRA2,1,septic-shock-up,,"Enrichr (Kuleshov 2016 NAR 44:W90) Disease_Perturbations_from_GEO_up/_down 'Septic Shock C0036983 human GSE9692 sample 307'; crowd-extracted GEO signature (Wang 2016 Nat Commun 7:12846); GSE9692 (Cvijanovich 2008 Physiol Genomics 34:127, pediatric whole blood, septic shock day 1 vs normal controls); up/down = genes up/down in septic shock vs control",LILRA2,human symbol,1,mapped,
LINC01270,1,septic-shock-up,,"Enrichr (Kuleshov 2016 NAR 44:W90) Disease_Perturbations_from_GEO_up/_down 'Septic Shock C0036983 human GSE9692 sample 307'; crowd-extracted GEO signature (Wang 2016 Nat Commun 7:12846); GSE9692 (Cvijanovich 2008 Physiol Genomics 34:127, pediatric whole blood, septic shock day 1 vs normal controls); up/down = genes up/down in septic shock vs control",LINC01270,human symbol,1,mapped,
LILRA5,1,septic-shock-up,,"Enrichr (Kuleshov 2016 NAR 44:W90) Disease_Perturbations_from_GEO_up/_down 'Septic Shock C0036983 human GSE9692 sample 307'; crowd-extracted GEO signature (Wang 2016 Nat Commun 7:12846); GSE9692 (Cvijanovich 2008 Physiol Genomics 34:127, pediatric whole blood, septic shock day 1 vs normal controls); up/down = genes up/down in septic shock vs control",LILRA5,human symbol,1,mapped,
SIPA1L2,1,septic-shock-up,,"Enrichr (Kuleshov 2016 NAR 44:W90) Disease_Perturbations_from_GEO_up/_down 'Septic Shock C0036983 human GSE9692 sample 307'; crowd-extracted GEO signature (Wang 2016 Nat Commun 7:12846); GSE9692 (Cvijanovich 2008 Physiol Genomics 34:127, pediatric whole blood, septic shock day 1 vs normal controls); up/down = genes up/down in septic shock vs control",SIPA1L2,human symbol,1,mapped,
CXCR1,1,septic-shock-up,,"Enrichr (Kuleshov 2016 NAR 44:W90) Disease_Perturbations_from_GEO_up/_down 'Septic Shock C0036983 human GSE9692 sample 307'; crowd-extracted GEO signature (Wang 2016 Nat Commun 7:12846); GSE9692 (Cvijanovich 2008 Physiol Genomics 34:127, pediatric whole blood, septic shock day 1 vs normal controls); up/down = genes up/down in septic shock vs control",CXCR1,human symbol,1,mapped,
CUX1,1,septic-shock-up,,"Enrichr (Kuleshov 2016 NAR 44:W90) Disease_Perturbations_from_GEO_up/_down 'Septic Shock C0036983 human GSE9692 sample 307'; crowd-extracted GEO signature (Wang 2016 Nat Commun 7:12846); GSE9692 (Cvijanovich 2008 Physiol Genomics 34:127, pediatric whole blood, septic shock day 1 vs normal controls); up/down = genes up/down in septic shock vs control",CUX1,human symbol,1,mapped,
NUSAP1,1,septic-shock-up,,"Enrichr (Kuleshov 2016 NAR 44:W90) Disease_Perturbations_from_GEO_up/_down 'Septic Shock C0036983 human GSE9692 sample 307'; crowd-extracted GEO signature (Wang 2016 Nat Commun 7:12846); GSE9692 (Cvijanovich 2008 Physiol Genomics 34:127, pediatric whole blood, septic shock day 1 vs normal controls); up/down = genes up/down in septic shock vs control",NUSAP1,human symbol,1,mapped,
MTX1,1,septic-shock-up,,"Enrichr (Kuleshov 2016 NAR 44:W90) Disease_Perturbations_from_GEO_up/_down 'Septic Shock C0036983 human GSE9692 sample 307'; crowd-extracted GEO signature (Wang 2016 Nat Commun 7:12846); GSE9692 (Cvijanovich 2008 Physiol Genomics 34:127, pediatric whole blood, septic shock day 1 vs normal controls); up/down = genes up/down in septic shock vs control",MTX1,human symbol,1,mapped,
CD59,1,septic-shock-up,,"Enrichr (Kuleshov 2016 NAR 44:W90) Disease_Perturbations_from_GEO_up/_down 'Septic Shock C0036983 human GSE9692 sample 307'; crowd-extracted GEO signature (Wang 2016 Nat Commun 7:12846); GSE9692 (Cvijanovich 2008 Physiol Genomics 34:127, pediatric whole blood, septic shock day 1 vs normal controls); up/down = genes up/down in septic shock vs control",CD59,human symbol,1,mapped,
METTL9,1,septic-shock-up,,"Enrichr (Kuleshov 2016 NAR 44:W90) Disease_Perturbations_from_GEO_up/_down 'Septic Shock C0036983 human GSE9692 sample 307'; crowd-extracted GEO signature (Wang 2016 Nat Commun 7:12846); GSE9692 (Cvijanovich 2008 Physiol Genomics 34:127, pediatric whole blood, septic shock day 1 vs normal controls); up/down = genes up/down in septic shock vs control",METTL9,human symbol,1,mapped,
CD58,1,septic-shock-up,,"Enrichr (Kuleshov 2016 NAR 44:W90) Disease_Perturbations_from_GEO_up/_down 'Septic Shock C0036983 human GSE9692 sample 307'; crowd-extracted GEO signature (Wang 2016 Nat Commun 7:12846); GSE9692 (Cvijanovich 2008 Physiol Genomics 34:127, pediatric whole blood, septic shock day 1 vs normal controls); up/down = genes up/down in septic shock vs control",CD58,human symbol,1,mapped,
AKAP10,1,septic-shock-up,,"Enrichr (Kuleshov 2016 NAR 44:W90) Disease_Perturbations_from_GEO_up/_down 'Septic Shock C0036983 human GSE9692 sample 307'; crowd-extracted GEO signature (Wang 2016 Nat Commun 7:12846); GSE9692 (Cvijanovich 2008 Physiol Genomics 34:127, pediatric whole blood, septic shock day 1 vs normal controls); up/down = genes up/down in septic shock vs control",AKAP10,human symbol,1,mapped,
ANKRD13A,1,septic-shock-up,,"Enrichr (Kuleshov 2016 NAR 44:W90) Disease_Perturbations_from_GEO_up/_down 'Septic Shock C0036983 human GSE9692 sample 307'; crowd-extracted GEO signature (Wang 2016 Nat Commun 7:12846); GSE9692 (Cvijanovich 2008 Physiol Genomics 34:127, pediatric whole blood, septic shock day 1 vs normal controls); up/down = genes up/down in septic shock vs control",ANKRD13A,human symbol,1,mapped,
ALYREF,1,septic-shock-up,,"Enrichr (Kuleshov 2016 NAR 44:W90) Disease_Perturbations_from_GEO_up/_down 'Septic Shock C0036983 human GSE9692 sample 307'; crowd-extracted GEO signature (Wang 2016 Nat Commun 7:12846); GSE9692 (Cvijanovich 2008 Physiol Genomics 34:127, pediatric whole blood, septic shock day 1 vs normal controls); up/down = genes up/down in septic shock vs control",ALYREF,human symbol,1,mapped,
AP5B1,1,septic-shock-up,,"Enrichr (Kuleshov 2016 NAR 44:W90) Disease_Perturbations_from_GEO_up/_down 'Septic Shock C0036983 human GSE9692 sample 307'; crowd-extracted GEO signature (Wang 2016 Nat Commun 7:12846); GSE9692 (Cvijanovich 2008 Physiol Genomics 34:127, pediatric whole blood, septic shock day 1 vs normal controls); up/down = genes up/down in septic shock vs control",AP5B1,human symbol,1,mapped,
PLCG1-AS1,1,septic-shock-up,,"Enrichr (Kuleshov 2016 NAR 44:W90) Disease_Perturbations_from_GEO_up/_down 'Septic Shock C0036983 human GSE9692 sample 307'; crowd-extracted GEO signature (Wang 2016 Nat Commun 7:12846); GSE9692 (Cvijanovich 2008 Physiol Genomics 34:127, pediatric whole blood, septic shock day 1 vs normal controls); up/down = genes up/down in septic shock vs control",PLCG1-AS1,human symbol,1,mapped,
OSCAR,1,septic-shock-up,,"Enrichr (Kuleshov 2016 NAR 44:W90) Disease_Perturbations_from_GEO_up/_down 'Septic Shock C0036983 human GSE9692 sample 307'; crowd-extracted GEO signature (Wang 2016 Nat Commun 7:12846); GSE9692 (Cvijanovich 2008 Physiol Genomics 34:127, pediatric whole blood, septic shock day 1 vs normal controls); up/down = genes up/down in septic shock vs control",OSCAR,human symbol,1,mapped,
GPRIN3,1,septic-shock-up,,"Enrichr (Kuleshov 2016 NAR 44:W90) Disease_Perturbations_from_GEO_up/_down 'Septic Shock C0036983 human GSE9692 sample 307'; crowd-extracted GEO signature (Wang 2016 Nat Commun 7:12846); GSE9692 (Cvijanovich 2008 Physiol Genomics 34:127, pediatric whole blood, septic shock day 1 vs normal controls); up/down = genes up/down in septic shock vs control",GPRIN3,human symbol,1,mapped,
IFI44L,1,septic-shock-up,,"Enrichr (Kuleshov 2016 NAR 44:W90) Disease_Perturbations_from_GEO_up/_down 'Septic Shock C0036983 human GSE9692 sample 307'; crowd-extracted GEO signature (Wang 2016 Nat Commun 7:12846); GSE9692 (Cvijanovich 2008 Physiol Genomics 34:127, pediatric whole blood, septic shock day 1 vs normal controls); up/down = genes up/down in septic shock vs control",IFI44L,human symbol,1,mapped,
TP53I3,1,septic-shock-up,,"Enrichr (Kuleshov 2016 NAR 44:W90) Disease_Perturbations_from_GEO_up/_down 'Septic Shock C0036983 human GSE9692 sample 307'; crowd-extracted GEO signature (Wang 2016 Nat Commun 7:12846); GSE9692 (Cvijanovich 2008 Physiol Genomics 34:127, pediatric whole blood, septic shock day 1 vs normal controls); up/down = genes up/down in septic shock vs control",TP53I3,human symbol,1,mapped,
CR1L,1,septic-shock-up,,"Enrichr (Kuleshov 2016 NAR 44:W90) Disease_Perturbations_from_GEO_up/_down 'Septic Shock C0036983 human GSE9692 sample 307'; crowd-extracted GEO signature (Wang 2016 Nat Commun 7:12846); GSE9692 (Cvijanovich 2008 Physiol Genomics 34:127, pediatric whole blood, septic shock day 1 vs normal controls); up/down = genes up/down in septic shock vs control",CR1L,human symbol,1,mapped,
BUB1B,1,septic-shock-up,,"Enrichr (Kuleshov 2016 NAR 44:W90) Disease_Perturbations_from_GEO_up/_down 'Septic Shock C0036983 human GSE9692 sample 307'; crowd-extracted GEO signature (Wang 2016 Nat Commun 7:12846); GSE9692 (Cvijanovich 2008 Physiol Genomics 34:127, pediatric whole blood, septic shock day 1 vs normal controls); up/down = genes up/down in septic shock vs control",BUB1B,human symbol,1,mapped,
KIF4A,1,septic-shock-up,,"Enrichr (Kuleshov 2016 NAR 44:W90) Disease_Perturbations_from_GEO_up/_down 'Septic Shock C0036983 human GSE9692 sample 307'; crowd-extracted GEO signature (Wang 2016 Nat Commun 7:12846); GSE9692 (Cvijanovich 2008 Physiol Genomics 34:127, pediatric whole blood, septic shock day 1 vs normal controls); up/down = genes up/down in septic shock vs control",KIF4A,human symbol,1,mapped,
WDFY3,1,septic-shock-up,,"Enrichr (Kuleshov 2016 NAR 44:W90) Disease_Perturbations_from_GEO_up/_down 'Septic Shock C0036983 human GSE9692 sample 307'; crowd-extracted GEO signature (Wang 2016 Nat Commun 7:12846); GSE9692 (Cvijanovich 2008 Physiol Genomics 34:127, pediatric whole blood, septic shock day 1 vs normal controls); up/down = genes up/down in septic shock vs control",WDFY3,human symbol,1,mapped,
SUCNR1,1,septic-shock-up,,"Enrichr (Kuleshov 2016 NAR 44:W90) Disease_Perturbations_from_GEO_up/_down 'Septic Shock C0036983 human GSE9692 sample 307'; crowd-extracted GEO signature (Wang 2016 Nat Commun 7:12846); GSE9692 (Cvijanovich 2008 Physiol Genomics 34:127, pediatric whole blood, septic shock day 1 vs normal controls); up/down = genes up/down in septic shock vs control",SUCNR1,human symbol,1,mapped,
AURKA,1,septic-shock-up,,"Enrichr (Kuleshov 2016 NAR 44:W90) Disease_Perturbations_from_GEO_up/_down 'Septic Shock C0036983 human GSE9692 sample 307'; crowd-extracted GEO signature (Wang 2016 Nat Commun 7:12846); GSE9692 (Cvijanovich 2008 Physiol Genomics 34:127, pediatric whole blood, septic shock day 1 vs normal controls); up/down = genes up/down in septic shock vs control",AURKA,human symbol,1,mapped,
NEXN,1,septic-shock-up,,"Enrichr (Kuleshov 2016 NAR 44:W90) Disease_Perturbations_from_GEO_up/_down 'Septic Shock C0036983 human GSE9692 sample 307'; crowd-extracted GEO signature (Wang 2016 Nat Commun 7:12846); GSE9692 (Cvijanovich 2008 Physiol Genomics 34:127, pediatric whole blood, septic shock day 1 vs normal controls); up/down = genes up/down in septic shock vs control",NEXN,human symbol,1,mapped,
MPO,1,septic-shock-up,,"Enrichr (Kuleshov 2016 NAR 44:W90) Disease_Perturbations_from_GEO_up/_down 'Septic Shock C0036983 human GSE9692 sample 307'; crowd-extracted GEO signature (Wang 2016 Nat Commun 7:12846); GSE9692 (Cvijanovich 2008 Physiol Genomics 34:127, pediatric whole blood, septic shock day 1 vs normal controls); up/down = genes up/down in septic shock vs control",MPO,human symbol,1,mapped,
BASP1,1,septic-shock-up,,"Enrichr (Kuleshov 2016 NAR 44:W90) Disease_Perturbations_from_GEO_up/_down 'Septic Shock C0036983 human GSE9692 sample 307'; crowd-extracted GEO signature (Wang 2016 Nat Commun 7:12846); GSE9692 (Cvijanovich 2008 Physiol Genomics 34:127, pediatric whole blood, septic shock day 1 vs normal controls); up/down = genes up/down in septic shock vs control",BASP1,human symbol,1,mapped,
CAPN3,1,septic-shock-up,,"Enrichr (Kuleshov 2016 NAR 44:W90) Disease_Perturbations_from_GEO_up/_down 'Septic Shock C0036983 human GSE9692 sample 307'; crowd-extracted GEO signature (Wang 2016 Nat Commun 7:12846); GSE9692 (Cvijanovich 2008 Physiol Genomics 34:127, pediatric whole blood, septic shock day 1 vs normal controls); up/down = genes up/down in septic shock vs control",CAPN3,human symbol,1,mapped,
PCNX,1,septic-shock-up,,"Enrichr (Kuleshov 2016 NAR 44:W90) Disease_Perturbations_from_GEO_up/_down 'Septic Shock C0036983 human GSE9692 sample 307'; crowd-extracted GEO signature (Wang 2016 Nat Commun 7:12846); GSE9692 (Cvijanovich 2008 Physiol Genomics 34:127, pediatric whole blood, septic shock day 1 vs normal controls); up/down = genes up/down in septic shock vs control",,,1,unmapped: not found in MoTrPAC gene/protein annotation,
HIST1H2AE,1,septic-shock-up,,"Enrichr (Kuleshov 2016 NAR 44:W90) Disease_Perturbations_from_GEO_up/_down 'Septic Shock C0036983 human GSE9692 sample 307'; crowd-extracted GEO signature (Wang 2016 Nat Commun 7:12846); GSE9692 (Cvijanovich 2008 Physiol Genomics 34:127, pediatric whole blood, septic shock day 1 vs normal controls); up/down = genes up/down in septic shock vs control",,,1,unmapped: not found in MoTrPAC gene/protein annotation,
PLGLB1,1,septic-shock-up,,"Enrichr (Kuleshov 2016 NAR 44:W90) Disease_Perturbations_from_GEO_up/_down 'Septic Shock C0036983 human GSE9692 sample 307'; crowd-extracted GEO signature (Wang 2016 Nat Commun 7:12846); GSE9692 (Cvijanovich 2008 Physiol Genomics 34:127, pediatric whole blood, septic shock day 1 vs normal controls); up/down = genes up/down in septic shock vs control",PLGLB1,human symbol,1,mapped,
ARHGEF40,1,septic-shock-up,,"Enrichr (Kuleshov 2016 NAR 44:W90) Disease_Perturbations_from_GEO_up/_down 'Septic Shock C0036983 human GSE9692 sample 307'; crowd-extracted GEO signature (Wang 2016 Nat Commun 7:12846); GSE9692 (Cvijanovich 2008 Physiol Genomics 34:127, pediatric whole blood, septic shock day 1 vs normal controls); up/down = genes up/down in septic shock vs control",ARHGEF40,human symbol,1,mapped,
HIST1H2AD,1,septic-shock-up,,"Enrichr (Kuleshov 2016 NAR 44:W90) Disease_Perturbations_from_GEO_up/_down 'Septic Shock C0036983 human GSE9692 sample 307'; crowd-extracted GEO signature (Wang 2016 Nat Commun 7:12846); GSE9692 (Cvijanovich 2008 Physiol Genomics 34:127, pediatric whole blood, septic shock day 1 vs normal controls); up/down = genes up/down in septic shock vs control",,,1,unmapped: not found in MoTrPAC gene/protein annotation,
LOC646470,1,septic-shock-up,,"Enrichr (Kuleshov 2016 NAR 44:W90) Disease_Perturbations_from_GEO_up/_down 'Septic Shock C0036983 human GSE9692 sample 307'; crowd-extracted GEO signature (Wang 2016 Nat Commun 7:12846); GSE9692 (Cvijanovich 2008 Physiol Genomics 34:127, pediatric whole blood, septic shock day 1 vs normal controls); up/down = genes up/down in septic shock vs control",,,1,unmapped: not found in MoTrPAC gene/protein annotation,
MGAM,1,septic-shock-up,,"Enrichr (Kuleshov 2016 NAR 44:W90) Disease_Perturbations_from_GEO_up/_down 'Septic Shock C0036983 human GSE9692 sample 307'; crowd-extracted GEO signature (Wang 2016 Nat Commun 7:12846); GSE9692 (Cvijanovich 2008 Physiol Genomics 34:127, pediatric whole blood, septic shock day 1 vs normal controls); up/down = genes up/down in septic shock vs control",MGAM,human symbol,1,mapped,
IGF2R,1,septic-shock-up,,"Enrichr (Kuleshov 2016 NAR 44:W90) Disease_Perturbations_from_GEO_up/_down 'Septic Shock C0036983 human GSE9692 sample 307'; crowd-extracted GEO signature (Wang 2016 Nat Commun 7:12846); GSE9692 (Cvijanovich 2008 Physiol Genomics 34:127, pediatric whole blood, septic shock day 1 vs normal controls); up/down = genes up/down in septic shock vs control",IGF2R,human symbol,1,mapped,
NABP1,1,septic-shock-up,,"Enrichr (Kuleshov 2016 NAR 44:W90) Disease_Perturbations_from_GEO_up/_down 'Septic Shock C0036983 human GSE9692 sample 307'; crowd-extracted GEO signature (Wang 2016 Nat Commun 7:12846); GSE9692 (Cvijanovich 2008 Physiol Genomics 34:127, pediatric whole blood, septic shock day 1 vs normal controls); up/down = genes up/down in septic shock vs control",NABP1,human symbol,1,mapped,
HGF,1,septic-shock-up,,"Enrichr (Kuleshov 2016 NAR 44:W90) Disease_Perturbations_from_GEO_up/_down 'Septic Shock C0036983 human GSE9692 sample 307'; crowd-extracted GEO signature (Wang 2016 Nat Commun 7:12846); GSE9692 (Cvijanovich 2008 Physiol Genomics 34:127, pediatric whole blood, septic shock day 1 vs normal controls); up/down = genes up/down in septic shock vs control",HGF,human symbol,1,mapped,
TDRD9,1,septic-shock-up,,"Enrichr (Kuleshov 2016 NAR 44:W90) Disease_Perturbations_from_GEO_up/_down 'Septic Shock C0036983 human GSE9692 sample 307'; crowd-extracted GEO signature (Wang 2016 Nat Commun 7:12846); GSE9692 (Cvijanovich 2008 Physiol Genomics 34:127, pediatric whole blood, septic shock day 1 vs normal controls); up/down = genes up/down in septic shock vs control",TDRD9,human symbol,1,mapped,
HIST2H2BE,1,septic-shock-up,,"Enrichr (Kuleshov 2016 NAR 44:W90) Disease_Perturbations_from_GEO_up/_down 'Septic Shock C0036983 human GSE9692 sample 307'; crowd-extracted GEO signature (Wang 2016 Nat Commun 7:12846); GSE9692 (Cvijanovich 2008 Physiol Genomics 34:127, pediatric whole blood, septic shock day 1 vs normal controls); up/down = genes up/down in septic shock vs control",H2BC11,rat symbol -> human ortholog (RGD),1,mapped,
CKAP4,1,septic-shock-up,,"Enrichr (Kuleshov 2016 NAR 44:W90) Disease_Perturbations_from_GEO_up/_down 'Septic Shock C0036983 human GSE9692 sample 307'; crowd-extracted GEO signature (Wang 2016 Nat Commun 7:12846); GSE9692 (Cvijanovich 2008 Physiol Genomics 34:127, pediatric whole blood, septic shock day 1 vs normal controls); up/down = genes up/down in septic shock vs control",CKAP4,human symbol,1,mapped,
CCNA2,1,septic-shock-up,,"Enrichr (Kuleshov 2016 NAR 44:W90) Disease_Perturbations_from_GEO_up/_down 'Septic Shock C0036983 human GSE9692 sample 307'; crowd-extracted GEO signature (Wang 2016 Nat Commun 7:12846); GSE9692 (Cvijanovich 2008 Physiol Genomics 34:127, pediatric whole blood, septic shock day 1 vs normal controls); up/down = genes up/down in septic shock vs control",CCNA2,human symbol,1,mapped,
SELP,1,septic-shock-up,,"Enrichr (Kuleshov 2016 NAR 44:W90) Disease_Perturbations_from_GEO_up/_down 'Septic Shock C0036983 human GSE9692 sample 307'; crowd-extracted GEO signature (Wang 2016 Nat Commun 7:12846); GSE9692 (Cvijanovich 2008 Physiol Genomics 34:127, pediatric whole blood, septic shock day 1 vs normal controls); up/down = genes up/down in septic shock vs control",SELP,human symbol,1,mapped,
DLGAP1-AS1,1,septic-shock-up,,"Enrichr (Kuleshov 2016 NAR 44:W90) Disease_Perturbations_from_GEO_up/_down 'Septic Shock C0036983 human GSE9692 sample 307'; crowd-extracted GEO signature (Wang 2016 Nat Commun 7:12846); GSE9692 (Cvijanovich 2008 Physiol Genomics 34:127, pediatric whole blood, septic shock day 1 vs normal controls); up/down = genes up/down in septic shock vs control",DLGAP1-AS1,human symbol,1,mapped,
COL6A3,1,septic-shock-up,,"Enrichr (Kuleshov 2016 NAR 44:W90) Disease_Perturbations_from_GEO_up/_down 'Septic Shock C0036983 human GSE9692 sample 307'; crowd-extracted GEO signature (Wang 2016 Nat Commun 7:12846); GSE9692 (Cvijanovich 2008 Physiol Genomics 34:127, pediatric whole blood, septic shock day 1 vs normal controls); up/down = genes up/down in septic shock vs control",COL6A3,human symbol,1,mapped,
ECRP,1,septic-shock-up,,"Enrichr (Kuleshov 2016 NAR 44:W90) Disease_Perturbations_from_GEO_up/_down 'Septic Shock C0036983 human GSE9692 sample 307'; crowd-extracted GEO signature (Wang 2016 Nat Commun 7:12846); GSE9692 (Cvijanovich 2008 Physiol Genomics 34:127, pediatric whole blood, septic shock day 1 vs normal controls); up/down = genes up/down in septic shock vs control",,,1,unmapped: not found in MoTrPAC gene/protein annotation,
FGF13,1,septic-shock-up,,"Enrichr (Kuleshov 2016 NAR 44:W90) Disease_Perturbations_from_GEO_up/_down 'Septic Shock C0036983 human GSE9692 sample 307'; crowd-extracted GEO signature (Wang 2016 Nat Commun 7:12846); GSE9692 (Cvijanovich 2008 Physiol Genomics 34:127, pediatric whole blood, septic shock day 1 vs normal controls); up/down = genes up/down in septic shock vs control",FGF13,human symbol,1,mapped,
CREB5,1,septic-shock-up,,"Enrichr (Kuleshov 2016 NAR 44:W90) Disease_Perturbations_from_GEO_up/_down 'Septic Shock C0036983 human GSE9692 sample 307'; crowd-extracted GEO signature (Wang 2016 Nat Commun 7:12846); GSE9692 (Cvijanovich 2008 Physiol Genomics 34:127, pediatric whole blood, septic shock day 1 vs normal controls); up/down = genes up/down in septic shock vs control",CREB5,human symbol,1,mapped,
CRISP3,1,septic-shock-up,,"Enrichr (Kuleshov 2016 NAR 44:W90) Disease_Perturbations_from_GEO_up/_down 'Septic Shock C0036983 human GSE9692 sample 307'; crowd-extracted GEO signature (Wang 2016 Nat Commun 7:12846); GSE9692 (Cvijanovich 2008 Physiol Genomics 34:127, pediatric whole blood, septic shock day 1 vs normal controls); up/down = genes up/down in septic shock vs control",CRISP3,human symbol,1,mapped,
C17orf99,1,septic-shock-up,,"Enrichr (Kuleshov 2016 NAR 44:W90) Disease_Perturbations_from_GEO_up/_down 'Septic Shock C0036983 human GSE9692 sample 307'; crowd-extracted GEO signature (Wang 2016 Nat Commun 7:12846); GSE9692 (Cvijanovich 2008 Physiol Genomics 34:127, pediatric whole blood, septic shock day 1 vs normal controls); up/down = genes up/down in septic shock vs control",C17orf99,human symbol,1,mapped,
SLC2A3,1,septic-shock-up,,"Enrichr (Kuleshov 2016 NAR 44:W90) Disease_Perturbations_from_GEO_up/_down 'Septic Shock C0036983 human GSE9692 sample 307'; crowd-extracted GEO signature (Wang 2016 Nat Commun 7:12846); GSE9692 (Cvijanovich 2008 Physiol Genomics 34:127, pediatric whole blood, septic shock day 1 vs normal controls); up/down = genes up/down in septic shock vs control",SLC2A3,human symbol,1,mapped,
ETS2,1,septic-shock-up,,"Enrichr (Kuleshov 2016 NAR 44:W90) Disease_Perturbations_from_GEO_up/_down 'Septic Shock C0036983 human GSE9692 sample 307'; crowd-extracted GEO signature (Wang 2016 Nat Commun 7:12846); GSE9692 (Cvijanovich 2008 Physiol Genomics 34:127, pediatric whole blood, septic shock day 1 vs normal controls); up/down = genes up/down in septic shock vs control",ETS2,human symbol,1,mapped,
HCAR3,1,septic-shock-up,,"Enrichr (Kuleshov 2016 NAR 44:W90) Disease_Perturbations_from_GEO_up/_down 'Septic Shock C0036983 human GSE9692 sample 307'; crowd-extracted GEO signature (Wang 2016 Nat Commun 7:12846); GSE9692 (Cvijanovich 2008 Physiol Genomics 34:127, pediatric whole blood, septic shock day 1 vs normal controls); up/down = genes up/down in septic shock vs control",HCAR3,human symbol,1,mapped,
ZCWPW2,1,septic-shock-up,,"Enrichr (Kuleshov 2016 NAR 44:W90) Disease_Perturbations_from_GEO_up/_down 'Septic Shock C0036983 human GSE9692 sample 307'; crowd-extracted GEO signature (Wang 2016 Nat Commun 7:12846); GSE9692 (Cvijanovich 2008 Physiol Genomics 34:127, pediatric whole blood, septic shock day 1 vs normal controls); up/down = genes up/down in septic shock vs control",ZCWPW2,human symbol,1,mapped,
RSPH10B2,1,septic-shock-up,,"Enrichr (Kuleshov 2016 NAR 44:W90) Disease_Perturbations_from_GEO_up/_down 'Septic Shock C0036983 human GSE9692 sample 307'; crowd-extracted GEO signature (Wang 2016 Nat Commun 7:12846); GSE9692 (Cvijanovich 2008 Physiol Genomics 34:127, pediatric whole blood, septic shock day 1 vs normal controls); up/down = genes up/down in septic shock vs control",RSPH10B2,human symbol,1,mapped,
IL18RAP,1,septic-shock-up,,"Enrichr (Kuleshov 2016 NAR 44:W90) Disease_Perturbations_from_GEO_up/_down 'Septic Shock C0036983 human GSE9692 sample 307'; crowd-extracted GEO signature (Wang 2016 Nat Commun 7:12846); GSE9692 (Cvijanovich 2008 Physiol Genomics 34:127, pediatric whole blood, septic shock day 1 vs normal controls); up/down = genes up/down in septic shock vs control",IL18RAP,human symbol,1,mapped,
GLT1D1,1,septic-shock-up,,"Enrichr (Kuleshov 2016 NAR 44:W90) Disease_Perturbations_from_GEO_up/_down 'Septic Shock C0036983 human GSE9692 sample 307'; crowd-extracted GEO signature (Wang 2016 Nat Commun 7:12846); GSE9692 (Cvijanovich 2008 Physiol Genomics 34:127, pediatric whole blood, septic shock day 1 vs normal controls); up/down = genes up/down in septic shock vs control",GLT1D1,human symbol,1,mapped,
EME1,1,septic-shock-up,,"Enrichr (Kuleshov 2016 NAR 44:W90) Disease_Perturbations_from_GEO_up/_down 'Septic Shock C0036983 human GSE9692 sample 307'; crowd-extracted GEO signature (Wang 2016 Nat Commun 7:12846); GSE9692 (Cvijanovich 2008 Physiol Genomics 34:127, pediatric whole blood, septic shock day 1 vs normal controls); up/down = genes up/down in septic shock vs control",EME1,human symbol,1,mapped,
CCNB1,1,septic-shock-up,,"Enrichr (Kuleshov 2016 NAR 44:W90) Disease_Perturbations_from_GEO_up/_down 'Septic Shock C0036983 human GSE9692 sample 307'; crowd-extracted GEO signature (Wang 2016 Nat Commun 7:12846); GSE9692 (Cvijanovich 2008 Physiol Genomics 34:127, pediatric whole blood, septic shock day 1 vs normal controls); up/down = genes up/down in septic shock vs control",CCNB1,human symbol,1,mapped,
FLOT2,1,septic-shock-up,,"Enrichr (Kuleshov 2016 NAR 44:W90) Disease_Perturbations_from_GEO_up/_down 'Septic Shock C0036983 human GSE9692 sample 307'; crowd-extracted GEO signature (Wang 2016 Nat Commun 7:12846); GSE9692 (Cvijanovich 2008 Physiol Genomics 34:127, pediatric whole blood, septic shock day 1 vs normal controls); up/down = genes up/down in septic shock vs control",FLOT2,human symbol,1,mapped,
FLOT1,1,septic-shock-up,,"Enrichr (Kuleshov 2016 NAR 44:W90) Disease_Perturbations_from_GEO_up/_down 'Septic Shock C0036983 human GSE9692 sample 307'; crowd-extracted GEO signature (Wang 2016 Nat Commun 7:12846); GSE9692 (Cvijanovich 2008 Physiol Genomics 34:127, pediatric whole blood, septic shock day 1 vs normal controls); up/down = genes up/down in septic shock vs control",FLOT1,human symbol,1,mapped,
MMP8,1,septic-shock-up,,"Enrichr (Kuleshov 2016 NAR 44:W90) Disease_Perturbations_from_GEO_up/_down 'Septic Shock C0036983 human GSE9692 sample 307'; crowd-extracted GEO signature (Wang 2016 Nat Commun 7:12846); GSE9692 (Cvijanovich 2008 Physiol Genomics 34:127, pediatric whole blood, septic shock day 1 vs normal controls); up/down = genes up/down in septic shock vs control",MMP8,human symbol,1,mapped,
GGH,1,septic-shock-up,,"Enrichr (Kuleshov 2016 NAR 44:W90) Disease_Perturbations_from_GEO_up/_down 'Septic Shock C0036983 human GSE9692 sample 307'; crowd-extracted GEO signature (Wang 2016 Nat Commun 7:12846); GSE9692 (Cvijanovich 2008 Physiol Genomics 34:127, pediatric whole blood, septic shock day 1 vs normal controls); up/down = genes up/down in septic shock vs control",GGH,human symbol,1,mapped,
LIMK2,1,septic-shock-up,,"Enrichr (Kuleshov 2016 NAR 44:W90) Disease_Perturbations_from_GEO_up/_down 'Septic Shock C0036983 human GSE9692 sample 307'; crowd-extracted GEO signature (Wang 2016 Nat Commun 7:12846); GSE9692 (Cvijanovich 2008 Physiol Genomics 34:127, pediatric whole blood, septic shock day 1 vs normal controls); up/down = genes up/down in septic shock vs control",LIMK2,human symbol,1,mapped,
H2BFS,1,septic-shock-up,,"Enrichr (Kuleshov 2016 NAR 44:W90) Disease_Perturbations_from_GEO_up/_down 'Septic Shock C0036983 human GSE9692 sample 307'; crowd-extracted GEO signature (Wang 2016 Nat Commun 7:12846); GSE9692 (Cvijanovich 2008 Physiol Genomics 34:127, pediatric whole blood, septic shock day 1 vs normal controls); up/down = genes up/down in septic shock vs control",,,1,unmapped: not found in MoTrPAC gene/protein annotation,
MMP9,1,septic-shock-up,,"Enrichr (Kuleshov 2016 NAR 44:W90) Disease_Perturbations_from_GEO_up/_down 'Septic Shock C0036983 human GSE9692 sample 307'; crowd-extracted GEO signature (Wang 2016 Nat Commun 7:12846); GSE9692 (Cvijanovich 2008 Physiol Genomics 34:127, pediatric whole blood, septic shock day 1 vs normal controls); up/down = genes up/down in septic shock vs control",MMP9,human symbol,1,mapped,
VCAN,1,septic-shock-up,,"Enrichr (Kuleshov 2016 NAR 44:W90) Disease_Perturbations_from_GEO_up/_down 'Septic Shock C0036983 human GSE9692 sample 307'; crowd-extracted GEO signature (Wang 2016 Nat Commun 7:12846); GSE9692 (Cvijanovich 2008 Physiol Genomics 34:127, pediatric whole blood, septic shock day 1 vs normal controls); up/down = genes up/down in septic shock vs control",VCAN,human symbol,1,mapped,
COQ2,1,septic-shock-up,,"Enrichr (Kuleshov 2016 NAR 44:W90) Disease_Perturbations_from_GEO_up/_down 'Septic Shock C0036983 human GSE9692 sample 307'; crowd-extracted GEO signature (Wang 2016 Nat Commun 7:12846); GSE9692 (Cvijanovich 2008 Physiol Genomics 34:127, pediatric whole blood, septic shock day 1 vs normal controls); up/down = genes up/down in septic shock vs control",COQ2,human symbol,1,mapped,
MMRN1,1,septic-shock-up,,"Enrichr (Kuleshov 2016 NAR 44:W90) Disease_Perturbations_from_GEO_up/_down 'Septic Shock C0036983 human GSE9692 sample 307'; crowd-extracted GEO signature (Wang 2016 Nat Commun 7:12846); GSE9692 (Cvijanovich 2008 Physiol Genomics 34:127, pediatric whole blood, septic shock day 1 vs normal controls); up/down = genes up/down in septic shock vs control",MMRN1,human symbol,1,mapped,
ACOX1,1,septic-shock-up,,"Enrichr (Kuleshov 2016 NAR 44:W90) Disease_Perturbations_from_GEO_up/_down 'Septic Shock C0036983 human GSE9692 sample 307'; crowd-extracted GEO signature (Wang 2016 Nat Commun 7:12846); GSE9692 (Cvijanovich 2008 Physiol Genomics 34:127, pediatric whole blood, septic shock day 1 vs normal controls); up/down = genes up/down in septic shock vs control",ACOX1,human symbol,1,mapped,
ALPL,1,septic-shock-up,,"Enrichr (Kuleshov 2016 NAR 44:W90) Disease_Perturbations_from_GEO_up/_down 'Septic Shock C0036983 human GSE9692 sample 307'; crowd-extracted GEO signature (Wang 2016 Nat Commun 7:12846); GSE9692 (Cvijanovich 2008 Physiol Genomics 34:127, pediatric whole blood, septic shock day 1 vs normal controls); up/down = genes up/down in septic shock vs control",ALPL,human symbol,1,mapped,
MANSC1,1,septic-shock-up,,"Enrichr (Kuleshov 2016 NAR 44:W90) Disease_Perturbations_from_GEO_up/_down 'Septic Shock C0036983 human GSE9692 sample 307'; crowd-extracted GEO signature (Wang 2016 Nat Commun 7:12846); GSE9692 (Cvijanovich 2008 Physiol Genomics 34:127, pediatric whole blood, septic shock day 1 vs normal controls); up/down = genes up/down in septic shock vs control",MANSC1,human symbol,1,mapped,
MS4A3,1,septic-shock-up,,"Enrichr (Kuleshov 2016 NAR 44:W90) Disease_Perturbations_from_GEO_up/_down 'Septic Shock C0036983 human GSE9692 sample 307'; crowd-extracted GEO signature (Wang 2016 Nat Commun 7:12846); GSE9692 (Cvijanovich 2008 Physiol Genomics 34:127, pediatric whole blood, septic shock day 1 vs normal controls); up/down = genes up/down in septic shock vs control",MS4A3,human symbol,1,mapped,
TMEM45B,1,septic-shock-up,,"Enrichr (Kuleshov 2016 NAR 44:W90) Disease_Perturbations_from_GEO_up/_down 'Septic Shock C0036983 human GSE9692 sample 307'; crowd-extracted GEO signature (Wang 2016 Nat Commun 7:12846); GSE9692 (Cvijanovich 2008 Physiol Genomics 34:127, pediatric whole blood, septic shock day 1 vs normal controls); up/down = genes up/down in septic shock vs control",TMEM45B,human symbol,1,mapped,
LTB4R,1,septic-shock-up,,"Enrichr (Kuleshov 2016 NAR 44:W90) Disease_Perturbations_from_GEO_up/_down 'Septic Shock C0036983 human GSE9692 sample 307'; crowd-extracted GEO signature (Wang 2016 Nat Commun 7:12846); GSE9692 (Cvijanovich 2008 Physiol Genomics 34:127, pediatric whole blood, septic shock day 1 vs normal controls); up/down = genes up/down in septic shock vs control",LTB4R,human symbol,1,mapped,
MCTP1,1,septic-shock-up,,"Enrichr (Kuleshov 2016 NAR 44:W90) Disease_Perturbations_from_GEO_up/_down 'Septic Shock C0036983 human GSE9692 sample 307'; crowd-extracted GEO signature (Wang 2016 Nat Commun 7:12846); GSE9692 (Cvijanovich 2008 Physiol Genomics 34:127, pediatric whole blood, septic shock day 1 vs normal controls); up/down = genes up/down in septic shock vs control",MCTP1,human symbol,1,mapped,
AGPAT9,1,septic-shock-up,,"Enrichr (Kuleshov 2016 NAR 44:W90) Disease_Perturbations_from_GEO_up/_down 'Septic Shock C0036983 human GSE9692 sample 307'; crowd-extracted GEO signature (Wang 2016 Nat Commun 7:12846); GSE9692 (Cvijanovich 2008 Physiol Genomics 34:127, pediatric whole blood, septic shock day 1 vs normal controls); up/down = genes up/down in septic shock vs control",,,1,unmapped: not found in MoTrPAC gene/protein annotation,
MCTP2,1,septic-shock-up,,"Enrichr (Kuleshov 2016 NAR 44:W90) Disease_Perturbations_from_GEO_up/_down 'Septic Shock C0036983 human GSE9692 sample 307'; crowd-extracted GEO signature (Wang 2016 Nat Commun 7:12846); GSE9692 (Cvijanovich 2008 Physiol Genomics 34:127, pediatric whole blood, septic shock day 1 vs normal controls); up/down = genes up/down in septic shock vs control",MCTP2,human symbol,1,mapped,
BCL2A1,1,septic-shock-up,,"Enrichr (Kuleshov 2016 NAR 44:W90) Disease_Perturbations_from_GEO_up/_down 'Septic Shock C0036983 human GSE9692 sample 307'; crowd-extracted GEO signature (Wang 2016 Nat Commun 7:12846); GSE9692 (Cvijanovich 2008 Physiol Genomics 34:127, pediatric whole blood, septic shock day 1 vs normal controls); up/down = genes up/down in septic shock vs control",BCL2A1,human symbol,1,mapped,
LMNB1,1,septic-shock-up,,"Enrichr (Kuleshov 2016 NAR 44:W90) Disease_Perturbations_from_GEO_up/_down 'Septic Shock C0036983 human GSE9692 sample 307'; crowd-extracted GEO signature (Wang 2016 Nat Commun 7:12846); GSE9692 (Cvijanovich 2008 Physiol Genomics 34:127, pediatric whole blood, septic shock day 1 vs normal controls); up/down = genes up/down in septic shock vs control",LMNB1,human symbol,1,mapped,
DHRS7B,1,septic-shock-up,,"Enrichr (Kuleshov 2016 NAR 44:W90) Disease_Perturbations_from_GEO_up/_down 'Septic Shock C0036983 human GSE9692 sample 307'; crowd-extracted GEO signature (Wang 2016 Nat Commun 7:12846); GSE9692 (Cvijanovich 2008 Physiol Genomics 34:127, pediatric whole blood, septic shock day 1 vs normal controls); up/down = genes up/down in septic shock vs control",DHRS7B,human symbol,1,mapped,
ST3GAL4-AS1,1,septic-shock-up,,"Enrichr (Kuleshov 2016 NAR 44:W90) Disease_Perturbations_from_GEO_up/_down 'Septic Shock C0036983 human GSE9692 sample 307'; crowd-extracted GEO signature (Wang 2016 Nat Commun 7:12846); GSE9692 (Cvijanovich 2008 Physiol Genomics 34:127, pediatric whole blood, septic shock day 1 vs normal controls); up/down = genes up/down in septic shock vs control",,,1,unmapped: not found in MoTrPAC gene/protein annotation,
LINC01093,1,septic-shock-up,,"Enrichr (Kuleshov 2016 NAR 44:W90) Disease_Perturbations_from_GEO_up/_down 'Septic Shock C0036983 human GSE9692 sample 307'; crowd-extracted GEO signature (Wang 2016 Nat Commun 7:12846); GSE9692 (Cvijanovich 2008 Physiol Genomics 34:127, pediatric whole blood, septic shock day 1 vs normal controls); up/down = genes up/down in septic shock vs control",LINC01093,human symbol,1,mapped,
CXCL1,1,septic-shock-up,,"Enrichr (Kuleshov 2016 NAR 44:W90) Disease_Perturbations_from_GEO_up/_down 'Septic Shock C0036983 human GSE9692 sample 307'; crowd-extracted GEO signature (Wang 2016 Nat Commun 7:12846); GSE9692 (Cvijanovich 2008 Physiol Genomics 34:127, pediatric whole blood, septic shock day 1 vs normal controls); up/down = genes up/down in septic shock vs control",CXCL1,human symbol,1,mapped,
LINC01094,1,septic-shock-up,,"Enrichr (Kuleshov 2016 NAR 44:W90) Disease_Perturbations_from_GEO_up/_down 'Septic Shock C0036983 human GSE9692 sample 307'; crowd-extracted GEO signature (Wang 2016 Nat Commun 7:12846); GSE9692 (Cvijanovich 2008 Physiol Genomics 34:127, pediatric whole blood, septic shock day 1 vs normal controls); up/down = genes up/down in septic shock vs control",LINC01094,human symbol,1,mapped,
HK3,1,septic-shock-up,,"Enrichr (Kuleshov 2016 NAR 44:W90) Disease_Perturbations_from_GEO_up/_down 'Septic Shock C0036983 human GSE9692 sample 307'; crowd-extracted GEO signature (Wang 2016 Nat Commun 7:12846); GSE9692 (Cvijanovich 2008 Physiol Genomics 34:127, pediatric whole blood, septic shock day 1 vs normal controls); up/down = genes up/down in septic shock vs control",HK3,human symbol,1,mapped,
PHTF1,1,septic-shock-up,,"Enrichr (Kuleshov 2016 NAR 44:W90) Disease_Perturbations_from_GEO_up/_down 'Septic Shock C0036983 human GSE9692 sample 307'; crowd-extracted GEO signature (Wang 2016 Nat Commun 7:12846); GSE9692 (Cvijanovich 2008 Physiol Genomics 34:127, pediatric whole blood, septic shock day 1 vs normal controls); up/down = genes up/down in septic shock vs control",PHTF1,human symbol,1,mapped,
HIST1H1T,1,septic-shock-up,,"Enrichr (Kuleshov 2016 NAR 44:W90) Disease_Perturbations_from_GEO_up/_down 'Septic Shock C0036983 human GSE9692 sample 307'; crowd-extracted GEO signature (Wang 2016 Nat Commun 7:12846); GSE9692 (Cvijanovich 2008 Physiol Genomics 34:127, pediatric whole blood, septic shock day 1 vs normal controls); up/down = genes up/down in septic shock vs control",,,1,unmapped: not found in MoTrPAC gene/protein annotation,
CA2,1,septic-shock-up,,"Enrichr (Kuleshov 2016 NAR 44:W90) Disease_Perturbations_from_GEO_up/_down 'Septic Shock C0036983 human GSE9692 sample 307'; crowd-extracted GEO signature (Wang 2016 Nat Commun 7:12846); GSE9692 (Cvijanovich 2008 Physiol Genomics 34:127, pediatric whole blood, septic shock day 1 vs normal controls); up/down = genes up/down in septic shock vs control",CA2,human symbol,1,mapped,
CA4,1,septic-shock-up,,"Enrichr (Kuleshov 2016 NAR 44:W90) Disease_Perturbations_from_GEO_up/_down 'Septic Shock C0036983 human GSE9692 sample 307'; crowd-extracted GEO signature (Wang 2016 Nat Commun 7:12846); GSE9692 (Cvijanovich 2008 Physiol Genomics 34:127, pediatric whole blood, septic shock day 1 vs normal controls); up/down = genes up/down in septic shock vs control",CA4,human symbol,1,mapped,
MKNK1,1,septic-shock-up,,"Enrichr (Kuleshov 2016 NAR 44:W90) Disease_Perturbations_from_GEO_up/_down 'Septic Shock C0036983 human GSE9692 sample 307'; crowd-extracted GEO signature (Wang 2016 Nat Commun 7:12846); GSE9692 (Cvijanovich 2008 Physiol Genomics 34:127, pediatric whole blood, septic shock day 1 vs normal controls); up/down = genes up/down in septic shock vs control",MKNK1,human symbol,1,mapped,
IRAK3,1,septic-shock-up,,"Enrichr (Kuleshov 2016 NAR 44:W90) Disease_Perturbations_from_GEO_up/_down 'Septic Shock C0036983 human GSE9692 sample 307'; crowd-extracted GEO signature (Wang 2016 Nat Commun 7:12846); GSE9692 (Cvijanovich 2008 Physiol Genomics 34:127, pediatric whole blood, septic shock day 1 vs normal controls); up/down = genes up/down in septic shock vs control",IRAK3,human symbol,1,mapped,
LONRF3,1,septic-shock-up,,"Enrichr (Kuleshov 2016 NAR 44:W90) Disease_Perturbations_from_GEO_up/_down 'Septic Shock C0036983 human GSE9692 sample 307'; crowd-extracted GEO signature (Wang 2016 Nat Commun 7:12846); GSE9692 (Cvijanovich 2008 Physiol Genomics 34:127, pediatric whole blood, septic shock day 1 vs normal controls); up/down = genes up/down in septic shock vs control",LONRF3,human symbol,1,mapped,
HIST1H1C,1,septic-shock-up,,"Enrichr (Kuleshov 2016 NAR 44:W90) Disease_Perturbations_from_GEO_up/_down 'Septic Shock C0036983 human GSE9692 sample 307'; crowd-extracted GEO signature (Wang 2016 Nat Commun 7:12846); GSE9692 (Cvijanovich 2008 Physiol Genomics 34:127, pediatric whole blood, septic shock day 1 vs normal controls); up/down = genes up/down in septic shock vs control",,,1,unmapped: not found in MoTrPAC gene/protein annotation,
KDM6B,1,septic-shock-up,,"Enrichr (Kuleshov 2016 NAR 44:W90) Disease_Perturbations_from_GEO_up/_down 'Septic Shock C0036983 human GSE9692 sample 307'; crowd-extracted GEO signature (Wang 2016 Nat Commun 7:12846); GSE9692 (Cvijanovich 2008 Physiol Genomics 34:127, pediatric whole blood, septic shock day 1 vs normal controls); up/down = genes up/down in septic shock vs control",KDM6B,human symbol,1,mapped,
LOC100509635,1,septic-shock-up,,"Enrichr (Kuleshov 2016 NAR 44:W90) Disease_Perturbations_from_GEO_up/_down 'Septic Shock C0036983 human GSE9692 sample 307'; crowd-extracted GEO signature (Wang 2016 Nat Commun 7:12846); GSE9692 (Cvijanovich 2008 Physiol Genomics 34:127, pediatric whole blood, septic shock day 1 vs normal controls); up/down = genes up/down in septic shock vs control",,,1,unmapped: not found in MoTrPAC gene/protein annotation,
HIST1H2AM,1,septic-shock-up,,"Enrichr (Kuleshov 2016 NAR 44:W90) Disease_Perturbations_from_GEO_up/_down 'Septic Shock C0036983 human GSE9692 sample 307'; crowd-extracted GEO signature (Wang 2016 Nat Commun 7:12846); GSE9692 (Cvijanovich 2008 Physiol Genomics 34:127, pediatric whole blood, septic shock day 1 vs normal controls); up/down = genes up/down in septic shock vs control",,,1,unmapped: not found in MoTrPAC gene/protein annotation,
RRM2,1,septic-shock-up,,"Enrichr (Kuleshov 2016 NAR 44:W90) Disease_Perturbations_from_GEO_up/_down 'Septic Shock C0036983 human GSE9692 sample 307'; crowd-extracted GEO signature (Wang 2016 Nat Commun 7:12846); GSE9692 (Cvijanovich 2008 Physiol Genomics 34:127, pediatric whole blood, septic shock day 1 vs normal controls); up/down = genes up/down in septic shock vs control",RRM2,human symbol,1,mapped,
ALOX5AP,1,septic-shock-up,,"Enrichr (Kuleshov 2016 NAR 44:W90) Disease_Perturbations_from_GEO_up/_down 'Septic Shock C0036983 human GSE9692 sample 307'; crowd-extracted GEO signature (Wang 2016 Nat Commun 7:12846); GSE9692 (Cvijanovich 2008 Physiol Genomics 34:127, pediatric whole blood, septic shock day 1 vs normal controls); up/down = genes up/down in septic shock vs control",ALOX5AP,human symbol,1,mapped,
FNDC3B,1,septic-shock-up,,"Enrichr (Kuleshov 2016 NAR 44:W90) Disease_Perturbations_from_GEO_up/_down 'Septic Shock C0036983 human GSE9692 sample 307'; crowd-extracted GEO signature (Wang 2016 Nat Commun 7:12846); GSE9692 (Cvijanovich 2008 Physiol Genomics 34:127, pediatric whole blood, septic shock day 1 vs normal controls); up/down = genes up/down in septic shock vs control",FNDC3B,human symbol,1,mapped,
SHCBP1,1,septic-shock-up,,"Enrichr (Kuleshov 2016 NAR 44:W90) Disease_Perturbations_from_GEO_up/_down 'Septic Shock C0036983 human GSE9692 sample 307'; crowd-extracted GEO signature (Wang 2016 Nat Commun 7:12846); GSE9692 (Cvijanovich 2008 Physiol Genomics 34:127, pediatric whole blood, septic shock day 1 vs normal controls); up/down = genes up/down in septic shock vs control",SHCBP1,human symbol,1,mapped,
SOD2,1,septic-shock-up,,"Enrichr (Kuleshov 2016 NAR 44:W90) Disease_Perturbations_from_GEO_up/_down 'Septic Shock C0036983 human GSE9692 sample 307'; crowd-extracted GEO signature (Wang 2016 Nat Commun 7:12846); GSE9692 (Cvijanovich 2008 Physiol Genomics 34:127, pediatric whole blood, septic shock day 1 vs normal controls); up/down = genes up/down in septic shock vs control",SOD2,human symbol,1,mapped,
AIM2,1,septic-shock-up,,"Enrichr (Kuleshov 2016 NAR 44:W90) Disease_Perturbations_from_GEO_up/_down 'Septic Shock C0036983 human GSE9692 sample 307'; crowd-extracted GEO signature (Wang 2016 Nat Commun 7:12846); GSE9692 (Cvijanovich 2008 Physiol Genomics 34:127, pediatric whole blood, septic shock day 1 vs normal controls); up/down = genes up/down in septic shock vs control",AIM2,human symbol,1,mapped,
DAAM2,1,septic-shock-up,,"Enrichr (Kuleshov 2016 NAR 44:W90) Disease_Perturbations_from_GEO_up/_down 'Septic Shock C0036983 human GSE9692 sample 307'; crowd-extracted GEO signature (Wang 2016 Nat Commun 7:12846); GSE9692 (Cvijanovich 2008 Physiol Genomics 34:127, pediatric whole blood, septic shock day 1 vs normal controls); up/down = genes up/down in septic shock vs control",DAAM2,human symbol,1,mapped,
HIST1H2BG,1,septic-shock-up,,"Enrichr (Kuleshov 2016 NAR 44:W90) Disease_Perturbations_from_GEO_up/_down 'Septic Shock C0036983 human GSE9692 sample 307'; crowd-extracted GEO signature (Wang 2016 Nat Commun 7:12846); GSE9692 (Cvijanovich 2008 Physiol Genomics 34:127, pediatric whole blood, septic shock day 1 vs normal controls); up/down = genes up/down in septic shock vs control",,,1,unmapped: not found in MoTrPAC gene/protein annotation,
HIST1H2BF,1,septic-shock-up,,"Enrichr (Kuleshov 2016 NAR 44:W90) Disease_Perturbations_from_GEO_up/_down 'Septic Shock C0036983 human GSE9692 sample 307'; crowd-extracted GEO signature (Wang 2016 Nat Commun 7:12846); GSE9692 (Cvijanovich 2008 Physiol Genomics 34:127, pediatric whole blood, septic shock day 1 vs normal controls); up/down = genes up/down in septic shock vs control",,,1,unmapped: not found in MoTrPAC gene/protein annotation,
S100P,1,septic-shock-up,,"Enrichr (Kuleshov 2016 NAR 44:W90) Disease_Perturbations_from_GEO_up/_down 'Septic Shock C0036983 human GSE9692 sample 307'; crowd-extracted GEO signature (Wang 2016 Nat Commun 7:12846); GSE9692 (Cvijanovich 2008 Physiol Genomics 34:127, pediatric whole blood, septic shock day 1 vs normal controls); up/down = genes up/down in septic shock vs control",S100P,human symbol,1,mapped,
HIST1H2BH,1,septic-shock-up,,"Enrichr (Kuleshov 2016 NAR 44:W90) Disease_Perturbations_from_GEO_up/_down 'Septic Shock C0036983 human GSE9692 sample 307'; crowd-extracted GEO signature (Wang 2016 Nat Commun 7:12846); GSE9692 (Cvijanovich 2008 Physiol Genomics 34:127, pediatric whole blood, septic shock day 1 vs normal controls); up/down = genes up/down in septic shock vs control",,,1,unmapped: not found in MoTrPAC gene/protein annotation,
LTF,1,septic-shock-up,,"Enrichr (Kuleshov 2016 NAR 44:W90) Disease_Perturbations_from_GEO_up/_down 'Septic Shock C0036983 human GSE9692 sample 307'; crowd-extracted GEO signature (Wang 2016 Nat Commun 7:12846); GSE9692 (Cvijanovich 2008 Physiol Genomics 34:127, pediatric whole blood, septic shock day 1 vs normal controls); up/down = genes up/down in septic shock vs control",LTF,human symbol,1,mapped,
HIST1H2BC,1,septic-shock-up,,"Enrichr (Kuleshov 2016 NAR 44:W90) Disease_Perturbations_from_GEO_up/_down 'Septic Shock C0036983 human GSE9692 sample 307'; crowd-extracted GEO signature (Wang 2016 Nat Commun 7:12846); GSE9692 (Cvijanovich 2008 Physiol Genomics 34:127, pediatric whole blood, septic shock day 1 vs normal controls); up/down = genes up/down in septic shock vs control",,,1,unmapped: not found in MoTrPAC gene/protein annotation,
B4GALT5,1,septic-shock-up,,"Enrichr (Kuleshov 2016 NAR 44:W90) Disease_Perturbations_from_GEO_up/_down 'Septic Shock C0036983 human GSE9692 sample 307'; crowd-extracted GEO signature (Wang 2016 Nat Commun 7:12846); GSE9692 (Cvijanovich 2008 Physiol Genomics 34:127, pediatric whole blood, septic shock day 1 vs normal controls); up/down = genes up/down in septic shock vs control",B4GALT5,human symbol,1,mapped,
HIST1H2BE,1,septic-shock-up,,"Enrichr (Kuleshov 2016 NAR 44:W90) Disease_Perturbations_from_GEO_up/_down 'Septic Shock C0036983 human GSE9692 sample 307'; crowd-extracted GEO signature (Wang 2016 Nat Commun 7:12846); GSE9692 (Cvijanovich 2008 Physiol Genomics 34:127, pediatric whole blood, septic shock day 1 vs normal controls); up/down = genes up/down in septic shock vs control",,,1,unmapped: not found in MoTrPAC gene/protein annotation,
HIST1H2BD,1,septic-shock-up,,"Enrichr (Kuleshov 2016 NAR 44:W90) Disease_Perturbations_from_GEO_up/_down 'Septic Shock C0036983 human GSE9692 sample 307'; crowd-extracted GEO signature (Wang 2016 Nat Commun 7:12846); GSE9692 (Cvijanovich 2008 Physiol Genomics 34:127, pediatric whole blood, septic shock day 1 vs normal controls); up/down = genes up/down in septic shock vs control",H2BC5,rat symbol -> human ortholog (RGD),1,mapped,
PRO2852,1,septic-shock-up,,"Enrichr (Kuleshov 2016 NAR 44:W90) Disease_Perturbations_from_GEO_up/_down 'Septic Shock C0036983 human GSE9692 sample 307'; crowd-extracted GEO signature (Wang 2016 Nat Commun 7:12846); GSE9692 (Cvijanovich 2008 Physiol Genomics 34:127, pediatric whole blood, septic shock day 1 vs normal controls); up/down = genes up/down in septic shock vs control",,,1,unmapped: not found in MoTrPAC gene/protein annotation,
TUFT1,1,septic-shock-up,,"Enrichr (Kuleshov 2016 NAR 44:W90) Disease_Perturbations_from_GEO_up/_down 'Septic Shock C0036983 human GSE9692 sample 307'; crowd-extracted GEO signature (Wang 2016 Nat Commun 7:12846); GSE9692 (Cvijanovich 2008 Physiol Genomics 34:127, pediatric whole blood, septic shock day 1 vs normal controls); up/down = genes up/down in septic shock vs control",TUFT1,human symbol,1,mapped,
THBS1,1,septic-shock-up,,"Enrichr (Kuleshov 2016 NAR 44:W90) Disease_Perturbations_from_GEO_up/_down 'Septic Shock C0036983 human GSE9692 sample 307'; crowd-extracted GEO signature (Wang 2016 Nat Commun 7:12846); GSE9692 (Cvijanovich 2008 Physiol Genomics 34:127, pediatric whole blood, septic shock day 1 vs normal controls); up/down = genes up/down in septic shock vs control",THBS1,human symbol,1,mapped,
VSIG4,1,septic-shock-up,,"Enrichr (Kuleshov 2016 NAR 44:W90) Disease_Perturbations_from_GEO_up/_down 'Septic Shock C0036983 human GSE9692 sample 307'; crowd-extracted GEO signature (Wang 2016 Nat Commun 7:12846); GSE9692 (Cvijanovich 2008 Physiol Genomics 34:127, pediatric whole blood, septic shock day 1 vs normal controls); up/down = genes up/down in septic shock vs control",VSIG4,human symbol,1,mapped,
KCNF1,-1,septic-shock-down,,"Enrichr (Kuleshov 2016 NAR 44:W90) Disease_Perturbations_from_GEO_up/_down 'Septic Shock C0036983 human GSE9692 sample 307'; crowd-extracted GEO signature (Wang 2016 Nat Commun 7:12846); GSE9692 (Cvijanovich 2008 Physiol Genomics 34:127, pediatric whole blood, septic shock day 1 vs normal controls); up/down = genes up/down in septic shock vs control",KCNF1,human symbol,-1,mapped,
HS3ST1,-1,septic-shock-down,,"Enrichr (Kuleshov 2016 NAR 44:W90) Disease_Perturbations_from_GEO_up/_down 'Septic Shock C0036983 human GSE9692 sample 307'; crowd-extracted GEO signature (Wang 2016 Nat Commun 7:12846); GSE9692 (Cvijanovich 2008 Physiol Genomics 34:127, pediatric whole blood, septic shock day 1 vs normal controls); up/down = genes up/down in septic shock vs control",HS3ST1,human symbol,-1,mapped,
EOMES,-1,septic-shock-down,,"Enrichr (Kuleshov 2016 NAR 44:W90) Disease_Perturbations_from_GEO_up/_down 'Septic Shock C0036983 human GSE9692 sample 307'; crowd-extracted GEO signature (Wang 2016 Nat Commun 7:12846); GSE9692 (Cvijanovich 2008 Physiol Genomics 34:127, pediatric whole blood, septic shock day 1 vs normal controls); up/down = genes up/down in septic shock vs control",EOMES,human symbol,-1,mapped,
EIF1AY,-1,septic-shock-down,,"Enrichr (Kuleshov 2016 NAR 44:W90) Disease_Perturbations_from_GEO_up/_down 'Septic Shock C0036983 human GSE9692 sample 307'; crowd-extracted GEO signature (Wang 2016 Nat Commun 7:12846); GSE9692 (Cvijanovich 2008 Physiol Genomics 34:127, pediatric whole blood, septic shock day 1 vs normal controls); up/down = genes up/down in septic shock vs control",EIF1AY,human symbol,-1,mapped,
LRRN3,-1,septic-shock-down,,"Enrichr (Kuleshov 2016 NAR 44:W90) Disease_Perturbations_from_GEO_up/_down 'Septic Shock C0036983 human GSE9692 sample 307'; crowd-extracted GEO signature (Wang 2016 Nat Commun 7:12846); GSE9692 (Cvijanovich 2008 Physiol Genomics 34:127, pediatric whole blood, septic shock day 1 vs normal controls); up/down = genes up/down in septic shock vs control",LRRN3,human symbol,-1,mapped,
AOC1,-1,septic-shock-down,,"Enrichr (Kuleshov 2016 NAR 44:W90) Disease_Perturbations_from_GEO_up/_down 'Septic Shock C0036983 human GSE9692 sample 307'; crowd-extracted GEO signature (Wang 2016 Nat Commun 7:12846); GSE9692 (Cvijanovich 2008 Physiol Genomics 34:127, pediatric whole blood, septic shock day 1 vs normal controls); up/down = genes up/down in septic shock vs control",AOC1,human symbol,-1,mapped,
CD160,-1,septic-shock-down,,"Enrichr (Kuleshov 2016 NAR 44:W90) Disease_Perturbations_from_GEO_up/_down 'Septic Shock C0036983 human GSE9692 sample 307'; crowd-extracted GEO signature (Wang 2016 Nat Commun 7:12846); GSE9692 (Cvijanovich 2008 Physiol Genomics 34:127, pediatric whole blood, septic shock day 1 vs normal controls); up/down = genes up/down in septic shock vs control",CD160,human symbol,-1,mapped,
LOC285812,-1,septic-shock-down,,"Enrichr (Kuleshov 2016 NAR 44:W90) Disease_Perturbations_from_GEO_up/_down 'Septic Shock C0036983 human GSE9692 sample 307'; crowd-extracted GEO signature (Wang 2016 Nat Commun 7:12846); GSE9692 (Cvijanovich 2008 Physiol Genomics 34:127, pediatric whole blood, septic shock day 1 vs normal controls); up/down = genes up/down in septic shock vs control",,,-1,unmapped: not found in MoTrPAC gene/protein annotation,
GPR56,-1,septic-shock-down,,"Enrichr (Kuleshov 2016 NAR 44:W90) Disease_Perturbations_from_GEO_up/_down 'Septic Shock C0036983 human GSE9692 sample 307'; crowd-extracted GEO signature (Wang 2016 Nat Commun 7:12846); GSE9692 (Cvijanovich 2008 Physiol Genomics 34:127, pediatric whole blood, septic shock day 1 vs normal controls); up/down = genes up/down in septic shock vs control",,,-1,unmapped: not found in MoTrPAC gene/protein annotation,
EBF1,-1,septic-shock-down,,"Enrichr (Kuleshov 2016 NAR 44:W90) Disease_Perturbations_from_GEO_up/_down 'Septic Shock C0036983 human GSE9692 sample 307'; crowd-extracted GEO signature (Wang 2016 Nat Commun 7:12846); GSE9692 (Cvijanovich 2008 Physiol Genomics 34:127, pediatric whole blood, septic shock day 1 vs normal controls); up/down = genes up/down in septic shock vs control",EBF1,human symbol,-1,mapped,
PCDH9,-1,septic-shock-down,,"Enrichr (Kuleshov 2016 NAR 44:W90) Disease_Perturbations_from_GEO_up/_down 'Septic Shock C0036983 human GSE9692 sample 307'; crowd-extracted GEO signature (Wang 2016 Nat Commun 7:12846); GSE9692 (Cvijanovich 2008 Physiol Genomics 34:127, pediatric whole blood, septic shock day 1 vs normal controls); up/down = genes up/down in septic shock vs control",PCDH9,human symbol,-1,mapped,
CTSLP8,-1,septic-shock-down,,"Enrichr (Kuleshov 2016 NAR 44:W90) Disease_Perturbations_from_GEO_up/_down 'Septic Shock C0036983 human GSE9692 sample 307'; crowd-extracted GEO signature (Wang 2016 Nat Commun 7:12846); GSE9692 (Cvijanovich 2008 Physiol Genomics 34:127, pediatric whole blood, septic shock day 1 vs normal controls); up/down = genes up/down in septic shock vs control",,,-1,unmapped: not found in MoTrPAC gene/protein annotation,
FEZ1,-1,septic-shock-down,,"Enrichr (Kuleshov 2016 NAR 44:W90) Disease_Perturbations_from_GEO_up/_down 'Septic Shock C0036983 human GSE9692 sample 307'; crowd-extracted GEO signature (Wang 2016 Nat Commun 7:12846); GSE9692 (Cvijanovich 2008 Physiol Genomics 34:127, pediatric whole blood, septic shock day 1 vs normal controls); up/down = genes up/down in septic shock vs control",FEZ1,human symbol,-1,mapped,
IFI27,-1,septic-shock-down,,"Enrichr (Kuleshov 2016 NAR 44:W90) Disease_Perturbations_from_GEO_up/_down 'Septic Shock C0036983 human GSE9692 sample 307'; crowd-extracted GEO signature (Wang 2016 Nat Commun 7:12846); GSE9692 (Cvijanovich 2008 Physiol Genomics 34:127, pediatric whole blood, septic shock day 1 vs normal controls); up/down = genes up/down in septic shock vs control",IFI27,human symbol,-1,mapped,
XIST,-1,septic-shock-down,,"Enrichr (Kuleshov 2016 NAR 44:W90) Disease_Perturbations_from_GEO_up/_down 'Septic Shock C0036983 human GSE9692 sample 307'; crowd-extracted GEO signature (Wang 2016 Nat Commun 7:12846); GSE9692 (Cvijanovich 2008 Physiol Genomics 34:127, pediatric whole blood, septic shock day 1 vs normal controls); up/down = genes up/down in septic shock vs control",XIST,human symbol,-1,mapped,
CLC,-1,septic-shock-down,,"Enrichr (Kuleshov 2016 NAR 44:W90) Disease_Perturbations_from_GEO_up/_down 'Septic Shock C0036983 human GSE9692 sample 307'; crowd-extracted GEO signature (Wang 2016 Nat Commun 7:12846); GSE9692 (Cvijanovich 2008 Physiol Genomics 34:127, pediatric whole blood, septic shock day 1 vs normal controls); up/down = genes up/down in septic shock vs control",CLC,human symbol,-1,mapped,
KLRD1,-1,septic-shock-down,,"Enrichr (Kuleshov 2016 NAR 44:W90) Disease_Perturbations_from_GEO_up/_down 'Septic Shock C0036983 human GSE9692 sample 307'; crowd-extracted GEO signature (Wang 2016 Nat Commun 7:12846); GSE9692 (Cvijanovich 2008 Physiol Genomics 34:127, pediatric whole blood, septic shock day 1 vs normal controls); up/down = genes up/down in septic shock vs control",KLRD1,human symbol,-1,mapped,
RNF182,-1,septic-shock-down,,"Enrichr (Kuleshov 2016 NAR 44:W90) Disease_Perturbations_from_GEO_up/_down 'Septic Shock C0036983 human GSE9692 sample 307'; crowd-extracted GEO signature (Wang 2016 Nat Commun 7:12846); GSE9692 (Cvijanovich 2008 Physiol Genomics 34:127, pediatric whole blood, septic shock day 1 vs normal controls); up/down = genes up/down in septic shock vs control",RNF182,human symbol,-1,mapped,
UTS2,-1,septic-shock-down,,"Enrichr (Kuleshov 2016 NAR 44:W90) Disease_Perturbations_from_GEO_up/_down 'Septic Shock C0036983 human GSE9692 sample 307'; crowd-extracted GEO signature (Wang 2016 Nat Commun 7:12846); GSE9692 (Cvijanovich 2008 Physiol Genomics 34:127, pediatric whole blood, septic shock day 1 vs normal controls); up/down = genes up/down in septic shock vs control",UTS2,human symbol,-1,mapped,
SRSF6,-1,septic-shock-down,,"Enrichr (Kuleshov 2016 NAR 44:W90) Disease_Perturbations_from_GEO_up/_down 'Septic Shock C0036983 human GSE9692 sample 307'; crowd-extracted GEO signature (Wang 2016 Nat Commun 7:12846); GSE9692 (Cvijanovich 2008 Physiol Genomics 34:127, pediatric whole blood, septic shock day 1 vs normal controls); up/down = genes up/down in septic shock vs control",SRSF6,human symbol,-1,mapped,
CD200,-1,septic-shock-down,,"Enrichr (Kuleshov 2016 NAR 44:W90) Disease_Perturbations_from_GEO_up/_down 'Septic Shock C0036983 human GSE9692 sample 307'; crowd-extracted GEO signature (Wang 2016 Nat Commun 7:12846); GSE9692 (Cvijanovich 2008 Physiol Genomics 34:127, pediatric whole blood, septic shock day 1 vs normal controls); up/down = genes up/down in septic shock vs control",CD200,human symbol,-1,mapped,
CLDND2,-1,septic-shock-down,,"Enrichr (Kuleshov 2016 NAR 44:W90) Disease_Perturbations_from_GEO_up/_down 'Septic Shock C0036983 human GSE9692 sample 307'; crowd-extracted GEO signature (Wang 2016 Nat Commun 7:12846); GSE9692 (Cvijanovich 2008 Physiol Genomics 34:127, pediatric whole blood, septic shock day 1 vs normal controls); up/down = genes up/down in septic shock vs control",CLDND2,human symbol,-1,mapped,
ANKRD36,-1,septic-shock-down,,"Enrichr (Kuleshov 2016 NAR 44:W90) Disease_Perturbations_from_GEO_up/_down 'Septic Shock C0036983 human GSE9692 sample 307'; crowd-extracted GEO signature (Wang 2016 Nat Commun 7:12846); GSE9692 (Cvijanovich 2008 Physiol Genomics 34:127, pediatric whole blood, septic shock day 1 vs normal controls); up/down = genes up/down in septic shock vs control",ANKRD36,human symbol,-1,mapped,
TUSC5,-1,septic-shock-down,,"Enrichr (Kuleshov 2016 NAR 44:W90) Disease_Perturbations_from_GEO_up/_down 'Septic Shock C0036983 human GSE9692 sample 307'; crowd-extracted GEO signature (Wang 2016 Nat Commun 7:12846); GSE9692 (Cvijanovich 2008 Physiol Genomics 34:127, pediatric whole blood, septic shock day 1 vs normal controls); up/down = genes up/down in septic shock vs control",,,-1,unmapped: not found in MoTrPAC gene/protein annotation,
C4BPA,-1,septic-shock-down,,"Enrichr (Kuleshov 2016 NAR 44:W90) Disease_Perturbations_from_GEO_up/_down 'Septic Shock C0036983 human GSE9692 sample 307'; crowd-extracted GEO signature (Wang 2016 Nat Commun 7:12846); GSE9692 (Cvijanovich 2008 Physiol Genomics 34:127, pediatric whole blood, septic shock day 1 vs normal controls); up/down = genes up/down in septic shock vs control",C4BPA,human symbol,-1,mapped,
RPS4Y1,-1,septic-shock-down,,"Enrichr (Kuleshov 2016 NAR 44:W90) Disease_Perturbations_from_GEO_up/_down 'Septic Shock C0036983 human GSE9692 sample 307'; crowd-extracted GEO signature (Wang 2016 Nat Commun 7:12846); GSE9692 (Cvijanovich 2008 Physiol Genomics 34:127, pediatric whole blood, septic shock day 1 vs normal controls); up/down = genes up/down in septic shock vs control",RPS4Y1,human symbol,-1,mapped,
LOC286087,-1,septic-shock-down,,"Enrichr (Kuleshov 2016 NAR 44:W90) Disease_Perturbations_from_GEO_up/_down 'Septic Shock C0036983 human GSE9692 sample 307'; crowd-extracted GEO signature (Wang 2016 Nat Commun 7:12846); GSE9692 (Cvijanovich 2008 Physiol Genomics 34:127, pediatric whole blood, septic shock day 1 vs normal controls); up/down = genes up/down in septic shock vs control",,,-1,unmapped: not found in MoTrPAC gene/protein annotation,
LOC101928893,-1,septic-shock-down,,"Enrichr (Kuleshov 2016 NAR 44:W90) Disease_Perturbations_from_GEO_up/_down 'Septic Shock C0036983 human GSE9692 sample 307'; crowd-extracted GEO signature (Wang 2016 Nat Commun 7:12846); GSE9692 (Cvijanovich 2008 Physiol Genomics 34:127, pediatric whole blood, septic shock day 1 vs normal controls); up/down = genes up/down in septic shock vs control",,,-1,unmapped: not found in MoTrPAC gene/protein annotation,
FLJ12120,-1,septic-shock-down,,"Enrichr (Kuleshov 2016 NAR 44:W90) Disease_Perturbations_from_GEO_up/_down 'Septic Shock C0036983 human GSE9692 sample 307'; crowd-extracted GEO signature (Wang 2016 Nat Commun 7:12846); GSE9692 (Cvijanovich 2008 Physiol Genomics 34:127, pediatric whole blood, septic shock day 1 vs normal controls); up/down = genes up/down in septic shock vs control",,,-1,unmapped: not found in MoTrPAC gene/protein annotation,
GNG8,-1,septic-shock-down,,"Enrichr (Kuleshov 2016 NAR 44:W90) Disease_Perturbations_from_GEO_up/_down 'Septic Shock C0036983 human GSE9692 sample 307'; crowd-extracted GEO signature (Wang 2016 Nat Commun 7:12846); GSE9692 (Cvijanovich 2008 Physiol Genomics 34:127, pediatric whole blood, septic shock day 1 vs normal controls); up/down = genes up/down in septic shock vs control",GNG8,human symbol,-1,mapped,
SLAMF7,-1,septic-shock-down,,"Enrichr (Kuleshov 2016 NAR 44:W90) Disease_Perturbations_from_GEO_up/_down 'Septic Shock C0036983 human GSE9692 sample 307'; crowd-extracted GEO signature (Wang 2016 Nat Commun 7:12846); GSE9692 (Cvijanovich 2008 Physiol Genomics 34:127, pediatric whole blood, septic shock day 1 vs normal controls); up/down = genes up/down in septic shock vs control",SLAMF7,human symbol,-1,mapped,
SNCA,-1,septic-shock-down,,"Enrichr (Kuleshov 2016 NAR 44:W90) Disease_Perturbations_from_GEO_up/_down 'Septic Shock C0036983 human GSE9692 sample 307'; crowd-extracted GEO signature (Wang 2016 Nat Commun 7:12846); GSE9692 (Cvijanovich 2008 Physiol Genomics 34:127, pediatric whole blood, septic shock day 1 vs normal controls); up/down = genes up/down in septic shock vs control",SNCA,human symbol,-1,mapped,
PTGDR,-1,septic-shock-down,,"Enrichr (Kuleshov 2016 NAR 44:W90) Disease_Perturbations_from_GEO_up/_down 'Septic Shock C0036983 human GSE9692 sample 307'; crowd-extracted GEO signature (Wang 2016 Nat Commun 7:12846); GSE9692 (Cvijanovich 2008 Physiol Genomics 34:127, pediatric whole blood, septic shock day 1 vs normal controls); up/down = genes up/down in septic shock vs control",PTGDR,human symbol,-1,mapped,
CPA3,-1,septic-shock-down,,"Enrichr (Kuleshov 2016 NAR 44:W90) Disease_Perturbations_from_GEO_up/_down 'Septic Shock C0036983 human GSE9692 sample 307'; crowd-extracted GEO signature (Wang 2016 Nat Commun 7:12846); GSE9692 (Cvijanovich 2008 Physiol Genomics 34:127, pediatric whole blood, septic shock day 1 vs normal controls); up/down = genes up/down in septic shock vs control",CPA3,human symbol,-1,mapped,
NKG7,-1,septic-shock-down,,"Enrichr (Kuleshov 2016 NAR 44:W90) Disease_Perturbations_from_GEO_up/_down 'Septic Shock C0036983 human GSE9692 sample 307'; crowd-extracted GEO signature (Wang 2016 Nat Commun 7:12846); GSE9692 (Cvijanovich 2008 Physiol Genomics 34:127, pediatric whole blood, septic shock day 1 vs normal controls); up/down = genes up/down in septic shock vs control",NKG7,human symbol,-1,mapped,
SLC16A10,-1,septic-shock-down,,"Enrichr (Kuleshov 2016 NAR 44:W90) Disease_Perturbations_from_GEO_up/_down 'Septic Shock C0036983 human GSE9692 sample 307'; crowd-extracted GEO signature (Wang 2016 Nat Commun 7:12846); GSE9692 (Cvijanovich 2008 Physiol Genomics 34:127, pediatric whole blood, septic shock day 1 vs normal controls); up/down = genes up/down in septic shock vs control",SLC16A10,human symbol,-1,mapped,
NR1D2,-1,septic-shock-down,,"Enrichr (Kuleshov 2016 NAR 44:W90) Disease_Perturbations_from_GEO_up/_down 'Septic Shock C0036983 human GSE9692 sample 307'; crowd-extracted GEO signature (Wang 2016 Nat Commun 7:12846); GSE9692 (Cvijanovich 2008 Physiol Genomics 34:127, pediatric whole blood, septic shock day 1 vs normal controls); up/down = genes up/down in septic shock vs control",NR1D2,human symbol,-1,mapped,
CHST2,-1,septic-shock-down,,"Enrichr (Kuleshov 2016 NAR 44:W90) Disease_Perturbations_from_GEO_up/_down 'Septic Shock C0036983 human GSE9692 sample 307'; crowd-extracted GEO signature (Wang 2016 Nat Commun 7:12846); GSE9692 (Cvijanovich 2008 Physiol Genomics 34:127, pediatric whole blood, septic shock day 1 vs normal controls); up/down = genes up/down in septic shock vs control",CHST2,human symbol,-1,mapped,
HAMP,-1,septic-shock-down,,"Enrichr (Kuleshov 2016 NAR 44:W90) Disease_Perturbations_from_GEO_up/_down 'Septic Shock C0036983 human GSE9692 sample 307'; crowd-extracted GEO signature (Wang 2016 Nat Commun 7:12846); GSE9692 (Cvijanovich 2008 Physiol Genomics 34:127, pediatric whole blood, septic shock day 1 vs normal controls); up/down = genes up/down in septic shock vs control",HAMP,human symbol,-1,mapped,
KLRB1,-1,septic-shock-down,,"Enrichr (Kuleshov 2016 NAR 44:W90) Disease_Perturbations_from_GEO_up/_down 'Septic Shock C0036983 human GSE9692 sample 307'; crowd-extracted GEO signature (Wang 2016 Nat Commun 7:12846); GSE9692 (Cvijanovich 2008 Physiol Genomics 34:127, pediatric whole blood, septic shock day 1 vs normal controls); up/down = genes up/down in septic shock vs control",KLRB1,human symbol,-1,mapped,
HLA-DRB4,-1,septic-shock-down,,"Enrichr (Kuleshov 2016 NAR 44:W90) Disease_Perturbations_from_GEO_up/_down 'Septic Shock C0036983 human GSE9692 sample 307'; crowd-extracted GEO signature (Wang 2016 Nat Commun 7:12846); GSE9692 (Cvijanovich 2008 Physiol Genomics 34:127, pediatric whole blood, septic shock day 1 vs normal controls); up/down = genes up/down in septic shock vs control",HLA-DRB4,human symbol,-1,mapped,
HLA-DRB3,-1,septic-shock-down,,"Enrichr (Kuleshov 2016 NAR 44:W90) Disease_Perturbations_from_GEO_up/_down 'Septic Shock C0036983 human GSE9692 sample 307'; crowd-extracted GEO signature (Wang 2016 Nat Commun 7:12846); GSE9692 (Cvijanovich 2008 Physiol Genomics 34:127, pediatric whole blood, septic shock day 1 vs normal controls); up/down = genes up/down in septic shock vs control",HLA-DRB3,human symbol,-1,mapped,
SPON2,-1,septic-shock-down,,"Enrichr (Kuleshov 2016 NAR 44:W90) Disease_Perturbations_from_GEO_up/_down 'Septic Shock C0036983 human GSE9692 sample 307'; crowd-extracted GEO signature (Wang 2016 Nat Commun 7:12846); GSE9692 (Cvijanovich 2008 Physiol Genomics 34:127, pediatric whole blood, septic shock day 1 vs normal controls); up/down = genes up/down in septic shock vs control",SPON2,human symbol,-1,mapped,
NCAPG2,-1,septic-shock-down,,"Enrichr (Kuleshov 2016 NAR 44:W90) Disease_Perturbations_from_GEO_up/_down 'Septic Shock C0036983 human GSE9692 sample 307'; crowd-extracted GEO signature (Wang 2016 Nat Commun 7:12846); GSE9692 (Cvijanovich 2008 Physiol Genomics 34:127, pediatric whole blood, septic shock day 1 vs normal controls); up/down = genes up/down in septic shock vs control",NCAPG2,human symbol,-1,mapped,
MLC1,-1,septic-shock-down,,"Enrichr (Kuleshov 2016 NAR 44:W90) Disease_Perturbations_from_GEO_up/_down 'Septic Shock C0036983 human GSE9692 sample 307'; crowd-extracted GEO signature (Wang 2016 Nat Commun 7:12846); GSE9692 (Cvijanovich 2008 Physiol Genomics 34:127, pediatric whole blood, septic shock day 1 vs normal controls); up/down = genes up/down in septic shock vs control",MLC1,human symbol,-1,mapped,
PRF1,-1,septic-shock-down,,"Enrichr (Kuleshov 2016 NAR 44:W90) Disease_Perturbations_from_GEO_up/_down 'Septic Shock C0036983 human GSE9692 sample 307'; crowd-extracted GEO signature (Wang 2016 Nat Commun 7:12846); GSE9692 (Cvijanovich 2008 Physiol Genomics 34:127, pediatric whole blood, septic shock day 1 vs normal controls); up/down = genes up/down in septic shock vs control",PRF1,human symbol,-1,mapped,
ANKRD20A2,-1,septic-shock-down,,"Enrichr (Kuleshov 2016 NAR 44:W90) Disease_Perturbations_from_GEO_up/_down 'Septic Shock C0036983 human GSE9692 sample 307'; crowd-extracted GEO signature (Wang 2016 Nat Commun 7:12846); GSE9692 (Cvijanovich 2008 Physiol Genomics 34:127, pediatric whole blood, septic shock day 1 vs normal controls); up/down = genes up/down in septic shock vs control",,,-1,unmapped: not found in MoTrPAC gene/protein annotation,
IFIT1,-1,septic-shock-down,,"Enrichr (Kuleshov 2016 NAR 44:W90) Disease_Perturbations_from_GEO_up/_down 'Septic Shock C0036983 human GSE9692 sample 307'; crowd-extracted GEO signature (Wang 2016 Nat Commun 7:12846); GSE9692 (Cvijanovich 2008 Physiol Genomics 34:127, pediatric whole blood, septic shock day 1 vs normal controls); up/down = genes up/down in septic shock vs control",IFIT1,human symbol,-1,mapped,
ANKRD20A3,-1,septic-shock-down,,"Enrichr (Kuleshov 2016 NAR 44:W90) Disease_Perturbations_from_GEO_up/_down 'Septic Shock C0036983 human GSE9692 sample 307'; crowd-extracted GEO signature (Wang 2016 Nat Commun 7:12846); GSE9692 (Cvijanovich 2008 Physiol Genomics 34:127, pediatric whole blood, septic shock day 1 vs normal controls); up/down = genes up/down in septic shock vs control",,,-1,unmapped: not found in MoTrPAC gene/protein annotation,
PGM5P1,-1,septic-shock-down,,"Enrichr (Kuleshov 2016 NAR 44:W90) Disease_Perturbations_from_GEO_up/_down 'Septic Shock C0036983 human GSE9692 sample 307'; crowd-extracted GEO signature (Wang 2016 Nat Commun 7:12846); GSE9692 (Cvijanovich 2008 Physiol Genomics 34:127, pediatric whole blood, septic shock day 1 vs normal controls); up/down = genes up/down in septic shock vs control",,,-1,unmapped: not found in MoTrPAC gene/protein annotation,
LOC100130458,-1,septic-shock-down,,"Enrichr (Kuleshov 2016 NAR 44:W90) Disease_Perturbations_from_GEO_up/_down 'Septic Shock C0036983 human GSE9692 sample 307'; crowd-extracted GEO signature (Wang 2016 Nat Commun 7:12846); GSE9692 (Cvijanovich 2008 Physiol Genomics 34:127, pediatric whole blood, septic shock day 1 vs normal controls); up/down = genes up/down in septic shock vs control",,,-1,unmapped: not found in MoTrPAC gene/protein annotation,
IGHG2,-1,septic-shock-down,,"Enrichr (Kuleshov 2016 NAR 44:W90) Disease_Perturbations_from_GEO_up/_down 'Septic Shock C0036983 human GSE9692 sample 307'; crowd-extracted GEO signature (Wang 2016 Nat Commun 7:12846); GSE9692 (Cvijanovich 2008 Physiol Genomics 34:127, pediatric whole blood, septic shock day 1 vs normal controls); up/down = genes up/down in septic shock vs control",IGHG2,human symbol,-1,mapped,
FCRLA,-1,septic-shock-down,,"Enrichr (Kuleshov 2016 NAR 44:W90) Disease_Perturbations_from_GEO_up/_down 'Septic Shock C0036983 human GSE9692 sample 307'; crowd-extracted GEO signature (Wang 2016 Nat Commun 7:12846); GSE9692 (Cvijanovich 2008 Physiol Genomics 34:127, pediatric whole blood, septic shock day 1 vs normal controls); up/down = genes up/down in septic shock vs control",FCRLA,human symbol,-1,mapped,
TCL1A,-1,septic-shock-down,,"Enrichr (Kuleshov 2016 NAR 44:W90) Disease_Perturbations_from_GEO_up/_down 'Septic Shock C0036983 human GSE9692 sample 307'; crowd-extracted GEO signature (Wang 2016 Nat Commun 7:12846); GSE9692 (Cvijanovich 2008 Physiol Genomics 34:127, pediatric whole blood, septic shock day 1 vs normal controls); up/down = genes up/down in septic shock vs control",TCL1A,human symbol,-1,mapped,
ANKRD20A5P,-1,septic-shock-down,,"Enrichr (Kuleshov 2016 NAR 44:W90) Disease_Perturbations_from_GEO_up/_down 'Septic Shock C0036983 human GSE9692 sample 307'; crowd-extracted GEO signature (Wang 2016 Nat Commun 7:12846); GSE9692 (Cvijanovich 2008 Physiol Genomics 34:127, pediatric whole blood, septic shock day 1 vs normal controls); up/down = genes up/down in septic shock vs control",ANKRD20A5P,human symbol,-1,mapped,
PRKACB,-1,septic-shock-down,,"Enrichr (Kuleshov 2016 NAR 44:W90) Disease_Perturbations_from_GEO_up/_down 'Septic Shock C0036983 human GSE9692 sample 307'; crowd-extracted GEO signature (Wang 2016 Nat Commun 7:12846); GSE9692 (Cvijanovich 2008 Physiol Genomics 34:127, pediatric whole blood, septic shock day 1 vs normal controls); up/down = genes up/down in septic shock vs control",PRKACB,human symbol,-1,mapped,
LOC100132874,-1,septic-shock-down,,"Enrichr (Kuleshov 2016 NAR 44:W90) Disease_Perturbations_from_GEO_up/_down 'Septic Shock C0036983 human GSE9692 sample 307'; crowd-extracted GEO signature (Wang 2016 Nat Commun 7:12846); GSE9692 (Cvijanovich 2008 Physiol Genomics 34:127, pediatric whole blood, septic shock day 1 vs normal controls); up/down = genes up/down in septic shock vs control",,,-1,unmapped: not found in MoTrPAC gene/protein annotation,
FGFBP2,-1,septic-shock-down,,"Enrichr (Kuleshov 2016 NAR 44:W90) Disease_Perturbations_from_GEO_up/_down 'Septic Shock C0036983 human GSE9692 sample 307'; crowd-extracted GEO signature (Wang 2016 Nat Commun 7:12846); GSE9692 (Cvijanovich 2008 Physiol Genomics 34:127, pediatric whole blood, septic shock day 1 vs normal controls); up/down = genes up/down in septic shock vs control",FGFBP2,human symbol,-1,mapped,
FCRL1,-1,septic-shock-down,,"Enrichr (Kuleshov 2016 NAR 44:W90) Disease_Perturbations_from_GEO_up/_down 'Septic Shock C0036983 human GSE9692 sample 307'; crowd-extracted GEO signature (Wang 2016 Nat Commun 7:12846); GSE9692 (Cvijanovich 2008 Physiol Genomics 34:127, pediatric whole blood, septic shock day 1 vs normal controls); up/down = genes up/down in septic shock vs control",FCRL1,human symbol,-1,mapped,
USP9Y,-1,septic-shock-down,,"Enrichr (Kuleshov 2016 NAR 44:W90) Disease_Perturbations_from_GEO_up/_down 'Septic Shock C0036983 human GSE9692 sample 307'; crowd-extracted GEO signature (Wang 2016 Nat Commun 7:12846); GSE9692 (Cvijanovich 2008 Physiol Genomics 34:127, pediatric whole blood, septic shock day 1 vs normal controls); up/down = genes up/down in septic shock vs control",USP9Y,human symbol,-1,mapped,
TGFBR3,-1,septic-shock-down,,"Enrichr (Kuleshov 2016 NAR 44:W90) Disease_Perturbations_from_GEO_up/_down 'Septic Shock C0036983 human GSE9692 sample 307'; crowd-extracted GEO signature (Wang 2016 Nat Commun 7:12846); GSE9692 (Cvijanovich 2008 Physiol Genomics 34:127, pediatric whole blood, septic shock day 1 vs normal controls); up/down = genes up/down in septic shock vs control",TGFBR3,human symbol,-1,mapped,
RBL2,-1,septic-shock-down,,"Enrichr (Kuleshov 2016 NAR 44:W90) Disease_Perturbations_from_GEO_up/_down 'Septic Shock C0036983 human GSE9692 sample 307'; crowd-extracted GEO signature (Wang 2016 Nat Commun 7:12846); GSE9692 (Cvijanovich 2008 Physiol Genomics 34:127, pediatric whole blood, septic shock day 1 vs normal controls); up/down = genes up/down in septic shock vs control",RBL2,human symbol,-1,mapped,
XCL2,-1,septic-shock-down,,"Enrichr (Kuleshov 2016 NAR 44:W90) Disease_Perturbations_from_GEO_up/_down 'Septic Shock C0036983 human GSE9692 sample 307'; crowd-extracted GEO signature (Wang 2016 Nat Commun 7:12846); GSE9692 (Cvijanovich 2008 Physiol Genomics 34:127, pediatric whole blood, septic shock day 1 vs normal controls); up/down = genes up/down in septic shock vs control",XCL2,human symbol,-1,mapped,
LOC100508797,-1,septic-shock-down,,"Enrichr (Kuleshov 2016 NAR 44:W90) Disease_Perturbations_from_GEO_up/_down 'Septic Shock C0036983 human GSE9692 sample 307'; crowd-extracted GEO signature (Wang 2016 Nat Commun 7:12846); GSE9692 (Cvijanovich 2008 Physiol Genomics 34:127, pediatric whole blood, septic shock day 1 vs normal controls); up/down = genes up/down in septic shock vs control",,,-1,unmapped: not found in MoTrPAC gene/protein annotation,
MS4A1,-1,septic-shock-down,,"Enrichr (Kuleshov 2016 NAR 44:W90) Disease_Perturbations_from_GEO_up/_down 'Septic Shock C0036983 human GSE9692 sample 307'; crowd-extracted GEO signature (Wang 2016 Nat Commun 7:12846); GSE9692 (Cvijanovich 2008 Physiol Genomics 34:127, pediatric whole blood, septic shock day 1 vs normal controls); up/down = genes up/down in septic shock vs control",MS4A1,human symbol,-1,mapped,
KDM5D,-1,septic-shock-down,,"Enrichr (Kuleshov 2016 NAR 44:W90) Disease_Perturbations_from_GEO_up/_down 'Septic Shock C0036983 human GSE9692 sample 307'; crowd-extracted GEO signature (Wang 2016 Nat Commun 7:12846); GSE9692 (Cvijanovich 2008 Physiol Genomics 34:127, pediatric whole blood, septic shock day 1 vs normal controls); up/down = genes up/down in septic shock vs control",KDM5D,human symbol,-1,mapped,
RTN1,-1,septic-shock-down,,"Enrichr (Kuleshov 2016 NAR 44:W90) Disease_Perturbations_from_GEO_up/_down 'Septic Shock C0036983 human GSE9692 sample 307'; crowd-extracted GEO signature (Wang 2016 Nat Commun 7:12846); GSE9692 (Cvijanovich 2008 Physiol Genomics 34:127, pediatric whole blood, septic shock day 1 vs normal controls); up/down = genes up/down in septic shock vs control",RTN1,human symbol,-1,mapped,
DDX3Y,-1,septic-shock-down,,"Enrichr (Kuleshov 2016 NAR 44:W90) Disease_Perturbations_from_GEO_up/_down 'Septic Shock C0036983 human GSE9692 sample 307'; crowd-extracted GEO signature (Wang 2016 Nat Commun 7:12846); GSE9692 (Cvijanovich 2008 Physiol Genomics 34:127, pediatric whole blood, septic shock day 1 vs normal controls); up/down = genes up/down in septic shock vs control",DDX3Y,human symbol,-1,mapped,
CTSW,-1,septic-shock-down,,"Enrichr (Kuleshov 2016 NAR 44:W90) Disease_Perturbations_from_GEO_up/_down 'Septic Shock C0036983 human GSE9692 sample 307'; crowd-extracted GEO signature (Wang 2016 Nat Commun 7:12846); GSE9692 (Cvijanovich 2008 Physiol Genomics 34:127, pediatric whole blood, septic shock day 1 vs normal controls); up/down = genes up/down in septic shock vs control",CTSW,human symbol,-1,mapped,
IGLV4-60,-1,septic-shock-down,,"Enrichr (Kuleshov 2016 NAR 44:W90) Disease_Perturbations_from_GEO_up/_down 'Septic Shock C0036983 human GSE9692 sample 307'; crowd-extracted GEO signature (Wang 2016 Nat Commun 7:12846); GSE9692 (Cvijanovich 2008 Physiol Genomics 34:127, pediatric whole blood, septic shock day 1 vs normal controls); up/down = genes up/down in septic shock vs control",IGLV4-60,human symbol,-1,mapped,
NRIP1,-1,septic-shock-down,,"Enrichr (Kuleshov 2016 NAR 44:W90) Disease_Perturbations_from_GEO_up/_down 'Septic Shock C0036983 human GSE9692 sample 307'; crowd-extracted GEO signature (Wang 2016 Nat Commun 7:12846); GSE9692 (Cvijanovich 2008 Physiol Genomics 34:127, pediatric whole blood, septic shock day 1 vs normal controls); up/down = genes up/down in septic shock vs control",NRIP1,human symbol,-1,mapped,
TNFRSF17,-1,septic-shock-down,,"Enrichr (Kuleshov 2016 NAR 44:W90) Disease_Perturbations_from_GEO_up/_down 'Septic Shock C0036983 human GSE9692 sample 307'; crowd-extracted GEO signature (Wang 2016 Nat Commun 7:12846); GSE9692 (Cvijanovich 2008 Physiol Genomics 34:127, pediatric whole blood, septic shock day 1 vs normal controls); up/down = genes up/down in septic shock vs control",TNFRSF17,human symbol,-1,mapped,
PLEKHN1,-1,septic-shock-down,,"Enrichr (Kuleshov 2016 NAR 44:W90) Disease_Perturbations_from_GEO_up/_down 'Septic Shock C0036983 human GSE9692 sample 307'; crowd-extracted GEO signature (Wang 2016 Nat Commun 7:12846); GSE9692 (Cvijanovich 2008 Physiol Genomics 34:127, pediatric whole blood, septic shock day 1 vs normal controls); up/down = genes up/down in septic shock vs control",PLEKHN1,human symbol,-1,mapped,
CLIC3,-1,septic-shock-down,,"Enrichr (Kuleshov 2016 NAR 44:W90) Disease_Perturbations_from_GEO_up/_down 'Septic Shock C0036983 human GSE9692 sample 307'; crowd-extracted GEO signature (Wang 2016 Nat Commun 7:12846); GSE9692 (Cvijanovich 2008 Physiol Genomics 34:127, pediatric whole blood, septic shock day 1 vs normal controls); up/down = genes up/down in septic shock vs control",CLIC3,human symbol,-1,mapped,
HBZ,-1,septic-shock-down,,"Enrichr (Kuleshov 2016 NAR 44:W90) Disease_Perturbations_from_GEO_up/_down 'Septic Shock C0036983 human GSE9692 sample 307'; crowd-extracted GEO signature (Wang 2016 Nat Commun 7:12846); GSE9692 (Cvijanovich 2008 Physiol Genomics 34:127, pediatric whole blood, septic shock day 1 vs normal controls); up/down = genes up/down in septic shock vs control",HBZ,human symbol,-1,mapped,
CCR3,-1,septic-shock-down,,"Enrichr (Kuleshov 2016 NAR 44:W90) Disease_Perturbations_from_GEO_up/_down 'Septic Shock C0036983 human GSE9692 sample 307'; crowd-extracted GEO signature (Wang 2016 Nat Commun 7:12846); GSE9692 (Cvijanovich 2008 Physiol Genomics 34:127, pediatric whole blood, septic shock day 1 vs normal controls); up/down = genes up/down in septic shock vs control",CCR3,human symbol,-1,mapped,
HLA-DQA1,-1,septic-shock-down,,"Enrichr (Kuleshov 2016 NAR 44:W90) Disease_Perturbations_from_GEO_up/_down 'Septic Shock C0036983 human GSE9692 sample 307'; crowd-extracted GEO signature (Wang 2016 Nat Commun 7:12846); GSE9692 (Cvijanovich 2008 Physiol Genomics 34:127, pediatric whole blood, septic shock day 1 vs normal controls); up/down = genes up/down in septic shock vs control",HLA-DQA1,human symbol,-1,mapped,
TKTL1,-1,septic-shock-down,,"Enrichr (Kuleshov 2016 NAR 44:W90) Disease_Perturbations_from_GEO_up/_down 'Septic Shock C0036983 human GSE9692 sample 307'; crowd-extracted GEO signature (Wang 2016 Nat Commun 7:12846); GSE9692 (Cvijanovich 2008 Physiol Genomics 34:127, pediatric whole blood, septic shock day 1 vs normal controls); up/down = genes up/down in septic shock vs control",TKTL1,human symbol,-1,mapped,
DDX17,-1,septic-shock-down,,"Enrichr (Kuleshov 2016 NAR 44:W90) Disease_Perturbations_from_GEO_up/_down 'Septic Shock C0036983 human GSE9692 sample 307'; crowd-extracted GEO signature (Wang 2016 Nat Commun 7:12846); GSE9692 (Cvijanovich 2008 Physiol Genomics 34:127, pediatric whole blood, septic shock day 1 vs normal controls); up/down = genes up/down in septic shock vs control",DDX17,human symbol,-1,mapped,
TMEM176A,-1,septic-shock-down,,"Enrichr (Kuleshov 2016 NAR 44:W90) Disease_Perturbations_from_GEO_up/_down 'Septic Shock C0036983 human GSE9692 sample 307'; crowd-extracted GEO signature (Wang 2016 Nat Commun 7:12846); GSE9692 (Cvijanovich 2008 Physiol Genomics 34:127, pediatric whole blood, septic shock day 1 vs normal controls); up/down = genes up/down in septic shock vs control",TMEM176A,human symbol,-1,mapped,
ASCC2,-1,septic-shock-down,,"Enrichr (Kuleshov 2016 NAR 44:W90) Disease_Perturbations_from_GEO_up/_down 'Septic Shock C0036983 human GSE9692 sample 307'; crowd-extracted GEO signature (Wang 2016 Nat Commun 7:12846); GSE9692 (Cvijanovich 2008 Physiol Genomics 34:127, pediatric whole blood, septic shock day 1 vs normal controls); up/down = genes up/down in septic shock vs control",ASCC2,human symbol,-1,mapped,
TXLNGY,-1,septic-shock-down,,"Enrichr (Kuleshov 2016 NAR 44:W90) Disease_Perturbations_from_GEO_up/_down 'Septic Shock C0036983 human GSE9692 sample 307'; crowd-extracted GEO signature (Wang 2016 Nat Commun 7:12846); GSE9692 (Cvijanovich 2008 Physiol Genomics 34:127, pediatric whole blood, septic shock day 1 vs normal controls); up/down = genes up/down in septic shock vs control",TXLNGY,human symbol,-1,mapped,
TMEM176B,-1,septic-shock-down,,"Enrichr (Kuleshov 2016 NAR 44:W90) Disease_Perturbations_from_GEO_up/_down 'Septic Shock C0036983 human GSE9692 sample 307'; crowd-extracted GEO signature (Wang 2016 Nat Commun 7:12846); GSE9692 (Cvijanovich 2008 Physiol Genomics 34:127, pediatric whole blood, septic shock day 1 vs normal controls); up/down = genes up/down in septic shock vs control",TMEM176B,human symbol,-1,mapped,
GP1BB,-1,septic-shock-down,,"Enrichr (Kuleshov 2016 NAR 44:W90) Disease_Perturbations_from_GEO_up/_down 'Septic Shock C0036983 human GSE9692 sample 307'; crowd-extracted GEO signature (Wang 2016 Nat Commun 7:12846); GSE9692 (Cvijanovich 2008 Physiol Genomics 34:127, pediatric whole blood, septic shock day 1 vs normal controls); up/down = genes up/down in septic shock vs control",GP1BB,human symbol,-1,mapped,
GZMH,-1,septic-shock-down,,"Enrichr (Kuleshov 2016 NAR 44:W90) Disease_Perturbations_from_GEO_up/_down 'Septic Shock C0036983 human GSE9692 sample 307'; crowd-extracted GEO signature (Wang 2016 Nat Commun 7:12846); GSE9692 (Cvijanovich 2008 Physiol Genomics 34:127, pediatric whole blood, septic shock day 1 vs normal controls); up/down = genes up/down in septic shock vs control",GZMH,human symbol,-1,mapped,
BPGM,-1,septic-shock-down,,"Enrichr (Kuleshov 2016 NAR 44:W90) Disease_Perturbations_from_GEO_up/_down 'Septic Shock C0036983 human GSE9692 sample 307'; crowd-extracted GEO signature (Wang 2016 Nat Commun 7:12846); GSE9692 (Cvijanovich 2008 Physiol Genomics 34:127, pediatric whole blood, septic shock day 1 vs normal controls); up/down = genes up/down in septic shock vs control",BPGM,human symbol,-1,mapped,
P2RY10,-1,septic-shock-down,,"Enrichr (Kuleshov 2016 NAR 44:W90) Disease_Perturbations_from_GEO_up/_down 'Septic Shock C0036983 human GSE9692 sample 307'; crowd-extracted GEO signature (Wang 2016 Nat Commun 7:12846); GSE9692 (Cvijanovich 2008 Physiol Genomics 34:127, pediatric whole blood, septic shock day 1 vs normal controls); up/down = genes up/down in septic shock vs control",P2RY10,human symbol,-1,mapped,
SELENBP1,-1,septic-shock-down,,"Enrichr (Kuleshov 2016 NAR 44:W90) Disease_Perturbations_from_GEO_up/_down 'Septic Shock C0036983 human GSE9692 sample 307'; crowd-extracted GEO signature (Wang 2016 Nat Commun 7:12846); GSE9692 (Cvijanovich 2008 Physiol Genomics 34:127, pediatric whole blood, septic shock day 1 vs normal controls); up/down = genes up/down in septic shock vs control",SELENBP1,human symbol,-1,mapped,
PRSS33,-1,septic-shock-down,,"Enrichr (Kuleshov 2016 NAR 44:W90) Disease_Perturbations_from_GEO_up/_down 'Septic Shock C0036983 human GSE9692 sample 307'; crowd-extracted GEO signature (Wang 2016 Nat Commun 7:12846); GSE9692 (Cvijanovich 2008 Physiol Genomics 34:127, pediatric whole blood, septic shock day 1 vs normal controls); up/down = genes up/down in septic shock vs control",PRSS33,human symbol,-1,mapped,
LINC00869,-1,septic-shock-down,,"Enrichr (Kuleshov 2016 NAR 44:W90) Disease_Perturbations_from_GEO_up/_down 'Septic Shock C0036983 human GSE9692 sample 307'; crowd-extracted GEO signature (Wang 2016 Nat Commun 7:12846); GSE9692 (Cvijanovich 2008 Physiol Genomics 34:127, pediatric whole blood, septic shock day 1 vs normal controls); up/down = genes up/down in septic shock vs control",LINC00869,human symbol,-1,mapped,
IL2RB,-1,septic-shock-down,,"Enrichr (Kuleshov 2016 NAR 44:W90) Disease_Perturbations_from_GEO_up/_down 'Septic Shock C0036983 human GSE9692 sample 307'; crowd-extracted GEO signature (Wang 2016 Nat Commun 7:12846); GSE9692 (Cvijanovich 2008 Physiol Genomics 34:127, pediatric whole blood, septic shock day 1 vs normal controls); up/down = genes up/down in septic shock vs control",IL2RB,human symbol,-1,mapped,
CMPK2,-1,septic-shock-down,,"Enrichr (Kuleshov 2016 NAR 44:W90) Disease_Perturbations_from_GEO_up/_down 'Septic Shock C0036983 human GSE9692 sample 307'; crowd-extracted GEO signature (Wang 2016 Nat Commun 7:12846); GSE9692 (Cvijanovich 2008 Physiol Genomics 34:127, pediatric whole blood, septic shock day 1 vs normal controls); up/down = genes up/down in septic shock vs control",CMPK2,human symbol,-1,mapped,
HLA-DPB1,-1,septic-shock-down,,"Enrichr (Kuleshov 2016 NAR 44:W90) Disease_Perturbations_from_GEO_up/_down 'Septic Shock C0036983 human GSE9692 sample 307'; crowd-extracted GEO signature (Wang 2016 Nat Commun 7:12846); GSE9692 (Cvijanovich 2008 Physiol Genomics 34:127, pediatric whole blood, septic shock day 1 vs normal controls); up/down = genes up/down in septic shock vs control",HLA-DPB1,human symbol,-1,mapped,
LGR6,-1,septic-shock-down,,"Enrichr (Kuleshov 2016 NAR 44:W90) Disease_Perturbations_from_GEO_up/_down 'Septic Shock C0036983 human GSE9692 sample 307'; crowd-extracted GEO signature (Wang 2016 Nat Commun 7:12846); GSE9692 (Cvijanovich 2008 Physiol Genomics 34:127, pediatric whole blood, septic shock day 1 vs normal controls); up/down = genes up/down in septic shock vs control",LGR6,human symbol,-1,mapped,
KLRF1,-1,septic-shock-down,,"Enrichr (Kuleshov 2016 NAR 44:W90) Disease_Perturbations_from_GEO_up/_down 'Septic Shock C0036983 human GSE9692 sample 307'; crowd-extracted GEO signature (Wang 2016 Nat Commun 7:12846); GSE9692 (Cvijanovich 2008 Physiol Genomics 34:127, pediatric whole blood, septic shock day 1 vs normal controls); up/down = genes up/down in septic shock vs control",KLRF1,human symbol,-1,mapped,
RNF11,-1,septic-shock-down,,"Enrichr (Kuleshov 2016 NAR 44:W90) Disease_Perturbations_from_GEO_up/_down 'Septic Shock C0036983 human GSE9692 sample 307'; crowd-extracted GEO signature (Wang 2016 Nat Commun 7:12846); GSE9692 (Cvijanovich 2008 Physiol Genomics 34:127, pediatric whole blood, septic shock day 1 vs normal controls); up/down = genes up/down in septic shock vs control",RNF11,human symbol,-1,mapped,
CX3CR1,-1,septic-shock-down,,"Enrichr (Kuleshov 2016 NAR 44:W90) Disease_Perturbations_from_GEO_up/_down 'Septic Shock C0036983 human GSE9692 sample 307'; crowd-extracted GEO signature (Wang 2016 Nat Commun 7:12846); GSE9692 (Cvijanovich 2008 Physiol Genomics 34:127, pediatric whole blood, septic shock day 1 vs normal controls); up/down = genes up/down in septic shock vs control",CX3CR1,human symbol,-1,mapped,
PRSS23,-1,septic-shock-down,,"Enrichr (Kuleshov 2016 NAR 44:W90) Disease_Perturbations_from_GEO_up/_down 'Septic Shock C0036983 human GSE9692 sample 307'; crowd-extracted GEO signature (Wang 2016 Nat Commun 7:12846); GSE9692 (Cvijanovich 2008 Physiol Genomics 34:127, pediatric whole blood, septic shock day 1 vs normal controls); up/down = genes up/down in septic shock vs control",PRSS23,human symbol,-1,mapped,
TSPAN13,-1,septic-shock-down,,"Enrichr (Kuleshov 2016 NAR 44:W90) Disease_Perturbations_from_GEO_up/_down 'Septic Shock C0036983 human GSE9692 sample 307'; crowd-extracted GEO signature (Wang 2016 Nat Commun 7:12846); GSE9692 (Cvijanovich 2008 Physiol Genomics 34:127, pediatric whole blood, septic shock day 1 vs normal controls); up/down = genes up/down in septic shock vs control",TSPAN13,human symbol,-1,mapped,
CXXC5,-1,septic-shock-down,,"Enrichr (Kuleshov 2016 NAR 44:W90) Disease_Perturbations_from_GEO_up/_down 'Septic Shock C0036983 human GSE9692 sample 307'; crowd-extracted GEO signature (Wang 2016 Nat Commun 7:12846); GSE9692 (Cvijanovich 2008 Physiol Genomics 34:127, pediatric whole blood, septic shock day 1 vs normal controls); up/down = genes up/down in septic shock vs control",CXXC5,human symbol,-1,mapped,
GNLY,-1,septic-shock-down,,"Enrichr (Kuleshov 2016 NAR 44:W90) Disease_Perturbations_from_GEO_up/_down 'Septic Shock C0036983 human GSE9692 sample 307'; crowd-extracted GEO signature (Wang 2016 Nat Commun 7:12846); GSE9692 (Cvijanovich 2008 Physiol Genomics 34:127, pediatric whole blood, septic shock day 1 vs normal controls); up/down = genes up/down in septic shock vs control",GNLY,human symbol,-1,mapped,
LOC100507630,-1,septic-shock-down,,"Enrichr (Kuleshov 2016 NAR 44:W90) Disease_Perturbations_from_GEO_up/_down 'Septic Shock C0036983 human GSE9692 sample 307'; crowd-extracted GEO signature (Wang 2016 Nat Commun 7:12846); GSE9692 (Cvijanovich 2008 Physiol Genomics 34:127, pediatric whole blood, septic shock day 1 vs normal controls); up/down = genes up/down in septic shock vs control",,,-1,unmapped: not found in MoTrPAC gene/protein annotation,
KIAA1147,-1,septic-shock-down,,"Enrichr (Kuleshov 2016 NAR 44:W90) Disease_Perturbations_from_GEO_up/_down 'Septic Shock C0036983 human GSE9692 sample 307'; crowd-extracted GEO signature (Wang 2016 Nat Commun 7:12846); GSE9692 (Cvijanovich 2008 Physiol Genomics 34:127, pediatric whole blood, septic shock day 1 vs normal controls); up/down = genes up/down in septic shock vs control",,,-1,unmapped: not found in MoTrPAC gene/protein annotation,
OPHN1,-1,septic-shock-down,,"Enrichr (Kuleshov 2016 NAR 44:W90) Disease_Perturbations_from_GEO_up/_down 'Septic Shock C0036983 human GSE9692 sample 307'; crowd-extracted GEO signature (Wang 2016 Nat Commun 7:12846); GSE9692 (Cvijanovich 2008 Physiol Genomics 34:127, pediatric whole blood, septic shock day 1 vs normal controls); up/down = genes up/down in septic shock vs control",OPHN1,human symbol,-1,mapped,
CCL4,-1,septic-shock-down,,"Enrichr (Kuleshov 2016 NAR 44:W90) Disease_Perturbations_from_GEO_up/_down 'Septic Shock C0036983 human GSE9692 sample 307'; crowd-extracted GEO signature (Wang 2016 Nat Commun 7:12846); GSE9692 (Cvijanovich 2008 Physiol Genomics 34:127, pediatric whole blood, septic shock day 1 vs normal controls); up/down = genes up/down in septic shock vs control",CCL4,human symbol,-1,mapped,
CCL3,-1,septic-shock-down,,"Enrichr (Kuleshov 2016 NAR 44:W90) Disease_Perturbations_from_GEO_up/_down 'Septic Shock C0036983 human GSE9692 sample 307'; crowd-extracted GEO signature (Wang 2016 Nat Commun 7:12846); GSE9692 (Cvijanovich 2008 Physiol Genomics 34:127, pediatric whole blood, septic shock day 1 vs normal controls); up/down = genes up/down in septic shock vs control",CCL3,human symbol,-1,mapped,
