tissue,gene,rna_columns,rna_baseline,rna_baseline_tertile,n_collapsed_rna,prot_columns,prot_n_missing,n_collapsed_prot,gtex_tpm,gtex_tertile,baseline_unit
Human vastus lateralis,HSPA1A,6/6,7.979710578918457,high,1.0,6/6,,1.0,32.0422,high,log2 CPM (AveExpr)
Human vastus lateralis,DCAF12,6/6,3.939638614654541,high,1.0,0/6,,,12.7762,high,log2 CPM (AveExpr)
Human vastus lateralis,KCNJ2,6/6,4.14199161529541,high,1.0,0/6,,,1.88849,low,log2 CPM (AveExpr)
Human vastus lateralis,FPR2,0/6,,,,0/6,,,0.0577402,,log2 CPM (AveExpr)
Human vastus lateralis,PLA2G4A,6/6,-2.231168746948242,low,1.0,0/6,,,0.397162,low,log2 CPM (AveExpr)
Human vastus lateralis,NFE2,6/6,-1.416339635848999,low,1.0,0/6,,,0.503253,low,log2 CPM (AveExpr)
Human vastus lateralis,GCNT1,6/6,-1.0761414766311646,low,1.0,0/6,,,0.253743,low,log2 CPM (AveExpr)
Human vastus lateralis,TNFAIP8L2,0/6,,,,0/6,,,0.35085,,log2 CPM (AveExpr)
Human vastus lateralis,ZNF200,6/6,0.8538694977760315,low,1.0,0/6,,,1.20302,low,log2 CPM (AveExpr)
Human vastus lateralis,CX3CR1,6/6,2.058627128601074,mid,1.0,0/6,,,0.40983,low,log2 CPM (AveExpr)
Human vastus lateralis,GIMAP4,6/6,2.6552376747131348,mid,1.0,6/6,,1.0,8.63641,mid,log2 CPM (AveExpr)
Human vastus lateralis,ZNF2,6/6,1.5953824520111084,mid,1.0,0/6,,,1.83437,low,log2 CPM (AveExpr)
Human vastus lateralis,CCR2,0/6,,,,0/6,,,0.0815338,,log2 CPM (AveExpr)
Human vastus lateralis,PHF23,6/6,2.782414674758911,mid,1.0,0/6,,,11.4121,high,log2 CPM (AveExpr)
Human vastus lateralis,TRMT1L,6/6,4.507652759552002,high,1.0,6/6,,1.0,13.5365,high,log2 CPM (AveExpr)
Human vastus lateralis,ZNF613,6/6,0.19870103895664215,low,1.0,0/6,,,1.12781,low,log2 CPM (AveExpr)
Human vastus lateralis,NLRC4,6/6,-0.5960614681243896,low,1.0,0/6,,,0.744206,low,log2 CPM (AveExpr)
Human vastus lateralis,RMI1,6/6,1.1852498054504395,low,1.0,0/6,,,2.32794,mid,log2 CPM (AveExpr)
Human vastus lateralis,BET1,6/6,1.379212498664856,low,1.0,6/6,,1.0,1.9493,low,log2 CPM (AveExpr)
Human vastus lateralis,HBQ1,0/6,,,,6/6,,1.0,0.0,,log2 CPM (AveExpr)
Human vastus lateralis,LPAR5,0/6,,,,0/6,,,0.0984272,,log2 CPM (AveExpr)
Human vastus lateralis,FAM50B,6/6,4.165421962738037,high,1.0,6/6,,1.0,15.8648,high,log2 CPM (AveExpr)
Human vastus lateralis,HBD,0/6,,,,6/6,,1.0,0.304663,,log2 CPM (AveExpr)
Human vastus lateralis,LFNG,6/6,1.0395582914352417,low,1.0,0/6,,,0.779313,low,log2 CPM (AveExpr)
Human vastus lateralis,TM2D2,6/6,2.288093090057373,mid,1.0,0/6,,,6.021,mid,log2 CPM (AveExpr)
Human vastus lateralis,METTL13,6/6,3.6963510513305664,mid,1.0,6/6,,1.0,11.0235,mid,log2 CPM (AveExpr)
Human vastus lateralis,TLR7,0/6,,,,0/6,,,0.0281697,,log2 CPM (AveExpr)
Human vastus lateralis,CCNG2,6/6,2.4614529609680176,mid,1.0,0/6,,,3.07258,mid,log2 CPM (AveExpr)
Human vastus lateralis,IKBIP,6/6,-0.1453590989112854,low,1.0,6/6,,1.0,0.839667,low,log2 CPM (AveExpr)
Human vastus lateralis,GIMAP8,6/6,3.0061447620391846,mid,1.0,6/6,,1.0,4.13334,mid,log2 CPM (AveExpr)
Human vastus lateralis,NAPEPLD,6/6,2.7844254970550537,mid,1.0,0/6,,,3.12275,mid,log2 CPM (AveExpr)
Human vastus lateralis,CDC42EP2,6/6,1.2970149517059326,low,1.0,0/6,,,4.1522,mid,log2 CPM (AveExpr)
Human vastus lateralis,ZC3H10,6/6,2.359834909439087,mid,1.0,0/6,,,1.9956,low,log2 CPM (AveExpr)
Human vastus lateralis,SNCA,0/6,,,,6/6,,1.0,0.162111,,log2 CPM (AveExpr)
Human vastus lateralis,GPR171,0/6,,,,0/6,,,0.085889,,log2 CPM (AveExpr)
Human vastus lateralis,TFEC,0/6,,,,0/6,,,0.127628,,log2 CPM (AveExpr)
Human vastus lateralis,ST8SIA4,6/6,0.3799118995666504,low,1.0,0/6,,,0.330255,low,log2 CPM (AveExpr)
Human vastus lateralis,KMT5B,6/6,4.184561729431152,high,1.0,0/6,,,7.91524,mid,log2 CPM (AveExpr)
Human vastus lateralis,THAP6,6/6,2.7322301864624023,mid,1.0,0/6,,,3.58197,mid,log2 CPM (AveExpr)
Human vastus lateralis,SH3BP5L,6/6,4.69414758682251,high,1.0,6/6,,1.0,11.7746,high,log2 CPM (AveExpr)
Human vastus lateralis,P2RY12,0/6,,,,0/6,,,0.0778578,,log2 CPM (AveExpr)
Human vastus lateralis,ACTL10,0/6,,,,0/6,,,0.148177,,log2 CPM (AveExpr)
Human vastus lateralis,HBM,0/6,,,,6/6,,1.0,0.0498024,,log2 CPM (AveExpr)
Human vastus lateralis,TMEM33,6/6,2.953488826751709,mid,1.0,6/6,,1.0,4.01701,mid,log2 CPM (AveExpr)
Human vastus lateralis,ZEB2,6/6,4.529885292053223,high,1.0,0/6,,,2.97894,mid,log2 CPM (AveExpr)
Human vastus lateralis,MOSPD2,6/6,0.6632596850395203,low,1.0,0/6,,,1.43155,low,log2 CPM (AveExpr)
Human vastus lateralis,HCP5,6/6,2.4482522010803223,mid,1.0,0/6,,,1.83242,low,log2 CPM (AveExpr)
Human vastus lateralis,TRIM13,6/6,3.3363070487976074,mid,1.0,0/6,,,5.65019,mid,log2 CPM (AveExpr)
Human vastus lateralis,RTP4,0/6,,,,0/6,,,0.266351,,log2 CPM (AveExpr)
Human vastus lateralis,HSPA6,6/6,-1.7483700513839722,low,1.0,6/6,,1.0,0.391866,low,log2 CPM (AveExpr)
Human vastus lateralis,STX11,6/6,-0.0701768770813942,low,1.0,0/6,,,1.62171,low,log2 CPM (AveExpr)
Human vastus lateralis,PTPRO,0/6,,,,0/6,,,0.08975,,log2 CPM (AveExpr)
Human vastus lateralis,AHSP,0/6,,,,6/6,,1.0,0.0,,log2 CPM (AveExpr)
Human vastus lateralis,MRM1,6/6,1.442987084388733,low,1.0,6/6,,1.0,6.00631,mid,log2 CPM (AveExpr)
Human vastus lateralis,IGIP,6/6,2.526218891143799,mid,1.0,0/6,,,7.51118,mid,log2 CPM (AveExpr)
Human vastus lateralis,PGBD2,6/6,-0.6783763766288757,low,1.0,0/6,,,0.631345,low,log2 CPM (AveExpr)
Human vastus lateralis,ELOVL6,6/6,-1.1731935739517212,low,1.0,0/6,,,0.29124,low,log2 CPM (AveExpr)
Human vastus lateralis,ALAS2,6/6,-2.481372833251953,low,1.0,0/6,,,0.166819,low,log2 CPM (AveExpr)
Human vastus lateralis,TMEM60,6/6,1.346091628074646,low,1.0,0/6,,,13.6007,high,log2 CPM (AveExpr)
Human vastus lateralis,RPP25L,6/6,4.0799241065979,high,1.0,6/6,,1.0,66.3498,high,log2 CPM (AveExpr)
Human vastus lateralis,EXOSC3,6/6,1.7930715084075928,mid,1.0,6/6,,1.0,3.95225,mid,log2 CPM (AveExpr)
Human vastus lateralis,OSBP2,6/6,1.58918035030365,mid,1.0,6/6,,1.0,1.16467,low,log2 CPM (AveExpr)
Human vastus lateralis,LEO1,6/6,2.82647967338562,mid,1.0,0/6,,,8.78432,mid,log2 CPM (AveExpr)
Human vastus lateralis,CISH,6/6,2.7480757236480713,mid,1.0,0/6,,,16.7196,high,log2 CPM (AveExpr)
Human vastus lateralis,RNASEL,6/6,1.3732807636260986,low,1.0,6/6,,1.0,1.00195,low,log2 CPM (AveExpr)
Human vastus lateralis,ZNF594,6/6,2.232759475708008,mid,1.0,0/6,,,2.41039,mid,log2 CPM (AveExpr)
Human vastus lateralis,GEMIN6,6/6,1.0989625453948975,low,1.0,0/6,,,1.82956,low,log2 CPM (AveExpr)
Human vastus lateralis,C12orf4,6/6,2.9465219974517822,mid,1.0,0/6,,,5.82318,mid,log2 CPM (AveExpr)
Human vastus lateralis,CETN3,6/6,1.4454069137573242,low,1.0,0/6,,,2.26325,low,log2 CPM (AveExpr)
Human vastus lateralis,MANEA,6/6,0.3112720549106598,low,1.0,0/6,,,0.985537,low,log2 CPM (AveExpr)
Human vastus lateralis,TNFSF14,6/6,-2.803415298461914,low,1.0,0/6,,,0.158452,low,log2 CPM (AveExpr)
Human vastus lateralis,C9orf40,6/6,0.6557667851448059,low,1.0,6/6,,1.0,2.33251,mid,log2 CPM (AveExpr)
Human vastus lateralis,FUT7,0/6,,,,0/6,,,0.0489611,,log2 CPM (AveExpr)
Human vastus lateralis,REPS2,6/6,-0.7523865699768066,low,1.0,0/6,,,0.389209,low,log2 CPM (AveExpr)
Human vastus lateralis,HEMGN,0/6,,,,0/6,,,0.0129724,,log2 CPM (AveExpr)
Human vastus lateralis,TLR8,0/6,,,,0/6,,,0.0793737,,log2 CPM (AveExpr)
Human vastus lateralis,TNS1,6/6,8.515869140625,high,1.0,6/6,,1.0,101.048,high,log2 CPM (AveExpr)
Human vastus lateralis,CLCN3,6/6,5.0737714767456055,high,1.0,0/6,,,8.73894,mid,log2 CPM (AveExpr)
Human vastus lateralis,DCAF7,6/6,4.579770088195801,high,1.0,6/6,,1.0,10.464,mid,log2 CPM (AveExpr)
Human vastus lateralis,TMOD1,6/6,7.494200229644775,high,1.0,6/6,,1.0,147.639,high,log2 CPM (AveExpr)
Human vastus lateralis,BCL2L1,6/6,3.6543972492218018,mid,1.0,6/6,,1.0,35.5031,high,log2 CPM (AveExpr)
Human vastus lateralis,ZNF816,6/6,-0.5931560397148132,low,1.0,0/6,,,0.478538,low,log2 CPM (AveExpr)
Human vastus lateralis,TMEM140,6/6,4.286933898925781,high,1.0,0/6,,,52.5596,high,log2 CPM (AveExpr)
Human vastus lateralis,ANAPC7,6/6,4.0909199714660645,high,1.0,6/6,,1.0,15.6705,high,log2 CPM (AveExpr)
Human vastus lateralis,MLYCD,6/6,4.232602596282959,high,1.0,6/6,,1.0,11.1626,mid,log2 CPM (AveExpr)
Human vastus lateralis,PTPN6,6/6,0.09517861902713776,low,1.0,6/6,,1.0,1.19225,low,log2 CPM (AveExpr)
Human vastus lateralis,TTC9C,6/6,1.6502063274383545,mid,1.0,6/6,,1.0,5.16223,mid,log2 CPM (AveExpr)
Human vastus lateralis,ZNF260,6/6,1.672717571258545,mid,1.0,0/6,,,1.659,low,log2 CPM (AveExpr)
Human vastus lateralis,CA1,0/6,,,,6/6,,1.0,0.0661483,,log2 CPM (AveExpr)
Human vastus lateralis,MED8,6/6,2.2090036869049072,mid,1.0,0/6,,,12.0595,high,log2 CPM (AveExpr)
Human vastus lateralis,RNF14,6/6,4.181587219238281,high,1.0,6/6,,1.0,16.5733,high,log2 CPM (AveExpr)
Human vastus lateralis,CHST15,6/6,3.0282485485076904,mid,1.0,0/6,,,6.32626,mid,log2 CPM (AveExpr)
Human vastus lateralis,VPS35,6/6,4.758391857147217,high,1.0,6/6,,1.0,10.6154,mid,log2 CPM (AveExpr)
Human vastus lateralis,LYL1,6/6,0.09636323899030685,low,1.0,0/6,,,1.41903,low,log2 CPM (AveExpr)
Human vastus lateralis,TRIM58,6/6,-2.8849992752075195,low,1.0,0/6,,,0.0296437,low,log2 CPM (AveExpr)
Human vastus lateralis,CRIPT,6/6,2.3785250186920166,mid,1.0,0/6,,,9.65359,mid,log2 CPM (AveExpr)
Human vastus lateralis,IRX3,6/6,1.5802298784255981,mid,1.0,0/6,,,4.83529,mid,log2 CPM (AveExpr)
Human vastus lateralis,GAPT,0/6,,,,0/6,,,0.0341929,,log2 CPM (AveExpr)
Human vastus lateralis,SAMD9,6/6,0.738090991973877,low,1.0,0/6,,,0.374381,low,log2 CPM (AveExpr)
Human vastus lateralis,FAM133B,6/6,2.714376211166382,mid,1.0,0/6,,,5.0454,mid,log2 CPM (AveExpr)
Human vastus lateralis,HPS5,6/6,2.4565346240997314,mid,1.0,0/6,,,3.21639,mid,log2 CPM (AveExpr)
Human vastus lateralis,HMGCL,6/6,4.278884410858154,high,1.0,6/6,,1.0,14.195,high,log2 CPM (AveExpr)
Human vastus lateralis,MED20,6/6,2.694605827331543,mid,1.0,6/6,,1.0,7.79831,mid,log2 CPM (AveExpr)
Human vastus lateralis,EPB42,0/6,,,,6/6,,1.0,0.0255359,,log2 CPM (AveExpr)
Human vastus lateralis,RAB27B,0/6,,,,6/6,,1.0,0.0291221,,log2 CPM (AveExpr)
Human vastus lateralis,DARS2,6/6,2.321995973587036,mid,1.0,6/6,,1.0,4.50061,mid,log2 CPM (AveExpr)
Human vastus lateralis,CENPQ,6/6,0.09166034311056137,low,1.0,0/6,,,2.87463,mid,log2 CPM (AveExpr)
Human vastus lateralis,HBE1,0/6,,,,0/6,,,0.112049,,log2 CPM (AveExpr)
Human vastus lateralis,HCCS,6/6,4.4397406578063965,high,1.0,6/6,,1.0,28.0228,high,log2 CPM (AveExpr)
Human vastus lateralis,TNFSF10,6/6,2.970287561416626,mid,1.0,0/6,,,8.87009,mid,log2 CPM (AveExpr)
Human vastus lateralis,BORCS6,6/6,3.0621559619903564,mid,1.0,6/6,,1.0,9.10775,mid,log2 CPM (AveExpr)
Human vastus lateralis,SLC4A1,6/6,-2.6520814895629883,low,1.0,6/6,,1.0,0.0341018,low,log2 CPM (AveExpr)
Human vastus lateralis,UTP14C,6/6,-0.7540486454963684,low,1.0,0/6,,,6.39942,mid,log2 CPM (AveExpr)
Human vastus lateralis,BBS10,6/6,1.7794523239135742,mid,1.0,0/6,,,4.30478,mid,log2 CPM (AveExpr)
Human vastus lateralis,FAM43A,6/6,2.577233076095581,mid,1.0,0/6,,,3.28782,mid,log2 CPM (AveExpr)
Human vastus lateralis,SAMD9L,6/6,2.739387273788452,mid,1.0,0/6,,,1.40019,low,log2 CPM (AveExpr)
Human vastus lateralis,FRAT2,6/6,2.62498140335083,mid,1.0,0/6,,,5.32005,mid,log2 CPM (AveExpr)
Human vastus lateralis,GIMAP7,6/6,2.1656813621520996,mid,1.0,6/6,,1.0,8.99154,mid,log2 CPM (AveExpr)
Human vastus lateralis,GOLPH3L,6/6,3.0966439247131348,mid,1.0,6/6,,1.0,7.94941,mid,log2 CPM (AveExpr)
Human vastus lateralis,ZNF330,6/6,4.777458190917969,high,1.0,6/6,,1.0,43.0116,high,log2 CPM (AveExpr)
Human vastus lateralis,ZNF175,6/6,2.0854270458221436,mid,1.0,0/6,,,1.5416,low,log2 CPM (AveExpr)
Human vastus lateralis,NUDCD1,6/6,1.8923373222351074,mid,1.0,6/6,,1.0,3.68754,mid,log2 CPM (AveExpr)
Human vastus lateralis,H2BC5,6/6,2.1602771282196045,mid,1.0,0/6,,,8.81576,mid,log2 CPM (AveExpr)
Human vastus lateralis,ELAC1,6/6,0.13737349212169647,low,1.0,0/6,,,1.26817,low,log2 CPM (AveExpr)
Human vastus lateralis,EXD2,6/6,3.5162699222564697,mid,1.0,6/6,,1.0,6.15313,mid,log2 CPM (AveExpr)
Human vastus lateralis,TTC33,6/6,4.018411636352539,high,1.0,6/6,,1.0,5.14258,mid,log2 CPM (AveExpr)
Human vastus lateralis,DHFR2,6/6,0.5497602820396423,low,1.0,0/6,,,0.796061,low,log2 CPM (AveExpr)
Human vastus lateralis,CCR5,0/6,,,,0/6,,,0.0608915,,log2 CPM (AveExpr)
Human vastus lateralis,FAR2,6/6,1.2987449169158936,low,1.0,0/6,,,0.709651,low,log2 CPM (AveExpr)
Human vastus lateralis,IFIT1B,0/6,,,,0/6,,,0.0,,log2 CPM (AveExpr)
Human vastus lateralis,DAB2,6/6,3.1391677856445312,mid,1.0,6/6,,1.0,5.13654,mid,log2 CPM (AveExpr)
Human vastus lateralis,PDK4,6/6,8.27159309387207,high,1.0,6/6,,1.0,1450.41,high,log2 CPM (AveExpr)
Human vastus lateralis,GPN3,6/6,3.4330432415008545,mid,1.0,6/6,,1.0,24.7392,high,log2 CPM (AveExpr)
Human vastus lateralis,CCDC127,6/6,4.254965305328369,high,1.0,6/6,,1.0,6.5802,mid,log2 CPM (AveExpr)
Human vastus lateralis,PEX3,6/6,2.2190916538238525,mid,1.0,0/6,,,7.20608,mid,log2 CPM (AveExpr)
Human vastus lateralis,MIR3142HG,0/6,,,,0/6,,,0.0173922,,log2 CPM (AveExpr)
Human vastus lateralis,TNFRSF1A,6/6,4.583605766296387,high,1.0,0/6,,,43.2256,high,log2 CPM (AveExpr)
Human vastus lateralis,COPB2,6/6,5.135801792144775,high,1.0,6/6,,1.0,19.7749,high,log2 CPM (AveExpr)
Human vastus lateralis,RAB3IL1,6/6,1.3060306310653687,low,1.0,0/6,,,4.58673,mid,log2 CPM (AveExpr)
Human vastus lateralis,GIN1,6/6,2.2929251194000244,mid,1.0,0/6,,,3.4063,mid,log2 CPM (AveExpr)
Human vastus lateralis,ACSL3,6/6,5.14923095703125,high,1.0,6/6,,1.0,15.2635,high,log2 CPM (AveExpr)
Human vastus lateralis,CCDC126,6/6,0.9426575303077698,low,1.0,0/6,,,3.86808,mid,log2 CPM (AveExpr)
Human vastus lateralis,FBXO7,6/6,4.040142059326172,high,1.0,6/6,,1.0,21.2652,high,log2 CPM (AveExpr)
Human vastus lateralis,GYPE,0/6,,,,0/6,,,0.165277,,log2 CPM (AveExpr)
Human vastus lateralis,PHOSPHO1,6/6,0.11133795231580734,low,1.0,6/6,,1.0,1.09684,low,log2 CPM (AveExpr)
Human vastus lateralis,SLC39A9,6/6,2.9227874279022217,mid,1.0,0/6,,,4.66131,mid,log2 CPM (AveExpr)
Human vastus lateralis,DGAT2,6/6,0.6877615451812744,low,1.0,0/6,,,1.59232,low,log2 CPM (AveExpr)
Human vastus lateralis,SEC14L5,6/6,3.072843074798584,mid,1.0,0/6,,,0.745115,low,log2 CPM (AveExpr)
Human vastus lateralis,FPR3,6/6,-1.3358068466186523,low,1.0,0/6,,,0.319764,low,log2 CPM (AveExpr)
Human vastus lateralis,FZD1,6/6,2.0415751934051514,mid,1.0,0/6,,,1.35249,low,log2 CPM (AveExpr)
Human vastus lateralis,SLC16A3,6/6,6.165891170501709,high,1.0,6/6,,1.0,29.7095,high,log2 CPM (AveExpr)
Human vastus lateralis,SH2D3C,6/6,2.9835073947906494,mid,1.0,0/6,,,4.85499,mid,log2 CPM (AveExpr)
Human vastus lateralis,SNX8,6/6,3.1498894691467285,mid,1.0,6/6,,1.0,5.2104,mid,log2 CPM (AveExpr)
Human vastus lateralis,LINC00877,0/6,,,,0/6,,,0.0072055,,log2 CPM (AveExpr)
Human vastus lateralis,STK38L,6/6,2.845228910446167,mid,1.0,6/6,,1.0,5.79672,mid,log2 CPM (AveExpr)
Human vastus lateralis,PTCRA,0/6,,,,0/6,,,0.0,,log2 CPM (AveExpr)
Human vastus lateralis,PREPL,6/6,4.950118064880371,high,1.0,6/6,,1.0,13.5879,high,log2 CPM (AveExpr)
Human vastus lateralis,GCA,6/6,-0.25533416867256165,low,1.0,6/6,,1.0,1.51028,low,log2 CPM (AveExpr)
Human vastus lateralis,NCBP1,6/6,3.7467217445373535,mid,1.0,6/6,,1.0,9.66466,mid,log2 CPM (AveExpr)
Human vastus lateralis,ZNF616,6/6,1.4307754039764404,low,1.0,0/6,,,1.14393,low,log2 CPM (AveExpr)
Human vastus lateralis,TMEM267,6/6,-0.21293385326862335,low,1.0,0/6,,,2.26711,low,log2 CPM (AveExpr)
Human vastus lateralis,YIPF5,6/6,2.530048370361328,mid,1.0,6/6,,1.0,5.40805,mid,log2 CPM (AveExpr)
Human vastus lateralis,FHL2,6/6,4.056277751922607,high,1.0,6/6,,1.0,7.63717,mid,log2 CPM (AveExpr)
Human vastus lateralis,IFNAR1,6/6,4.104734897613525,high,1.0,0/6,,,7.3247,mid,log2 CPM (AveExpr)
Human vastus lateralis,ZC3H14,6/6,4.1045918464660645,high,1.0,6/6,,1.0,3.19464,mid,log2 CPM (AveExpr)
Human vastus lateralis,C2orf88,6/6,3.328348159790039,mid,1.0,6/6,,1.0,3.70303,mid,log2 CPM (AveExpr)
Human vastus lateralis,ELMOD2,6/6,1.6034196615219116,mid,1.0,6/6,,1.0,2.66554,mid,log2 CPM (AveExpr)
Human vastus lateralis,OSBPL11,6/6,5.643365383148193,high,1.0,6/6,,1.0,42.8974,high,log2 CPM (AveExpr)
Human vastus lateralis,SPRYD3,6/6,3.391512393951416,mid,1.0,0/6,,,16.5678,high,log2 CPM (AveExpr)
Human vastus lateralis,MGAT2,6/6,1.7467913627624512,mid,1.0,0/6,,,1.4342,low,log2 CPM (AveExpr)
Human vastus lateralis,KMO,0/6,,,,0/6,,,0.0153934,,log2 CPM (AveExpr)
Human vastus lateralis,IFRD1,6/6,3.3652100563049316,mid,1.0,0/6,,,16.6977,high,log2 CPM (AveExpr)
Human vastus lateralis,PCSK6,6/6,2.6703593730926514,mid,1.0,0/6,,,2.56199,mid,log2 CPM (AveExpr)
Human vastus lateralis,SEC62,6/6,4.990272045135498,high,1.0,6/6,,1.0,14.8761,high,log2 CPM (AveExpr)
Human vastus lateralis,CBR4,6/6,3.494415044784546,mid,1.0,6/6,,1.0,6.75315,mid,log2 CPM (AveExpr)
Human vastus lateralis,STX7,6/6,4.021245956420898,high,1.0,6/6,,1.0,3.2348,mid,log2 CPM (AveExpr)
Human vastus lateralis,BAZ2B,6/6,4.408496379852295,high,1.0,0/6,,,3.78975,mid,log2 CPM (AveExpr)
Human vastus lateralis,TMA16,6/6,0.8755933046340942,low,1.0,6/6,,1.0,5.18126,mid,log2 CPM (AveExpr)
Human vastus lateralis,ZFYVE21,6/6,3.535426139831543,mid,1.0,6/6,,1.0,13.1552,high,log2 CPM (AveExpr)
Human vastus lateralis,SUGT1,6/6,4.516761302947998,high,1.0,6/6,,1.0,4.217,mid,log2 CPM (AveExpr)
Human vastus lateralis,TRNT1,6/6,1.614161491394043,mid,1.0,6/6,,1.0,3.80347,mid,log2 CPM (AveExpr)
Human vastus lateralis,SERAC1,6/6,2.347712516784668,mid,1.0,6/6,,1.0,2.18344,low,log2 CPM (AveExpr)
Human vastus lateralis,GPR141,0/6,,,,0/6,,,0.0142519,,log2 CPM (AveExpr)
Human vastus lateralis,CXCR2,6/6,-1.4930274486541748,low,1.0,0/6,,,0.134873,low,log2 CPM (AveExpr)
Human vastus lateralis,TNFAIP6,0/6,,,,0/6,,,0.741396,,log2 CPM (AveExpr)
Human vastus lateralis,RABIF,6/6,1.1328935623168945,low,1.0,6/6,,1.0,3.66304,mid,log2 CPM (AveExpr)
Human vastus lateralis,XK,6/6,2.791914939880371,mid,1.0,0/6,,,2.4345,mid,log2 CPM (AveExpr)
Human vastus lateralis,RBM4B,6/6,2.7126684188842773,mid,1.0,0/6,,,4.12886,mid,log2 CPM (AveExpr)
Human vastus lateralis,GBP1,6/6,2.0818893909454346,mid,1.0,6/6,,1.0,2.32749,mid,log2 CPM (AveExpr)
Human vastus lateralis,SELENBP1,6/6,5.109104633331299,high,1.0,6/6,,1.0,49.0844,high,log2 CPM (AveExpr)
Human vastus lateralis,SERPINB9,6/6,0.7088779807090759,low,1.0,6/6,,1.0,1.33588,low,log2 CPM (AveExpr)
Human vastus lateralis,NABP1,6/6,1.0054682493209839,low,1.0,0/6,,,0.767983,low,log2 CPM (AveExpr)
Human vastus lateralis,TMEM169,0/6,,,,0/6,,,0.0417417,,log2 CPM (AveExpr)
Human vastus lateralis,MOB3C,6/6,4.150138854980469,high,1.0,0/6,,,9.9564,mid,log2 CPM (AveExpr)
Human vastus lateralis,YIPF4,6/6,4.674993991851807,high,1.0,6/6,,1.0,6.39863,mid,log2 CPM (AveExpr)
Human vastus lateralis,MED18,6/6,2.01395583152771,mid,1.0,6/6,,1.0,6.968,mid,log2 CPM (AveExpr)
Human vastus lateralis,MYL4,0/6,,,,6/6,,1.0,0.624778,,log2 CPM (AveExpr)
Human vastus lateralis,FAXDC2,6/6,3.4418351650238037,mid,1.0,0/6,,,5.20425,mid,log2 CPM (AveExpr)
Human vastus lateralis,CCDC121,6/6,0.8202078342437744,low,1.0,0/6,,,1.40254,low,log2 CPM (AveExpr)
Human vastus lateralis,MMACHC,6/6,2.9588334560394287,mid,1.0,0/6,,,2.44639,mid,log2 CPM (AveExpr)
Human vastus lateralis,BPTF,6/6,5.36175012588501,high,1.0,0/6,,,7.57286,mid,log2 CPM (AveExpr)
Human vastus lateralis,CENPE,0/6,,,,0/6,,,0.0595288,,log2 CPM (AveExpr)
Human vastus lateralis,GLS,6/6,3.439695358276367,mid,1.0,6/6,,1.0,6.59261,mid,log2 CPM (AveExpr)
Human vastus lateralis,CSTF3,6/6,2.6196258068084717,mid,1.0,6/6,,1.0,4.75362,mid,log2 CPM (AveExpr)
Human vastus lateralis,ZKSCAN7,6/6,-0.10012347251176834,low,1.0,0/6,,,0.586784,low,log2 CPM (AveExpr)
Human vastus lateralis,UTP3,6/6,2.648531675338745,mid,1.0,6/6,,1.0,12.1815,high,log2 CPM (AveExpr)
Human vastus lateralis,HBG1,0/6,,,,6/6,,1.0,0.0404319,,log2 CPM (AveExpr)
Human vastus lateralis,MINPP1,6/6,1.2526658773422241,low,1.0,6/6,,1.0,3.051,mid,log2 CPM (AveExpr)
Human vastus lateralis,FASLG,0/6,,,,0/6,,,0.0,,log2 CPM (AveExpr)
Human vastus lateralis,THAP2,6/6,1.104910135269165,low,1.0,0/6,,,1.21084,low,log2 CPM (AveExpr)
Human vastus lateralis,MUC6,6/6,-0.41819873452186584,low,1.0,0/6,,,0.0600823,low,log2 CPM (AveExpr)
Human vastus lateralis,BPGM,6/6,3.55678129196167,mid,1.0,6/6,,1.0,10.2855,mid,log2 CPM (AveExpr)
Human vastus lateralis,P2RY13,6/6,-2.1454219818115234,low,1.0,0/6,,,0.121681,low,log2 CPM (AveExpr)
Human vastus lateralis,HBG2,0/6,,,,6/6,,1.0,0.101817,,log2 CPM (AveExpr)
Human vastus lateralis,ARHGAP18,6/6,3.4007468223571777,mid,1.0,6/6,,1.0,3.12783,mid,log2 CPM (AveExpr)
Human vastus lateralis,GYPB,0/6,,,,0/6,,,0.0,,log2 CPM (AveExpr)
Human vastus lateralis,PPIL1,6/6,2.5104870796203613,mid,1.0,6/6,,1.0,10.4928,mid,log2 CPM (AveExpr)
Human vastus lateralis,TRIM10,0/6,,,,0/6,,,0.0,,log2 CPM (AveExpr)
Human vastus lateralis,RNF149,6/6,2.687715768814087,mid,1.0,0/6,,,6.92321,mid,log2 CPM (AveExpr)
Human vastus lateralis,TMEM39A,6/6,2.1897401809692383,mid,1.0,0/6,,,3.95088,mid,log2 CPM (AveExpr)
Human vastus lateralis,SLFN14,0/6,,,,0/6,,,0.013012,,log2 CPM (AveExpr)
Human vastus lateralis,ZNF189,6/6,2.944995880126953,mid,1.0,0/6,,,9.75593,mid,log2 CPM (AveExpr)
Human vastus lateralis,AQP10,0/6,,,,0/6,,,0.00872119,,log2 CPM (AveExpr)
Human vastus lateralis,RGS18,0/6,,,,0/6,,,0.0897305,,log2 CPM (AveExpr)
Human vastus lateralis,P2RY1,6/6,3.9222002029418945,high,1.0,0/6,,,0.910659,low,log2 CPM (AveExpr)
Human vastus lateralis,MRPL35,6/6,4.767281532287598,high,1.0,6/6,,1.0,21.9955,high,log2 CPM (AveExpr)
Human vastus lateralis,DDX58,6/6,2.7753210067749023,mid,1.0,6/6,,1.0,3.69742,mid,log2 CPM (AveExpr)
Human vastus lateralis,TMEM158,6/6,0.1302645057439804,low,1.0,0/6,,,0.923567,low,log2 CPM (AveExpr)
Human vastus lateralis,ANKRD50,6/6,2.061840534210205,mid,1.0,0/6,,,1.11201,low,log2 CPM (AveExpr)
Human vastus lateralis,ANGPT1,6/6,4.124993801116943,high,1.0,0/6,,,3.47548,mid,log2 CPM (AveExpr)
Human vastus lateralis,TMCC2,6/6,3.2948176860809326,mid,1.0,0/6,,,3.65064,mid,log2 CPM (AveExpr)
Human vastus lateralis,F2RL1,0/6,,,,0/6,,,0.0370131,,log2 CPM (AveExpr)
Human vastus lateralis,VPS37A,6/6,4.330569744110107,high,1.0,6/6,,1.0,14.9511,high,log2 CPM (AveExpr)
Human vastus lateralis,GIMAP5,6/6,2.7060837745666504,mid,1.0,0/6,,,9.31468,mid,log2 CPM (AveExpr)
Human vastus lateralis,RTN2,6/6,7.143311500549316,high,1.0,6/6,,1.0,105.878,high,log2 CPM (AveExpr)
Human vastus lateralis,DCLRE1A,6/6,1.4844192266464233,low,1.0,0/6,,,2.53148,mid,log2 CPM (AveExpr)
Human vastus lateralis,ZKSCAN3,6/6,0.9434146285057068,low,1.0,0/6,,,0.953314,low,log2 CPM (AveExpr)
Human vastus lateralis,EEPD1,6/6,4.69703483581543,high,1.0,6/6,,1.0,21.3764,high,log2 CPM (AveExpr)
Human vastus lateralis,LARP4,6/6,4.7014241218566895,high,1.0,6/6,,1.0,15.1307,high,log2 CPM (AveExpr)
Human vastus lateralis,GPM6B,6/6,0.4500124156475067,low,1.0,0/6,,,1.16651,low,log2 CPM (AveExpr)
Human vastus lateralis,BBS12,0/6,,,,0/6,,,0.406499,,log2 CPM (AveExpr)
Human vastus lateralis,DYNLL1,6/6,3.4515652656555176,mid,1.0,6/6,,1.0,9.84142,mid,log2 CPM (AveExpr)
Human vastus lateralis,P2RY14,6/6,-0.1420956552028656,low,1.0,0/6,,,1.54851,low,log2 CPM (AveExpr)
Human vastus lateralis,NDUFV3,6/6,5.7737836837768555,high,1.0,6/6,,2.0,27.0772,high,log2 CPM (AveExpr)
Human vastus lateralis,ISCA2,6/6,3.193397045135498,mid,1.0,6/6,,1.0,9.20117,mid,log2 CPM (AveExpr)
Human vastus lateralis,GMPR,6/6,6.834475517272949,high,1.0,6/6,,1.0,250.308,high,log2 CPM (AveExpr)
Human vastus lateralis,SLC25A37,6/6,5.594536781311035,high,1.0,0/6,,,13.4442,high,log2 CPM (AveExpr)
Human vastus lateralis,TIMMDC1,6/6,5.257505893707275,high,1.0,6/6,,1.0,83.4635,high,log2 CPM (AveExpr)
Human vastus lateralis,ARV1,6/6,2.4941632747650146,mid,1.0,0/6,,,8.75068,mid,log2 CPM (AveExpr)
Human vastus lateralis,TPM1,6/6,11.419188499450684,high,1.0,6/6,,4.0,416.835,high,log2 CPM (AveExpr)
Human vastus lateralis,RWDD1,6/6,4.862752437591553,high,1.0,6/6,,1.0,20.585,high,log2 CPM (AveExpr)
Human vastus lateralis,ETNK1,6/6,2.4277255535125732,mid,1.0,0/6,,,3.85017,mid,log2 CPM (AveExpr)
Human vastus lateralis,TNFAIP3,6/6,2.602562189102173,mid,1.0,6/6,,1.0,3.94467,mid,log2 CPM (AveExpr)
Human vastus lateralis,CAMK4,0/6,,,,0/6,,,0.0235755,,log2 CPM (AveExpr)
Human vastus lateralis,PEAK1,6/6,4.920526027679443,high,1.0,0/6,,,2.9221,mid,log2 CPM (AveExpr)
Human vastus lateralis,DYNLL2,6/6,6.957785606384277,high,1.0,6/6,,1.0,50.1666,high,log2 CPM (AveExpr)
Human vastus lateralis,FXR1,6/6,8.545012474060059,high,1.0,6/6,,1.0,96.3122,high,log2 CPM (AveExpr)
Human vastus lateralis,PVT1,6/6,-2.1279971599578857,low,1.0,0/6,,,0.673204,low,log2 CPM (AveExpr)
Human vastus lateralis,SBDSP1,6/6,2.7618298530578613,mid,1.0,0/6,,,17.3057,high,log2 CPM (AveExpr)
Human vastus lateralis,DNAJB1,6/6,5.595212459564209,high,1.0,6/6,,1.0,14.5943,high,log2 CPM (AveExpr)
Human vastus lateralis,KLHL15,6/6,2.1712875366210938,mid,1.0,0/6,,,2.8705,mid,log2 CPM (AveExpr)
Human vastus lateralis,CXCR4,6/6,-0.6788839101791382,low,1.0,0/6,,,2.39454,mid,log2 CPM (AveExpr)
Human vastus lateralis,TSC22D3,6/6,5.864846229553223,high,1.0,6/6,,1.0,195.525,high,log2 CPM (AveExpr)
Human vastus lateralis,MAFF,6/6,1.265602946281433,low,1.0,0/6,,,31.404,high,log2 CPM (AveExpr)
Human vastus lateralis,BCL2L11,6/6,3.245546817779541,mid,1.0,0/6,,,6.24343,mid,log2 CPM (AveExpr)
Human vastus lateralis,KLF9,6/6,6.749111652374268,high,1.0,0/6,,,97.8045,high,log2 CPM (AveExpr)
Human vastus lateralis,BCL2,6/6,5.820007801055908,high,1.0,6/6,,1.0,4.07969,mid,log2 CPM (AveExpr)
Human vastus lateralis,ZXDA,6/6,2.4383583068847656,mid,1.0,0/6,,,1.15673,low,log2 CPM (AveExpr)
Human vastus lateralis,TMEM119,6/6,-0.5773770213127136,low,1.0,6/6,,1.0,0.398024,low,log2 CPM (AveExpr)
Human vastus lateralis,MGAT4A,6/6,1.9434211254119873,mid,1.0,0/6,,,2.0102,low,log2 CPM (AveExpr)
Human vastus lateralis,WNT7A,0/6,,,,0/6,,,0.0,,log2 CPM (AveExpr)
Human vastus lateralis,CNNM2,6/6,1.6427916288375854,mid,1.0,0/6,,,0.661175,low,log2 CPM (AveExpr)
Human vastus lateralis,NAA16,6/6,2.782036066055298,mid,1.0,0/6,,,6.25549,mid,log2 CPM (AveExpr)
Human vastus lateralis,UBE2D2,6/6,5.642735958099365,high,1.0,0/6,,,53.9,high,log2 CPM (AveExpr)
Human vastus lateralis,JMY,6/6,4.188966751098633,high,1.0,6/6,,1.0,7.12102,mid,log2 CPM (AveExpr)
Human vastus lateralis,JUN,6/6,7.3295087814331055,high,1.0,0/6,,,82.9768,high,log2 CPM (AveExpr)
Human vastus lateralis,ABL1,6/6,5.136237621307373,high,1.0,6/6,,1.0,18.7464,high,log2 CPM (AveExpr)
Human vastus lateralis,PIK3IP1,6/6,3.2636187076568604,mid,1.0,0/6,,,12.4269,high,log2 CPM (AveExpr)
Human vastus lateralis,STK17B,6/6,0.7382315993309021,low,1.0,0/6,,,1.34345,low,log2 CPM (AveExpr)
Human vastus lateralis,SON,6/6,7.273983478546143,high,1.0,6/6,,1.0,34.489,high,log2 CPM (AveExpr)
Human vastus lateralis,PIM3,6/6,5.036098957061768,high,1.0,0/6,,,80.7028,high,log2 CPM (AveExpr)
Human vastus lateralis,SIK1,6/6,-1.598196029663086,low,1.0,0/6,,,0.972744,low,log2 CPM (AveExpr)
Human vastus lateralis,CSRNP1,6/6,3.0178909301757812,mid,1.0,0/6,,,27.8142,high,log2 CPM (AveExpr)
Human vastus lateralis,FEM1B,6/6,4.9498090744018555,high,1.0,0/6,,,30.272,high,log2 CPM (AveExpr)
Human vastus lateralis,RGPD5,6/6,3.367225170135498,mid,1.0,0/6,,,0.00767166,low,log2 CPM (AveExpr)
Human vastus lateralis,STARD7,6/6,7.28645133972168,high,1.0,6/6,,1.0,153.306,high,log2 CPM (AveExpr)
Human vastus lateralis,DDIT3,6/6,2.548678398132324,mid,1.0,0/6,,,21.3726,high,log2 CPM (AveExpr)
Human vastus lateralis,PPP1R8,6/6,3.2600998878479004,mid,1.0,6/6,,1.0,13.8031,high,log2 CPM (AveExpr)
Human vastus lateralis,IRF2BP2,6/6,5.95762825012207,high,1.0,6/6,,1.0,33.0494,high,log2 CPM (AveExpr)
Human vastus lateralis,TCP11L2,6/6,3.471092939376831,mid,1.0,6/6,,1.0,3.39194,mid,log2 CPM (AveExpr)
Human vastus lateralis,ID1,6/6,3.6668646335601807,mid,1.0,0/6,,,16.8748,high,log2 CPM (AveExpr)
Human vastus lateralis,ZNF394,6/6,2.729492664337158,mid,1.0,0/6,,,9.52301,mid,log2 CPM (AveExpr)
Human vastus lateralis,MTFP1,6/6,1.5459237098693848,low,1.0,0/6,,,11.9221,high,log2 CPM (AveExpr)
Human vastus lateralis,CCDC173,0/6,,,,0/6,,,0.0260951,,log2 CPM (AveExpr)
Human vastus lateralis,MED13,6/6,5.6386494636535645,high,1.0,0/6,,,14.4837,high,log2 CPM (AveExpr)
Human vastus lateralis,CD69,0/6,,,,0/6,,,0.321557,,log2 CPM (AveExpr)
Human vastus lateralis,DUSP2,6/6,-1.0863771438598633,low,1.0,0/6,,,1.6768,low,log2 CPM (AveExpr)
Human vastus lateralis,ACAN,6/6,-2.9924588203430176,low,1.0,0/6,,,0.0568927,low,log2 CPM (AveExpr)
Human vastus lateralis,RGS1,0/6,,,,0/6,,,1.12134,,log2 CPM (AveExpr)
Human vastus lateralis,SBDS,6/6,6.974932670593262,high,1.0,6/6,,1.0,264.963,high,log2 CPM (AveExpr)
Human vastus lateralis,ZBTB25,6/6,3.1206932067871094,mid,1.0,0/6,,,2.32531,mid,log2 CPM (AveExpr)
Human vastus lateralis,DRD3,0/6,,,,0/6,,,0.0,,log2 CPM (AveExpr)
Human vastus lateralis,TMEM30B,6/6,0.586324155330658,low,1.0,0/6,,,0.68251,low,log2 CPM (AveExpr)
Human vastus lateralis,PPP1R15A,6/6,4.842474460601807,high,1.0,0/6,,,48.0177,high,log2 CPM (AveExpr)
Human vastus lateralis,ING5,6/6,3.9054977893829346,high,1.0,0/6,,,6.12418,mid,log2 CPM (AveExpr)
Human vastus lateralis,ZNF101,6/6,0.05509118363261223,low,1.0,0/6,,,0.673974,low,log2 CPM (AveExpr)
Human vastus lateralis,NAA20,6/6,4.054050445556641,high,1.0,6/6,,1.0,44.19,high,log2 CPM (AveExpr)
Human vastus lateralis,TOE1,6/6,0.8718383312225342,low,1.0,0/6,,,2.84177,mid,log2 CPM (AveExpr)
Human vastus lateralis,GZF1,6/6,2.947662115097046,mid,1.0,0/6,,,6.11444,mid,log2 CPM (AveExpr)
Human vastus lateralis,WHAMM,6/6,4.095571041107178,high,1.0,0/6,,,14.8966,high,log2 CPM (AveExpr)
Human vastus lateralis,MAGOHB,6/6,0.1661822497844696,low,1.0,0/6,,,1.17975,low,log2 CPM (AveExpr)
Human vastus lateralis,ELK4,6/6,4.800112724304199,high,1.0,0/6,,,7.57201,mid,log2 CPM (AveExpr)
Human vastus lateralis,MYLIP,6/6,4.598651885986328,high,1.0,0/6,,,13.2406,high,log2 CPM (AveExpr)
Human vastus lateralis,SMDT1,6/6,4.528835296630859,high,1.0,6/6,,1.0,70.3444,high,log2 CPM (AveExpr)
Human vastus lateralis,AVPI1,6/6,-0.21246248483657837,low,1.0,0/6,,,6.94274,mid,log2 CPM (AveExpr)
Human vastus lateralis,CIRBP,6/6,7.027069568634033,high,1.0,6/6,,1.0,74.5653,high,log2 CPM (AveExpr)
Human vastus lateralis,EIF1,6/6,8.865036010742188,high,1.0,6/6,,1.0,632.981,high,log2 CPM (AveExpr)
Human vastus lateralis,GRPEL1,6/6,4.246635913848877,high,1.0,6/6,,1.0,27.3646,high,log2 CPM (AveExpr)
Human vastus lateralis,CD83,6/6,-0.7834355235099792,low,1.0,0/6,,,0.862747,low,log2 CPM (AveExpr)
Human vastus lateralis,NR4A2,6/6,0.46106472611427307,low,1.0,0/6,,,4.34552,mid,log2 CPM (AveExpr)
Human vastus lateralis,RPL32,6/6,7.868303298950195,high,1.0,6/6,,1.0,342.351,high,log2 CPM (AveExpr)
Human vastus lateralis,BTG3,6/6,-0.9699636101722717,low,1.0,0/6,,,2.40896,mid,log2 CPM (AveExpr)
Human vastus lateralis,CEP170,6/6,4.952734470367432,high,1.0,6/6,,1.0,4.49094,mid,log2 CPM (AveExpr)
Human vastus lateralis,TCEA3,6/6,8.004571914672852,high,1.0,6/6,,1.0,185.853,high,log2 CPM (AveExpr)
Human vastus lateralis,MFHAS1,6/6,1.4767415523529053,low,1.0,0/6,,,1.80125,low,log2 CPM (AveExpr)
Human vastus lateralis,GPR183,0/6,,,,0/6,,,1.18151,,log2 CPM (AveExpr)
Human vastus lateralis,BHLHE40,6/6,6.345670223236084,high,1.0,0/6,,,182.03,high,log2 CPM (AveExpr)
Human vastus lateralis,KANSL2,6/6,3.9617130756378174,high,1.0,0/6,,,26.3956,high,log2 CPM (AveExpr)
Human vastus lateralis,NFKBIA,6/6,4.944568157196045,high,1.0,6/6,,1.0,88.6113,high,log2 CPM (AveExpr)
Human vastus lateralis,ZBTB10,6/6,3.4769392013549805,mid,1.0,0/6,,,3.74436,mid,log2 CPM (AveExpr)
Human vastus lateralis,GCOM1,6/6,1.8314480781555176,mid,1.0,0/6,,,,,log2 CPM (AveExpr)
Human vastus lateralis,RGCC,6/6,2.50093936920166,mid,1.0,6/6,,1.0,27.6327,high,log2 CPM (AveExpr)
Human vastus lateralis,BRWD1,6/6,5.280585289001465,high,1.0,0/6,,,6.56623,mid,log2 CPM (AveExpr)
Human vastus lateralis,H3-3B,6/6,6.286088943481445,high,1.0,0/6,,,98.3828,high,log2 CPM (AveExpr)
Human vastus lateralis,REM2,0/6,,,,0/6,,,0.404914,,log2 CPM (AveExpr)
Human vastus lateralis,NAP1L5,6/6,-0.10189519822597504,low,1.0,0/6,,,2.03903,low,log2 CPM (AveExpr)
Human vastus lateralis,NXT1,6/6,0.5160256028175354,low,1.0,0/6,,,7.30159,mid,log2 CPM (AveExpr)
Human vastus lateralis,JUND,6/6,5.250299453735352,high,1.0,0/6,,,50.8473,high,log2 CPM (AveExpr)
Human vastus lateralis,PHLDA1,6/6,0.38355588912963867,low,1.0,0/6,,,2.73855,mid,log2 CPM (AveExpr)
Human vastus lateralis,PSMA1,6/6,5.036107063293457,high,1.0,6/6,,1.0,79.7916,high,log2 CPM (AveExpr)
Human vastus lateralis,DUSP8,6/6,3.632594347000122,mid,1.0,0/6,,,9.74017,mid,log2 CPM (AveExpr)
Human vastus lateralis,FOSL2,6/6,5.238132953643799,high,1.0,0/6,,,66.1262,high,log2 CPM (AveExpr)
Human vastus lateralis,IRS2,6/6,4.599186420440674,high,1.0,0/6,,,16.635,high,log2 CPM (AveExpr)
Human vastus lateralis,GABARAPL1,6/6,5.520744323730469,high,1.0,6/6,,1.0,124.138,high,log2 CPM (AveExpr)
Human vastus lateralis,TSHZ2,6/6,1.0724616050720215,low,1.0,0/6,,,0.517816,low,log2 CPM (AveExpr)
Human vastus lateralis,BEX5,0/6,,,,0/6,,,0.23893,,log2 CPM (AveExpr)
Human vastus lateralis,NR3C2,6/6,4.454753398895264,high,1.0,0/6,,,3.92722,mid,log2 CPM (AveExpr)
Human vastus lateralis,CFAP20,6/6,2.1764466762542725,mid,1.0,6/6,,1.0,7.29131,mid,log2 CPM (AveExpr)
Human vastus lateralis,TSPYL2,6/6,4.291590690612793,high,1.0,0/6,,,66.2819,high,log2 CPM (AveExpr)
Human vastus lateralis,ACVR1B,6/6,3.67594313621521,mid,1.0,0/6,,,8.01273,mid,log2 CPM (AveExpr)
Human vastus lateralis,BNIP1,6/6,1.3906004428863525,low,1.0,6/6,,1.0,4.79523,mid,log2 CPM (AveExpr)
Human vastus lateralis,GPRIN3,6/6,1.9353601932525635,mid,1.0,0/6,,,0.647881,low,log2 CPM (AveExpr)
Human vastus lateralis,SMAD7,6/6,3.0040435791015625,mid,1.0,0/6,,,7.95222,mid,log2 CPM (AveExpr)
Human vastus lateralis,RCC1L,6/6,5.720395565032959,high,1.0,6/6,,1.0,50.1398,high,log2 CPM (AveExpr)
Human vastus lateralis,BAG3,6/6,7.774577617645264,high,1.0,6/6,,1.0,370.373,high,log2 CPM (AveExpr)
Human vastus lateralis,PDZD8,6/6,3.5575854778289795,mid,1.0,0/6,,,4.16622,mid,log2 CPM (AveExpr)
Human vastus lateralis,POLR2M,6/6,4.686352729797363,high,1.0,6/6,,2.0,13.2047,high,log2 CPM (AveExpr)
Human vastus lateralis,ZXDB,6/6,2.527862071990967,mid,1.0,0/6,,,3.11823,mid,log2 CPM (AveExpr)
Human vastus lateralis,BCL11A,0/6,,,,0/6,,,0.0172427,,log2 CPM (AveExpr)
Human vastus lateralis,BTF3,6/6,6.95359992980957,high,1.0,6/6,,1.0,431.032,high,log2 CPM (AveExpr)
Human vastus lateralis,JOSD1,6/6,3.576768398284912,mid,1.0,0/6,,,15.4089,high,log2 CPM (AveExpr)
Human vastus lateralis,SPRY1,6/6,4.051387786865234,high,1.0,6/6,,1.0,20.0131,high,log2 CPM (AveExpr)
Human vastus lateralis,HIPK1,6/6,5.649385452270508,high,1.0,0/6,,,14.9928,high,log2 CPM (AveExpr)
Human vastus lateralis,SNHG15,6/6,0.7651824355125427,low,1.0,0/6,,,2.35697,mid,log2 CPM (AveExpr)
Human vastus lateralis,OBSCN,6/6,12.285002708435059,high,1.0,6/6,,2.0,212.953,high,log2 CPM (AveExpr)
Human vastus lateralis,ZC3H12A,6/6,0.937116265296936,low,1.0,0/6,,,6.42776,mid,log2 CPM (AveExpr)
Human vastus lateralis,CCDC184,6/6,-1.664062261581421,low,1.0,0/6,,,0.679993,low,log2 CPM (AveExpr)
Human vastus lateralis,RBM33,6/6,6.031957626342773,high,1.0,0/6,,,12.0913,high,log2 CPM (AveExpr)
Human vastus lateralis,MOAP1,6/6,4.52128267288208,high,1.0,0/6,,,32.6243,high,log2 CPM (AveExpr)
Human vastus lateralis,JUNB,6/6,3.218116283416748,mid,1.0,0/6,,,79.1112,high,log2 CPM (AveExpr)
Human vastus lateralis,HAS3,6/6,0.13215862214565277,low,1.0,0/6,,,0.463924,low,log2 CPM (AveExpr)
Human vastus lateralis,CABP4,6/6,-1.0381418466567993,low,1.0,0/6,,,0.501048,low,log2 CPM (AveExpr)
Human vastus lateralis,TCAF2,6/6,-1.4058791399002075,low,1.0,0/6,,,0.242505,low,log2 CPM (AveExpr)
Human vastus lateralis,SDHAP1,6/6,2.911757230758667,mid,1.0,0/6,,,5.56851,mid,log2 CPM (AveExpr)
Human vastus lateralis,TIPARP,6/6,2.4607248306274414,mid,1.0,0/6,,,7.23446,mid,log2 CPM (AveExpr)
Human vastus lateralis,BEX3,6/6,1.2072877883911133,low,1.0,0/6,,,8.8184,mid,log2 CPM (AveExpr)
Human vastus lateralis,BEX2,6/6,-1.584851861000061,low,1.0,0/6,,,2.56377,mid,log2 CPM (AveExpr)
Human vastus lateralis,ARL4C,6/6,-0.8457357883453369,low,1.0,0/6,,,0.92878,low,log2 CPM (AveExpr)
Human vastus lateralis,TOB1,6/6,6.731081008911133,high,1.0,0/6,,,60.9866,high,log2 CPM (AveExpr)
Human vastus lateralis,RBM3,6/6,4.986560344696045,high,1.0,6/6,,1.0,48.1617,high,log2 CPM (AveExpr)
Human vastus lateralis,RMND5A,6/6,6.928607940673828,high,1.0,6/6,,1.0,37.0144,high,log2 CPM (AveExpr)
Human vastus lateralis,KCNQ1,6/6,-0.6269921064376831,low,1.0,0/6,,,0.381233,low,log2 CPM (AveExpr)
Human vastus lateralis,VAPA,6/6,6.099363803863525,high,1.0,6/6,,2.0,32.5127,high,log2 CPM (AveExpr)
Human vastus lateralis,CTRL,0/6,,,,0/6,,,1.00657,,log2 CPM (AveExpr)
Human vastus lateralis,MATR3,6/6,4.773673057556152,high,2.0,6/6,,1.0,3.81081,mid,log2 CPM (AveExpr)
Human vastus lateralis,PHC3,6/6,4.916126251220703,high,1.0,0/6,,,4.27835,mid,log2 CPM (AveExpr)
Human vastus lateralis,ABLIM1,6/6,5.550156593322754,high,1.0,6/6,,2.0,42.8285,high,log2 CPM (AveExpr)
Human vastus lateralis,ARL4A,6/6,-0.6774413585662842,low,1.0,0/6,,,2.11172,low,log2 CPM (AveExpr)
Human vastus lateralis,ATF3,6/6,2.3462631702423096,mid,1.0,0/6,,,8.1471,mid,log2 CPM (AveExpr)
Human vastus lateralis,ZBTB43,6/6,4.849109649658203,high,1.0,0/6,,,23.3365,high,log2 CPM (AveExpr)
Human vastus lateralis,FAM209A,0/6,,,,0/6,,,0.122218,,log2 CPM (AveExpr)
Human vastus lateralis,ATE1,6/6,4.159168243408203,high,1.0,6/6,,1.0,14.2891,high,log2 CPM (AveExpr)
Human vastus lateralis,PIAS2,6/6,4.308774471282959,high,1.0,0/6,,,4.64038,mid,log2 CPM (AveExpr)
Human vastus lateralis,ADPRM,6/6,1.279672384262085,low,1.0,6/6,,1.0,9.65712,mid,log2 CPM (AveExpr)
Human vastus lateralis,TRAPPC9,6/6,5.542261600494385,high,1.0,6/6,,1.0,15.4621,high,log2 CPM (AveExpr)
Human vastus lateralis,LATS1,6/6,3.5097973346710205,mid,1.0,0/6,,,4.71186,mid,log2 CPM (AveExpr)
Human vastus lateralis,PHF14,6/6,2.8644158840179443,mid,1.0,0/6,,,3.86629,mid,log2 CPM (AveExpr)
Human vastus lateralis,UHRF1BP1L,6/6,3.9832732677459717,high,1.0,6/6,,1.0,10.7907,mid,log2 CPM (AveExpr)
Human vastus lateralis,DDX20,6/6,2.795133352279663,mid,1.0,6/6,,1.0,5.7397,mid,log2 CPM (AveExpr)
Human vastus lateralis,SAMD8,6/6,4.933783531188965,high,1.0,0/6,,,17.7424,high,log2 CPM (AveExpr)
Human vastus lateralis,CLK1,6/6,5.566231727600098,high,1.0,0/6,,,60.2114,high,log2 CPM (AveExpr)
Human vastus lateralis,LYPD3,0/6,,,,0/6,,,0.30816,,log2 CPM (AveExpr)
Human vastus lateralis,EXOSC6,6/6,3.7710413932800293,mid,1.0,6/6,,1.0,8.32582,mid,log2 CPM (AveExpr)
Human vastus lateralis,KLHL7,6/6,3.1094722747802734,mid,1.0,0/6,,,4.71176,mid,log2 CPM (AveExpr)
Human vastus lateralis,MID2,6/6,4.280999660491943,high,1.0,0/6,,,6.91283,mid,log2 CPM (AveExpr)
Human vastus lateralis,COMMD5,6/6,2.1982452869415283,mid,1.0,6/6,,1.0,8.03424,mid,log2 CPM (AveExpr)
Human vastus lateralis,MMP28,6/6,0.8930447101593018,low,1.0,0/6,,,1.42625,low,log2 CPM (AveExpr)
Human vastus lateralis,ASB3,6/6,1.2104943990707397,low,1.0,0/6,,,1.51431,low,log2 CPM (AveExpr)
Human vastus lateralis,INTS6-AS1,6/6,-0.17152342200279236,low,1.0,0/6,,,0.253516,low,log2 CPM (AveExpr)
Human vastus lateralis,PER1,6/6,7.017558574676514,high,1.0,0/6,,,139.285,high,log2 CPM (AveExpr)
Human vastus lateralis,UBALD2,6/6,4.404055595397949,high,1.0,0/6,,,64.2201,high,log2 CPM (AveExpr)
Human vastus lateralis,RWDD2A,6/6,1.0063753128051758,low,1.0,6/6,,1.0,1.88665,low,log2 CPM (AveExpr)
Human vastus lateralis,TRAF6,6/6,3.2232563495635986,mid,1.0,6/6,,1.0,4.55779,mid,log2 CPM (AveExpr)
Human vastus lateralis,BAG4,6/6,2.322782516479492,mid,1.0,6/6,,1.0,2.94557,mid,log2 CPM (AveExpr)
Human vastus lateralis,HSF2,6/6,4.505941867828369,high,1.0,0/6,,,32.9611,high,log2 CPM (AveExpr)
Human vastus lateralis,ASB7,6/6,1.7474850416183472,mid,1.0,0/6,,,2.56815,mid,log2 CPM (AveExpr)
Human vastus lateralis,GRASP,0/6,,,,0/6,,,11.0447,,log2 CPM (AveExpr)
Human vastus lateralis,RFX3,6/6,1.9725638628005981,mid,1.0,0/6,,,1.85627,low,log2 CPM (AveExpr)
Human vastus lateralis,FBXO33,6/6,1.0658245086669922,low,1.0,0/6,,,2.34217,mid,log2 CPM (AveExpr)
Human vastus lateralis,ZNF256,6/6,1.1576515436172485,low,1.0,0/6,,,2.1937,low,log2 CPM (AveExpr)
Human vastus lateralis,JADE1,6/6,4.128849506378174,high,1.0,0/6,,,6.20385,mid,log2 CPM (AveExpr)
Human vastus lateralis,CD6,6/6,-2.1718246936798096,low,1.0,0/6,,,0.10054,low,log2 CPM (AveExpr)
Human vastus lateralis,MORF4L1,6/6,6.766171932220459,high,1.0,6/6,,1.0,111.744,high,log2 CPM (AveExpr)
Human vastus lateralis,OSER1,6/6,4.41682767868042,high,1.0,0/6,,,75.1929,high,log2 CPM (AveExpr)
Human vastus lateralis,RBBP6,6/6,4.853516578674316,high,1.0,6/6,,1.0,12.5897,high,log2 CPM (AveExpr)
Human vastus lateralis,RORA,6/6,5.571727275848389,high,1.0,0/6,,,22.7651,high,log2 CPM (AveExpr)
Human vastus lateralis,GET4,6/6,4.84480094909668,high,1.0,6/6,,1.0,2.51868,mid,log2 CPM (AveExpr)
Human vastus lateralis,EEF1D,6/6,7.6983489990234375,high,1.0,6/6,,1.0,41.8851,high,log2 CPM (AveExpr)
Human vastus lateralis,OXNAD1,6/6,3.402228832244873,mid,1.0,6/6,,1.0,3.1565,mid,log2 CPM (AveExpr)
Human vastus lateralis,TCF7,6/6,-0.9994347095489502,low,1.0,0/6,,,0.212766,low,log2 CPM (AveExpr)
Human vastus lateralis,ZNF815P,6/6,-1.9032520055770874,low,1.0,0/6,,,0.155875,low,log2 CPM (AveExpr)
Human vastus lateralis,OCIAD2,6/6,-0.5983095169067383,low,1.0,6/6,,1.0,2.45014,mid,log2 CPM (AveExpr)
Human vastus lateralis,ABT1,6/6,2.906459331512451,mid,1.0,0/6,,,7.57811,mid,log2 CPM (AveExpr)
Human vastus lateralis,MED10,6/6,2.5263290405273438,mid,1.0,0/6,,,23.6297,high,log2 CPM (AveExpr)
Human vastus lateralis,MLLT6,6/6,7.447850704193115,high,1.0,0/6,,,43.6024,high,log2 CPM (AveExpr)
Human vastus lateralis,TRERF1,6/6,0.5358768701553345,low,1.0,0/6,,,0.494029,low,log2 CPM (AveExpr)
Human vastus lateralis,DNAJB9,6/6,3.184187650680542,mid,1.0,0/6,,,26.5287,high,log2 CPM (AveExpr)
Human vastus lateralis,FOSB,6/6,-1.4137861728668213,low,1.0,0/6,,,0.73522,low,log2 CPM (AveExpr)
Human vastus lateralis,CD5,0/6,,,,0/6,,,0.125973,,log2 CPM (AveExpr)
Human vastus lateralis,PNO1,6/6,2.571546792984009,mid,1.0,6/6,,1.0,15.3098,high,log2 CPM (AveExpr)
Human vastus lateralis,CCNL1,6/6,4.019559860229492,high,1.0,0/6,,,22.2474,high,log2 CPM (AveExpr)
Human vastus lateralis,GADD45B,6/6,1.7097392082214355,mid,1.0,0/6,,,30.7598,high,log2 CPM (AveExpr)
Human vastus lateralis,FAM169A,0/6,,,,0/6,,,0.168513,,log2 CPM (AveExpr)
Human vastus lateralis,RAD23B,6/6,7.168217182159424,high,1.0,6/6,,1.0,107.103,high,log2 CPM (AveExpr)
Human vastus lateralis,WWP2,6/6,3.8864123821258545,high,1.0,6/6,,1.0,9.4169,mid,log2 CPM (AveExpr)
Human vastus lateralis,RHBDD2,6/6,2.5838825702667236,mid,1.0,0/6,,,19.3079,high,log2 CPM (AveExpr)
Human vastus lateralis,TOP1MT,6/6,1.0644237995147705,low,1.0,0/6,,,1.61897,low,log2 CPM (AveExpr)
Human vastus lateralis,KBTBD4,6/6,3.446223258972168,mid,1.0,6/6,,1.0,8.70598,mid,log2 CPM (AveExpr)
Human vastus lateralis,PPP1R2,6/6,5.668158531188965,high,1.0,6/6,,1.0,48.3487,high,log2 CPM (AveExpr)
Human vastus lateralis,NGDN,6/6,3.0933432579040527,mid,1.0,0/6,,,15.7667,high,log2 CPM (AveExpr)
Human vastus lateralis,CLASRP,6/6,4.250112533569336,high,1.0,0/6,,,27.868,high,log2 CPM (AveExpr)
Human vastus lateralis,EYA3,6/6,3.2428667545318604,mid,1.0,6/6,,1.0,5.72315,mid,log2 CPM (AveExpr)
Human vastus lateralis,DUSP16,6/6,4.130207538604736,high,1.0,0/6,,,8.43127,mid,log2 CPM (AveExpr)
Human vastus lateralis,RCAN3,6/6,0.4346100389957428,low,1.0,0/6,,,0.478131,low,log2 CPM (AveExpr)
Human vastus lateralis,MAF,6/6,6.06406831741333,high,1.0,0/6,,,17.6029,high,log2 CPM (AveExpr)
Human vastus lateralis,ENC1,6/6,2.2031617164611816,mid,1.0,0/6,,,1.80916,low,log2 CPM (AveExpr)
Human vastus lateralis,DNMT3A,6/6,5.687469959259033,high,1.0,0/6,,,6.18688,mid,log2 CPM (AveExpr)
Human vastus lateralis,SLC10A2,0/6,,,,0/6,,,0.0,,log2 CPM (AveExpr)
Human vastus lateralis,PDE4D,6/6,6.322833061218262,high,1.0,6/6,,1.0,23.0938,high,log2 CPM (AveExpr)
Human vastus lateralis,SORBS3,6/6,5.481655597686768,high,1.0,6/6,,1.0,28.2612,high,log2 CPM (AveExpr)
Human vastus lateralis,RPS7,6/6,6.6591291427612305,high,1.0,6/6,,1.0,367.795,high,log2 CPM (AveExpr)
Human vastus lateralis,NOCT,6/6,2.5961520671844482,mid,1.0,6/6,,1.0,3.08893,mid,log2 CPM (AveExpr)
Human vastus lateralis,FAM24B,0/6,,,,0/6,,,0.282768,,log2 CPM (AveExpr)
Human vastus lateralis,ZNF395,6/6,4.084132671356201,high,1.0,0/6,,,9.09382,mid,log2 CPM (AveExpr)
Human vastus lateralis,VAMP2,6/6,5.267660617828369,high,1.0,6/6,,1.0,47.9107,high,log2 CPM (AveExpr)
Human vastus lateralis,CCDC57,6/6,2.615091562271118,mid,1.0,0/6,,,2.23845,low,log2 CPM (AveExpr)
Human vastus lateralis,CCDC59,6/6,2.7911829948425293,mid,1.0,0/6,,,14.0495,high,log2 CPM (AveExpr)
Human vastus lateralis,RRAD,6/6,6.257049083709717,high,1.0,6/6,,1.0,332.46,high,log2 CPM (AveExpr)
Human vastus lateralis,VWA8,6/6,6.3731303215026855,high,1.0,6/6,,1.0,15.2357,high,log2 CPM (AveExpr)
Human vastus lateralis,TTC12,6/6,1.0767877101898193,low,1.0,0/6,,,2.08676,low,log2 CPM (AveExpr)
Human vastus lateralis,C19orf48,6/6,1.1512877941131592,low,1.0,0/6,,,3.41886,mid,log2 CPM (AveExpr)
Human vastus lateralis,BCL11B,0/6,,,,0/6,,,0.0359605,,log2 CPM (AveExpr)
Human vastus lateralis,ADNP2,6/6,1.2391772270202637,low,1.0,0/6,,,1.90301,low,log2 CPM (AveExpr)
Human vastus lateralis,MRPL54,6/6,2.8305115699768066,mid,1.0,6/6,,1.0,20.9887,high,log2 CPM (AveExpr)
Human vastus lateralis,SPTBN1,6/6,7.798816680908203,high,1.0,6/6,,2.0,27.9168,high,log2 CPM (AveExpr)
Human vastus lateralis,NR1D2,6/6,6.0362443923950195,high,1.0,0/6,,,21.81,high,log2 CPM (AveExpr)
Human vastus lateralis,DUSP10,6/6,3.833564519882202,mid,1.0,0/6,,,5.4699,mid,log2 CPM (AveExpr)
Human vastus lateralis,SPAG1,0/6,,,,0/6,,,0.271125,,log2 CPM (AveExpr)
Human vastus lateralis,USP30,6/6,3.382556438446045,mid,1.0,0/6,,,6.23757,mid,log2 CPM (AveExpr)
Human vastus lateralis,CDR2,6/6,0.7568535208702087,low,1.0,0/6,,,3.82823,mid,log2 CPM (AveExpr)
Human vastus lateralis,NSMCE3,6/6,2.983856439590454,mid,1.0,6/6,,1.0,3.25217,mid,log2 CPM (AveExpr)
Human vastus lateralis,IER3,6/6,1.4741880893707275,low,1.0,0/6,,,4.93321,mid,log2 CPM (AveExpr)
Human vastus lateralis,TAOK2,6/6,4.824798107147217,high,1.0,6/6,,1.0,10.7283,mid,log2 CPM (AveExpr)
Human vastus lateralis,PHF1,6/6,4.352224349975586,high,1.0,6/6,,1.0,43.7634,high,log2 CPM (AveExpr)
Human vastus lateralis,DDIT4,6/6,4.751596927642822,high,1.0,0/6,,,124.862,high,log2 CPM (AveExpr)
Human vastus lateralis,ZNF460,6/6,1.4314571619033813,low,1.0,0/6,,,0.972057,low,log2 CPM (AveExpr)
Human vastus lateralis,CACNA1I,0/6,,,,0/6,,,0.0295625,,log2 CPM (AveExpr)
Human vastus lateralis,DTX3,6/6,2.6064953804016113,mid,1.0,0/6,,,5.09977,mid,log2 CPM (AveExpr)
Human vastus lateralis,PAG1,6/6,1.266684651374817,low,1.0,0/6,,,1.0444,low,log2 CPM (AveExpr)
Human vastus lateralis,ABHD14B,6/6,3.0775020122528076,mid,1.0,6/6,,1.0,11.171,mid,log2 CPM (AveExpr)
Human vastus lateralis,SLC25A26,6/6,3.4942281246185303,mid,1.0,6/6,,1.0,9.12359,mid,log2 CPM (AveExpr)
Human vastus lateralis,PMAIP1,0/6,,,,0/6,,,0.814975,,log2 CPM (AveExpr)
Human vastus lateralis,CHCHD6,6/6,-0.16782930493354797,low,1.0,6/6,,1.0,1.21681,low,log2 CPM (AveExpr)
Human vastus lateralis,P2RY10,0/6,,,,0/6,,,0.0284123,,log2 CPM (AveExpr)
Human vastus lateralis,ADTRP,0/6,,,,0/6,,,0.0186693,,log2 CPM (AveExpr)
Human vastus lateralis,CBX4,6/6,0.8447773456573486,low,1.0,0/6,,,2.15681,low,log2 CPM (AveExpr)
Human vastus lateralis,SCARNA9,6/6,-0.35779866576194763,low,1.0,0/6,,,0.553097,low,log2 CPM (AveExpr)
Human vastus lateralis,ERN1,6/6,2.4410650730133057,mid,1.0,0/6,,,3.24382,mid,log2 CPM (AveExpr)
Human vastus lateralis,INPP4B,6/6,3.987166166305542,high,1.0,6/6,,1.0,2.79816,mid,log2 CPM (AveExpr)
Human vastus lateralis,EVL,6/6,3.7593841552734375,mid,1.0,6/6,,1.0,5.68469,mid,log2 CPM (AveExpr)
Rat gastrocnemius,HSPA1A,8/8,10.442115783691406,high,2.0,0/8,,,32.0422,high,log2(sedentary count + 1)
Rat gastrocnemius,DCAF12,8/8,5.4743382930755615,low,1.0,0/8,,,12.7762,mid,log2(sedentary count + 1)
Rat gastrocnemius,KCNJ2,8/8,8.734110355377197,mid,1.0,8/8,3.5,1.0,1.88849,low,log2(sedentary count + 1)
Rat gastrocnemius,FPR2,0/8,,,,0/8,,,0.0577402,,log2(sedentary count + 1)
Rat gastrocnemius,PLA2G4A,8/8,5.692032098770142,low,1.0,0/8,,,0.397162,low,log2(sedentary count + 1)
Rat gastrocnemius,NFE2,8/8,2.5799518823623657,low,1.0,0/8,,,0.503253,low,log2(sedentary count + 1)
Rat gastrocnemius,GCNT1,8/8,5.211227893829346,low,1.0,0/8,,,0.253743,low,log2(sedentary count + 1)
Rat gastrocnemius,TNFAIP8L2,8/8,5.8351850509643555,low,1.0,0/8,,,0.35085,low,log2(sedentary count + 1)
Rat gastrocnemius,ZNF200,0/8,,,,0/8,,,1.20302,,log2(sedentary count + 1)
Rat gastrocnemius,CX3CR1,0/8,,,,0/8,,,0.40983,,log2(sedentary count + 1)
Rat gastrocnemius,GIMAP4,8/8,6.2105958461761475,low,1.0,8/8,0.0,1.0,8.63641,mid,log2(sedentary count + 1)
Rat gastrocnemius,ZNF2,0/8,,,,0/8,,,1.83437,,log2(sedentary count + 1)
Rat gastrocnemius,CCR2,0/8,,,,0/8,,,0.0815338,,log2(sedentary count + 1)
Rat gastrocnemius,PHF23,8/8,7.95646858215332,mid,1.0,0/8,,,11.4121,mid,log2(sedentary count + 1)
Rat gastrocnemius,TRMT1L,8/8,9.227819442749023,high,1.0,8/8,3.0,1.0,13.5365,mid,log2(sedentary count + 1)
Rat gastrocnemius,ZNF613,0/8,,,,0/8,,,1.12781,,log2(sedentary count + 1)
Rat gastrocnemius,NLRC4,8/8,3.5372663736343384,low,1.0,0/8,,,0.744206,low,log2(sedentary count + 1)
Rat gastrocnemius,RMI1,8/8,7.567179441452026,mid,1.0,0/8,,,2.32794,low,log2(sedentary count + 1)
Rat gastrocnemius,BET1,8/8,6.771556854248047,mid,1.0,0/8,,,1.9493,low,log2(sedentary count + 1)
Rat gastrocnemius,HBQ1,0/8,,,,8/8,3.5,1.0,0.0,,log2(sedentary count + 1)
Rat gastrocnemius,LPAR5,0/8,,,,0/8,,,0.0984272,,log2(sedentary count + 1)
Rat gastrocnemius,FAM50B,0/8,,,,0/8,,,15.8648,,log2(sedentary count + 1)
Rat gastrocnemius,HBD,8/8,4.025083541870117,low,2.0,8/8,0.0,2.0,0.304663,low,log2(sedentary count + 1)
Rat gastrocnemius,LFNG,8/8,6.140174150466919,low,1.0,0/8,,,0.779313,low,log2(sedentary count + 1)
Rat gastrocnemius,TM2D2,8/8,10.210857391357422,high,1.0,0/8,,,6.021,mid,log2(sedentary count + 1)
Rat gastrocnemius,METTL13,0/8,,,,0/8,,,11.0235,,log2(sedentary count + 1)
Rat gastrocnemius,TLR7,8/8,5.352299451828003,low,1.0,0/8,,,0.0281697,low,log2(sedentary count + 1)
Rat gastrocnemius,CCNG2,8/8,9.300629615783691,high,1.0,0/8,,,3.07258,low,log2(sedentary count + 1)
Rat gastrocnemius,IKBIP,8/8,7.272979021072388,mid,1.0,8/8,3.5,1.0,0.839667,low,log2(sedentary count + 1)
Rat gastrocnemius,GIMAP8,8/8,7.361908674240112,mid,1.0,8/8,0.0,1.0,4.13334,mid,log2(sedentary count + 1)
Rat gastrocnemius,NAPEPLD,8/8,5.5476038455963135,low,1.0,0/8,,,3.12275,low,log2(sedentary count + 1)
Rat gastrocnemius,CDC42EP2,8/8,8.377060413360596,mid,1.0,0/8,,,4.1522,mid,log2(sedentary count + 1)
Rat gastrocnemius,ZC3H10,8/8,7.617098093032837,mid,1.0,0/8,,,1.9956,low,log2(sedentary count + 1)
Rat gastrocnemius,SNCA,8/8,3.665248155593872,low,1.0,8/8,0.0,1.0,0.162111,low,log2(sedentary count + 1)
Rat gastrocnemius,GPR171,0/8,,,,0/8,,,0.085889,,log2(sedentary count + 1)
Rat gastrocnemius,TFEC,8/8,3.1037739515304565,low,1.0,0/8,,,0.127628,low,log2(sedentary count + 1)
Rat gastrocnemius,ST8SIA4,8/8,4.6948628425598145,low,1.0,0/8,,,0.330255,low,log2(sedentary count + 1)
Rat gastrocnemius,KMT5B,8/8,9.732758522033691,high,1.0,0/8,,,7.91524,mid,log2(sedentary count + 1)
Rat gastrocnemius,THAP6,8/8,5.833035230636597,low,1.0,0/8,,,3.58197,mid,log2(sedentary count + 1)
Rat gastrocnemius,SH3BP5L,8/8,8.455951690673828,mid,1.0,8/8,4.0,1.0,11.7746,mid,log2(sedentary count + 1)
Rat gastrocnemius,P2RY12,8/8,4.0178258419036865,low,1.0,0/8,,,0.0778578,low,log2(sedentary count + 1)
Rat gastrocnemius,ACTL10,0/8,,,,0/8,,,0.148177,,log2(sedentary count + 1)
Rat gastrocnemius,HBM,0/8,,,,0/8,,,0.0498024,,log2(sedentary count + 1)
Rat gastrocnemius,TMEM33,8/8,8.23805284500122,mid,1.0,8/8,0.0,1.0,4.01701,mid,log2(sedentary count + 1)
Rat gastrocnemius,ZEB2,8/8,9.039461612701416,high,1.0,0/8,,,2.97894,low,log2(sedentary count + 1)
Rat gastrocnemius,MOSPD2,8/8,6.341548681259155,low,1.0,8/8,3.0,1.0,1.43155,low,log2(sedentary count + 1)
Rat gastrocnemius,HCP5,0/8,,,,0/8,,,1.83242,,log2(sedentary count + 1)
Rat gastrocnemius,TRIM13,8/8,5.209721803665161,low,1.0,0/8,,,5.65019,mid,log2(sedentary count + 1)
Rat gastrocnemius,RTP4,8/8,5.615208387374878,low,1.0,0/8,,,0.266351,low,log2(sedentary count + 1)
Rat gastrocnemius,HSPA6,0/8,,,,0/8,,,0.391866,,log2(sedentary count + 1)
Rat gastrocnemius,STX11,8/8,3.112433075904846,low,1.0,0/8,,,1.62171,low,log2(sedentary count + 1)
Rat gastrocnemius,PTPRO,8/8,5.788551568984985,low,1.0,0/8,,,0.08975,low,log2(sedentary count + 1)
Rat gastrocnemius,AHSP,0/8,,,,8/8,0.0,1.0,0.0,,log2(sedentary count + 1)
Rat gastrocnemius,MRM1,8/8,6.936562776565552,mid,1.0,8/8,5.5,1.0,6.00631,mid,log2(sedentary count + 1)
Rat gastrocnemius,IGIP,0/8,,,,0/8,,,7.51118,,log2(sedentary count + 1)
Rat gastrocnemius,PGBD2,0/8,,,,0/8,,,0.631345,,log2(sedentary count + 1)
Rat gastrocnemius,ELOVL6,8/8,2.6255714893341064,low,1.0,0/8,,,0.29124,low,log2(sedentary count + 1)
Rat gastrocnemius,ALAS2,8/8,5.871129989624023,low,1.0,0/8,,,0.166819,low,log2(sedentary count + 1)
Rat gastrocnemius,TMEM60,8/8,8.001805305480957,mid,1.0,0/8,,,13.6007,mid,log2(sedentary count + 1)
Rat gastrocnemius,RPP25L,8/8,6.7112109661102295,mid,1.0,0/8,,,66.3498,high,log2(sedentary count + 1)
Rat gastrocnemius,EXOSC3,8/8,6.247265100479126,low,1.0,8/8,2.0,1.0,3.95225,mid,log2(sedentary count + 1)
Rat gastrocnemius,OSBP2,8/8,6.939510107040405,mid,1.0,8/8,4.5,1.0,1.16467,low,log2(sedentary count + 1)
Rat gastrocnemius,LEO1,8/8,8.243149757385254,mid,1.0,0/8,,,8.78432,mid,log2(sedentary count + 1)
Rat gastrocnemius,CISH,8/8,7.224117994308472,mid,1.0,8/8,7.5,1.0,16.7196,high,log2(sedentary count + 1)
Rat gastrocnemius,RNASEL,8/8,6.357417821884155,low,1.0,0/8,,,1.00195,low,log2(sedentary count + 1)
Rat gastrocnemius,ZNF594,8/8,4.721445560455322,low,1.0,0/8,,,2.41039,low,log2(sedentary count + 1)
Rat gastrocnemius,GEMIN6,8/8,4.4344024658203125,low,1.0,0/8,,,1.82956,low,log2(sedentary count + 1)
Rat gastrocnemius,C12orf4,8/8,7.077178716659546,mid,1.0,0/8,,,5.82318,mid,log2(sedentary count + 1)
Rat gastrocnemius,CETN3,8/8,7.986328601837158,mid,2.0,0/8,,,2.26325,low,log2(sedentary count + 1)
Rat gastrocnemius,MANEA,8/8,6.8891777992248535,mid,1.0,0/8,,,0.985537,low,log2(sedentary count + 1)
Rat gastrocnemius,TNFSF14,0/8,,,,0/8,,,0.158452,,log2(sedentary count + 1)
Rat gastrocnemius,C9orf40,8/8,5.835330963134766,low,1.0,0/8,,,2.33251,low,log2(sedentary count + 1)
Rat gastrocnemius,FUT7,0/8,,,,0/8,,,0.0489611,,log2(sedentary count + 1)
Rat gastrocnemius,REPS2,0/8,,,,0/8,,,0.389209,,log2(sedentary count + 1)
Rat gastrocnemius,HEMGN,8/8,2.479946732521057,low,1.0,0/8,,,0.0129724,low,log2(sedentary count + 1)
Rat gastrocnemius,TLR8,8/8,5.79461669921875,low,1.0,0/8,,,0.0793737,low,log2(sedentary count + 1)
Rat gastrocnemius,TNS1,8/8,12.670058727264404,high,1.0,8/8,0.0,1.0,101.048,high,log2(sedentary count + 1)
Rat gastrocnemius,CLCN3,8/8,9.592832088470459,high,1.0,0/8,,,8.73894,mid,log2(sedentary count + 1)
Rat gastrocnemius,DCAF7,8/8,9.44737195968628,high,1.0,8/8,0.0,1.0,10.464,mid,log2(sedentary count + 1)
Rat gastrocnemius,TMOD1,8/8,12.281923770904541,high,1.0,8/8,0.0,1.0,147.639,high,log2(sedentary count + 1)
Rat gastrocnemius,BCL2L1,8/8,8.12757682800293,mid,1.0,0/8,,,35.5031,high,log2(sedentary count + 1)
Rat gastrocnemius,ZNF816,0/8,,,,0/8,,,0.478538,,log2(sedentary count + 1)
Rat gastrocnemius,TMEM140,8/8,7.73967719078064,mid,1.0,0/8,,,52.5596,high,log2(sedentary count + 1)
Rat gastrocnemius,ANAPC7,8/8,8.538284301757812,mid,1.0,8/8,5.0,1.0,15.6705,high,log2(sedentary count + 1)
Rat gastrocnemius,MLYCD,8/8,10.712157726287842,high,1.0,8/8,0.0,1.0,11.1626,mid,log2(sedentary count + 1)
Rat gastrocnemius,PTPN6,8/8,6.465929985046387,low,1.0,8/8,1.5,1.0,1.19225,low,log2(sedentary count + 1)
Rat gastrocnemius,TTC9C,8/8,7.884973764419556,mid,1.0,8/8,0.0,1.0,5.16223,mid,log2(sedentary count + 1)
Rat gastrocnemius,ZNF260,8/8,8.252975463867188,mid,2.0,0/8,,,1.659,low,log2(sedentary count + 1)
Rat gastrocnemius,CA1,0/8,,,,8/8,0.0,1.0,0.0661483,,log2(sedentary count + 1)
Rat gastrocnemius,MED8,0/8,,,,0/8,,,12.0595,,log2(sedentary count + 1)
Rat gastrocnemius,RNF14,8/8,10.358895778656006,high,1.0,8/8,0.0,1.0,16.5733,high,log2(sedentary count + 1)
Rat gastrocnemius,CHST15,8/8,5.450927019119263,low,1.0,0/8,,,6.32626,mid,log2(sedentary count + 1)
Rat gastrocnemius,VPS35,8/8,9.865991592407227,high,1.0,8/8,0.0,1.0,10.6154,mid,log2(sedentary count + 1)
Rat gastrocnemius,LYL1,8/8,5.275030851364136,low,1.0,0/8,,,1.41903,low,log2(sedentary count + 1)
Rat gastrocnemius,TRIM58,0/8,,,,0/8,,,0.0296437,,log2(sedentary count + 1)
Rat gastrocnemius,CRIPT,8/8,8.044776916503906,mid,1.0,8/8,5.0,1.0,9.65359,mid,log2(sedentary count + 1)
Rat gastrocnemius,IRX3,8/8,6.208707094192505,low,1.0,0/8,,,4.83529,mid,log2(sedentary count + 1)
Rat gastrocnemius,GAPT,0/8,,,,0/8,,,0.0341929,,log2(sedentary count + 1)
Rat gastrocnemius,SAMD9,8/8,6.109567403793335,low,1.0,0/8,,,0.374381,low,log2(sedentary count + 1)
Rat gastrocnemius,FAM133B,8/8,6.045955657958984,low,1.0,0/8,,,5.0454,mid,log2(sedentary count + 1)
Rat gastrocnemius,HPS5,8/8,7.262235641479492,mid,1.0,0/8,,,3.21639,mid,log2(sedentary count + 1)
Rat gastrocnemius,HMGCL,8/8,8.43601942062378,mid,1.0,8/8,0.0,1.0,14.195,high,log2(sedentary count + 1)
Rat gastrocnemius,MED20,8/8,7.870747327804565,mid,1.0,8/8,7.0,1.0,7.79831,mid,log2(sedentary count + 1)
Rat gastrocnemius,EPB42,0/8,,,,8/8,0.0,1.0,0.0255359,,log2(sedentary count + 1)
Rat gastrocnemius,RAB27B,8/8,3.679938793182373,low,1.0,0/8,,,0.0291221,low,log2(sedentary count + 1)
Rat gastrocnemius,DARS2,8/8,7.7987823486328125,mid,1.0,8/8,0.0,1.0,4.50061,mid,log2(sedentary count + 1)
Rat gastrocnemius,CENPQ,0/8,,,,0/8,,,2.87463,,log2(sedentary count + 1)
Rat gastrocnemius,HBE1,0/8,,,,8/8,0.0,1.0,0.112049,,log2(sedentary count + 1)
Rat gastrocnemius,HCCS,8/8,8.941400527954102,high,1.0,8/8,0.0,1.0,28.0228,high,log2(sedentary count + 1)
Rat gastrocnemius,TNFSF10,8/8,7.497497081756592,mid,1.0,0/8,,,8.87009,mid,log2(sedentary count + 1)
Rat gastrocnemius,BORCS6,8/8,8.766353607177734,mid,1.0,8/8,0.0,1.0,9.10775,mid,log2(sedentary count + 1)
Rat gastrocnemius,SLC4A1,8/8,4.579438805580139,low,1.0,8/8,7.0,2.0,0.0341018,low,log2(sedentary count + 1)
Rat gastrocnemius,UTP14C,0/8,,,,0/8,,,6.39942,,log2(sedentary count + 1)
Rat gastrocnemius,BBS10,8/8,5.421234369277954,low,1.0,0/8,,,4.30478,mid,log2(sedentary count + 1)
Rat gastrocnemius,FAM43A,8/8,5.036947250366211,low,2.0,0/8,,,3.28782,mid,log2(sedentary count + 1)
Rat gastrocnemius,SAMD9L,0/8,,,,0/8,,,1.40019,,log2(sedentary count + 1)
Rat gastrocnemius,FRAT2,8/8,6.177673101425171,low,1.0,0/8,,,5.32005,mid,log2(sedentary count + 1)
Rat gastrocnemius,GIMAP7,8/8,5.4120094776153564,low,1.0,0/8,,,8.99154,mid,log2(sedentary count + 1)
Rat gastrocnemius,GOLPH3L,8/8,6.8954758644104,mid,1.0,0/8,,,7.94941,mid,log2(sedentary count + 1)
Rat gastrocnemius,ZNF330,8/8,8.992955207824707,high,1.0,8/8,0.0,1.0,43.0116,high,log2(sedentary count + 1)
Rat gastrocnemius,ZNF175,8/8,5.1347815990448,low,1.0,0/8,,,1.5416,low,log2(sedentary count + 1)
Rat gastrocnemius,NUDCD1,8/8,7.260497570037842,mid,1.0,8/8,0.0,1.0,3.68754,mid,log2(sedentary count + 1)
Rat gastrocnemius,H2BC5,0/8,,,,0/8,,,8.81576,,log2(sedentary count + 1)
Rat gastrocnemius,ELAC1,8/8,6.414845943450928,low,1.0,0/8,,,1.26817,low,log2(sedentary count + 1)
Rat gastrocnemius,EXD2,8/8,8.177465915679932,mid,1.0,0/8,,,6.15313,mid,log2(sedentary count + 1)
Rat gastrocnemius,TTC33,8/8,9.028769969940186,high,1.0,8/8,2.0,1.0,5.14258,mid,log2(sedentary count + 1)
Rat gastrocnemius,DHFR2,0/8,,,,0/8,,,0.796061,,log2(sedentary count + 1)
Rat gastrocnemius,CCR5,8/8,5.119277477264404,low,1.0,0/8,,,0.0608915,low,log2(sedentary count + 1)
Rat gastrocnemius,FAR2,0/8,,,,0/8,,,0.709651,,log2(sedentary count + 1)
Rat gastrocnemius,IFIT1B,0/8,,,,0/8,,,0.0,,log2(sedentary count + 1)
Rat gastrocnemius,DAB2,8/8,8.366607666015625,mid,1.0,8/8,0.0,1.0,5.13654,mid,log2(sedentary count + 1)
Rat gastrocnemius,PDK4,8/8,14.42737627029419,high,1.0,8/8,0.0,1.0,1450.41,high,log2(sedentary count + 1)
Rat gastrocnemius,GPN3,8/8,7.694123983383179,mid,1.0,0/8,,,24.7392,high,log2(sedentary count + 1)
Rat gastrocnemius,CCDC127,8/8,8.270899772644043,mid,1.0,8/8,0.0,1.0,6.5802,mid,log2(sedentary count + 1)
Rat gastrocnemius,PEX3,8/8,7.761855602264404,mid,1.0,8/8,5.0,1.0,7.20608,mid,log2(sedentary count + 1)
Rat gastrocnemius,MIR3142HG,0/8,,,,0/8,,,0.0173922,,log2(sedentary count + 1)
Rat gastrocnemius,TNFRSF1A,8/8,8.818236827850342,high,1.0,0/8,,,43.2256,high,log2(sedentary count + 1)
Rat gastrocnemius,COPB2,0/8,,,,8/8,0.0,1.0,19.7749,,log2(sedentary count + 1)
Rat gastrocnemius,RAB3IL1,8/8,6.020314693450928,low,1.0,0/8,,,4.58673,mid,log2(sedentary count + 1)
Rat gastrocnemius,GIN1,8/8,6.719370603561401,mid,1.0,0/8,,,3.4063,mid,log2(sedentary count + 1)
Rat gastrocnemius,ACSL3,8/8,8.799817562103271,mid,1.0,8/8,0.0,1.0,15.2635,high,log2(sedentary count + 1)
Rat gastrocnemius,CCDC126,8/8,6.356818437576294,low,1.0,0/8,,,3.86808,mid,log2(sedentary count + 1)
Rat gastrocnemius,FBXO7,8/8,8.172656059265137,mid,1.0,8/8,0.0,1.0,21.2652,high,log2(sedentary count + 1)
Rat gastrocnemius,GYPE,0/8,,,,0/8,,,0.165277,,log2(sedentary count + 1)
Rat gastrocnemius,PHOSPHO1,8/8,12.820929050445557,high,1.0,8/8,0.0,1.0,1.09684,low,log2(sedentary count + 1)
Rat gastrocnemius,SLC39A9,8/8,8.194775581359863,mid,1.0,0/8,,,4.66131,mid,log2(sedentary count + 1)
Rat gastrocnemius,DGAT2,8/8,10.277698516845703,high,1.0,0/8,,,1.59232,low,log2(sedentary count + 1)
Rat gastrocnemius,SEC14L5,8/8,7.909497499465942,mid,1.0,0/8,,,0.745115,low,log2(sedentary count + 1)
Rat gastrocnemius,FPR3,0/8,,,,0/8,,,0.319764,,log2(sedentary count + 1)
Rat gastrocnemius,FZD1,8/8,7.2105629444122314,mid,1.0,0/8,,,1.35249,low,log2(sedentary count + 1)
Rat gastrocnemius,SLC16A3,8/8,12.24939489364624,high,1.0,8/8,0.0,1.0,29.7095,high,log2(sedentary count + 1)
Rat gastrocnemius,SH2D3C,8/8,7.646645545959473,mid,1.0,0/8,,,4.85499,mid,log2(sedentary count + 1)
Rat gastrocnemius,SNX8,8/8,6.768620014190674,mid,1.0,0/8,,,5.2104,mid,log2(sedentary count + 1)
Rat gastrocnemius,LINC00877,0/8,,,,0/8,,,0.0072055,,log2(sedentary count + 1)
Rat gastrocnemius,STK38L,8/8,8.953441619873047,high,1.0,8/8,0.0,1.0,5.79672,mid,log2(sedentary count + 1)
Rat gastrocnemius,PTCRA,0/8,,,,0/8,,,0.0,,log2(sedentary count + 1)
Rat gastrocnemius,PREPL,8/8,10.163002490997314,high,1.0,8/8,0.0,1.0,13.5879,mid,log2(sedentary count + 1)
Rat gastrocnemius,GCA,8/8,7.709660530090332,mid,1.0,8/8,1.5,1.0,1.51028,low,log2(sedentary count + 1)
Rat gastrocnemius,NCBP1,8/8,8.398399353027344,mid,1.0,8/8,0.0,1.0,9.66466,mid,log2(sedentary count + 1)
Rat gastrocnemius,ZNF616,0/8,,,,0/8,,,1.14393,,log2(sedentary count + 1)
Rat gastrocnemius,TMEM267,0/8,,,,0/8,,,2.26711,,log2(sedentary count + 1)
Rat gastrocnemius,YIPF5,8/8,7.4805097579956055,mid,1.0,8/8,4.0,1.0,5.40805,mid,log2(sedentary count + 1)
Rat gastrocnemius,FHL2,8/8,6.858585834503174,mid,1.0,8/8,0.0,1.0,7.63717,mid,log2(sedentary count + 1)
Rat gastrocnemius,IFNAR1,8/8,8.924290180206299,high,1.0,0/8,,,7.3247,mid,log2(sedentary count + 1)
Rat gastrocnemius,ZC3H14,8/8,9.3139328956604,high,1.0,8/8,0.0,1.0,3.19464,low,log2(sedentary count + 1)
Rat gastrocnemius,C2orf88,0/8,,,,0/8,,,3.70303,,log2(sedentary count + 1)
Rat gastrocnemius,ELMOD2,8/8,6.9222962856292725,mid,1.0,8/8,0.0,1.0,2.66554,low,log2(sedentary count + 1)
Rat gastrocnemius,OSBPL11,8/8,9.131396770477295,high,1.0,8/8,0.0,1.0,42.8974,high,log2(sedentary count + 1)
Rat gastrocnemius,SPRYD3,8/8,6.480553150177002,low,1.0,0/8,,,16.5678,high,log2(sedentary count + 1)
Rat gastrocnemius,MGAT2,8/8,6.980712652206421,mid,1.0,0/8,,,1.4342,low,log2(sedentary count + 1)
Rat gastrocnemius,KMO,0/8,,,,0/8,,,0.0153934,,log2(sedentary count + 1)
Rat gastrocnemius,IFRD1,8/8,9.166919231414795,high,1.0,0/8,,,16.6977,high,log2(sedentary count + 1)
Rat gastrocnemius,PCSK6,8/8,9.787618637084961,high,1.0,0/8,,,2.56199,low,log2(sedentary count + 1)
Rat gastrocnemius,SEC62,8/8,9.187937259674072,high,1.0,8/8,0.0,1.0,14.8761,high,log2(sedentary count + 1)
Rat gastrocnemius,CBR4,8/8,7.955432891845703,mid,1.0,8/8,0.0,1.0,6.75315,mid,log2(sedentary count + 1)
Rat gastrocnemius,STX7,8/8,7.79144811630249,mid,2.0,8/8,0.0,1.0,3.2348,mid,log2(sedentary count + 1)
Rat gastrocnemius,BAZ2B,8/8,8.908174514770508,high,1.0,0/8,,,3.78975,mid,log2(sedentary count + 1)
Rat gastrocnemius,TMA16,8/8,6.609799861907959,low,1.0,0/8,,,5.18126,mid,log2(sedentary count + 1)
Rat gastrocnemius,ZFYVE21,8/8,6.269794702529907,low,1.0,8/8,4.0,1.0,13.1552,mid,log2(sedentary count + 1)
Rat gastrocnemius,SUGT1,8/8,9.074717998504639,high,1.0,8/8,0.0,1.0,4.217,mid,log2(sedentary count + 1)
Rat gastrocnemius,TRNT1,8/8,8.678609371185303,mid,1.0,8/8,0.0,1.0,3.80347,mid,log2(sedentary count + 1)
Rat gastrocnemius,SERAC1,8/8,6.3362109661102295,low,1.0,8/8,3.0,1.0,2.18344,low,log2(sedentary count + 1)
Rat gastrocnemius,GPR141,0/8,,,,0/8,,,0.0142519,,log2(sedentary count + 1)
Rat gastrocnemius,CXCR2,0/8,,,,0/8,,,0.134873,,log2(sedentary count + 1)
Rat gastrocnemius,TNFAIP6,8/8,4.374208688735962,low,1.0,0/8,,,0.741396,low,log2(sedentary count + 1)
Rat gastrocnemius,RABIF,8/8,6.008834362030029,low,2.0,8/8,1.5,1.0,3.66304,mid,log2(sedentary count + 1)
Rat gastrocnemius,XK,8/8,7.667384147644043,mid,1.0,0/8,,,2.4345,low,log2(sedentary count + 1)
Rat gastrocnemius,RBM4B,8/8,6.452816724777222,low,1.0,8/8,0.0,1.0,4.12886,mid,log2(sedentary count + 1)
Rat gastrocnemius,GBP1,8/8,7.977514028549194,mid,1.0,8/8,0.0,1.0,2.32749,low,log2(sedentary count + 1)
Rat gastrocnemius,SELENBP1,8/8,8.660455703735352,mid,2.0,0/8,,,49.0844,high,log2(sedentary count + 1)
Rat gastrocnemius,SERPINB9,8/8,5.7978434562683105,low,1.0,8/8,0.0,1.0,1.33588,low,log2(sedentary count + 1)
Rat gastrocnemius,NABP1,8/8,6.325843572616577,low,1.0,0/8,,,0.767983,low,log2(sedentary count + 1)
Rat gastrocnemius,TMEM169,0/8,,,,0/8,,,0.0417417,,log2(sedentary count + 1)
Rat gastrocnemius,MOB3C,8/8,4.990710020065308,low,1.0,0/8,,,9.9564,mid,log2(sedentary count + 1)
Rat gastrocnemius,YIPF4,8/8,8.433369636535645,mid,1.0,8/8,4.0,1.0,6.39863,mid,log2(sedentary count + 1)
Rat gastrocnemius,MED18,8/8,5.03972053527832,low,1.0,8/8,5.0,1.0,6.968,mid,log2(sedentary count + 1)
Rat gastrocnemius,MYL4,8/8,8.13482141494751,mid,1.0,8/8,0.0,1.0,0.624778,low,log2(sedentary count + 1)
Rat gastrocnemius,FAXDC2,8/8,6.132713079452515,low,1.0,0/8,,,5.20425,mid,log2(sedentary count + 1)
Rat gastrocnemius,CCDC121,0/8,,,,0/8,,,1.40254,,log2(sedentary count + 1)
Rat gastrocnemius,MMACHC,8/8,8.68587875366211,mid,1.0,0/8,,,2.44639,low,log2(sedentary count + 1)
Rat gastrocnemius,BPTF,8/8,10.110553741455078,high,1.0,0/8,,,7.57286,mid,log2(sedentary count + 1)
Rat gastrocnemius,CENPE,8/8,3.6878859996795654,low,1.0,0/8,,,0.0595288,low,log2(sedentary count + 1)
Rat gastrocnemius,GLS,8/8,9.931131839752197,high,1.0,8/8,0.0,2.0,6.59261,mid,log2(sedentary count + 1)
Rat gastrocnemius,CSTF3,8/8,6.092929840087891,low,1.0,0/8,,,4.75362,mid,log2(sedentary count + 1)
Rat gastrocnemius,ZKSCAN7,8/8,6.2990710735321045,low,1.0,0/8,,,0.586784,low,log2(sedentary count + 1)
Rat gastrocnemius,UTP3,8/8,8.833510398864746,high,1.0,0/8,,,12.1815,mid,log2(sedentary count + 1)
Rat gastrocnemius,HBG1,0/8,,,,8/8,1.0,1.0,0.0404319,,log2(sedentary count + 1)
Rat gastrocnemius,MINPP1,8/8,8.391223430633545,mid,1.0,8/8,0.0,1.0,3.051,low,log2(sedentary count + 1)
Rat gastrocnemius,FASLG,0/8,,,,0/8,,,0.0,,log2(sedentary count + 1)
Rat gastrocnemius,THAP2,8/8,5.10029149055481,low,1.0,0/8,,,1.21084,low,log2(sedentary count + 1)
Rat gastrocnemius,MUC6,8/8,7.236534357070923,mid,1.0,0/8,,,0.0600823,low,log2(sedentary count + 1)
Rat gastrocnemius,BPGM,8/8,11.380562782287598,high,1.0,8/8,0.0,1.0,10.2855,mid,log2(sedentary count + 1)
Rat gastrocnemius,P2RY13,8/8,3.82976496219635,low,1.0,0/8,,,0.121681,low,log2(sedentary count + 1)
Rat gastrocnemius,HBG2,0/8,,,,0/8,,,0.101817,,log2(sedentary count + 1)
Rat gastrocnemius,ARHGAP18,8/8,7.79904842376709,mid,1.0,8/8,0.0,1.0,3.12783,low,log2(sedentary count + 1)
Rat gastrocnemius,GYPB,0/8,,,,0/8,,,0.0,,log2(sedentary count + 1)
Rat gastrocnemius,PPIL1,8/8,6.879434585571289,mid,1.0,8/8,0.0,1.0,10.4928,mid,log2(sedentary count + 1)
Rat gastrocnemius,TRIM10,0/8,,,,0/8,,,0.0,,log2(sedentary count + 1)
Rat gastrocnemius,RNF149,8/8,7.470962285995483,mid,1.0,0/8,,,6.92321,mid,log2(sedentary count + 1)
Rat gastrocnemius,TMEM39A,8/8,6.766067266464233,mid,1.0,0/8,,,3.95088,mid,log2(sedentary count + 1)
Rat gastrocnemius,SLFN14,0/8,,,,0/8,,,0.013012,,log2(sedentary count + 1)
Rat gastrocnemius,ZNF189,8/8,6.895627021789551,mid,1.0,0/8,,,9.75593,mid,log2(sedentary count + 1)
Rat gastrocnemius,AQP10,0/8,,,,0/8,,,0.00872119,,log2(sedentary count + 1)
Rat gastrocnemius,RGS18,8/8,3.390990734100342,low,1.0,0/8,,,0.0897305,low,log2(sedentary count + 1)
Rat gastrocnemius,P2RY1,8/8,9.153063774108887,high,1.0,0/8,,,0.910659,low,log2(sedentary count + 1)
Rat gastrocnemius,MRPL35,8/8,9.405999183654785,high,1.0,8/8,2.0,1.0,21.9955,high,log2(sedentary count + 1)
Rat gastrocnemius,DDX58,8/8,5.050506591796875,low,1.0,0/8,,,3.69742,mid,log2(sedentary count + 1)
Rat gastrocnemius,TMEM158,8/8,4.964119911193848,low,1.0,0/8,,,0.923567,low,log2(sedentary count + 1)
Rat gastrocnemius,ANKRD50,8/8,8.09919261932373,mid,1.0,0/8,,,1.11201,low,log2(sedentary count + 1)
Rat gastrocnemius,ANGPT1,8/8,7.781619071960449,mid,1.0,0/8,,,3.47548,mid,log2(sedentary count + 1)
Rat gastrocnemius,TMCC2,8/8,10.08796739578247,high,1.0,0/8,,,3.65064,mid,log2(sedentary count + 1)
Rat gastrocnemius,F2RL1,8/8,4.4587562084198,low,1.0,0/8,,,0.0370131,low,log2(sedentary count + 1)
Rat gastrocnemius,VPS37A,8/8,7.949941873550415,mid,1.0,8/8,0.0,1.0,14.9511,high,log2(sedentary count + 1)
Rat gastrocnemius,GIMAP5,8/8,6.090844631195068,low,1.0,0/8,,,9.31468,mid,log2(sedentary count + 1)
Rat gastrocnemius,RTN2,8/8,13.187486171722412,high,1.0,8/8,0.0,1.0,105.878,high,log2(sedentary count + 1)
Rat gastrocnemius,DCLRE1A,8/8,7.606640100479126,mid,1.0,0/8,,,2.53148,low,log2(sedentary count + 1)
Rat gastrocnemius,ZKSCAN3,8/8,9.06835651397705,high,1.0,0/8,,,0.953314,low,log2(sedentary count + 1)
Rat gastrocnemius,EEPD1,8/8,11.3148832321167,high,1.0,8/8,0.0,1.0,21.3764,high,log2(sedentary count + 1)
Rat gastrocnemius,LARP4,0/8,,,,8/8,0.0,1.0,15.1307,,log2(sedentary count + 1)
Rat gastrocnemius,GPM6B,8/8,7.5589728355407715,mid,1.0,0/8,,,1.16651,low,log2(sedentary count + 1)
Rat gastrocnemius,BBS12,8/8,5.372285604476929,low,1.0,0/8,,,0.406499,low,log2(sedentary count + 1)
Rat gastrocnemius,DYNLL1,8/8,9.059314727783203,high,1.0,8/8,0.0,1.0,9.84142,mid,log2(sedentary count + 1)
Rat gastrocnemius,P2RY14,8/8,5.598728656768799,low,1.0,0/8,,,1.54851,low,log2(sedentary count + 1)
Rat gastrocnemius,NDUFV3,8/8,6.67596435546875,low,2.0,8/8,0.0,2.0,27.0772,high,log2(sedentary count + 1)
Rat gastrocnemius,ISCA2,8/8,8.653214931488037,mid,1.0,8/8,0.0,1.0,9.20117,mid,log2(sedentary count + 1)
Rat gastrocnemius,GMPR,8/8,11.453509330749512,high,1.0,8/8,0.0,1.0,250.308,high,log2(sedentary count + 1)
Rat gastrocnemius,SLC25A37,8/8,5.988267183303833,low,1.0,0/8,,,13.4442,mid,log2(sedentary count + 1)
Rat gastrocnemius,TIMMDC1,8/8,8.729852676391602,mid,1.0,8/8,0.0,1.0,83.4635,high,log2(sedentary count + 1)
Rat gastrocnemius,ARV1,8/8,5.833707571029663,low,1.0,0/8,,,8.75068,mid,log2(sedentary count + 1)
Rat gastrocnemius,TPM1,8/8,18.206336975097656,high,1.0,8/8,0.0,4.0,416.835,high,log2(sedentary count + 1)
Rat gastrocnemius,RWDD1,8/8,9.199443817138672,high,1.0,8/8,0.0,1.0,20.585,high,log2(sedentary count + 1)
Rat gastrocnemius,ETNK1,8/8,9.880152225494385,high,1.0,0/8,,,3.85017,mid,log2(sedentary count + 1)
Rat gastrocnemius,TNFAIP3,8/8,7.22499680519104,mid,1.0,8/8,0.0,1.0,3.94467,mid,log2(sedentary count + 1)
Rat gastrocnemius,CAMK4,0/8,,,,0/8,,,0.0235755,,log2(sedentary count + 1)
Rat gastrocnemius,PEAK1,8/8,9.009058952331543,high,1.0,0/8,,,2.9221,low,log2(sedentary count + 1)
Rat gastrocnemius,DYNLL2,8/8,12.108677387237549,high,1.0,8/8,0.0,1.0,50.1666,high,log2(sedentary count + 1)
Rat gastrocnemius,FXR1,8/8,12.676787376403809,high,1.0,8/8,0.0,1.0,96.3122,high,log2(sedentary count + 1)
Rat gastrocnemius,PVT1,0/8,,,,0/8,,,0.673204,,log2(sedentary count + 1)
Rat gastrocnemius,SBDSP1,0/8,,,,0/8,,,17.3057,,log2(sedentary count + 1)
Rat gastrocnemius,DNAJB1,8/8,7.658435344696045,mid,1.0,8/8,0.0,1.0,14.5943,high,log2(sedentary count + 1)
Rat gastrocnemius,KLHL15,8/8,5.190796136856079,low,1.0,0/8,,,2.8705,low,log2(sedentary count + 1)
Rat gastrocnemius,CXCR4,8/8,6.696112632751465,mid,1.0,0/8,,,2.39454,low,log2(sedentary count + 1)
Rat gastrocnemius,TSC22D3,8/8,11.650462627410889,high,1.0,8/8,0.0,1.0,195.525,high,log2(sedentary count + 1)
Rat gastrocnemius,MAFF,8/8,6.902553081512451,mid,1.0,8/8,6.5,1.0,31.404,high,log2(sedentary count + 1)
Rat gastrocnemius,BCL2L11,8/8,7.047086715698242,mid,1.0,0/8,,,6.24343,mid,log2(sedentary count + 1)
Rat gastrocnemius,KLF9,8/8,11.591691017150879,high,1.0,0/8,,,97.8045,high,log2(sedentary count + 1)
Rat gastrocnemius,BCL2,8/8,3.8286627531051636,low,1.0,0/8,,,4.07969,mid,log2(sedentary count + 1)
Rat gastrocnemius,ZXDA,0/8,,,,0/8,,,1.15673,,log2(sedentary count + 1)
Rat gastrocnemius,TMEM119,8/8,3.8733617067337036,low,1.0,0/8,,,0.398024,low,log2(sedentary count + 1)
Rat gastrocnemius,MGAT4A,8/8,6.9754884243011475,mid,1.0,0/8,,,2.0102,low,log2(sedentary count + 1)
Rat gastrocnemius,WNT7A,0/8,,,,0/8,,,0.0,,log2(sedentary count + 1)
Rat gastrocnemius,CNNM2,8/8,5.950319051742554,low,1.0,0/8,,,0.661175,low,log2(sedentary count + 1)
Rat gastrocnemius,NAA16,8/8,7.0642993450164795,mid,1.0,8/8,0.0,1.0,6.25549,mid,log2(sedentary count + 1)
Rat gastrocnemius,UBE2D2,8/8,7.872128486633301,mid,1.0,0/8,,,53.9,high,log2(sedentary count + 1)
Rat gastrocnemius,JMY,8/8,7.220201015472412,mid,1.0,8/8,0.0,1.0,7.12102,mid,log2(sedentary count + 1)
Rat gastrocnemius,JUN,8/8,12.217395305633545,high,1.0,0/8,,,82.9768,high,log2(sedentary count + 1)
Rat gastrocnemius,ABL1,8/8,7.444260120391846,mid,2.0,0/8,,,18.7464,high,log2(sedentary count + 1)
Rat gastrocnemius,PIK3IP1,8/8,10.246554374694824,high,1.0,8/8,1.5,1.0,12.4269,mid,log2(sedentary count + 1)
Rat gastrocnemius,STK17B,8/8,7.2813475131988525,mid,1.0,8/8,4.0,1.0,1.34345,low,log2(sedentary count + 1)
Rat gastrocnemius,SON,8/8,12.49500036239624,high,1.0,8/8,0.0,1.0,34.489,high,log2(sedentary count + 1)
Rat gastrocnemius,PIM3,8/8,8.194452285766602,mid,1.0,0/8,,,80.7028,high,log2(sedentary count + 1)
Rat gastrocnemius,SIK1,8/8,7.937752723693848,mid,1.0,0/8,,,0.972744,low,log2(sedentary count + 1)
Rat gastrocnemius,CSRNP1,8/8,5.859773874282837,low,1.0,0/8,,,27.8142,high,log2(sedentary count + 1)
Rat gastrocnemius,FEM1B,8/8,9.024547576904297,high,1.0,0/8,,,30.272,high,log2(sedentary count + 1)
Rat gastrocnemius,RGPD5,0/8,,,,0/8,,,0.00767166,,log2(sedentary count + 1)
Rat gastrocnemius,STARD7,8/8,11.263059139251709,high,1.0,8/8,0.0,1.0,153.306,high,log2(sedentary count + 1)
Rat gastrocnemius,DDIT3,8/8,7.934009790420532,mid,1.0,0/8,,,21.3726,high,log2(sedentary count + 1)
Rat gastrocnemius,PPP1R8,8/8,8.07348108291626,mid,1.0,8/8,3.0,1.0,13.8031,high,log2(sedentary count + 1)
Rat gastrocnemius,IRF2BP2,8/8,9.461586952209473,high,1.0,8/8,2.0,1.0,33.0494,high,log2(sedentary count + 1)
Rat gastrocnemius,TCP11L2,8/8,9.57429838180542,high,1.0,8/8,0.0,1.0,3.39194,mid,log2(sedentary count + 1)
Rat gastrocnemius,ID1,8/8,8.086673736572266,mid,1.0,0/8,,,16.8748,high,log2(sedentary count + 1)
Rat gastrocnemius,ZNF394,8/8,7.180695056915283,mid,1.0,0/8,,,9.52301,mid,log2(sedentary count + 1)
Rat gastrocnemius,MTFP1,8/8,8.019803762435913,mid,1.0,8/8,0.0,1.0,11.9221,mid,log2(sedentary count + 1)
Rat gastrocnemius,CCDC173,0/8,,,,0/8,,,0.0260951,,log2(sedentary count + 1)
Rat gastrocnemius,MED13,8/8,10.101063251495361,high,1.0,0/8,,,14.4837,high,log2(sedentary count + 1)
Rat gastrocnemius,CD69,0/8,,,,0/8,,,0.321557,,log2(sedentary count + 1)
Rat gastrocnemius,DUSP2,8/8,3.5963971614837646,low,1.0,0/8,,,1.6768,low,log2(sedentary count + 1)
Rat gastrocnemius,ACAN,4/8,1.1669857501983643,low,1.0,0/8,,,0.0568927,low,log2(sedentary count + 1)
Rat gastrocnemius,RGS1,0/8,,,,0/8,,,1.12134,,log2(sedentary count + 1)
Rat gastrocnemius,SBDS,8/8,9.477087497711182,high,1.0,8/8,0.0,1.0,264.963,high,log2(sedentary count + 1)
Rat gastrocnemius,ZBTB25,8/8,5.698186159133911,low,1.0,0/8,,,2.32531,low,log2(sedentary count + 1)
Rat gastrocnemius,DRD3,0/8,,,,0/8,,,0.0,,log2(sedentary count + 1)
Rat gastrocnemius,TMEM30B,0/8,,,,0/8,,,0.68251,,log2(sedentary count + 1)
Rat gastrocnemius,PPP1R15A,8/8,10.223296642303467,high,1.0,0/8,,,48.0177,high,log2(sedentary count + 1)
Rat gastrocnemius,ING5,8/8,7.875633478164673,mid,1.0,0/8,,,6.12418,mid,log2(sedentary count + 1)
Rat gastrocnemius,ZNF101,0/8,,,,0/8,,,0.673974,,log2(sedentary count + 1)
Rat gastrocnemius,NAA20,8/8,7.835540533065796,mid,1.0,8/8,0.0,1.0,44.19,high,log2(sedentary count + 1)
Rat gastrocnemius,TOE1,8/8,6.507843494415283,low,1.0,0/8,,,2.84177,low,log2(sedentary count + 1)
Rat gastrocnemius,GZF1,8/8,8.878987789154053,high,1.0,0/8,,,6.11444,mid,log2(sedentary count + 1)
Rat gastrocnemius,WHAMM,8/8,8.118919849395752,mid,1.0,0/8,,,14.8966,high,log2(sedentary count + 1)
Rat gastrocnemius,MAGOHB,8/8,5.078730344772339,low,1.0,0/8,,,1.17975,low,log2(sedentary count + 1)
Rat gastrocnemius,ELK4,8/8,9.953981876373291,high,1.0,0/8,,,7.57201,mid,log2(sedentary count + 1)
Rat gastrocnemius,MYLIP,8/8,8.238976955413818,mid,1.0,0/8,,,13.2406,mid,log2(sedentary count + 1)
Rat gastrocnemius,SMDT1,8/8,7.926266670227051,mid,1.0,8/8,7.0,1.0,70.3444,high,log2(sedentary count + 1)
Rat gastrocnemius,AVPI1,8/8,6.789543628692627,mid,1.0,0/8,,,6.94274,mid,log2(sedentary count + 1)
Rat gastrocnemius,CIRBP,8/8,8.608134746551514,mid,1.0,8/8,0.0,1.0,74.5653,high,log2(sedentary count + 1)
Rat gastrocnemius,EIF1,8/8,12.854801177978516,high,1.0,8/8,0.0,1.0,632.981,high,log2(sedentary count + 1)
Rat gastrocnemius,GRPEL1,8/8,9.587017059326172,high,1.0,8/8,0.0,1.0,27.3646,high,log2(sedentary count + 1)
Rat gastrocnemius,CD83,8/8,5.27852725982666,low,1.0,0/8,,,0.862747,low,log2(sedentary count + 1)
Rat gastrocnemius,NR4A2,8/8,4.903379440307617,low,1.0,0/8,,,4.34552,mid,log2(sedentary count + 1)
Rat gastrocnemius,RPL32,8/8,11.467031478881836,high,2.0,8/8,0.0,1.0,342.351,high,log2(sedentary count + 1)
Rat gastrocnemius,BTG3,8/8,4.639601469039917,low,1.0,0/8,,,2.40896,low,log2(sedentary count + 1)
Rat gastrocnemius,CEP170,8/8,4.533963203430176,low,2.0,8/8,0.0,1.0,4.49094,mid,log2(sedentary count + 1)
Rat gastrocnemius,TCEA3,8/8,11.443359375,high,1.0,8/8,0.0,1.0,185.853,high,log2(sedentary count + 1)
Rat gastrocnemius,MFHAS1,8/8,5.525654554367065,low,1.0,0/8,,,1.80125,low,log2(sedentary count + 1)
Rat gastrocnemius,GPR183,8/8,3.922167420387268,low,1.0,0/8,,,1.18151,low,log2(sedentary count + 1)
Rat gastrocnemius,BHLHE40,8/8,11.419046401977539,high,1.0,0/8,,,182.03,high,log2(sedentary count + 1)
Rat gastrocnemius,KANSL2,8/8,9.52673053741455,high,2.0,0/8,,,26.3956,high,log2(sedentary count + 1)
Rat gastrocnemius,NFKBIA,8/8,8.598100185394287,mid,1.0,0/8,,,88.6113,high,log2(sedentary count + 1)
Rat gastrocnemius,ZBTB10,8/8,7.157306909561157,mid,1.0,0/8,,,3.74436,mid,log2(sedentary count + 1)
Rat gastrocnemius,GCOM1,0/8,,,,0/8,,,,,log2(sedentary count + 1)
Rat gastrocnemius,RGCC,8/8,7.280280828475952,mid,1.0,0/8,,,27.6327,high,log2(sedentary count + 1)
Rat gastrocnemius,BRWD1,8/8,9.83003044128418,high,1.0,0/8,,,6.56623,mid,log2(sedentary count + 1)
Rat gastrocnemius,H3-3B,8/8,9.529805183410645,high,2.0,8/8,0.0,1.0,98.3828,high,log2(sedentary count + 1)
Rat gastrocnemius,REM2,0/8,,,,0/8,,,0.404914,,log2(sedentary count + 1)
Rat gastrocnemius,NAP1L5,0/8,,,,0/8,,,2.03903,,log2(sedentary count + 1)
Rat gastrocnemius,NXT1,8/8,5.486802577972412,low,1.0,8/8,0.0,1.0,7.30159,mid,log2(sedentary count + 1)
Rat gastrocnemius,JUND,8/8,10.164628028869629,high,1.0,0/8,,,50.8473,high,log2(sedentary count + 1)
Rat gastrocnemius,PHLDA1,8/8,6.763265609741211,mid,1.0,0/8,,,2.73855,low,log2(sedentary count + 1)
Rat gastrocnemius,PSMA1,8/8,10.051902770996094,high,1.0,8/8,0.0,1.0,79.7916,high,log2(sedentary count + 1)
Rat gastrocnemius,DUSP8,8/8,8.290517807006836,mid,1.0,0/8,,,9.74017,mid,log2(sedentary count + 1)
Rat gastrocnemius,FOSL2,8/8,4.37019419670105,low,1.0,0/8,,,66.1262,high,log2(sedentary count + 1)
Rat gastrocnemius,IRS2,8/8,10.399499416351318,high,1.0,0/8,,,16.635,high,log2(sedentary count + 1)
Rat gastrocnemius,GABARAPL1,8/8,10.510682582855225,high,1.0,8/8,0.0,1.0,124.138,high,log2(sedentary count + 1)
Rat gastrocnemius,TSHZ2,8/8,8.274174213409424,mid,1.0,0/8,,,0.517816,low,log2(sedentary count + 1)
Rat gastrocnemius,BEX5,8/8,6.610631942749023,low,1.0,0/8,,,0.23893,low,log2(sedentary count + 1)
Rat gastrocnemius,NR3C2,8/8,8.048956871032715,mid,1.0,0/8,,,3.92722,mid,log2(sedentary count + 1)
Rat gastrocnemius,CFAP20,8/8,6.520059108734131,low,1.0,8/8,0.0,1.0,7.29131,mid,log2(sedentary count + 1)
Rat gastrocnemius,TSPYL2,8/8,7.837488174438477,mid,1.0,0/8,,,66.2819,high,log2(sedentary count + 1)
Rat gastrocnemius,ACVR1B,8/8,10.71062183380127,high,1.0,0/8,,,8.01273,mid,log2(sedentary count + 1)
Rat gastrocnemius,BNIP1,8/8,9.508198738098145,high,1.0,8/8,0.0,1.0,4.79523,mid,log2(sedentary count + 1)
Rat gastrocnemius,GPRIN3,8/8,4.205911874771118,low,1.0,0/8,,,0.647881,low,log2(sedentary count + 1)
Rat gastrocnemius,SMAD7,8/8,7.841873645782471,mid,1.0,0/8,,,7.95222,mid,log2(sedentary count + 1)
Rat gastrocnemius,RCC1L,8/8,8.964910984039307,high,1.0,8/8,0.0,1.0,50.1398,high,log2(sedentary count + 1)
Rat gastrocnemius,BAG3,8/8,12.38239860534668,high,1.0,8/8,0.0,1.0,370.373,high,log2(sedentary count + 1)
Rat gastrocnemius,PDZD8,8/8,9.229170322418213,high,1.0,0/8,,,4.16622,mid,log2(sedentary count + 1)
Rat gastrocnemius,POLR2M,8/8,11.699303150177002,high,1.0,8/8,0.0,1.0,13.2047,mid,log2(sedentary count + 1)
Rat gastrocnemius,ZXDB,0/8,,,,0/8,,,3.11823,,log2(sedentary count + 1)
Rat gastrocnemius,BCL11A,8/8,2.7799311876296997,low,1.0,0/8,,,0.0172427,low,log2(sedentary count + 1)
Rat gastrocnemius,BTF3,8/8,9.92451810836792,high,1.0,8/8,7.5,2.0,431.032,high,log2(sedentary count + 1)
Rat gastrocnemius,JOSD1,8/8,7.678253650665283,mid,1.0,0/8,,,15.4089,high,log2(sedentary count + 1)
Rat gastrocnemius,SPRY1,8/8,8.810845375061035,mid,1.0,0/8,,,20.0131,high,log2(sedentary count + 1)
Rat gastrocnemius,HIPK1,8/8,10.756205081939697,high,1.0,0/8,,,14.9928,high,log2(sedentary count + 1)
Rat gastrocnemius,SNHG15,0/8,,,,0/8,,,2.35697,,log2(sedentary count + 1)
Rat gastrocnemius,OBSCN,8/8,17.369622230529785,high,1.0,8/8,0.0,2.0,212.953,high,log2(sedentary count + 1)
Rat gastrocnemius,ZC3H12A,8/8,6.944057464599609,mid,2.0,0/8,,,6.42776,mid,log2(sedentary count + 1)
Rat gastrocnemius,CCDC184,0/8,,,,0/8,,,0.679993,,log2(sedentary count + 1)
Rat gastrocnemius,RBM33,8/8,10.143548011779785,high,2.0,0/8,,,12.0913,mid,log2(sedentary count + 1)
Rat gastrocnemius,MOAP1,8/8,6.630343914031982,low,1.0,0/8,,,32.6243,high,log2(sedentary count + 1)
Rat gastrocnemius,JUNB,8/8,7.767430543899536,mid,1.0,0/8,,,79.1112,high,log2(sedentary count + 1)
Rat gastrocnemius,HAS3,8/8,5.080985069274902,low,1.0,0/8,,,0.463924,low,log2(sedentary count + 1)
Rat gastrocnemius,CABP4,8/8,3.03011691570282,low,1.0,0/8,,,0.501048,low,log2(sedentary count + 1)
Rat gastrocnemius,TCAF2,8/8,2.418906092643738,low,1.0,0/8,,,0.242505,low,log2(sedentary count + 1)
Rat gastrocnemius,SDHAP1,0/8,,,,0/8,,,5.56851,,log2(sedentary count + 1)
Rat gastrocnemius,TIPARP,8/8,8.242311477661133,mid,1.0,0/8,,,7.23446,mid,log2(sedentary count + 1)
Rat gastrocnemius,BEX3,8/8,7.021623134613037,mid,1.0,0/8,,,8.8184,mid,log2(sedentary count + 1)
Rat gastrocnemius,BEX2,0/8,,,,0/8,,,2.56377,,log2(sedentary count + 1)
Rat gastrocnemius,ARL4C,0/8,,,,0/8,,,0.92878,,log2(sedentary count + 1)
Rat gastrocnemius,TOB1,8/8,11.758850574493408,high,1.0,0/8,,,60.9866,high,log2(sedentary count + 1)
Rat gastrocnemius,RBM3,8/8,9.547743320465088,high,1.0,8/8,0.0,1.0,48.1617,high,log2(sedentary count + 1)
Rat gastrocnemius,RMND5A,8/8,9.945577144622803,high,1.0,8/8,0.0,1.0,37.0144,high,log2(sedentary count + 1)
Rat gastrocnemius,KCNQ1,8/8,4.52851414680481,low,1.0,0/8,,,0.381233,low,log2(sedentary count + 1)
Rat gastrocnemius,VAPA,8/8,11.583117961883545,high,1.0,8/8,0.0,1.0,32.5127,high,log2(sedentary count + 1)
Rat gastrocnemius,CTRL,0/8,,,,0/8,,,1.00657,,log2(sedentary count + 1)
Rat gastrocnemius,MATR3,8/8,10.1449875831604,high,1.0,8/8,0.0,1.0,3.81081,mid,log2(sedentary count + 1)
Rat gastrocnemius,PHC3,8/8,8.880096912384033,high,1.0,0/8,,,4.27835,mid,log2(sedentary count + 1)
Rat gastrocnemius,ABLIM1,0/8,,,,8/8,0.0,2.0,42.8285,,log2(sedentary count + 1)
Rat gastrocnemius,ARL4A,8/8,6.644005298614502,low,1.0,0/8,,,2.11172,low,log2(sedentary count + 1)
Rat gastrocnemius,ATF3,8/8,8.778467178344727,mid,1.0,0/8,,,8.1471,mid,log2(sedentary count + 1)
Rat gastrocnemius,ZBTB43,8/8,7.053948163986206,mid,1.0,0/8,,,23.3365,high,log2(sedentary count + 1)
Rat gastrocnemius,FAM209A,0/8,,,,0/8,,,0.122218,,log2(sedentary count + 1)
Rat gastrocnemius,ATE1,8/8,9.940037250518799,high,1.0,8/8,0.0,1.0,14.2891,high,log2(sedentary count + 1)
Rat gastrocnemius,PIAS2,8/8,9.410970687866211,high,1.0,0/8,,,4.64038,mid,log2(sedentary count + 1)
Rat gastrocnemius,ADPRM,8/8,6.6450066566467285,low,1.0,0/8,,,9.65712,mid,log2(sedentary count + 1)
Rat gastrocnemius,TRAPPC9,8/8,9.548581600189209,high,1.0,8/8,0.0,1.0,15.4621,high,log2(sedentary count + 1)
Rat gastrocnemius,LATS1,8/8,8.737927913665771,mid,1.0,0/8,,,4.71186,mid,log2(sedentary count + 1)
Rat gastrocnemius,PHF14,8/8,8.837853908538818,high,1.0,0/8,,,3.86629,mid,log2(sedentary count + 1)
Rat gastrocnemius,UHRF1BP1L,8/8,9.006904602050781,high,1.0,0/8,,,10.7907,mid,log2(sedentary count + 1)
Rat gastrocnemius,DDX20,8/8,7.73551869392395,mid,1.0,8/8,2.0,1.0,5.7397,mid,log2(sedentary count + 1)
Rat gastrocnemius,SAMD8,8/8,10.715948581695557,high,1.0,0/8,,,17.7424,high,log2(sedentary count + 1)
Rat gastrocnemius,CLK1,8/8,10.242462158203125,high,1.0,0/8,,,60.2114,high,log2(sedentary count + 1)
Rat gastrocnemius,LYPD3,0/8,,,,0/8,,,0.30816,,log2(sedentary count + 1)
Rat gastrocnemius,EXOSC6,8/8,4.188433408737183,low,1.0,8/8,0.0,1.0,8.32582,mid,log2(sedentary count + 1)
Rat gastrocnemius,KLHL7,8/8,9.87831163406372,high,1.0,0/8,,,4.71176,mid,log2(sedentary count + 1)
Rat gastrocnemius,MID2,8/8,7.001535654067993,mid,1.0,0/8,,,6.91283,mid,log2(sedentary count + 1)
Rat gastrocnemius,COMMD5,8/8,3.287640333175659,low,2.0,8/8,0.0,1.0,8.03424,mid,log2(sedentary count + 1)
Rat gastrocnemius,MMP28,8/8,3.6295732259750366,low,2.0,0/8,,,1.42625,low,log2(sedentary count + 1)
Rat gastrocnemius,ASB3,8/8,6.640989065170288,low,1.0,0/8,,,1.51431,low,log2(sedentary count + 1)
Rat gastrocnemius,INTS6-AS1,0/8,,,,0/8,,,0.253516,,log2(sedentary count + 1)
Rat gastrocnemius,PER1,8/8,9.812280178070068,high,1.0,0/8,,,139.285,high,log2(sedentary count + 1)
Rat gastrocnemius,UBALD2,8/8,10.983021259307861,high,1.0,8/8,0.0,1.0,64.2201,high,log2(sedentary count + 1)
Rat gastrocnemius,RWDD2A,0/8,,,,0/8,,,1.88665,,log2(sedentary count + 1)
Rat gastrocnemius,TRAF6,8/8,7.037585973739624,mid,1.0,8/8,0.0,1.0,4.55779,mid,log2(sedentary count + 1)
Rat gastrocnemius,BAG4,8/8,5.522976398468018,low,1.0,0/8,,,2.94557,low,log2(sedentary count + 1)
Rat gastrocnemius,HSF2,8/8,8.89028787612915,high,1.0,0/8,,,32.9611,high,log2(sedentary count + 1)
Rat gastrocnemius,ASB7,8/8,7.342957973480225,mid,1.0,0/8,,,2.56815,low,log2(sedentary count + 1)
Rat gastrocnemius,GRASP,8/8,6.489402770996094,low,1.0,0/8,,,11.0447,mid,log2(sedentary count + 1)
Rat gastrocnemius,RFX3,8/8,5.648520231246948,low,1.0,0/8,,,1.85627,low,log2(sedentary count + 1)
Rat gastrocnemius,FBXO33,8/8,6.453953742980957,low,1.0,0/8,,,2.34217,low,log2(sedentary count + 1)
Rat gastrocnemius,ZNF256,0/8,,,,0/8,,,2.1937,,log2(sedentary count + 1)
Rat gastrocnemius,JADE1,8/8,8.51862382888794,mid,1.0,0/8,,,6.20385,mid,log2(sedentary count + 1)
Rat gastrocnemius,CD6,8/8,5.940422773361206,low,1.0,0/8,,,0.10054,low,log2(sedentary count + 1)
Rat gastrocnemius,MORF4L1,8/8,11.48805570602417,high,1.0,8/8,5.0,1.0,111.744,high,log2(sedentary count + 1)
Rat gastrocnemius,OSER1,8/8,8.903142929077148,high,1.0,0/8,,,75.1929,high,log2(sedentary count + 1)
Rat gastrocnemius,RBBP6,8/8,9.750250816345215,high,1.0,8/8,0.0,1.0,12.5897,mid,log2(sedentary count + 1)
Rat gastrocnemius,RORA,8/8,8.228668689727783,mid,1.0,0/8,,,22.7651,high,log2(sedentary count + 1)
Rat gastrocnemius,GET4,8/8,9.413434982299805,high,1.0,8/8,0.0,1.0,2.51868,low,log2(sedentary count + 1)
Rat gastrocnemius,EEF1D,8/8,10.667759895324707,high,1.0,8/8,1.0,3.0,41.8851,high,log2(sedentary count + 1)
Rat gastrocnemius,OXNAD1,8/8,8.551023483276367,mid,1.0,8/8,0.0,1.0,3.1565,low,log2(sedentary count + 1)
Rat gastrocnemius,TCF7,8/8,4.701445579528809,low,1.0,0/8,,,0.212766,low,log2(sedentary count + 1)
Rat gastrocnemius,ZNF815P,0/8,,,,0/8,,,0.155875,,log2(sedentary count + 1)
Rat gastrocnemius,OCIAD2,0/8,,,,0/8,,,2.45014,,log2(sedentary count + 1)
Rat gastrocnemius,ABT1,8/8,6.372921466827393,low,1.0,0/8,,,7.57811,mid,log2(sedentary count + 1)
Rat gastrocnemius,MED10,8/8,6.801328659057617,mid,1.0,0/8,,,23.6297,high,log2(sedentary count + 1)
Rat gastrocnemius,MLLT6,8/8,10.708190441131592,high,1.0,0/8,,,43.6024,high,log2(sedentary count + 1)
Rat gastrocnemius,TRERF1,8/8,6.107996225357056,low,1.0,0/8,,,0.494029,low,log2(sedentary count + 1)
Rat gastrocnemius,DNAJB9,8/8,8.797442436218262,mid,1.0,8/8,1.5,1.0,26.5287,high,log2(sedentary count + 1)
Rat gastrocnemius,FOSB,8/8,5.084357261657715,low,1.0,0/8,,,0.73522,low,log2(sedentary count + 1)
Rat gastrocnemius,CD5,8/8,3.533487558364868,low,1.0,0/8,,,0.125973,low,log2(sedentary count + 1)
Rat gastrocnemius,PNO1,8/8,8.785491466522217,mid,1.0,8/8,0.0,1.0,15.3098,high,log2(sedentary count + 1)
Rat gastrocnemius,CCNL1,8/8,8.440260887145996,mid,1.0,0/8,,,22.2474,high,log2(sedentary count + 1)
Rat gastrocnemius,GADD45B,8/8,7.381601095199585,mid,1.0,0/8,,,30.7598,high,log2(sedentary count + 1)
Rat gastrocnemius,FAM169A,0/8,,,,0/8,,,0.168513,,log2(sedentary count + 1)
Rat gastrocnemius,RAD23B,8/8,11.742262363433838,high,1.0,8/8,0.0,1.0,107.103,high,log2(sedentary count + 1)
Rat gastrocnemius,WWP2,8/8,7.077829837799072,mid,1.0,0/8,,,9.4169,mid,log2(sedentary count + 1)
Rat gastrocnemius,RHBDD2,8/8,6.9942450523376465,mid,1.0,0/8,,,19.3079,high,log2(sedentary count + 1)
Rat gastrocnemius,TOP1MT,8/8,7.115718841552734,mid,1.0,0/8,,,1.61897,low,log2(sedentary count + 1)
Rat gastrocnemius,KBTBD4,8/8,7.627733469009399,mid,1.0,0/8,,,8.70598,mid,log2(sedentary count + 1)
Rat gastrocnemius,PPP1R2,8/8,10.57708215713501,high,1.0,8/8,0.0,1.0,48.3487,high,log2(sedentary count + 1)
Rat gastrocnemius,NGDN,8/8,6.67226243019104,low,1.0,0/8,,,15.7667,high,log2(sedentary count + 1)
Rat gastrocnemius,CLASRP,8/8,8.392706394195557,mid,1.0,0/8,,,27.868,high,log2(sedentary count + 1)
Rat gastrocnemius,EYA3,8/8,7.9514319896698,mid,1.0,0/8,,,5.72315,mid,log2(sedentary count + 1)
Rat gastrocnemius,DUSP16,8/8,8.478696823120117,mid,1.0,0/8,,,8.43127,mid,log2(sedentary count + 1)
Rat gastrocnemius,RCAN3,8/8,4.740642309188843,low,1.0,0/8,,,0.478131,low,log2(sedentary count + 1)
Rat gastrocnemius,MAF,8/8,9.461051940917969,high,1.0,0/8,,,17.6029,high,log2(sedentary count + 1)
Rat gastrocnemius,ENC1,8/8,7.830666780471802,mid,1.0,0/8,,,1.80916,low,log2(sedentary count + 1)
Rat gastrocnemius,DNMT3A,8/8,9.548903465270996,high,1.0,0/8,,,6.18688,mid,log2(sedentary count + 1)
Rat gastrocnemius,SLC10A2,0/8,,,,0/8,,,0.0,,log2(sedentary count + 1)
Rat gastrocnemius,PDE4D,8/8,10.644389629364014,high,1.0,8/8,0.0,1.0,23.0938,high,log2(sedentary count + 1)
Rat gastrocnemius,SORBS3,8/8,10.46552324295044,high,1.0,8/8,0.0,1.0,28.2612,high,log2(sedentary count + 1)
Rat gastrocnemius,RPS7,8/8,11.721339702606201,high,1.0,8/8,0.0,1.0,367.795,high,log2(sedentary count + 1)
Rat gastrocnemius,NOCT,8/8,8.81698989868164,high,1.0,0/8,,,3.08893,low,log2(sedentary count + 1)
Rat gastrocnemius,FAM24B,0/8,,,,0/8,,,0.282768,,log2(sedentary count + 1)
Rat gastrocnemius,ZNF395,8/8,8.449159145355225,mid,1.0,0/8,,,9.09382,mid,log2(sedentary count + 1)
Rat gastrocnemius,VAMP2,8/8,10.031705856323242,high,1.0,8/8,0.0,1.0,47.9107,high,log2(sedentary count + 1)
Rat gastrocnemius,CCDC57,8/8,8.131287097930908,mid,1.0,8/8,2.0,1.0,2.23845,low,log2(sedentary count + 1)
Rat gastrocnemius,CCDC59,8/8,7.665764570236206,mid,1.0,0/8,,,14.0495,high,log2(sedentary count + 1)
Rat gastrocnemius,RRAD,8/8,9.257525444030762,high,1.0,8/8,0.0,1.0,332.46,high,log2(sedentary count + 1)
Rat gastrocnemius,VWA8,8/8,8.175701141357422,mid,1.0,8/8,0.0,2.0,15.2357,high,log2(sedentary count + 1)
Rat gastrocnemius,TTC12,8/8,3.037955641746521,low,1.0,0/8,,,2.08676,low,log2(sedentary count + 1)
Rat gastrocnemius,C19orf48,8/8,5.857407569885254,low,1.0,0/8,,,3.41886,mid,log2(sedentary count + 1)
Rat gastrocnemius,BCL11B,0/8,,,,0/8,,,0.0359605,,log2(sedentary count + 1)
Rat gastrocnemius,ADNP2,8/8,6.6933252811431885,mid,1.0,0/8,,,1.90301,low,log2(sedentary count + 1)
Rat gastrocnemius,MRPL54,8/8,10.778461933135986,high,1.0,8/8,0.0,1.0,20.9887,high,log2(sedentary count + 1)
Rat gastrocnemius,SPTBN1,8/8,12.66028356552124,high,1.0,8/8,6.0,2.0,27.9168,high,log2(sedentary count + 1)
Rat gastrocnemius,NR1D2,8/8,10.87339162826538,high,1.0,0/8,,,21.81,high,log2(sedentary count + 1)
Rat gastrocnemius,DUSP10,8/8,9.075111865997314,high,1.0,0/8,,,5.4699,mid,log2(sedentary count + 1)
Rat gastrocnemius,SPAG1,8/8,5.879023551940918,low,1.0,0/8,,,0.271125,low,log2(sedentary count + 1)
Rat gastrocnemius,USP30,8/8,7.752279281616211,mid,1.0,0/8,,,6.23757,mid,log2(sedentary count + 1)
Rat gastrocnemius,CDR2,8/8,4.746112585067749,low,1.0,0/8,,,3.82823,mid,log2(sedentary count + 1)
Rat gastrocnemius,NSMCE3,0/8,,,,0/8,,,3.25217,,log2(sedentary count + 1)
Rat gastrocnemius,IER3,8/8,8.188687801361084,mid,1.0,0/8,,,4.93321,mid,log2(sedentary count + 1)
Rat gastrocnemius,TAOK2,8/8,9.935010433197021,high,1.0,8/8,5.0,1.0,10.7283,mid,log2(sedentary count + 1)
Rat gastrocnemius,PHF1,8/8,8.690036296844482,mid,1.0,0/8,,,43.7634,high,log2(sedentary count + 1)
Rat gastrocnemius,DDIT4,8/8,8.008473634719849,mid,1.0,0/8,,,124.862,high,log2(sedentary count + 1)
Rat gastrocnemius,ZNF460,0/8,,,,0/8,,,0.972057,,log2(sedentary count + 1)
Rat gastrocnemius,CACNA1I,0/8,,,,0/8,,,0.0295625,,log2(sedentary count + 1)
Rat gastrocnemius,DTX3,8/8,8.12199354171753,mid,1.0,8/8,7.0,1.0,5.09977,mid,log2(sedentary count + 1)
Rat gastrocnemius,PAG1,8/8,3.6498961448669434,low,1.0,0/8,,,1.0444,low,log2(sedentary count + 1)
Rat gastrocnemius,ABHD14B,8/8,7.273101568222046,mid,1.0,8/8,0.0,1.0,11.171,mid,log2(sedentary count + 1)
Rat gastrocnemius,SLC25A26,8/8,7.208702564239502,mid,1.0,0/8,,,9.12359,mid,log2(sedentary count + 1)
Rat gastrocnemius,PMAIP1,8/8,4.487349271774292,low,1.0,0/8,,,0.814975,low,log2(sedentary count + 1)
Rat gastrocnemius,CHCHD6,8/8,4.908308506011963,low,1.0,8/8,0.0,1.0,1.21681,low,log2(sedentary count + 1)
Rat gastrocnemius,P2RY10,0/8,,,,0/8,,,0.0284123,,log2(sedentary count + 1)
Rat gastrocnemius,ADTRP,0/8,,,,0/8,,,0.0186693,,log2(sedentary count + 1)
Rat gastrocnemius,CBX4,8/8,4.585101366043091,low,1.0,0/8,,,2.15681,low,log2(sedentary count + 1)
Rat gastrocnemius,SCARNA9,0/8,,,,0/8,,,0.553097,,log2(sedentary count + 1)
Rat gastrocnemius,ERN1,8/8,9.716151714324951,high,1.0,0/8,,,3.24382,mid,log2(sedentary count + 1)
Rat gastrocnemius,INPP4B,8/8,8.317944049835205,mid,1.0,0/8,,,2.79816,low,log2(sedentary count + 1)
Rat gastrocnemius,EVL,8/8,5.894393682479858,low,1.0,0/8,,,5.68469,mid,log2(sedentary count + 1)
Rat vastus lateralis,HSPA1A,8/8,9.525751113891602,high,2.0,0/0,,,32.0422,high,log2(sedentary count + 1)
Rat vastus lateralis,DCAF12,8/8,5.110589981079102,low,1.0,0/0,,,12.7762,mid,log2(sedentary count + 1)
Rat vastus lateralis,KCNJ2,8/8,8.33598804473877,mid,1.0,0/0,,,1.88849,low,log2(sedentary count + 1)
Rat vastus lateralis,FPR2,0/8,,,,0/0,,,0.0577402,,log2(sedentary count + 1)
Rat vastus lateralis,PLA2G4A,8/8,4.809359073638916,low,1.0,0/0,,,0.397162,low,log2(sedentary count + 1)
Rat vastus lateralis,NFE2,0/8,,,,0/0,,,0.503253,,log2(sedentary count + 1)
Rat vastus lateralis,GCNT1,8/8,5.296243190765381,low,1.0,0/0,,,0.253743,low,log2(sedentary count + 1)
Rat vastus lateralis,TNFAIP8L2,8/8,5.340393781661987,low,1.0,0/0,,,0.35085,low,log2(sedentary count + 1)
Rat vastus lateralis,ZNF200,0/8,,,,0/0,,,1.20302,,log2(sedentary count + 1)
Rat vastus lateralis,CX3CR1,0/8,,,,0/0,,,0.40983,,log2(sedentary count + 1)
Rat vastus lateralis,GIMAP4,8/8,6.488159656524658,mid,1.0,0/0,,,8.63641,mid,log2(sedentary count + 1)
Rat vastus lateralis,ZNF2,0/8,,,,0/0,,,1.83437,,log2(sedentary count + 1)
Rat vastus lateralis,CCR2,0/8,,,,0/0,,,0.0815338,,log2(sedentary count + 1)
Rat vastus lateralis,PHF23,8/8,7.932770252227783,mid,1.0,0/0,,,11.4121,mid,log2(sedentary count + 1)
Rat vastus lateralis,TRMT1L,8/8,9.10189151763916,high,1.0,0/0,,,13.5365,high,log2(sedentary count + 1)
Rat vastus lateralis,ZNF613,0/8,,,,0/0,,,1.12781,,log2(sedentary count + 1)
Rat vastus lateralis,NLRC4,8/8,2.801795482635498,low,1.0,0/0,,,0.744206,low,log2(sedentary count + 1)
Rat vastus lateralis,RMI1,8/8,7.658207416534424,mid,1.0,0/0,,,2.32794,low,log2(sedentary count + 1)
Rat vastus lateralis,BET1,8/8,6.927822589874268,mid,1.0,0/0,,,1.9493,low,log2(sedentary count + 1)
Rat vastus lateralis,HBQ1,0/8,,,,0/0,,,0.0,,log2(sedentary count + 1)
Rat vastus lateralis,LPAR5,0/8,,,,0/0,,,0.0984272,,log2(sedentary count + 1)
Rat vastus lateralis,FAM50B,0/8,,,,0/0,,,15.8648,,log2(sedentary count + 1)
Rat vastus lateralis,HBD,8/8,2.0000246167182922,low,1.0,0/0,,,0.304663,low,log2(sedentary count + 1)
Rat vastus lateralis,LFNG,8/8,6.0431060791015625,low,1.0,0/0,,,0.779313,low,log2(sedentary count + 1)
Rat vastus lateralis,TM2D2,8/8,10.213129997253418,high,1.0,0/0,,,6.021,mid,log2(sedentary count + 1)
Rat vastus lateralis,METTL13,0/8,,,,0/0,,,11.0235,,log2(sedentary count + 1)
Rat vastus lateralis,TLR7,8/8,4.753228425979614,low,1.0,0/0,,,0.0281697,low,log2(sedentary count + 1)
Rat vastus lateralis,CCNG2,8/8,9.44484806060791,high,1.0,0/0,,,3.07258,low,log2(sedentary count + 1)
Rat vastus lateralis,IKBIP,8/8,7.0260443687438965,mid,1.0,0/0,,,0.839667,low,log2(sedentary count + 1)
Rat vastus lateralis,GIMAP8,8/8,7.474864482879639,mid,1.0,0/0,,,4.13334,mid,log2(sedentary count + 1)
Rat vastus lateralis,NAPEPLD,8/8,5.350606918334961,low,1.0,0/0,,,3.12275,mid,log2(sedentary count + 1)
Rat vastus lateralis,CDC42EP2,8/8,7.99769401550293,mid,1.0,0/0,,,4.1522,mid,log2(sedentary count + 1)
Rat vastus lateralis,ZC3H10,8/8,7.540160655975342,mid,1.0,0/0,,,1.9956,low,log2(sedentary count + 1)
Rat vastus lateralis,SNCA,8/8,2.9208604097366333,low,1.0,0/0,,,0.162111,low,log2(sedentary count + 1)
Rat vastus lateralis,GPR171,8/8,2.1399691700935364,low,1.0,0/0,,,0.085889,low,log2(sedentary count + 1)
Rat vastus lateralis,TFEC,8/8,2.7311445474624634,low,1.0,0/0,,,0.127628,low,log2(sedentary count + 1)
Rat vastus lateralis,ST8SIA4,8/8,5.038208723068237,low,1.0,0/0,,,0.330255,low,log2(sedentary count + 1)
Rat vastus lateralis,KMT5B,8/8,9.629834175109863,high,1.0,0/0,,,7.91524,mid,log2(sedentary count + 1)
Rat vastus lateralis,THAP6,8/8,6.072386026382446,low,1.0,0/0,,,3.58197,mid,log2(sedentary count + 1)
Rat vastus lateralis,SH3BP5L,8/8,8.387298583984375,mid,1.0,0/0,,,11.7746,mid,log2(sedentary count + 1)
Rat vastus lateralis,P2RY12,8/8,3.3625223636627197,low,1.0,0/0,,,0.0778578,low,log2(sedentary count + 1)
Rat vastus lateralis,ACTL10,0/8,,,,0/0,,,0.148177,,log2(sedentary count + 1)
Rat vastus lateralis,HBM,0/8,,,,0/0,,,0.0498024,,log2(sedentary count + 1)
Rat vastus lateralis,TMEM33,8/8,8.372073650360107,mid,1.0,0/0,,,4.01701,mid,log2(sedentary count + 1)
Rat vastus lateralis,ZEB2,8/8,8.632757186889648,mid,1.0,0/0,,,2.97894,low,log2(sedentary count + 1)
Rat vastus lateralis,MOSPD2,8/8,6.292437314987183,low,1.0,0/0,,,1.43155,low,log2(sedentary count + 1)
Rat vastus lateralis,HCP5,0/8,,,,0/0,,,1.83242,,log2(sedentary count + 1)
Rat vastus lateralis,TRIM13,8/8,5.113431215286255,low,1.0,0/0,,,5.65019,mid,log2(sedentary count + 1)
Rat vastus lateralis,RTP4,8/8,5.82578706741333,low,1.0,0/0,,,0.266351,low,log2(sedentary count + 1)
Rat vastus lateralis,HSPA6,0/8,,,,0/0,,,0.391866,,log2(sedentary count + 1)
Rat vastus lateralis,STX11,8/8,3.161214232444763,low,1.0,0/0,,,1.62171,low,log2(sedentary count + 1)
Rat vastus lateralis,PTPRO,8/8,4.806607961654663,low,1.0,0/0,,,0.08975,low,log2(sedentary count + 1)
Rat vastus lateralis,AHSP,0/8,,,,0/0,,,0.0,,log2(sedentary count + 1)
Rat vastus lateralis,MRM1,8/8,6.707806348800659,mid,1.0,0/0,,,6.00631,mid,log2(sedentary count + 1)
Rat vastus lateralis,IGIP,0/8,,,,0/0,,,7.51118,,log2(sedentary count + 1)
Rat vastus lateralis,PGBD2,0/8,,,,0/0,,,0.631345,,log2(sedentary count + 1)
Rat vastus lateralis,ELOVL6,2/8,1.3342106342315674,low,1.0,0/0,,,0.29124,low,log2(sedentary count + 1)
Rat vastus lateralis,ALAS2,8/8,4.26199746131897,low,1.0,0/0,,,0.166819,low,log2(sedentary count + 1)
Rat vastus lateralis,TMEM60,8/8,8.217054843902588,mid,1.0,0/0,,,13.6007,high,log2(sedentary count + 1)
Rat vastus lateralis,RPP25L,8/8,6.503461122512817,mid,1.0,0/0,,,66.3498,high,log2(sedentary count + 1)
Rat vastus lateralis,EXOSC3,8/8,6.35900616645813,low,1.0,0/0,,,3.95225,mid,log2(sedentary count + 1)
Rat vastus lateralis,OSBP2,8/8,6.18513298034668,low,1.0,0/0,,,1.16467,low,log2(sedentary count + 1)
Rat vastus lateralis,LEO1,8/8,7.982091665267944,mid,1.0,0/0,,,8.78432,mid,log2(sedentary count + 1)
Rat vastus lateralis,CISH,8/8,7.779536962509155,mid,1.0,0/0,,,16.7196,high,log2(sedentary count + 1)
Rat vastus lateralis,RNASEL,8/8,5.9976818561553955,low,1.0,0/0,,,1.00195,low,log2(sedentary count + 1)
Rat vastus lateralis,ZNF594,8/8,4.9792516231536865,low,1.0,0/0,,,2.41039,low,log2(sedentary count + 1)
Rat vastus lateralis,GEMIN6,8/8,4.483766317367554,low,1.0,0/0,,,1.82956,low,log2(sedentary count + 1)
Rat vastus lateralis,C12orf4,8/8,6.904738426208496,mid,1.0,0/0,,,5.82318,mid,log2(sedentary count + 1)
Rat vastus lateralis,CETN3,8/8,7.917708396911621,mid,2.0,0/0,,,2.26325,low,log2(sedentary count + 1)
Rat vastus lateralis,MANEA,8/8,6.783019781112671,mid,1.0,0/0,,,0.985537,low,log2(sedentary count + 1)
Rat vastus lateralis,TNFSF14,0/8,,,,0/0,,,0.158452,,log2(sedentary count + 1)
Rat vastus lateralis,C9orf40,8/8,6.041496276855469,low,1.0,0/0,,,2.33251,low,log2(sedentary count + 1)
Rat vastus lateralis,FUT7,0/8,,,,0/0,,,0.0489611,,log2(sedentary count + 1)
Rat vastus lateralis,REPS2,0/8,,,,0/0,,,0.389209,,log2(sedentary count + 1)
Rat vastus lateralis,HEMGN,0/8,,,,0/0,,,0.0129724,,log2(sedentary count + 1)
Rat vastus lateralis,TLR8,8/8,4.995501756668091,low,1.0,0/0,,,0.0793737,low,log2(sedentary count + 1)
Rat vastus lateralis,TNS1,8/8,12.2579026222229,high,1.0,0/0,,,101.048,high,log2(sedentary count + 1)
Rat vastus lateralis,CLCN3,8/8,9.474379539489746,high,1.0,0/0,,,8.73894,mid,log2(sedentary count + 1)
Rat vastus lateralis,DCAF7,8/8,9.383219242095947,high,1.0,0/0,,,10.464,mid,log2(sedentary count + 1)
Rat vastus lateralis,TMOD1,8/8,12.089242935180664,high,1.0,0/0,,,147.639,high,log2(sedentary count + 1)
Rat vastus lateralis,BCL2L1,8/8,8.030491352081299,mid,1.0,0/0,,,35.5031,high,log2(sedentary count + 1)
Rat vastus lateralis,ZNF816,0/8,,,,0/0,,,0.478538,,log2(sedentary count + 1)
Rat vastus lateralis,TMEM140,8/8,7.727647542953491,mid,1.0,0/0,,,52.5596,high,log2(sedentary count + 1)
Rat vastus lateralis,ANAPC7,8/8,8.486945152282715,mid,1.0,0/0,,,15.6705,high,log2(sedentary count + 1)
Rat vastus lateralis,MLYCD,8/8,10.594919681549072,high,1.0,0/0,,,11.1626,mid,log2(sedentary count + 1)
Rat vastus lateralis,PTPN6,8/8,5.6441330909729,low,1.0,0/0,,,1.19225,low,log2(sedentary count + 1)
Rat vastus lateralis,TTC9C,8/8,7.84995698928833,mid,1.0,0/0,,,5.16223,mid,log2(sedentary count + 1)
Rat vastus lateralis,ZNF260,8/8,8.196197509765625,mid,2.0,0/0,,,1.659,low,log2(sedentary count + 1)
Rat vastus lateralis,CA1,0/8,,,,0/0,,,0.0661483,,log2(sedentary count + 1)
Rat vastus lateralis,MED8,0/8,,,,0/0,,,12.0595,,log2(sedentary count + 1)
Rat vastus lateralis,RNF14,8/8,10.309980392456055,high,1.0,0/0,,,16.5733,high,log2(sedentary count + 1)
Rat vastus lateralis,CHST15,8/8,5.516956567764282,low,1.0,0/0,,,6.32626,mid,log2(sedentary count + 1)
Rat vastus lateralis,VPS35,8/8,9.898938655853271,high,1.0,0/0,,,10.6154,mid,log2(sedentary count + 1)
Rat vastus lateralis,LYL1,8/8,5.094649314880371,low,1.0,0/0,,,1.41903,low,log2(sedentary count + 1)
Rat vastus lateralis,TRIM58,0/8,,,,0/0,,,0.0296437,,log2(sedentary count + 1)
Rat vastus lateralis,CRIPT,8/8,8.167300701141357,mid,1.0,0/0,,,9.65359,mid,log2(sedentary count + 1)
Rat vastus lateralis,IRX3,8/8,6.604888677597046,mid,1.0,0/0,,,4.83529,mid,log2(sedentary count + 1)
Rat vastus lateralis,GAPT,0/8,,,,0/0,,,0.0341929,,log2(sedentary count + 1)
Rat vastus lateralis,SAMD9,8/8,6.021347522735596,low,1.0,0/0,,,0.374381,low,log2(sedentary count + 1)
Rat vastus lateralis,FAM133B,8/8,6.124122381210327,low,1.0,0/0,,,5.0454,mid,log2(sedentary count + 1)
Rat vastus lateralis,HPS5,8/8,6.96183443069458,mid,1.0,0/0,,,3.21639,mid,log2(sedentary count + 1)
Rat vastus lateralis,HMGCL,8/8,8.392874717712402,mid,1.0,0/0,,,14.195,high,log2(sedentary count + 1)
Rat vastus lateralis,MED20,8/8,7.729385614395142,mid,1.0,0/0,,,7.79831,mid,log2(sedentary count + 1)
Rat vastus lateralis,EPB42,0/8,,,,0/0,,,0.0255359,,log2(sedentary count + 1)
Rat vastus lateralis,RAB27B,8/8,2.863154411315918,low,1.0,0/0,,,0.0291221,low,log2(sedentary count + 1)
Rat vastus lateralis,DARS2,8/8,7.547000408172607,mid,1.0,0/0,,,4.50061,mid,log2(sedentary count + 1)
Rat vastus lateralis,CENPQ,0/8,,,,0/0,,,2.87463,,log2(sedentary count + 1)
Rat vastus lateralis,HBE1,0/8,,,,0/0,,,0.112049,,log2(sedentary count + 1)
Rat vastus lateralis,HCCS,8/8,8.964249610900879,high,1.0,0/0,,,28.0228,high,log2(sedentary count + 1)
Rat vastus lateralis,TNFSF10,8/8,7.742106199264526,mid,1.0,0/0,,,8.87009,mid,log2(sedentary count + 1)
Rat vastus lateralis,BORCS6,8/8,8.758534908294678,high,1.0,0/0,,,9.10775,mid,log2(sedentary count + 1)
Rat vastus lateralis,SLC4A1,8/8,3.032182812690735,low,1.0,0/0,,,0.0341018,low,log2(sedentary count + 1)
Rat vastus lateralis,UTP14C,0/8,,,,0/0,,,6.39942,,log2(sedentary count + 1)
Rat vastus lateralis,BBS10,8/8,5.015333890914917,low,1.0,0/0,,,4.30478,mid,log2(sedentary count + 1)
Rat vastus lateralis,FAM43A,8/8,7.370675563812256,mid,2.0,0/0,,,3.28782,mid,log2(sedentary count + 1)
Rat vastus lateralis,SAMD9L,0/8,,,,0/0,,,1.40019,,log2(sedentary count + 1)
Rat vastus lateralis,FRAT2,8/8,6.801331996917725,mid,1.0,0/0,,,5.32005,mid,log2(sedentary count + 1)
Rat vastus lateralis,GIMAP7,8/8,5.690976142883301,low,1.0,0/0,,,8.99154,mid,log2(sedentary count + 1)
Rat vastus lateralis,GOLPH3L,8/8,6.973286151885986,mid,1.0,0/0,,,7.94941,mid,log2(sedentary count + 1)
Rat vastus lateralis,ZNF330,8/8,8.908919334411621,high,1.0,0/0,,,43.0116,high,log2(sedentary count + 1)
Rat vastus lateralis,ZNF175,8/8,4.620348215103149,low,1.0,0/0,,,1.5416,low,log2(sedentary count + 1)
Rat vastus lateralis,NUDCD1,8/8,7.45462965965271,mid,1.0,0/0,,,3.68754,mid,log2(sedentary count + 1)
Rat vastus lateralis,H2BC5,0/8,,,,0/0,,,8.81576,,log2(sedentary count + 1)
Rat vastus lateralis,ELAC1,8/8,6.1900012493133545,low,1.0,0/0,,,1.26817,low,log2(sedentary count + 1)
Rat vastus lateralis,EXD2,8/8,8.03541374206543,mid,1.0,0/0,,,6.15313,mid,log2(sedentary count + 1)
Rat vastus lateralis,TTC33,8/8,9.071903705596924,high,1.0,0/0,,,5.14258,mid,log2(sedentary count + 1)
Rat vastus lateralis,DHFR2,0/8,,,,0/0,,,0.796061,,log2(sedentary count + 1)
Rat vastus lateralis,CCR5,8/8,4.356378793716431,low,1.0,0/0,,,0.0608915,low,log2(sedentary count + 1)
Rat vastus lateralis,FAR2,0/8,,,,0/0,,,0.709651,,log2(sedentary count + 1)
Rat vastus lateralis,IFIT1B,0/8,,,,0/0,,,0.0,,log2(sedentary count + 1)
Rat vastus lateralis,DAB2,8/8,7.793518543243408,mid,1.0,0/0,,,5.13654,mid,log2(sedentary count + 1)
Rat vastus lateralis,PDK4,8/8,14.419672966003418,high,1.0,0/0,,,1450.41,high,log2(sedentary count + 1)
Rat vastus lateralis,GPN3,8/8,7.686654090881348,mid,1.0,0/0,,,24.7392,high,log2(sedentary count + 1)
Rat vastus lateralis,CCDC127,8/8,8.222789764404297,mid,1.0,0/0,,,6.5802,mid,log2(sedentary count + 1)
Rat vastus lateralis,PEX3,8/8,7.728038787841797,mid,1.0,0/0,,,7.20608,mid,log2(sedentary count + 1)
Rat vastus lateralis,MIR3142HG,0/8,,,,0/0,,,0.0173922,,log2(sedentary count + 1)
Rat vastus lateralis,TNFRSF1A,8/8,8.663652896881104,mid,1.0,0/0,,,43.2256,high,log2(sedentary count + 1)
Rat vastus lateralis,COPB2,0/8,,,,0/0,,,19.7749,,log2(sedentary count + 1)
Rat vastus lateralis,RAB3IL1,8/8,5.678032398223877,low,1.0,0/0,,,4.58673,mid,log2(sedentary count + 1)
Rat vastus lateralis,GIN1,8/8,6.664196014404297,mid,1.0,0/0,,,3.4063,mid,log2(sedentary count + 1)
Rat vastus lateralis,ACSL3,8/8,8.946184635162354,high,1.0,0/0,,,15.2635,high,log2(sedentary count + 1)
Rat vastus lateralis,CCDC126,8/8,6.708993434906006,mid,1.0,0/0,,,3.86808,mid,log2(sedentary count + 1)
Rat vastus lateralis,FBXO7,8/8,8.157662391662598,mid,1.0,0/0,,,21.2652,high,log2(sedentary count + 1)
Rat vastus lateralis,GYPE,0/8,,,,0/0,,,0.165277,,log2(sedentary count + 1)
Rat vastus lateralis,PHOSPHO1,8/8,12.884750843048096,high,1.0,0/0,,,1.09684,low,log2(sedentary count + 1)
Rat vastus lateralis,SLC39A9,8/8,8.060127973556519,mid,1.0,0/0,,,4.66131,mid,log2(sedentary count + 1)
Rat vastus lateralis,DGAT2,8/8,10.1354341506958,high,1.0,0/0,,,1.59232,low,log2(sedentary count + 1)
Rat vastus lateralis,SEC14L5,8/8,8.131341695785522,mid,1.0,0/0,,,0.745115,low,log2(sedentary count + 1)
Rat vastus lateralis,FPR3,0/8,,,,0/0,,,0.319764,,log2(sedentary count + 1)
Rat vastus lateralis,FZD1,8/8,6.950419187545776,mid,1.0,0/0,,,1.35249,low,log2(sedentary count + 1)
Rat vastus lateralis,SLC16A3,8/8,12.105647087097168,high,1.0,0/0,,,29.7095,high,log2(sedentary count + 1)
Rat vastus lateralis,SH2D3C,8/8,7.937971115112305,mid,1.0,0/0,,,4.85499,mid,log2(sedentary count + 1)
Rat vastus lateralis,SNX8,8/8,6.277395963668823,low,1.0,0/0,,,5.2104,mid,log2(sedentary count + 1)
Rat vastus lateralis,LINC00877,0/8,,,,0/0,,,0.0072055,,log2(sedentary count + 1)
Rat vastus lateralis,STK38L,8/8,8.804813861846924,high,1.0,0/0,,,5.79672,mid,log2(sedentary count + 1)
Rat vastus lateralis,PTCRA,0/8,,,,0/0,,,0.0,,log2(sedentary count + 1)
Rat vastus lateralis,PREPL,8/8,9.883739948272705,high,1.0,0/0,,,13.5879,high,log2(sedentary count + 1)
Rat vastus lateralis,GCA,8/8,7.786816120147705,mid,1.0,0/0,,,1.51028,low,log2(sedentary count + 1)
Rat vastus lateralis,NCBP1,8/8,8.266089916229248,mid,1.0,0/0,,,9.66466,mid,log2(sedentary count + 1)
Rat vastus lateralis,ZNF616,0/8,,,,0/0,,,1.14393,,log2(sedentary count + 1)
Rat vastus lateralis,TMEM267,8/8,3.410824418067932,low,1.0,0/0,,,2.26711,low,log2(sedentary count + 1)
Rat vastus lateralis,YIPF5,8/8,7.473755121231079,mid,1.0,0/0,,,5.40805,mid,log2(sedentary count + 1)
Rat vastus lateralis,FHL2,8/8,4.623006820678711,low,1.0,0/0,,,7.63717,mid,log2(sedentary count + 1)
Rat vastus lateralis,IFNAR1,8/8,8.823508739471436,high,1.0,0/0,,,7.3247,mid,log2(sedentary count + 1)
Rat vastus lateralis,ZC3H14,8/8,9.290801048278809,high,1.0,0/0,,,3.19464,mid,log2(sedentary count + 1)
Rat vastus lateralis,C2orf88,0/8,,,,0/0,,,3.70303,,log2(sedentary count + 1)
Rat vastus lateralis,ELMOD2,8/8,7.005911827087402,mid,1.0,0/0,,,2.66554,low,log2(sedentary count + 1)
Rat vastus lateralis,OSBPL11,8/8,9.141366481781006,high,1.0,0/0,,,42.8974,high,log2(sedentary count + 1)
Rat vastus lateralis,SPRYD3,8/8,6.34070897102356,low,1.0,0/0,,,16.5678,high,log2(sedentary count + 1)
Rat vastus lateralis,MGAT2,8/8,6.923304080963135,mid,1.0,0/0,,,1.4342,low,log2(sedentary count + 1)
Rat vastus lateralis,KMO,0/8,,,,0/0,,,0.0153934,,log2(sedentary count + 1)
Rat vastus lateralis,IFRD1,8/8,9.176996231079102,high,1.0,0/0,,,16.6977,high,log2(sedentary count + 1)
Rat vastus lateralis,PCSK6,8/8,8.569293022155762,mid,1.0,0/0,,,2.56199,low,log2(sedentary count + 1)
Rat vastus lateralis,SEC62,8/8,9.250359058380127,high,1.0,0/0,,,14.8761,high,log2(sedentary count + 1)
Rat vastus lateralis,CBR4,8/8,7.879150390625,mid,1.0,0/0,,,6.75315,mid,log2(sedentary count + 1)
Rat vastus lateralis,STX7,8/8,8.065683364868164,mid,2.0,0/0,,,3.2348,mid,log2(sedentary count + 1)
Rat vastus lateralis,BAZ2B,8/8,8.463640689849854,mid,1.0,0/0,,,3.78975,mid,log2(sedentary count + 1)
Rat vastus lateralis,TMA16,8/8,6.650144338607788,mid,1.0,0/0,,,5.18126,mid,log2(sedentary count + 1)
Rat vastus lateralis,ZFYVE21,8/8,5.897266387939453,low,1.0,0/0,,,13.1552,mid,log2(sedentary count + 1)
Rat vastus lateralis,SUGT1,8/8,9.292473793029785,high,1.0,0/0,,,4.217,mid,log2(sedentary count + 1)
Rat vastus lateralis,TRNT1,8/8,8.86234426498413,high,1.0,0/0,,,3.80347,mid,log2(sedentary count + 1)
Rat vastus lateralis,SERAC1,8/8,6.041316986083984,low,1.0,0/0,,,2.18344,low,log2(sedentary count + 1)
Rat vastus lateralis,GPR141,0/8,,,,0/0,,,0.0142519,,log2(sedentary count + 1)
Rat vastus lateralis,CXCR2,0/8,,,,0/0,,,0.134873,,log2(sedentary count + 1)
Rat vastus lateralis,TNFAIP6,8/8,2.9150490760803223,low,1.0,0/0,,,0.741396,low,log2(sedentary count + 1)
Rat vastus lateralis,RABIF,8/8,6.148887395858765,low,2.0,0/0,,,3.66304,mid,log2(sedentary count + 1)
Rat vastus lateralis,XK,8/8,7.662688732147217,mid,1.0,0/0,,,2.4345,low,log2(sedentary count + 1)
Rat vastus lateralis,RBM4B,8/8,6.52166748046875,mid,1.0,0/0,,,4.12886,mid,log2(sedentary count + 1)
Rat vastus lateralis,GBP1,8/8,8.24174690246582,mid,1.0,0/0,,,2.32749,low,log2(sedentary count + 1)
Rat vastus lateralis,SELENBP1,8/8,5.3168840408325195,low,2.0,0/0,,,49.0844,high,log2(sedentary count + 1)
Rat vastus lateralis,SERPINB9,8/8,5.387186288833618,low,1.0,0/0,,,1.33588,low,log2(sedentary count + 1)
Rat vastus lateralis,NABP1,8/8,6.529389142990112,mid,1.0,0/0,,,0.767983,low,log2(sedentary count + 1)
Rat vastus lateralis,TMEM169,0/8,,,,0/0,,,0.0417417,,log2(sedentary count + 1)
Rat vastus lateralis,MOB3C,8/8,4.625939846038818,low,1.0,0/0,,,9.9564,mid,log2(sedentary count + 1)
Rat vastus lateralis,YIPF4,8/8,8.451323509216309,mid,1.0,0/0,,,6.39863,mid,log2(sedentary count + 1)
Rat vastus lateralis,MED18,8/8,4.530055522918701,low,1.0,0/0,,,6.968,mid,log2(sedentary count + 1)
Rat vastus lateralis,MYL4,8/8,7.713268995285034,mid,1.0,0/0,,,0.624778,low,log2(sedentary count + 1)
Rat vastus lateralis,FAXDC2,8/8,6.08864426612854,low,1.0,0/0,,,5.20425,mid,log2(sedentary count + 1)
Rat vastus lateralis,CCDC121,0/8,,,,0/0,,,1.40254,,log2(sedentary count + 1)
Rat vastus lateralis,MMACHC,8/8,8.836253643035889,high,1.0,0/0,,,2.44639,low,log2(sedentary count + 1)
Rat vastus lateralis,BPTF,8/8,9.862853050231934,high,1.0,0/0,,,7.57286,mid,log2(sedentary count + 1)
Rat vastus lateralis,CENPE,8/8,3.4693121910095215,low,1.0,0/0,,,0.0595288,low,log2(sedentary count + 1)
Rat vastus lateralis,GLS,8/8,10.059134483337402,high,1.0,0/0,,,6.59261,mid,log2(sedentary count + 1)
Rat vastus lateralis,CSTF3,8/8,6.004384517669678,low,1.0,0/0,,,4.75362,mid,log2(sedentary count + 1)
Rat vastus lateralis,ZKSCAN7,8/8,6.226552486419678,low,1.0,0/0,,,0.586784,low,log2(sedentary count + 1)
Rat vastus lateralis,UTP3,8/8,8.706000804901123,high,1.0,0/0,,,12.1815,mid,log2(sedentary count + 1)
Rat vastus lateralis,HBG1,0/8,,,,0/0,,,0.0404319,,log2(sedentary count + 1)
Rat vastus lateralis,MINPP1,8/8,8.435274600982666,mid,1.0,0/0,,,3.051,low,log2(sedentary count + 1)
Rat vastus lateralis,FASLG,0/8,,,,0/0,,,0.0,,log2(sedentary count + 1)
Rat vastus lateralis,THAP2,8/8,5.012477397918701,low,1.0,0/0,,,1.21084,low,log2(sedentary count + 1)
Rat vastus lateralis,MUC6,8/8,6.670995712280273,mid,1.0,0/0,,,0.0600823,low,log2(sedentary count + 1)
Rat vastus lateralis,BPGM,8/8,11.244878768920898,high,1.0,0/0,,,10.2855,mid,log2(sedentary count + 1)
Rat vastus lateralis,P2RY13,8/8,3.3577476739883423,low,1.0,0/0,,,0.121681,low,log2(sedentary count + 1)
Rat vastus lateralis,HBG2,0/8,,,,0/0,,,0.101817,,log2(sedentary count + 1)
Rat vastus lateralis,ARHGAP18,8/8,7.3187415599823,mid,1.0,0/0,,,3.12783,mid,log2(sedentary count + 1)
Rat vastus lateralis,GYPB,0/8,,,,0/0,,,0.0,,log2(sedentary count + 1)
Rat vastus lateralis,PPIL1,8/8,6.819705963134766,mid,1.0,0/0,,,10.4928,mid,log2(sedentary count + 1)
Rat vastus lateralis,TRIM10,0/8,,,,0/0,,,0.0,,log2(sedentary count + 1)
Rat vastus lateralis,RNF149,8/8,7.494553089141846,mid,1.0,0/0,,,6.92321,mid,log2(sedentary count + 1)
Rat vastus lateralis,TMEM39A,8/8,6.652868986129761,mid,1.0,0/0,,,3.95088,mid,log2(sedentary count + 1)
Rat vastus lateralis,SLFN14,0/8,,,,0/0,,,0.013012,,log2(sedentary count + 1)
Rat vastus lateralis,ZNF189,8/8,7.041744232177734,mid,1.0,0/0,,,9.75593,mid,log2(sedentary count + 1)
Rat vastus lateralis,AQP10,0/8,,,,0/0,,,0.00872119,,log2(sedentary count + 1)
Rat vastus lateralis,RGS18,8/8,2.802100896835327,low,1.0,0/0,,,0.0897305,low,log2(sedentary count + 1)
Rat vastus lateralis,P2RY1,8/8,9.158909797668457,high,1.0,0/0,,,0.910659,low,log2(sedentary count + 1)
Rat vastus lateralis,MRPL35,8/8,9.487298965454102,high,1.0,0/0,,,21.9955,high,log2(sedentary count + 1)
Rat vastus lateralis,DDX58,8/8,5.219537019729614,low,1.0,0/0,,,3.69742,mid,log2(sedentary count + 1)
Rat vastus lateralis,TMEM158,8/8,4.368415117263794,low,1.0,0/0,,,0.923567,low,log2(sedentary count + 1)
Rat vastus lateralis,ANKRD50,8/8,7.759058237075806,mid,1.0,0/0,,,1.11201,low,log2(sedentary count + 1)
Rat vastus lateralis,ANGPT1,8/8,7.7689855098724365,mid,1.0,0/0,,,3.47548,mid,log2(sedentary count + 1)
Rat vastus lateralis,TMCC2,8/8,10.352388858795166,high,1.0,0/0,,,3.65064,mid,log2(sedentary count + 1)
Rat vastus lateralis,F2RL1,8/8,4.06122088432312,low,1.0,0/0,,,0.0370131,low,log2(sedentary count + 1)
Rat vastus lateralis,VPS37A,8/8,7.976372957229614,mid,1.0,0/0,,,14.9511,high,log2(sedentary count + 1)
Rat vastus lateralis,GIMAP5,8/8,6.398191213607788,low,1.0,0/0,,,9.31468,mid,log2(sedentary count + 1)
Rat vastus lateralis,RTN2,8/8,13.153102397918701,high,1.0,0/0,,,105.878,high,log2(sedentary count + 1)
Rat vastus lateralis,DCLRE1A,8/8,7.361619234085083,mid,1.0,0/0,,,2.53148,low,log2(sedentary count + 1)
Rat vastus lateralis,ZKSCAN3,8/8,8.896920680999756,high,1.0,0/0,,,0.953314,low,log2(sedentary count + 1)
Rat vastus lateralis,EEPD1,8/8,11.299156665802002,high,1.0,0/0,,,21.3764,high,log2(sedentary count + 1)
Rat vastus lateralis,LARP4,0/8,,,,0/0,,,15.1307,,log2(sedentary count + 1)
Rat vastus lateralis,GPM6B,8/8,6.98354434967041,mid,1.0,0/0,,,1.16651,low,log2(sedentary count + 1)
Rat vastus lateralis,BBS12,8/8,5.139296770095825,low,1.0,0/0,,,0.406499,low,log2(sedentary count + 1)
Rat vastus lateralis,DYNLL1,8/8,8.858224868774414,high,1.0,0/0,,,9.84142,mid,log2(sedentary count + 1)
Rat vastus lateralis,P2RY14,8/8,4.843216419219971,low,1.0,0/0,,,1.54851,low,log2(sedentary count + 1)
Rat vastus lateralis,NDUFV3,8/8,10.885858535766602,high,2.0,0/0,,,27.0772,high,log2(sedentary count + 1)
Rat vastus lateralis,ISCA2,8/8,8.598397254943848,mid,1.0,0/0,,,9.20117,mid,log2(sedentary count + 1)
Rat vastus lateralis,GMPR,8/8,11.435983657836914,high,1.0,0/0,,,250.308,high,log2(sedentary count + 1)
Rat vastus lateralis,SLC25A37,8/8,5.81940221786499,low,1.0,0/0,,,13.4442,high,log2(sedentary count + 1)
Rat vastus lateralis,TIMMDC1,8/8,8.680102825164795,mid,1.0,0/0,,,83.4635,high,log2(sedentary count + 1)
Rat vastus lateralis,ARV1,8/8,5.7415807247161865,low,1.0,0/0,,,8.75068,mid,log2(sedentary count + 1)
Rat vastus lateralis,TPM1,8/8,18.291739463806152,high,1.0,0/0,,,416.835,high,log2(sedentary count + 1)
Rat vastus lateralis,RWDD1,8/8,9.330295085906982,high,1.0,0/0,,,20.585,high,log2(sedentary count + 1)
Rat vastus lateralis,ETNK1,8/8,9.775274276733398,high,1.0,0/0,,,3.85017,mid,log2(sedentary count + 1)
Rat vastus lateralis,TNFAIP3,8/8,7.338861465454102,mid,1.0,0/0,,,3.94467,mid,log2(sedentary count + 1)
Rat vastus lateralis,CAMK4,0/8,,,,0/0,,,0.0235755,,log2(sedentary count + 1)
Rat vastus lateralis,PEAK1,8/8,8.819234371185303,high,1.0,0/0,,,2.9221,low,log2(sedentary count + 1)
Rat vastus lateralis,DYNLL2,8/8,12.261799335479736,high,1.0,0/0,,,50.1666,high,log2(sedentary count + 1)
Rat vastus lateralis,FXR1,8/8,12.571488857269287,high,1.0,0/0,,,96.3122,high,log2(sedentary count + 1)
Rat vastus lateralis,PVT1,0/8,,,,0/0,,,0.673204,,log2(sedentary count + 1)
Rat vastus lateralis,SBDSP1,0/8,,,,0/0,,,17.3057,,log2(sedentary count + 1)
Rat vastus lateralis,DNAJB1,8/8,7.519695043563843,mid,1.0,0/0,,,14.5943,high,log2(sedentary count + 1)
Rat vastus lateralis,KLHL15,8/8,5.110535383224487,low,1.0,0/0,,,2.8705,low,log2(sedentary count + 1)
Rat vastus lateralis,CXCR4,8/8,6.998124122619629,mid,1.0,0/0,,,2.39454,low,log2(sedentary count + 1)
Rat vastus lateralis,TSC22D3,8/8,11.673846244812012,high,1.0,0/0,,,195.525,high,log2(sedentary count + 1)
Rat vastus lateralis,MAFF,8/8,6.494637966156006,mid,1.0,0/0,,,31.404,high,log2(sedentary count + 1)
Rat vastus lateralis,BCL2L11,8/8,6.886132717132568,mid,1.0,0/0,,,6.24343,mid,log2(sedentary count + 1)
Rat vastus lateralis,KLF9,8/8,11.718548774719238,high,1.0,0/0,,,97.8045,high,log2(sedentary count + 1)
Rat vastus lateralis,BCL2,8/8,3.4126585721969604,low,1.0,0/0,,,4.07969,mid,log2(sedentary count + 1)
Rat vastus lateralis,ZXDA,0/8,,,,0/0,,,1.15673,,log2(sedentary count + 1)
Rat vastus lateralis,TMEM119,8/8,3.6685097217559814,low,1.0,0/0,,,0.398024,low,log2(sedentary count + 1)
Rat vastus lateralis,MGAT4A,8/8,7.095618963241577,mid,1.0,0/0,,,2.0102,low,log2(sedentary count + 1)
Rat vastus lateralis,WNT7A,0/8,,,,0/0,,,0.0,,log2(sedentary count + 1)
Rat vastus lateralis,CNNM2,8/8,5.667291164398193,low,1.0,0/0,,,0.661175,low,log2(sedentary count + 1)
Rat vastus lateralis,NAA16,8/8,7.189505338668823,mid,1.0,0/0,,,6.25549,mid,log2(sedentary count + 1)
Rat vastus lateralis,UBE2D2,8/8,7.864624738693237,mid,1.0,0/0,,,53.9,high,log2(sedentary count + 1)
Rat vastus lateralis,JMY,8/8,7.000252962112427,mid,1.0,0/0,,,7.12102,mid,log2(sedentary count + 1)
Rat vastus lateralis,JUN,8/8,12.036444664001465,high,1.0,0/0,,,82.9768,high,log2(sedentary count + 1)
Rat vastus lateralis,ABL1,8/8,7.449903964996338,mid,2.0,0/0,,,18.7464,high,log2(sedentary count + 1)
Rat vastus lateralis,PIK3IP1,8/8,10.33241081237793,high,1.0,0/0,,,12.4269,mid,log2(sedentary count + 1)
Rat vastus lateralis,STK17B,8/8,7.212716102600098,mid,1.0,0/0,,,1.34345,low,log2(sedentary count + 1)
Rat vastus lateralis,SON,8/8,12.247795104980469,high,1.0,0/0,,,34.489,high,log2(sedentary count + 1)
Rat vastus lateralis,PIM3,8/8,8.235140323638916,mid,1.0,0/0,,,80.7028,high,log2(sedentary count + 1)
Rat vastus lateralis,SIK1,8/8,7.445476770401001,mid,1.0,0/0,,,0.972744,low,log2(sedentary count + 1)
Rat vastus lateralis,CSRNP1,8/8,5.678363800048828,low,1.0,0/0,,,27.8142,high,log2(sedentary count + 1)
Rat vastus lateralis,FEM1B,8/8,8.880582809448242,high,1.0,0/0,,,30.272,high,log2(sedentary count + 1)
Rat vastus lateralis,RGPD5,0/8,,,,0/0,,,0.00767166,,log2(sedentary count + 1)
Rat vastus lateralis,STARD7,8/8,11.039858341217041,high,1.0,0/0,,,153.306,high,log2(sedentary count + 1)
Rat vastus lateralis,DDIT3,8/8,7.6092259883880615,mid,1.0,0/0,,,21.3726,high,log2(sedentary count + 1)
Rat vastus lateralis,PPP1R8,8/8,7.915522813796997,mid,1.0,0/0,,,13.8031,high,log2(sedentary count + 1)
Rat vastus lateralis,IRF2BP2,8/8,9.324283599853516,high,1.0,0/0,,,33.0494,high,log2(sedentary count + 1)
Rat vastus lateralis,TCP11L2,8/8,9.474584579467773,high,1.0,0/0,,,3.39194,mid,log2(sedentary count + 1)
Rat vastus lateralis,ID1,8/8,8.37230920791626,mid,1.0,0/0,,,16.8748,high,log2(sedentary count + 1)
Rat vastus lateralis,ZNF394,8/8,7.307986497879028,mid,1.0,0/0,,,9.52301,mid,log2(sedentary count + 1)
Rat vastus lateralis,MTFP1,8/8,8.194239616394043,mid,1.0,0/0,,,11.9221,mid,log2(sedentary count + 1)
Rat vastus lateralis,CCDC173,0/8,,,,0/0,,,0.0260951,,log2(sedentary count + 1)
Rat vastus lateralis,MED13,8/8,9.910643100738525,high,1.0,0/0,,,14.4837,high,log2(sedentary count + 1)
Rat vastus lateralis,CD69,0/8,,,,0/0,,,0.321557,,log2(sedentary count + 1)
Rat vastus lateralis,DUSP2,8/8,2.8139350414276123,low,1.0,0/0,,,1.6768,low,log2(sedentary count + 1)
Rat vastus lateralis,ACAN,0/8,,,,0/0,,,0.0568927,,log2(sedentary count + 1)
Rat vastus lateralis,RGS1,0/8,,,,0/0,,,1.12134,,log2(sedentary count + 1)
Rat vastus lateralis,SBDS,8/8,9.395530700683594,high,1.0,0/0,,,264.963,high,log2(sedentary count + 1)
Rat vastus lateralis,ZBTB25,8/8,5.621134281158447,low,1.0,0/0,,,2.32531,low,log2(sedentary count + 1)
Rat vastus lateralis,DRD3,0/8,,,,0/0,,,0.0,,log2(sedentary count + 1)
Rat vastus lateralis,TMEM30B,0/8,,,,0/0,,,0.68251,,log2(sedentary count + 1)
Rat vastus lateralis,PPP1R15A,8/8,9.991298198699951,high,1.0,0/0,,,48.0177,high,log2(sedentary count + 1)
Rat vastus lateralis,ING5,8/8,7.7285380363464355,mid,1.0,0/0,,,6.12418,mid,log2(sedentary count + 1)
Rat vastus lateralis,ZNF101,0/8,,,,0/0,,,0.673974,,log2(sedentary count + 1)
Rat vastus lateralis,NAA20,8/8,7.834041595458984,mid,1.0,0/0,,,44.19,high,log2(sedentary count + 1)
Rat vastus lateralis,TOE1,8/8,6.177196979522705,low,1.0,0/0,,,2.84177,low,log2(sedentary count + 1)
Rat vastus lateralis,GZF1,8/8,8.787262439727783,high,1.0,0/0,,,6.11444,mid,log2(sedentary count + 1)
Rat vastus lateralis,WHAMM,8/8,8.07284688949585,mid,1.0,0/0,,,14.8966,high,log2(sedentary count + 1)
Rat vastus lateralis,MAGOHB,8/8,5.2949745655059814,low,1.0,0/0,,,1.17975,low,log2(sedentary count + 1)
Rat vastus lateralis,ELK4,8/8,9.860577583312988,high,1.0,0/0,,,7.57201,mid,log2(sedentary count + 1)
Rat vastus lateralis,MYLIP,8/8,8.3621244430542,mid,1.0,0/0,,,13.2406,mid,log2(sedentary count + 1)
Rat vastus lateralis,SMDT1,8/8,8.126809120178223,mid,1.0,0/0,,,70.3444,high,log2(sedentary count + 1)
Rat vastus lateralis,AVPI1,8/8,6.656399250030518,mid,1.0,0/0,,,6.94274,mid,log2(sedentary count + 1)
Rat vastus lateralis,CIRBP,8/8,8.309066772460938,mid,1.0,0/0,,,74.5653,high,log2(sedentary count + 1)
Rat vastus lateralis,EIF1,8/8,12.892283916473389,high,1.0,0/0,,,632.981,high,log2(sedentary count + 1)
Rat vastus lateralis,GRPEL1,8/8,9.608235359191895,high,1.0,0/0,,,27.3646,high,log2(sedentary count + 1)
Rat vastus lateralis,CD83,8/8,4.650837659835815,low,1.0,0/0,,,0.862747,low,log2(sedentary count + 1)
Rat vastus lateralis,NR4A2,8/8,4.733098745346069,low,1.0,0/0,,,4.34552,mid,log2(sedentary count + 1)
Rat vastus lateralis,RPL32,8/8,11.481452465057373,high,2.0,0/0,,,342.351,high,log2(sedentary count + 1)
Rat vastus lateralis,BTG3,8/8,3.9719592332839966,low,1.0,0/0,,,2.40896,low,log2(sedentary count + 1)
Rat vastus lateralis,CEP170,8/8,8.678356170654297,mid,2.0,0/0,,,4.49094,mid,log2(sedentary count + 1)
Rat vastus lateralis,TCEA3,8/8,11.483843803405762,high,1.0,0/0,,,185.853,high,log2(sedentary count + 1)
Rat vastus lateralis,MFHAS1,8/8,5.4879138469696045,low,1.0,0/0,,,1.80125,low,log2(sedentary count + 1)
Rat vastus lateralis,GPR183,8/8,3.283480644226074,low,1.0,0/0,,,1.18151,low,log2(sedentary count + 1)
Rat vastus lateralis,BHLHE40,8/8,11.133465766906738,high,1.0,0/0,,,182.03,high,log2(sedentary count + 1)
Rat vastus lateralis,KANSL2,8/8,9.40385389328003,high,2.0,0/0,,,26.3956,high,log2(sedentary count + 1)
Rat vastus lateralis,NFKBIA,8/8,8.824838161468506,high,1.0,0/0,,,88.6113,high,log2(sedentary count + 1)
Rat vastus lateralis,ZBTB10,8/8,6.998920440673828,mid,1.0,0/0,,,3.74436,mid,log2(sedentary count + 1)
Rat vastus lateralis,GCOM1,0/8,,,,0/0,,,,,log2(sedentary count + 1)
Rat vastus lateralis,RGCC,8/8,7.255247592926025,mid,1.0,0/0,,,27.6327,high,log2(sedentary count + 1)
Rat vastus lateralis,BRWD1,8/8,9.582408428192139,high,1.0,0/0,,,6.56623,mid,log2(sedentary count + 1)
Rat vastus lateralis,H3-3B,8/8,9.93912410736084,high,2.0,0/0,,,98.3828,high,log2(sedentary count + 1)
Rat vastus lateralis,REM2,0/8,,,,0/0,,,0.404914,,log2(sedentary count + 1)
Rat vastus lateralis,NAP1L5,0/8,,,,0/0,,,2.03903,,log2(sedentary count + 1)
Rat vastus lateralis,NXT1,8/8,5.375847816467285,low,1.0,0/0,,,7.30159,mid,log2(sedentary count + 1)
Rat vastus lateralis,JUND,8/8,9.922484397888184,high,1.0,0/0,,,50.8473,high,log2(sedentary count + 1)
Rat vastus lateralis,PHLDA1,8/8,5.7949604988098145,low,1.0,0/0,,,2.73855,low,log2(sedentary count + 1)
Rat vastus lateralis,PSMA1,8/8,10.080857753753662,high,1.0,0/0,,,79.7916,high,log2(sedentary count + 1)
Rat vastus lateralis,DUSP8,8/8,8.494346618652344,mid,1.0,0/0,,,9.74017,mid,log2(sedentary count + 1)
Rat vastus lateralis,FOSL2,8/8,3.688939929008484,low,1.0,0/0,,,66.1262,high,log2(sedentary count + 1)
Rat vastus lateralis,IRS2,8/8,10.074963569641113,high,1.0,0/0,,,16.635,high,log2(sedentary count + 1)
Rat vastus lateralis,GABARAPL1,8/8,10.37250804901123,high,1.0,0/0,,,124.138,high,log2(sedentary count + 1)
Rat vastus lateralis,TSHZ2,8/8,7.944269418716431,mid,1.0,0/0,,,0.517816,low,log2(sedentary count + 1)
Rat vastus lateralis,BEX5,8/8,5.5351927280426025,low,1.0,0/0,,,0.23893,low,log2(sedentary count + 1)
Rat vastus lateralis,NR3C2,8/8,7.717473030090332,mid,1.0,0/0,,,3.92722,mid,log2(sedentary count + 1)
Rat vastus lateralis,CFAP20,8/8,6.436639785766602,low,1.0,0/0,,,7.29131,mid,log2(sedentary count + 1)
Rat vastus lateralis,TSPYL2,8/8,7.764448404312134,mid,1.0,0/0,,,66.2819,high,log2(sedentary count + 1)
Rat vastus lateralis,ACVR1B,8/8,10.572691440582275,high,1.0,0/0,,,8.01273,mid,log2(sedentary count + 1)
Rat vastus lateralis,BNIP1,8/8,9.490479469299316,high,1.0,0/0,,,4.79523,mid,log2(sedentary count + 1)
Rat vastus lateralis,GPRIN3,8/8,4.494838714599609,low,1.0,0/0,,,0.647881,low,log2(sedentary count + 1)
Rat vastus lateralis,SMAD7,8/8,7.659391403198242,mid,1.0,0/0,,,7.95222,mid,log2(sedentary count + 1)
Rat vastus lateralis,RCC1L,8/8,8.860017776489258,high,1.0,0/0,,,50.1398,high,log2(sedentary count + 1)
Rat vastus lateralis,BAG3,8/8,11.948981285095215,high,1.0,0/0,,,370.373,high,log2(sedentary count + 1)
Rat vastus lateralis,PDZD8,8/8,9.21910047531128,high,1.0,0/0,,,4.16622,mid,log2(sedentary count + 1)
Rat vastus lateralis,POLR2M,8/8,11.85622501373291,high,1.0,0/0,,,13.2047,mid,log2(sedentary count + 1)
Rat vastus lateralis,ZXDB,0/8,,,,0/0,,,3.11823,,log2(sedentary count + 1)
Rat vastus lateralis,BCL11A,0/8,,,,0/0,,,0.0172427,,log2(sedentary count + 1)
Rat vastus lateralis,BTF3,8/8,9.846995830535889,high,1.0,0/0,,,431.032,high,log2(sedentary count + 1)
Rat vastus lateralis,JOSD1,8/8,7.575978517532349,mid,1.0,0/0,,,15.4089,high,log2(sedentary count + 1)
Rat vastus lateralis,SPRY1,8/8,8.926953792572021,high,1.0,0/0,,,20.0131,high,log2(sedentary count + 1)
Rat vastus lateralis,HIPK1,8/8,10.691418170928955,high,1.0,0/0,,,14.9928,high,log2(sedentary count + 1)
Rat vastus lateralis,SNHG15,0/8,,,,0/0,,,2.35697,,log2(sedentary count + 1)
Rat vastus lateralis,OBSCN,8/8,17.254526138305664,high,1.0,0/0,,,212.953,high,log2(sedentary count + 1)
Rat vastus lateralis,ZC3H12A,8/8,2.3197070956230164,low,2.0,0/0,,,6.42776,mid,log2(sedentary count + 1)
Rat vastus lateralis,CCDC184,0/8,,,,0/0,,,0.679993,,log2(sedentary count + 1)
Rat vastus lateralis,RBM33,8/8,4.178068161010742,low,2.0,0/0,,,12.0913,mid,log2(sedentary count + 1)
Rat vastus lateralis,MOAP1,8/8,6.463545083999634,low,1.0,0/0,,,32.6243,high,log2(sedentary count + 1)
Rat vastus lateralis,JUNB,8/8,8.079664945602417,mid,1.0,0/0,,,79.1112,high,log2(sedentary count + 1)
Rat vastus lateralis,HAS3,8/8,5.181313753128052,low,1.0,0/0,,,0.463924,low,log2(sedentary count + 1)
Rat vastus lateralis,CABP4,0/8,,,,0/0,,,0.501048,,log2(sedentary count + 1)
Rat vastus lateralis,TCAF2,8/8,2.9245004653930664,low,1.0,0/0,,,0.242505,low,log2(sedentary count + 1)
Rat vastus lateralis,SDHAP1,0/8,,,,0/0,,,5.56851,,log2(sedentary count + 1)
Rat vastus lateralis,TIPARP,8/8,8.51083755493164,mid,1.0,0/0,,,7.23446,mid,log2(sedentary count + 1)
Rat vastus lateralis,BEX3,8/8,6.636673927307129,mid,1.0,0/0,,,8.8184,mid,log2(sedentary count + 1)
Rat vastus lateralis,BEX2,0/8,,,,0/0,,,2.56377,,log2(sedentary count + 1)
Rat vastus lateralis,ARL4C,0/8,,,,0/0,,,0.92878,,log2(sedentary count + 1)
Rat vastus lateralis,TOB1,8/8,11.75430154800415,high,1.0,0/0,,,60.9866,high,log2(sedentary count + 1)
Rat vastus lateralis,RBM3,8/8,9.487098693847656,high,1.0,0/0,,,48.1617,high,log2(sedentary count + 1)
Rat vastus lateralis,RMND5A,8/8,9.956079006195068,high,1.0,0/0,,,37.0144,high,log2(sedentary count + 1)
Rat vastus lateralis,KCNQ1,8/8,4.442870616912842,low,1.0,0/0,,,0.381233,low,log2(sedentary count + 1)
Rat vastus lateralis,VAPA,8/8,11.738361358642578,high,1.0,0/0,,,32.5127,high,log2(sedentary count + 1)
Rat vastus lateralis,CTRL,0/8,,,,0/0,,,1.00657,,log2(sedentary count + 1)
Rat vastus lateralis,MATR3,8/8,10.136229038238525,high,1.0,0/0,,,3.81081,mid,log2(sedentary count + 1)
Rat vastus lateralis,PHC3,8/8,8.391796112060547,mid,1.0,0/0,,,4.27835,mid,log2(sedentary count + 1)
Rat vastus lateralis,ABLIM1,0/8,,,,0/0,,,42.8285,,log2(sedentary count + 1)
Rat vastus lateralis,ARL4A,8/8,6.502779960632324,mid,1.0,0/0,,,2.11172,low,log2(sedentary count + 1)
Rat vastus lateralis,ATF3,8/8,7.78323221206665,mid,1.0,0/0,,,8.1471,mid,log2(sedentary count + 1)
Rat vastus lateralis,ZBTB43,8/8,6.736679792404175,mid,1.0,0/0,,,23.3365,high,log2(sedentary count + 1)
Rat vastus lateralis,FAM209A,0/8,,,,0/0,,,0.122218,,log2(sedentary count + 1)
Rat vastus lateralis,ATE1,8/8,9.864243507385254,high,1.0,0/0,,,14.2891,high,log2(sedentary count + 1)
Rat vastus lateralis,PIAS2,8/8,9.408138275146484,high,1.0,0/0,,,4.64038,mid,log2(sedentary count + 1)
Rat vastus lateralis,ADPRM,8/8,6.61080265045166,mid,1.0,0/0,,,9.65712,mid,log2(sedentary count + 1)
Rat vastus lateralis,TRAPPC9,8/8,9.274612426757812,high,1.0,0/0,,,15.4621,high,log2(sedentary count + 1)
Rat vastus lateralis,LATS1,8/8,8.647164821624756,mid,1.0,0/0,,,4.71186,mid,log2(sedentary count + 1)
Rat vastus lateralis,PHF14,8/8,8.726226329803467,high,1.0,0/0,,,3.86629,mid,log2(sedentary count + 1)
Rat vastus lateralis,UHRF1BP1L,8/8,8.8305025100708,high,1.0,0/0,,,10.7907,mid,log2(sedentary count + 1)
Rat vastus lateralis,DDX20,8/8,7.595633268356323,mid,1.0,0/0,,,5.7397,mid,log2(sedentary count + 1)
Rat vastus lateralis,SAMD8,8/8,10.89197301864624,high,1.0,0/0,,,17.7424,high,log2(sedentary count + 1)
Rat vastus lateralis,CLK1,8/8,9.981656551361084,high,1.0,0/0,,,60.2114,high,log2(sedentary count + 1)
Rat vastus lateralis,LYPD3,0/8,,,,0/0,,,0.30816,,log2(sedentary count + 1)
Rat vastus lateralis,EXOSC6,8/8,4.400136232376099,low,1.0,0/0,,,8.32582,mid,log2(sedentary count + 1)
Rat vastus lateralis,KLHL7,8/8,9.93589973449707,high,1.0,0/0,,,4.71176,mid,log2(sedentary count + 1)
Rat vastus lateralis,MID2,8/8,6.917888879776001,mid,1.0,0/0,,,6.91283,mid,log2(sedentary count + 1)
Rat vastus lateralis,COMMD5,8/8,7.392175912857056,mid,2.0,0/0,,,8.03424,mid,log2(sedentary count + 1)
Rat vastus lateralis,MMP28,8/8,3.2236493825912476,low,2.0,0/0,,,1.42625,low,log2(sedentary count + 1)
Rat vastus lateralis,ASB3,8/8,6.725193500518799,mid,1.0,0/0,,,1.51431,low,log2(sedentary count + 1)
Rat vastus lateralis,INTS6-AS1,0/8,,,,0/0,,,0.253516,,log2(sedentary count + 1)
Rat vastus lateralis,PER1,8/8,9.792088985443115,high,1.0,0/0,,,139.285,high,log2(sedentary count + 1)
Rat vastus lateralis,UBALD2,8/8,11.033534526824951,high,1.0,0/0,,,64.2201,high,log2(sedentary count + 1)
Rat vastus lateralis,RWDD2A,0/8,,,,0/0,,,1.88665,,log2(sedentary count + 1)
Rat vastus lateralis,TRAF6,8/8,6.982748985290527,mid,1.0,0/0,,,4.55779,mid,log2(sedentary count + 1)
Rat vastus lateralis,BAG4,8/8,5.307790040969849,low,1.0,0/0,,,2.94557,low,log2(sedentary count + 1)
Rat vastus lateralis,HSF2,8/8,8.692045211791992,high,1.0,0/0,,,32.9611,high,log2(sedentary count + 1)
Rat vastus lateralis,ASB7,8/8,7.338008165359497,mid,1.0,0/0,,,2.56815,low,log2(sedentary count + 1)
Rat vastus lateralis,GRASP,8/8,6.660151958465576,mid,1.0,0/0,,,11.0447,mid,log2(sedentary count + 1)
Rat vastus lateralis,RFX3,8/8,5.220068454742432,low,1.0,0/0,,,1.85627,low,log2(sedentary count + 1)
Rat vastus lateralis,FBXO33,8/8,6.483877420425415,mid,1.0,0/0,,,2.34217,low,log2(sedentary count + 1)
Rat vastus lateralis,ZNF256,0/8,,,,0/0,,,2.1937,,log2(sedentary count + 1)
Rat vastus lateralis,JADE1,8/8,8.773250579833984,high,1.0,0/0,,,6.20385,mid,log2(sedentary count + 1)
Rat vastus lateralis,CD6,8/8,5.261337757110596,low,1.0,0/0,,,0.10054,low,log2(sedentary count + 1)
Rat vastus lateralis,MORF4L1,8/8,11.448153018951416,high,1.0,0/0,,,111.744,high,log2(sedentary count + 1)
Rat vastus lateralis,OSER1,8/8,8.866867065429688,high,1.0,0/0,,,75.1929,high,log2(sedentary count + 1)
Rat vastus lateralis,RBBP6,8/8,9.537394523620605,high,1.0,0/0,,,12.5897,mid,log2(sedentary count + 1)
Rat vastus lateralis,RORA,8/8,8.40501070022583,mid,1.0,0/0,,,22.7651,high,log2(sedentary count + 1)
Rat vastus lateralis,GET4,8/8,9.366821765899658,high,1.0,0/0,,,2.51868,low,log2(sedentary count + 1)
Rat vastus lateralis,EEF1D,8/8,10.517988204956055,high,1.0,0/0,,,41.8851,high,log2(sedentary count + 1)
Rat vastus lateralis,OXNAD1,8/8,8.476616859436035,mid,1.0,0/0,,,3.1565,mid,log2(sedentary count + 1)
Rat vastus lateralis,TCF7,8/8,4.7417991161346436,low,1.0,0/0,,,0.212766,low,log2(sedentary count + 1)
Rat vastus lateralis,ZNF815P,0/8,,,,0/0,,,0.155875,,log2(sedentary count + 1)
Rat vastus lateralis,OCIAD2,0/8,,,,0/0,,,2.45014,,log2(sedentary count + 1)
Rat vastus lateralis,ABT1,8/8,6.209099769592285,low,1.0,0/0,,,7.57811,mid,log2(sedentary count + 1)
Rat vastus lateralis,MED10,8/8,6.723704814910889,mid,1.0,0/0,,,23.6297,high,log2(sedentary count + 1)
Rat vastus lateralis,MLLT6,8/8,10.76318073272705,high,1.0,0/0,,,43.6024,high,log2(sedentary count + 1)
Rat vastus lateralis,TRERF1,8/8,5.398984670639038,low,1.0,0/0,,,0.494029,low,log2(sedentary count + 1)
Rat vastus lateralis,DNAJB9,8/8,9.100006580352783,high,1.0,0/0,,,26.5287,high,log2(sedentary count + 1)
Rat vastus lateralis,FOSB,8/8,4.709323406219482,low,1.0,0/0,,,0.73522,low,log2(sedentary count + 1)
Rat vastus lateralis,CD5,8/8,3.0943325757980347,low,1.0,0/0,,,0.125973,low,log2(sedentary count + 1)
Rat vastus lateralis,PNO1,8/8,8.86287260055542,high,1.0,0/0,,,15.3098,high,log2(sedentary count + 1)
Rat vastus lateralis,CCNL1,8/8,7.966119050979614,mid,1.0,0/0,,,22.2474,high,log2(sedentary count + 1)
Rat vastus lateralis,GADD45B,8/8,7.602583408355713,mid,1.0,0/0,,,30.7598,high,log2(sedentary count + 1)
Rat vastus lateralis,FAM169A,0/8,,,,0/0,,,0.168513,,log2(sedentary count + 1)
Rat vastus lateralis,RAD23B,8/8,11.923817157745361,high,1.0,0/0,,,107.103,high,log2(sedentary count + 1)
Rat vastus lateralis,WWP2,8/8,7.023589134216309,mid,1.0,0/0,,,9.4169,mid,log2(sedentary count + 1)
Rat vastus lateralis,RHBDD2,8/8,6.798740863800049,mid,1.0,0/0,,,19.3079,high,log2(sedentary count + 1)
Rat vastus lateralis,TOP1MT,8/8,6.996489524841309,mid,1.0,0/0,,,1.61897,low,log2(sedentary count + 1)
Rat vastus lateralis,KBTBD4,8/8,7.598500490188599,mid,1.0,0/0,,,8.70598,mid,log2(sedentary count + 1)
Rat vastus lateralis,PPP1R2,8/8,10.840950965881348,high,1.0,0/0,,,48.3487,high,log2(sedentary count + 1)
Rat vastus lateralis,NGDN,8/8,6.55928373336792,mid,1.0,0/0,,,15.7667,high,log2(sedentary count + 1)
Rat vastus lateralis,CLASRP,8/8,8.219027042388916,mid,1.0,0/0,,,27.868,high,log2(sedentary count + 1)
Rat vastus lateralis,EYA3,8/8,7.711321115493774,mid,1.0,0/0,,,5.72315,mid,log2(sedentary count + 1)
Rat vastus lateralis,DUSP16,8/8,8.361575603485107,mid,1.0,0/0,,,8.43127,mid,log2(sedentary count + 1)
Rat vastus lateralis,RCAN3,8/8,4.211468458175659,low,1.0,0/0,,,0.478131,low,log2(sedentary count + 1)
Rat vastus lateralis,MAF,8/8,9.899430751800537,high,1.0,0/0,,,17.6029,high,log2(sedentary count + 1)
Rat vastus lateralis,ENC1,8/8,7.586992502212524,mid,1.0,0/0,,,1.80916,low,log2(sedentary count + 1)
Rat vastus lateralis,DNMT3A,8/8,9.659245014190674,high,1.0,0/0,,,6.18688,mid,log2(sedentary count + 1)
Rat vastus lateralis,SLC10A2,0/8,,,,0/0,,,0.0,,log2(sedentary count + 1)
Rat vastus lateralis,PDE4D,8/8,10.449859142303467,high,1.0,0/0,,,23.0938,high,log2(sedentary count + 1)
Rat vastus lateralis,SORBS3,8/8,10.086034774780273,high,1.0,0/0,,,28.2612,high,log2(sedentary count + 1)
Rat vastus lateralis,RPS7,8/8,11.586490631103516,high,1.0,0/0,,,367.795,high,log2(sedentary count + 1)
Rat vastus lateralis,NOCT,8/8,8.681857109069824,mid,1.0,0/0,,,3.08893,low,log2(sedentary count + 1)
Rat vastus lateralis,FAM24B,0/8,,,,0/0,,,0.282768,,log2(sedentary count + 1)
Rat vastus lateralis,ZNF395,8/8,8.403740882873535,mid,1.0,0/0,,,9.09382,mid,log2(sedentary count + 1)
Rat vastus lateralis,VAMP2,8/8,9.723022937774658,high,1.0,0/0,,,47.9107,high,log2(sedentary count + 1)
Rat vastus lateralis,CCDC57,8/8,7.792830228805542,mid,1.0,0/0,,,2.23845,low,log2(sedentary count + 1)
Rat vastus lateralis,CCDC59,8/8,7.649512529373169,mid,1.0,0/0,,,14.0495,high,log2(sedentary count + 1)
Rat vastus lateralis,RRAD,8/8,7.0489561557769775,mid,1.0,0/0,,,332.46,high,log2(sedentary count + 1)
Rat vastus lateralis,VWA8,8/8,8.013698816299438,mid,1.0,0/0,,,15.2357,high,log2(sedentary count + 1)
Rat vastus lateralis,TTC12,8/8,2.235194206237793,low,1.0,0/0,,,2.08676,low,log2(sedentary count + 1)
Rat vastus lateralis,C19orf48,8/8,5.21788215637207,low,1.0,0/0,,,3.41886,mid,log2(sedentary count + 1)
Rat vastus lateralis,BCL11B,0/8,,,,0/0,,,0.0359605,,log2(sedentary count + 1)
Rat vastus lateralis,ADNP2,8/8,6.663533449172974,mid,1.0,0/0,,,1.90301,low,log2(sedentary count + 1)
Rat vastus lateralis,MRPL54,8/8,10.968080997467041,high,1.0,0/0,,,20.9887,high,log2(sedentary count + 1)
Rat vastus lateralis,SPTBN1,8/8,12.504934787750244,high,1.0,0/0,,,27.9168,high,log2(sedentary count + 1)
Rat vastus lateralis,NR1D2,8/8,10.961198329925537,high,1.0,0/0,,,21.81,high,log2(sedentary count + 1)
Rat vastus lateralis,DUSP10,8/8,9.160112380981445,high,1.0,0/0,,,5.4699,mid,log2(sedentary count + 1)
Rat vastus lateralis,SPAG1,8/8,5.823593854904175,low,1.0,0/0,,,0.271125,low,log2(sedentary count + 1)
Rat vastus lateralis,USP30,8/8,7.690830230712891,mid,1.0,0/0,,,6.23757,mid,log2(sedentary count + 1)
Rat vastus lateralis,CDR2,8/8,4.453011512756348,low,1.0,0/0,,,3.82823,mid,log2(sedentary count + 1)
Rat vastus lateralis,NSMCE3,0/8,,,,0/0,,,3.25217,,log2(sedentary count + 1)
Rat vastus lateralis,IER3,8/8,7.5667335987091064,mid,1.0,0/0,,,4.93321,mid,log2(sedentary count + 1)
Rat vastus lateralis,TAOK2,8/8,9.855019569396973,high,1.0,0/0,,,10.7283,mid,log2(sedentary count + 1)
Rat vastus lateralis,PHF1,8/8,8.524071216583252,mid,1.0,0/0,,,43.7634,high,log2(sedentary count + 1)
Rat vastus lateralis,DDIT4,8/8,8.318995475769043,mid,1.0,0/0,,,124.862,high,log2(sedentary count + 1)
Rat vastus lateralis,ZNF460,0/8,,,,0/0,,,0.972057,,log2(sedentary count + 1)
Rat vastus lateralis,CACNA1I,0/8,,,,0/0,,,0.0295625,,log2(sedentary count + 1)
Rat vastus lateralis,DTX3,8/8,7.749563932418823,mid,1.0,0/0,,,5.09977,mid,log2(sedentary count + 1)
Rat vastus lateralis,PAG1,8/8,3.5846608877182007,low,1.0,0/0,,,1.0444,low,log2(sedentary count + 1)
Rat vastus lateralis,ABHD14B,8/8,7.03167462348938,mid,1.0,0/0,,,11.171,mid,log2(sedentary count + 1)
Rat vastus lateralis,SLC25A26,8/8,7.1933276653289795,mid,1.0,0/0,,,9.12359,mid,log2(sedentary count + 1)
Rat vastus lateralis,PMAIP1,8/8,4.629061937332153,low,1.0,0/0,,,0.814975,low,log2(sedentary count + 1)
Rat vastus lateralis,CHCHD6,8/8,4.980752229690552,low,1.0,0/0,,,1.21681,low,log2(sedentary count + 1)
Rat vastus lateralis,P2RY10,8/8,1.8301661610603333,low,1.0,0/0,,,0.0284123,low,log2(sedentary count + 1)
Rat vastus lateralis,ADTRP,0/8,,,,0/0,,,0.0186693,,log2(sedentary count + 1)
Rat vastus lateralis,CBX4,8/8,4.0809149742126465,low,1.0,0/0,,,2.15681,low,log2(sedentary count + 1)
Rat vastus lateralis,SCARNA9,0/8,,,,0/0,,,0.553097,,log2(sedentary count + 1)
Rat vastus lateralis,ERN1,8/8,9.67972993850708,high,1.0,0/0,,,3.24382,mid,log2(sedentary count + 1)
Rat vastus lateralis,INPP4B,8/8,8.175102233886719,mid,1.0,0/0,,,2.79816,low,log2(sedentary count + 1)
Rat vastus lateralis,EVL,8/8,5.918530464172363,low,1.0,0/0,,,5.68469,mid,log2(sedentary count + 1)
Rat heart,HSPA1A,8/8,9.846983432769775,high,2.0,0/8,,,51.5711,high,log2(sedentary count + 1)
Rat heart,DCAF12,8/8,6.481821775436401,low,1.0,0/8,,,5.63946,mid,log2(sedentary count + 1)
Rat heart,KCNJ2,8/8,8.916530132293701,mid,1.0,8/8,6.0,1.0,5.49048,mid,log2(sedentary count + 1)
Rat heart,FPR2,0/8,,,,0/8,,,0.146424,,log2(sedentary count + 1)
Rat heart,PLA2G4A,8/8,7.9161224365234375,mid,1.0,8/8,6.0,1.0,0.998241,low,log2(sedentary count + 1)
Rat heart,NFE2,8/8,4.426817178726196,low,1.0,0/8,,,0.4248,low,log2(sedentary count + 1)
Rat heart,GCNT1,8/8,10.479530334472656,high,1.0,0/8,,,0.39705,low,log2(sedentary count + 1)
Rat heart,TNFAIP8L2,8/8,6.825291872024536,low,1.0,8/8,2.0,1.0,0.784866,low,log2(sedentary count + 1)
Rat heart,ZNF200,0/8,,,,0/8,,,1.59143,,log2(sedentary count + 1)
Rat heart,CX3CR1,8/8,4.291159629821777,low,1.0,0/8,,,0.183703,low,log2(sedentary count + 1)
Rat heart,GIMAP4,8/8,8.356107234954834,mid,1.0,8/8,0.0,1.0,16.2827,high,log2(sedentary count + 1)
Rat heart,ZNF2,0/8,,,,8/8,0.0,1.0,1.22248,,log2(sedentary count + 1)
Rat heart,CCR2,0/8,,,,0/8,,,0.195296,,log2(sedentary count + 1)
Rat heart,PHF23,8/8,8.130411148071289,mid,1.0,0/8,,,7.60858,mid,log2(sedentary count + 1)
Rat heart,TRMT1L,8/8,8.951796054840088,mid,1.0,8/8,0.0,1.0,5.58705,mid,log2(sedentary count + 1)
Rat heart,ZNF613,0/8,,,,0/8,,,1.3035,,log2(sedentary count + 1)
Rat heart,NLRC4,8/8,5.058180809020996,low,1.0,0/8,,,0.841251,low,log2(sedentary count + 1)
Rat heart,RMI1,8/8,8.277093410491943,mid,1.0,0/8,,,1.56038,low,log2(sedentary count + 1)
Rat heart,BET1,8/8,7.466318368911743,mid,1.0,8/8,0.0,1.0,2.14058,low,log2(sedentary count + 1)
Rat heart,HBQ1,0/8,,,,8/8,0.0,1.0,0.0721011,,log2(sedentary count + 1)
Rat heart,LPAR5,8/8,4.704046249389648,low,1.0,0/8,,,2.2272,low,log2(sedentary count + 1)
Rat heart,FAM50B,0/8,,,,0/8,,,10.9395,,log2(sedentary count + 1)
Rat heart,HBD,8/8,4.569669485092163,low,2.0,8/8,0.0,1.0,1.97695,low,log2(sedentary count + 1)
Rat heart,LFNG,8/8,7.726375102996826,mid,1.0,0/8,,,2.30375,low,log2(sedentary count + 1)
Rat heart,TM2D2,8/8,10.054234504699707,high,1.0,8/8,8.0,1.0,6.67436,mid,log2(sedentary count + 1)
Rat heart,METTL13,0/8,,,,0/8,,,6.62912,,log2(sedentary count + 1)
Rat heart,TLR7,8/8,6.685383558273315,low,1.0,8/8,6.0,1.0,0.0500163,low,log2(sedentary count + 1)
Rat heart,CCNG2,8/8,9.313336849212646,high,1.0,0/8,,,1.72522,low,log2(sedentary count + 1)
Rat heart,IKBIP,8/8,7.920372724533081,mid,1.0,8/8,4.0,2.0,1.5882,low,log2(sedentary count + 1)
Rat heart,GIMAP8,8/8,8.618725299835205,mid,1.0,8/8,0.0,1.0,9.69265,mid,log2(sedentary count + 1)
Rat heart,NAPEPLD,8/8,8.010787963867188,mid,1.0,8/8,2.0,2.0,2.41033,low,log2(sedentary count + 1)
Rat heart,CDC42EP2,8/8,8.780574321746826,mid,1.0,8/8,0.0,1.0,9.39968,mid,log2(sedentary count + 1)
Rat heart,ZC3H10,8/8,7.837836027145386,mid,1.0,8/8,0.0,1.0,1.04274,low,log2(sedentary count + 1)
Rat heart,SNCA,8/8,2.312987267971039,low,1.0,8/8,0.0,1.0,0.902754,low,log2(sedentary count + 1)
Rat heart,GPR171,8/8,4.849327564239502,low,1.0,0/8,,,0.132637,low,log2(sedentary count + 1)
Rat heart,TFEC,8/8,4.319372892379761,low,1.0,0/8,,,0.219606,low,log2(sedentary count + 1)
Rat heart,ST8SIA4,8/8,6.777909994125366,low,1.0,0/8,,,0.753637,low,log2(sedentary count + 1)
Rat heart,KMT5B,8/8,10.257122993469238,high,1.0,0/8,,,5.37677,mid,log2(sedentary count + 1)
Rat heart,THAP6,8/8,5.627381324768066,low,1.0,0/8,,,2.25095,low,log2(sedentary count + 1)
Rat heart,SH3BP5L,8/8,8.567014217376709,mid,1.0,8/8,4.0,1.0,7.13792,mid,log2(sedentary count + 1)
Rat heart,P2RY12,8/8,4.628993272781372,low,1.0,0/8,,,0.157384,low,log2(sedentary count + 1)
Rat heart,ACTL10,0/8,,,,0/8,,,0.234761,,log2(sedentary count + 1)
Rat heart,HBM,0/8,,,,0/8,,,0.145749,,log2(sedentary count + 1)
Rat heart,TMEM33,8/8,9.22635269165039,mid,1.0,8/8,0.0,1.0,3.16693,mid,log2(sedentary count + 1)
Rat heart,ZEB2,8/8,9.773119926452637,high,1.0,8/8,0.0,1.0,4.80364,mid,log2(sedentary count + 1)
Rat heart,MOSPD2,8/8,7.257378339767456,low,1.0,8/8,4.0,1.0,1.58416,low,log2(sedentary count + 1)
Rat heart,HCP5,0/8,,,,0/8,,,4.54319,,log2(sedentary count + 1)
Rat heart,TRIM13,8/8,5.6478190422058105,low,1.0,0/8,,,3.80319,mid,log2(sedentary count + 1)
Rat heart,RTP4,8/8,7.106786012649536,low,1.0,8/8,2.0,1.0,0.866067,low,log2(sedentary count + 1)
Rat heart,HSPA6,0/8,,,,0/8,,,1.16894,,log2(sedentary count + 1)
Rat heart,STX11,8/8,6.137985467910767,low,1.0,0/8,,,4.00387,mid,log2(sedentary count + 1)
Rat heart,PTPRO,8/8,6.5279951095581055,low,1.0,0/8,,,0.0968401,low,log2(sedentary count + 1)
Rat heart,AHSP,0/8,,,,8/8,0.0,1.0,0.0977324,,log2(sedentary count + 1)
Rat heart,MRM1,8/8,7.389101982116699,mid,1.0,0/8,,,4.80366,mid,log2(sedentary count + 1)
Rat heart,IGIP,0/8,,,,0/8,,,6.71609,,log2(sedentary count + 1)
Rat heart,PGBD2,0/8,,,,0/8,,,1.05886,,log2(sedentary count + 1)
Rat heart,ELOVL6,8/8,4.990246772766113,low,2.0,0/8,,,0.424807,low,log2(sedentary count + 1)
Rat heart,ALAS2,8/8,6.765080690383911,low,1.0,8/8,8.0,1.0,0.31875,low,log2(sedentary count + 1)
Rat heart,TMEM60,8/8,7.643453121185303,mid,1.0,0/8,,,6.86301,mid,log2(sedentary count + 1)
Rat heart,RPP25L,8/8,6.31420373916626,low,1.0,8/8,6.0,1.0,22.7428,high,log2(sedentary count + 1)
Rat heart,EXOSC3,8/8,6.772037982940674,low,1.0,8/8,6.0,2.0,2.67658,mid,log2(sedentary count + 1)
Rat heart,OSBP2,8/8,8.495958805084229,mid,1.0,8/8,0.0,1.0,1.86865,low,log2(sedentary count + 1)
Rat heart,LEO1,8/8,8.82788610458374,mid,1.0,8/8,0.0,1.0,5.17058,mid,log2(sedentary count + 1)
Rat heart,CISH,8/8,8.918977737426758,mid,1.0,0/8,,,10.1996,high,log2(sedentary count + 1)
Rat heart,RNASEL,8/8,7.540693998336792,mid,1.0,8/8,0.0,1.0,1.14683,low,log2(sedentary count + 1)
Rat heart,ZNF594,8/8,5.602503299713135,low,1.0,0/8,,,1.57133,low,log2(sedentary count + 1)
Rat heart,GEMIN6,8/8,4.69365668296814,low,1.0,0/8,,,1.49096,low,log2(sedentary count + 1)
Rat heart,C12orf4,8/8,7.505580902099609,mid,1.0,8/8,6.0,1.0,3.25308,mid,log2(sedentary count + 1)
Rat heart,CETN3,8/8,9.12276554107666,mid,2.0,8/8,0.0,1.0,3.27016,mid,log2(sedentary count + 1)
Rat heart,MANEA,8/8,7.859749794006348,mid,1.0,0/8,,,1.61033,low,log2(sedentary count + 1)
Rat heart,TNFSF14,0/8,,,,0/8,,,0.324133,,log2(sedentary count + 1)
Rat heart,C9orf40,8/8,7.003477573394775,low,1.0,8/8,8.0,1.0,1.45347,low,log2(sedentary count + 1)
Rat heart,FUT7,8/8,3.864168167114258,low,1.0,0/8,,,0.130605,low,log2(sedentary count + 1)
Rat heart,REPS2,8/8,3.464617609977722,low,1.0,8/8,6.0,1.0,0.844413,low,log2(sedentary count + 1)
Rat heart,HEMGN,8/8,2.754718780517578,low,1.0,0/8,,,0.0333569,low,log2(sedentary count + 1)
Rat heart,TLR8,8/8,6.78398060798645,low,1.0,0/8,,,0.174923,low,log2(sedentary count + 1)
Rat heart,TNS1,8/8,15.410722255706787,high,1.0,8/8,0.0,2.0,97.712,high,log2(sedentary count + 1)
Rat heart,CLCN3,8/8,10.30229902267456,high,1.0,8/8,0.0,1.0,10.6186,high,log2(sedentary count + 1)
Rat heart,DCAF7,8/8,10.293779850006104,high,1.0,8/8,0.0,1.0,10.3579,high,log2(sedentary count + 1)
Rat heart,TMOD1,8/8,12.655855178833008,high,1.0,8/8,0.0,1.0,101.982,high,log2(sedentary count + 1)
Rat heart,BCL2L1,8/8,10.18820333480835,high,1.0,8/8,0.0,1.0,41.2051,high,log2(sedentary count + 1)
Rat heart,ZNF816,0/8,,,,0/8,,,0.884619,,log2(sedentary count + 1)
Rat heart,TMEM140,8/8,9.843624114990234,high,1.0,0/8,,,14.0434,high,log2(sedentary count + 1)
Rat heart,ANAPC7,8/8,9.059398651123047,mid,1.0,8/8,0.0,1.0,10.8682,high,log2(sedentary count + 1)
Rat heart,MLYCD,8/8,12.092808723449707,high,1.0,8/8,0.0,1.0,13.2949,high,log2(sedentary count + 1)
Rat heart,PTPN6,8/8,8.304149627685547,mid,1.0,8/8,0.0,1.0,2.14889,low,log2(sedentary count + 1)
Rat heart,TTC9C,8/8,7.964322566986084,mid,1.0,8/8,8.0,1.0,3.02569,mid,log2(sedentary count + 1)
Rat heart,ZNF260,8/8,6.884257793426514,low,2.0,8/8,4.0,1.0,2.47749,low,log2(sedentary count + 1)
Rat heart,CA1,0/8,,,,8/8,0.0,1.0,0.0602515,,log2(sedentary count + 1)
Rat heart,MED8,0/8,,,,0/8,,,9.50581,,log2(sedentary count + 1)
Rat heart,RNF14,8/8,11.166074752807617,high,1.0,8/8,0.0,1.0,16.099,high,log2(sedentary count + 1)
Rat heart,CHST15,8/8,9.285255908966064,mid,1.0,0/8,,,1.28108,low,log2(sedentary count + 1)
Rat heart,VPS35,8/8,10.322572708129883,high,1.0,8/8,0.0,1.0,12.9093,high,log2(sedentary count + 1)
Rat heart,LYL1,8/8,6.592518329620361,low,1.0,0/8,,,4.08768,mid,log2(sedentary count + 1)
Rat heart,TRIM58,0/8,,,,0/8,,,0.0481085,,log2(sedentary count + 1)
Rat heart,CRIPT,8/8,8.652273654937744,mid,1.0,8/8,6.0,1.0,9.13429,mid,log2(sedentary count + 1)
Rat heart,IRX3,8/8,8.8422269821167,mid,1.0,0/8,,,21.1155,high,log2(sedentary count + 1)
Rat heart,GAPT,0/8,,,,0/8,,,0.0987655,,log2(sedentary count + 1)
Rat heart,SAMD9,8/8,8.252907752990723,mid,1.0,8/8,0.0,1.0,0.901479,low,log2(sedentary count + 1)
Rat heart,FAM133B,8/8,6.098590612411499,low,1.0,8/8,8.0,1.0,2.92182,mid,log2(sedentary count + 1)
Rat heart,HPS5,8/8,7.440464496612549,mid,1.0,8/8,6.0,1.0,2.71094,mid,log2(sedentary count + 1)
Rat heart,HMGCL,8/8,10.008744716644287,high,1.0,8/8,0.0,1.0,9.31727,mid,log2(sedentary count + 1)
Rat heart,MED20,8/8,8.858453750610352,mid,1.0,8/8,6.0,1.0,5.8202,mid,log2(sedentary count + 1)
Rat heart,EPB42,8/8,3.0561119318008423,low,1.0,8/8,0.0,1.0,0.037522,low,log2(sedentary count + 1)
Rat heart,RAB27B,8/8,4.601797580718994,low,1.0,8/8,6.0,1.0,0.0404414,low,log2(sedentary count + 1)
Rat heart,DARS2,8/8,8.720596313476562,mid,1.0,8/8,0.0,1.0,5.02422,mid,log2(sedentary count + 1)
Rat heart,CENPQ,0/8,,,,0/8,,,2.65787,,log2(sedentary count + 1)
Rat heart,HBE1,0/8,,,,0/8,,,0.10839,,log2(sedentary count + 1)
Rat heart,HCCS,8/8,10.169955253601074,high,1.0,8/8,0.0,1.0,20.3606,high,log2(sedentary count + 1)
Rat heart,TNFSF10,8/8,9.818510055541992,high,1.0,0/8,,,11.3825,high,log2(sedentary count + 1)
Rat heart,BORCS6,8/8,8.621532917022705,mid,1.0,8/8,2.0,1.0,5.16144,mid,log2(sedentary count + 1)
Rat heart,SLC4A1,8/8,8.117326259613037,mid,1.0,8/8,0.0,2.0,0.062777,low,log2(sedentary count + 1)
Rat heart,UTP14C,0/8,,,,0/8,,,5.18658,,log2(sedentary count + 1)
Rat heart,BBS10,8/8,7.010212182998657,low,1.0,0/8,,,3.44017,mid,log2(sedentary count + 1)
Rat heart,FAM43A,8/8,5.937069892883301,low,2.0,0/8,,,11.0276,high,log2(sedentary count + 1)
Rat heart,SAMD9L,0/8,,,,0/8,,,2.37909,,log2(sedentary count + 1)
Rat heart,FRAT2,8/8,5.581496953964233,low,1.0,0/8,,,3.71194,mid,log2(sedentary count + 1)
Rat heart,GIMAP7,8/8,7.179707765579224,low,1.0,8/8,6.0,1.0,20.396,high,log2(sedentary count + 1)
Rat heart,GOLPH3L,8/8,8.023802042007446,mid,1.0,8/8,6.0,1.0,4.59048,mid,log2(sedentary count + 1)
Rat heart,ZNF330,8/8,9.425682067871094,high,1.0,8/8,0.0,1.0,56.5163,high,log2(sedentary count + 1)
Rat heart,ZNF175,8/8,5.981569290161133,low,1.0,0/8,,,1.64977,low,log2(sedentary count + 1)
Rat heart,NUDCD1,8/8,6.949561595916748,low,1.0,8/8,0.0,1.0,2.89532,mid,log2(sedentary count + 1)
Rat heart,H2BC5,0/8,,,,0/8,,,14.3627,,log2(sedentary count + 1)
Rat heart,ELAC1,8/8,6.856858253479004,low,1.0,0/8,,,1.18596,low,log2(sedentary count + 1)
Rat heart,EXD2,8/8,8.798881530761719,mid,1.0,8/8,8.0,1.0,4.14264,mid,log2(sedentary count + 1)
Rat heart,TTC33,8/8,8.305948257446289,mid,1.0,8/8,4.0,1.0,1.65318,low,log2(sedentary count + 1)
Rat heart,DHFR2,0/8,,,,0/8,,,1.00918,,log2(sedentary count + 1)
Rat heart,CCR5,8/8,7.25807523727417,low,1.0,0/8,,,0.137701,low,log2(sedentary count + 1)
Rat heart,FAR2,0/8,,,,0/8,,,0.924033,,log2(sedentary count + 1)
Rat heart,IFIT1B,0/8,,,,0/8,,,0.0133821,,log2(sedentary count + 1)
Rat heart,DAB2,8/8,9.895287990570068,high,1.0,8/8,0.0,1.0,6.70568,mid,log2(sedentary count + 1)
Rat heart,PDK4,8/8,14.270977973937988,high,1.0,8/8,0.0,1.0,165.401,high,log2(sedentary count + 1)
Rat heart,GPN3,8/8,7.765511989593506,mid,1.0,8/8,8.0,1.0,14.0268,high,log2(sedentary count + 1)
Rat heart,CCDC127,8/8,8.568205833435059,mid,1.0,8/8,0.0,1.0,3.6488,mid,log2(sedentary count + 1)
Rat heart,PEX3,8/8,9.016368389129639,mid,1.0,8/8,0.0,1.0,7.04954,mid,log2(sedentary count + 1)
Rat heart,MIR3142HG,0/8,,,,0/8,,,0.0610047,,log2(sedentary count + 1)
Rat heart,TNFRSF1A,8/8,9.440534114837646,high,1.0,0/8,,,21.1147,high,log2(sedentary count + 1)
Rat heart,COPB2,0/8,,,,8/8,0.0,1.0,21.2413,,log2(sedentary count + 1)
Rat heart,RAB3IL1,8/8,6.977046966552734,low,1.0,8/8,0.0,1.0,7.33932,mid,log2(sedentary count + 1)
Rat heart,GIN1,8/8,7.378555059432983,mid,1.0,8/8,6.0,1.0,3.15974,mid,log2(sedentary count + 1)
Rat heart,ACSL3,8/8,7.465856552124023,mid,1.0,8/8,8.0,1.0,9.38457,mid,log2(sedentary count + 1)
Rat heart,CCDC126,8/8,6.993731737136841,low,1.0,0/8,,,1.75238,low,log2(sedentary count + 1)
Rat heart,FBXO7,8/8,8.950982570648193,mid,1.0,8/8,0.0,1.0,19.3334,high,log2(sedentary count + 1)
Rat heart,GYPE,0/8,,,,0/8,,,0.208297,,log2(sedentary count + 1)
Rat heart,PHOSPHO1,8/8,11.357243537902832,high,1.0,8/8,0.0,1.0,0.490674,low,log2(sedentary count + 1)
Rat heart,SLC39A9,8/8,9.14148759841919,mid,1.0,0/8,,,5.05951,mid,log2(sedentary count + 1)
Rat heart,DGAT2,8/8,9.528366088867188,high,1.0,0/8,,,2.97928,mid,log2(sedentary count + 1)
Rat heart,SEC14L5,8/8,6.139988660812378,low,1.0,0/8,,,1.94098,low,log2(sedentary count + 1)
Rat heart,FPR3,0/8,,,,0/8,,,0.679993,,log2(sedentary count + 1)
Rat heart,FZD1,8/8,10.262698650360107,high,1.0,0/8,,,3.88193,mid,log2(sedentary count + 1)
Rat heart,SLC16A3,8/8,4.514833927154541,low,1.0,0/8,,,3.06451,mid,log2(sedentary count + 1)
Rat heart,SH2D3C,8/8,9.784667015075684,high,1.0,8/8,0.0,1.0,13.3401,high,log2(sedentary count + 1)
Rat heart,SNX8,8/8,7.974557161331177,mid,1.0,8/8,2.0,1.0,3.72534,mid,log2(sedentary count + 1)
Rat heart,LINC00877,0/8,,,,0/8,,,0.0215567,,log2(sedentary count + 1)
Rat heart,STK38L,8/8,9.662098407745361,high,1.0,8/8,0.0,1.0,9.36608,mid,log2(sedentary count + 1)
Rat heart,PTCRA,0/8,,,,0/8,,,0.017301,,log2(sedentary count + 1)
Rat heart,PREPL,8/8,11.386375427246094,high,1.0,8/8,0.0,1.0,12.5517,high,log2(sedentary count + 1)
Rat heart,GCA,8/8,6.83725118637085,low,1.0,8/8,0.0,1.0,2.39087,low,log2(sedentary count + 1)
Rat heart,NCBP1,8/8,8.845535278320312,mid,1.0,8/8,0.0,1.0,6.20964,mid,log2(sedentary count + 1)
Rat heart,ZNF616,0/8,,,,0/8,,,1.06462,,log2(sedentary count + 1)
Rat heart,TMEM267,8/8,4.661645412445068,low,1.0,0/8,,,1.91546,low,log2(sedentary count + 1)
Rat heart,YIPF5,8/8,8.517354488372803,mid,1.0,8/8,4.0,1.0,6.1168,mid,log2(sedentary count + 1)
Rat heart,FHL2,8/8,13.869227409362793,high,1.0,8/8,0.0,1.0,171.324,high,log2(sedentary count + 1)
Rat heart,IFNAR1,8/8,10.141491413116455,high,1.0,0/8,,,6.69582,mid,log2(sedentary count + 1)
Rat heart,ZC3H14,8/8,9.252150058746338,mid,1.0,8/8,0.0,1.0,2.32836,low,log2(sedentary count + 1)
Rat heart,C2orf88,0/8,,,,0/8,,,3.86088,,log2(sedentary count + 1)
Rat heart,ELMOD2,8/8,2.685823678970337,low,2.0,8/8,2.0,1.0,3.72267,mid,log2(sedentary count + 1)
Rat heart,OSBPL11,8/8,9.858183860778809,high,1.0,8/8,0.0,2.0,3.72525,mid,log2(sedentary count + 1)
Rat heart,SPRYD3,8/8,7.645035266876221,mid,1.0,0/8,,,28.0065,high,log2(sedentary count + 1)
Rat heart,MGAT2,8/8,8.436066150665283,mid,1.0,0/8,,,2.14838,low,log2(sedentary count + 1)
Rat heart,KMO,0/8,,,,0/8,,,0.0233102,,log2(sedentary count + 1)
Rat heart,IFRD1,8/8,9.21466588973999,mid,1.0,0/8,,,6.54516,mid,log2(sedentary count + 1)
Rat heart,PCSK6,8/8,11.551582336425781,high,1.0,8/8,0.0,1.0,3.20323,mid,log2(sedentary count + 1)
Rat heart,SEC62,8/8,10.080469608306885,high,1.0,8/8,0.0,1.0,11.5774,high,log2(sedentary count + 1)
Rat heart,CBR4,8/8,8.598970413208008,mid,1.0,8/8,0.0,1.0,5.91692,mid,log2(sedentary count + 1)
Rat heart,STX7,8/8,9.445127487182617,high,2.0,8/8,0.0,1.0,3.57526,mid,log2(sedentary count + 1)
Rat heart,BAZ2B,8/8,9.75575304031372,high,1.0,8/8,0.0,1.0,2.34568,low,log2(sedentary count + 1)
Rat heart,TMA16,8/8,6.389251947402954,low,1.0,0/8,,,3.77467,mid,log2(sedentary count + 1)
Rat heart,ZFYVE21,8/8,8.281743049621582,mid,1.0,8/8,0.0,1.0,20.4747,high,log2(sedentary count + 1)
Rat heart,SUGT1,8/8,9.16164779663086,mid,1.0,8/8,0.0,1.0,4.06456,mid,log2(sedentary count + 1)
Rat heart,TRNT1,8/8,9.647740364074707,high,1.0,8/8,0.0,1.0,2.6998,mid,log2(sedentary count + 1)
Rat heart,SERAC1,8/8,6.849908828735352,low,1.0,8/8,2.0,1.0,0.848875,low,log2(sedentary count + 1)
Rat heart,GPR141,0/8,,,,0/8,,,0.0350719,,log2(sedentary count + 1)
Rat heart,CXCR2,8/8,2.8996424674987793,low,1.0,0/8,,,0.327418,low,log2(sedentary count + 1)
Rat heart,TNFAIP6,8/8,4.385331630706787,low,1.0,0/8,,,2.47176,low,log2(sedentary count + 1)
Rat heart,RABIF,8/8,7.2719950675964355,low,2.0,8/8,0.0,1.0,2.73952,mid,log2(sedentary count + 1)
Rat heart,XK,8/8,8.274096012115479,mid,1.0,8/8,0.0,1.0,2.17823,low,log2(sedentary count + 1)
Rat heart,RBM4B,8/8,7.6133716106414795,mid,1.0,8/8,0.0,1.0,3.19799,mid,log2(sedentary count + 1)
Rat heart,GBP1,8/8,12.645206928253174,high,1.0,8/8,0.0,1.0,2.83992,mid,log2(sedentary count + 1)
Rat heart,SELENBP1,8/8,8.86209774017334,mid,2.0,0/8,,,34.5037,high,log2(sedentary count + 1)
Rat heart,SERPINB9,8/8,8.166755199432373,mid,1.0,8/8,0.0,1.0,3.06446,mid,log2(sedentary count + 1)
Rat heart,NABP1,8/8,7.197477340698242,low,1.0,0/8,,,0.540274,low,log2(sedentary count + 1)
Rat heart,TMEM169,0/8,,,,0/8,,,0.08143,,log2(sedentary count + 1)
Rat heart,MOB3C,8/8,6.66260027885437,low,1.0,8/8,6.0,1.0,4.93279,mid,log2(sedentary count + 1)
Rat heart,YIPF4,8/8,8.772279739379883,mid,1.0,8/8,6.0,1.0,5.54246,mid,log2(sedentary count + 1)
Rat heart,MED18,8/8,6.081469297409058,low,1.0,8/8,8.0,1.0,4.43401,mid,log2(sedentary count + 1)
Rat heart,MYL4,8/8,8.28466796875,mid,1.0,8/8,0.0,1.0,29.6105,high,log2(sedentary count + 1)
Rat heart,FAXDC2,8/8,7.56152606010437,mid,1.0,0/8,,,8.82154,mid,log2(sedentary count + 1)
Rat heart,CCDC121,0/8,,,,8/8,2.0,1.0,1.76867,,log2(sedentary count + 1)
Rat heart,MMACHC,8/8,9.564345836639404,high,1.0,8/8,6.0,1.0,3.17247,mid,log2(sedentary count + 1)
Rat heart,BPTF,8/8,10.755979061126709,high,1.0,8/8,2.0,1.0,4.33101,mid,log2(sedentary count + 1)
Rat heart,CENPE,8/8,5.388961315155029,low,1.0,8/8,0.0,1.0,0.0547207,low,log2(sedentary count + 1)
Rat heart,GLS,8/8,10.137269020080566,high,1.0,8/8,0.0,2.0,8.81413,mid,log2(sedentary count + 1)
Rat heart,CSTF3,8/8,7.542260408401489,mid,1.0,8/8,2.0,1.0,3.45844,mid,log2(sedentary count + 1)
Rat heart,ZKSCAN7,8/8,7.246243000030518,low,1.0,8/8,0.0,1.0,1.14161,low,log2(sedentary count + 1)
Rat heart,UTP3,8/8,8.583366394042969,mid,1.0,8/8,0.0,1.0,9.52778,mid,log2(sedentary count + 1)
Rat heart,HBG1,0/8,,,,0/8,,,0.0602162,,log2(sedentary count + 1)
Rat heart,MINPP1,8/8,8.88289499282837,mid,1.0,8/8,0.0,1.0,2.78221,mid,log2(sedentary count + 1)
Rat heart,FASLG,8/8,4.875507593154907,low,1.0,0/8,,,0.0447475,low,log2(sedentary count + 1)
Rat heart,THAP2,8/8,5.440697908401489,low,1.0,0/8,,,1.13123,low,log2(sedentary count + 1)
Rat heart,MUC6,8/8,8.020692110061646,mid,1.0,0/8,,,0.0664498,low,log2(sedentary count + 1)
Rat heart,BPGM,8/8,9.046053409576416,mid,1.0,8/8,0.0,1.0,6.42934,mid,log2(sedentary count + 1)
Rat heart,P2RY13,8/8,4.566746473312378,low,1.0,0/8,,,0.28296,low,log2(sedentary count + 1)
Rat heart,HBG2,0/8,,,,0/8,,,0.133168,,log2(sedentary count + 1)
Rat heart,ARHGAP18,8/8,9.45554256439209,high,1.0,8/8,0.0,1.0,1.84339,low,log2(sedentary count + 1)
Rat heart,GYPB,0/8,,,,0/8,,,0.0,,log2(sedentary count + 1)
Rat heart,PPIL1,8/8,7.9853715896606445,mid,1.0,8/8,0.0,1.0,30.4422,high,log2(sedentary count + 1)
Rat heart,TRIM10,0/8,,,,0/8,,,0.00648168,,log2(sedentary count + 1)
Rat heart,RNF149,8/8,7.6372997760772705,mid,1.0,0/8,,,6.29308,mid,log2(sedentary count + 1)
Rat heart,TMEM39A,8/8,7.2585320472717285,low,1.0,0/8,,,4.24298,mid,log2(sedentary count + 1)
Rat heart,SLFN14,0/8,,,,0/8,,,0.0169522,,log2(sedentary count + 1)
Rat heart,ZNF189,8/8,6.8674094676971436,low,1.0,0/8,,,8.96184,mid,log2(sedentary count + 1)
Rat heart,AQP10,0/8,,,,0/8,,,0.0752287,,log2(sedentary count + 1)
Rat heart,RGS18,8/8,4.538137674331665,low,1.0,8/8,8.0,1.0,0.219854,low,log2(sedentary count + 1)
Rat heart,P2RY1,8/8,8.749259948730469,mid,1.0,0/8,,,1.11785,low,log2(sedentary count + 1)
Rat heart,MRPL35,8/8,9.875420570373535,high,1.0,8/8,0.0,1.0,28.2612,high,log2(sedentary count + 1)
Rat heart,DDX58,8/8,7.316015243530273,mid,1.0,8/8,0.0,1.0,2.23549,low,log2(sedentary count + 1)
Rat heart,TMEM158,8/8,4.440541505813599,low,1.0,0/8,,,0.283385,low,log2(sedentary count + 1)
Rat heart,ANKRD50,8/8,10.247878551483154,high,1.0,8/8,2.0,1.0,1.70433,low,log2(sedentary count + 1)
Rat heart,ANGPT1,8/8,9.394467830657959,high,1.0,0/8,,,0.740474,low,log2(sedentary count + 1)
Rat heart,TMCC2,8/8,10.015429019927979,high,1.0,0/8,,,0.802232,low,log2(sedentary count + 1)
Rat heart,F2RL1,8/8,6.513850450515747,low,1.0,0/8,,,1.08269,low,log2(sedentary count + 1)
Rat heart,VPS37A,8/8,8.517241477966309,mid,1.0,8/8,0.0,1.0,8.94106,mid,log2(sedentary count + 1)
Rat heart,GIMAP5,8/8,8.046363353729248,mid,1.0,8/8,4.0,1.0,13.4072,high,log2(sedentary count + 1)
Rat heart,RTN2,8/8,10.40028190612793,high,1.0,8/8,2.0,2.0,5.43571,mid,log2(sedentary count + 1)
Rat heart,DCLRE1A,8/8,9.02712869644165,mid,1.0,0/8,,,1.98915,low,log2(sedentary count + 1)
Rat heart,ZKSCAN3,8/8,9.963839054107666,high,1.0,8/8,0.0,1.0,1.11144,low,log2(sedentary count + 1)
Rat heart,EEPD1,8/8,9.571873664855957,high,1.0,8/8,0.0,1.0,3.17158,mid,log2(sedentary count + 1)
Rat heart,LARP4,0/8,,,,8/8,0.0,2.0,6.44266,,log2(sedentary count + 1)
Rat heart,GPM6B,8/8,7.862599849700928,mid,1.0,0/8,,,1.59768,low,log2(sedentary count + 1)
Rat heart,BBS12,8/8,5.8027260303497314,low,1.0,0/8,,,2.07983,low,log2(sedentary count + 1)
Rat heart,DYNLL1,8/8,9.808595657348633,high,1.0,8/8,0.0,1.0,21.7521,high,log2(sedentary count + 1)
Rat heart,P2RY14,8/8,7.173034429550171,low,1.0,0/8,,,1.78919,low,log2(sedentary count + 1)
Rat heart,NDUFV3,8/8,7.941222667694092,mid,2.0,8/8,0.0,2.0,20.1303,high,log2(sedentary count + 1)
Rat heart,ISCA2,8/8,9.61741828918457,high,1.0,8/8,0.0,1.0,8.81536,mid,log2(sedentary count + 1)
Rat heart,GMPR,8/8,11.688296794891357,high,1.0,8/8,0.0,1.0,68.765,high,log2(sedentary count + 1)
Rat heart,SLC25A37,8/8,7.1239306926727295,low,1.0,0/8,,,9.34923,mid,log2(sedentary count + 1)
Rat heart,TIMMDC1,8/8,8.8502516746521,mid,1.0,8/8,0.0,1.0,89.1948,high,log2(sedentary count + 1)
Rat heart,ARV1,8/8,6.548819541931152,low,1.0,0/8,,,9.3642,mid,log2(sedentary count + 1)
Rat heart,TPM1,8/8,17.187182426452637,high,1.0,8/8,0.0,6.0,1299.56,high,log2(sedentary count + 1)
Rat heart,RWDD1,8/8,8.830120086669922,mid,1.0,8/8,0.0,1.0,12.5419,high,log2(sedentary count + 1)
Rat heart,ETNK1,8/8,10.104378700256348,high,1.0,0/8,,,3.2368,mid,log2(sedentary count + 1)
Rat heart,TNFAIP3,8/8,7.979127883911133,mid,1.0,8/8,4.0,1.0,2.77662,mid,log2(sedentary count + 1)
Rat heart,CAMK4,8/8,4.447870492935181,low,1.0,8/8,6.0,1.0,0.035217,low,log2(sedentary count + 1)
Rat heart,PEAK1,8/8,10.165811538696289,high,1.0,8/8,0.0,1.0,5.73817,mid,log2(sedentary count + 1)
Rat heart,DYNLL2,8/8,12.642411708831787,high,1.0,8/8,0.0,1.0,49.1986,high,log2(sedentary count + 1)
Rat heart,FXR1,8/8,11.518614768981934,high,1.0,8/8,0.0,1.0,16.0698,high,log2(sedentary count + 1)
Rat heart,PVT1,0/8,,,,0/8,,,0.0992416,,log2(sedentary count + 1)
Rat heart,SBDSP1,0/8,,,,0/8,,,8.50771,,log2(sedentary count + 1)
Rat heart,DNAJB1,8/8,8.933600425720215,mid,1.0,8/8,0.0,1.0,21.0005,high,log2(sedentary count + 1)
Rat heart,KLHL15,8/8,6.351114749908447,low,1.0,0/8,,,1.77244,low,log2(sedentary count + 1)
Rat heart,CXCR4,8/8,8.298381328582764,mid,1.0,0/8,,,3.02576,mid,log2(sedentary count + 1)
Rat heart,TSC22D3,8/8,11.080907821655273,high,1.0,8/8,0.0,2.0,32.2369,high,log2(sedentary count + 1)
Rat heart,MAFF,8/8,8.270299434661865,mid,1.0,8/8,0.0,1.0,6.08822,mid,log2(sedentary count + 1)
Rat heart,BCL2L11,8/8,9.233121871948242,mid,1.0,8/8,6.0,1.0,1.74357,low,log2(sedentary count + 1)
Rat heart,KLF9,8/8,11.172068119049072,high,1.0,8/8,0.0,1.0,25.4739,high,log2(sedentary count + 1)
Rat heart,BCL2,8/8,6.966269493103027,low,1.0,0/8,,,1.36133,low,log2(sedentary count + 1)
Rat heart,ZXDA,0/8,,,,0/8,,,0.736104,,log2(sedentary count + 1)
Rat heart,TMEM119,8/8,5.058272123336792,low,1.0,0/8,,,0.862013,low,log2(sedentary count + 1)
Rat heart,MGAT4A,8/8,9.27039623260498,mid,1.0,0/8,,,2.47595,low,log2(sedentary count + 1)
Rat heart,WNT7A,0/8,,,,0/8,,,0.0,,log2(sedentary count + 1)
Rat heart,CNNM2,8/8,6.893156051635742,low,1.0,0/8,,,0.595901,low,log2(sedentary count + 1)
Rat heart,NAA16,8/8,7.361021518707275,mid,1.0,8/8,0.0,1.0,2.17049,low,log2(sedentary count + 1)
Rat heart,UBE2D2,8/8,9.074799060821533,mid,1.0,0/8,,,26.1196,high,log2(sedentary count + 1)
Rat heart,JMY,8/8,7.926030397415161,mid,1.0,8/8,0.0,1.0,3.01535,mid,log2(sedentary count + 1)
Rat heart,JUN,8/8,11.51768684387207,high,1.0,0/8,,,54.8799,high,log2(sedentary count + 1)
Rat heart,ABL1,8/8,10.236926078796387,high,2.0,8/8,0.0,1.0,15.813,high,log2(sedentary count + 1)
Rat heart,PIK3IP1,8/8,10.608513355255127,high,1.0,8/8,0.0,1.0,10.3611,high,log2(sedentary count + 1)
Rat heart,STK17B,8/8,8.040728092193604,mid,1.0,0/8,,,1.2394,low,log2(sedentary count + 1)
Rat heart,SON,8/8,12.732619285583496,high,1.0,8/8,4.0,2.0,21.8188,high,log2(sedentary count + 1)
Rat heart,PIM3,8/8,10.21320390701294,high,1.0,0/8,,,38.8351,high,log2(sedentary count + 1)
Rat heart,SIK1,8/8,9.194799423217773,mid,1.0,8/8,0.0,1.0,0.373677,low,log2(sedentary count + 1)
Rat heart,CSRNP1,8/8,7.614107131958008,mid,1.0,8/8,6.0,1.0,16.4432,high,log2(sedentary count + 1)
Rat heart,FEM1B,8/8,8.820759296417236,mid,1.0,8/8,6.0,1.0,9.01558,mid,log2(sedentary count + 1)
Rat heart,RGPD5,0/8,,,,0/8,,,0.00320381,,log2(sedentary count + 1)
Rat heart,STARD7,8/8,11.470108985900879,high,1.0,8/8,0.0,1.0,91.9634,high,log2(sedentary count + 1)
Rat heart,DDIT3,8/8,9.426504611968994,high,1.0,0/8,,,18.7913,high,log2(sedentary count + 1)
Rat heart,PPP1R8,8/8,8.713316440582275,mid,1.0,8/8,0.0,1.0,9.54746,mid,log2(sedentary count + 1)
Rat heart,IRF2BP2,8/8,9.970866680145264,high,1.0,8/8,0.0,1.0,20.237,high,log2(sedentary count + 1)
Rat heart,TCP11L2,8/8,11.544605731964111,high,1.0,8/8,0.0,1.0,2.88331,mid,log2(sedentary count + 1)
Rat heart,ID1,8/8,9.908316612243652,high,1.0,0/8,,,102.022,high,log2(sedentary count + 1)
Rat heart,ZNF394,8/8,7.662930011749268,mid,1.0,0/8,,,7.51306,mid,log2(sedentary count + 1)
Rat heart,MTFP1,8/8,9.064230918884277,mid,1.0,8/8,0.0,1.0,10.7457,high,log2(sedentary count + 1)
Rat heart,CCDC173,0/8,,,,8/8,0.0,1.0,0.0369329,,log2(sedentary count + 1)
Rat heart,MED13,8/8,10.26672077178955,high,1.0,0/8,,,4.38432,mid,log2(sedentary count + 1)
Rat heart,CD69,8/8,5.395361661911011,low,1.0,0/8,,,0.314713,low,log2(sedentary count + 1)
Rat heart,DUSP2,8/8,5.458663702011108,low,1.0,0/8,,,2.22023,low,log2(sedentary count + 1)
Rat heart,ACAN,0/8,,,,0/8,,,0.039166,,log2(sedentary count + 1)
Rat heart,RGS1,8/8,4.419520378112793,low,1.0,0/8,,,1.59562,low,log2(sedentary count + 1)
Rat heart,SBDS,8/8,10.034654140472412,high,1.0,8/8,0.0,1.0,119.358,high,log2(sedentary count + 1)
Rat heart,ZBTB25,8/8,6.7601048946380615,low,1.0,0/8,,,1.97256,low,log2(sedentary count + 1)
Rat heart,DRD3,0/8,,,,0/8,,,0.0,,log2(sedentary count + 1)
Rat heart,TMEM30B,0/8,,,,0/8,,,0.264789,,log2(sedentary count + 1)
Rat heart,PPP1R15A,8/8,10.418564796447754,high,1.0,0/8,,,50.0118,high,log2(sedentary count + 1)
Rat heart,ING5,8/8,9.033109188079834,mid,1.0,0/8,,,3.97246,mid,log2(sedentary count + 1)
Rat heart,ZNF101,0/8,,,,0/8,,,0.795942,,log2(sedentary count + 1)
Rat heart,NAA20,8/8,8.398816585540771,mid,1.0,8/8,6.0,1.0,22.9797,high,log2(sedentary count + 1)
Rat heart,TOE1,8/8,7.125352382659912,low,1.0,8/8,4.0,1.0,2.97411,mid,log2(sedentary count + 1)
Rat heart,GZF1,8/8,9.493996620178223,high,1.0,8/8,2.0,1.0,6.52893,mid,log2(sedentary count + 1)
Rat heart,WHAMM,8/8,8.482714176177979,mid,1.0,8/8,0.0,1.0,3.84935,mid,log2(sedentary count + 1)
Rat heart,MAGOHB,8/8,5.738043546676636,low,1.0,8/8,0.0,1.0,1.68931,low,log2(sedentary count + 1)
Rat heart,ELK4,8/8,10.241438388824463,high,1.0,0/8,,,3.98314,mid,log2(sedentary count + 1)
Rat heart,MYLIP,8/8,8.975566864013672,mid,1.0,0/8,,,6.78914,mid,log2(sedentary count + 1)
Rat heart,SMDT1,8/8,8.000290393829346,mid,1.0,8/8,8.0,1.0,37.922,high,log2(sedentary count + 1)
Rat heart,AVPI1,8/8,8.7776517868042,mid,1.0,0/8,,,7.69976,mid,log2(sedentary count + 1)
Rat heart,CIRBP,8/8,9.735883712768555,high,1.0,8/8,0.0,1.0,55.9787,high,log2(sedentary count + 1)
Rat heart,EIF1,8/8,12.7196683883667,high,1.0,8/8,0.0,1.0,262.972,high,log2(sedentary count + 1)
Rat heart,GRPEL1,8/8,11.140763282775879,high,1.0,8/8,0.0,1.0,22.223,high,log2(sedentary count + 1)
Rat heart,CD83,8/8,6.671264410018921,low,1.0,0/8,,,1.16728,low,log2(sedentary count + 1)
Rat heart,NR4A2,8/8,6.343748569488525,low,1.0,0/8,,,1.50108,low,log2(sedentary count + 1)
Rat heart,RPL32,8/8,11.713676452636719,high,2.0,8/8,0.0,1.0,144.482,high,log2(sedentary count + 1)
Rat heart,BTG3,8/8,5.8725690841674805,low,1.0,0/8,,,4.07093,mid,log2(sedentary count + 1)
Rat heart,CEP170,8/8,9.526994705200195,high,2.0,8/8,0.0,1.0,2.83003,mid,log2(sedentary count + 1)
Rat heart,TCEA3,8/8,8.84464979171753,mid,1.0,8/8,0.0,1.0,22.3288,high,log2(sedentary count + 1)
Rat heart,MFHAS1,8/8,8.336284160614014,mid,1.0,0/8,,,4.63792,mid,log2(sedentary count + 1)
Rat heart,GPR183,8/8,5.119997262954712,low,1.0,0/8,,,0.903028,low,log2(sedentary count + 1)
Rat heart,BHLHE40,8/8,10.070767402648926,high,1.0,0/8,,,28.7851,high,log2(sedentary count + 1)
Rat heart,KANSL2,8/8,10.296326637268066,high,2.0,8/8,8.0,1.0,9.13231,mid,log2(sedentary count + 1)
Rat heart,NFKBIA,8/8,10.17977523803711,high,1.0,8/8,4.0,1.0,50.8515,high,log2(sedentary count + 1)
Rat heart,ZBTB10,8/8,8.429561138153076,mid,1.0,0/8,,,2.89258,mid,log2(sedentary count + 1)
Rat heart,GCOM1,0/8,,,,0/8,,,,,log2(sedentary count + 1)
Rat heart,RGCC,8/8,8.86412239074707,mid,1.0,8/8,0.0,1.0,58.8076,high,log2(sedentary count + 1)
Rat heart,BRWD1,8/8,10.161206722259521,high,1.0,8/8,4.0,1.0,3.56598,mid,log2(sedentary count + 1)
Rat heart,H3-3B,8/8,10.607192993164062,high,2.0,8/8,0.0,1.0,69.6218,high,log2(sedentary count + 1)
Rat heart,REM2,0/8,,,,0/8,,,0.195338,,log2(sedentary count + 1)
Rat heart,NAP1L5,8/8,7.127895832061768,low,1.0,8/8,2.0,1.0,2.28015,low,log2(sedentary count + 1)
Rat heart,NXT1,8/8,6.264930248260498,low,1.0,8/8,8.0,1.0,5.85877,mid,log2(sedentary count + 1)
Rat heart,JUND,8/8,10.86622953414917,high,1.0,0/8,,,78.0408,high,log2(sedentary count + 1)
Rat heart,PHLDA1,8/8,10.609358310699463,high,1.0,8/8,8.0,1.0,3.38572,mid,log2(sedentary count + 1)
Rat heart,PSMA1,8/8,10.782164096832275,high,1.0,8/8,0.0,1.0,44.5106,high,log2(sedentary count + 1)
Rat heart,DUSP8,8/8,8.416576385498047,mid,1.0,0/8,,,8.82525,mid,log2(sedentary count + 1)
Rat heart,FOSL2,8/8,6.235077619552612,low,1.0,0/8,,,21.4887,high,log2(sedentary count + 1)
Rat heart,IRS2,8/8,10.72048568725586,high,1.0,8/8,0.0,1.0,5.36775,mid,log2(sedentary count + 1)
Rat heart,GABARAPL1,8/8,11.187514781951904,high,1.0,0/8,,,108.96,high,log2(sedentary count + 1)
Rat heart,TSHZ2,8/8,9.23257303237915,mid,1.0,0/8,,,0.532536,low,log2(sedentary count + 1)
Rat heart,BEX5,8/8,7.0756402015686035,low,1.0,0/8,,,0.808512,low,log2(sedentary count + 1)
Rat heart,NR3C2,8/8,8.9497971534729,mid,1.0,0/8,,,3.10129,mid,log2(sedentary count + 1)
Rat heart,CFAP20,8/8,8.150037288665771,mid,1.0,8/8,0.0,1.0,18.692,high,log2(sedentary count + 1)
Rat heart,TSPYL2,8/8,8.703522682189941,mid,1.0,0/8,,,38.1324,high,log2(sedentary count + 1)
Rat heart,ACVR1B,8/8,9.182007789611816,mid,1.0,0/8,,,4.30542,mid,log2(sedentary count + 1)
Rat heart,BNIP1,8/8,8.370274543762207,mid,1.0,8/8,0.0,1.0,3.57757,mid,log2(sedentary count + 1)
Rat heart,GPRIN3,8/8,8.951600551605225,mid,1.0,8/8,0.0,1.0,2.11173,low,log2(sedentary count + 1)
Rat heart,SMAD7,8/8,9.567144393920898,high,1.0,0/8,,,9.84429,high,log2(sedentary count + 1)
Rat heart,RCC1L,8/8,9.07063341140747,mid,1.0,8/8,0.0,1.0,22.2187,high,log2(sedentary count + 1)
Rat heart,BAG3,8/8,13.560677528381348,high,1.0,8/8,0.0,1.0,87.7156,high,log2(sedentary count + 1)
Rat heart,PDZD8,8/8,9.909721851348877,high,1.0,8/8,8.0,1.0,2.79353,mid,log2(sedentary count + 1)
Rat heart,POLR2M,8/8,14.227866172790527,high,1.0,8/8,2.0,1.0,7.27203,mid,log2(sedentary count + 1)
Rat heart,ZXDB,0/8,,,,0/8,,,1.90241,,log2(sedentary count + 1)
Rat heart,BCL11A,8/8,7.215412139892578,low,1.0,0/8,,,1.34647,low,log2(sedentary count + 1)
Rat heart,BTF3,8/8,9.630887031555176,high,1.0,8/8,0.0,1.0,202.092,high,log2(sedentary count + 1)
Rat heart,JOSD1,8/8,8.619733810424805,mid,1.0,0/8,,,11.5037,high,log2(sedentary count + 1)
Rat heart,SPRY1,8/8,9.327709197998047,high,1.0,0/8,,,17.4692,high,log2(sedentary count + 1)
Rat heart,HIPK1,8/8,11.69952917098999,high,1.0,8/8,2.0,1.0,7.12668,mid,log2(sedentary count + 1)
Rat heart,SNHG15,0/8,,,,0/8,,,2.4038,,log2(sedentary count + 1)
Rat heart,OBSCN,8/8,15.37039566040039,high,1.0,8/8,0.0,2.0,35.4893,high,log2(sedentary count + 1)
Rat heart,ZC3H12A,8/8,7.050897598266602,low,2.0,8/8,6.0,1.0,3.22412,mid,log2(sedentary count + 1)
Rat heart,CCDC184,8/8,3.3005484342575073,low,1.0,0/8,,,1.27233,low,log2(sedentary count + 1)
Rat heart,RBM33,8/8,10.068041801452637,high,2.0,8/8,2.0,1.0,5.74286,mid,log2(sedentary count + 1)
Rat heart,MOAP1,8/8,6.706606149673462,low,1.0,8/8,6.0,1.0,32.1435,high,log2(sedentary count + 1)
Rat heart,JUNB,8/8,9.458561897277832,high,1.0,0/8,,,67.7579,high,log2(sedentary count + 1)
Rat heart,HAS3,8/8,4.630736827850342,low,1.0,0/8,,,0.269707,low,log2(sedentary count + 1)
Rat heart,CABP4,8/8,3.8238896131515503,low,1.0,0/8,,,0.249866,low,log2(sedentary count + 1)
Rat heart,TCAF2,8/8,3.726401925086975,low,1.0,0/8,,,0.171381,low,log2(sedentary count + 1)
Rat heart,SDHAP1,0/8,,,,0/8,,,4.74463,,log2(sedentary count + 1)
Rat heart,TIPARP,8/8,8.594475269317627,mid,1.0,0/8,,,6.72516,mid,log2(sedentary count + 1)
Rat heart,BEX3,8/8,8.490080833435059,mid,1.0,0/8,,,92.8292,high,log2(sedentary count + 1)
Rat heart,BEX2,0/8,,,,0/8,,,0.940774,,log2(sedentary count + 1)
Rat heart,ARL4C,0/8,,,,0/8,,,1.26464,,log2(sedentary count + 1)
Rat heart,TOB1,8/8,10.61227035522461,high,1.0,0/8,,,28.7354,high,log2(sedentary count + 1)
Rat heart,RBM3,8/8,9.612720489501953,high,1.0,8/8,0.0,1.0,33.2264,high,log2(sedentary count + 1)
Rat heart,RMND5A,8/8,8.840499877929688,mid,1.0,8/8,0.0,1.0,17.9478,high,log2(sedentary count + 1)
Rat heart,KCNQ1,8/8,10.465443134307861,high,1.0,8/8,0.0,1.0,14.3704,high,log2(sedentary count + 1)
Rat heart,VAPA,8/8,11.205726623535156,high,1.0,8/8,0.0,1.0,19.906,high,log2(sedentary count + 1)
Rat heart,CTRL,0/8,,,,0/8,,,1.04564,,log2(sedentary count + 1)
Rat heart,MATR3,8/8,10.847396850585938,high,1.0,8/8,0.0,1.0,2.09087,low,log2(sedentary count + 1)
Rat heart,PHC3,8/8,9.53518009185791,high,1.0,8/8,8.0,1.0,2.42866,low,log2(sedentary count + 1)
Rat heart,ABLIM1,0/8,,,,8/8,1.0,4.0,171.283,,log2(sedentary count + 1)
Rat heart,ARL4A,8/8,7.211899757385254,low,1.0,0/8,,,2.83659,mid,log2(sedentary count + 1)
Rat heart,ATF3,8/8,6.58114218711853,low,1.0,8/8,4.0,1.0,9.98945,high,log2(sedentary count + 1)
Rat heart,ZBTB43,8/8,7.573682546615601,mid,1.0,0/8,,,7.0331,mid,log2(sedentary count + 1)
Rat heart,FAM209A,0/8,,,,0/8,,,0.0772518,,log2(sedentary count + 1)
Rat heart,ATE1,8/8,9.742005348205566,high,1.0,8/8,0.0,1.0,6.82408,mid,log2(sedentary count + 1)
Rat heart,PIAS2,8/8,9.160964488983154,mid,1.0,0/8,,,1.74028,low,log2(sedentary count + 1)
Rat heart,ADPRM,8/8,7.421858072280884,mid,1.0,8/8,2.0,1.0,3.2435,mid,log2(sedentary count + 1)
Rat heart,TRAPPC9,8/8,9.343475341796875,high,1.0,8/8,0.0,1.0,6.38472,mid,log2(sedentary count + 1)
Rat heart,LATS1,8/8,9.570584297180176,high,1.0,0/8,,,2.63365,mid,log2(sedentary count + 1)
Rat heart,PHF14,8/8,9.358680248260498,high,1.0,8/8,2.0,1.0,2.55293,low,log2(sedentary count + 1)
Rat heart,UHRF1BP1L,8/8,9.405665874481201,high,1.0,8/8,0.0,1.0,2.81021,mid,log2(sedentary count + 1)
Rat heart,DDX20,8/8,8.219435214996338,mid,1.0,8/8,0.0,1.0,2.39007,low,log2(sedentary count + 1)
Rat heart,SAMD8,8/8,9.688289642333984,high,1.0,0/8,,,6.03171,mid,log2(sedentary count + 1)
Rat heart,CLK1,8/8,10.61876916885376,high,1.0,0/8,,,39.9001,high,log2(sedentary count + 1)
Rat heart,LYPD3,0/8,,,,0/8,,,0.396031,,log2(sedentary count + 1)
Rat heart,EXOSC6,8/8,4.976319313049316,low,1.0,8/8,0.0,1.0,4.77377,mid,log2(sedentary count + 1)
Rat heart,KLHL7,8/8,10.204635620117188,high,1.0,0/8,,,16.2342,high,log2(sedentary count + 1)
Rat heart,MID2,8/8,8.260787963867188,mid,1.0,8/8,4.0,1.0,0.940181,low,log2(sedentary count + 1)
Rat heart,COMMD5,8/8,3.648163318634033,low,2.0,8/8,0.0,1.0,6.53479,mid,log2(sedentary count + 1)
Rat heart,MMP28,8/8,4.442823886871338,low,2.0,0/8,,,0.85322,low,log2(sedentary count + 1)
Rat heart,ASB3,8/8,6.986146688461304,low,1.0,0/8,,,1.81649,low,log2(sedentary count + 1)
Rat heart,INTS6-AS1,0/8,,,,0/8,,,0.166331,,log2(sedentary count + 1)
Rat heart,PER1,8/8,10.527088642120361,high,1.0,8/8,4.0,1.0,40.1906,high,log2(sedentary count + 1)
Rat heart,UBALD2,8/8,9.02391767501831,mid,1.0,0/8,,,14.9692,high,log2(sedentary count + 1)
Rat heart,RWDD2A,0/8,,,,0/8,,,2.07719,,log2(sedentary count + 1)
Rat heart,TRAF6,8/8,7.497612714767456,mid,1.0,8/8,0.0,1.0,3.38975,mid,log2(sedentary count + 1)
Rat heart,BAG4,8/8,6.187286138534546,low,1.0,8/8,4.0,1.0,2.0637,low,log2(sedentary count + 1)
Rat heart,HSF2,8/8,8.177095890045166,mid,1.0,0/8,,,11.6161,high,log2(sedentary count + 1)
Rat heart,ASB7,8/8,7.5360963344573975,mid,1.0,8/8,2.0,1.0,1.82974,low,log2(sedentary count + 1)
Rat heart,GRASP,8/8,8.064170837402344,mid,1.0,0/8,,,18.9618,high,log2(sedentary count + 1)
Rat heart,RFX3,8/8,5.245702505111694,low,1.0,8/8,8.0,2.0,0.573186,low,log2(sedentary count + 1)
Rat heart,FBXO33,8/8,7.179275035858154,low,1.0,0/8,,,2.29897,low,log2(sedentary count + 1)
Rat heart,ZNF256,0/8,,,,0/8,,,3.92001,,log2(sedentary count + 1)
Rat heart,JADE1,8/8,9.925756454467773,high,1.0,0/8,,,5.5631,mid,log2(sedentary count + 1)
Rat heart,CD6,8/8,5.407156705856323,low,1.0,0/8,,,0.108312,low,log2(sedentary count + 1)
Rat heart,MORF4L1,8/8,11.722126960754395,high,1.0,8/8,0.0,1.0,73.0833,high,log2(sedentary count + 1)
Rat heart,OSER1,8/8,8.700717449188232,mid,1.0,0/8,,,21.5358,high,log2(sedentary count + 1)
Rat heart,RBBP6,8/8,10.293036460876465,high,1.0,8/8,0.0,1.0,6.85009,mid,log2(sedentary count + 1)
Rat heart,RORA,8/8,7.031836986541748,low,1.0,0/8,,,2.23576,low,log2(sedentary count + 1)
Rat heart,GET4,8/8,10.123953819274902,high,1.0,8/8,0.0,1.0,0.964925,low,log2(sedentary count + 1)
Rat heart,EEF1D,8/8,10.441656589508057,high,1.0,8/8,0.0,3.0,26.2866,high,log2(sedentary count + 1)
Rat heart,OXNAD1,8/8,10.000061988830566,high,1.0,8/8,0.0,1.0,2.51633,low,log2(sedentary count + 1)
Rat heart,TCF7,8/8,6.188568592071533,low,1.0,0/8,,,0.526272,low,log2(sedentary count + 1)
Rat heart,ZNF815P,0/8,,,,0/8,,,0.175785,,log2(sedentary count + 1)
Rat heart,OCIAD2,0/8,,,,8/8,4.0,1.0,7.11802,,log2(sedentary count + 1)
Rat heart,ABT1,8/8,7.16361141204834,low,1.0,0/8,,,5.46556,mid,log2(sedentary count + 1)
Rat heart,MED10,8/8,8.114608764648438,mid,1.0,8/8,6.0,1.0,16.2774,high,log2(sedentary count + 1)
Rat heart,MLLT6,8/8,10.872965812683105,high,1.0,8/8,4.0,1.0,20.855,high,log2(sedentary count + 1)
Rat heart,TRERF1,8/8,7.76790976524353,mid,1.0,8/8,4.0,1.0,0.872693,low,log2(sedentary count + 1)
Rat heart,DNAJB9,8/8,9.799203872680664,high,1.0,0/8,,,23.2491,high,log2(sedentary count + 1)
Rat heart,FOSB,8/8,5.1552228927612305,low,1.0,0/8,,,0.709343,low,log2(sedentary count + 1)
Rat heart,CD5,8/8,4.832759618759155,low,1.0,0/8,,,0.08955,low,log2(sedentary count + 1)
Rat heart,PNO1,8/8,8.29626750946045,mid,1.0,8/8,0.0,1.0,5.57022,mid,log2(sedentary count + 1)
Rat heart,CCNL1,8/8,9.225157737731934,mid,1.0,0/8,,,15.0408,high,log2(sedentary count + 1)
Rat heart,GADD45B,8/8,8.022681713104248,mid,1.0,0/8,,,41.7373,high,log2(sedentary count + 1)
Rat heart,FAM169A,8/8,4.856707334518433,low,1.0,8/8,4.0,1.0,0.355552,low,log2(sedentary count + 1)
Rat heart,RAD23B,8/8,11.396082401275635,high,1.0,8/8,0.0,1.0,31.6633,high,log2(sedentary count + 1)
Rat heart,WWP2,8/8,8.360279083251953,mid,1.0,8/8,0.0,1.0,5.06271,mid,log2(sedentary count + 1)
Rat heart,RHBDD2,8/8,8.764762878417969,mid,1.0,8/8,6.0,1.0,18.6177,high,log2(sedentary count + 1)
Rat heart,TOP1MT,8/8,6.806274175643921,low,1.0,8/8,4.0,1.0,0.872,low,log2(sedentary count + 1)
Rat heart,KBTBD4,8/8,8.137771606445312,mid,1.0,0/8,,,3.53342,mid,log2(sedentary count + 1)
Rat heart,PPP1R2,8/8,9.930015087127686,high,1.0,8/8,0.0,1.0,11.6357,high,log2(sedentary count + 1)
Rat heart,NGDN,8/8,8.394737720489502,mid,1.0,8/8,2.0,1.0,6.56583,mid,log2(sedentary count + 1)
Rat heart,CLASRP,8/8,9.606208801269531,high,1.0,8/8,0.0,1.0,15.1425,high,log2(sedentary count + 1)
Rat heart,EYA3,8/8,10.139962196350098,high,1.0,8/8,0.0,1.0,4.04014,mid,log2(sedentary count + 1)
Rat heart,DUSP16,8/8,8.47487497329712,mid,1.0,8/8,0.0,1.0,3.93948,mid,log2(sedentary count + 1)
Rat heart,RCAN3,8/8,6.308642148971558,low,1.0,0/8,,,1.37513,low,log2(sedentary count + 1)
Rat heart,MAF,8/8,8.631535053253174,mid,1.0,0/8,,,3.13159,mid,log2(sedentary count + 1)
Rat heart,ENC1,8/8,9.217660903930664,mid,1.0,0/8,,,2.53065,low,log2(sedentary count + 1)
Rat heart,DNMT3A,8/8,9.162169933319092,mid,1.0,0/8,,,2.48483,low,log2(sedentary count + 1)
Rat heart,SLC10A2,0/8,,,,0/8,,,0.0,,log2(sedentary count + 1)
Rat heart,PDE4D,8/8,9.633318901062012,high,1.0,8/8,0.0,1.0,2.69194,mid,log2(sedentary count + 1)
Rat heart,SORBS3,8/8,11.364418029785156,high,1.0,8/8,0.0,1.0,27.7648,high,log2(sedentary count + 1)
Rat heart,RPS7,8/8,11.996915817260742,high,1.0,8/8,0.0,1.0,239.668,high,log2(sedentary count + 1)
Rat heart,NOCT,8/8,8.978226661682129,mid,1.0,8/8,0.0,1.0,1.317,low,log2(sedentary count + 1)
Rat heart,FAM24B,0/8,,,,0/8,,,0.310316,,log2(sedentary count + 1)
Rat heart,ZNF395,8/8,8.607180118560791,mid,1.0,0/8,,,9.50023,mid,log2(sedentary count + 1)
Rat heart,VAMP2,8/8,10.557711124420166,high,1.0,8/8,0.0,1.0,39.5253,high,log2(sedentary count + 1)
Rat heart,CCDC57,8/8,6.853185653686523,low,1.0,8/8,0.0,1.0,1.47984,low,log2(sedentary count + 1)
Rat heart,CCDC59,8/8,7.5179266929626465,mid,1.0,0/8,,,7.65238,mid,log2(sedentary count + 1)
Rat heart,RRAD,8/8,12.408223152160645,high,1.0,8/8,0.0,1.0,93.9777,high,log2(sedentary count + 1)
Rat heart,VWA8,8/8,9.22894287109375,mid,1.0,8/8,0.0,2.0,7.81064,mid,log2(sedentary count + 1)
Rat heart,TTC12,8/8,4.870567321777344,low,1.0,0/8,,,1.88154,low,log2(sedentary count + 1)
Rat heart,C19orf48,8/8,6.944802761077881,low,1.0,0/8,,,2.60785,mid,log2(sedentary count + 1)
Rat heart,BCL11B,8/8,7.090588808059692,low,1.0,0/8,,,0.0341934,low,log2(sedentary count + 1)
Rat heart,ADNP2,8/8,8.11937665939331,mid,1.0,8/8,8.0,1.0,3.24017,mid,log2(sedentary count + 1)
Rat heart,MRPL54,8/8,10.479416370391846,high,1.0,8/8,0.0,1.0,24.5419,high,log2(sedentary count + 1)
Rat heart,SPTBN1,8/8,14.830115795135498,high,1.0,8/8,0.0,2.0,67.7544,high,log2(sedentary count + 1)
Rat heart,NR1D2,8/8,10.930781841278076,high,1.0,0/8,,,6.35918,mid,log2(sedentary count + 1)
Rat heart,DUSP10,8/8,6.947292327880859,low,1.0,0/8,,,1.3628,low,log2(sedentary count + 1)
Rat heart,SPAG1,8/8,6.9457924365997314,low,1.0,8/8,0.0,1.0,0.698544,low,log2(sedentary count + 1)
Rat heart,USP30,8/8,8.572285175323486,mid,1.0,8/8,6.0,1.0,3.7317,mid,log2(sedentary count + 1)
Rat heart,CDR2,8/8,6.464703321456909,low,1.0,0/8,,,4.05088,mid,log2(sedentary count + 1)
Rat heart,NSMCE3,0/8,,,,0/8,,,3.30622,,log2(sedentary count + 1)
Rat heart,IER3,8/8,8.3597993850708,mid,1.0,0/8,,,22.3951,high,log2(sedentary count + 1)
Rat heart,TAOK2,8/8,11.173110961914062,high,1.0,8/8,2.0,1.0,12.8606,high,log2(sedentary count + 1)
Rat heart,PHF1,8/8,9.888896465301514,high,1.0,8/8,2.0,1.0,33.9247,high,log2(sedentary count + 1)
Rat heart,DDIT4,8/8,9.478045463562012,high,1.0,0/8,,,30.884,high,log2(sedentary count + 1)
Rat heart,ZNF460,0/8,,,,0/8,,,0.609153,,log2(sedentary count + 1)
Rat heart,CACNA1I,0/8,,,,0/8,,,0.0159703,,log2(sedentary count + 1)
Rat heart,DTX3,8/8,8.76552152633667,mid,1.0,0/8,,,15.6096,high,log2(sedentary count + 1)
Rat heart,PAG1,8/8,5.819887399673462,low,1.0,0/8,,,2.84157,mid,log2(sedentary count + 1)
Rat heart,ABHD14B,8/8,8.496047973632812,mid,1.0,8/8,0.0,1.0,9.49641,mid,log2(sedentary count + 1)
Rat heart,SLC25A26,8/8,8.50321102142334,mid,1.0,0/8,,,5.72106,mid,log2(sedentary count + 1)
Rat heart,PMAIP1,8/8,6.52436375617981,low,1.0,0/8,,,0.228736,low,log2(sedentary count + 1)
Rat heart,CHCHD6,8/8,6.263644695281982,low,1.0,8/8,0.0,1.0,2.58779,mid,log2(sedentary count + 1)
Rat heart,P2RY10,8/8,4.30905556678772,low,1.0,0/8,,,0.0250579,low,log2(sedentary count + 1)
Rat heart,ADTRP,0/8,,,,0/8,,,0.0207616,,log2(sedentary count + 1)
Rat heart,CBX4,8/8,7.1698338985443115,low,1.0,8/8,8.0,1.0,10.4678,high,log2(sedentary count + 1)
Rat heart,SCARNA9,0/8,,,,0/8,,,0.793621,,log2(sedentary count + 1)
Rat heart,ERN1,8/8,10.229048728942871,high,1.0,0/8,,,1.72878,low,log2(sedentary count + 1)
Rat heart,INPP4B,8/8,9.867849826812744,high,1.0,8/8,0.0,1.0,2.09678,low,log2(sedentary count + 1)
Rat heart,EVL,8/8,8.494292259216309,mid,1.0,8/8,0.0,1.0,6.48092,mid,log2(sedentary count + 1)
