column_id,dataset,species,tissue,layer,contrast,label,kind,sex,time,col_order,early_human_muscle,n_universe,n_measured,n_opposed,n_same,frac_opposed,sign_p,n_sig,n_sig_opposed,n_sig_same,camera_t,camera_p,n_up,n_down,camera_t_up,camera_p_up,camera_t_down,camera_p_down,camera_fdr,camera_fdr_up,camera_fdr_down,unit,words
human_acute|VL|RNA|EE_vs_CON_15to45min,human_acute,human,VL,RNA,EE_vs_CON_15to45min,EE−CON 15-45m,exercise vs control,,15-45m,0,True,14972,430,238,192,0.5534883720930233,0.029881467726287216,61,43,18,3.312218002492809,0.0009277863479281956,204,226,-0.42769363201016425,0.6688803387943076,6.138820179859343,8.523444747215141e-10,0.043207391385035265,0.9315759173966924,1.198964561108263e-07,EE−CON 15-45m,"Human vastus lateralis RNA, EE–CON 15–45 min"
human_acute|VL|RNA|EE_vs_CON_3.5to4h,human_acute,human,VL,RNA,EE_vs_CON_3.5to4h,EE−CON 3.5h,exercise vs control,,3.5h,1,False,14972,430,220,210,0.5116279069767442,0.6643247590654745,99,57,42,0.9205539241565123,0.357298201165147,204,226,-1.4983645252133762,0.13405965330714473,2.9318333388231292,0.0033747746662513675,0.982898842503021,0.5769678700619255,0.1292780554751914,EE−CON 3.5h,"Human vastus lateralis RNA, EE–CON 3.5–4 h"
human_acute|VL|RNA|EE_vs_CON_24h,human_acute,human,VL,RNA,EE_vs_CON_24h,EE−CON 24h,exercise vs control,,24h,2,False,14972,430,186,244,0.4325581395348837,0.005917864112803775,47,13,34,-2.045469346266453,0.040826050322891855,204,226,-1.159578073786547,0.24623912684422114,-2.506787352560612,0.012193909873890844,0.6626382013946293,0.7176344713340737,0.30269588039893747,EE−CON 24h,"Human vastus lateralis RNA, EE–CON 24 h"
human_acute|VL|RNA|RE_vs_CON_15to45min,human_acute,human,VL,RNA,RE_vs_CON_15to45min,RE−CON 15-45m,exercise vs control,,15-45m,3,True,14972,430,239,191,0.5558139534883721,0.02330693524018174,64,47,17,3.778930231702621,0.00015811420363397172,204,226,0.547784367496652,0.5838481408946119,6.074305499002477,1.2753943358632546e-09,0.011120698988922676,0.8832998669006838,1.3455410243357338e-07,RE−CON 15-45m,"Human vastus lateralis RNA, RE–CON 15–45 min"
human_acute|VL|RNA|RE_vs_CON_3.5to4h,human_acute,human,VL,RNA,RE_vs_CON_3.5to4h,RE−CON 3.5h,exercise vs control,,3.5h,4,False,14972,430,248,182,0.5767441860465117,0.0016895718081754948,202,128,74,2.3809386804431347,0.017281017968235744,204,226,0.56678425410998,0.5708692673271041,3.6289296706463103,0.000285546332164835,0.42897585779973435,0.8832998669006838,0.015062569021695046,RE−CON 3.5h,"Human vastus lateralis RNA, RE–CON 3.5–4 h"
human_acute|VL|RNA|RE_vs_CON_24h,human_acute,human,VL,RNA,RE_vs_CON_24h,RE−CON 24h,exercise vs control,,24h,5,False,14972,430,189,241,0.43953488372093025,0.013822003017549284,110,49,61,-1.404780599423108,0.16010727865699254,204,226,-0.5434343951256587,0.5868388413495526,-1.9441974529336072,0.05189035304118273,0.982898842503021,0.8832998669006838,0.7260334394622131,RE−CON 24h,"Human vastus lateralis RNA, RE–CON 24 h"
human_acute|VL|RNA|EE_post_vs_pre_15to45min,human_acute,human,VL,RNA,EE_post_vs_pre_15to45min,EE post−pre 15-45m,exercise post−pre,,15-45m,6,True,14972,430,243,187,0.5651162790697675,0.007920144536027155,136,90,46,3.619904598151729,0.00029568378435121585,204,226,-0.8444871576490506,0.3984107319927259,7.061961842434591,1.7139705179491243e-12,0.015597319624526635,0.8117480248142624,7.232955585745305e-10,EE post−pre 15-45m,"Human vastus lateralis RNA, EE post–pre 15–45 min"
human_acute|VL|RNA|EE_post_vs_pre_3.5to4h,human_acute,human,VL,RNA,EE_post_vs_pre_3.5to4h,EE post−pre 3.5h,exercise post−pre,,3.5h,7,False,14972,430,196,234,0.4558139534883721,0.07425243854986141,214,110,104,-0.5684147929238855,0.5697618741585584,204,226,-2.827016313688763,0.004704624150027055,1.5415056803329794,0.1232148982477492,0.982898842503021,0.06489141429795518,0.9274407198483604,EE post−pre 3.5h,"Human vastus lateralis RNA, EE post–pre 3.5–4 h"
human_acute|VL|RNA|EE_post_vs_pre_24h,human_acute,human,VL,RNA,EE_post_vs_pre_24h,EE post−pre 24h,exercise post−pre,,24h,8,False,14972,430,185,245,0.43023255813953487,0.004383329526153197,128,51,77,-1.544074262606892,0.12259148079123912,204,226,-0.5400574384642677,0.5891654549877817,-2.1904637455331075,0.02850598912008945,0.982898842503021,0.8832998669006838,0.5275742127832198,EE post−pre 24h,"Human vastus lateralis RNA, EE post–pre 24 h"
human_acute|VL|RNA|RE_post_vs_pre_15to45min,human_acute,human,VL,RNA,RE_post_vs_pre_15to45min,RE post−pre 15-45m,exercise post−pre,,15-45m,9,True,14972,430,252,178,0.586046511627907,0.0004183531290986719,158,105,53,4.095982749064564,4.225923155621626e-05,204,226,0.26895852447030605,0.7879653061166432,6.886949985305987,5.9271590655254085e-12,0.003839847528489444,0.959318485144554,1.2506305628258612e-09,RE post−pre 15-45m,"Human vastus lateralis RNA, RE post–pre 15–45 min"
human_acute|VL|RNA|RE_post_vs_pre_3.5to4h,human_acute,human,VL,RNA,RE_post_vs_pre_3.5to4h,RE post−pre 3.5h,exercise post−pre,,3.5h,10,False,14972,430,239,191,0.5558139534883721,0.02330693524018174,290,167,123,1.333750409855908,0.1823059595560242,204,226,-0.6466911561314054,0.5178417626569272,2.9051492837134,0.003676153236261367,0.982898842503021,0.8767231028098194,0.1292780554751914,RE post−pre 3.5h,"Human vastus lateralis RNA, RE post–pre 3.5–4 h"
human_acute|VL|RNA|RE_post_vs_pre_24h,human_acute,human,VL,RNA,RE_post_vs_pre_24h,RE post−pre 24h,exercise post−pre,,24h,11,False,14972,430,190,240,0.4418604651162791,0.018025302447996494,206,95,111,-0.9788620977132707,0.32766394027347356,204,226,-0.18569662410912055,0.8526851917519619,-1.5242469579338263,0.12746815580854243,0.982898842503021,0.9742399631360711,0.9274407198483604,RE post−pre 24h,"Human vastus lateralis RNA, RE post–pre 24 h"
human_acute|VL|RNA|CON_post_vs_pre_15to45min,human_acute,human,VL,RNA,CON_post_vs_pre_15to45min,CON post−pre 15-45m,reference (non-exercise),,15-45m,12,True,14972,430,226,204,0.5255813953488372,0.31119661741024346,20,9,11,-0.16192906513409155,0.8713638995772133,204,226,-0.11684896791380357,0.9069813062084553,-0.16874706560923233,0.8659978764167103,0.982898842503021,0.978534260681943,0.9955665781066985,CON post−pre 15-45m,"Human vastus lateralis RNA, CON post–pre 15–45 min"
human_acute|VL|RNA|CON_post_vs_pre_3.5to4h,human_acute,human,VL,RNA,CON_post_vs_pre_3.5to4h,CON post−pre 3.5h,reference (non-exercise),,3.5h,13,False,14972,430,191,239,0.4441860465116279,0.02330693524018174,81,34,47,-2.1017923108569176,0.035588138424521146,204,226,-1.7070629845251817,0.08783108356726395,-2.1108166998440705,0.034804607267562473,0.6007277766059169,0.48769364822875505,0.5715256957878371,CON post−pre 3.5h,"Human vastus lateralis RNA, CON post–pre 3.5–4 h"
human_acute|VL|RNA|CON_post_vs_pre_24h,human_acute,human,VL,RNA,CON_post_vs_pre_24h,CON post−pre 24h,reference (non-exercise),,24h,14,False,14972,430,214,216,0.49767441860465117,0.9615449538285994,31,19,12,0.7708733204154462,0.4407941884957255,204,226,0.9195533321351522,0.3578210400831754,0.5153328064566342,0.6063280874055786,0.982898842503021,0.7706440246519707,0.980263417605937,CON post−pre 24h,"Human vastus lateralis RNA, CON post–pre 24 h"
human_acute|VL|RNA|EE_vs_CON_pre,human_acute,human,VL,RNA,EE_vs_CON_pre,EE−CON pre,reference (non-exercise),,pre,15,False,14972,430,213,217,0.49534883720930234,0.8849909267281267,0,0,0,0.020676426930404095,0.9835040491486766,204,226,1.237346875938332,0.2159777400654833,-1.0656983872070072,0.28657719438384727,0.9952966636468621,0.690474290209348,0.9637427088386779,EE−CON pre,"Human vastus lateralis RNA, EE–CON pre"
human_acute|VL|RNA|EE_vs_RE_pre,human_acute,human,VL,RNA,EE_vs_RE_pre,EE−RE pre,reference (non-exercise),,pre,16,False,14972,430,204,226,0.4744186046511628,0.31119661741024346,0,0,0,-0.7135251225446619,0.4755319962670108,204,226,-1.807889364412135,0.07064378304760974,0.3762968996077283,0.706701516719445,0.982898842503021,0.4226679344121428,0.9955665781066985,EE−RE pre,"Human vastus lateralis RNA, EE–RE pre"
human_acute|VL|RNA|EE_vs_RE_15to45min,human_acute,human,VL,RNA,EE_vs_RE_15to45min,EE−RE 15-45m,reference (non-exercise),,15-45m,17,True,14972,430,221,209,0.513953488372093,0.5958395617348092,24,8,16,-0.41077087136393164,0.6812464333400199,204,226,-1.5819532498632332,0.11368136884929095,0.6962075035116836,0.48630969808826596,0.982898842503021,0.5549784810348191,0.9637427088386779,EE−RE 15-45m,"Human vastus lateralis RNA, EE–RE 15–45 min"
human_acute|VL|RNA|EE_vs_RE_3.5to4h,human_acute,human,VL,RNA,EE_vs_RE_3.5to4h,EE−RE 3.5h,reference (non-exercise),,3.5h,18,False,14972,430,182,248,0.4232558139534884,0.0016895718081754948,170,64,106,-2.3147808319567718,0.02063838887198741,204,226,-2.0710225287224278,0.0383737859171326,-2.1741602360964736,0.029708715340961627,0.47133366328383425,0.2942653407231888,0.5275742127832198,EE−RE 3.5h,"Human vastus lateralis RNA, EE–RE 3.5–4 h"
human_acute|VL|RNA|EE_vs_RE_24h,human_acute,human,VL,RNA,EE_vs_RE_24h,EE−RE 24h,reference (non-exercise),,24h,19,False,14972,430,214,216,0.49767441860465117,0.9615449538285994,99,47,52,-0.1282300757591195,0.8979686220134345,204,226,-0.368624360414719,0.7124129481344188,0.10272574766624694,0.9181820140082444,0.982898842503021,0.959318485144554,0.9955665781066985,EE−RE 24h,"Human vastus lateralis RNA, EE–RE 24 h"
human_acute|VL|RNA|RE_vs_CON_pre,human_acute,human,VL,RNA,RE_vs_CON_pre,RE−CON pre,reference (non-exercise),,pre,20,False,14972,430,214,216,0.49767441860465117,0.9615449538285994,2,2,0,0.5655172641860311,0.5717304604660309,204,226,2.300555008819751,0.021430476922992853,-1.0703073500483056,0.28449824327851064,0.982898842503021,0.20553775594324966,0.9637427088386779,RE−CON pre,"Human vastus lateralis RNA, RE–CON pre"
human_acute|VL|PROT|EE_vs_CON_15to45min,human_acute,human,VL,PROT,EE_vs_CON_15to45min,EE−CON 15-45m,exercise vs control,,15-45m,21,True,5998,183,90,93,0.4918032786885246,0.882518069458955,0,0,0,0.46211475065870816,0.6440157992769385,103,80,0.6252175593087328,0.5318520718857933,0.13074033338845498,0.895985110731832,0.982898842503021,0.8832998669006838,0.9955665781066985,EE−CON 15-45m,"Human vastus lateralis protein, EE–CON 15–45 min"
human_acute|VL|PROT|EE_vs_CON_3.5to4h,human_acute,human,VL,PROT,EE_vs_CON_3.5to4h,EE−CON 3.5h,exercise vs control,,3.5h,22,False,5998,183,95,88,0.5191256830601093,0.6574989153775929,0,0,0,0.8983236323974217,0.3690491076747663,103,80,0.945099205872318,0.3446463126734891,0.5724694717993438,0.5670254257568847,0.982898842503021,0.7677790855335066,0.9787355359820828,EE−CON 3.5h,"Human vastus lateralis protein, EE–CON 3.5–4 h"
human_acute|VL|PROT|EE_vs_CON_24h,human_acute,human,VL,PROT,EE_vs_CON_24h,EE−CON 24h,exercise vs control,,24h,23,False,5998,183,83,100,0.453551912568306,0.2368227131308157,0,0,0,0.0484873442462609,0.9613294653130289,103,80,0.6098267370292483,0.5419996968726029,-0.6423121052610699,0.5206951128322714,0.9902358565842571,0.8832998669006838,0.9637427088386779,EE−CON 24h,"Human vastus lateralis protein, EE–CON 24 h"
human_acute|VL|PROT|RE_vs_CON_15to45min,human_acute,human,VL,PROT,RE_vs_CON_15to45min,RE−CON 15-45m,exercise vs control,,15-45m,24,True,5998,183,83,100,0.453551912568306,0.2368227131308157,0,0,0,0.13372454327916555,0.8936248845537282,103,80,0.7629993122086111,0.44549382284233097,-0.6502262917670246,0.5155709720952633,0.982898842503021,0.8318512975197507,0.9637427088386779,RE−CON 15-45m,"Human vastus lateralis protein, RE–CON 15–45 min"
human_acute|VL|PROT|RE_vs_CON_3.5to4h,human_acute,human,VL,PROT,RE_vs_CON_3.5to4h,RE−CON 3.5h,exercise vs control,,3.5h,25,False,5998,183,102,81,0.5573770491803278,0.13907617727643143,1,0,1,1.8581066055469513,0.06320285468335225,103,80,2.216938995752506,0.02666463332981907,0.8637541591171294,0.38775750482459403,0.8785334594852064,0.23941436734433294,0.9637427088386779,RE−CON 3.5h,"Human vastus lateralis protein, RE–CON 3.5–4 h"
human_acute|VL|PROT|RE_vs_CON_24h,human_acute,human,VL,PROT,RE_vs_CON_24h,RE−CON 24h,exercise vs control,,24h,26,False,5998,183,92,91,0.5027322404371585,1.0,1,0,1,0.5367209710262522,0.5914802812439435,103,80,0.7584340625089708,0.44822098227620155,0.10631757901112729,0.9153339412561949,0.982898842503021,0.8332566278438637,0.9955665781066985,RE−CON 24h,"Human vastus lateralis protein, RE–CON 24 h"
human_acute|VL|PROT|EE_post_vs_pre_15to45min,human_acute,human,VL,PROT,EE_post_vs_pre_15to45min,EE post−pre 15-45m,exercise post−pre,,15-45m,27,True,5998,183,99,84,0.5409836065573771,0.30069693751806376,0,0,0,0.8515134167133906,0.394518219455711,103,80,0.25002078912512204,0.8025798370263335,1.306550611506299,0.19141549120523008,0.982898842503021,0.9618889349280929,0.9637427088386779,EE post−pre 15-45m,"Human vastus lateralis protein, EE post–pre 15–45 min"
human_acute|VL|PROT|EE_post_vs_pre_3.5to4h,human_acute,human,VL,PROT,EE_post_vs_pre_3.5to4h,EE post−pre 3.5h,exercise post−pre,,3.5h,28,False,5998,183,88,95,0.4808743169398907,0.6574989153775929,1,0,1,0.12235331765437849,0.9026233081817159,103,80,0.008056507113202839,0.9935721749207187,0.2037992217987418,0.8385173171716106,0.982898842503021,0.9991253050080025,0.9955665781066985,EE post−pre 3.5h,"Human vastus lateralis protein, EE post–pre 3.5–4 h"
human_acute|VL|PROT|EE_post_vs_pre_24h,human_acute,human,VL,PROT,EE_post_vs_pre_24h,EE post−pre 24h,exercise post−pre,,24h,29,False,5998,183,73,110,0.3989071038251366,0.00761528215282926,1,0,1,-0.9550897324472669,0.3395708240364069,103,80,-0.1953910245720046,0.8450934631223541,-1.5939477277687513,0.11100045023565774,0.982898842503021,0.9742399631360711,0.9008113461432224,EE post−pre 24h,"Human vastus lateralis protein, EE post–pre 24 h"
human_acute|VL|PROT|RE_post_vs_pre_15to45min,human_acute,human,VL,PROT,RE_post_vs_pre_15to45min,RE post−pre 15-45m,exercise post−pre,,15-45m,30,True,5998,183,100,83,0.546448087431694,0.2368227131308157,0,0,0,0.6191647269813282,0.5358313697652042,103,80,1.0321997118164423,0.3020202012362017,-0.05361170568307915,0.9572463161802265,0.982898842503021,0.7410827778948017,0.9955665781066985,RE post−pre 15-45m,"Human vastus lateralis protein, RE post–pre 15–45 min"
human_acute|VL|PROT|RE_post_vs_pre_3.5to4h,human_acute,human,VL,PROT,RE_post_vs_pre_3.5to4h,RE post−pre 3.5h,exercise post−pre,,3.5h,31,False,5998,183,98,85,0.5355191256830601,0.37509162239262184,1,0,1,1.3849331309748207,0.1661244408968163,103,80,1.5826837821220983,0.11354629738292489,0.6962452053341169,0.48630226930612497,0.982898842503021,0.5549784810348191,0.9637427088386779,RE post−pre 3.5h,"Human vastus lateralis protein, RE post–pre 3.5–4 h"
human_acute|VL|PROT|RE_post_vs_pre_24h,human_acute,human,VL,PROT,RE_post_vs_pre_24h,RE post−pre 24h,exercise post−pre,,24h,32,False,5998,183,79,104,0.43169398907103823,0.07575398776330064,3,1,2,-0.34617429474803985,0.7292238777072024,103,80,-0.006008943081725864,0.99520578584183,-0.6623956528125734,0.5077431477050073,0.982898842503021,0.9991253050080025,0.9637427088386779,RE post−pre 24h,"Human vastus lateralis protein, RE post–pre 24 h"
human_acute|VL|PROT|CON_post_vs_pre_15to45min,human_acute,human,VL,PROT,CON_post_vs_pre_15to45min,CON post−pre 15-45m,reference (non-exercise),,15-45m,33,True,5998,183,99,84,0.5409836065573771,0.30069693751806376,0,0,0,0.3295540502499536,0.7417484585586467,103,80,-0.1853685872115653,0.8529462150265532,0.8394249734118763,0.40126434086471163,0.982898842503021,0.9742399631360711,0.9637427088386779,CON post−pre 15-45m,"Human vastus lateralis protein, CON post–pre 15–45 min"
human_acute|VL|PROT|CON_post_vs_pre_3.5to4h,human_acute,human,VL,PROT,CON_post_vs_pre_3.5to4h,CON post−pre 3.5h,reference (non-exercise),,3.5h,34,False,5998,183,78,105,0.4262295081967213,0.054311273087031244,0,0,0,-1.095410491390456,0.27338083693021814,103,80,-1.333473548381252,0.1824271050532616,-0.5003221771645647,0.6168666030017385,0.982898842503021,0.6470377629138644,0.980263417605937,CON post−pre 3.5h,"Human vastus lateralis protein, CON post–pre 3.5–4 h"
human_acute|VL|PROT|CON_post_vs_pre_24h,human_acute,human,VL,PROT,CON_post_vs_pre_24h,CON post−pre 24h,reference (non-exercise),,24h,35,False,5998,183,84,99,0.45901639344262296,0.30069693751806376,0,0,0,-1.015111575701602,0.3100936030565235,103,80,-1.0605339293614622,0.2889444791619596,-0.6652190626261091,0.5059359754685622,0.982898842503021,0.7403563261571566,0.9637427088386779,CON post−pre 24h,"Human vastus lateralis protein, CON post–pre 24 h"
human_acute|VL|PROT|EE_vs_CON_pre,human_acute,human,VL,PROT,EE_vs_CON_pre,EE−CON pre,reference (non-exercise),,pre,36,False,5998,183,89,94,0.48633879781420764,0.7675626320478243,0,0,0,0.16026279729259985,0.872679462058757,103,80,-0.228939183698713,0.8189239929412762,0.5650316386081304,0.5720733835003108,0.982898842503021,0.971106383014132,0.9787355359820828,EE−CON pre,"Human vastus lateralis protein, EE–CON pre"
human_acute|VL|PROT|EE_vs_RE_pre,human_acute,human,VL,PROT,EE_vs_RE_pre,EE−RE pre,reference (non-exercise),,pre,37,False,5998,183,79,104,0.43169398907103823,0.07575398776330064,8,4,4,-0.4556766842347604,0.648638991800551,103,80,-0.5323778194400505,0.5944840708606416,-0.22716886038058381,0.8203001852403293,0.982898842503021,0.8832998669006838,0.9955665781066985,EE−RE pre,"Human vastus lateralis protein, EE–RE pre"
human_acute|VL|PROT|EE_vs_RE_15to45min,human_acute,human,VL,PROT,EE_vs_RE_15to45min,EE−RE 15-45m,reference (non-exercise),,15-45m,38,True,5998,183,97,86,0.5300546448087432,0.4598669609706079,0,0,0,0.31868036769323393,0.7499800032416251,103,80,-0.5054462673971941,0.6132640079364876,1.196212742068042,0.23166084927274447,0.982898842503021,0.8924048667213716,0.9637427088386779,EE−RE 15-45m,"Human vastus lateralis protein, EE–RE 15–45 min"
human_acute|VL|PROT|EE_vs_RE_3.5to4h,human_acute,human,VL,PROT,EE_vs_RE_3.5to4h,EE−RE 3.5h,reference (non-exercise),,3.5h,39,False,5998,183,86,97,0.46994535519125685,0.4598669609706079,0,0,0,-0.870960490734272,0.38381059500209114,103,80,-1.1767434337354317,0.23934463841212905,-0.23562334062450302,0.8137330072021335,0.982898842503021,0.7176344713340737,0.9955665781066985,EE−RE 3.5h,"Human vastus lateralis protein, EE–RE 3.5–4 h"
human_acute|VL|PROT|EE_vs_RE_24h,human_acute,human,VL,PROT,EE_vs_RE_24h,EE−RE 24h,reference (non-exercise),,24h,40,False,5998,183,85,98,0.4644808743169399,0.37509162239262184,0,0,0,-0.41917395739068547,0.6751040191321054,103,80,-0.13697208435333388,0.8910574593198133,-0.6336324348573882,0.5263448967905476,0.982898842503021,0.9742399631360711,0.9650299646059108,EE−RE 24h,"Human vastus lateralis protein, EE–RE 24 h"
human_acute|VL|PROT|RE_vs_CON_pre,human_acute,human,VL,PROT,RE_vs_CON_pre,RE−CON pre,reference (non-exercise),,pre,41,False,5998,183,97,86,0.5300546448087432,0.4598669609706079,4,2,2,0.6114511479379378,0.5409241310592803,103,80,0.3361650875611964,0.7367581415722593,0.7460902852602653,0.45564212642044466,0.982898842503021,0.959318485144554,0.9637427088386779,RE−CON pre,"Human vastus lateralis protein, RE–CON pre"
human_acute|VL|PHOSPHO|EE_vs_CON_15to45min,human_acute,human,VL,PHOSPHO,EE_vs_CON_15to45min,EE−CON 15-45m,exercise vs control,,15-45m,42,True,3512,116,48,68,0.41379310344827586,0.07726226461070679,27,12,15,-1.0148047872239483,0.31026883670969596,49,67,-0.7866011558991067,0.4315684856927091,-0.8801855675114357,0.37881904949832645,0.982898842503021,0.8239961327866553,0.9637427088386779,EE−CON 15-45m,"Human vastus lateralis phosphosite, EE–CON 15–45 min"
human_acute|VL|PHOSPHO|EE_vs_CON_3.5to4h,human_acute,human,VL,PHOSPHO,EE_vs_CON_3.5to4h,EE−CON 3.5h,exercise vs control,,3.5h,43,False,3512,116,59,57,0.5086206896551724,0.9260777633148564,0,0,0,0.8243807236020446,0.4097792795379228,49,67,0.7094591390978033,0.47808672270215113,0.6565499293364917,0.5115133931685897,0.982898842503021,0.8406358207512824,0.9637427088386779,EE−CON 3.5h,"Human vastus lateralis phosphosite, EE–CON 3.5–4 h"
human_acute|VL|PHOSPHO|EE_vs_CON_24h,human_acute,human,VL,PHOSPHO,EE_vs_CON_24h,EE−CON 24h,exercise vs control,,24h,44,False,3512,116,49,67,0.4224137931034483,0.11408316540850252,0,0,0,-0.3327662729949624,0.7393305917465625,49,67,-0.06969314281150606,0.9444418698159944,-0.4461198262399236,0.6555382100599532,0.982898842503021,0.9840851087959251,0.980263417605937,EE−CON 24h,"Human vastus lateralis phosphosite, EE–CON 24 h"
human_acute|VL|PHOSPHO|RE_vs_CON_15to45min,human_acute,human,VL,PHOSPHO,RE_vs_CON_15to45min,RE−CON 15-45m,exercise vs control,,15-45m,45,True,3512,116,55,61,0.47413793103448276,0.6426674253796115,49,22,27,-0.34731746148015724,0.7283736573118841,49,67,0.5674400843455872,0.5704515123444702,-0.9545925081857385,0.33984954324859906,0.982898842503021,0.8832998669006838,0.9637427088386779,RE−CON 15-45m,"Human vastus lateralis phosphosite, RE–CON 15–45 min"
human_acute|VL|PHOSPHO|RE_vs_CON_3.5to4h,human_acute,human,VL,PHOSPHO,RE_vs_CON_3.5to4h,RE−CON 3.5h,exercise vs control,,3.5h,46,False,3512,116,64,52,0.5517241379310345,0.3070896636491836,19,11,8,1.1015964803934126,0.27071267165277374,49,67,1.4953526364418106,0.13491233311469972,0.454743666334039,0.6493217844782486,0.982898842503021,0.5769678700619255,0.980263417605937,RE−CON 3.5h,"Human vastus lateralis phosphosite, RE–CON 3.5–4 h"
human_acute|VL|PHOSPHO|RE_vs_CON_24h,human_acute,human,VL,PHOSPHO,RE_vs_CON_24h,RE−CON 24h,exercise vs control,,24h,47,False,3512,116,45,71,0.3879310344827586,0.0198791037382339,4,1,3,-0.41029636084678617,0.6816136032492089,49,67,-0.04517466482939757,0.9639706579381386,-0.5925978022839414,0.553488524168182,0.982898842503021,0.9915834839313636,0.9772893606651581,RE−CON 24h,"Human vastus lateralis phosphosite, RE–CON 24 h"
human_acute|VL|PHOSPHO|EE_post_vs_pre_15to45min,human_acute,human,VL,PHOSPHO,EE_post_vs_pre_15to45min,EE post−pre 15-45m,exercise post−pre,,15-45m,48,True,3512,116,59,57,0.5086206896551724,0.9260777633148564,39,19,20,-0.5439278284588913,0.5865256848517985,49,67,-0.3994601835410142,0.6895784601211461,-0.48486791289599224,0.6278003018657126,0.982898842503021,0.9509872881409269,0.980263417605937,EE post−pre 15-45m,"Human vastus lateralis phosphosite, EE post–pre 15–45 min"
human_acute|VL|PHOSPHO|EE_post_vs_pre_3.5to4h,human_acute,human,VL,PHOSPHO,EE_post_vs_pre_3.5to4h,EE post−pre 3.5h,exercise post−pre,,3.5h,49,False,3512,116,51,65,0.4396551724137931,0.22727494633160844,12,8,4,-0.5944742885175729,0.5522332494214844,49,67,-0.8144266942509817,0.4154558016849763,-0.2471099300549415,0.8048376009528881,0.982898842503021,0.8117480248142624,0.9955665781066985,EE post−pre 3.5h,"Human vastus lateralis phosphosite, EE post–pre 3.5–4 h"
human_acute|VL|PHOSPHO|EE_post_vs_pre_24h,human_acute,human,VL,PHOSPHO,EE_post_vs_pre_24h,EE post−pre 24h,exercise post−pre,,24h,50,False,3512,116,49,67,0.4224137931034483,0.11408316540850252,3,2,1,-1.2761674085014434,0.20198078265313976,49,67,-1.6239678005426978,0.10447247247178693,-0.6151320365255032,0.5385074038124067,0.982898842503021,0.5248498021796915,0.9693785966776307,EE post−pre 24h,"Human vastus lateralis phosphosite, EE post–pre 24 h"
human_acute|VL|PHOSPHO|RE_post_vs_pre_15to45min,human_acute,human,VL,PHOSPHO,RE_post_vs_pre_15to45min,RE post−pre 15-45m,exercise post−pre,,15-45m,51,True,3512,116,60,56,0.5172413793103449,0.7807391284762693,58,27,31,-0.005148262363183601,0.9958925916569961,49,67,0.9246065529252859,0.3552341629003253,-0.7261255818664122,0.467810202733693,0.9961831081512985,0.7706440246519707,0.9637427088386779,RE post−pre 15-45m,"Human vastus lateralis phosphosite, RE post–pre 15–45 min"
human_acute|VL|PHOSPHO|RE_post_vs_pre_3.5to4h,human_acute,human,VL,PHOSPHO,RE_post_vs_pre_3.5to4h,RE post−pre 3.5h,exercise post−pre,,3.5h,52,False,3512,116,59,57,0.5086206896551724,0.9260777633148564,39,19,20,0.7031771592210899,0.48199198830348833,49,67,0.6480361152458552,0.5170039787455997,0.5358939581787192,0.5920657959211959,0.982898842503021,0.8767231028098194,0.980263417605937,RE post−pre 3.5h,"Human vastus lateralis phosphosite, RE post–pre 3.5–4 h"
human_acute|VL|PHOSPHO|RE_post_vs_pre_24h,human_acute,human,VL,PHOSPHO,RE_post_vs_pre_24h,RE post−pre 24h,exercise post−pre,,24h,53,False,3512,116,47,69,0.4051724137931034,0.05072955668288333,15,6,9,-0.47650015261569484,0.6337477590148595,49,67,-0.4674028535158712,0.6402406962312611,-0.3516673307547324,0.7251088729381799,0.982898842503021,0.9135852239269767,0.9955665781066985,RE post−pre 24h,"Human vastus lateralis phosphosite, RE post–pre 24 h"
human_acute|VL|PHOSPHO|CON_post_vs_pre_15to45min,human_acute,human,VL,PHOSPHO,CON_post_vs_pre_15to45min,CON post−pre 15-45m,reference (non-exercise),,15-45m,54,True,3512,116,67,49,0.5775862068965517,0.11408316540850252,0,0,0,1.251128646965536,0.2109709285970609,49,67,0.8985040360910421,0.368978524386952,1.1447776481125433,0.2523793306743136,0.982898842503021,0.7864087741984533,0.9637427088386779,CON post−pre 15-45m,"Human vastus lateralis phosphosite, CON post–pre 15–45 min"
human_acute|VL|PHOSPHO|CON_post_vs_pre_3.5to4h,human_acute,human,VL,PHOSPHO,CON_post_vs_pre_3.5to4h,CON post−pre 3.5h,reference (non-exercise),,3.5h,55,False,3512,116,52,64,0.4482758620689655,0.3070896636491836,0,0,0,-0.5720888157312541,0.5672984420460104,49,67,-1.2757249067506828,0.20213719869833582,0.1595324963502296,0.8732585367539718,0.982898842503021,0.6769587153588854,0.9955665781066985,CON post−pre 3.5h,"Human vastus lateralis phosphosite, CON post–pre 3.5–4 h"
human_acute|VL|PHOSPHO|CON_post_vs_pre_24h,human_acute,human,VL,PHOSPHO,CON_post_vs_pre_24h,CON post−pre 24h,reference (non-exercise),,24h,56,False,3512,116,57,59,0.49137931034482757,0.9260777633148564,0,0,0,-0.7221858894597318,0.4702283070438513,49,67,-1.0099488364691735,0.3125894181641581,-0.2670750422919549,0.7894270732470596,0.982898842503021,0.7410827778948017,0.9955665781066985,CON post−pre 24h,"Human vastus lateralis phosphosite, CON post–pre 24 h"
human_acute|VL|PHOSPHO|EE_vs_CON_pre,human_acute,human,VL,PHOSPHO,EE_vs_CON_pre,EE−CON pre,reference (non-exercise),,pre,57,False,3512,116,60,56,0.5172413793103449,0.7807391284762693,3,1,2,-0.19992135084893362,0.8415536732584442,49,67,0.313833442197885,0.7536661928383983,-0.5316319854817908,0.5950145500494874,0.982898842503021,0.959318485144554,0.980263417605937,EE−CON pre,"Human vastus lateralis phosphosite, EE–CON pre"
human_acute|VL|PHOSPHO|EE_vs_RE_pre,human_acute,human,VL,PHOSPHO,EE_vs_RE_pre,EE−RE pre,reference (non-exercise),,pre,58,False,3512,116,59,57,0.5086206896551724,0.9260777633148564,13,6,7,0.650648723067437,0.5153158579433468,49,67,1.4780082952500344,0.13949528144847823,-0.20788468309043465,0.835331069653022,0.982898842503021,0.5769678700619255,0.9955665781066985,EE−RE pre,"Human vastus lateralis phosphosite, EE–RE pre"
human_acute|VL|PHOSPHO|EE_vs_RE_15to45min,human_acute,human,VL,PHOSPHO,EE_vs_RE_15to45min,EE−RE 15-45m,reference (non-exercise),,15-45m,59,True,3512,116,62,54,0.5344827586206896,0.5159130749957949,26,14,12,-0.27253832782864595,0.7852241562450522,49,67,-1.1143087924298178,0.2652230305494499,0.4730026611993473,0.6362406923517552,0.982898842503021,0.7176344713340737,0.980263417605937,EE−RE 15-45m,"Human vastus lateralis phosphosite, EE–RE 15–45 min"
human_acute|VL|PHOSPHO|EE_vs_RE_3.5to4h,human_acute,human,VL,PHOSPHO,EE_vs_RE_3.5to4h,EE−RE 3.5h,reference (non-exercise),,3.5h,60,False,3512,116,56,60,0.4827586206896552,0.7807391284762693,15,6,9,-0.5414883377291655,0.5882054008657925,49,67,-1.3840140706736848,0.1664421399203574,0.27614736183810934,0.7824511424167042,0.982898842503021,0.6278773698421155,0.9955665781066985,EE−RE 3.5h,"Human vastus lateralis phosphosite, EE–RE 3.5–4 h"
human_acute|VL|PHOSPHO|EE_vs_RE_24h,human_acute,human,VL,PHOSPHO,EE_vs_RE_24h,EE−RE 24h,reference (non-exercise),,24h,61,False,3512,116,59,57,0.5086206896551724,0.9260777633148564,2,1,1,-0.10923226061283715,0.9130245172065977,49,67,-0.5649594411686207,0.5721374564201628,0.2912713671485203,0.7708609948656112,0.982898842503021,0.8832998669006838,0.9955665781066985,EE−RE 24h,"Human vastus lateralis phosphosite, EE–RE 24 h"
human_acute|VL|PHOSPHO|RE_vs_CON_pre,human_acute,human,VL,PHOSPHO,RE_vs_CON_pre,RE−CON pre,reference (non-exercise),,pre,62,False,3512,116,61,55,0.5258620689655172,0.6426674253796115,7,5,2,-0.05791377863514822,0.9538206043725546,49,67,-1.0984373550881463,0.27208889908400896,0.7911891695376604,0.4288870686240346,0.9894985847029067,0.7176344713340737,0.9637427088386779,RE−CON pre,"Human vastus lateralis phosphosite, RE–CON pre"
human_acute|ADIPOSE|RNA|EE_vs_CON_15to45min,human_acute,human,ADIPOSE,RNA,EE_vs_CON_15to45min,EE−CON 15-45m,exercise vs control,,15-45m,63,False,17287,477,284,193,0.5953878406708596,3.588815709713557e-05,9,8,1,2.789484342903464,0.005284982285182653,236,241,0.8387837449189449,0.4016022734178202,4.2508227715447715,2.1410383569281317e-05,0.13939140777169248,0.8117480248142624,0.001505863644372786,EE−CON 15-45m,"Human subcutaneous adipose RNA, EE–CON 15–45 min"
human_acute|ADIPOSE|RNA|EE_vs_CON_3.5to4h,human_acute,human,ADIPOSE,RNA,EE_vs_CON_3.5to4h,EE−CON 3.5h,exercise vs control,,3.5h,64,False,17287,477,230,247,0.48218029350104824,0.4638451456497522,0,0,0,-0.1486900976260489,0.8817999098702938,236,241,-1.2611595211246336,0.20726840034690022,0.9373208840184318,0.3486066196636399,0.982898842503021,0.6769587153588854,0.9637427088386779,EE−CON 3.5h,"Human subcutaneous adipose RNA, EE–CON 3.5–4 h"
human_acute|ADIPOSE|RNA|EE_vs_CON_24h,human_acute,human,ADIPOSE,RNA,EE_vs_CON_24h,EE−CON 24h,exercise vs control,,24h,65,False,17287,477,245,232,0.5136268343815513,0.5827481612387272,0,0,0,0.42672273400749444,0.6695866044229298,236,241,-0.29054919173563987,0.771399609119142,1.0396913798699083,0.2984978494333697,0.982898842503021,0.959318485144554,0.9637427088386779,EE−CON 24h,"Human subcutaneous adipose RNA, EE–CON 24 h"
human_acute|ADIPOSE|RNA|RE_vs_CON_15to45min,human_acute,human,ADIPOSE,RNA,RE_vs_CON_15to45min,RE−CON 15-45m,exercise vs control,,15-45m,66,False,17287,477,308,169,0.6457023060796646,1.9796727380066018e-10,6,4,2,3.7065981919800333,0.00021071757701009492,236,241,3.5462891550666042,0.0003917306103693199,3.299447872176756,0.0009707111153353156,0.012703259642608579,0.008700543030308051,0.04096400906715032,RE−CON 15-45m,"Human subcutaneous adipose RNA, RE–CON 15–45 min"
human_acute|ADIPOSE|RNA|RE_vs_CON_3.5to4h,human_acute,human,ADIPOSE,RNA,RE_vs_CON_3.5to4h,RE−CON 3.5h,exercise vs control,,3.5h,67,False,17287,477,230,247,0.48218029350104824,0.4638451456497522,2,1,1,0.4536159131807396,0.6501109927118927,236,241,-0.3623215450214747,0.7171161893834764,1.1631989578879727,0.24476484678822033,0.982898842503021,0.959318485144554,0.9637427088386779,RE−CON 3.5h,"Human subcutaneous adipose RNA, RE–CON 3.5–4 h"
human_acute|ADIPOSE|RNA|RE_vs_CON_24h,human_acute,human,ADIPOSE,RNA,RE_vs_CON_24h,RE−CON 24h,exercise vs control,,24h,68,False,17287,477,236,241,0.4947589098532495,0.8547066884331005,0,0,0,0.5887480328441326,0.5560380045148301,236,241,1.2662808705915178,0.2054296077976236,-0.15823919006445353,0.8742701720776798,0.982898842503021,0.6769587153588854,0.9955665781066985,RE−CON 24h,"Human subcutaneous adipose RNA, RE–CON 24 h"
human_acute|ADIPOSE|RNA|EE_post_vs_pre_15to45min,human_acute,human,ADIPOSE,RNA,EE_post_vs_pre_15to45min,EE post−pre 15-45m,exercise post−pre,,15-45m,69,False,17287,477,290,187,0.6079664570230608,2.7652691234325864e-06,40,33,7,3.2710453452243704,0.001073605769601442,236,241,0.9378306542282603,0.3483445485678618,5.025252608516407,5.0778955594819e-07,0.043207391385035265,0.7677790855335066,4.285743852202724e-05,EE post−pre 15-45m,"Human subcutaneous adipose RNA, EE post–pre 15–45 min"
human_acute|ADIPOSE|RNA|EE_post_vs_pre_3.5to4h,human_acute,human,ADIPOSE,RNA,EE_post_vs_pre_3.5to4h,EE post−pre 3.5h,exercise post−pre,,3.5h,70,False,17287,477,211,266,0.44234800838574423,0.013334499598741964,152,60,92,-1.2983616034376584,0.1941804292521456,236,241,-1.6485616022859413,0.09925565423957344,-0.7793157550755341,0.435804405583782,0.982898842503021,0.52357357611375,0.9637427088386779,EE post−pre 3.5h,"Human subcutaneous adipose RNA, EE post–pre 3.5–4 h"
human_acute|ADIPOSE|RNA|EE_post_vs_pre_24h,human_acute,human,ADIPOSE,RNA,EE_post_vs_pre_24h,EE post−pre 24h,exercise post−pre,,24h,71,False,17287,477,248,229,0.519916142557652,0.40987321121101117,0,0,0,0.9731451071311887,0.3304948061542511,236,241,0.15608824842699554,0.875965284034872,1.595164034601959,0.1106938413899921,0.982898842503021,0.9742399631360711,0.9008113461432224,EE post−pre 24h,"Human subcutaneous adipose RNA, EE post–pre 24 h"
human_acute|ADIPOSE|RNA|RE_post_vs_pre_15to45min,human_acute,human,ADIPOSE,RNA,RE_post_vs_pre_15to45min,RE post−pre 15-45m,exercise post−pre,,15-45m,72,False,17287,477,320,157,0.6708595387840671,6.857784839797995e-14,37,29,8,4.294798505247085,1.7580597214819523e-05,236,241,4.255379108938351,2.09794253956132e-05,3.6770090510980826,0.00023669950304637337,0.0024730040082179463,0.0005386552152190678,0.014269598612224222,RE post−pre 15-45m,"Human subcutaneous adipose RNA, RE post–pre 15–45 min"
human_acute|ADIPOSE|RNA|RE_post_vs_pre_3.5to4h,human_acute,human,ADIPOSE,RNA,RE_post_vs_pre_3.5to4h,RE post−pre 3.5h,exercise post−pre,,3.5h,73,False,17287,477,209,268,0.4381551362683438,0.007849866347661978,198,81,117,-0.8140605853908324,0.4156214583227117,236,241,-0.9539525423187577,0.3401210055392202,-0.5704363988423198,0.568389162819033,0.982898842503021,0.7634631081784624,0.9787355359820828,RE post−pre 3.5h,"Human subcutaneous adipose RNA, RE post–pre 3.5–4 h"
human_acute|ADIPOSE|RNA|RE_post_vs_pre_24h,human_acute,human,ADIPOSE,RNA,RE_post_vs_pre_24h,RE post−pre 24h,exercise post−pre,,24h,74,False,17287,477,231,246,0.48427672955974843,0.5215553958937714,3,2,1,1.1271117404792759,0.2597108863168969,236,241,2.088635358338037,0.03675515355268622,0.02441598352681488,0.9805210809611726,0.982898842503021,0.28723471850432564,0.9955665781066985,RE post−pre 24h,"Human subcutaneous adipose RNA, RE post–pre 24 h"
human_acute|ADIPOSE|RNA|CON_post_vs_pre_15to45min,human_acute,human,ADIPOSE,RNA,CON_post_vs_pre_15to45min,CON post−pre 15-45m,reference (non-exercise),,15-45m,75,False,17287,477,228,249,0.4779874213836478,0.3598185945944361,2,1,1,-0.35936572016863466,0.7193259054539014,236,241,-0.13339621873892485,0.8938815886062585,-0.5274053391036809,0.5979189057956644,0.982898842503021,0.9742399631360711,0.980263417605937,CON post−pre 15-45m,"Human subcutaneous adipose RNA, CON post–pre 15–45 min"
human_acute|ADIPOSE|RNA|CON_post_vs_pre_3.5to4h,human_acute,human,ADIPOSE,RNA,CON_post_vs_pre_3.5to4h,CON post−pre 3.5h,reference (non-exercise),,3.5h,76,False,17287,477,214,263,0.44863731656184486,0.0278605527560941,90,38,52,-1.0909579685491548,0.27530658488945114,236,241,-0.6323541412931688,0.5271638569454516,-1.3748193180091024,0.16920528846952185,0.982898842503021,0.8793009787785794,0.9637427088386779,CON post−pre 3.5h,"Human subcutaneous adipose RNA, CON post–pre 3.5–4 h"
human_acute|ADIPOSE|RNA|CON_post_vs_pre_24h,human_acute,human,ADIPOSE,RNA,CON_post_vs_pre_24h,CON post−pre 24h,reference (non-exercise),,24h,77,False,17287,477,248,229,0.519916142557652,0.40987321121101117,0,0,0,0.39165054500797974,0.6953212639312838,236,241,0.49307595954042904,0.6219651805434783,0.2355522783373417,0.8137828984196093,0.982898842503021,0.8999919260958016,0.9955665781066985,CON post−pre 24h,"Human subcutaneous adipose RNA, CON post–pre 24 h"
human_acute|ADIPOSE|RNA|EE_vs_CON_pre,human_acute,human,ADIPOSE,RNA,EE_vs_CON_pre,EE−CON pre,reference (non-exercise),,pre,78,False,17287,477,209,268,0.4381551362683438,0.007849866347661978,0,0,0,-1.2629617868218426,0.20661994949787668,236,241,-1.3332769187241975,0.18245851608234565,-1.0123371676461523,0.3113910397700688,0.982898842503021,0.6470377629138644,0.9637427088386779,EE−CON pre,"Human subcutaneous adipose RNA, EE–CON pre"
human_acute|ADIPOSE|RNA|EE_vs_RE_pre,human_acute,human,ADIPOSE,RNA,EE_vs_RE_pre,EE−RE pre,reference (non-exercise),,pre,79,False,17287,477,265,212,0.5555555555555556,0.017178440772246107,0,0,0,1.28732848209825,0.19799705711516905,236,241,2.204237512709613,0.027520774436396632,0.21267488318862623,0.8315830668183966,0.982898842503021,0.24068957399323085,0.9955665781066985,EE−RE pre,"Human subcutaneous adipose RNA, EE–RE pre"
human_acute|ADIPOSE|RNA|EE_vs_RE_15to45min,human_acute,human,ADIPOSE,RNA,EE_vs_RE_15to45min,EE−RE 15-45m,reference (non-exercise),,15-45m,80,False,17287,477,226,251,0.47379454926624737,0.2718012701914872,0,0,0,-0.9332138644336672,0.350722593041933,236,241,-3.043924510526775,0.002338646638954058,1.2367754902726389,0.2161872471673759,0.982898842503021,0.03807182007927615,0.9637427088386779,EE−RE 15-45m,"Human subcutaneous adipose RNA, EE–RE 15–45 min"
human_acute|ADIPOSE|RNA|EE_vs_RE_3.5to4h,human_acute,human,ADIPOSE,RNA,EE_vs_RE_3.5to4h,EE−RE 3.5h,reference (non-exercise),,3.5h,81,False,17287,477,223,254,0.46750524109014674,0.16949814574008304,0,0,0,-0.8391015244864986,0.4014239450569791,236,241,-1.287289768997185,0.1980105448621978,-0.28069652772672304,0.7789465316833241,0.982898842503021,0.6769587153588854,0.9955665781066985,EE−RE 3.5h,"Human subcutaneous adipose RNA, EE–RE 3.5–4 h"
human_acute|ADIPOSE|RNA|EE_vs_RE_24h,human_acute,human,ADIPOSE,RNA,EE_vs_RE_24h,EE−RE 24h,reference (non-exercise),,24h,82,False,17287,477,243,234,0.5094339622641509,0.714186566828171,0,0,0,-0.21386285960779947,0.8306565263840271,236,241,-1.8094542924542416,0.07039781864590107,1.346105144374508,0.17828626320511495,0.982898842503021,0.4226679344121428,0.9637427088386779,EE−RE 24h,"Human subcutaneous adipose RNA, EE–RE 24 h"
human_acute|ADIPOSE|RNA|RE_vs_CON_pre,human_acute,human,ADIPOSE,RNA,RE_vs_CON_pre,RE−CON pre,reference (non-exercise),,pre,83,False,17287,477,197,280,0.4129979035639413,0.0001677494484155414,0,0,0,-2.0219459333706187,0.043197312458383846,236,241,-2.807812142240858,0.004993520609216023,-0.9689391438702727,0.33258911096037314,0.6751579947199253,0.0658520530340363,0.9637427088386779,RE−CON pre,"Human subcutaneous adipose RNA, RE–CON pre"
human_acute|ADIPOSE|PROT|EE_vs_CON_3.5to4h,human_acute,human,ADIPOSE,PROT,EE_vs_CON_3.5to4h,EE−CON 3.5h,exercise vs control,,3.5h,84,False,6851,195,102,93,0.5230769230769231,0.5668305073491761,14,8,6,-0.10190838869580429,0.9188323746455402,117,78,-0.8296779542353103,0.4067498051312419,0.9030811309478035,0.3665145975078098,0.9830414245316847,0.8117480248142624,0.9637427088386779,EE−CON 3.5h,"Human subcutaneous adipose protein, EE–CON 3.5–4 h"
human_acute|ADIPOSE|PROT|RE_vs_CON_3.5to4h,human_acute,human,ADIPOSE,PROT,RE_vs_CON_3.5to4h,RE−CON 3.5h,exercise vs control,,3.5h,85,False,6851,195,94,101,0.48205128205128206,0.6675464173424225,0,0,0,0.23850745566191195,0.8114946688668114,117,78,-0.14138278661421802,0.8875717100777409,0.6668740633816281,0.504875043945999,0.982898842503021,0.9742399631360711,0.9637427088386779,RE−CON 3.5h,"Human subcutaneous adipose protein, RE–CON 3.5–4 h"
human_acute|ADIPOSE|PROT|EE_post_vs_pre_3.5to4h,human_acute,human,ADIPOSE,PROT,EE_post_vs_pre_3.5to4h,EE post−pre 3.5h,exercise post−pre,,3.5h,86,False,6851,195,101,94,0.517948717948718,0.6675464173424225,1,1,0,-0.6016693730759438,0.5474141551946465,117,78,-0.878062209783518,0.379940760339725,-0.03520149523738914,0.9719200957732237,0.982898842503021,0.7915087058165204,0.9955665781066985,EE post−pre 3.5h,"Human subcutaneous adipose protein, EE post–pre 3.5–4 h"
human_acute|ADIPOSE|PROT|RE_post_vs_pre_3.5to4h,human_acute,human,ADIPOSE,PROT,RE_post_vs_pre_3.5to4h,RE post−pre 3.5h,exercise post−pre,,3.5h,87,False,6851,195,96,99,0.49230769230769234,0.8861617851303951,0,0,0,-0.22352703123170656,0.82313201392468,117,78,0.4665892876479311,0.6408085930862206,-1.0737748682193948,0.28296142527395035,0.982898842503021,0.9135852239269767,0.9637427088386779,RE post−pre 3.5h,"Human subcutaneous adipose protein, RE post–pre 3.5–4 h"
human_acute|ADIPOSE|PROT|CON_post_vs_pre_3.5to4h,human_acute,human,ADIPOSE,PROT,CON_post_vs_pre_3.5to4h,CON post−pre 3.5h,reference (non-exercise),,3.5h,88,False,6851,195,93,102,0.47692307692307695,0.5668305073491761,6,2,4,-0.44113767542960514,0.6591272544149614,117,78,0.33923924643484527,0.7344399067685939,-1.3407865340656515,0.1800342358196541,0.982898842503021,0.959318485144554,0.9637427088386779,CON post−pre 3.5h,"Human subcutaneous adipose protein, CON post–pre 3.5–4 h"
human_acute|ADIPOSE|PROT|EE_vs_CON_pre,human_acute,human,ADIPOSE,PROT,EE_vs_CON_pre,EE−CON pre,reference (non-exercise),,pre,89,False,6851,195,96,99,0.49230769230769234,0.8861617851303951,23,9,14,-0.6116183624672162,0.5408105865711609,117,78,-0.07979960826657236,0.9363989673058905,-1.1307687524414491,0.25819202938273395,0.982898842503021,0.9840851087959251,0.9637427088386779,EE−CON pre,"Human subcutaneous adipose protein, EE–CON pre"
human_acute|ADIPOSE|PROT|EE_vs_RE_pre,human_acute,human,ADIPOSE,PROT,EE_vs_RE_pre,EE−RE pre,reference (non-exercise),,pre,90,False,6851,195,88,107,0.4512820512820513,0.19726988906173318,21,8,13,-1.0611748687499647,0.2886478559593832,117,78,-1.2125156493039413,0.22535687793431786,-0.5348404676319239,0.5927775397582533,0.982898842503021,0.6957852471357002,0.980263417605937,EE−RE pre,"Human subcutaneous adipose protein, EE–RE pre"
human_acute|ADIPOSE|PROT|EE_vs_RE_3.5to4h,human_acute,human,ADIPOSE,PROT,EE_vs_RE_3.5to4h,EE−RE 3.5h,reference (non-exercise),,3.5h,91,False,6851,195,109,86,0.558974358974359,0.1149218509145531,0,0,0,-0.3161843382833091,0.7518722298085618,117,78,-0.8790403768394601,0.37941022221653775,0.5400257693290139,0.589196818830064,0.982898842503021,0.7915087058165204,0.980263417605937,EE−RE 3.5h,"Human subcutaneous adipose protein, EE–RE 3.5–4 h"
human_acute|ADIPOSE|PROT|RE_vs_CON_pre,human_acute,human,ADIPOSE,PROT,RE_vs_CON_pre,RE−CON pre,reference (non-exercise),,pre,92,False,6851,195,97,98,0.49743589743589745,1.0,1,1,0,0.5645853595207881,0.5723743149306562,117,78,1.444063511382428,0.1487668516629215,-0.7767750619088594,0.43731831792413833,0.982898842503021,0.597901060969075,0.9637427088386779,RE−CON pre,"Human subcutaneous adipose protein, RE–CON pre"
human_acute|ADIPOSE|PHOSPHO|EE_vs_CON_3.5to4h,human_acute,human,ADIPOSE,PHOSPHO,EE_vs_CON_3.5to4h,EE−CON 3.5h,exercise vs control,,3.5h,93,False,2908,88,43,45,0.48863636363636365,0.9151865048428764,12,4,8,0.2523744608643317,0.8007694869002459,43,45,0.06391754562192874,0.949040277577617,0.31923900705115976,0.7495682253553351,0.982898842503021,0.9864408796496412,0.9955665781066985,EE−CON 3.5h,"Human subcutaneous adipose phosphosite, EE–CON 3.5–4 h"
human_acute|ADIPOSE|PHOSPHO|RE_vs_CON_3.5to4h,human_acute,human,ADIPOSE,PHOSPHO,RE_vs_CON_3.5to4h,RE−CON 3.5h,exercise vs control,,3.5h,94,False,2908,88,40,48,0.45454545454545453,0.4557412794379133,2,1,1,-0.31631809714864006,0.7517837946215137,43,45,-0.16182161722426114,0.871457579046528,-0.3597667819981643,0.7190476882702769,0.982898842503021,0.9742399631360711,0.9955665781066985,RE−CON 3.5h,"Human subcutaneous adipose phosphosite, RE–CON 3.5–4 h"
human_acute|ADIPOSE|PHOSPHO|EE_post_vs_pre_3.5to4h,human_acute,human,ADIPOSE,PHOSPHO,EE_post_vs_pre_3.5to4h,EE post−pre 3.5h,exercise post−pre,,3.5h,95,False,2908,88,50,38,0.5681818181818182,0.2407931245390016,6,1,5,0.6397808598979615,0.5223655108691057,43,45,0.8290162099799104,0.4071633212116379,0.21777700597641056,0.8276181509681464,0.982898842503021,0.8117480248142624,0.9955665781066985,EE post−pre 3.5h,"Human subcutaneous adipose phosphosite, EE post–pre 3.5–4 h"
human_acute|ADIPOSE|PHOSPHO|RE_post_vs_pre_3.5to4h,human_acute,human,ADIPOSE,PHOSPHO,RE_post_vs_pre_3.5to4h,RE post−pre 3.5h,exercise post−pre,,3.5h,96,False,2908,88,37,51,0.42045454545454547,0.16544051293398976,2,1,1,-1.0503456871504049,0.29364654467347595,43,45,0.004063969316103701,0.9967577094985048,-1.6557391848634406,0.09788261829475797,0.982898842503021,0.9991253050080025,0.870572895225749,RE post−pre 3.5h,"Human subcutaneous adipose phosphosite, RE post–pre 3.5–4 h"
human_acute|ADIPOSE|PHOSPHO|CON_post_vs_pre_3.5to4h,human_acute,human,ADIPOSE,PHOSPHO,CON_post_vs_pre_3.5to4h,CON post−pre 3.5h,reference (non-exercise),,3.5h,97,False,2908,88,49,39,0.5568181818181818,0.3373990368531198,6,2,4,0.29436888130166494,0.7684970678886678,43,45,0.5264230091776788,0.5986345069516482,-0.013487884860165032,0.9892394770738411,0.982898842503021,0.8832998669006838,0.9955665781066985,CON post−pre 3.5h,"Human subcutaneous adipose phosphosite, CON post–pre 3.5–4 h"
human_acute|ADIPOSE|PHOSPHO|EE_vs_CON_pre,human_acute,human,ADIPOSE,PHOSPHO,EE_vs_CON_pre,EE−CON pre,reference (non-exercise),,pre,98,False,2908,88,42,46,0.4772727272727273,0.7493290032022805,16,6,10,-1.2558591281088582,0.20926800952906047,43,45,-1.3245972326735427,0.18540893021568053,-0.7167579497343753,0.47358106214103246,0.982898842503021,0.6520214045918098,0.9637427088386779,EE−CON pre,"Human subcutaneous adipose phosphosite, EE–CON pre"
human_acute|ADIPOSE|PHOSPHO|EE_vs_RE_pre,human_acute,human,ADIPOSE,PHOSPHO,EE_vs_RE_pre,EE−RE pre,reference (non-exercise),,pre,99,False,2908,88,40,48,0.45454545454545453,0.4557412794379133,18,6,12,-1.1958660695431738,0.2318463962853364,43,45,-2.131440717770971,0.03313653145580846,0.12953610948055555,0.8969424191761779,0.982898842503021,0.27418855439904255,0.9955665781066985,EE−RE pre,"Human subcutaneous adipose phosphosite, EE–RE pre"
human_acute|ADIPOSE|PHOSPHO|EE_vs_RE_3.5to4h,human_acute,human,ADIPOSE,PHOSPHO,EE_vs_RE_3.5to4h,EE−RE 3.5h,reference (non-exercise),,3.5h,100,False,2908,88,59,29,0.6704545454545454,0.0018240286456271994,7,3,4,1.5212261885437246,0.12831188165902466,43,45,1.2242777014206678,0.22094672727546946,1.2353624481183925,0.21679550385015037,0.982898842503021,0.6957852471357002,0.9637427088386779,EE−RE 3.5h,"Human subcutaneous adipose phosphosite, EE–RE 3.5–4 h"
human_acute|ADIPOSE|PHOSPHO|RE_vs_CON_pre,human_acute,human,ADIPOSE,PHOSPHO,RE_vs_CON_pre,RE−CON pre,reference (non-exercise),,pre,101,False,2908,88,41,47,0.4659090909090909,0.59428829514694,3,0,3,-0.5461891421232627,0.584977857168441,43,45,0.6979622904267333,0.4852566190901799,-1.5101393983796383,0.13111657748712832,0.982898842503021,0.8461912944465121,0.9378168762638669,RE−CON pre,"Human subcutaneous adipose phosphosite, RE–CON pre"
human_acute|BLOOD|RNA|EE_vs_CON_during20min,human_acute,human,BLOOD,RNA,EE_vs_CON_during20min,EE−CON 20m-during,exercise vs control,,20m-during,102,False,16974,493,278,215,0.563894523326572,0.0051808970747563975,108,61,47,1.1500051589841445,0.2501579502834425,249,244,4.356244178154806,1.3308935836926075e-05,-2.178762423227503,0.02936303137851767,0.982898842503021,0.0003856900768582161,0.5275742127832198,EE−CON 20m-during,"Human blood RNA, EE–CON 20 min during"
human_acute|BLOOD|RNA|EE_vs_CON_during40min,human_acute,human,BLOOD,RNA,EE_vs_CON_during40min,EE−CON 40m-during,exercise vs control,,40m-during,103,False,16974,493,266,227,0.539553752535497,0.08689804449888121,92,58,34,0.7268588212575876,0.4673224701552643,249,244,1.9863182128571344,0.04701405872550968,-0.6009396673346916,0.5478881967245068,0.982898842503021,0.3257416122646353,0.9714656261249659,EE−CON 40m-during,"Human blood RNA, EE–CON 40 min during"
human_acute|BLOOD|RNA|EE_vs_CON_10min,human_acute,human,BLOOD,RNA,EE_vs_CON_10min,EE−CON 10m,exercise vs control,,10m,104,False,16974,493,242,251,0.4908722109533469,0.7186611559990183,30,20,10,-0.08782722715396352,0.9300150334191072,249,244,-0.8798908585103535,0.37893089564884797,0.7204066024931928,0.47128460752227885,0.9830414245316847,0.7915087058165204,0.9637427088386779,EE−CON 10m,"Human blood RNA, EE–CON 10 min"
human_acute|BLOOD|RNA|EE_vs_CON_15to45min,human_acute,human,BLOOD,RNA,EE_vs_CON_15to45min,EE−CON 15-45m,exercise vs control,,15-45m,105,False,16974,493,226,267,0.45841784989858014,0.071514864939374,60,29,31,-1.381458830168261,0.16715611358350524,249,244,-4.521796618306575,6.173192291144143e-06,1.932339716293017,0.05333421000788769,0.982898842503021,0.00023682610426025712,0.7260334394622131,EE−CON 15-45m,"Human blood RNA, EE–CON 15–45 min"
human_acute|BLOOD|RNA|EE_vs_CON_3.5to4h,human_acute,human,BLOOD,RNA,EE_vs_CON_3.5to4h,EE−CON 3.5h,exercise vs control,,3.5h,106,False,16974,493,225,268,0.4563894523326572,0.058436281568557416,99,38,61,-1.7220242743950853,0.08508334128207137,249,244,-2.390394672823437,0.01684111181682588,-0.7959035296197785,0.4260992411378811,0.982898842503021,0.17767372966751305,0.9637427088386779,EE−CON 3.5h,"Human blood RNA, EE–CON 3.5–4 h"
human_acute|BLOOD|RNA|EE_vs_CON_24h,human_acute,human,BLOOD,RNA,EE_vs_CON_24h,EE−CON 24h,exercise vs control,,24h,107,False,16974,493,219,274,0.44421906693711966,0.014930260250881556,0,0,0,-0.9269700512357851,0.35395526544336653,249,244,-0.8765390770630046,0.38074944853259163,-0.8580205754710484,0.3908932185129287,0.982898842503021,0.7915087058165204,0.9637427088386779,EE−CON 24h,"Human blood RNA, EE–CON 24 h"
human_acute|BLOOD|RNA|RE_vs_CON_10min,human_acute,human,BLOOD,RNA,RE_vs_CON_10min,RE−CON 10m,exercise vs control,,10m,108,False,16974,493,240,253,0.486815415821501,0.5889295663615083,62,36,26,-0.24378352576243884,0.8074014265583049,249,244,-1.477483173043472,0.13956472106660345,1.0275052742689834,0.30419724657164,0.982898842503021,0.5769678700619255,0.9637427088386779,RE−CON 10m,"Human blood RNA, RE–CON 10 min"
human_acute|BLOOD|RNA|RE_vs_CON_15to45min,human_acute,human,BLOOD,RNA,RE_vs_CON_15to45min,RE−CON 15-45m,exercise vs control,,15-45m,109,False,16974,493,211,282,0.4279918864097363,0.0015916115975305016,126,54,72,-2.1628738306011366,0.0305648031370234,249,244,-5.250229119556817,1.5374100717423693e-07,1.222529588869724,0.2215243982430023,0.586288496537449,1.0813117504587996e-05,0.9637427088386779,RE−CON 15-45m,"Human blood RNA, RE–CON 15–45 min"
human_acute|BLOOD|RNA|RE_vs_CON_3.5to4h,human_acute,human,BLOOD,RNA,RE_vs_CON_3.5to4h,RE−CON 3.5h,exercise vs control,,3.5h,110,False,16974,493,225,268,0.4563894523326572,0.058436281568557416,145,56,89,-1.926452673935895,0.05406455458819347,249,244,-2.5690998698454885,0.010204771209486997,-0.9972719432294742,0.3186467463227459,0.8148300727220587,0.12304038429724322,0.9637427088386779,RE−CON 3.5h,"Human blood RNA, RE–CON 3.5–4 h"
human_acute|BLOOD|RNA|RE_vs_CON_24h,human_acute,human,BLOOD,RNA,RE_vs_CON_24h,RE−CON 24h,exercise vs control,,24h,111,False,16974,493,217,276,0.44016227180527384,0.008928695654032053,0,0,0,-1.6891163080991,0.09121551159996316,249,244,-3.446888232073822,0.000568456922347197,0.2867110369737311,0.7743370857841304,0.982898842503021,0.011994441061525859,0.9955665781066985,RE−CON 24h,"Human blood RNA, RE–CON 24 h"
human_acute|BLOOD|RNA|EE_post_vs_pre_during20min,human_acute,human,BLOOD,RNA,EE_post_vs_pre_during20min,EE post−pre 20m-during,exercise post−pre,,20m-during,112,False,16974,493,275,218,0.5578093306288032,0.011589308299194186,179,105,74,1.3546330585859783,0.17555252756341438,249,244,4.733024318971677,2.229832951863071e-06,-2.1702171605178098,0.030004220632221034,0.982898842503021,0.00010455438952069066,0.5275742127832198,EE post−pre 20m-during,"Human blood RNA, EE post–pre 20 min during"
human_acute|BLOOD|RNA|EE_post_vs_pre_during40min,human_acute,human,BLOOD,RNA,EE_post_vs_pre_during40min,EE post−pre 40m-during,exercise post−pre,,40m-during,113,False,16974,493,270,223,0.5476673427991886,0.038182364880832036,196,108,88,0.9809859660916082,0.3266136454680867,249,244,3.043031741042072,0.002345657161282417,-1.192557650948046,0.23305933230432457,0.982898842503021,0.03807182007927615,0.9637427088386779,EE post−pre 40m-during,"Human blood RNA, EE post–pre 40 min during"
human_acute|BLOOD|RNA|EE_post_vs_pre_10min,human_acute,human,BLOOD,RNA,EE_post_vs_pre_10min,EE post−pre 10m,exercise post−pre,,10m,114,False,16974,493,234,259,0.4746450304259635,0.27972560594266427,190,91,99,-0.7430185008492802,0.45748076378860825,249,244,-1.4959646839061744,0.13468145247518024,0.1221613639125974,0.902772670694191,0.982898842503021,0.5769678700619255,0.9955665781066985,EE post−pre 10m,"Human blood RNA, EE post–pre 10 min"
human_acute|BLOOD|RNA|EE_post_vs_pre_15to45min,human_acute,human,BLOOD,RNA,EE_post_vs_pre_15to45min,EE post−pre 15-45m,exercise post−pre,,15-45m,115,False,16974,493,216,277,0.4381338742393509,0.0068271972603896345,247,98,149,-1.6984226624662122,0.0894463473353375,249,244,-4.349740679903492,1.3709362921500573e-05,1.175809595825515,0.23968746411675432,0.982898842503021,0.0003856900768582161,0.9637427088386779,EE post−pre 15-45m,"Human blood RNA, EE post–pre 15–45 min"
human_acute|BLOOD|RNA|EE_post_vs_pre_3.5to4h,human_acute,human,BLOOD,RNA,EE_post_vs_pre_3.5to4h,EE post−pre 3.5h,exercise post−pre,,3.5h,116,False,16974,493,248,245,0.5030425963488844,0.9282392782325695,231,101,130,-1.6321027959075165,0.10267638488211377,249,244,-1.8659275922760026,0.06206873313945645,-1.1456556380332423,0.2519538198154588,0.982898842503021,0.39547532588734446,0.9637427088386779,EE post−pre 3.5h,"Human blood RNA, EE post–pre 3.5–4 h"
human_acute|BLOOD|RNA|EE_post_vs_pre_24h,human_acute,human,BLOOD,RNA,EE_post_vs_pre_24h,EE post−pre 24h,exercise post−pre,,24h,117,False,16974,493,191,302,0.38742393509127787,6.550734268485042e-07,0,0,0,-2.8659277156733864,0.00416300176172357,249,244,-1.9632459798745456,0.04963390337181841,-3.3272947994398003,0.0008787986105024878,0.1171191162298231,0.33783076165979625,0.04096400906715032,EE post−pre 24h,"Human blood RNA, EE post–pre 24 h"
human_acute|BLOOD|RNA|RE_post_vs_pre_10min,human_acute,human,BLOOD,RNA,RE_post_vs_pre_10min,RE post−pre 10m,exercise post−pre,,10m,118,False,16974,493,245,248,0.4969574036511156,0.9282392782325695,234,114,120,-0.841173321023546,0.4002626952844819,249,244,-1.985671525947074,0.047085872862897525,0.42872170743269644,0.6681312024145885,0.982898842503021,0.3257416122646353,0.9820514130249679,RE post−pre 10m,"Human blood RNA, RE post–pre 10 min"
human_acute|BLOOD|RNA|RE_post_vs_pre_15to45min,human_acute,human,BLOOD,RNA,RE_post_vs_pre_15to45min,RE post−pre 15-45m,exercise post−pre,,15-45m,119,False,16974,493,212,281,0.4300202839756592,0.002162670971075285,293,124,169,-2.304240126329301,0.021221183891926187,249,244,-4.940390635669214,7.870839000020781e-07,0.6527484997599328,0.5139272710518363,0.47133366328383425,4.151867572510962e-05,0.9637427088386779,RE post−pre 15-45m,"Human blood RNA, RE post–pre 15–45 min"
human_acute|BLOOD|RNA|RE_post_vs_pre_3.5to4h,human_acute,human,BLOOD,RNA,RE_post_vs_pre_3.5to4h,RE post−pre 3.5h,exercise post−pre,,3.5h,120,False,16974,493,233,260,0.4726166328600406,0.24157701220141184,281,127,154,-1.8343560765656624,0.06661865095622418,249,244,-2.101531302215281,0.035609055940978254,-1.2864532050315027,0.19830248793880595,0.8785334594852064,0.28723471850432564,0.9637427088386779,RE post−pre 3.5h,"Human blood RNA, RE post–pre 3.5–4 h"
human_acute|BLOOD|RNA|RE_post_vs_pre_24h,human_acute,human,BLOOD,RNA,RE_post_vs_pre_24h,RE post−pre 24h,exercise post−pre,,24h,121,False,16974,493,200,293,0.4056795131845842,3.2537209143354365e-05,36,5,31,-3.2165804349050533,0.0012997135302954088,249,244,-4.676708830181685,2.9376128803375564e-06,-1.2870623558650989,0.1980901076146147,0.045706592482055206,0.0001239672635502449,0.9637427088386779,RE post−pre 24h,"Human blood RNA, RE post–pre 24 h"
human_acute|BLOOD|RNA|CON_post_vs_pre_during20min,human_acute,human,BLOOD,RNA,CON_post_vs_pre_during20min,CON post−pre 20m-during,reference (non-exercise),,20m-during,122,False,16974,493,238,255,0.4827586206896552,0.47118959918278547,0,0,0,-0.026549942889733332,0.97881901110317,249,244,-0.935932440172378,0.3493212901005528,0.8739479064379035,0.38215898949891225,0.9952237881535614,0.7677790855335066,0.9637427088386779,CON post−pre 20m-during,"Human blood RNA, CON post–pre 20 min during"
human_acute|BLOOD|RNA|CON_post_vs_pre_during40min,human_acute,human,BLOOD,RNA,CON_post_vs_pre_during40min,CON post−pre 40m-during,reference (non-exercise),,40m-during,123,False,16974,493,215,278,0.43610547667342797,0.0051808970747563975,16,7,9,0.2498144033581156,0.8027339040061569,249,244,1.4053894255738257,0.15992381362555186,-0.9604891834019074,0.3368227552853992,0.982898842503021,0.6191545811925036,0.9637427088386779,CON post−pre 40m-during,"Human blood RNA, CON post–pre 40 min during"
human_acute|BLOOD|RNA|CON_post_vs_pre_10min,human_acute,human,BLOOD,RNA,CON_post_vs_pre_10min,CON post−pre 10m,reference (non-exercise),,10m,124,False,16974,493,247,246,0.5010141987829615,1.0,6,2,4,-0.9882166559318399,0.32306064052183503,249,244,-0.816685145845965,0.4141198451038953,-1.013968389648954,0.3106122905131501,0.982898842503021,0.8117480248142624,0.9637427088386779,CON post−pre 10m,"Human blood RNA, CON post–pre 10 min"
human_acute|BLOOD|RNA|CON_post_vs_pre_15to45min,human_acute,human,BLOOD,RNA,CON_post_vs_pre_15to45min,CON post−pre 15-45m,reference (non-exercise),,15-45m,125,False,16974,493,241,252,0.48884381338742394,0.6524822884106531,13,3,10,-0.9765671100132224,0.3287974275647999,249,244,-1.0142019011668917,0.31050087949136135,-0.8000302460157249,0.42370447082041063,0.982898842503021,0.7410827778948017,0.9637427088386779,CON post−pre 15-45m,"Human blood RNA, CON post–pre 15–45 min"
human_acute|BLOOD|RNA|CON_post_vs_pre_3.5to4h,human_acute,human,BLOOD,RNA,CON_post_vs_pre_3.5to4h,CON post−pre 3.5h,reference (non-exercise),,3.5h,126,False,16974,493,268,225,0.5436105476673428,0.058436281568557416,9,1,8,0.06852320781225027,0.9453699535580358,249,244,1.1112480327044358,0.2664773431160421,-0.9697318695271832,0.33219397961815944,0.9894985847029067,0.7176344713340737,0.9637427088386779,CON post−pre 3.5h,"Human blood RNA, CON post–pre 3.5–4 h"
human_acute|BLOOD|RNA|CON_post_vs_pre_24h,human_acute,human,BLOOD,RNA,CON_post_vs_pre_24h,CON post−pre 24h,reference (non-exercise),,24h,127,False,16974,493,222,271,0.45030425963488846,0.030529063028520334,2,1,1,-1.2996831790568597,0.19372722998204858,249,244,-0.5414604596646682,0.5881973515885837,-1.832908706964981,0.06683365585676032,0.982898842503021,0.8832998669006838,0.7622649397716987,CON post−pre 24h,"Human blood RNA, CON post–pre 24 h"
human_acute|BLOOD|RNA|EE_vs_CON_pre,human_acute,human,BLOOD,RNA,EE_vs_CON_pre,EE−CON pre,reference (non-exercise),,pre,128,False,16974,493,236,257,0.4787018255578093,0.3677342603750124,0,0,0,-0.3059117545603378,0.7596755879567443,249,244,-0.8483658654586208,0.396246211097006,0.2823066941298681,0.7777117954747335,0.982898842503021,0.8117480248142624,0.9955665781066985,EE−CON pre,"Human blood RNA, EE–CON pre"
human_acute|BLOOD|RNA|EE_vs_RE_pre,human_acute,human,BLOOD,RNA,EE_vs_RE_pre,EE−RE pre,reference (non-exercise),,pre,129,False,16974,493,258,235,0.5233265720081136,0.32177022627876584,0,0,0,0.02372319032389304,0.9810736869001933,249,244,-1.9459980802116756,0.05167145324419703,1.9767984872639504,0.048080573008803404,0.9952237881535614,0.34611671855636744,0.6996552348177598,EE−RE pre,"Human blood RNA, EE–RE pre"
human_acute|BLOOD|RNA|EE_vs_RE_10min,human_acute,human,BLOOD,RNA,EE_vs_RE_10min,EE−RE 10m,reference (non-exercise),,10m,130,False,16974,493,244,249,0.4949290060851927,0.8570572719632645,1,1,0,0.26231561475702997,0.7930813082351842,249,244,1.2067852737590932,0.22753166849461287,-0.7186184966197527,0.4723859064023501,0.982898842503021,0.6957852471357002,0.9637427088386779,EE−RE 10m,"Human blood RNA, EE–RE 10 min"
human_acute|BLOOD|RNA|EE_vs_RE_15to45min,human_acute,human,BLOOD,RNA,EE_vs_RE_15to45min,EE−RE 15-45m,reference (non-exercise),,15-45m,131,False,16974,493,256,237,0.5192697768762677,0.41757711591397956,5,4,1,1.8688816770852483,0.061656489167839425,249,244,2.671377683536694,0.007561267209314697,0.7747112612985974,0.4385210876857214,0.8785334594852064,0.09384866948031771,0.9637427088386779,EE−RE 15-45m,"Human blood RNA, EE–RE 15–45 min"
human_acute|BLOOD|RNA|EE_vs_RE_3.5to4h,human_acute,human,BLOOD,RNA,EE_vs_RE_3.5to4h,EE−RE 3.5h,reference (non-exercise),,3.5h,132,False,16974,493,266,227,0.539553752535497,0.08689804449888121,0,0,0,1.3259387192192595,0.1848778410890517,249,244,1.5322975666686998,0.1254676599854435,0.9250553322023441,0.3549502785246734,0.982898842503021,0.5769678700619255,0.9637427088386779,EE−RE 3.5h,"Human blood RNA, EE–RE 3.5–4 h"
human_acute|BLOOD|RNA|EE_vs_RE_24h,human_acute,human,BLOOD,RNA,EE_vs_RE_24h,EE−RE 24h,reference (non-exercise),,24h,133,False,16974,493,259,234,0.5253549695740365,0.27972560594266427,0,0,0,1.1786720753915563,0.23854530349555933,249,244,3.2874518241633788,0.0010130390280687256,-1.0856662332493634,0.2776421049768402,0.982898842503021,0.018587063906304446,0.9637427088386779,EE−RE 24h,"Human blood RNA, EE–RE 24 h"
human_acute|BLOOD|RNA|RE_vs_CON_pre,human_acute,human,BLOOD,RNA,RE_vs_CON_pre,RE−CON pre,reference (non-exercise),,pre,134,False,16974,493,236,257,0.4787018255578093,0.3677342603750124,0,0,0,-0.24327686469505858,0.8077938655176974,249,244,0.921602320901784,0.3567491473996046,-1.3609771065573741,0.17353899472586892,0.982898842503021,0.7706440246519707,0.9637427088386779,RE−CON pre,"Human blood RNA, RE–CON pre"
human_acute|BLOOD|PROT_OLINK|EE_vs_CON_during20min,human_acute,human,BLOOD,PROT_OLINK,EE_vs_CON_during20min,EE−CON 20m-during,exercise vs control,,20m-during,135,False,1405,40,19,21,0.475,0.8746293123804207,1,1,0,-3.26367486420613,0.001126259017145469,21,19,-5.580400557348061,2.8761258865657423e-08,0.7087975615433576,0.4785678652249824,0.043207391385035265,2.4274502482614867e-06,0.9637427088386779,EE−CON 20m-during,"Human blood plasma protein (Olink), EE–CON 20 min during"
human_acute|BLOOD|PROT_OLINK|EE_vs_CON_during40min,human_acute,human,BLOOD,PROT_OLINK,EE_vs_CON_during40min,EE−CON 40m-during,exercise vs control,,40m-during,136,False,1405,40,20,20,0.5,1.0,4,2,2,-4.090479922964548,4.549582379726829e-05,21,19,-6.548404964600398,8.138134593922771e-11,0.4147873068031116,0.6783610270120388,0.003839847528489444,1.1447642662118031e-08,0.9859947408180489,EE−CON 40m-during,"Human blood plasma protein (Olink), EE–CON 40 min during"
human_acute|BLOOD|PROT_OLINK|EE_vs_CON_10min,human_acute,human,BLOOD,PROT_OLINK,EE_vs_CON_10min,EE−CON 10m,exercise vs control,,10m,137,False,1405,40,23,17,0.575,0.42959050784338615,0,0,0,0.9020116072475519,0.36720552427133335,21,19,2.0012889189038225,0.04555356736068395,-0.6482306537939709,0.5169418503526884,0.982898842503021,0.3257416122646353,0.9637427088386779,EE−CON 10m,"Human blood plasma protein (Olink), EE–CON 10 min"
human_acute|BLOOD|PROT_OLINK|EE_vs_CON_15to45min,human_acute,human,BLOOD,PROT_OLINK,EE_vs_CON_15to45min,EE−CON 15-45m,exercise vs control,,15-45m,138,False,1405,40,17,23,0.425,0.42959050784338615,0,0,0,0.5193951925329422,0.6035671082077392,21,19,0.036067244932799364,0.9712338708078112,0.7722893564391197,0.44007313754019783,0.982898842503021,0.9915834839313636,0.9637427088386779,EE−CON 15-45m,"Human blood plasma protein (Olink), EE–CON 15–45 min"
human_acute|BLOOD|PROT_OLINK|EE_vs_CON_3.5to4h,human_acute,human,BLOOD,PROT_OLINK,EE_vs_CON_3.5to4h,EE−CON 3.5h,exercise vs control,,3.5h,139,False,1405,40,20,20,0.5,1.0,0,0,0,0.8385841561956191,0.40184555122152843,21,19,1.2804486061900677,0.20059905403959025,-0.03352931674964341,0.9732572568576219,0.982898842503021,0.6769587153588854,0.9955665781066985,EE−CON 3.5h,"Human blood plasma protein (Olink), EE–CON 3.5–4 h"
human_acute|BLOOD|PROT_OLINK|EE_vs_CON_24h,human_acute,human,BLOOD,PROT_OLINK,EE_vs_CON_24h,EE−CON 24h,exercise vs control,,24h,140,False,1405,40,17,23,0.425,0.42959050784338615,0,0,0,-0.6742701335345711,0.5002506671340484,21,19,-1.1032351098861513,0.27011427027227825,0.10835054762898365,0.9137331203292893,0.982898842503021,0.7176344713340737,0.9955665781066985,EE−CON 24h,"Human blood plasma protein (Olink), EE–CON 24 h"
human_acute|BLOOD|PROT_OLINK|RE_vs_CON_10min,human_acute,human,BLOOD,PROT_OLINK,RE_vs_CON_10min,RE−CON 10m,exercise vs control,,10m,141,False,1405,40,21,19,0.525,0.8746293123804207,0,0,0,-1.4052636477923266,0.16016427673032496,21,19,-3.3682435436888243,0.0007769864182692505,1.3029606098431694,0.1928020133107591,0.982898842503021,0.015022999979623971,0.9637427088386779,RE−CON 10m,"Human blood plasma protein (Olink), RE–CON 10 min"
human_acute|BLOOD|PROT_OLINK|RE_vs_CON_15to45min,human_acute,human,BLOOD,PROT_OLINK,RE_vs_CON_15to45min,RE−CON 15-45m,exercise vs control,,15-45m,142,False,1405,40,21,19,0.525,0.8746293123804207,0,0,0,0.5871372634272783,0.5572059914718563,21,19,-0.5425844814184902,0.5875021008874396,1.4635983169932791,0.14352773087122686,0.982898842503021,0.8832998669006838,0.9463859754321521,RE−CON 15-45m,"Human blood plasma protein (Olink), RE–CON 15–45 min"
human_acute|BLOOD|PROT_OLINK|RE_vs_CON_3.5to4h,human_acute,human,BLOOD,PROT_OLINK,RE_vs_CON_3.5to4h,RE−CON 3.5h,exercise vs control,,3.5h,143,False,1405,40,17,23,0.425,0.42959050784338615,0,0,0,0.9015233005249232,0.3674648824385873,21,19,0.5763920669029429,0.5644426591845306,0.7803924985610586,0.4352915212650329,0.982898842503021,0.8832998669006838,0.9637427088386779,RE−CON 3.5h,"Human blood plasma protein (Olink), RE–CON 3.5–4 h"
human_acute|BLOOD|PROT_OLINK|RE_vs_CON_24h,human_acute,human,BLOOD,PROT_OLINK,RE_vs_CON_24h,RE−CON 24h,exercise vs control,,24h,144,False,1405,40,17,23,0.425,0.42959050784338615,0,0,0,-0.19972907736480688,0.8417214148962886,21,19,-1.1011978361110482,0.27099944742769566,0.8030916225044873,0.4220578067521704,0.982898842503021,0.7176344713340737,0.9637427088386779,RE−CON 24h,"Human blood plasma protein (Olink), RE–CON 24 h"
human_acute|BLOOD|PROT_OLINK|EE_post_vs_pre_during20min,human_acute,human,BLOOD,PROT_OLINK,EE_post_vs_pre_during20min,EE post−pre 20m-during,exercise post−pre,,20m-during,145,False,1405,40,19,21,0.475,0.8746293123804207,10,7,3,-4.6710335983949145,3.284174470876906e-06,21,19,-8.091525727915336,1.2643657084471613e-15,1.0570742351662996,0.2906596832702412,0.0013859216267100543,5.33562328964702e-13,0.9637427088386779,EE post−pre 20m-during,"Human blood plasma protein (Olink), EE post–pre 20 min during"
human_acute|BLOOD|PROT_OLINK|EE_post_vs_pre_during40min,human_acute,human,BLOOD,PROT_OLINK,EE_post_vs_pre_during40min,EE post−pre 40m-during,exercise post−pre,,40m-during,146,False,1405,40,22,18,0.55,0.6358280026288412,12,7,5,-4.378187400162176,1.2854565149367389e-05,21,19,-7.159784731804299,1.2992612502300907e-12,0.5784465817983098,0.5630554907669244,0.0024730040082179463,2.7414412379854913e-10,0.9787355359820828,EE post−pre 40m-during,"Human blood plasma protein (Olink), EE post–pre 40 min during"
human_acute|BLOOD|PROT_OLINK|EE_post_vs_pre_10min,human_acute,human,BLOOD,PROT_OLINK,EE_post_vs_pre_10min,EE post−pre 10m,exercise post−pre,,10m,147,False,1405,40,24,16,0.6,0.26818725105476915,0,0,0,-0.48485310224284806,0.6278562405705547,21,19,0.15391963701504366,0.87769523663572,-0.8807714594301537,0.3785923802892045,0.982898842503021,0.9742399631360711,0.9637427088386779,EE post−pre 10m,"Human blood plasma protein (Olink), EE post–pre 10 min"
human_acute|BLOOD|PROT_OLINK|EE_post_vs_pre_15to45min,human_acute,human,BLOOD,PROT_OLINK,EE_post_vs_pre_15to45min,EE post−pre 15-45m,exercise post−pre,,15-45m,148,False,1405,40,17,23,0.425,0.42959050784338615,0,0,0,1.575517612549767,0.11536246329742256,21,19,2.3397513388833286,0.01943619911813079,0.0198245501077993,0.9841861524284854,0.982898842503021,0.200031258584312,0.9955665781066985,EE post−pre 15-45m,"Human blood plasma protein (Olink), EE post–pre 15–45 min"
human_acute|BLOOD|PROT_OLINK|EE_post_vs_pre_3.5to4h,human_acute,human,BLOOD,PROT_OLINK,EE_post_vs_pre_3.5to4h,EE post−pre 3.5h,exercise post−pre,,3.5h,149,False,1405,40,23,17,0.575,0.42959050784338615,0,0,0,0.6871404350746089,0.49210779864562226,21,19,1.2087760429294214,0.22695257339429542,-0.18939399383363717,0.8498114261169889,0.982898842503021,0.6957852471357002,0.9955665781066985,EE post−pre 3.5h,"Human blood plasma protein (Olink), EE post–pre 3.5–4 h"
human_acute|BLOOD|PROT_OLINK|EE_post_vs_pre_24h,human_acute,human,BLOOD,PROT_OLINK,EE_post_vs_pre_24h,EE post−pre 24h,exercise post−pre,,24h,150,False,1405,40,24,16,0.6,0.26818725105476915,0,0,0,0.7840868722269916,0.4331214923675131,21,19,2.426368308084965,0.015376113474739654,-1.2593273415037096,0.20812158867597016,0.982898842503021,0.16637743298308036,0.9637427088386779,EE post−pre 24h,"Human blood plasma protein (Olink), EE post–pre 24 h"
human_acute|BLOOD|PROT_OLINK|RE_post_vs_pre_10min,human_acute,human,BLOOD,PROT_OLINK,RE_post_vs_pre_10min,RE post−pre 10m,exercise post−pre,,10m,151,False,1405,40,17,23,0.425,0.42959050784338615,6,3,3,-3.017940549084073,0.0025908564128790906,21,19,-5.868574325856057,5.476905098719293e-09,1.3556028807356868,0.17544372439332181,0.08410318509499817,5.778134879148855e-07,0.9637427088386779,RE post−pre 10m,"Human blood plasma protein (Olink), RE post–pre 10 min"
human_acute|BLOOD|PROT_OLINK|RE_post_vs_pre_15to45min,human_acute,human,BLOOD,PROT_OLINK,RE_post_vs_pre_15to45min,RE post−pre 15-45m,exercise post−pre,,15-45m,152,False,1405,40,18,22,0.45,0.6358280026288412,0,0,0,1.520882763280242,0.12851458693074308,21,19,1.2073385609422456,0.2275052853233125,1.0864308462693681,0.2774750414601561,0.982898842503021,0.6957852471357002,0.9637427088386779,RE post−pre 15-45m,"Human blood plasma protein (Olink), RE post–pre 15–45 min"
human_acute|BLOOD|PROT_OLINK|RE_post_vs_pre_3.5to4h,human_acute,human,BLOOD,PROT_OLINK,RE_post_vs_pre_3.5to4h,RE post−pre 3.5h,exercise post−pre,,3.5h,153,False,1405,40,17,23,0.425,0.42959050784338615,0,0,0,0.8620563357494513,0.38880383383899153,21,19,0.34643143266892046,0.7290704529788514,0.9562737760770708,0.3390986768377712,0.982898842503021,0.959318485144554,0.9637427088386779,RE post−pre 3.5h,"Human blood plasma protein (Olink), RE post–pre 3.5–4 h"
human_acute|BLOOD|PROT_OLINK|RE_post_vs_pre_24h,human_acute,human,BLOOD,PROT_OLINK,RE_post_vs_pre_24h,RE post−pre 24h,exercise post−pre,,24h,154,False,1405,40,19,21,0.475,0.8746293123804207,0,0,0,1.325461036678977,0.18523407237734052,21,19,1.9982157225873223,0.045885994759965125,-0.040767408451170405,0.9674871224240438,0.982898842503021,0.3257416122646353,0.9955665781066985,RE post−pre 24h,"Human blood plasma protein (Olink), RE post–pre 24 h"
human_acute|BLOOD|PROT_OLINK|CON_post_vs_pre_during20min,human_acute,human,BLOOD,PROT_OLINK,CON_post_vs_pre_during20min,CON post−pre 20m-during,reference (non-exercise),,20m-during,155,False,1405,40,20,20,0.5,1.0,1,1,0,-1.4107799447872844,0.1585311939866289,21,19,-2.432698818962209,0.015111055137226045,0.3379935137945943,0.7354186418725582,0.982898842503021,0.16637743298308036,0.9955665781066985,CON post−pre 20m-during,"Human blood plasma protein (Olink), CON post–pre 20 min during"
human_acute|BLOOD|PROT_OLINK|CON_post_vs_pre_during40min,human_acute,human,BLOOD,PROT_OLINK,CON_post_vs_pre_during40min,CON post−pre 40m-during,reference (non-exercise),,40m-during,156,False,1405,40,15,25,0.375,0.1538599441628321,0,0,0,0.23732559892683266,0.8124388534197712,21,19,0.19922880472016583,0.8421126363839606,0.1507286571685701,0.880211433495137,0.982898842503021,0.9742399631360711,0.9955665781066985,CON post−pre 40m-during,"Human blood plasma protein (Olink), CON post–pre 40 min during"
human_acute|BLOOD|PROT_OLINK|CON_post_vs_pre_10min,human_acute,human,BLOOD,PROT_OLINK,CON_post_vs_pre_10min,CON post−pre 10m,reference (non-exercise),,10m,157,False,1405,40,18,22,0.45,0.6358280026288412,0,0,0,-2.134169721466113,0.033001845891398436,21,19,-2.995808756463562,0.002785196126935973,-0.2074639152195662,0.8356776789468503,0.5920206672983145,0.04353158390988818,0.9955665781066985,CON post−pre 10m,"Human blood plasma protein (Olink), CON post–pre 10 min"
human_acute|BLOOD|PROT_OLINK|CON_post_vs_pre_15to45min,human_acute,human,BLOOD,PROT_OLINK,CON_post_vs_pre_15to45min,CON post−pre 15-45m,reference (non-exercise),,15-45m,158,False,1405,40,18,22,0.45,0.6358280026288412,0,0,0,0.8253446594415618,0.40931625417681095,21,19,2.2801638742822212,0.02274744382870896,-1.088390424819459,0.27660971051783617,0.982898842503021,0.21068855279721285,0.9637427088386779,CON post−pre 15-45m,"Human blood plasma protein (Olink), CON post–pre 15–45 min"
human_acute|BLOOD|PROT_OLINK|CON_post_vs_pre_3.5to4h,human_acute,human,BLOOD,PROT_OLINK,CON_post_vs_pre_3.5to4h,CON post−pre 3.5h,reference (non-exercise),,3.5h,159,False,1405,40,20,20,0.5,1.0,0,0,0,-0.3669280885734121,0.7137279915272499,21,19,-0.40820144250750584,0.6831880769022352,-0.1395704191471634,0.8890194459522514,0.982898842503021,0.9452635031237482,0.9955665781066985,CON post−pre 3.5h,"Human blood plasma protein (Olink), CON post–pre 3.5–4 h"
human_acute|BLOOD|PROT_OLINK|CON_post_vs_pre_24h,human_acute,human,BLOOD,PROT_OLINK,CON_post_vs_pre_24h,CON post−pre 24h,reference (non-exercise),,24h,160,False,1405,40,21,19,0.525,0.8746293123804207,0,0,0,1.3515344477675604,0.17674215976628962,21,19,3.1802684544372846,0.0015035686524967032,-1.175475892098909,0.24000381379495792,0.982898842503021,0.026437748806400364,0.9637427088386779,CON post−pre 24h,"Human blood plasma protein (Olink), CON post–pre 24 h"
human_acute|BLOOD|PROT_OLINK|EE_vs_CON_pre,human_acute,human,BLOOD,PROT_OLINK,EE_vs_CON_pre,EE−CON pre,reference (non-exercise),,pre,161,False,1405,40,16,24,0.4,0.26818725105476915,0,0,0,-0.6167152338890565,0.537522628728516,21,19,-1.8071269517059856,0.07095662550234819,0.9122718819592592,0.3617823371840875,0.982898842503021,0.4226679344121428,0.9637427088386779,EE−CON pre,"Human blood plasma protein (Olink), EE–CON pre"
human_acute|BLOOD|PROT_OLINK|EE_vs_RE_pre,human_acute,human,BLOOD,PROT_OLINK,EE_vs_RE_pre,EE−RE pre,reference (non-exercise),,pre,162,False,1405,40,15,25,0.375,0.1538599441628321,0,0,0,0.2519503710988795,0.8011163258865798,21,19,0.5629117310777194,0.5735849304183582,-0.22196007681724184,0.8243772653486068,0.982898842503021,0.8832998669006838,0.9955665781066985,EE−RE pre,"Human blood plasma protein (Olink), EE–RE pre"
human_acute|BLOOD|PROT_OLINK|EE_vs_RE_10min,human_acute,human,BLOOD,PROT_OLINK,EE_vs_RE_10min,EE−RE 10m,reference (non-exercise),,10m,163,False,1405,40,21,19,0.525,0.8746293123804207,0,0,0,2.236196544783247,0.025495586536797368,21,19,5.243605585620753,1.815931775966203e-07,-1.905816628231836,0.05687820293034237,0.5379568759264245,1.0947474420824823e-05,0.7376058282184091,EE−RE 10m,"Human blood plasma protein (Olink), EE–RE 10 min"
human_acute|BLOOD|PROT_OLINK|EE_vs_RE_15to45min,human_acute,human,BLOOD,PROT_OLINK,EE_vs_RE_15to45min,EE−RE 15-45m,reference (non-exercise),,15-45m,164,False,1405,40,22,18,0.55,0.6358280026288412,0,0,0,-0.18062488569660154,0.8566881078692488,21,19,0.865860145946426,0.386714897649564,-1.1567180753822595,0.2475844726893868,0.982898842503021,0.7999690529809609,0.9637427088386779,EE−RE 15-45m,"Human blood plasma protein (Olink), EE–RE 15–45 min"
human_acute|BLOOD|PROT_OLINK|EE_vs_RE_3.5to4h,human_acute,human,BLOOD,PROT_OLINK,EE_vs_RE_3.5to4h,EE−RE 3.5h,reference (non-exercise),,3.5h,165,False,1405,40,21,19,0.525,0.8746293123804207,0,0,0,-0.1549215933552453,0.8769054136394238,21,19,0.885069068193833,0.37627103828907915,-1.1392410388632348,0.25479710265319455,0.982898842503021,0.7915087058165204,0.9637427088386779,EE−RE 3.5h,"Human blood plasma protein (Olink), EE–RE 3.5–4 h"
human_acute|BLOOD|PROT_OLINK|EE_vs_RE_24h,human_acute,human,BLOOD,PROT_OLINK,EE_vs_RE_24h,EE−RE 24h,reference (non-exercise),,24h,166,False,1405,40,25,15,0.625,0.1538599441628321,0,0,0,-0.3416928404951186,0.7326332312315194,21,19,0.3477580665796943,0.7280740489937763,-0.8466534768472034,0.39733268460521187,0.982898842503021,0.959318485144554,0.9637427088386779,EE−RE 24h,"Human blood plasma protein (Olink), EE–RE 24 h"
human_acute|BLOOD|PROT_OLINK|RE_vs_CON_pre,human_acute,human,BLOOD,PROT_OLINK,RE_vs_CON_pre,RE−CON pre,reference (non-exercise),,pre,167,False,1405,40,24,16,0.6,0.26818725105476915,0,0,0,-0.7614870910976207,0.4464941616142589,21,19,-2.065601165269455,0.039049429100707515,0.9818134764585662,0.32636102018702984,0.982898842503021,0.2942653407231888,0.9637427088386779,RE−CON pre,"Human blood plasma protein (Olink), RE–CON pre"
rat_train|SKM-GN|RNA|F_1w,rat_train,rat,SKM-GN,RNA,F_1w,F 1w,training vs sedentary,F,1w,168,False,12472,402,194,208,0.48258706467661694,0.5167892025150328,8,4,4,-0.7844464296447085,0.4327931048310084,193,209,-0.5374118986450162,0.5909927154912015,-0.8767673389236066,0.3806299123576993,0.982898842503021,0.8832998669006838,0.9637427088386779,1w,"Rat gastrocnemius RNA, female 1 wk"
rat_train|SKM-GN|RNA|F_2w,rat_train,rat,SKM-GN,RNA,F_2w,F 2w,training vs sedentary,F,2w,169,False,12471,402,215,187,0.5348258706467661,0.17802397050977797,0,0,0,0.19209289349958583,0.8476725695105768,193,209,0.5816296123302012,0.5608267065934668,-0.19011452892032418,0.8492224800641587,0.982898842503021,0.8832998669006838,0.9955665781066985,2w,"Rat gastrocnemius RNA, female 2 wk"
rat_train|SKM-GN|RNA|F_4w,rat_train,rat,SKM-GN,RNA,F_4w,F 4w,training vs sedentary,F,4w,170,False,12471,402,198,204,0.4925373134328358,0.8031065567373775,0,0,0,-0.11472352147974309,0.9086661167905142,193,209,-0.10080783676806843,0.9197046264692591,-0.10597970026942287,0.9156001631272304,0.982898842503021,0.9816496061292894,0.9955665781066985,4w,"Rat gastrocnemius RNA, female 4 wk"
rat_train|SKM-GN|RNA|F_8w,rat_train,rat,SKM-GN,RNA,F_8w,F 8w,training vs sedentary,F,8w,171,False,12472,402,187,215,0.4651741293532338,0.17802397050977797,1,1,0,-1.22798944532158,0.21947410784420157,193,209,-0.31757902620325235,0.7508096030747456,-1.849811424004416,0.06436437722410898,0.982898842503021,0.959318485144554,0.7622649397716987,8w,"Rat gastrocnemius RNA, female 8 wk"
rat_train|SKM-GN|RNA|M_1w,rat_train,rat,SKM-GN,RNA,M_1w,M 1w,training vs sedentary,M,1w,172,False,12474,403,240,163,0.5955334987593052,0.0001468107106323338,2,1,1,1.50795939746926,0.1315902480065283,193,210,1.029952891534262,0.3030520929025738,1.6935346150928405,0.09037872296147817,0.982898842503021,0.7410827778948017,0.8668141156759952,1w,"Rat gastrocnemius RNA, male 1 wk"
rat_train|SKM-GN|RNA|M_2w,rat_train,rat,SKM-GN,RNA,M_2w,M 2w,training vs sedentary,M,2w,173,False,12472,403,214,189,0.5310173697270472,0.2318407261079033,0,0,0,0.11060863009325514,0.9119284836694174,193,210,0.5098496598108682,0.6101658148272573,-0.26702838659831984,0.7894517207074463,0.982898842503021,0.8909687676716351,0.9955665781066985,2w,"Rat gastrocnemius RNA, male 2 wk"
rat_train|SKM-GN|RNA|M_4w,rat_train,rat,SKM-GN,RNA,M_4w,M 4w,training vs sedentary,M,4w,174,False,12474,403,215,188,0.533498759305211,0.1952053333612065,2,0,2,0.328352583818957,0.7426506022061092,193,210,1.1472994825424696,0.2512798755554712,-0.46249153620870703,0.6437369386974363,0.982898842503021,0.7176344713340737,0.980263417605937,4w,"Rat gastrocnemius RNA, male 4 wk"
rat_train|SKM-GN|RNA|M_8w,rat_train,rat,SKM-GN,RNA,M_8w,M 8w,training vs sedentary,M,8w,175,False,12472,403,220,183,0.5459057071960298,0.07279547977568877,10,6,4,0.8839595730798643,0.37673507847804166,193,210,1.7207567437957865,0.08531978118269497,-0.0181732290112719,0.9855009500090545,0.982898842503021,0.4800659687879637,0.9955665781066985,8w,"Rat gastrocnemius RNA, male 8 wk"
rat_train|SKM-GN|PROT|F_1w,rat_train,rat,SKM-GN,PROT,F_1w,F 1w,training vs sedentary,F,1w,176,False,5594,158,84,74,0.5316455696202531,0.4741061767856324,2,0,2,-0.8115306331725755,0.41709554899602563,87,71,-0.44245780369346016,0.6581750707590945,-0.960354173106869,0.3369185152791856,0.982898842503021,0.9227570759479665,0.9637427088386779,1w,"Rat gastrocnemius protein, female 1 wk"
rat_train|SKM-GN|PROT|F_2w,rat_train,rat,SKM-GN,PROT,F_2w,F 2w,training vs sedentary,F,2w,177,False,5594,158,81,77,0.5126582278481012,0.8114566072042906,4,1,3,0.12664521666352893,0.8992257605578668,87,71,-0.05407033627625913,0.9568810573868527,0.29395072421333596,0.7688064665959685,0.982898842503021,0.9897152113167939,0.9955665781066985,2w,"Rat gastrocnemius protein, female 2 wk"
rat_train|SKM-GN|PROT|F_4w,rat_train,rat,SKM-GN,PROT,F_4w,F 4w,training vs sedentary,F,4w,178,False,5594,158,79,79,0.5,1.0,7,4,3,-0.9133078782309088,0.3611200143890546,87,71,-0.9829445725645329,0.3256772438316081,-0.5339050365095844,0.5934284593739247,0.982898842503021,0.7510152835898285,0.980263417605937,4w,"Rat gastrocnemius protein, female 4 wk"
rat_train|SKM-GN|PROT|F_8w,rat_train,rat,SKM-GN,PROT,F_8w,F 8w,training vs sedentary,F,8w,179,False,5594,158,79,79,0.5,1.0,16,7,9,-0.4974954515191438,0.6188592704490927,87,71,-0.7757410905275435,0.4379346780462827,-0.012839450064127716,0.9897563405060787,0.982898842503021,0.8279322365899356,0.9955665781066985,8w,"Rat gastrocnemius protein, female 8 wk"
rat_train|SKM-GN|PROT|M_1w,rat_train,rat,SKM-GN,PROT,M_1w,M 1w,training vs sedentary,M,1w,180,False,5601,158,80,78,0.5063291139240507,0.9366240696485006,1,0,1,0.4710986188831305,0.6375886651195533,87,71,0.3210219490076088,0.7482057391538071,0.48495401815279093,0.6277279354762813,0.982898842503021,0.959318485144554,0.980263417605937,1w,"Rat gastrocnemius protein, male 1 wk"
rat_train|SKM-GN|PROT|M_2w,rat_train,rat,SKM-GN,PROT,M_2w,M 2w,training vs sedentary,M,2w,181,False,5601,158,70,88,0.4430379746835443,0.17604418967235966,1,0,1,-0.8734338427727237,0.38246410959635735,87,71,-0.9641966342106968,0.33498899280828043,-0.49412622095454023,0.6212364252359862,0.982898842503021,0.7561611015050556,0.980263417605937,2w,"Rat gastrocnemius protein, male 2 wk"
rat_train|SKM-GN|PROT|M_4w,rat_train,rat,SKM-GN,PROT,M_4w,M 4w,training vs sedentary,M,4w,182,False,5601,158,74,84,0.46835443037974683,0.4741061767856324,4,2,2,-0.2316568571680174,0.8168130083708927,87,71,-0.18296640454108418,0.854831003532919,-0.21474510287498866,0.8299738765575229,0.982898842503021,0.9742399631360711,0.9955665781066985,4w,"Rat gastrocnemius protein, male 4 wk"
rat_train|SKM-GN|PROT|M_8w,rat_train,rat,SKM-GN,PROT,M_8w,M 8w,training vs sedentary,M,8w,183,False,5601,158,76,82,0.4810126582278481,0.6909249767024598,10,6,4,-0.8016389310187592,0.4227958702549939,87,71,-0.7449148353598684,0.4563544718033302,-0.6063419555326955,0.5443122856503391,0.982898842503021,0.8349878508529711,0.9693785966776307,8w,"Rat gastrocnemius protein, male 8 wk"
rat_train|SKM-GN|PHOSPHO|F_1w,rat_train,rat,SKM-GN,PHOSPHO,F_1w,F 1w,training vs sedentary,F,1w,184,False,3822,118,52,66,0.4406779661016949,0.23126568219748722,0,0,0,-0.8040834479289523,0.421398817961969,42,76,0.9117635229846646,0.3619507493633719,-1.7080521131105855,0.08770791937342476,0.982898842503021,0.7753462752860047,0.8607614412926802,1w,"Rat gastrocnemius phosphosite, female 1 wk"
rat_train|SKM-GN|PHOSPHO|F_2w,rat_train,rat,SKM-GN,PHOSPHO,F_2w,F 2w,training vs sedentary,F,2w,185,False,3822,118,63,55,0.5338983050847458,0.5194908187566276,0,0,0,0.16646016432584546,0.8678036398120413,42,76,0.9640614786982639,0.33507612791811703,-0.39887360483629153,0.6900086339999569,0.982898842503021,0.7561611015050556,0.9859947408180489,2w,"Rat gastrocnemius phosphosite, female 2 wk"
rat_train|SKM-GN|PHOSPHO|F_4w,rat_train,rat,SKM-GN,PHOSPHO,F_4w,F 4w,training vs sedentary,F,4w,186,False,3822,118,62,56,0.5254237288135594,0.6454967635578218,0,0,0,-0.25181576096598957,0.80119702048606,42,76,-0.2897179352329938,0.7720477578714524,-0.14959786808210337,0.881089787607428,0.982898842503021,0.959318485144554,0.9955665781066985,4w,"Rat gastrocnemius phosphosite, female 4 wk"
rat_train|SKM-GN|PHOSPHO|F_8w,rat_train,rat,SKM-GN,PHOSPHO,F_8w,F 8w,training vs sedentary,F,8w,187,False,3822,118,54,64,0.4576271186440678,0.4074855344889006,7,3,4,-1.735391371529023,0.08275215160694106,42,76,-0.8265194896553514,0.40856108755534737,-1.836933818145358,0.06629731098616916,0.982898842503021,0.8117480248142624,0.7622649397716987,8w,"Rat gastrocnemius phosphosite, female 8 wk"
rat_train|SKM-GN|PHOSPHO|M_1w,rat_train,rat,SKM-GN,PHOSPHO,M_1w,M 1w,training vs sedentary,M,1w,188,False,3847,119,59,60,0.4957983193277311,1.0,0,0,0,0.1406705585294726,0.888137573278478,42,77,-0.16218589773269956,0.8711679868504674,0.298488562835977,0.7653464333321343,0.982898842503021,0.9742399631360711,0.9955665781066985,1w,"Rat gastrocnemius phosphosite, male 1 wk"
rat_train|SKM-GN|PHOSPHO|M_2w,rat_train,rat,SKM-GN,PHOSPHO,M_2w,M 2w,training vs sedentary,M,2w,189,False,3847,119,57,62,0.4789915966386555,0.7140263124847865,0,0,0,-0.47834627095714305,0.6324309645138588,42,77,-0.14762427697403338,0.8826470350646296,-0.5638901291669015,0.5728617947572855,0.982898842503021,0.9742399631360711,0.9787355359820828,2w,"Rat gastrocnemius phosphosite, male 2 wk"
rat_train|SKM-GN|PHOSPHO|M_4w,rat_train,rat,SKM-GN,PHOSPHO,M_4w,M 4w,training vs sedentary,M,4w,190,False,3847,119,59,60,0.4957983193277311,1.0,0,0,0,-1.0785299232586714,0.2808649898975508,42,77,-1.5167219845544069,0.12941909765410006,-0.4982650807909438,0.6183257152594869,0.982898842503021,0.5769678700619255,0.980263417605937,4w,"Rat gastrocnemius phosphosite, male 4 wk"
rat_train|SKM-GN|PHOSPHO|M_8w,rat_train,rat,SKM-GN,PHOSPHO,M_8w,M 8w,training vs sedentary,M,8w,191,False,3847,119,59,60,0.4957983193277311,1.0,5,3,2,-0.5094599947776932,0.6104590696399099,42,77,-1.0623463110340539,0.288145215504476,-0.014661718305641516,0.9883028211189357,0.982898842503021,0.7403563261571566,0.9955665781066985,8w,"Rat gastrocnemius phosphosite, male 8 wk"
rat_train|SKM-VL|RNA|F_1w,rat_train,rat,SKM-VL,RNA,F_1w,F 1w,training vs sedentary,F,1w,192,False,12595,400,210,190,0.525,0.34212239608405093,1,0,1,0.5063996761709915,0.6125849671997192,192,208,0.16361206486594335,0.8700391718695114,0.729267477414475,0.4658516252751428,0.982898842503021,0.9742399631360711,0.9637427088386779,1w,"Rat vastus lateralis RNA, female 1 wk"
rat_train|SKM-VL|RNA|F_2w,rat_train,rat,SKM-VL,RNA,F_2w,F 2w,training vs sedentary,F,2w,193,False,12600,401,215,186,0.5361596009975063,0.16195384008157557,1,0,1,0.4637337013233112,0.6428465604821377,193,208,-0.0711297230776344,0.9432956415440941,0.8692413720353079,0.3847316827170202,0.982898842503021,0.9840851087959251,0.9637427088386779,2w,"Rat vastus lateralis RNA, female 2 wk"
rat_train|SKM-VL|RNA|F_4w,rat_train,rat,SKM-VL,RNA,F_4w,F 4w,training vs sedentary,F,4w,194,False,12594,400,213,187,0.5325,0.21124626009825392,6,4,2,0.7265463536724156,0.46751740701491173,192,208,0.00033743661085597527,0.9997307698883723,1.2639095029931082,0.20628590733604418,0.982898842503021,0.9997307698883723,0.9637427088386779,4w,"Rat vastus lateralis RNA, female 4 wk"
rat_train|SKM-VL|RNA|F_8w,rat_train,rat,SKM-VL,RNA,F_8w,F 8w,training vs sedentary,F,8w,195,False,12596,400,202,198,0.505,0.880788803580897,11,7,4,0.2258284659641331,0.8213385008153153,192,208,0.7261251833236223,0.46777552598963523,-0.269278615892976,0.7877196980011947,0.982898842503021,0.8349878508529711,0.9955665781066985,8w,"Rat vastus lateralis RNA, female 8 wk"
rat_train|SKM-VL|RNA|M_1w,rat_train,rat,SKM-VL,RNA,M_1w,M 1w,training vs sedentary,M,1w,196,False,12590,401,196,205,0.48877805486284287,0.6895757564448964,0,0,0,-0.16912263217509432,0.8657029008675841,193,208,-0.16842157644598194,0.8662543408593902,-0.14571454729352196,0.8841490699833235,0.982898842503021,0.9742399631360711,0.9955665781066985,1w,"Rat vastus lateralis RNA, male 1 wk"
rat_train|SKM-VL|RNA|M_2w,rat_train,rat,SKM-VL,RNA,M_2w,M 2w,training vs sedentary,M,2w,197,False,12586,400,188,212,0.47,0.25011232287632634,0,0,0,0.09135793836019412,0.9272096363807292,192,208,0.49197835283430513,0.6227432284833508,-0.29793097515782246,0.765760764609111,0.9830414245316847,0.8999919260958016,0.9955665781066985,2w,"Rat vastus lateralis RNA, male 2 wk"
rat_train|SKM-VL|RNA|M_4w,rat_train,rat,SKM-VL,RNA,M_4w,M 4w,training vs sedentary,M,4w,198,False,12585,400,197,203,0.4925,0.8026252540927463,0,0,0,0.5439857227259876,0.5864609359272088,192,208,0.26028441330264296,0.7946486536445112,0.6981379496822646,0.48510382795022344,0.982898842503021,0.959318485144554,0.9637427088386779,4w,"Rat vastus lateralis RNA, male 4 wk"
rat_train|SKM-VL|RNA|M_8w,rat_train,rat,SKM-VL,RNA,M_8w,M 8w,training vs sedentary,M,8w,199,False,12585,400,213,187,0.5325,0.21124626009825392,1,0,1,-0.36240584456130587,0.7170548589813863,192,208,-1.1376503793783128,0.2552881627077228,0.40870170613579104,0.6827655367743051,0.982898842503021,0.7176344713340737,0.9859947408180489,8w,"Rat vastus lateralis RNA, male 8 wk"
rat_train|HEART|RNA|F_1w,rat_train,rat,HEART,RNA,F_1w,F 1w,training vs sedentary,F,1w,200,False,13002,419,218,201,0.5202863961813843,0.43445548301173015,0,0,0,-0.1756698159598652,0.8605560859438581,202,217,-1.634008745505206,0.10228122858561509,1.1874529581165902,0.23507069763605237,0.982898842503021,0.5248498021796915,0.9637427088386779,1w,"Rat heart RNA, female 1 wk"
rat_train|HEART|RNA|F_2w,rat_train,rat,HEART,RNA,F_2w,F 2w,training vs sedentary,F,2w,201,False,13000,419,210,209,0.5011933174224343,1.0,1,1,0,-0.5003578661045377,0.6168315867839645,202,217,-1.541114009211108,0.12331338413342863,0.5307381368094615,0.595609322120247,0.982898842503021,0.5769678700619255,0.980263417605937,2w,"Rat heart RNA, female 2 wk"
rat_train|HEART|RNA|F_4w,rat_train,rat,HEART,RNA,F_4w,F 4w,training vs sedentary,F,4w,202,False,12999,419,217,202,0.5178997613365155,0.49405606752183073,0,0,0,0.48482658426079095,0.6278075342078627,202,217,-0.29915600474106113,0.7648257993057087,1.121025686862753,0.2622976409824897,0.982898842503021,0.959318485144554,0.9637427088386779,4w,"Rat heart RNA, female 4 wk"
rat_train|HEART|RNA|F_8w,rat_train,rat,HEART,RNA,F_8w,F 8w,training vs sedentary,F,8w,203,False,12999,419,186,233,0.4439140811455847,0.024508408704418193,11,4,7,-1.0324162062633981,0.30189639351047437,202,217,-1.2700446296116206,0.2040914698814445,-0.6543698843531033,0.5128851106267593,0.982898842503021,0.6769587153588854,0.9637427088386779,8w,"Rat heart RNA, female 8 wk"
rat_train|HEART|RNA|M_1w,rat_train,rat,HEART,RNA,M_1w,M 1w,training vs sedentary,M,1w,204,False,12997,419,203,216,0.48448687350835323,0.5577670371705585,0,0,0,-0.4189128515591446,0.6752867480060838,202,217,-1.4677691804619615,0.14219113385412382,0.606167610966447,0.5444140460014182,0.982898842503021,0.5769678700619255,0.9693785966776307,1w,"Rat heart RNA, male 1 wk"
rat_train|HEART|RNA|M_2w,rat_train,rat,HEART,RNA,M_2w,M 2w,training vs sedentary,M,2w,205,False,12997,419,193,226,0.4606205250596659,0.11787597430971473,5,3,2,-0.38375818032800774,0.7011639646791621,202,217,-1.7294234371689114,0.08375708539986064,0.9045297016213922,0.3657313606362247,0.982898842503021,0.4800659687879637,0.9637427088386779,2w,"Rat heart RNA, male 2 wk"
rat_train|HEART|RNA|M_4w,rat_train,rat,HEART,RNA,M_4w,M 4w,training vs sedentary,M,4w,206,False,13000,419,220,199,0.5250596658711217,0.3285421658101713,4,3,1,0.3440431515286966,0.7308193998044892,202,217,-0.37321556719347543,0.7089940971325,0.9497077284855839,0.34227843915690703,0.982898842503021,0.959318485144554,0.9637427088386779,4w,"Rat heart RNA, male 4 wk"
rat_train|HEART|RNA|M_8w,rat_train,rat,HEART,RNA,M_8w,M 8w,training vs sedentary,M,8w,207,False,12999,419,190,229,0.45346062052505964,0.063264718526441,16,11,5,0.1538867560484857,0.8777014160759815,202,217,-0.9775498086303059,0.32831522621344444,1.163774585106673,0.24453673778669985,0.982898842503021,0.7529838340330085,0.9637427088386779,8w,"Rat heart RNA, male 8 wk"
rat_train|HEART|PROT|F_1w,rat_train,rat,HEART,PROT,F_1w,F 1w,training vs sedentary,F,1w,208,False,8428,255,134,121,0.5254901960784314,0.4524355110227546,0,0,0,0.7476517052164189,0.45469113304374975,132,123,-0.7446145138409312,0.45652555763478275,2.090901132875575,0.03656680992007488,0.982898842503021,0.8349878508529711,0.5715256957878371,1w,"Rat heart protein, female 1 wk"
rat_train|HEART|PROT|F_2w,rat_train,rat,HEART,PROT,F_2w,F 2w,training vs sedentary,F,2w,209,False,8428,255,109,146,0.42745098039215684,0.02398094328848178,0,0,0,-1.4679737616975685,0.14214867671988649,132,123,-1.122275196366746,0.2617774274999389,-1.480338328330641,0.13882036748984958,0.982898842503021,0.7176344713340737,0.9387615948242651,2w,"Rat heart protein, female 2 wk"
rat_train|HEART|PROT|F_4w,rat_train,rat,HEART,PROT,F_4w,F 4w,training vs sedentary,F,4w,210,False,8428,255,132,123,0.5176470588235295,0.6164725642490386,2,1,1,0.41277034631576087,0.6797853818027892,132,123,0.7714100330875675,0.44048556196242405,-0.060332772252097266,0.9518920318417167,0.982898842503021,0.8279322365899356,0.9955665781066985,4w,"Rat heart protein, female 4 wk"
rat_train|HEART|PROT|F_8w,rat_train,rat,HEART,PROT,F_8w,F 8w,training vs sedentary,F,8w,211,False,8428,255,132,123,0.5176470588235295,0.6164725642490386,4,2,2,0.48714959119788526,0.6261649975956622,132,123,0.5142747238746723,0.6070734182571881,0.34671071428496375,0.7288173180632325,0.982898842503021,0.8909687676716351,0.9955665781066985,8w,"Rat heart protein, female 8 wk"
rat_train|HEART|PROT|M_1w,rat_train,rat,HEART,PROT,M_1w,M 1w,training vs sedentary,M,1w,212,False,8428,255,135,120,0.5294117647058824,0.38067886396370554,0,0,0,0.42217219986258364,0.6729101028402293,132,123,0.26807004927468453,0.7886519615280636,0.478385738583375,0.6323880940180897,0.982898842503021,0.959318485144554,0.980263417605937,1w,"Rat heart protein, male 1 wk"
rat_train|HEART|PROT|M_2w,rat_train,rat,HEART,PROT,M_2w,M 2w,training vs sedentary,M,2w,213,False,8428,255,128,127,0.5019607843137255,1.0,2,1,1,-0.06119844368065561,0.9512026206267105,132,123,-0.5834318326633327,0.559618249303883,0.49216757939484024,0.6226137037931259,0.9894985847029067,0.8832998669006838,0.980263417605937,2w,"Rat heart protein, male 2 wk"
rat_train|HEART|PROT|M_4w,rat_train,rat,HEART,PROT,M_4w,M 4w,training vs sedentary,M,4w,214,False,8428,255,132,123,0.5176470588235295,0.6164725642490386,9,4,5,-0.20057600212889626,0.8410349651287865,132,123,-0.6168457754442683,0.5373531218924504,0.2809422379249757,0.778761601540322,0.982898842503021,0.8832998669006838,0.9955665781066985,4w,"Rat heart protein, male 4 wk"
rat_train|HEART|PROT|M_8w,rat_train,rat,HEART,PROT,M_8w,M 8w,training vs sedentary,M,8w,215,False,8428,255,134,121,0.5254901960784314,0.4524355110227546,13,7,6,-0.3072510296132635,0.7586598998468753,132,123,-0.9890337766207985,0.32267501593541303,0.4784400149342521,0.6323494722478029,0.982898842503021,0.7510152835898285,0.980263417605937,8w,"Rat heart protein, male 8 wk"
rat_train|HEART|PHOSPHO|F_1w,rat_train,rat,HEART,PHOSPHO,F_1w,F 1w,training vs sedentary,F,1w,216,False,7204,230,114,116,0.4956521739130435,0.9474462046254558,1,1,0,0.25836097201643404,0.7961357168062293,98,132,0.5849190451434838,0.5586204757517773,-0.057793508344707714,0.9539147124524209,0.982898842503021,0.8832998669006838,0.9955665781066985,1w,"Rat heart phosphosite, female 1 wk"
rat_train|HEART|PHOSPHO|F_2w,rat_train,rat,HEART,PHOSPHO,F_2w,F 2w,training vs sedentary,F,2w,217,False,7204,230,96,134,0.41739130434782606,0.014520448754307703,0,0,0,-1.155526952780228,0.24791303534887127,98,132,-1.0526672744097418,0.2925288284372343,-0.9900356729131636,0.3221899432392336,0.982898842503021,0.7403563261571566,0.9637427088386779,2w,"Rat heart phosphosite, female 2 wk"
rat_train|HEART|PHOSPHO|F_4w,rat_train,rat,HEART,PHOSPHO,F_4w,F 4w,training vs sedentary,F,4w,218,False,7204,230,117,113,0.508695652173913,0.8432447137966197,0,0,0,0.49473614963171364,0.6208014718816514,98,132,0.9391702698254389,0.34767482642844005,0.039896600572624175,0.9681766671577275,0.982898842503021,0.7677790855335066,0.9955665781066985,4w,"Rat heart phosphosite, female 4 wk"
rat_train|HEART|PHOSPHO|F_8w,rat_train,rat,HEART,PHOSPHO,F_8w,F 8w,training vs sedentary,F,8w,219,False,7204,230,118,112,0.5130434782608696,0.741715056065957,0,0,0,0.2616853383811297,0.7935715283468922,98,132,1.394356496646272,0.16325298855736992,-0.6763055668319929,0.49886837676505336,0.982898842503021,0.6262978288291827,0.9637427088386779,8w,"Rat heart phosphosite, female 8 wk"
rat_train|HEART|PHOSPHO|M_1w,rat_train,rat,HEART,PHOSPHO,M_1w,M 1w,training vs sedentary,M,1w,220,False,7204,230,101,129,0.4391304347826087,0.07479314539098027,0,0,0,-0.14707426459348455,0.8830775195726568,98,132,0.2593710661135149,0.7953563651518316,-0.43713542811109446,0.6620262417480854,0.982898842503021,0.959318485144554,0.980263417605937,1w,"Rat heart phosphosite, male 1 wk"
rat_train|HEART|PHOSPHO|M_2w,rat_train,rat,HEART,PHOSPHO,M_2w,M 2w,training vs sedentary,M,2w,221,False,7204,230,120,110,0.5217391304347826,0.552979216745102,7,4,3,0.25271035256631547,0.8004992593818293,98,132,0.3329465570299491,0.7391843161758858,0.12875358947803667,0.897556225163818,0.982898842503021,0.959318485144554,0.9955665781066985,2w,"Rat heart phosphosite, male 2 wk"
rat_train|HEART|PHOSPHO|M_4w,rat_train,rat,HEART,PHOSPHO,M_4w,M 4w,training vs sedentary,M,4w,222,False,7204,230,121,109,0.5260869565217391,0.4683340524436277,2,0,2,0.5539326898409886,0.5796421095561634,98,132,1.3828051716020613,0.16676748434350017,-0.21384683214576886,0.8306725563970474,0.982898842503021,0.6278773698421155,0.9955665781066985,4w,"Rat heart phosphosite, male 4 wk"
rat_train|HEART|PHOSPHO|M_8w,rat_train,rat,HEART,PHOSPHO,M_8w,M 8w,training vs sedentary,M,8w,223,False,7204,230,118,112,0.5130434782608696,0.741715056065957,6,1,5,0.4328880759662679,0.6651090457796534,98,132,0.6443242333145383,0.5193857244134001,0.1639835170977392,0.8697487211578768,0.982898842503021,0.8767231028098194,0.9955665781066985,8w,"Rat heart phosphosite, male 8 wk"
rat_train|WAT-SC|RNA|F_1w,rat_train,rat,WAT-SC,RNA,F_1w,F 1w,training vs sedentary,F,1w,224,False,14360,437,245,192,0.5606407322654462,0.012775389312955545,0,0,0,1.163247555771024,0.24474840850109722,211,226,-0.2361189250214471,0.8133437570025699,2.2681386935563084,0.023335541478592438,0.982898842503021,0.9695792809465664,0.5275742127832198,1w,"Rat subcutaneous WAT RNA, female 1 wk"
rat_train|WAT-SC|RNA|F_2w,rat_train,rat,WAT-SC,RNA,F_2w,F 2w,training vs sedentary,F,2w,225,False,14356,437,235,202,0.5377574370709383,0.12572992925880158,0,0,0,0.7269169131807274,0.4672887101111346,211,226,0.9193471875442301,0.3579294522080243,0.432358769426764,0.6654871746381357,0.982898842503021,0.7706440246519707,0.9819426143262002,2w,"Rat subcutaneous WAT RNA, female 2 wk"
rat_train|WAT-SC|RNA|F_4w,rat_train,rat,WAT-SC,RNA,F_4w,F 4w,training vs sedentary,F,4w,226,False,14378,437,250,187,0.5720823798627003,0.002975058580009689,0,0,0,1.409101198877301,0.15882687576856397,211,226,0.9938657778113053,0.32030494494262657,1.5672351726692921,0.11708174146492165,0.982898842503021,0.7509371486988246,0.9274407198483604,4w,"Rat subcutaneous WAT RNA, female 4 wk"
rat_train|WAT-SC|RNA|F_8w,rat_train,rat,WAT-SC,RNA,F_8w,F 8w,training vs sedentary,F,8w,227,False,14398,437,215,222,0.4919908466819222,0.7741364246334138,7,5,2,0.1662803117091957,0.8679386944858651,211,226,1.1754028135924022,0.23985303747788878,-0.7876321649121537,0.43092486232978744,0.982898842503021,0.7176344713340737,0.9637427088386779,8w,"Rat subcutaneous WAT RNA, female 8 wk"
rat_train|WAT-SC|RNA|M_1w,rat_train,rat,WAT-SC,RNA,M_1w,M 1w,training vs sedentary,M,1w,228,False,14205,436,197,239,0.4518348623853211,0.04945845172314481,30,13,17,-1.1650255890669674,0.24402820126783098,210,226,-1.476572606175326,0.13981240969579956,-0.6961579997018168,0.4863412788526109,0.982898842503021,0.5769678700619255,0.9637427088386779,1w,"Rat subcutaneous WAT RNA, male 1 wk"
rat_train|WAT-SC|RNA|M_2w,rat_train,rat,WAT-SC,RNA,M_2w,M 2w,training vs sedentary,M,2w,229,False,14118,436,189,247,0.4334862385321101,0.006272387898512717,9,4,5,-1.1399134647630278,0.2543416961208651,210,226,-0.7870553713169789,0.4312626666797922,-1.28371620514934,0.19926234354841815,0.982898842503021,0.8239961327866553,0.9637427088386779,2w,"Rat subcutaneous WAT RNA, male 2 wk"
rat_train|WAT-SC|RNA|M_4w,rat_train,rat,WAT-SC,RNA,M_4w,M 4w,training vs sedentary,M,4w,230,False,14240,436,192,244,0.44036697247706424,0.014493818513704583,1,0,1,-0.7822143047923894,0.4341016471745962,210,226,-0.8134253509451709,0.4159878316255885,-0.6296505709133803,0.528933332255807,0.982898842503021,0.8117480248142624,0.9650299646059108,4w,"Rat subcutaneous WAT RNA, male 4 wk"
rat_train|WAT-SC|RNA|M_8w,rat_train,rat,WAT-SC,RNA,M_8w,M 8w,training vs sedentary,M,8w,231,False,14181,436,224,212,0.5137614678899083,0.5983801452093441,0,0,0,0.20988473500573873,0.8337606521370202,210,226,-0.04129414297439295,0.9670619837371714,0.4035888335909125,0.6865211843813792,0.982898842503021,0.9915834839313636,0.9859947408180489,8w,"Rat subcutaneous WAT RNA, male 8 wk"
rat_train|WAT-SC|PROT|F_1w,rat_train,rat,WAT-SC,PROT,F_1w,F 1w,training vs sedentary,F,1w,232,False,9137,284,143,141,0.5035211267605634,0.9526959210558456,0,0,0,0.20897328179760027,0.8344737556367674,143,141,0.33403220985763976,0.7383629209733156,0.03155313960369722,0.974829103267572,0.982898842503021,0.959318485144554,0.9955665781066985,1w,"Rat subcutaneous WAT protein, female 1 wk"
rat_train|WAT-SC|PROT|F_2w,rat_train,rat,WAT-SC,PROT,F_2w,F 2w,training vs sedentary,F,2w,233,False,9137,284,139,145,0.4894366197183099,0.7667600163481919,0,0,0,0.4907009087194424,0.6236497903831902,143,141,1.0813628698198368,0.2795642769186849,-0.20777384703622007,0.8354101856803545,0.982898842503021,0.7327709618613977,0.9955665781066985,2w,"Rat subcutaneous WAT protein, female 2 wk"
rat_train|WAT-SC|PROT|F_4w,rat_train,rat,WAT-SC,PROT,F_4w,F 4w,training vs sedentary,F,4w,234,False,9137,284,139,145,0.4894366197183099,0.7667600163481919,0,0,0,0.3282064485963144,0.7427630946991612,143,141,0.17581209247569404,0.8604454661290626,0.3895534759627725,0.6968758413619035,0.982898842503021,0.9742399631360711,0.9901737543930077,4w,"Rat subcutaneous WAT protein, female 4 wk"
rat_train|WAT-SC|PROT|F_8w,rat_train,rat,WAT-SC,PROT,F_8w,F 8w,training vs sedentary,F,8w,235,False,9137,284,149,135,0.5246478873239436,0.44052008045022384,1,1,0,0.38807772920263184,0.6979675553280931,143,141,0.25899712636598426,0.7956432933663362,0.43737718905100814,0.6618481638933323,0.982898842503021,0.959318485144554,0.980263417605937,8w,"Rat subcutaneous WAT protein, female 8 wk"
rat_train|WAT-SC|PROT|M_1w,rat_train,rat,WAT-SC,PROT,M_1w,M 1w,training vs sedentary,M,1w,236,False,9137,284,118,166,0.4154929577464789,0.005197398854190612,0,0,0,-1.767705273527473,0.0771435648863621,143,141,-1.429458900907218,0.15290657559190562,-1.724521183217545,0.08464762605276417,0.9574877759424945,0.6074525124468746,0.8547759836737251,1w,"Rat subcutaneous WAT protein, male 1 wk"
rat_train|WAT-SC|PROT|M_2w,rat_train,rat,WAT-SC,PROT,M_2w,M 2w,training vs sedentary,M,2w,237,False,9137,284,134,150,0.47183098591549294,0.3734493964788416,0,0,0,-0.17636412571555185,0.8600117959246969,143,141,-0.2944441394653807,0.768425232913895,-0.03245909485391392,0.9741066455425206,0.982898842503021,0.959318485144554,0.9955665781066985,2w,"Rat subcutaneous WAT protein, male 2 wk"
rat_train|WAT-SC|PROT|M_4w,rat_train,rat,WAT-SC,PROT,M_4w,M 4w,training vs sedentary,M,4w,238,False,9137,284,133,151,0.46830985915492956,0.3130857809045942,11,3,8,-1.1840893154913132,0.23640851782586936,143,141,-0.753938643969648,0.45090549735044405,-1.3537889299789443,0.17583721851207573,0.982898842503021,0.8345707012363482,0.9637427088386779,4w,"Rat subcutaneous WAT protein, male 4 wk"
rat_train|WAT-SC|PROT|M_8w,rat_train,rat,WAT-SC,PROT,M_8w,M 8w,training vs sedentary,M,8w,239,False,9137,284,132,152,0.4647887323943662,0.2595180690704957,2,1,1,-1.1273203434059977,0.2596366738530728,143,141,-1.2528964671094538,0.21027545771523135,-0.7457857268043387,0.4558160529580886,0.982898842503021,0.6773759019528827,0.9637427088386779,8w,"Rat subcutaneous WAT protein, male 8 wk"
rat_train|WAT-SC|PHOSPHO|F_1w,rat_train,rat,WAT-SC,PHOSPHO,F_1w,F 1w,training vs sedentary,F,1w,240,False,5293,172,94,78,0.5465116279069767,0.2526624533075264,0,0,0,-0.32968862011480493,0.7416483042808945,63,109,-2.315742792736772,0.02061036235014999,1.0519950135387508,0.2928498793811944,0.982898842503021,0.20226913748286732,0.9637427088386779,1w,"Rat subcutaneous WAT phosphosite, female 1 wk"
rat_train|WAT-SC|PHOSPHO|F_2w,rat_train,rat,WAT-SC,PHOSPHO,F_2w,F 2w,training vs sedentary,F,2w,241,False,5293,172,90,82,0.5232558139534884,0.5936474613061409,0,0,0,-0.08594449423287302,0.9315137929932609,63,109,-0.1398388387278865,0.8887926485089046,-0.02730149732563882,0.9782202922495145,0.9830414245316847,0.9742399631360711,0.9955665781066985,2w,"Rat subcutaneous WAT phosphosite, female 2 wk"
rat_train|WAT-SC|PHOSPHO|F_4w,rat_train,rat,WAT-SC,PHOSPHO,F_4w,F 4w,training vs sedentary,F,4w,242,False,5293,172,92,80,0.5348837209302325,0.40168353655050565,0,0,0,0.5065657177464811,0.6124806755190979,63,109,-0.2473935609783647,0.8046132559943526,0.8771513494863422,0.38044426147598287,0.982898842503021,0.9618889349280929,0.9637427088386779,4w,"Rat subcutaneous WAT phosphosite, female 4 wk"
rat_train|WAT-SC|PHOSPHO|F_8w,rat_train,rat,WAT-SC,PHOSPHO,F_8w,F 8w,training vs sedentary,F,8w,243,False,5293,172,85,87,0.4941860465116279,0.9392502353738333,0,0,0,-0.8737230514685934,0.3823087474565615,63,109,-0.5477671989608849,0.5838748700969216,-0.8691709465175875,0.38479306127913615,0.982898842503021,0.8832998669006838,0.9637427088386779,8w,"Rat subcutaneous WAT phosphosite, female 8 wk"
rat_train|WAT-SC|PHOSPHO|M_1w,rat_train,rat,WAT-SC,PHOSPHO,M_1w,M 1w,training vs sedentary,M,1w,244,False,5293,172,72,100,0.4186046511627907,0.03920922729377109,0,0,0,-1.2801750924049897,0.20053968568697395,63,109,-2.921272650849318,0.0035007878917801332,0.08277881126495,0.9340305487858258,0.982898842503021,0.05094249966659366,0.9955665781066985,1w,"Rat subcutaneous WAT phosphosite, male 1 wk"
rat_train|WAT-SC|PHOSPHO|M_2w,rat_train,rat,WAT-SC,PHOSPHO,M_2w,M 2w,training vs sedentary,M,2w,245,False,5293,172,79,93,0.45930232558139533,0.32157393688809527,0,0,0,-1.0461018839110956,0.2955617825155431,63,109,-1.5789164738587735,0.1144149949052826,-0.4516317370095756,0.651552813968391,0.982898842503021,0.5549784810348191,0.980263417605937,2w,"Rat subcutaneous WAT phosphosite, male 2 wk"
rat_train|WAT-SC|PHOSPHO|M_4w,rat_train,rat,WAT-SC,PHOSPHO,M_4w,M 4w,training vs sedentary,M,4w,246,False,5293,172,81,91,0.47093023255813954,0.49267221764855357,1,1,0,-0.9186579012610262,0.3583164121200525,63,109,-2.0962264578642515,0.03610948573048018,0.06302409989945203,0.9497496941836896,0.982898842503021,0.28723471850432564,0.9955665781066985,4w,"Rat subcutaneous WAT phosphosite, male 4 wk"
rat_train|WAT-SC|PHOSPHO|M_8w,rat_train,rat,WAT-SC,PHOSPHO,M_8w,M 8w,training vs sedentary,M,8w,247,False,5293,172,91,81,0.5290697674418605,0.49267221764855357,7,4,3,-0.8644004237224857,0.38740714599690385,63,109,-1.6935992133477413,0.09040032873309176,-0.09635224414914022,0.9232444683764478,0.982898842503021,0.4893548586158829,0.9955665781066985,8w,"Rat subcutaneous WAT phosphosite, male 8 wk"
rat_train|LIVER|RNA|F_1w,rat_train,rat,LIVER,RNA,F_1w,F 1w,training vs sedentary,F,1w,248,False,12700,415,230,185,0.5542168674698795,0.030659038649141726,0,0,0,0.6675849239310585,0.5044107159679714,198,217,0.3384114910277852,0.7350587109227158,0.8521830279368834,0.3941285869997996,0.982898842503021,0.959318485144554,0.9637427088386779,1w,"Rat liver RNA, female 1 wk"
rat_train|LIVER|RNA|F_2w,rat_train,rat,LIVER,RNA,F_2w,F 2w,training vs sedentary,F,2w,249,False,12701,415,197,218,0.4746987951807229,0.32622123485339266,1,0,1,0.18100402934514218,0.8563673018512248,198,217,-0.027805284754784797,0.9778178878883235,0.33704684150838965,0.7360871594343641,0.982898842503021,0.9943112016599338,0.9955665781066985,2w,"Rat liver RNA, female 2 wk"
rat_train|LIVER|RNA|F_4w,rat_train,rat,LIVER,RNA,F_4w,F 4w,training vs sedentary,F,4w,250,False,12696,415,207,208,0.4987951807228916,1.0,0,0,0,-0.11648933640119441,0.9072665796484995,198,217,-0.09607476876267652,0.9234627068071537,-0.11562837067197729,0.9079489061380615,0.982898842503021,0.9816496061292894,0.9955665781066985,4w,"Rat liver RNA, female 4 wk"
rat_train|LIVER|RNA|F_8w,rat_train,rat,LIVER,RNA,F_8w,F 8w,training vs sedentary,F,8w,251,False,12707,415,166,249,0.4,5.3981031683488214e-05,1,0,1,-1.8390076382608074,0.0659373854063753,198,217,-1.7270150590005033,0.08418926462603271,-1.649731869041641,0.09902250940956388,0.8785334594852064,0.4800659687879637,0.870572895225749,8w,"Rat liver RNA, female 8 wk"
rat_train|LIVER|RNA|M_1w,rat_train,rat,LIVER,RNA,M_1w,M 1w,training vs sedentary,M,1w,252,False,12717,418,233,185,0.5574162679425837,0.021401981173677646,0,0,0,1.4255257339593175,0.15402983428364023,199,219,1.2802809584433448,0.20046969751122765,1.3281660398443773,0.18414710008524404,0.982898842503021,0.6769587153588854,0.9637427088386779,1w,"Rat liver RNA, male 1 wk"
rat_train|LIVER|RNA|M_2w,rat_train,rat,LIVER,RNA,M_2w,M 2w,training vs sedentary,M,2w,253,False,12717,418,219,199,0.5239234449760766,0.35273647966119315,0,0,0,0.4687633632322933,0.6392468265258142,199,219,0.18834424851355755,0.85060980639845,0.6432097926630187,0.5200995793390685,0.982898842503021,0.9742399631360711,0.9637427088386779,2w,"Rat liver RNA, male 2 wk"
rat_train|LIVER|RNA|M_4w,rat_train,rat,LIVER,RNA,M_4w,M 4w,training vs sedentary,M,4w,254,False,12716,418,219,199,0.5239234449760766,0.35273647966119315,0,0,0,0.6551211332810002,0.5124016189824196,199,219,0.34132576470877757,0.7328639944259998,0.8307368152556556,0.40613792345433253,0.982898842503021,0.959318485144554,0.9637427088386779,4w,"Rat liver RNA, male 4 wk"
rat_train|LIVER|RNA|M_8w,rat_train,rat,LIVER,RNA,M_8w,M 8w,training vs sedentary,M,8w,255,False,12722,418,196,222,0.4688995215311005,0.2213636445049346,3,2,1,-0.573188209769006,0.5665273990420775,199,219,-1.2261339473122697,0.22017097108034145,0.10747050051167119,0.9144174218893477,0.982898842503021,0.6957852471357002,0.9955665781066985,8w,"Rat liver RNA, male 8 wk"
rat_train|LIVER|PROT|F_1w,rat_train,rat,LIVER,PROT,F_1w,F 1w,training vs sedentary,F,1w,256,False,8898,265,138,127,0.5207547169811321,0.5391005025781397,0,0,0,1.1817233847854014,0.23734706424996035,137,128,2.1850777577159293,0.02890914361284285,-0.11685126863125157,0.9069805532761697,0.982898842503021,0.24399317209239366,0.9955665781066985,1w,"Rat liver protein, female 1 wk"
rat_train|LIVER|PROT|F_2w,rat_train,rat,LIVER,PROT,F_2w,F 2w,training vs sedentary,F,2w,257,False,8898,265,121,144,0.45660377358490567,0.17643949314765536,0,0,0,-0.5519200771281535,0.5810169762542816,137,128,0.6711528471167904,0.5021405892625752,-1.672502576927388,0.09446042439491983,0.982898842503021,0.8589283187031149,0.870572895225749,2w,"Rat liver protein, female 2 wk"
rat_train|LIVER|PROT|F_4w,rat_train,rat,LIVER,PROT,F_4w,F 4w,training vs sedentary,F,4w,258,False,8898,265,138,127,0.5207547169811321,0.5391005025781397,0,0,0,0.1850007913762474,0.85323263217297,137,128,0.11718362186729217,0.906717190725648,0.2177121702985693,0.8276583738249461,0.982898842503021,0.978534260681943,0.9955665781066985,4w,"Rat liver protein, female 4 wk"
rat_train|LIVER|PROT|F_8w,rat_train,rat,LIVER,PROT,F_8w,F 8w,training vs sedentary,F,8w,259,False,8898,265,117,148,0.44150943396226416,0.06514260400965828,3,1,2,-0.9056504476199532,0.3651454253516746,137,128,0.17071865983231768,0.8644488722672652,-1.799389491353767,0.0719909654374852,0.982898842503021,0.9742399631360711,0.778979164477404,8w,"Rat liver protein, female 8 wk"
rat_train|LIVER|PROT|M_1w,rat_train,rat,LIVER,PROT,M_1w,M 1w,training vs sedentary,M,1w,260,False,8898,265,128,137,0.4830188679245283,0.6232015327058867,0,0,0,0.06991819240896113,0.944260344657069,137,128,0.11358968978818462,0.9095656240148154,0.011470587684314873,0.9908482530919748,0.9894985847029067,0.978534260681943,0.9955665781066985,1w,"Rat liver protein, male 1 wk"
rat_train|LIVER|PROT|M_2w,rat_train,rat,LIVER,PROT,M_2w,M 2w,training vs sedentary,M,2w,261,False,8898,265,135,130,0.5094339622641509,0.8059570329989925,0,0,0,-0.27652191677264215,0.7821536524679342,137,128,-0.022795292857337925,0.9818140740606671,-0.46381141190112696,0.6427942146690484,0.982898842503021,0.9959748539750036,0.980263417605937,2w,"Rat liver protein, male 2 wk"
rat_train|LIVER|PROT|M_4w,rat_train,rat,LIVER,PROT,M_4w,M 4w,training vs sedentary,M,4w,262,False,8898,265,125,140,0.4716981132075472,0.3898213933200055,0,0,0,-0.04593694782652901,0.963361536236254,137,128,0.08047658337206687,0.9358600298609394,-0.16385958049539243,0.8698454094678225,0.9902358565842571,0.9840851087959251,0.9955665781066985,4w,"Rat liver protein, male 4 wk"
rat_train|LIVER|PROT|M_8w,rat_train,rat,LIVER,PROT,M_8w,M 8w,training vs sedentary,M,8w,263,False,8898,265,109,156,0.41132075471698115,0.004625337969180406,24,10,14,-1.2966724554067675,0.19477754281281698,137,128,-1.4255882369354844,0.15402231950667197,-0.8645544328821253,0.3873067030579419,0.982898842503021,0.6074525124468746,0.9637427088386779,8w,"Rat liver protein, male 8 wk"
rat_train|LIVER|PHOSPHO|F_1w,rat_train,rat,LIVER,PHOSPHO,F_1w,F 1w,training vs sedentary,F,1w,264,False,7797,240,123,117,0.5125,0.7469621811121033,0,0,0,0.12228746939770546,0.9026745078648485,104,136,0.13169575170383904,0.8952283447359379,0.08317970227493308,0.9337107878678916,0.982898842503021,0.9742399631360711,0.9955665781066985,1w,"Rat liver phosphosite, female 1 wk"
rat_train|LIVER|PHOSPHO|F_2w,rat_train,rat,LIVER,PHOSPHO,F_2w,F 2w,training vs sedentary,F,2w,265,False,7797,240,121,119,0.5041666666666667,0.9485503941706407,0,0,0,0.610110937328465,0.5418061072372214,104,136,1.3369421899746945,0.18128052281998583,-0.11081345446948299,0.9117671288203868,0.982898842503021,0.6470377629138644,0.9955665781066985,2w,"Rat liver phosphosite, female 2 wk"
rat_train|LIVER|PHOSPHO|F_4w,rat_train,rat,LIVER,PHOSPHO,F_4w,F 4w,training vs sedentary,F,4w,266,False,7797,240,122,118,0.5083333333333333,0.8465015892198463,0,0,0,0.40882822838684013,0.6826769537338997,104,136,0.5979696981639978,0.5498775241261848,0.16430279544066337,0.8694970411452602,0.982898842503021,0.8832998669006838,0.9955665781066985,4w,"Rat liver phosphosite, female 4 wk"
rat_train|LIVER|PHOSPHO|F_8w,rat_train,rat,LIVER,PHOSPHO,F_8w,F 8w,training vs sedentary,F,8w,267,False,7797,240,119,121,0.49583333333333335,0.9485503941706407,1,0,1,-0.4466675349405837,0.6551275342858531,104,136,-0.6702196004678516,0.5027376652124868,-0.16908036121432432,0.8657378191624459,0.982898842503021,0.8589283187031149,0.9955665781066985,8w,"Rat liver phosphosite, female 8 wk"
rat_train|LIVER|PHOSPHO|M_1w,rat_train,rat,LIVER,PHOSPHO,M_1w,M 1w,training vs sedentary,M,1w,268,False,7797,240,119,121,0.49583333333333335,0.9485503941706407,0,0,0,-0.05433253949661034,0.9566716174378813,104,136,-0.1971058690027625,0.8437498296605368,0.07170050529629969,0.9428420934887985,0.9894985847029067,0.9742399631360711,0.9955665781066985,1w,"Rat liver phosphosite, male 1 wk"
rat_train|LIVER|PHOSPHO|M_2w,rat_train,rat,LIVER,PHOSPHO,M_2w,M 2w,training vs sedentary,M,2w,269,False,7797,240,116,124,0.48333333333333334,0.6514690904071151,0,0,0,-0.1337412278163445,0.8936106554475398,104,136,0.3424246379479161,0.7320405818982547,-0.4814753461899614,0.6301922133270144,0.982898842503021,0.959318485144554,0.980263417605937,2w,"Rat liver phosphosite, male 2 wk"
rat_train|LIVER|PHOSPHO|M_4w,rat_train,rat,LIVER,PHOSPHO,M_4w,M 4w,training vs sedentary,M,4w,270,False,7797,240,116,124,0.48333333333333334,0.6514690904071151,0,0,0,0.5249229605554092,0.5996516756387202,104,136,1.487764219538537,0.1368535344126441,-0.3447909209703317,0.7302608611488491,0.982898842503021,0.5769678700619255,0.9955665781066985,4w,"Rat liver phosphosite, male 4 wk"
rat_train|LIVER|PHOSPHO|M_8w,rat_train,rat,LIVER,PHOSPHO,M_8w,M 8w,training vs sedentary,M,8w,271,False,7797,240,107,133,0.44583333333333336,0.106388062998473,2,2,0,-1.4450419521540097,0.1484862992763746,104,136,-2.328550621337223,0.019908324314078445,-0.42586883608222,0.6702151823487933,0.982898842503021,0.200031258584312,0.9820514130249679,8w,"Rat liver phosphosite, male 8 wk"
rat_train|KIDNEY|RNA|F_1w,rat_train,rat,KIDNEY,RNA,F_1w,F 1w,training vs sedentary,F,1w,272,False,14022,433,208,225,0.48036951501154734,0.4419823938365992,4,4,0,-0.0131047066631478,0.9895444426101557,206,227,1.0178012110707635,0.3087899994666702,-0.9368140893284513,0.34887033325486494,0.9961831081512985,0.7410827778948017,0.9637427088386779,1w,"Rat kidney RNA, female 1 wk"
rat_train|KIDNEY|RNA|F_2w,rat_train,rat,KIDNEY,RNA,F_2w,F 2w,training vs sedentary,F,2w,273,False,14017,433,204,229,0.47113163972286376,0.24873018566602353,0,0,0,-0.8274195261289157,0.40801340485849114,206,227,-0.18434328526747382,0.8537468261377754,-1.2769927069163929,0.20162597818602118,0.982898842503021,0.9742399631360711,0.9637427088386779,2w,"Rat kidney RNA, female 2 wk"
rat_train|KIDNEY|RNA|F_4w,rat_train,rat,KIDNEY,RNA,F_4w,F 4w,training vs sedentary,F,4w,274,False,14020,433,209,224,0.48267898383371827,0.5011217787135201,0,0,0,-0.2041924163123436,0.8382061016786269,206,227,-0.4529051988014867,0.6506240167220511,0.04762196206171528,0.9620182070953363,0.982898842503021,0.9206559796876785,0.9955665781066985,4w,"Rat kidney RNA, female 4 wk"
rat_train|KIDNEY|RNA|F_8w,rat_train,rat,KIDNEY,RNA,F_8w,F 8w,training vs sedentary,F,8w,275,False,14022,433,199,234,0.45958429561200925,0.10216205495732485,1,1,0,-0.37905018496463544,0.704656337595809,206,227,-0.17960860137364376,0.8574624471885294,-0.5030487543739147,0.6149378971150044,0.982898842503021,0.9742399631360711,0.980263417605937,8w,"Rat kidney RNA, female 8 wk"
rat_train|KIDNEY|RNA|M_1w,rat_train,rat,KIDNEY,RNA,M_1w,M 1w,training vs sedentary,M,1w,276,False,14021,433,228,205,0.5265588914549654,0.29038568343032156,0,0,0,0.6113396991759816,0.540984626892246,206,227,-0.5276687857232673,0.5977375926968727,1.5326040491909363,0.12539600817323046,0.982898842503021,0.8832998669006838,0.9274407198483604,1w,"Rat kidney RNA, male 1 wk"
rat_train|KIDNEY|RNA|M_2w,rat_train,rat,KIDNEY,RNA,M_2w,M 2w,training vs sedentary,M,2w,277,False,14013,433,224,209,0.5173210161662818,0.5011217787135201,0,0,0,-0.05485907582503039,0.9562515176944152,206,227,1.0220666834135197,0.3067669869616895,-1.006605337168158,0.3141418520811203,0.9894985847029067,0.7410827778948017,0.9637427088386779,2w,"Rat kidney RNA, male 2 wk"
rat_train|KIDNEY|RNA|M_4w,rat_train,rat,KIDNEY,RNA,M_4w,M 4w,training vs sedentary,M,4w,278,False,14022,433,237,196,0.5473441108545035,0.05444531716626525,0,0,0,0.8049097144835815,0.4208854314892083,206,227,0.5535879098619391,0.579869730093997,0.9029068876401828,0.36659082708325696,0.982898842503021,0.8832998669006838,0.9637427088386779,4w,"Rat kidney RNA, male 4 wk"
rat_train|KIDNEY|RNA|M_8w,rat_train,rat,KIDNEY,RNA,M_8w,M 8w,training vs sedentary,M,8w,279,False,14021,433,228,205,0.5265588914549654,0.29038568343032156,0,0,0,0.439216278182839,0.6605116006328491,206,227,0.09603391603970575,0.9234950086097817,0.6771622960678914,0.49831416080400326,0.982898842503021,0.9816496061292894,0.9637427088386779,8w,"Rat kidney RNA, male 8 wk"
rat_train|KIDNEY|PROT|F_1w,rat_train,rat,KIDNEY,PROT,F_1w,F 1w,training vs sedentary,F,1w,280,False,9148,285,146,139,0.512280701754386,0.7223513683272716,0,0,0,0.027456623614502084,0.978096135170194,136,149,0.736121862389611,0.46167541771121623,-0.6149952000434704,0.5385731906910944,0.9952237881535614,0.8349878508529711,0.9693785966776307,1w,"Rat kidney protein, female 1 wk"
rat_train|KIDNEY|PROT|F_2w,rat_train,rat,KIDNEY,PROT,F_2w,F 2w,training vs sedentary,F,2w,281,False,9148,285,146,139,0.512280701754386,0.7223513683272716,0,0,0,-0.109587241193489,0.9127391340116364,136,149,0.3956455628022999,0.692375747956315,-0.5449575891093088,0.5857959744626461,0.982898842503021,0.9517347414904395,0.980263417605937,2w,"Rat kidney protein, female 2 wk"
rat_train|KIDNEY|PROT|F_4w,rat_train,rat,KIDNEY,PROT,F_4w,F 4w,training vs sedentary,F,4w,282,False,9148,285,150,135,0.5263157894736842,0.4069847384645319,0,0,0,0.3475008291407344,0.7282230919807547,136,149,1.5118342726517082,0.13061057780691432,-0.7738336643786192,0.43904916302804753,0.982898842503021,0.5769678700619255,0.9637427088386779,4w,"Rat kidney protein, female 4 wk"
rat_train|KIDNEY|PROT|F_8w,rat_train,rat,KIDNEY,PROT,F_8w,F 8w,training vs sedentary,F,8w,283,False,9148,285,145,140,0.5087719298245614,0.8127546875127152,0,0,0,0.1617913848338506,0.8714737114133674,136,149,0.16604925352391495,0.8681218597760418,0.12644282530242296,0.8993841838910953,0.982898842503021,0.9742399631360711,0.9955665781066985,8w,"Rat kidney protein, female 8 wk"
rat_train|KIDNEY|PROT|M_1w,rat_train,rat,KIDNEY,PROT,M_1w,M 1w,training vs sedentary,M,1w,284,False,9148,285,160,125,0.5614035087719298,0.043821603408675094,0,0,0,1.1482550502885889,0.25089332060149827,136,149,0.25067340580607833,0.802072254231452,1.7221702503833178,0.08507249126610535,0.982898842503021,0.9618889349280929,0.8547759836737251,1w,"Rat kidney protein, male 1 wk"
rat_train|KIDNEY|PROT|M_2w,rat_train,rat,KIDNEY,PROT,M_2w,M 2w,training vs sedentary,M,2w,285,False,9148,285,159,126,0.5578947368421052,0.057833459920546525,0,0,0,1.2513869987510469,0.21082532449641486,136,149,0.34158655231949364,0.7326699063809863,1.810443869380137,0.07025978377792255,0.982898842503021,0.959318485144554,0.778979164477404,2w,"Rat kidney protein, male 2 wk"
rat_train|KIDNEY|PROT|M_4w,rat_train,rat,KIDNEY,PROT,M_4w,M 4w,training vs sedentary,M,4w,286,False,9148,285,151,134,0.5298245614035088,0.3432675886917167,0,0,0,1.1198480035233558,0.2628079457413751,136,149,0.5122177493007116,0.6085109905510765,1.4367270434384407,0.15082977303943065,0.982898842503021,0.8909687676716351,0.9637427088386779,4w,"Rat kidney protein, male 4 wk"
rat_train|KIDNEY|PROT|M_8w,rat_train,rat,KIDNEY,PROT,M_8w,M 8w,training vs sedentary,M,8w,287,False,9148,285,163,122,0.5719298245614035,0.01766275341344432,6,4,2,0.5724784246858936,0.5670119701112433,136,149,0.22854564402729174,0.8192271856706896,0.7596579607701085,0.4474786430406308,0.982898842503021,0.971106383014132,0.9637427088386779,8w,"Rat kidney protein, male 8 wk"
rat_train|KIDNEY|PHOSPHO|F_1w,rat_train,rat,KIDNEY,PHOSPHO,F_1w,F 1w,training vs sedentary,F,1w,288,False,5469,170,83,87,0.48823529411764705,0.8181059679029441,0,0,0,-0.5084327884420305,0.6111703782974397,60,110,-0.5714255496914927,0.5677347043502672,-0.3486768491587967,0.7273453532671654,0.982898842503021,0.8832998669006838,0.9955665781066985,1w,"Rat kidney phosphosite, female 1 wk"
rat_train|KIDNEY|PHOSPHO|F_2w,rat_train,rat,KIDNEY,PHOSPHO,F_2w,F 2w,training vs sedentary,F,2w,289,False,5469,170,92,78,0.5411764705882353,0.3187412841052537,0,0,0,0.274153671749723,0.7839768869185293,60,110,0.2789355064094,0.7803048697453583,0.20710855220348273,0.8359327965873053,0.982898842503021,0.959318485144554,0.9955665781066985,2w,"Rat kidney phosphosite, female 2 wk"
rat_train|KIDNEY|PHOSPHO|F_4w,rat_train,rat,KIDNEY,PHOSPHO,F_4w,F 4w,training vs sedentary,F,4w,290,False,5469,170,91,79,0.5352941176470588,0.3989271474964335,0,0,0,-0.00478400152754871,0.9961831081512985,60,110,0.20220678949968152,0.8397625893907553,-0.1277345675315768,0.8983637312481338,0.9961831081512985,0.9742399631360711,0.9955665781066985,4w,"Rat kidney phosphosite, female 4 wk"
rat_train|KIDNEY|PHOSPHO|F_8w,rat_train,rat,KIDNEY,PHOSPHO,F_8w,F 8w,training vs sedentary,F,8w,291,False,5469,170,88,82,0.5176470588235295,0.7014821003407139,0,0,0,0.5104893591580305,0.6097292782656825,60,110,0.7835731478358674,0.43332456144255893,0.2259297004505501,0.8212645429810427,0.982898842503021,0.8239961327866553,0.9955665781066985,8w,"Rat kidney phosphosite, female 8 wk"
rat_train|KIDNEY|PHOSPHO|M_1w,rat_train,rat,KIDNEY,PHOSPHO,M_1w,M 1w,training vs sedentary,M,1w,292,False,5469,170,96,74,0.5647058823529412,0.10698657283154892,0,0,0,1.3844851168688121,0.16626646612733328,60,110,0.7377069738603609,0.4607241948850819,1.4754586202480553,0.1401468731609685,0.982898842503021,0.8349878508529711,0.9387615948242651,1w,"Rat kidney phosphosite, male 1 wk"
rat_train|KIDNEY|PHOSPHO|M_2w,rat_train,rat,KIDNEY,PHOSPHO,M_2w,M 2w,training vs sedentary,M,2w,293,False,5469,170,91,79,0.5352941176470588,0.3989271474964335,0,0,0,1.1234244592637628,0.2613065958550639,60,110,0.9849596978940836,0.3246874554249486,0.9553920172295093,0.33942173201042747,0.982898842503021,0.7510152835898285,0.9637427088386779,2w,"Rat kidney phosphosite, male 2 wk"
rat_train|KIDNEY|PHOSPHO|M_4w,rat_train,rat,KIDNEY,PHOSPHO,M_4w,M 4w,training vs sedentary,M,4w,294,False,5469,170,97,73,0.5705882352941176,0.07742063790014964,0,0,0,0.8373604388952085,0.40242659897550626,60,110,1.1106089370566505,0.26678555777615914,0.4800025318553717,0.6312447961307953,0.982898842503021,0.7176344713340737,0.980263417605937,4w,"Rat kidney phosphosite, male 4 wk"
rat_train|KIDNEY|PHOSPHO|M_8w,rat_train,rat,KIDNEY,PHOSPHO,M_8w,M 8w,training vs sedentary,M,8w,295,False,5469,170,98,72,0.5764705882352941,0.05486518238547441,0,0,0,1.011609788703149,0.3117694327175666,60,110,0.2618795290722596,0.7934241883401916,1.2521415937048805,0.21057183849857064,0.982898842503021,0.959318485144554,0.9637427088386779,8w,"Rat kidney phosphosite, male 8 wk"
rat_train|LUNG|RNA|F_1w,rat_train,rat,LUNG,RNA,F_1w,F 1w,training vs sedentary,F,1w,296,False,14297,444,257,187,0.5788288288288288,0.001035780686091287,6,5,1,1.4128805689806125,0.1577126150349566,217,227,1.3639909682314262,0.17259188365328293,1.2389332792413505,0.2153905500542114,0.982898842503021,0.6278773698421155,0.9637427088386779,1w,"Rat lung RNA, female 1 wk"
rat_train|LUNG|RNA|F_2w,rat_train,rat,LUNG,RNA,F_2w,F 2w,training vs sedentary,F,2w,297,False,14291,443,253,190,0.5711060948081265,0.0031778142456424206,16,9,7,1.2510841874438898,0.2109242472017968,217,226,1.137634931723591,0.25529202932337064,1.157283966551783,0.24717570703385772,0.982898842503021,0.7176344713340737,0.9637427088386779,2w,"Rat lung RNA, female 2 wk"
rat_train|LUNG|RNA|F_4w,rat_train,rat,LUNG,RNA,F_4w,F 4w,training vs sedentary,F,4w,298,False,14296,444,230,214,0.5180180180180181,0.47658729601515804,4,3,1,1.082334945049054,0.279121981642344,217,227,1.1258778235559088,0.260236139850062,0.8663216451904755,0.3863283404168263,0.982898842503021,0.7176344713340737,0.9637427088386779,4w,"Rat lung RNA, female 4 wk"
rat_train|LUNG|RNA|F_8w,rat_train,rat,LUNG,RNA,F_8w,F 8w,training vs sedentary,F,8w,299,False,14297,443,215,228,0.4853273137697517,0.5686339759620872,0,0,0,-0.48510185836332415,0.627611527598791,217,226,0.3188347899436146,0.7498564537301446,-1.166089475579949,0.24359772580685052,0.982898842503021,0.959318485144554,0.9637427088386779,8w,"Rat lung RNA, female 8 wk"
rat_train|LUNG|RNA|M_1w,rat_train,rat,LUNG,RNA,M_1w,M 1w,training vs sedentary,M,1w,300,False,14293,444,231,213,0.5202702702702703,0.41982150967409093,1,0,1,0.7710199560317209,0.44070785002886703,217,227,-0.4307179637644073,0.666679951226189,1.7689346016263352,0.0769261148880697,0.982898842503021,0.9315759173966924,0.8115705120691354,1w,"Rat lung RNA, male 1 wk"
rat_train|LUNG|RNA|M_2w,rat_train,rat,LUNG,RNA,M_2w,M 2w,training vs sedentary,M,2w,301,False,14293,443,228,215,0.5146726862302483,0.5686339759620872,0,0,0,0.3876430476732645,0.6982859808006909,217,226,-0.7697969640854795,0.4414330645325486,1.409967468911881,0.158571051400926,0.982898842503021,0.8279322365899356,0.9637427088386779,2w,"Rat lung RNA, male 2 wk"
rat_train|LUNG|RNA|M_4w,rat_train,rat,LUNG,RNA,M_4w,M 4w,training vs sedentary,M,4w,302,False,14297,444,221,223,0.49774774774774777,0.9621553893559432,0,0,0,0.15938830726185957,0.87336520238724,217,227,-1.0578081986993397,0.29016076892323367,1.258836636999546,0.20810990096348794,0.982898842503021,0.7403563261571566,0.9637427088386779,4w,"Rat lung RNA, male 4 wk"
rat_train|LUNG|RNA|M_8w,rat_train,rat,LUNG,RNA,M_8w,M 8w,training vs sedentary,M,8w,303,False,14296,444,229,215,0.5157657657657657,0.5373134860544381,1,1,0,0.42028267503440275,0.6742852822450822,217,227,0.32691775623909874,0.7437348776900404,0.43894256728194453,0.6607097864799962,0.982898842503021,0.959318485144554,0.980263417605937,8w,"Rat lung RNA, male 8 wk"
rat_train|LUNG|PROT|F_1w,rat_train,rat,LUNG,PROT,F_1w,F 1w,training vs sedentary,F,1w,304,False,9922,314,159,155,0.5063694267515924,0.8655953253718333,0,0,0,0.00979392664162407,0.9921858990121116,154,160,-0.4732989465816422,0.6360103281027152,0.46598769502033965,0.6412345395413539,0.9961831081512985,0.9129127838753259,0.980263417605937,1w,"Rat lung protein, female 1 wk"
rat_train|LUNG|PROT|F_2w,rat_train,rat,LUNG,PROT,F_2w,F 2w,training vs sedentary,F,2w,305,False,9922,314,157,157,0.5,1.0,1,1,0,-0.3576607733370046,0.7206048011854969,154,160,-0.41560337742989845,0.6777092442487954,-0.23013437389342267,0.8179921003519686,0.982898842503021,0.9407674377401041,0.9955665781066985,2w,"Rat lung protein, female 2 wk"
rat_train|LUNG|PROT|F_4w,rat_train,rat,LUNG,PROT,F_4w,F 4w,training vs sedentary,F,4w,306,False,9922,314,164,150,0.5222929936305732,0.4632281435178685,0,0,0,-0.10993376808311801,0.9124641255355056,154,160,0.31835230089393185,0.7502244175960123,-0.4924150243292294,0.6224368777884466,0.982898842503021,0.959318485144554,0.980263417605937,4w,"Rat lung protein, female 4 wk"
rat_train|LUNG|PROT|F_8w,rat_train,rat,LUNG,PROT,F_8w,F 8w,training vs sedentary,F,8w,307,False,9922,314,152,162,0.4840764331210191,0.6115944971661514,0,0,0,-0.44781106944155097,0.654299332694068,154,160,-1.1421485530990352,0.25341984331737144,0.29973193680393456,0.7643879157705739,0.982898842503021,0.7176344713340737,0.9955665781066985,8w,"Rat lung protein, female 8 wk"
rat_train|LUNG|PROT|M_1w,rat_train,rat,LUNG,PROT,M_1w,M 1w,training vs sedentary,M,1w,308,False,9922,314,154,160,0.49044585987261147,0.7778690890699177,0,0,0,0.24125959988558712,0.8093589070555014,154,160,0.4427581999178471,0.6579502946824752,0.00296443996477751,0.9976347821933866,0.982898842503021,0.9227570759479665,0.9976347821933866,1w,"Rat lung protein, male 1 wk"
rat_train|LUNG|PROT|M_2w,rat_train,rat,LUNG,PROT,M_2w,M 2w,training vs sedentary,M,2w,309,False,9922,314,166,148,0.5286624203821656,0.3373854033502655,1,1,0,0.9367379901269777,0.34891615330443637,154,160,-0.6022196699609036,0.5470416883428633,2.194153676718427,0.02824747164205758,0.982898842503021,0.8832998669006838,0.5275742127832198,2w,"Rat lung protein, male 2 wk"
rat_train|LUNG|PROT|M_4w,rat_train,rat,LUNG,PROT,M_4w,M 4w,training vs sedentary,M,4w,310,False,9922,314,170,144,0.5414012738853503,0.1581850897208039,0,0,0,1.1474588725786994,0.25121969391249294,154,160,-0.26717932591291,0.7893366473111108,2.257220838320519,0.024015936035937258,0.982898842503021,0.959318485144554,0.5275742127832198,4w,"Rat lung protein, male 4 wk"
rat_train|LUNG|PROT|M_8w,rat_train,rat,LUNG,PROT,M_8w,M 8w,training vs sedentary,M,8w,311,False,9922,314,164,150,0.5222929936305732,0.4632281435178685,5,3,2,0.24572572100564635,0.805899643573961,154,160,-0.3532181775530812,0.723932386775597,0.7605013479706052,0.4469730387479085,0.982898842503021,0.959318485144554,0.9637427088386779,8w,"Rat lung protein, male 8 wk"
rat_train|LUNG|PHOSPHO|F_1w,rat_train,rat,LUNG,PHOSPHO,F_1w,F 1w,training vs sedentary,F,1w,312,False,5945,187,91,96,0.48663101604278075,0.7699893951857694,0,0,0,-0.14947216626961898,0.8811861426128715,63,124,0.3201114143349464,0.7488951265336696,-0.3967064235403249,0.6915982068297215,0.982898842503021,0.959318485144554,0.9859947408180489,1w,"Rat lung phosphosite, female 1 wk"
rat_train|LUNG|PHOSPHO|F_2w,rat_train,rat,LUNG,PHOSPHO,F_2w,F 2w,training vs sedentary,F,2w,313,False,5945,187,82,105,0.4385026737967914,0.10741108743413712,0,0,0,-1.330942734192924,0.18325891189700166,63,124,0.10908338713862248,0.913140034186837,-1.8984891097688013,0.05768007661423579,0.982898842503021,0.978534260681943,0.7376058282184091,2w,"Rat lung phosphosite, female 2 wk"
rat_train|LUNG|PHOSPHO|F_4w,rat_train,rat,LUNG,PHOSPHO,F_4w,F 4w,training vs sedentary,F,4w,314,False,5945,187,92,95,0.4919786096256685,0.8837712369289785,0,0,0,0.47647393635589247,0.6337542883991645,63,124,-0.31885184217757556,0.7498500693895971,0.8353073264295318,0.40357827205354724,0.982898842503021,0.959318485144554,0.9637427088386779,4w,"Rat lung phosphosite, female 4 wk"
rat_train|LUNG|PHOSPHO|F_8w,rat_train,rat,LUNG,PHOSPHO,F_8w,F 8w,training vs sedentary,F,8w,315,False,5945,187,83,104,0.44385026737967914,0.14338908065653874,0,0,0,-1.0461158155499979,0.295550109179276,63,124,0.2623425418024837,0.7930664593177502,-1.5977437672215724,0.11015317705453839,0.982898842503021,0.959318485144554,0.9008113461432224,8w,"Rat lung phosphosite, female 8 wk"
rat_train|LUNG|PHOSPHO|M_1w,rat_train,rat,LUNG,PHOSPHO,M_1w,M 1w,training vs sedentary,M,1w,316,False,5945,187,89,98,0.47593582887700536,0.5586523317417659,0,0,0,0.6334279659912185,0.5264785820962579,63,124,1.2717896983226493,0.2034976151353019,0.10279617307254721,0.918128210888869,0.982898842503021,0.6769587153588854,0.9955665781066985,1w,"Rat lung phosphosite, male 1 wk"
rat_train|LUNG|PHOSPHO|M_2w,rat_train,rat,LUNG,PHOSPHO,M_2w,M 2w,training vs sedentary,M,2w,317,False,5945,187,85,102,0.45454545454545453,0.24191033044427004,0,0,0,-0.44772559199389744,0.6543675685088999,63,124,-0.08371404144940106,0.9332866123894143,-0.5749453315503605,0.5653500346169656,0.982898842503021,0.9840851087959251,0.9787355359820828,2w,"Rat lung phosphosite, male 2 wk"
rat_train|LUNG|PHOSPHO|M_4w,rat_train,rat,LUNG,PHOSPHO,M_4w,M 4w,training vs sedentary,M,4w,318,False,5945,187,94,93,0.5026737967914439,1.0,1,1,0,0.525841492953935,0.599017962439564,63,124,-0.303362609847736,0.7616241557266034,0.8949261406277761,0.3708628145718643,0.982898842503021,0.959318485144554,0.9637427088386779,4w,"Rat lung phosphosite, male 4 wk"
rat_train|LUNG|PHOSPHO|M_8w,rat_train,rat,LUNG,PHOSPHO,M_8w,M 8w,training vs sedentary,M,8w,319,False,5945,187,99,88,0.5294117647058824,0.46470690460290404,0,0,0,0.6723365960221075,0.5013955746720218,63,124,-0.0145341264489892,0.9884043410316916,0.9287281018652858,0.3530677316913803,0.982898842503021,0.9978627557784064,0.9637427088386779,8w,"Rat lung phosphosite, male 8 wk"
rat_train|CORTEX|RNA|F_1w,rat_train,rat,CORTEX,RNA,F_1w,F 1w,training vs sedentary,F,1w,320,False,14368,430,209,221,0.48604651162790696,0.5958395617348092,1,0,1,-0.02887812020783802,0.9769621970227645,203,227,-0.07252714758579717,0.942183411369334,0.01281388320960117,0.9897764581386713,0.9952237881535614,0.9840851087959251,0.9955665781066985,1w,"Rat cortex RNA, female 1 wk"
rat_train|CORTEX|RNA|F_2w,rat_train,rat,CORTEX,RNA,F_2w,F 2w,training vs sedentary,F,2w,321,False,14367,430,242,188,0.5627906976744186,0.010508198487321053,0,0,0,0.8105771638467455,0.4176219637037041,203,227,0.5279640103622448,0.59753247058869,0.9328098865369613,0.3509338135524941,0.982898842503021,0.8832998669006838,0.9637427088386779,2w,"Rat cortex RNA, female 2 wk"
rat_train|CORTEX|RNA|F_4w,rat_train,rat,CORTEX,RNA,F_4w,F 4w,training vs sedentary,F,4w,322,False,14367,430,205,225,0.47674418604651164,0.3595450662792664,0,0,0,-0.6216476630974709,0.5341834378668493,203,227,0.6073415614699305,0.5436338617356997,-1.6108077396562146,0.10724360441297465,0.982898842503021,0.8832998669006838,0.9008113461432224,4w,"Rat cortex RNA, female 4 wk"
rat_train|CORTEX|RNA|F_8w,rat_train,rat,CORTEX,RNA,F_8w,F 8w,training vs sedentary,F,8w,323,False,14368,430,198,232,0.4604651162790698,0.11141298001432594,0,0,0,-1.3910529183413989,0.16423092343100557,203,227,0.1859819602344452,0.8524615340018329,-2.5716664484234646,0.010130996704660394,0.982898842503021,0.9742399631360711,0.2672050380854179,8w,"Rat cortex RNA, female 8 wk"
rat_train|CORTEX|RNA|M_1w,rat_train,rat,CORTEX,RNA,M_1w,M 1w,training vs sedentary,M,1w,324,False,14369,430,237,193,0.5511627906976744,0.037988922294645046,0,0,0,1.4323847349598993,0.1520555011167453,203,227,1.1104160388565503,0.2668383738658928,1.4898157322597079,0.1362946449721668,0.982898842503021,0.7176344713340737,0.9387615948242651,1w,"Rat cortex RNA, male 1 wk"
rat_train|CORTEX|RNA|M_2w,rat_train,rat,CORTEX,RNA,M_2w,M 2w,training vs sedentary,M,2w,325,False,14369,430,221,209,0.513953488372093,0.5958395617348092,0,0,0,0.14359850860841464,0.8858195323503233,203,227,0.37175586514158804,0.7100801092189626,-0.07737330751543046,0.9383276520698582,0.982898842503021,0.959318485144554,0.9955665781066985,2w,"Rat cortex RNA, male 2 wk"
rat_train|CORTEX|RNA|M_4w,rat_train,rat,CORTEX,RNA,M_4w,M 4w,training vs sedentary,M,4w,326,False,14369,430,225,205,0.5232558139534884,0.3595450662792664,0,0,0,-0.08284910698391337,0.9339726757787102,203,227,1.14575393796911,0.25191606290324836,-1.152788638628126,0.24901632837484305,0.9830414245316847,0.7176344713340737,0.9637427088386779,4w,"Rat cortex RNA, male 4 wk"
rat_train|CORTEX|RNA|M_8w,rat_train,rat,CORTEX,RNA,M_8w,M 8w,training vs sedentary,M,8w,327,False,14367,430,223,207,0.5186046511627908,0.4694974800749007,0,0,0,0.2108689067906158,0.8329925583907805,203,227,0.5472816894562441,0.5841937235540933,-0.12092492869831248,0.9037521880946773,0.982898842503021,0.8832998669006838,0.9955665781066985,8w,"Rat cortex RNA, male 8 wk"
rat_train|CORTEX|PROT|F_1w,rat_train,rat,CORTEX,PROT,F_1w,F 1w,training vs sedentary,F,1w,328,False,10021,299,157,142,0.5250836120401338,0.4181919003115906,0,0,0,-0.457903212038938,0.6470319094092413,139,160,-1.0478369509048975,0.29473901136114294,0.15797099564975964,0.8744828373889824,0.982898842503021,0.7403563261571566,0.9955665781066985,1w,"Rat cortex protein, female 1 wk"
rat_train|CORTEX|PROT|F_2w,rat_train,rat,CORTEX,PROT,F_2w,F 2w,training vs sedentary,F,2w,329,False,10021,299,154,145,0.5150501672240803,0.6436869744705723,0,0,0,-0.1425695215838978,0.8866330366221955,139,160,-0.7911737923610287,0.4288613110951033,0.45913021521685016,0.6461506205025147,0.982898842503021,0.8239961327866553,0.980263417605937,2w,"Rat cortex protein, female 2 wk"
rat_train|CORTEX|PROT|F_4w,rat_train,rat,CORTEX,PROT,F_4w,F 4w,training vs sedentary,F,4w,330,False,10021,299,139,160,0.46488294314381273,0.24737959546543026,0,0,0,-1.1877395220426328,0.23496420428540377,139,160,-1.5541192665962462,0.12018755575115665,-0.6281326154762037,0.5299313857954355,0.982898842503021,0.5763539605339558,0.9650299646059108,4w,"Rat cortex protein, female 4 wk"
rat_train|CORTEX|PROT|F_8w,rat_train,rat,CORTEX,PROT,F_8w,F 8w,training vs sedentary,F,8w,331,False,10021,299,131,168,0.43812709030100333,0.03717136190072105,0,0,0,-1.1349977841546297,0.25640339890485303,139,160,-1.5177765633964584,0.1291022866290718,-0.5718744488661588,0.5674198651271052,0.982898842503021,0.5769678700619255,0.9787355359820828,8w,"Rat cortex protein, female 8 wk"
rat_train|CORTEX|PROT|M_1w,rat_train,rat,CORTEX,PROT,M_1w,M 1w,training vs sedentary,M,1w,332,False,10021,299,147,152,0.4916387959866221,0.817109214229002,0,0,0,0.6465423958883638,0.5179429598987176,139,160,1.1461247097715215,0.25177092763140346,0.09066040776195045,0.9277642433875253,0.982898842503021,0.7176344713340737,0.9955665781066985,1w,"Rat cortex protein, male 1 wk"
rat_train|CORTEX|PROT|M_2w,rat_train,rat,CORTEX,PROT,M_2w,M 2w,training vs sedentary,M,2w,333,False,10021,299,163,136,0.5451505016722408,0.1325435110015917,0,0,0,0.9765807493012748,0.3288003319610604,139,160,0.7832878034920544,0.4334766385749703,0.9510127722288839,0.3416208327296085,0.982898842503021,0.8239961327866553,0.9637427088386779,2w,"Rat cortex protein, male 2 wk"
rat_train|CORTEX|PROT|M_4w,rat_train,rat,CORTEX,PROT,M_4w,M 4w,training vs sedentary,M,4w,334,False,10021,299,160,139,0.5351170568561873,0.24737959546543026,0,0,0,0.7920366845233444,0.4283580382245127,139,160,0.7275001110442868,0.4669366467489836,0.6933036236600962,0.48813510084014355,0.982898842503021,0.8349878508529711,0.9637427088386779,4w,"Rat cortex protein, male 4 wk"
rat_train|CORTEX|PROT|M_8w,rat_train,rat,CORTEX,PROT,M_8w,M 8w,training vs sedentary,M,8w,335,False,10021,299,140,159,0.4682274247491639,0.2978802299362041,0,0,0,0.1206819122013779,0.9039454062097247,139,160,0.5923740247609542,0.5536135244222097,-0.31249596289702936,0.7546701343078983,0.982898842503021,0.8832998669006838,0.9955665781066985,8w,"Rat cortex protein, male 8 wk"
rat_train|CORTEX|PHOSPHO|F_1w,rat_train,rat,CORTEX,PHOSPHO,F_1w,F 1w,training vs sedentary,F,1w,336,False,5838,172,101,71,0.5872093023255814,0.026730285527994113,0,0,0,0.7694866418878471,0.4416356136702081,67,105,0.6809388400590298,0.4959372063232531,0.653095376469877,0.5137205198139605,0.982898842503021,0.8542265349731135,0.9637427088386779,1w,"Rat cortex phosphosite, female 1 wk"
rat_train|CORTEX|PHOSPHO|F_2w,rat_train,rat,CORTEX,PHOSPHO,F_2w,F 2w,training vs sedentary,F,2w,337,False,5838,172,87,85,0.5058139534883721,0.9392502353738333,0,0,0,-0.5977070637314218,0.5500586026546934,67,105,-2.0003023010094236,0.045513881517794536,0.5422826356054118,0.5876445211133603,0.982898842503021,0.3257416122646353,0.980263417605937,2w,"Rat cortex phosphosite, female 2 wk"
rat_train|CORTEX|PHOSPHO|F_4w,rat_train,rat,CORTEX,PHOSPHO,F_4w,F 4w,training vs sedentary,F,4w,338,False,5838,172,88,84,0.5116279069767442,0.8191472524347492,0,0,0,-0.17833058260995932,0.8584695520212854,67,105,-1.2985097851084406,0.1941635233876861,0.6629790997133471,0.5073701235099917,0.982898842503021,0.6769587153588854,0.9637427088386779,4w,"Rat cortex phosphosite, female 4 wk"
rat_train|CORTEX|PHOSPHO|F_8w,rat_train,rat,CORTEX,PHOSPHO,F_8w,F 8w,training vs sedentary,F,8w,339,False,5838,172,95,77,0.5523255813953488,0.19474748306428266,0,0,0,-0.1742143289494281,0.8617030675992794,67,105,-1.8050883476852961,0.07111237759066857,1.0227931504360064,0.3064480511196032,0.982898842503021,0.4226679344121428,0.9637427088386779,8w,"Rat cortex phosphosite, female 8 wk"
rat_train|CORTEX|PHOSPHO|M_1w,rat_train,rat,CORTEX,PHOSPHO,M_1w,M 1w,training vs sedentary,M,1w,340,False,5838,172,88,84,0.5116279069767442,0.8191472524347492,0,0,0,0.30144845470426157,0.7630832901850143,67,105,0.05909994929446893,0.9528745225075055,0.4006138665018055,0.6887190995623207,0.982898842503021,0.9879927481527453,0.9859947408180489,1w,"Rat cortex phosphosite, male 1 wk"
rat_train|CORTEX|PHOSPHO|M_2w,rat_train,rat,CORTEX,PHOSPHO,M_2w,M 2w,training vs sedentary,M,2w,341,False,5838,172,91,81,0.5290697674418605,0.49267221764855357,7,4,3,0.29682710397953177,0.7666090748008277,67,105,0.7340959385154356,0.46291975992327117,-0.07308062296210178,0.9417444655012439,0.982898842503021,0.8349878508529711,0.9955665781066985,2w,"Rat cortex phosphosite, male 2 wk"
rat_train|CORTEX|PHOSPHO|M_4w,rat_train,rat,CORTEX,PHOSPHO,M_4w,M 4w,training vs sedentary,M,4w,342,False,5838,172,91,81,0.5290697674418605,0.49267221764855357,4,2,2,0.5813392632731105,0.5610342744105484,67,105,1.0321821911870404,0.3020295479539857,0.12633170612003372,0.8994737113524491,0.982898842503021,0.7410827778948017,0.9955665781066985,4w,"Rat cortex phosphosite, male 4 wk"
rat_train|CORTEX|PHOSPHO|M_8w,rat_train,rat,CORTEX,PHOSPHO,M_8w,M 8w,training vs sedentary,M,8w,343,False,5838,172,88,84,0.5116279069767442,0.8191472524347492,0,0,0,0.11989979987207228,0.9045666501697037,67,105,-0.7284568675260844,0.4663631909790933,0.6880424479438412,0.49145339671904953,0.982898842503021,0.8349878508529711,0.9637427088386779,8w,"Rat cortex phosphosite, male 8 wk"
rat_train|ADRNL|RNA|F_1w,rat_train,rat,ADRNL,RNA,F_1w,F 1w,training vs sedentary,F,1w,344,False,13894,431,234,197,0.54292343387471,0.08278815457070166,20,9,11,1.4090059086225226,0.1588558033870951,205,226,1.3713226743653775,0.170296540105968,1.2085742322601174,0.22684703185897484,0.982898842503021,0.6278773698421155,0.9637427088386779,1w,"Rat adrenal RNA, female 1 wk"
rat_train|ADRNL|RNA|F_2w,rat_train,rat,ADRNL,RNA,F_2w,F 2w,training vs sedentary,F,2w,345,False,13910,431,224,207,0.5197215777262181,0.44092515908856483,53,29,24,1.0989234353459516,0.2718204860439391,205,226,2.693814063327386,0.007072431034882991,-0.5130955784323811,0.6078926139056302,0.982898842503021,0.09044139080971582,0.980263417605937,2w,"Rat adrenal RNA, female 2 wk"
rat_train|ADRNL|RNA|F_4w,rat_train,rat,ADRNL,RNA,F_4w,F 4w,training vs sedentary,F,4w,346,False,13917,431,222,209,0.5150812064965197,0.5633013458084762,1,0,1,0.746217702437471,0.455548522315824,205,226,1.8830383261588426,0.059716014716097825,-0.39963130979732614,0.6894342256474111,0.982898842503021,0.39375247203427005,0.9859947408180489,4w,"Rat adrenal RNA, female 4 wk"
rat_train|ADRNL|RNA|F_8w,rat_train,rat,ADRNL,RNA,F_8w,F 8w,training vs sedentary,F,8w,347,False,13870,429,231,198,0.5384615384615384,0.12225175533080523,53,24,29,1.2103644589063904,0.22615970209430572,204,225,2.457487089881429,0.014003433141843859,-0.10590347863428129,0.9156604657659934,0.982898842503021,0.15971483205021914,0.9955665781066985,8w,"Rat adrenal RNA, female 8 wk"
rat_train|ADRNL|RNA|M_1w,rat_train,rat,ADRNL,RNA,M_1w,M 1w,training vs sedentary,M,1w,348,False,13838,430,209,221,0.48604651162790696,0.5958395617348092,57,22,35,-0.890404511199962,0.373264202964257,205,225,-1.867551995061812,0.06184566920601155,0.13810604662919287,0.8901586168032254,0.982898842503021,0.39547532588734446,0.9955665781066985,1w,"Rat adrenal RNA, male 1 wk"
rat_train|ADRNL|RNA|M_2w,rat_train,rat,ADRNL,RNA,M_2w,M 2w,training vs sedentary,M,2w,349,False,13874,431,180,251,0.4176334106728538,0.0007285436637669438,0,0,0,-1.3199922329345273,0.1868593922758853,205,226,-1.0032580069232973,0.3157538912152788,-1.4116370485231062,0.15807928674353078,0.982898842503021,0.744403028451663,0.9637427088386779,2w,"Rat adrenal RNA, male 2 wk"
rat_train|ADRNL|RNA|M_4w,rat_train,rat,ADRNL,RNA,M_4w,M 4w,training vs sedentary,M,4w,350,False,13875,431,195,236,0.45243619489559167,0.05388686274760238,1,1,0,-0.3053115004683598,0.7601334982325717,205,226,-0.2916557954660288,0.7705541712156764,-0.2726471615579169,0.7851285131090444,0.982898842503021,0.959318485144554,0.9955665781066985,4w,"Rat adrenal RNA, male 4 wk"
rat_train|ADRNL|RNA|M_8w,rat_train,rat,ADRNL,RNA,M_8w,M 8w,training vs sedentary,M,8w,351,False,13865,431,194,237,0.45011600928074247,0.042941156141812535,9,6,3,-1.3573068994868447,0.17470581199592472,205,226,-2.2742520242390794,0.022966050778843106,-0.31110483227554103,0.7557256053716539,0.982898842503021,0.21068855279721285,0.9955665781066985,8w,"Rat adrenal RNA, male 8 wk"
rat_train|BAT|RNA|F_1w,rat_train,rat,BAT,RNA,F_1w,F 1w,training vs sedentary,F,1w,352,False,13603,429,217,212,0.5058275058275058,0.8468919457990527,10,5,5,0.09784999883474606,0.9220528463821448,207,222,0.8246423109445159,0.4095891542483502,-0.5815768719675756,0.5608613633689365,0.9830414245316847,0.8117480248142624,0.9787355359820828,1w,"Rat brown adipose RNA, female 1 wk"
rat_train|BAT|RNA|F_2w,rat_train,rat,BAT,RNA,F_2w,F 2w,training vs sedentary,F,2w,353,False,13537,431,217,214,0.5034802784222738,0.9232679402783629,7,3,4,0.11242104467984843,0.9104912370095177,207,224,0.969748442810411,0.33218922586737387,-0.6828599753707734,0.49470701459942157,0.982898842503021,0.7561611015050556,0.9637427088386779,2w,"Rat brown adipose RNA, female 2 wk"
rat_train|BAT|RNA|F_4w,rat_train,rat,BAT,RNA,F_4w,F 4w,training vs sedentary,F,4w,354,False,13513,428,212,216,0.4953271028037383,0.8847245002880627,3,3,0,0.22191485879499026,0.8243835172312324,207,221,1.4084054055395787,0.15903406966038225,-0.9017561854950245,0.3672024736725523,0.982898842503021,0.6191545811925036,0.9637427088386779,4w,"Rat brown adipose RNA, female 4 wk"
rat_train|BAT|RNA|F_8w,rat_train,rat,BAT,RNA,F_8w,F 8w,training vs sedentary,F,8w,355,False,13619,431,215,216,0.4988399071925754,1.0,0,0,0,-0.25310323301692067,0.8001922613634453,207,224,-0.8249183900446598,0.4094323750712586,0.3084943059539591,0.757710951382168,0.982898842503021,0.8117480248142624,0.9955665781066985,8w,"Rat brown adipose RNA, female 8 wk"
rat_train|BAT|RNA|M_1w,rat_train,rat,BAT,RNA,M_1w,M 1w,training vs sedentary,M,1w,356,False,13509,427,224,203,0.5245901639344263,0.33311663894647103,0,0,0,0.47165005713030766,0.6371842091139068,204,223,0.10849101766940994,0.9136078168452264,0.718147394418705,0.47267883105542485,0.982898842503021,0.978534260681943,0.9637427088386779,1w,"Rat brown adipose RNA, male 1 wk"
rat_train|BAT|RNA|M_2w,rat_train,rat,BAT,RNA,M_2w,M 2w,training vs sedentary,M,2w,357,False,13521,426,214,212,0.5023474178403756,0.9613650464432594,1,0,1,-0.08266102322797483,0.9341223015099659,204,222,0.14884921338179016,0.8816748366547458,-0.27497657002066084,0.7833384411725772,0.9830414245316847,0.9742399631360711,0.9955665781066985,2w,"Rat brown adipose RNA, male 2 wk"
rat_train|BAT|RNA|M_4w,rat_train,rat,BAT,RNA,M_4w,M 4w,training vs sedentary,M,4w,358,False,13578,427,201,226,0.4707259953161593,0.24543052709294252,0,0,0,-1.3866985200247965,0.16555648096904496,205,222,-2.198260448672456,0.02794736759637041,-0.41328527072197424,0.679404147610714,0.982898842503021,0.24068957399323085,0.9859947408180489,4w,"Rat brown adipose RNA, male 4 wk"
rat_train|BAT|RNA|M_8w,rat_train,rat,BAT,RNA,M_8w,M 8w,training vs sedentary,M,8w,359,False,13448,425,201,224,0.47294117647058825,0.2858882172039796,60,34,26,-0.4419630590227807,0.6585230456825701,202,223,-1.6344682228358938,0.10218398307534222,0.694374700827543,0.48745925213209873,0.982898842503021,0.5248498021796915,0.9637427088386779,8w,"Rat brown adipose RNA, male 8 wk"
rat_train|BLOOD|RNA|F_1w,rat_train,rat,BLOOD,RNA,F_1w,F 1w,training vs sedentary,F,1w,360,False,11653,414,213,201,0.5144927536231884,0.5888225418579743,1,1,0,1.1942733082226435,0.23239538811667593,205,209,0.6214242754899614,0.5343326617723292,1.54035976310966,0.123499840782423,0.982898842503021,0.8832998669006838,0.9274407198483604,1w,"Rat blood RNA, female 1 wk"
rat_train|BLOOD|RNA|F_2w,rat_train,rat,BLOOD,RNA,F_2w,F 2w,training vs sedentary,F,2w,361,False,11684,415,217,198,0.5228915662650603,0.37694147605679673,0,0,0,0.4767471841544862,0.6335510766203147,206,209,0.03972438551816304,0.968313539010633,0.8150230352476662,0.415075739789289,0.982898842503021,0.9915834839313636,0.9637427088386779,2w,"Rat blood RNA, female 2 wk"
rat_train|BLOOD|RNA|F_4w,rat_train,rat,BLOOD,RNA,F_4w,F 4w,training vs sedentary,F,4w,362,False,11809,415,225,190,0.5421686746987951,0.09499985048868204,0,0,0,0.6913981687330236,0.48932894844525576,206,209,1.0275927470341342,0.30416248816580826,0.2588902858359252,0.7957244065812455,0.982898842503021,0.7410827778948017,0.9955665781066985,4w,"Rat blood RNA, female 4 wk"
rat_train|BLOOD|RNA|F_8w,rat_train,rat,BLOOD,RNA,F_8w,F 8w,training vs sedentary,F,8w,363,False,11731,415,194,221,0.4674698795180723,0.20179633046201303,0,0,0,-0.4271247234906854,0.6692963264090781,206,209,-0.11687361409617038,0.9069622087764209,-0.6654605823212801,0.5057690327802049,0.982898842503021,0.978534260681943,0.9637427088386779,8w,"Rat blood RNA, female 8 wk"
rat_train|BLOOD|RNA|M_1w,rat_train,rat,BLOOD,RNA,M_1w,M 1w,training vs sedentary,M,1w,364,False,11755,414,191,223,0.4613526570048309,0.1275156936165109,41,13,28,-2.2095079446620725,0.027158538791163308,205,209,-4.457787941011263,8.357679541616577e-06,0.31906744861427433,0.7496810371350582,0.5457573033271864,0.00027369134795698447,0.9955665781066985,1w,"Rat blood RNA, male 1 wk"
rat_train|BLOOD|RNA|M_2w,rat_train,rat,BLOOD,RNA,M_2w,M 2w,training vs sedentary,M,2w,365,False,11704,414,196,218,0.47342995169082125,0.3020221800141792,35,12,23,-1.8131708876087582,0.06983107705999102,205,209,-4.248374087110766,2.1699380707877136e-05,0.8236963827772861,0.41012888196030417,0.8929913490701881,0.0005386552152190678,0.9637427088386779,2w,"Rat blood RNA, male 2 wk"
rat_train|BLOOD|RNA|M_4w,rat_train,rat,BLOOD,RNA,M_4w,M 4w,training vs sedentary,M,4w,366,False,11782,413,210,203,0.5084745762711864,0.7678517111510461,0,0,0,-0.8359533068479437,0.4031981271905708,204,209,-1.783805251913996,0.07448105008792341,0.20974782656567167,0.8338681227205214,0.982898842503021,0.43654171023755106,0.9955665781066985,4w,"Rat blood RNA, male 4 wk"
rat_train|BLOOD|RNA|M_8w,rat_train,rat,BLOOD,RNA,M_8w,M 8w,training vs sedentary,M,8w,367,False,11688,413,177,236,0.42857142857142855,0.004261364560626402,80,28,52,-2.93085627017828,0.0033868371876547227,205,208,-4.45591649613296,8.431250055546915e-06,-0.9589445434069924,0.3376065224354883,0.10208894951359235,0.00027369134795698447,0.9637427088386779,8w,"Rat blood RNA, male 8 wk"
rat_train|COLON|RNA|F_1w,rat_train,rat,COLON,RNA,F_1w,F 1w,training vs sedentary,F,1w,368,False,14365,430,210,220,0.4883720930232558,0.6643247590654745,2,2,0,0.05819614634293341,0.9535931998719531,203,227,0.034115286511092684,0.972785692766788,0.06706552713502231,0.9465304709200064,0.9894985847029067,0.9915834839313636,0.9955665781066985,1w,"Rat colon RNA, female 1 wk"
rat_train|COLON|RNA|F_2w,rat_train,rat,COLON,RNA,F_2w,F 2w,training vs sedentary,F,2w,369,False,14344,429,225,204,0.5244755244755245,0.33424645931291624,3,1,2,0.6963351847450292,0.4862302280198173,203,226,0.5375459178969547,0.5908989161378131,0.7242971615135595,0.4688951339259485,0.982898842503021,0.8832998669006838,0.9637427088386779,2w,"Rat colon RNA, female 2 wk"
rat_train|COLON|RNA|F_4w,rat_train,rat,COLON,RNA,F_4w,F 4w,training vs sedentary,F,4w,370,False,14366,430,216,214,0.5023255813953489,0.9615449538285994,0,0,0,0.5726790374282713,0.5668709970276885,203,227,0.810936709725526,0.4174154535182345,0.279162587608263,0.780124072544908,0.982898842503021,0.8117480248142624,0.9955665781066985,4w,"Rat colon RNA, female 4 wk"
rat_train|COLON|RNA|F_8w,rat_train,rat,COLON,RNA,F_8w,F 8w,training vs sedentary,F,8w,371,False,14363,430,208,222,0.48372093023255813,0.5307631298821434,5,2,3,-1.0520152951745934,0.29281023316757737,203,227,1.144032941190615,0.25262904418262105,-2.819618613043804,0.004814659763023498,0.982898842503021,0.7176344713340737,0.15490924217974056,8w,"Rat colon RNA, female 8 wk"
rat_train|COLON|RNA|M_1w,rat_train,rat,COLON,RNA,M_1w,M 1w,training vs sedentary,M,1w,372,False,14359,430,234,196,0.5441860465116279,0.07425243854986141,0,0,0,0.7188954024006031,0.4722170694037291,203,227,0.15975337836115636,0.8730775982920138,1.107457718465218,0.2681146366890449,0.982898842503021,0.9742399631360711,0.9637427088386779,1w,"Rat colon RNA, male 1 wk"
rat_train|COLON|RNA|M_2w,rat_train,rat,COLON,RNA,M_2w,M 2w,training vs sedentary,M,2w,373,False,14364,430,208,222,0.48372093023255813,0.5307631298821434,0,0,0,-0.5652334266054927,0.5719238326254503,203,227,-0.2857733488240454,0.7750558431786747,-0.7245786478336095,0.4687223655713475,0.982898842503021,0.959318485144554,0.9637427088386779,2w,"Rat colon RNA, male 2 wk"
rat_train|COLON|RNA|M_4w,rat_train,rat,COLON,RNA,M_4w,M 4w,training vs sedentary,M,4w,374,False,14349,429,199,230,0.46386946386946387,0.1474151432514756,0,0,0,-1.144293300220629,0.25252111125143895,203,226,0.8183345654680071,0.4131797652838066,-2.6993050757018797,0.006956585282714918,0.982898842503021,0.8117480248142624,0.1957119326203797,4w,"Rat colon RNA, male 4 wk"
rat_train|COLON|RNA|M_8w,rat_train,rat,COLON,RNA,M_8w,M 8w,training vs sedentary,M,8w,375,False,14360,430,219,211,0.5093023255813953,0.7357311259505264,0,0,0,-0.733406945273479,0.46332223869860867,203,227,0.7094091401732862,0.4780821367550334,-1.8740689208995853,0.060941217613059845,0.982898842503021,0.8406358207512824,0.7563880539032722,8w,"Rat colon RNA, male 8 wk"
rat_train|HIPPOC|RNA|F_1w,rat_train,rat,HIPPOC,RNA,F_1w,F 1w,training vs sedentary,F,1w,376,False,14460,429,224,205,0.5221445221445221,0.38484367324561514,0,0,0,-0.8004180358155634,0.4234817865396703,203,226,-1.6270700403833398,0.1037440146135523,0.0808213701161363,0.935585131442825,0.982898842503021,0.5248498021796915,0.9955665781066985,1w,"Rat hippocampus RNA, female 1 wk"
rat_train|HIPPOC|RNA|F_2w,rat_train,rat,HIPPOC,RNA,F_2w,F 2w,training vs sedentary,F,2w,377,False,14447,429,216,213,0.5034965034965035,0.9230899076571981,0,0,0,0.16673212378346902,0.8675831619259966,203,226,-0.2713788580622463,0.7861035389173086,0.5249794594818167,0.5996055270184052,0.982898842503021,0.959318485144554,0.980263417605937,2w,"Rat hippocampus RNA, female 2 wk"
rat_train|HIPPOC|RNA|F_4w,rat_train,rat,HIPPOC,RNA,F_4w,F 4w,training vs sedentary,F,4w,378,False,14463,429,221,208,0.5151515151515151,0.5623933025733233,0,0,0,-0.18211940549402542,0.8554915727328106,203,226,-1.4680243148660694,0.14211936774153391,0.9920804414115958,0.3211748859451401,0.982898842503021,0.5769678700619255,0.9637427088386779,4w,"Rat hippocampus RNA, female 4 wk"
rat_train|HIPPOC|RNA|F_8w,rat_train,rat,HIPPOC,RNA,F_8w,F 8w,training vs sedentary,F,8w,379,False,14451,428,214,214,0.5,1.0,0,0,0,-0.7156295659314854,0.47423167635796815,203,225,-1.5336738577159295,0.1251318024656248,0.12648737366554513,0.8993479030954585,0.982898842503021,0.5769678700619255,0.9955665781066985,8w,"Rat hippocampus RNA, female 8 wk"
rat_train|HIPPOC|RNA|M_1w,rat_train,rat,HIPPOC,RNA,M_1w,M 1w,training vs sedentary,M,1w,380,False,14452,428,206,222,0.48130841121495327,0.46846127458133197,0,0,0,0.22853491725947295,0.8192336481134956,202,226,0.63853829999088,0.5231334505972529,-0.16713923315884177,0.8672628353471756,0.982898842503021,0.8793009787785794,0.9955665781066985,1w,"Rat hippocampus RNA, male 1 wk"
rat_train|HIPPOC|RNA|M_2w,rat_train,rat,HIPPOC,RNA,M_2w,M 2w,training vs sedentary,M,2w,381,False,14456,429,211,218,0.49184149184149184,0.7720985546664039,0,0,0,0.08456280826798697,0.932610138962773,203,226,1.2576414214483156,0.20854178435226328,-0.963768027550532,0.33517836306424265,0.9830414245316847,0.6769587153588854,0.9637427088386779,2w,"Rat hippocampus RNA, male 2 wk"
rat_train|HIPPOC|RNA|M_4w,rat_train,rat,HIPPOC,RNA,M_4w,M 4w,training vs sedentary,M,4w,382,False,14464,428,223,205,0.5210280373831776,0.41126273133634855,0,0,0,-0.024200515181206386,0.9806930010835913,202,226,0.48060637740112594,0.6308035519690643,-0.45724290525528827,0.6475033307940816,0.9952237881535614,0.9085293478871849,0.980263417605937,4w,"Rat hippocampus RNA, male 4 wk"
rat_train|HIPPOC|RNA|M_8w,rat_train,rat,HIPPOC,RNA,M_8w,M 8w,training vs sedentary,M,8w,383,False,14454,429,187,242,0.4358974358974359,0.009051665798453248,0,0,0,-0.3088376217523328,0.75744950088054,203,226,1.0693288117458812,0.28493939196959484,-1.4807277194232917,0.138700944088891,0.982898842503021,0.7403563261571566,0.9387615948242651,8w,"Rat hippocampus RNA, male 8 wk"
rat_train|HYPOTH|RNA|F_1w,rat_train,rat,HYPOTH,RNA,F_1w,F 1w,training vs sedentary,F,1w,384,False,14717,437,223,214,0.5102974828375286,0.7019945926332307,0,0,0,-0.21508704203465356,0.8297024371900616,209,228,-0.4508098077337068,0.6521332743981503,0.0369148103306291,0.9705534316000304,0.982898842503021,0.9206559796876785,0.9955665781066985,1w,"Rat hypothalamus RNA, female 1 wk"
rat_train|HYPOTH|RNA|F_2w,rat_train,rat,HYPOTH,RNA,F_2w,F 2w,training vs sedentary,F,2w,385,False,14718,437,212,225,0.4851258581235698,0.5659921038548631,0,0,0,-0.281305155038843,0.7784803118266359,209,228,-0.05094914515188919,0.9593667356549365,-0.4443416282050364,0.656802142799163,0.982898842503021,0.9898600548811325,0.980263417605937,2w,"Rat hypothalamus RNA, female 2 wk"
rat_train|HYPOTH|RNA|F_4w,rat_train,rat,HYPOTH,RNA,F_4w,F 4w,training vs sedentary,F,4w,386,False,14713,437,220,217,0.5034324942791762,0.9237947105262623,0,0,0,0.1870809695825264,0.8515997287089627,209,228,0.45056030280080217,0.6523131230488528,-0.07705756840781114,0.9385787960209189,0.982898842503021,0.9206559796876785,0.9955665781066985,4w,"Rat hypothalamus RNA, female 4 wk"
rat_train|HYPOTH|RNA|F_8w,rat_train,rat,HYPOTH,RNA,F_8w,F 8w,training vs sedentary,F,8w,387,False,14715,437,201,236,0.459954233409611,0.10374746371724958,0,0,0,-0.5418708209793437,0.5879157049121972,209,228,-0.18714580715003812,0.851548894127723,-0.7840064207893235,0.43304896401841064,0.982898842503021,0.9742399631360711,0.9637427088386779,8w,"Rat hypothalamus RNA, female 8 wk"
rat_train|HYPOTH|RNA|M_1w,rat_train,rat,HYPOTH,RNA,M_1w,M 1w,training vs sedentary,M,1w,388,False,14719,437,198,239,0.45308924485125857,0.05556489260582892,0,0,0,-0.9978842169111676,0.31835191266473606,209,228,-1.1096830266320512,0.2671537710372993,-0.7387081427083592,0.4600960204953022,0.982898842503021,0.7176344713340737,0.9637427088386779,1w,"Rat hypothalamus RNA, male 1 wk"
rat_train|HYPOTH|RNA|M_2w,rat_train,rat,HYPOTH,RNA,M_2w,M 2w,training vs sedentary,M,2w,389,False,14718,437,199,238,0.45537757437070936,0.06897451404167361,0,0,0,-1.2587245463884418,0.20814980971099686,209,228,-0.7018587189718452,0.4827783750237258,-1.5584353988512654,0.11915157456614331,0.982898842503021,0.8453629637344908,0.9274407198483604,2w,"Rat hypothalamus RNA, male 2 wk"
rat_train|HYPOTH|RNA|M_4w,rat_train,rat,HYPOTH,RNA,M_4w,M 4w,training vs sedentary,M,4w,390,False,14722,437,209,228,0.4782608695652174,0.3892304501131345,0,0,0,-0.9923614421403896,0.32103755280132684,209,228,-1.041011494262041,0.29788731116667694,-0.7866367802637444,0.4315071857524131,0.982898842503021,0.7410827778948017,0.9637427088386779,4w,"Rat hypothalamus RNA, male 4 wk"
rat_train|HYPOTH|RNA|M_8w,rat_train,rat,HYPOTH,RNA,M_8w,M 8w,training vs sedentary,M,8w,391,False,14719,437,188,249,0.4302059496567506,0.004050814907690889,0,0,0,-1.3308170410098352,0.18326983682591214,209,228,-0.7242257340067029,0.468938674531171,-1.6684971551253975,0.09523834825428366,0.982898842503021,0.8349878508529711,0.870572895225749,8w,"Rat hypothalamus RNA, male 8 wk"
rat_train|OVARY|RNA|F_1w,rat_train,rat,OVARY,RNA,F_1w,F 1w,training vs sedentary,F,1w,392,False,14715,440,237,203,0.5386363636363637,0.11556771919022985,29,16,13,0.48225790701940874,0.6296299193635242,210,230,0.6882757313735458,0.4912900127436166,0.23234079599059113,0.8162765601761232,0.982898842503021,0.8496901040074025,0.9955665781066985,1w,"Rat ovary RNA, female 1 wk"
rat_train|OVARY|RNA|F_2w,rat_train,rat,OVARY,RNA,F_2w,F 2w,training vs sedentary,F,2w,393,False,14715,440,218,222,0.4954545454545455,0.8862958931807923,4,2,2,-1.3178929665519412,0.18755999926358508,210,230,-1.8608256398344423,0.06278873657453099,-0.6062389069163966,0.5443654732807449,0.982898842503021,0.39547532588734446,0.9693785966776307,2w,"Rat ovary RNA, female 2 wk"
rat_train|OVARY|RNA|F_4w,rat_train,rat,OVARY,RNA,F_4w,F 4w,training vs sedentary,F,4w,394,False,14712,440,231,209,0.525,0.31676126127914717,0,0,0,0.006805451178961936,0.9945701697736713,210,230,-0.017274668622933968,0.9862177283803243,0.03421214071310776,0.9727084495123461,0.9961831081512985,0.9978627557784064,0.9955665781066985,4w,"Rat ovary RNA, female 4 wk"
rat_train|OVARY|RNA|F_8w,rat_train,rat,OVARY,RNA,F_8w,F 8w,training vs sedentary,F,8w,395,False,14716,440,225,215,0.5113636363636364,0.6679293414551751,0,0,0,-0.8832360968306163,0.3771231523789935,210,230,-0.1310384328568445,0.8957466959639706,-1.415696916302485,0.1568854274556258,0.982898842503021,0.9742399631360711,0.9637427088386779,8w,"Rat ovary RNA, female 8 wk"
rat_train|SMLINT|RNA|F_1w,rat_train,rat,SMLINT,RNA,F_1w,F 1w,training vs sedentary,F,1w,396,False,14266,433,222,211,0.5127020785219399,0.63087340227919,89,55,34,0.09766901308752692,0.9221964941391991,204,229,-1.134963208749165,0.2564098051719151,1.1786002590407778,0.2385770488438379,0.9830414245316847,0.7176344713340737,0.9637427088386779,1w,"Rat small intestine RNA, female 1 wk"
rat_train|SMLINT|RNA|F_2w,rat_train,rat,SMLINT,RNA,F_2w,F 2w,training vs sedentary,F,2w,397,False,14267,432,221,211,0.5115740740740741,0.665055051454069,0,0,0,-0.30937214656847706,0.7570429741745572,203,229,-1.0133535068333714,0.3109085256369181,0.3731432715472118,0.7090473590210694,0.982898842503021,0.7410827778948017,0.9955665781066985,2w,"Rat small intestine RNA, female 2 wk"
rat_train|SMLINT|RNA|F_4w,rat_train,rat,SMLINT,RNA,F_4w,F 4w,training vs sedentary,F,4w,398,False,14270,433,226,207,0.5219399538106235,0.387048476328703,0,0,0,0.42390241996225553,0.6716433696191807,204,229,-0.5961161034734088,0.551107123546057,1.2555837035076944,0.20928750429194462,0.982898842503021,0.8832998669006838,0.9637427088386779,4w,"Rat small intestine RNA, female 4 wk"
rat_train|SMLINT|RNA|F_8w,rat_train,rat,SMLINT,RNA,F_8w,F 8w,training vs sedentary,F,8w,399,False,14271,433,238,195,0.5496535796766744,0.043426092510423425,0,0,0,0.18278725169671714,0.854967548609771,204,229,1.3655720879658861,0.17209483780693538,-0.8763507229675099,0.38085415086093044,0.982898842503021,0.6278773698421155,0.9637427088386779,8w,"Rat small intestine RNA, female 8 wk"
rat_train|SMLINT|RNA|M_1w,rat_train,rat,SMLINT,RNA,M_1w,M 1w,training vs sedentary,M,1w,400,False,14273,433,230,203,0.5311778290993071,0.2114403295888156,0,0,0,-0.29186506886598956,0.7703940345746412,204,229,-2.8228207288474123,0.004766904841792916,1.988451971859701,0.04678079430121687,0.982898842503021,0.06489141429795518,0.6996552348177598,1w,"Rat small intestine RNA, male 1 wk"
rat_train|SMLINT|RNA|M_2w,rat_train,rat,SMLINT,RNA,M_2w,M 2w,training vs sedentary,M,2w,401,False,14270,433,218,215,0.5034642032332564,0.9234447422592881,0,0,0,-0.8694003588110969,0.38464281160615055,204,229,-4.078735362463504,4.552727606241021e-05,2.1033091602416394,0.03545621610332776,0.982898842503021,0.0010673616943520615,0.5715256957878371,2w,"Rat small intestine RNA, male 2 wk"
rat_train|SMLINT|RNA|M_4w,rat_train,rat,SMLINT,RNA,M_4w,M 4w,training vs sedentary,M,4w,402,False,14273,433,226,207,0.5219399538106235,0.387048476328703,0,0,0,0.6227820367287165,0.5334377155674213,204,229,-0.29621280983210047,0.76707187696363,1.3335181940617324,0.18238309246455262,0.982898842503021,0.959318485144554,0.9637427088386779,4w,"Rat small intestine RNA, male 4 wk"
rat_train|SMLINT|RNA|M_8w,rat_train,rat,SMLINT,RNA,M_8w,M 8w,training vs sedentary,M,8w,403,False,14282,433,211,222,0.48729792147806006,0.63087340227919,0,0,0,-0.666938920500367,0.5048219248940111,204,229,-0.5867285670200237,0.5573952935749305,-0.6272005652599162,0.5305378004468515,0.982898842503021,0.8832998669006838,0.9650299646059108,8w,"Rat small intestine RNA, male 8 wk"
rat_train|SPLEEN|RNA|F_1w,rat_train,rat,SPLEEN,RNA,F_1w,F 1w,training vs sedentary,F,1w,404,False,13887,442,218,224,0.49321266968325794,0.8120491729582242,0,0,0,-0.667974682073016,0.5041608563691748,218,224,0.19560351073064386,0.8449233744319333,-1.3781074176678492,0.16819233237041406,0.982898842503021,0.9742399631360711,0.9637427088386779,1w,"Rat spleen RNA, female 1 wk"
rat_train|SPLEEN|RNA|F_2w,rat_train,rat,SPLEEN,RNA,F_2w,F 2w,training vs sedentary,F,2w,405,False,13887,442,209,233,0.47285067873303166,0.27393810275284797,0,0,0,-0.5823925740959567,0.5603117388403938,218,224,0.07891975308411454,0.9370975888157326,-1.1192101755444712,0.26306984615914375,0.982898842503021,0.9840851087959251,0.9637427088386779,2w,"Rat spleen RNA, female 2 wk"
rat_train|SPLEEN|RNA|F_4w,rat_train,rat,SPLEEN,RNA,F_4w,F 4w,training vs sedentary,F,4w,406,False,13887,442,235,207,0.5316742081447964,0.1989965091445383,0,0,0,0.7542003870987812,0.450741695189964,218,224,1.4937189343592543,0.13527182028863924,-0.06703494120016405,0.9465548518626197,0.982898842503021,0.5769678700619255,0.9955665781066985,4w,"Rat spleen RNA, female 4 wk"
rat_train|SPLEEN|RNA|F_8w,rat_train,rat,SPLEEN,RNA,F_8w,F 8w,training vs sedentary,F,8w,407,False,13892,442,204,238,0.46153846153846156,0.11639574736697818,4,0,4,-1.4798867973153702,0.1389261391286315,218,224,-1.3745209791806396,0.16930217649545515,-1.345951484568025,0.1783401303139568,0.982898842503021,0.6278773698421155,0.9637427088386779,8w,"Rat spleen RNA, female 8 wk"
rat_train|SPLEEN|RNA|M_1w,rat_train,rat,SPLEEN,RNA,M_1w,M 1w,training vs sedentary,M,1w,408,False,13884,442,225,217,0.5090497737556561,0.7392097503497991,1,1,0,0.2502441374726104,0.8024022571699175,218,224,-0.32503361604470293,0.7451605279756,0.7575838594010547,0.44871300489271826,0.982898842503021,0.959318485144554,0.9637427088386779,1w,"Rat spleen RNA, male 1 wk"
rat_train|SPLEEN|RNA|M_2w,rat_train,rat,SPLEEN,RNA,M_2w,M 2w,training vs sedentary,M,2w,409,False,13892,442,223,219,0.504524886877828,0.8865515960828263,0,0,0,-0.2985275210979823,0.7653050399686556,218,224,0.14966671273628596,0.881029744681743,-0.6741169473807126,0.5002481839627735,0.982898842503021,0.9742399631360711,0.9637427088386779,2w,"Rat spleen RNA, male 2 wk"
rat_train|SPLEEN|RNA|M_4w,rat_train,rat,SPLEEN,RNA,M_4w,M 4w,training vs sedentary,M,4w,410,False,13896,442,204,238,0.46153846153846156,0.11639574736697818,0,0,0,-0.8547938708208282,0.39268001062857794,218,224,-0.28266006233089896,0.7774416444529824,-1.2651975693082798,0.20582173158102443,0.982898842503021,0.959318485144554,0.9637427088386779,4w,"Rat spleen RNA, male 4 wk"
rat_train|SPLEEN|RNA|M_8w,rat_train,rat,SPLEEN,RNA,M_8w,M 8w,training vs sedentary,M,8w,411,False,13890,442,184,258,0.416289592760181,0.0005022267920722067,22,6,16,-2.1242193782561745,0.033669421836870966,218,224,-1.0480924526479862,0.294614252400629,-2.798623397349654,0.005139169171839734,0.5920206672983145,0.7403563261571566,0.15490924217974056,8w,"Rat spleen RNA, male 8 wk"
rat_train|TESTES|RNA|M_1w,rat_train,rat,TESTES,RNA,M_1w,M 1w,training vs sedentary,M,1w,412,False,14386,410,216,194,0.526829268292683,0.2996746394979179,0,0,0,1.1345831213526423,0.2565689352803746,193,217,1.195415291245087,0.2319445218674226,0.8847749081952692,0.3762928343763974,0.982898842503021,0.7041768937269952,0.9637427088386779,1w,"Rat testes RNA, male 1 wk"
rat_train|TESTES|RNA|M_2w,rat_train,rat,TESTES,RNA,M_2w,M 2w,training vs sedentary,M,2w,413,False,14384,410,229,181,0.5585365853658537,0.020166071384817148,2,1,1,1.6382441498283111,0.101392648133299,193,217,2.947066619671798,0.0032131904004318017,0.21566857474419923,0.829249156821046,0.982898842503021,0.04842736960650787,0.9955665781066985,2w,"Rat testes RNA, male 2 wk"
rat_train|TESTES|RNA|M_4w,rat_train,rat,TESTES,RNA,M_4w,M 4w,training vs sedentary,M,4w,414,False,14387,410,204,206,0.4975609756097561,0.9606193101436129,0,0,0,0.5967006864596758,0.5507166245736173,193,217,1.6931452446750852,0.09044947623705892,-0.4781383411577029,0.632559010392372,0.982898842503021,0.4893548586158829,0.980263417605937,4w,"Rat testes RNA, male 4 wk"
rat_train|TESTES|RNA|M_8w,rat_train,rat,TESTES,RNA,M_8w,M 8w,training vs sedentary,M,8w,415,False,14387,410,220,190,0.5365853658536586,0.15199687716378696,0,0,0,1.298590958119776,0.19410515932087274,193,217,2.513540891009389,0.011963426493599797,0.007577665395904742,0.9939540607140087,0.982898842503021,0.14023794389719763,0.9963149967252058,8w,"Rat testes RNA, male 8 wk"
rat_train|VENACV|RNA|F_4w,rat_train,rat,VENACV,RNA,F_4w,F 4w,training vs sedentary,F,4w,416,False,14296,438,222,216,0.5068493150684932,0.8112093105223952,0,0,0,0.20163640280495648,0.8402038536388028,211,227,0.7171447390377678,0.47329651098446157,-0.29947934398554654,0.7645786846158327,0.982898842503021,0.8392064186363142,0.9955665781066985,4w,"Rat vena cava RNA, female 4 wk"
rat_train|VENACV|RNA|F_8w,rat_train,rat,VENACV,RNA,F_8w,F 8w,training vs sedentary,F,8w,417,False,14284,437,229,208,0.5240274599542334,0.33871176112876594,0,0,0,1.1695973932093289,0.2421825453140753,211,226,3.3593906449535895,0.0007831895723974581,-1.0458621699990451,0.2956423726406128,0.982898842503021,0.015022999979623971,0.9637427088386779,8w,"Rat vena cava RNA, female 8 wk"
rat_train|VENACV|RNA|M_1w,rat_train,rat,VENACV,RNA,M_1w,M 1w,training vs sedentary,M,1w,418,False,14253,438,215,223,0.4908675799086758,0.7380655086333203,1,0,1,-0.6759028861111495,0.4991132731235711,211,227,-1.6736180505233542,0.09422763481980843,0.3526266178426722,0.7243735946229128,0.982898842503021,0.5033425556197362,0.9955665781066985,1w,"Rat vena cava RNA, male 1 wk"
rat_train|VENACV|RNA|M_2w,rat_train,rat,VENACV,RNA,M_2w,M 2w,training vs sedentary,M,2w,419,False,14258,437,212,225,0.4851258581235698,0.5659921038548631,0,0,0,0.044603444913650966,0.9644240214600228,210,227,-0.07650744111495691,0.9390164677835454,0.1532190830829159,0.8782276777920544,0.9902358565842571,0.9840851087959251,0.9955665781066985,2w,"Rat vena cava RNA, male 2 wk"
rat_train|VENACV|RNA|M_4w,rat_train,rat,VENACV,RNA,M_4w,M 4w,training vs sedentary,M,4w,420,False,14227,438,220,218,0.502283105022831,0.9618973552631317,0,0,0,-0.2125373656288755,0.8316908753842409,211,227,-0.6910342429327875,0.4895552982605127,0.2634886326729544,0.792177800371863,0.982898842503021,0.8496901040074025,0.9955665781066985,4w,"Rat vena cava RNA, male 4 wk"
rat_train|VENACV|RNA|M_8w,rat_train,rat,VENACV,RNA,M_8w,M 8w,training vs sedentary,M,8w,421,False,14266,438,224,214,0.5114155251141552,0.667217700525521,0,0,0,-0.32421933586101026,0.7457767381432517,211,227,0.634875987470979,0.5255194821692422,-1.1514124603820677,0.24958188935053574,0.982898842503021,0.8793009787785794,0.9637427088386779,8w,"Rat vena cava RNA, male 8 wk"
