gene,layer,x,time,series,logFC,se,lo,hi,fdr_min,significant
ABHD14B,RNA,1,1w,"trained, F+M pooled",0.09643015606576799,0.0920610139887177,-0.08400943135211869,0.2768697434836547,0.878400933643614,False
ABL1,RNA,1,1w,"trained, F+M pooled",0.42719976217782285,0.11582279919548417,0.20018707575467387,0.6542124486009718,0.1919462142511894,False
ABT1,RNA,1,1w,"trained, F+M pooled",0.2402067595539879,0.11401930511365717,0.016728921531219854,0.46368459757675595,0.7037239706367916,False
ACAN,RNA,1,1w,"trained, F+M pooled",-0.31381876967164,1.333633607603006,-2.927740640573532,2.3001031012302517,0.9944880717722148,False
ACSL3,RNA,1,1w,"trained, F+M pooled",-0.13471631306980675,0.07757486959182776,-0.28676305746978914,0.017330431330175644,0.8412906587314642,False
ACVR1B,RNA,1,1w,"trained, F+M pooled",0.1432810708763151,0.0811660678099947,-0.015804422031274523,0.3023665637839047,0.6706537035559036,False
ADNP2,RNA,1,1w,"trained, F+M pooled",0.03359458969706468,0.10686512303751498,-0.1758610514564647,0.24305023085059402,0.8823152561680426,False
ADPRM,RNA,1,1w,"trained, F+M pooled",-0.03541650460795204,0.11569679354055107,-0.2621822199474321,0.19134921073152805,0.8930344512066561,False
ALAS2,RNA,1,1w,"trained, F+M pooled",0.6878114698539272,0.24596355984383625,0.20572289256000814,1.1699000471478462,0.2327616528089821,False
ANAPC7,RNA,1,1w,"trained, F+M pooled",0.02572658186963242,0.06107378038747428,-0.09397802768981717,0.145431191429082,0.9825925733453744,False
ANGPT1,RNA,1,1w,"trained, F+M pooled",0.007318493050826835,0.08280879949001985,-0.15498675394961206,0.1696237400512657,0.5822703748970743,False
ANKRD50,RNA,1,1w,"trained, F+M pooled",-0.069111475396306,0.08265957620632268,-0.23112424476069846,0.09290129396808647,0.9327687990340032,False
ARHGAP18,RNA,1,1w,"trained, F+M pooled",-0.16399663328940847,0.0849982631904597,-0.3305932291427095,0.0025999625638925272,0.7889916376517727,False
ARL4A,RNA,1,1w,"trained, F+M pooled",-0.07950207261355059,0.11807257508195419,-0.3109243197741808,0.15192017454707962,0.950924214705594,False
ARV1,RNA,1,1w,"trained, F+M pooled",-0.10994350470612783,0.15473207180852455,-0.41321836545083596,0.19333135603858026,0.8938443809224522,False
ASB3,RNA,1,1w,"trained, F+M pooled",0.07142619809431247,0.10990585978912083,-0.14398928709236436,0.2868416832809893,0.946736891356845,False
ASB7,RNA,1,1w,"trained, F+M pooled",0.09227355631921448,0.08276213601649629,-0.06994023027311826,0.25448734291154723,0.7067709962774038,False
ATE1,RNA,1,1w,"trained, F+M pooled",-0.09482260873650805,0.04856718467801471,-0.1900142907054169,0.0003690732324007906,0.7096505638127945,False
ATF3,RNA,1,1w,"trained, F+M pooled",-0.38432903844442773,0.223244771721674,-0.8218887910189088,0.053230714130053314,0.1522706726093977,False
AVPI1,RNA,1,1w,"trained, F+M pooled",-0.0631398916321399,0.10475968975206554,-0.26846888354618836,0.14218910028190856,0.9588509122246184,False
BAG3,RNA,1,1w,"trained, F+M pooled",0.038758175271468374,0.0467110116384363,-0.05279540753986677,0.1303117580828035,0.8998123129001485,False
BAG4,RNA,1,1w,"trained, F+M pooled",-0.10196005083941827,0.1661632232958007,-0.4276399684991876,0.22371986682035105,0.9322985423406732,False
BAZ2B,RNA,1,1w,"trained, F+M pooled",0.003828829567792785,0.061981277502168336,-0.11765447433645715,0.12531213347204273,0.9863442644446264,False
BBS10,RNA,1,1w,"trained, F+M pooled",0.041501662403996206,0.18133110380308223,-0.31390730105004494,0.3969106258580374,0.9902478442526024,False
BBS12,RNA,1,1w,"trained, F+M pooled",-0.03328830886902711,0.16900386339351728,-0.364535881120321,0.29795926338226675,0.9902478442526024,False
BCL11A,RNA,1,1w,"trained, F+M pooled",-0.8415992786292105,0.692376562391138,-2.1986573409158408,0.5154587836574199,0.9327687990340032,False
BCL2,RNA,1,1w,"trained, F+M pooled",-0.05804624489388773,0.3023973434454609,-0.650745038046991,0.5346525482592155,0.9718817416427727,False
BCL2L1,RNA,1,1w,"trained, F+M pooled",0.2808082328585888,0.09002907455654645,0.10435124672775778,0.45726521898941985,0.4487941028043191,False
BCL2L11,RNA,1,1w,"trained, F+M pooled",-0.1340779749564972,0.1162213167642098,-0.3618717558143484,0.093715805901354,0.1505796319875423,False
BET1,RNA,1,1w,"trained, F+M pooled",0.04533578878694885,0.13338320843650264,-0.21609529974859634,0.306766877322494,0.950924214705594,False
BEX3,RNA,1,1w,"trained, F+M pooled",-0.06484113014353479,0.10225751234916582,-0.2652658543478998,0.1355835940608302,0.9378651152802848,False
BEX5,RNA,1,1w,"trained, F+M pooled",-0.561860616090674,0.15107378826800805,-0.8579652410959697,-0.2657559910853782,0.1201232487932875,False
BHLHE40,RNA,1,1w,"trained, F+M pooled",-0.21102624719182947,0.07317114938934423,-0.3544416999949441,-0.06761079438871478,0.1715721235904168,False
BNIP1,RNA,1,1w,"trained, F+M pooled",0.08382539305124104,0.054499656999066795,-0.02299393466692988,0.19064472076941197,0.8823152561680426,False
BORCS6,RNA,1,1w,"trained, F+M pooled",0.036477015568484025,0.063446774379263,-0.08787866221487144,0.16083269335183947,0.949391501488524,False
BPGM,RNA,1,1w,"trained, F+M pooled",-0.07637127289777783,0.03730268738552173,-0.1494845401734004,-0.0032580056221552384,0.1352473374940204,False
BPTF,RNA,1,1w,"trained, F+M pooled",0.004034670196400757,0.04141914184021423,-0.07714684781041913,0.08521618820322065,0.9944880717722148,False
BRWD1,RNA,1,1w,"trained, F+M pooled",0.06454220960254069,0.0479366927548108,-0.029413708196888474,0.15849812740196983,0.8022344296802313,False
BTF3,RNA,1,1w,"trained, F+M pooled",-0.0609308174066688,0.0487063924390162,-0.15639534658714055,0.034533711773802954,0.8387817782554399,False
BTG3,RNA,1,1w,"trained, F+M pooled",0.014209643980980038,0.24131469554624047,-0.4587671592896513,0.4871864472516113,0.9937675170039076,False
C12orf4,RNA,1,1w,"trained, F+M pooled",0.0784944955540892,0.10757897388795298,-0.13236029326629867,0.28934928437447704,0.9377184103821292,False
C19orf48,RNA,1,1w,"trained, F+M pooled",0.04925664766027132,0.14549786473341908,-0.23591916721723005,0.3344324625377727,0.9944880717722148,False
C9orf40,RNA,1,1w,"trained, F+M pooled",0.12530997800203775,0.1506328600196432,-0.16993042763646293,0.4205503836405384,0.950924214705594,False
CABP4,RNA,1,1w,"trained, F+M pooled",0.0530684614232199,0.42112895639557313,-0.7723442931121035,0.8784812159585432,0.9922543778770953,False
CBR4,RNA,1,1w,"trained, F+M pooled",0.042225556857910504,0.07575587436996135,-0.10625595690721375,0.19070707062303477,0.9830272277373476,False
CBX4,RNA,1,1w,"trained, F+M pooled",-0.11515999597155496,0.2214836900229977,-0.5492680284166305,0.3189480364735205,0.9799967627189552,False
CCDC126,RNA,1,1w,"trained, F+M pooled",0.039273030411742876,0.127481277688956,-0.2105902738586109,0.28913633468209665,0.904442488622107,False
CCDC127,RNA,1,1w,"trained, F+M pooled",7.991454558769841e-05,0.0716163425563911,-0.14028811686493886,0.14044794595611426,0.8938443809224522,False
CCDC57,RNA,1,1w,"trained, F+M pooled",0.037099381563915755,0.08331394431939763,-0.1261959493021036,0.20039471242993512,0.9863442644446264,False
CCDC59,RNA,1,1w,"trained, F+M pooled",-0.03391532809896736,0.08115911284854256,-0.19298718928211078,0.12515653308417607,0.951013671133141,False
CCNG2,RNA,1,1w,"trained, F+M pooled",0.00369207326149963,0.06169138057856619,-0.1172230326724901,0.12460717919548936,0.9729184824696464,False
CCNL1,RNA,1,1w,"trained, F+M pooled",-0.025349601100235705,0.07085119683835985,-0.164217946903421,0.11351874470294959,0.6913298482153523,False
CCR5,RNA,1,1w,"trained, F+M pooled",-0.23783174098690105,0.2207867474075424,-0.6705737659056842,0.19491028393188206,0.950924214705594,False
CD5,RNA,1,1w,"trained, F+M pooled",0.23801760818234588,0.3306314255657848,-0.4100199859265923,0.886055202291284,0.9384593502760986,False
CD6,RNA,1,1w,"trained, F+M pooled",-0.6529943912768216,0.18993483651154297,-1.0252666708394458,-0.28072211171419736,0.2017731670882653,False
CD83,RNA,1,1w,"trained, F+M pooled",0.01360727387736524,0.22088359151900896,-0.4193245654998923,0.4465391132546228,0.9888743924710788,False
CDC42EP2,RNA,1,1w,"trained, F+M pooled",-0.013928332301130074,0.08476790740521473,-0.18007343081535093,0.15221676621309077,0.9608917960484566,False
CDR2,RNA,1,1w,"trained, F+M pooled",0.23696822697239148,0.2281103737888079,-0.21012810565367204,0.684064559598455,0.5985338162187265,False
CENPE,RNA,1,1w,"trained, F+M pooled",-0.06030143911413978,0.3214591502468654,-0.6903613735979959,0.5697584953697163,0.9635591595099312,False
CEP170,RNA,1,1w,"trained, F+M pooled",-0.13056586605163342,0.10160896512486055,-0.3297194376963601,0.06858770559309324,0.8469138131202574,False
CETN3,RNA,1,1w,"trained, F+M pooled",-0.06265327193745902,0.0899741411312599,-0.23900258855472845,0.11369604467981038,0.9257591965812696,False
CFAP20,RNA,1,1w,"trained, F+M pooled",0.05994555817511219,0.11643599432649937,-0.16826899070482657,0.28816010705505096,0.9692584089214836,False
CHCHD6,RNA,1,1w,"trained, F+M pooled",-0.07693508272814611,0.205105120829217,-0.47894111955341145,0.32507095409711917,0.9902478442526024,False
CHST15,RNA,1,1w,"trained, F+M pooled",-0.035486936902110675,0.16778337775623467,-0.3643423573043306,0.29336848350010925,0.7067709962774038,False
CIRBP,RNA,1,1w,"trained, F+M pooled",-0.12423878867748844,0.06541726183359005,-0.25245662187132495,0.0039790445163480626,0.4533034035911438,False
CISH,RNA,1,1w,"trained, F+M pooled",0.8362150034062651,0.7199693775129523,-0.5749249765191214,2.2473549833316517,0.2741487658710317,False
CLASRP,RNA,1,1w,"trained, F+M pooled",0.10740354407956292,0.06761073651622956,-0.02511349949224702,0.23992058765137286,0.8776394085833313,False
CLCN3,RNA,1,1w,"trained, F+M pooled",-0.0951753937198767,0.058855655315042096,-0.2105324781373592,0.02018169069760581,0.7056813884105287,False
CLK1,RNA,1,1w,"trained, F+M pooled",-0.045500082096518485,0.0522952849946812,-0.14799884068609365,0.05699867649305668,0.8024829669109101,False
CNNM2,RNA,1,1w,"trained, F+M pooled",-0.08339842737578813,0.14065401020956558,-0.35908028738653663,0.1922834326349604,0.9585887028994732,False
COMMD5,RNA,1,1w,"trained, F+M pooled",-0.2759656007464983,1.9667013667599216,-4.130700279595945,3.578769078102948,0.7491242356297312,False
CRIPT,RNA,1,1w,"trained, F+M pooled",-0.16422120746433577,0.09154607454435998,-0.3436515135712813,0.015209098642609775,0.63232155161966,False
CSRNP1,RNA,1,1w,"trained, F+M pooled",0.35549838528351996,0.16743255915135805,0.02733056934685818,0.6836662012201817,0.133595744454823,False
CSTF3,RNA,1,1w,"trained, F+M pooled",0.03044951379930578,0.13351291347514915,-0.23123579661198657,0.2921348242105981,0.9726130075243916,False
CXCR4,RNA,1,1w,"trained, F+M pooled",0.06336155839431003,0.12113650372226471,-0.1740659889013288,0.3007891056899489,0.9629722171560204,False
DAB2,RNA,1,1w,"trained, F+M pooled",0.041401483509794904,0.09153998111178772,-0.13801687946930902,0.22081984648889885,0.950924214705594,False
DARS2,RNA,1,1w,"trained, F+M pooled",0.08042027894344023,0.07993135474843258,-0.07624517636348763,0.23708573425036808,0.9600927496738034,False
DCAF12,RNA,1,1w,"trained, F+M pooled",0.027683244952281118,0.16379561145304872,-0.2933561534956943,0.3487226434002566,0.7110543086547719,False
DCAF7,RNA,1,1w,"trained, F+M pooled",-0.013087111743353187,0.04597431666499602,-0.10319677240674538,0.07702254892003901,0.9816903695776386,False
DCLRE1A,RNA,1,1w,"trained, F+M pooled",-0.023139392085089923,0.09374996958676936,-0.20688933247515787,0.16061054830497803,0.8600003631362101,False
DDIT3,RNA,1,1w,"trained, F+M pooled",0.028370837833004554,0.09344986337672997,-0.15479089438538618,0.2115325700513953,0.8575282505448037,False
DDIT4,RNA,1,1w,"trained, F+M pooled",0.3570056797872409,0.26835819059097,-0.16897637377106028,0.882987733345542,0.9151270574700932,False
DDX20,RNA,1,1w,"trained, F+M pooled",-0.06330695843742494,0.08099638346787051,-0.22205987003445116,0.09544595315960126,0.9025946837435724,False
DDX58,RNA,1,1w,"trained, F+M pooled",0.34511797702052827,0.1898742417778654,-0.02703553686408794,0.7172714909051445,0.768498631445921,False
DGAT2,RNA,1,1w,"trained, F+M pooled",0.3293771277901677,0.07861544492699167,0.17529085573326403,0.4834633998470714,0.1295589975335858,False
DNAJB1,RNA,1,1w,"trained, F+M pooled",-0.006576554885378665,0.09235762340671774,-0.18759749676254545,0.1744443869917881,0.9902478442526024,False
DNAJB9,RNA,1,1w,"trained, F+M pooled",-0.008621119439072997,0.07480584481504864,-0.15524057527656832,0.13799833639842235,0.92406371323577,False
DNMT3A,RNA,1,1w,"trained, F+M pooled",0.06484571966004608,0.05229290251985517,-0.03764836927887004,0.1673398085989622,0.9391908872360988,False
DTX3,RNA,1,1w,"trained, F+M pooled",-0.08923920384329637,0.07160114974091018,-0.22957745733548032,0.05109904964888759,0.9136171428243206,False
DUSP10,RNA,1,1w,"trained, F+M pooled",-0.40721045531352884,0.10966049682451061,-0.6221450290895696,-0.19227588153748806,0.0376025075950256,True
DUSP16,RNA,1,1w,"trained, F+M pooled",0.02773833851551121,0.07021938803208704,-0.10989166202737938,0.16536833905840181,0.9415729846712702,False
DUSP2,RNA,1,1w,"trained, F+M pooled",-0.35915746397152737,0.36298918389972173,-1.070616264414982,0.3523013364719272,0.9034571052909944,False
DUSP8,RNA,1,1w,"trained, F+M pooled",-0.06595114191316215,0.13085490037697892,-0.3224267466520408,0.1905244628257165,0.8402934134151827,False
DYNLL1,RNA,1,1w,"trained, F+M pooled",-0.03139880246117872,0.08018077026203209,-0.1885531121747616,0.12575550725240417,0.4807472295808063,False
DYNLL2,RNA,1,1w,"trained, F+M pooled",-0.011318548348077514,0.04038637217801319,-0.09047583781698336,0.06783874112082834,0.93872434434916,False
EEF1D,RNA,1,1w,"trained, F+M pooled",0.021899560895019786,0.037999191599934055,-0.05257885464085096,0.09637797643089052,0.9619295241572328,False
EEPD1,RNA,1,1w,"trained, F+M pooled",0.0027955761698851877,0.06823030132174122,-0.1309358144207276,0.13652696676049797,0.9178065138682366,False
EIF1,RNA,1,1w,"trained, F+M pooled",-0.006454150539766793,0.03563022001904686,-0.07628938177709864,0.06338108069756505,0.96414743340999,False
ELAC1,RNA,1,1w,"trained, F+M pooled",0.10304721083031328,0.12140547205890137,-0.13490751440513338,0.34100193606575996,0.8783392225641701,False
ELK4,RNA,1,1w,"trained, F+M pooled",0.017911722627258122,0.043167598440243295,-0.06669677031561873,0.10252021557013498,0.9800161978495908,False
ELMOD2,RNA,1,1w,"trained, F+M pooled",0.06291346847203225,0.10854027909625968,-0.14982547855663672,0.2756524155007012,0.976699068287962,False
ELOVL6,RNA,1,1w,"trained, F+M pooled",0.22030751410065594,0.5824816709218443,-0.9213565609061588,1.3619715891074706,0.9034571052909944,False
ENC1,RNA,1,1w,"trained, F+M pooled",0.08954363392382902,0.1869695397930293,-0.2769166640705084,0.45600393191816646,0.8823152561680426,False
ERN1,RNA,1,1w,"trained, F+M pooled",0.04298815238700563,0.04702322746248358,-0.04917737343946218,0.13515367821347343,0.8894538994602103,False
ETNK1,RNA,1,1w,"trained, F+M pooled",0.027577565260625946,0.05192178788768573,-0.07418913899923807,0.12934426952048997,0.9586699012115668,False
EVL,RNA,1,1w,"trained, F+M pooled",0.043265603678975625,0.14821180898983358,-0.24722954194109814,0.3337607492990494,0.9938227990910596,False
EXD2,RNA,1,1w,"trained, F+M pooled",0.023982229865534055,0.06723078647084038,-0.10779011161731308,0.1557545713483812,0.92406371323577,False
EXOSC3,RNA,1,1w,"trained, F+M pooled",0.16541000368290215,0.12246116224286863,-0.07461387431312036,0.4054338816789247,0.8104995735769559,False
EXOSC6,RNA,1,1w,"trained, F+M pooled",0.031309179483513236,0.2773408622144961,-0.5122789104568992,0.5748972694239256,0.996636642952738,False
EYA3,RNA,1,1w,"trained, F+M pooled",-0.015304042214455306,0.07557467915264603,-0.1634304133536415,0.1328223289247309,0.9754356111801746,False
F2RL1,RNA,1,1w,"trained, F+M pooled",-0.3415473131623027,0.26136200742961835,-0.8538168477243546,0.17072222139974924,0.4999057675094266,False
FAM133B,RNA,1,1w,"trained, F+M pooled",-0.1390896969532287,0.13889481951015256,-0.4113235431931277,0.1331441492866703,0.937537558889588,False
FAM43A,RNA,1,1w,"trained, F+M pooled",0.42180086420786156,0.5683044845702928,-0.6920759255499124,1.5356776539656356,0.6484100597262688,False
FAXDC2,RNA,1,1w,"trained, F+M pooled",0.14372624535662681,0.1281500392839953,-0.10744783164000393,0.39490032235325756,0.931117274490566,False
FBXO33,RNA,1,1w,"trained, F+M pooled",-0.029936757179199445,0.11397172683118528,-0.2533213417683226,0.1934478274099237,0.8598230227387237,False
FBXO7,RNA,1,1w,"trained, F+M pooled",-0.022688217726213437,0.07551911330826365,-0.17070567981041018,0.12532924435798332,0.9606134276943966,False
FEM1B,RNA,1,1w,"trained, F+M pooled",-0.11079781546042858,0.059337559211043396,-0.22709943151407364,0.005503800593216479,0.6652187940604878,False
FHL2,RNA,1,1w,"trained, F+M pooled",-0.37513399322492563,0.2648323208596831,-0.8942053421099045,0.14393735566005322,0.7905608532946176,False
FOSB,RNA,1,1w,"trained, F+M pooled",-0.0448076532496006,0.43252148794676537,-0.8925497696252607,0.8029344631260595,0.9922543778770953,False
FOSL2,RNA,1,1w,"trained, F+M pooled",-0.07980288546578629,0.2477209419722365,-0.5653359317313699,0.4057301607997973,0.9902478442526024,False
FRAT2,RNA,1,1w,"trained, F+M pooled",-0.08884242722809939,0.21391942120956964,-0.5081244927988559,0.3304396383426571,0.8455343501607506,False
FXR1,RNA,1,1w,"trained, F+M pooled",-0.08561603098161087,0.04774344085828289,-0.17919317506384533,0.007961113100623585,0.7671761972312608,False
FZD1,RNA,1,1w,"trained, F+M pooled",-0.08357025106462039,0.09687310335161162,-0.27344153363377915,0.10630103150453839,0.931117274490566,False
GABARAPL1,RNA,1,1w,"trained, F+M pooled",-0.022107828851147992,0.06679059443322675,-0.15301739394027242,0.10880173623797644,0.9044867385844152,False
GADD45B,RNA,1,1w,"trained, F+M pooled",-0.23048738297744142,0.10409289706989659,-0.43450946123443873,-0.026465304720444116,0.4825388531315396,False
GBP1,RNA,1,1w,"trained, F+M pooled",0.027404544953585942,0.19955793523855914,-0.36372900811398995,0.4185380980211619,0.9902478442526024,False
GCA,RNA,1,1w,"trained, F+M pooled",-0.09108319671326089,0.10029020184166201,-0.28765199232291844,0.10548559889639665,0.9294984403258274,False
GCNT1,RNA,1,1w,"trained, F+M pooled",0.029175145814897677,0.20216818966250752,-0.36707450592361707,0.4254247975534124,0.9663184770117742,False
GEMIN6,RNA,1,1w,"trained, F+M pooled",0.2819703568476477,0.2403972118658478,-0.189208178409414,0.7531488921047094,0.4949392893138611,False
GET4,RNA,1,1w,"trained, F+M pooled",-0.03211693608346605,0.05194636173580966,-0.133931805085653,0.06969793291872088,0.946736891356845,False
GIMAP4,RNA,1,1w,"trained, F+M pooled",-0.06582380835883878,0.13766613408019165,-0.3356494311560144,0.20400181443833687,0.8604905371688192,False
GIMAP5,RNA,1,1w,"trained, F+M pooled",-0.1210174216776114,0.13482594073931511,-0.38527626552666905,0.14324142217144623,0.9226201365948772,False
GIMAP7,RNA,1,1w,"trained, F+M pooled",-0.2917466424135985,0.188395409333482,-0.6610016447072232,0.07750835988002625,0.8469138131202574,False
GIMAP8,RNA,1,1w,"trained, F+M pooled",-0.10346375064709329,0.10072074579437434,-0.30087641240406704,0.09394891110988043,0.7667144329146091,False
GIN1,RNA,1,1w,"trained, F+M pooled",0.20814700666092412,0.11492833709014319,-0.01711253403575652,0.43340654735760475,0.6783320369321871,False
GLS,RNA,1,1w,"trained, F+M pooled",0.01461317912804064,0.051607729448021736,-0.08653797059008196,0.11576432884616324,0.8469138131202574,False
GMPR,RNA,1,1w,"trained, F+M pooled",0.041971417863916304,0.03310535657001494,-0.022915081013312973,0.10685791674114559,0.556059311573493,False
GOLPH3L,RNA,1,1w,"trained, F+M pooled",0.11329628405815304,0.11070855041356216,-0.10369247475242879,0.33028504286873483,0.937373304162062,False
GPM6B,RNA,1,1w,"trained, F+M pooled",-0.14974606604499574,0.10896782901779484,-0.3633230109198736,0.06383087882988214,0.6913020093501915,False
GPN3,RNA,1,1w,"trained, F+M pooled",0.005567501359785141,0.0828764643366543,-0.15687036874005728,0.16800537145962757,0.9754356111801746,False
GPR183,RNA,1,1w,"trained, F+M pooled",-0.0771947520513,0.29764692972893547,-0.6605827343200135,0.5061932302174135,0.972993349657834,False
GPRIN3,RNA,1,1w,"trained, F+M pooled",-0.06544323933211046,0.2641876520324978,-0.5832510373158061,0.4523645586515851,0.9585887028994732,False
GRASP,RNA,1,1w,"trained, F+M pooled",0.301030661163836,0.11315221816595189,0.07925231355857026,0.5228090087691017,0.376293367518681,False
GRPEL1,RNA,1,1w,"trained, F+M pooled",0.05891549670115892,0.05581566276933931,-0.05048320232674612,0.16831419572906398,0.9415729846712702,False
GZF1,RNA,1,1w,"trained, F+M pooled",0.06015491083378706,0.0570487018375503,-0.051660544767811525,0.17197036643538566,0.950924214705594,False
H3-3B,RNA,1,1w,"trained, F+M pooled",-0.0012979999076812609,0.05279381135583432,-0.10477387016511652,0.10217787034975401,0.9121950560115202,False
HAS3,RNA,1,1w,"trained, F+M pooled",0.01728446736585764,0.18725358658562652,-0.3497325623419703,0.3843014970736856,0.9937675170039076,False
HBD,RNA,1,1w,"trained, F+M pooled",0.4666209639843537,0.47644683106517743,-0.46721482490339405,1.4004567528721015,0.8065884955631724,False
HCCS,RNA,1,1w,"trained, F+M pooled",0.13975006999763162,0.07096231582157769,0.0006639309873393562,0.2788362090079239,0.6235752423245546,False
HEMGN,RNA,1,1w,"trained, F+M pooled",0.3759000159808627,0.5193774277178258,-0.6420797423460758,1.3938797743078013,0.950924214705594,False
HIPK1,RNA,1,1w,"trained, F+M pooled",0.10184856578043336,0.036633309736407,0.030047278697075644,0.1736498528637911,0.3569106952776855,False
HMGCL,RNA,1,1w,"trained, F+M pooled",0.03731828466612908,0.0750400857090187,-0.10976028332354756,0.18439685265580572,0.8968179767284545,False
HPS5,RNA,1,1w,"trained, F+M pooled",-0.07684988606892759,0.09387075245022848,-0.2608365608713754,0.10713678873352023,0.9572876014521506,False
HSF2,RNA,1,1w,"trained, F+M pooled",-0.28121864255285695,0.088101238108553,-0.4538970692456208,-0.10854021586009308,0.2276634287011913,False
HSPA1A,RNA,1,1w,"trained, F+M pooled",-0.6265525860512083,0.269505198890223,-1.1547827758760454,-0.09832239622637129,0.3084441113538949,False
ID1,RNA,1,1w,"trained, F+M pooled",0.36299488354586534,0.11780536787172509,0.13209636251728418,0.5938934045744465,0.401177829178344,False
IER3,RNA,1,1w,"trained, F+M pooled",0.056576017939220506,0.18669440841170432,-0.30934502254771995,0.422497058426161,0.9747100825057516,False
IFNAR1,RNA,1,1w,"trained, F+M pooled",-0.013507347905899221,0.05816321948215606,-0.1275072580909251,0.10049256227912666,0.9391908872360988,False
IFRD1,RNA,1,1w,"trained, F+M pooled",0.008480123323671021,0.07999937962288538,-0.14831866073718433,0.16527890738452636,0.9902478442526024,False
IKBIP,RNA,1,1w,"trained, F+M pooled",-0.05482133560475802,0.09380436224197672,-0.23867788559903239,0.12903521438951635,0.9825925733453744,False
ING5,RNA,1,1w,"trained, F+M pooled",-0.008776069913563597,0.07965529811393864,-0.16490045421688332,0.14734831438975615,0.9692584089214836,False
INPP4B,RNA,1,1w,"trained, F+M pooled",0.06983396999889027,0.1048044389888441,-0.13558273041924418,0.2752506704170247,0.9478815329491886,False
IRF2BP2,RNA,1,1w,"trained, F+M pooled",-0.2122863092863291,0.09262716802443731,-0.39383555861422626,-0.030737059958431984,0.401177829178344,False
IRS2,RNA,1,1w,"trained, F+M pooled",-0.09155984236973393,0.19007140955246077,-0.464099805092557,0.28098012035308917,0.7905608532946176,False
IRX3,RNA,1,1w,"trained, F+M pooled",0.25886788205141414,0.1718408389290241,-0.07794016224947309,0.5956759263523014,0.900798968221081,False
ISCA2,RNA,1,1w,"trained, F+M pooled",0.09775234287871015,0.06483768286814881,-0.029329515542861506,0.2248342013002818,0.7108696987935849,False
JADE1,RNA,1,1w,"trained, F+M pooled",-0.11954584926848585,0.0714935252816671,-0.25967315882055336,0.020581460283581654,0.6213656797095132,False
JMY,RNA,1,1w,"trained, F+M pooled",-0.00699198110527083,0.09664742153621173,-0.1964209273162458,0.18243696510570415,0.9588509122246184,False
JOSD1,RNA,1,1w,"trained, F+M pooled",-0.05835196212096032,0.0834543521039179,-0.2219224922446394,0.10521856800271877,0.597354726514576,False
JUN,RNA,1,1w,"trained, F+M pooled",-0.14723551532336215,0.061539145134061474,-0.26785223978612266,-0.026618790860601663,0.2258567441220212,False
JUNB,RNA,1,1w,"trained, F+M pooled",-0.17975931368384296,0.09652504927511132,-0.36894841026306113,0.009429782895375244,0.6706537035559036,False
JUND,RNA,1,1w,"trained, F+M pooled",-0.2766683090078813,0.11930461522458637,-0.5105053548480706,-0.042831263167692035,0.1397725904674727,False
KANSL2,RNA,1,1w,"trained, F+M pooled",-0.0008621714068140008,0.05118671185709661,-0.10118812664672334,0.09946378383309536,0.8823152561680426,False
KBTBD4,RNA,1,1w,"trained, F+M pooled",-0.04921331803301457,0.07968507747496925,-0.20539606988395429,0.10696943381792515,0.9041465736725584,False
KCNJ2,RNA,1,1w,"trained, F+M pooled",-0.0953358438359627,0.10138814883424087,-0.2940566155510748,0.1033849278791494,0.7670315017536818,False
KCNQ1,RNA,1,1w,"trained, F+M pooled",-0.12526959728321174,0.22949797069716205,-0.5750856198496493,0.32454642528322586,0.904442488622107,False
KLF9,RNA,1,1w,"trained, F+M pooled",0.2623888887372521,0.05074498821950006,0.16292871182703195,0.3618490656474722,0.0008859462203282,True
KLHL15,RNA,1,1w,"trained, F+M pooled",0.13522037337998408,0.17479146019066688,-0.20737088859372302,0.4778116353536912,0.8662158617725632,False
KLHL7,RNA,1,1w,"trained, F+M pooled",-0.042083634798476835,0.04687525703963782,-0.13395913859616695,0.049791868999213285,0.950924214705594,False
KMT5B,RNA,1,1w,"trained, F+M pooled",0.04996492691590574,0.04801584737659428,-0.044146133942219036,0.14407598777403052,0.8998123129001485,False
LATS1,RNA,1,1w,"trained, F+M pooled",0.06319662500959959,0.06537528646980463,-0.06493893647121747,0.19133218649041667,0.950924214705594,False
LEO1,RNA,1,1w,"trained, F+M pooled",-0.012491346780647105,0.0757031461563729,-0.160869513247138,0.13588681968584376,0.8690014434557847,False
LFNG,RNA,1,1w,"trained, F+M pooled",-0.11247626250523012,0.1489534058993164,-0.40442493806789026,0.17947241305743,0.8125348244964521,False
LYL1,RNA,1,1w,"trained, F+M pooled",0.15181096013848597,0.1744876389192456,-0.19018481214323538,0.49380673242020734,0.8856466186082812,False
MAF,RNA,1,1w,"trained, F+M pooled",-0.2927644171576249,0.06913765216729023,-0.4282742154055138,-0.15725461890973605,0.1295589975335858,False
MAFF,RNA,1,1w,"trained, F+M pooled",0.07985991806967994,0.15229154807042808,-0.21863151614835907,0.378351352287719,0.7132394514874737,False
MAGOHB,RNA,1,1w,"trained, F+M pooled",0.027516722101446435,0.19730319695925846,-0.3591975439387001,0.41423098814159304,0.9692584089214836,False
MANEA,RNA,1,1w,"trained, F+M pooled",-0.052363591813112856,0.10909234764321205,-0.26618459319380844,0.16145740956758275,0.9400208106067584,False
MATR3,RNA,1,1w,"trained, F+M pooled",0.008683990553212251,0.056958247458320434,-0.10295417446509579,0.1203221555715203,0.9944880717722148,False
MED10,RNA,1,1w,"trained, F+M pooled",0.03089914697341136,0.11079138098839701,-0.18625195976384676,0.2480502537106695,0.9692584089214836,False
MED13,RNA,1,1w,"trained, F+M pooled",0.01189458589472777,0.04487298465447191,-0.07605646402803717,0.09984563581749273,0.6999573466900195,False
MED18,RNA,1,1w,"trained, F+M pooled",-0.10443094250671107,0.1982887028768683,-0.493076800145373,0.2842149151319508,0.9902478442526024,False
MED20,RNA,1,1w,"trained, F+M pooled",0.0896057941557279,0.07219814806001351,-0.05190257604189859,0.2311141643533544,0.6994070205264266,False
MFHAS1,RNA,1,1w,"trained, F+M pooled",0.00767910963858592,0.15907641568079137,-0.3041106650957652,0.319468884372937,0.992373103103595,False
MGAT2,RNA,1,1w,"trained, F+M pooled",-0.011881176149247176,0.0970794341801271,-0.20215686714229628,0.17839451484380195,0.6936831521564272,False
MGAT4A,RNA,1,1w,"trained, F+M pooled",-0.028147046653025802,0.11230521996870521,-0.24826527779168803,0.1919711844856364,0.891191462364208,False
MID2,RNA,1,1w,"trained, F+M pooled",-0.15464837039455473,0.11125525667736214,-0.3727086734821845,0.06341193269307505,0.590233479394238,False
MINPP1,RNA,1,1w,"trained, F+M pooled",0.010497390105518277,0.07026793128778633,-0.1272277552185429,0.14822253542957947,0.9364847309162384,False
MLLT6,RNA,1,1w,"trained, F+M pooled",0.04007974817506504,0.03893653583859723,-0.03623586206858553,0.1163953584187156,0.9548042740303084,False
MLYCD,RNA,1,1w,"trained, F+M pooled",-0.044144525586711114,0.0796839543512281,-0.20032507611511818,0.11203602494169596,0.836521363254594,False
MMACHC,RNA,1,1w,"trained, F+M pooled",-0.02435073138913822,0.06249180845247548,-0.14683467595599015,0.09813321317771372,0.9940248720562108,False
MMP28,RNA,1,1w,"trained, F+M pooled",0.07403859281463913,0.2882430775023773,-0.49091783909002035,0.6389950247192986,0.9799967627189552,False
MOAP1,RNA,1,1w,"trained, F+M pooled",0.11590073163514288,0.22071256500880762,-0.31669589578212004,0.5484973590524058,0.984426194084122,False
MOB3C,RNA,1,1w,"trained, F+M pooled",-0.3773611731875843,0.215345072345489,-0.7994375149847427,0.04471516860957414,0.7245866096805667,False
MORF4L1,RNA,1,1w,"trained, F+M pooled",-0.07276408024815477,0.031983775920818434,-0.1354522810529589,-0.010075879443350644,0.4275167082180724,False
MOSPD2,RNA,1,1w,"trained, F+M pooled",-0.04268215806381295,0.13751494836708966,-0.31221145686330865,0.22684714073568277,0.9825925733453744,False
MRM1,RNA,1,1w,"trained, F+M pooled",-0.04912740932332031,0.10299604309583235,-0.25099965379115174,0.1527448351445111,0.7568733836712261,False
MRPL35,RNA,1,1w,"trained, F+M pooled",0.09313621820856115,0.052592147420713976,-0.009944390736038242,0.19621682715316052,0.7333964749703631,False
MRPL54,RNA,1,1w,"trained, F+M pooled",0.05297097853993627,0.052432578459513615,-0.04979687524071041,0.15573883232058294,0.926552278802422,False
MTFP1,RNA,1,1w,"trained, F+M pooled",0.16951956825253028,0.08288730755059524,0.007060445453363623,0.331978691051697,0.6115527531118553,False
MUC6,RNA,1,1w,"trained, F+M pooled",-0.17493258758214725,0.09642501513041789,-0.3639256172377663,0.014060442073471818,0.836457758083835,False
MYL4,RNA,1,1w,"trained, F+M pooled",-0.2585529522047332,0.09730034660371789,-0.44926163154802023,-0.06784427286144612,0.2961191938783641,False
MYLIP,RNA,1,1w,"trained, F+M pooled",-0.12025907270188443,0.07956964706347006,-0.27621558094628573,0.035697435542516864,0.7438360360332006,False
NAA16,RNA,1,1w,"trained, F+M pooled",-0.14548372069509571,0.11146251155630935,-0.363950243345462,0.0729828019552706,0.5779971034882213,False
NAA20,RNA,1,1w,"trained, F+M pooled",0.001798206750040535,0.07529482869715393,-0.14577965749638117,0.14937607099646222,0.8823152561680426,False
NABP1,RNA,1,1w,"trained, F+M pooled",0.021829294985811733,0.1347670023606086,-0.24231402964098112,0.28597261961260456,0.9034571052909944,False
NAPEPLD,RNA,1,1w,"trained, F+M pooled",-0.05957601619114969,0.17210483553173672,-0.3969014938333536,0.2777494614510543,0.9944880717722148,False
NCBP1,RNA,1,1w,"trained, F+M pooled",-0.029359174800867315,0.06794393915756576,-0.1625292955496962,0.10381094594796157,0.904442488622107,False
NDUFV3,RNA,1,1w,"trained, F+M pooled",0.19101669093011198,0.07179432346127652,0.05029981694600999,0.33173356491421396,0.013842158765946,True
NFE2,RNA,1,1w,"trained, F+M pooled",-0.1744836074268858,0.4810564963502869,-1.117354340273448,0.7683871254196766,0.9782314651952496,False
NFKBIA,RNA,1,1w,"trained, F+M pooled",0.045299904279746936,0.1717843688217289,-0.2913974586108417,0.3819972671703356,0.9870989039826782,False
NGDN,RNA,1,1w,"trained, F+M pooled",0.08078657408734263,0.11106609074202997,-0.13690296376703612,0.2984761119417214,0.937373304162062,False
NLRC4,RNA,1,1w,"trained, F+M pooled",-0.14872601111895467,0.37441949289826093,-0.882588217199546,0.5851361949616367,0.9692584089214836,False
NOCT,RNA,1,1w,"trained, F+M pooled",0.37657527782473327,0.0803621737436974,0.21906541728708637,0.5340851383623801,0.012750571796429,True
NR1D2,RNA,1,1w,"trained, F+M pooled",0.10197096125940874,0.05298919872661985,-0.0018878682447661527,0.20582979076358365,0.6324105821678266,False
NR3C2,RNA,1,1w,"trained, F+M pooled",0.06942300413421082,0.07951634969204639,-0.08642904126220011,0.22527504953062175,0.904442488622107,False
NR4A2,RNA,1,1w,"trained, F+M pooled",0.15776216108192076,0.22238129145350402,-0.27810517016694714,0.5936294923307887,0.93750682020742,False
NUDCD1,RNA,1,1w,"trained, F+M pooled",0.03565836098185499,0.09690792158872592,-0.15428116533204783,0.2255978872957578,0.9902478442526024,False
NXT1,RNA,1,1w,"trained, F+M pooled",0.08282985410971944,0.1691709039653449,-0.24874511766235657,0.41440482588179545,0.9548042740303084,False
OBSCN,RNA,1,1w,"trained, F+M pooled",0.029358836792319723,0.030855434385348223,-0.03111781460296279,0.08983548818760223,0.950924214705594,False
OSBP2,RNA,1,1w,"trained, F+M pooled",0.16194391851865994,0.11282954341351493,-0.05920198657182932,0.3830898236091492,0.6307595802720871,False
OSBPL11,RNA,1,1w,"trained, F+M pooled",0.10211639676166524,0.0627318596402773,-0.020838048133278275,0.22507084165660876,0.8489676277169669,False
OSER1,RNA,1,1w,"trained, F+M pooled",-0.014007926927886528,0.0605022289460751,-0.13259229566219372,0.10457644180642067,0.9677905953213992,False
OXNAD1,RNA,1,1w,"trained, F+M pooled",0.08421752349395129,0.07896942139306805,-0.0705625424364621,0.23899758942436466,0.8835043882321852,False
P2RY1,RNA,1,1w,"trained, F+M pooled",0.03591533399678305,0.08135470454709219,-0.12353988691551764,0.19537055490908373,0.950924214705594,False
P2RY12,RNA,1,1w,"trained, F+M pooled",-0.021180506735036176,0.33449198135887126,-0.6767847901984237,0.6344237767283515,0.9802491256293866,False
P2RY13,RNA,1,1w,"trained, F+M pooled",-0.1383950507377951,0.3062548254499282,-0.7386545086196544,0.4618644071440642,0.9725231836459528,False
P2RY14,RNA,1,1w,"trained, F+M pooled",-0.2266306814953124,0.16346254023782755,-0.5470172603614545,0.09375589737082962,0.9007549369852352,False
PAG1,RNA,1,1w,"trained, F+M pooled",0.23957546122281206,0.33311560947085056,-0.413331133340055,0.8924820557856791,0.9209156427187998,False
PCSK6,RNA,1,1w,"trained, F+M pooled",0.013294081840533324,0.05740521984551481,-0.0992201490566757,0.12580831273774234,0.9692584089214836,False
PDE4D,RNA,1,1w,"trained, F+M pooled",0.032246348364798436,0.0660550900660671,-0.09722162816469306,0.16171432489428994,0.9481834107195862,False
PDK4,RNA,1,1w,"trained, F+M pooled",0.3211642397065333,0.18233117097480303,-0.03620485540408064,0.6785333348171472,0.8417315710388676,False
PDZD8,RNA,1,1w,"trained, F+M pooled",0.0683461270327546,0.05075268988637134,-0.03112914514453323,0.1678213992100424,0.8806890496440081,False
PEAK1,RNA,1,1w,"trained, F+M pooled",0.053069448552828656,0.06123484636549986,-0.06695085032355108,0.17308974742920838,0.8891547970370439,False
PER1,RNA,1,1w,"trained, F+M pooled",0.6296747542267834,0.15640981239409854,0.3231115219343503,0.9362379865192165,0.0370548723499832,True
PEX3,RNA,1,1w,"trained, F+M pooled",-0.07358383915881783,0.08382501136293735,-0.23788086143017503,0.09071318311253937,0.9585887028994732,False
PHC3,RNA,1,1w,"trained, F+M pooled",-0.013661691908026026,0.05968521804521366,-0.13064471927664478,0.10332133546059274,0.9870989039826782,False
PHF1,RNA,1,1w,"trained, F+M pooled",0.09699040984210863,0.05846181349355204,-0.01759474460525337,0.21157556428947064,0.7497398074245483,False
PHF14,RNA,1,1w,"trained, F+M pooled",-0.019986398947955033,0.060336766349213214,-0.13824646099241292,0.09827366309650286,0.9902478442526024,False
PHF23,RNA,1,1w,"trained, F+M pooled",-0.12085585090600816,0.0815071709914289,-0.2806099060492088,0.038898204237192494,0.8571252638952318,False
PHLDA1,RNA,1,1w,"trained, F+M pooled",-0.283948978644669,0.18321574502712787,-0.6430518388978397,0.07515388160850162,0.3750482558593048,False
PHOSPHO1,RNA,1,1w,"trained, F+M pooled",0.024428729886480267,0.05285659000735378,-0.07917018652793315,0.12802764630089367,0.5948333853648111,False
PIAS2,RNA,1,1w,"trained, F+M pooled",-0.0036422562559122107,0.0500872898640665,-0.10181334438948254,0.09452883187765813,0.9588509122246184,False
PIK3IP1,RNA,1,1w,"trained, F+M pooled",0.018013738266618055,0.07410770731630845,-0.12723736807334649,0.1632648446065826,0.8146299265353412,False
PIM3,RNA,1,1w,"trained, F+M pooled",0.3774728886146793,0.08581019333188614,0.20928490968418248,0.5456608675451762,0.1071128458552807,False
PLA2G4A,RNA,1,1w,"trained, F+M pooled",-0.24654970078448346,0.15791779929726776,-0.5560685874071283,0.06296918583816136,0.3996907439657698,False
PMAIP1,RNA,1,1w,"trained, F+M pooled",-0.27394822740645663,0.24668575837694007,-0.7574523138252591,0.2095558590123459,0.9377184103821292,False
PNO1,RNA,1,1w,"trained, F+M pooled",0.00039933682293759554,0.05925929860621437,-0.11574888844524257,0.11654756209111776,0.8662158617725632,False
POLR2M,RNA,1,1w,"trained, F+M pooled",0.0482082484404688,0.036321031549155974,-0.02298097339587691,0.11939747027681452,0.8469138131202574,False
PPIL1,RNA,1,1w,"trained, F+M pooled",0.08983310857009617,0.11461441323230756,-0.13481114136522665,0.31447735850541897,0.9136171428243206,False
PPP1R15A,RNA,1,1w,"trained, F+M pooled",-0.26952431544513866,0.10373399023522353,-0.4728429363061768,-0.06620569458410053,0.0220790874922347,True
PPP1R2,RNA,1,1w,"trained, F+M pooled",-0.11917282930465987,0.05818347358381684,-0.23321243752894089,-0.005133221080378864,0.7982085692212709,False
PPP1R8,RNA,1,1w,"trained, F+M pooled",0.036796203353466964,0.06937739165960344,-0.09918348429935576,0.1727758910062897,0.9782314651952496,False
PREPL,RNA,1,1w,"trained, F+M pooled",-0.03893696196688301,0.06119104154998556,-0.1588714034048547,0.08099747947108868,0.976540884909764,False
PSMA1,RNA,1,1w,"trained, F+M pooled",-0.05766318314873136,0.04126693629523096,-0.13854637828738403,0.023220011989921317,0.8860698557734975,False
PTPN6,RNA,1,1w,"trained, F+M pooled",-0.23618471152168874,0.1387108534498831,-0.5080579842834596,0.03568856124008213,0.8781446711720798,False
PTPRO,RNA,1,1w,"trained, F+M pooled",-0.28815151344687373,0.18204160186755455,-0.6449530531072807,0.06865002621353317,0.738578606255938,False
RAB27B,RNA,1,1w,"trained, F+M pooled",-0.4873545027438165,0.36144120516611633,-1.1957792648694046,0.22107025938177155,0.8315238642004914,False
RAB3IL1,RNA,1,1w,"trained, F+M pooled",-0.07401281749018378,0.14807392315323933,-0.36423770687053286,0.21621207189016528,0.9902478442526024,False
RABIF,RNA,1,1w,"trained, F+M pooled",-0.21371262687902665,0.20602099997751988,-0.6175137868349656,0.1900885330769123,0.379500707015504,False
RAD23B,RNA,1,1w,"trained, F+M pooled",0.010248884348899055,0.04021806189414073,-0.06857851696361678,0.0890762856614149,0.9918088367764024,False
RBBP6,RNA,1,1w,"trained, F+M pooled",0.04353840074308091,0.047087666691042515,-0.048753425971362424,0.13583022745752424,0.7733673258034895,False
RBM3,RNA,1,1w,"trained, F+M pooled",-0.18754551795968522,0.08572849208195601,-0.355573362440319,-0.019517673479051423,0.7037239706367916,False
RBM33,RNA,1,1w,"trained, F+M pooled",0.11612446536563734,0.04738288949820604,0.02325400194915349,0.20899492878212117,0.6044485870304794,False
RBM4B,RNA,1,1w,"trained, F+M pooled",0.14945540925425105,0.11816936059054621,-0.08215653750321952,0.3810673560117216,0.6323081983196411,False
RCAN3,RNA,1,1w,"trained, F+M pooled",-0.2473087264879824,0.22584724440643544,-0.6899693255245959,0.19535187254863107,0.900451730793308,False
RCC1L,RNA,1,1w,"trained, F+M pooled",-0.026058164614766906,0.057222977650308565,-0.1382152008093717,0.0860988715798379,0.9619295241572328,False
RFX3,RNA,1,1w,"trained, F+M pooled",-0.1878216386166676,0.17341642259998236,-0.527717826912633,0.15207454967929782,0.907919438401965,False
RGCC,RNA,1,1w,"trained, F+M pooled",0.3025891239218536,0.11961731774020586,0.06813918115105014,0.5370390666926571,0.3996907439657698,False
RGS18,RNA,1,1w,"trained, F+M pooled",-0.5033136891646678,0.39282173258992004,-1.273244285040911,0.26661690671157545,0.9323287056626324,False
RHBDD2,RNA,1,1w,"trained, F+M pooled",-0.00589877224089125,0.09926925600586274,-0.20046651401238222,0.18866896953059972,0.9922543778770953,False
RMI1,RNA,1,1w,"trained, F+M pooled",-0.07320289544624829,0.08468069257250489,-0.2391770528883579,0.09277126199586129,0.9619295241572328,False
RMND5A,RNA,1,1w,"trained, F+M pooled",-0.010598730980575741,0.04723605688682262,-0.10318140247874807,0.08198394051759658,0.964745775217998,False
RNASEL,RNA,1,1w,"trained, F+M pooled",-0.38867168449433176,0.13867414691176275,-0.6604730124413867,-0.11687035654727679,0.5841110610012914,False
RNF14,RNA,1,1w,"trained, F+M pooled",0.022326488594296284,0.04148590413650311,-0.05898588351324981,0.10363886070184238,0.9666918208994348,False
RNF149,RNA,1,1w,"trained, F+M pooled",-0.028680511267992082,0.09190133928737614,-0.2088071362712493,0.15144611373526512,0.9890769296237186,False
RORA,RNA,1,1w,"trained, F+M pooled",0.2254339574481754,0.06984114723379092,0.08854530886994519,0.36232260602640565,0.4323743791349064,False
RPL32,RNA,1,1w,"trained, F+M pooled",-0.0753216132052531,0.05120025054143713,-0.17567410426646987,0.025030877855963668,0.7866565333013825,False
RPP25L,RNA,1,1w,"trained, F+M pooled",0.014024365846880299,0.12016883853159485,-0.2215065576750456,0.2495552893688062,0.8809301804999868,False
RPS7,RNA,1,1w,"trained, F+M pooled",0.013096130379217226,0.03706410834722303,-0.05954952198133992,0.08574178273977437,0.9585887028994732,False
RRAD,RNA,1,1w,"trained, F+M pooled",-1.1590773676876869,0.30578311533831204,-1.7584122737507784,-0.5597424616245953,0.0067610727284821,True
RTN2,RNA,1,1w,"trained, F+M pooled",0.054155244093640954,0.040790368805927964,-0.02579387876597785,0.13410436695325975,0.4690404785979456,False
RTP4,RNA,1,1w,"trained, F+M pooled",0.21809612493091723,0.15342805091470832,-0.08262285486191107,0.5188151047237455,0.696972975722763,False
RWDD1,RNA,1,1w,"trained, F+M pooled",0.019155961637805072,0.053551323947935034,-0.08580463330014759,0.12411655657575774,0.9930929234528392,False
SAMD8,RNA,1,1w,"trained, F+M pooled",-0.0480801603442334,0.05205316121587648,-0.1501043563273513,0.05394403563888449,0.8945824456470749,False
SAMD9,RNA,1,1w,"trained, F+M pooled",-0.10015855241566204,0.1487129367188434,-0.39163590838459506,0.191318803553271,0.832376398403289,False
SBDS,RNA,1,1w,"trained, F+M pooled",0.11598889849657662,0.0514768911577038,0.015094191827477177,0.21688360516567606,0.5716763432859835,False
SEC14L5,RNA,1,1w,"trained, F+M pooled",0.1474090185501424,0.1318622658786746,-0.1110410225720598,0.4058590596723446,0.5661996809854221,False
SEC62,RNA,1,1w,"trained, F+M pooled",0.022350404121080955,0.05123294868617324,-0.07806617530381858,0.1227669835459805,0.9888743924710788,False
SELENBP1,RNA,1,1w,"trained, F+M pooled",-0.20467992106040933,0.10539231437667033,-0.4112488572386832,0.0018890151178645176,0.7067709962774038,False
SERAC1,RNA,1,1w,"trained, F+M pooled",0.2527938458225461,0.14129633800235178,-0.02414697666206339,0.5297346683071555,0.8469138131202574,False
SERPINB9,RNA,1,1w,"trained, F+M pooled",-0.11427164190241408,0.16659242072233765,-0.44079278651819587,0.21224950271336773,0.927238665634764,False
SH2D3C,RNA,1,1w,"trained, F+M pooled",0.07431822426918958,0.10203223756839186,-0.12566496136485847,0.2743014099032376,0.950924214705594,False
SH3BP5L,RNA,1,1w,"trained, F+M pooled",-0.00048815660015305606,0.06618926054234164,-0.13021910726314267,0.12924279406283656,0.9882969134074404,False
SIK1,RNA,1,1w,"trained, F+M pooled",-0.06216899848178638,0.11354413061430327,-0.2847154944858208,0.160377497522248,0.2032485813608452,False
SLC16A3,RNA,1,1w,"trained, F+M pooled",-0.004395001400188278,0.05762569075462541,-0.11734135527925409,0.10855135247887752,0.895665537882708,False
SLC25A26,RNA,1,1w,"trained, F+M pooled",0.10250097199770893,0.09017284930671499,-0.07423781264345243,0.2792397566388703,0.8823152561680426,False
SLC25A37,RNA,1,1w,"trained, F+M pooled",0.3474580655707137,0.1389988955223511,0.07502023034690553,0.6198959007945218,0.4041969561606742,False
SLC39A9,RNA,1,1w,"trained, F+M pooled",-0.06105989033595407,0.06703994445389803,-0.1924581814655942,0.07033840079368606,0.8312246087123808,False
SLC4A1,RNA,1,1w,"trained, F+M pooled",1.5468076550105538,0.3226617348544998,0.9143906546957343,2.179224655325373,0.0005668093090305,True
SMAD7,RNA,1,1w,"trained, F+M pooled",0.006600880356995716,0.10602086653755222,-0.20120001805660662,0.21440177877059804,0.9652389097960672,False
SMDT1,RNA,1,1w,"trained, F+M pooled",0.046046674663371444,0.08644904415185649,-0.12339345187426726,0.21548680120101016,0.8823152561680426,False
SNCA,RNA,1,1w,"trained, F+M pooled",-0.20672662176119727,0.3899596360776324,-0.9710475084733567,0.5575942649509622,0.5172263937229855,False
SNX8,RNA,1,1w,"trained, F+M pooled",0.010569763452105863,0.10846287825945149,-0.20201747793641905,0.22315700484063078,0.9620027856062164,False
SON,RNA,1,1w,"trained, F+M pooled",-0.015186787992896477,0.027213575105880603,-0.06852539520042246,0.0381518192146295,0.8469138131202574,False
SORBS3,RNA,1,1w,"trained, F+M pooled",0.08350657858576423,0.08179353891485287,-0.07680875768734739,0.24382191485887583,0.9494425250569438,False
SPAG1,RNA,1,1w,"trained, F+M pooled",0.38883441393137935,0.15554692805432235,0.08396243494490757,0.6937063929178511,0.6568922436216412,False
SPRY1,RNA,1,1w,"trained, F+M pooled",0.07337252843383263,0.06971688215661077,-0.06327256059312447,0.21001761746078973,0.7553448266312551,False
SPRYD3,RNA,1,1w,"trained, F+M pooled",-0.029560267588440804,0.1227100384227871,-0.2700719428971035,0.21095140772022192,0.9848187339689118,False
SPTBN1,RNA,1,1w,"trained, F+M pooled",0.10834568900885619,0.04056025914661392,0.028847581081492907,0.18784379693621947,0.1565355747727586,False
ST8SIA4,RNA,1,1w,"trained, F+M pooled",-0.2237836149801017,0.22230558139816523,-0.6595025545205055,0.21193532456030215,0.8091321837791564,False
STARD7,RNA,1,1w,"trained, F+M pooled",0.0031827969753867994,0.05944798418641473,-0.11333525202998608,0.11970084598075968,0.9605296720929472,False
STK17B,RNA,1,1w,"trained, F+M pooled",0.04120797142684414,0.10182717779446998,-0.158373297050317,0.2407892399040053,0.9937675170039076,False
STK38L,RNA,1,1w,"trained, F+M pooled",0.04538239617573845,0.05668115655661226,-0.06571267067522157,0.1564774630266985,0.895665537882708,False
STX11,RNA,1,1w,"trained, F+M pooled",0.16308828134850564,0.3949473348311193,-0.6110084949204883,0.9371850576174995,0.9619295241572328,False
STX7,RNA,1,1w,"trained, F+M pooled",0.17313778004666905,0.1641255308201059,-0.1485482603607385,0.4948238204540766,0.9494425250569438,False
SUGT1,RNA,1,1w,"trained, F+M pooled",0.0007547625648744724,0.05021709625664295,-0.09767074609814572,0.09918027122789466,0.9633117508449536,False
TAOK2,RNA,1,1w,"trained, F+M pooled",0.07001715682931205,0.04332837116980021,-0.01490645066349637,0.15494076432212045,0.7491242356297312,False
TCAF2,RNA,1,1w,"trained, F+M pooled",0.8426668264818804,0.641799502573944,-0.41526019856304996,2.1005938515268108,0.7797918390485654,False
TCEA3,RNA,1,1w,"trained, F+M pooled",0.023342896509241345,0.04436893548447251,-0.06362021704032476,0.11030601005880745,0.9743004532168628,False
TCF7,RNA,1,1w,"trained, F+M pooled",0.08085666985456502,0.22595151317906523,-0.3620082959764028,0.5237216356855329,0.9934842536526864,False
TCP11L2,RNA,1,1w,"trained, F+M pooled",0.05471407430965776,0.07778069311536494,-0.0977360841964575,0.207164232815773,0.918691119496597,False
TFEC,RNA,1,1w,"trained, F+M pooled",-0.1503180953190558,0.37045923637310063,-0.8764181986103331,0.5757820079722215,0.9232302599396404,False
THAP2,RNA,1,1w,"trained, F+M pooled",-0.02013802544553911,0.18952888693279032,-0.3916146438338081,0.3513385929427299,0.9917444340747936,False
THAP6,RNA,1,1w,"trained, F+M pooled",0.1884229211512069,0.1466655919584278,-0.09904163908731156,0.47588748138972536,0.6738757213688052,False
TIMMDC1,RNA,1,1w,"trained, F+M pooled",0.03763119427706887,0.061556554552517705,-0.08301965264586583,0.15828204120000355,0.927238665634764,False
TIPARP,RNA,1,1w,"trained, F+M pooled",0.6201622187583947,0.149680973445734,0.3267875108047561,0.9135369267120333,0.0275952478967273,True
TLR7,RNA,1,1w,"trained, F+M pooled",0.24363888720033866,0.18409913739878647,-0.11719542210128281,0.6044731965019601,0.7895001678607929,False
TLR8,RNA,1,1w,"trained, F+M pooled",-0.14646710454086534,0.1943729902189184,-0.5274381653699454,0.23450395628821472,0.9429849759455358,False
TM2D2,RNA,1,1w,"trained, F+M pooled",0.0168323313414687,0.05616468244861303,-0.09325044625781284,0.12691510894075023,0.7096294091851912,False
TMA16,RNA,1,1w,"trained, F+M pooled",0.01335070780473518,0.12372062550255501,-0.22914171818027262,0.255843133789743,0.9588509122246184,False
TMCC2,RNA,1,1w,"trained, F+M pooled",-0.0029409436741038167,0.055215432949582685,-0.11116319225528587,0.10528130490707824,0.8816207542719472,False
TMEM119,RNA,1,1w,"trained, F+M pooled",-0.1893253961385896,0.31106233608813044,-0.7990075748713252,0.4203567825941461,0.7956318640787492,False
TMEM140,RNA,1,1w,"trained, F+M pooled",-0.1302005335022531,0.15281424079477426,-0.42971644546001064,0.16931537845550446,0.9451541972650912,False
TMEM158,RNA,1,1w,"trained, F+M pooled",-0.46796101033525517,0.24692092505599428,-0.951926023445004,0.016004002774493598,0.3078274837140164,False
TMEM33,RNA,1,1w,"trained, F+M pooled",-0.10616204163561858,0.07911022634877965,-0.2612180852792267,0.04889400200798953,0.7276734902133519,False
TMEM39A,RNA,1,1w,"trained, F+M pooled",-0.11698937614908447,0.12707955119042078,-0.3660652964823092,0.13208654418414023,0.9478815329491886,False
TMEM60,RNA,1,1w,"trained, F+M pooled",-0.07882180645621423,0.07844632013546071,-0.23257659392171723,0.07493298100928877,0.9600927496738034,False
TMOD1,RNA,1,1w,"trained, F+M pooled",-0.11336466117020545,0.05205503696698589,-0.21539253362549782,-0.011336788714913101,0.5674587509799743,False
TNFAIP3,RNA,1,1w,"trained, F+M pooled",-0.5001929677098548,0.13810156989622333,-0.7708720447064525,-0.22951389071325706,0.343782908140766,False
TNFAIP6,RNA,1,1w,"trained, F+M pooled",-0.43443347449900327,0.29156453627666945,-1.0058999656012753,0.13703301660326883,0.8945824456470749,False
TNFAIP8L2,RNA,1,1w,"trained, F+M pooled",-0.19204565209076843,0.17401367590980377,-0.5331124568739838,0.14902115269244695,0.9481834107195862,False
TNFRSF1A,RNA,1,1w,"trained, F+M pooled",-0.03217158878137101,0.057184570712116904,-0.14425334737712014,0.07991016981437812,0.969499484013155,False
TNFSF10,RNA,1,1w,"trained, F+M pooled",-0.17066620989911074,0.09144689013760009,-0.34990211456880693,0.008569694770585418,0.6085330877926762,False
TNS1,RNA,1,1w,"trained, F+M pooled",0.0964041622178049,0.057920379373230954,-0.01711978135372777,0.20992810578933757,0.7127681207568587,False
TOB1,RNA,1,1w,"trained, F+M pooled",-0.034297903924755825,0.06060318132208365,-0.15308013931603978,0.08448433146652812,0.9136171428243206,False
TOE1,RNA,1,1w,"trained, F+M pooled",-0.08505767868629775,0.11110876723055992,-0.3028308624581952,0.1327155050855997,0.8945824456470749,False
TOP1MT,RNA,1,1w,"trained, F+M pooled",0.0033161201460580533,0.11088619628157305,-0.2140208245658251,0.22065306485794123,0.9965388031697692,False
TPM1,RNA,1,1w,"trained, F+M pooled",-0.08141567532709526,0.06188684113183695,-0.20271388394549567,0.03988253329130516,0.527593345968337,False
TRAF6,RNA,1,1w,"trained, F+M pooled",0.1209692540582741,0.09698197301498157,-0.06911541305108976,0.31105392116763797,0.8542208757755198,False
TRAPPC9,RNA,1,1w,"trained, F+M pooled",-0.06210796227393684,0.0465489762943129,-0.15334395581079013,0.029128031262916444,0.832376398403289,False
TRERF1,RNA,1,1w,"trained, F+M pooled",-0.26672086711994497,0.14642793966052714,-0.5537196288545781,0.020277894614688208,0.7127681207568587,False
TRIM13,RNA,1,1w,"trained, F+M pooled",-0.27490998770534614,0.20280172919639214,-0.6724013769302748,0.12258140151958247,0.780236450899949,False
TRMT1L,RNA,1,1w,"trained, F+M pooled",-0.0006774932003110855,0.0601584728372766,-0.11858809996137322,0.11723311356075104,0.9938227990910596,False
TRNT1,RNA,1,1w,"trained, F+M pooled",0.05011082903402219,0.0766237745170194,-0.10007176901933584,0.20029342708738024,0.9523435457497854,False
TSC22D3,RNA,1,1w,"trained, F+M pooled",0.27002649510998455,0.07515177272963898,0.12272902055989215,0.41732396966007695,0.3115765030527192,False
TSHZ2,RNA,1,1w,"trained, F+M pooled",0.0989270260109272,0.08629012594077314,-0.07020162083298814,0.26805567285484255,0.8469138131202574,False
TSPYL2,RNA,1,1w,"trained, F+M pooled",0.0054379545764290625,0.08035543698556603,-0.15205870191528037,0.1629346110681385,0.9572876014521506,False
TTC12,RNA,1,1w,"trained, F+M pooled",0.21482441036181585,0.40723778821389733,-0.5833616545374228,1.0130104752610545,0.8860698557734975,False
TTC33,RNA,1,1w,"trained, F+M pooled",0.12821521872755628,0.05645092785076584,0.017571400140055246,0.2388590373150573,0.7184129394285055,False
TTC9C,RNA,1,1w,"trained, F+M pooled",-0.16769521809144528,0.07654394839549324,-0.317721356946612,-0.01766907923627853,0.7037239706367916,False
UBALD2,RNA,1,1w,"trained, F+M pooled",0.1076790998679435,0.05954111975678167,-0.009021494855348575,0.22437969459123558,0.0167058439310962,True
UBE2D2,RNA,1,1w,"trained, F+M pooled",-0.1369222554862331,0.08450314820916552,-0.3025484259761975,0.028703915003731317,0.8493934223062622,False
UHRF1BP1L,RNA,1,1w,"trained, F+M pooled",-0.005216121285756864,0.06431737876996751,-0.1312781836748932,0.12084594110337947,0.950924214705594,False
USP30,RNA,1,1w,"trained, F+M pooled",0.10954883515931797,0.07752610924223187,-0.04240233895545649,0.26150000927409245,0.8781446711720798,False
UTP3,RNA,1,1w,"trained, F+M pooled",-0.0896259242264982,0.0579462387594325,-0.2032005521949859,0.0239487037419895,0.8373112411573987,False
VAMP2,RNA,1,1w,"trained, F+M pooled",0.046469674072339255,0.04860193499466066,-0.048790118517195634,0.14172946666187414,0.8232239930880483,False
VAPA,RNA,1,1w,"trained, F+M pooled",-0.0024726423468914276,0.040965411576933515,-0.08276484903768112,0.07781956434389826,0.8259959074110422,False
VPS35,RNA,1,1w,"trained, F+M pooled",0.0029099184247397317,0.05483774009369566,-0.10457205215890376,0.11039188900838322,0.9800161978495908,False
VPS37A,RNA,1,1w,"trained, F+M pooled",0.042532162974417045,0.0730172532059351,-0.10058165330921577,0.18564597925804988,0.7745206662198121,False
VWA8,RNA,1,1w,"trained, F+M pooled",0.15360459994457903,0.07892959615748389,-0.0010974085240893772,0.3083066084132474,0.8079793337432762,False
WHAMM,RNA,1,1w,"trained, F+M pooled",0.0438574485164841,0.07544644769510943,-0.10401758896593039,0.19173248599889858,0.9666975482468646,False
WWP2,RNA,1,1w,"trained, F+M pooled",0.01607711997659405,0.09737687814365116,-0.17478156118496221,0.20693580113815033,0.9391908872360988,False
XK,RNA,1,1w,"trained, F+M pooled",0.07328852152446057,0.09552531198991868,-0.11394108997578002,0.26051813302470117,0.9747100825057516,False
YIPF4,RNA,1,1w,"trained, F+M pooled",-0.13629208463048267,0.08536402753429526,-0.3036055785977014,0.031021409336736028,0.8905068769181693,False
YIPF5,RNA,1,1w,"trained, F+M pooled",-0.0358282263644384,0.08602708530666538,-0.20444131356550255,0.13278486083662572,0.8894538994602103,False
ZBTB10,RNA,1,1w,"trained, F+M pooled",-0.10433554469927643,0.1076150903723728,-0.31526112182912713,0.10659003243057426,0.5779971034882213,False
ZBTB25,RNA,1,1w,"trained, F+M pooled",0.07728171488881339,0.15795308665660707,-0.23230633495813643,0.3868697647357632,0.9571492875746404,False
ZBTB43,RNA,1,1w,"trained, F+M pooled",0.0653168706161436,0.0990517864182189,-0.12882463076356548,0.25945837199585264,0.5428486950238012,False
ZC3H10,RNA,1,1w,"trained, F+M pooled",0.03547468049470662,0.0875361626789177,-0.13609619835597206,0.2070455593453853,0.9824733383284312,False
ZC3H12A,RNA,1,1w,"trained, F+M pooled",0.12061951744730856,0.15777315895947117,-0.1886158741132549,0.42985490900787204,0.950924214705594,False
ZC3H14,RNA,1,1w,"trained, F+M pooled",-0.033765434106666756,0.0494673463719687,-0.13072143299572542,0.06319056478239189,0.6908654267439418,False
ZEB2,RNA,1,1w,"trained, F+M pooled",-0.15380794365706343,0.06885584329813998,-0.2887653965214178,-0.018850490792709063,0.5841110610012914,False
ZFYVE21,RNA,1,1w,"trained, F+M pooled",-0.0036187314591779336,0.13146160259046163,-0.26128347253648276,0.25404600961812684,0.9800161978495908,False
ZKSCAN3,RNA,1,1w,"trained, F+M pooled",-0.08245107577503263,0.06271717727740994,-0.2053767432387561,0.040474591688690845,0.7491242356297312,False
ZKSCAN7,RNA,1,1w,"trained, F+M pooled",0.02349141348476491,0.12903898050350412,-0.22942498830210317,0.276407815271633,0.9848187339689118,False
ZNF175,RNA,1,1w,"trained, F+M pooled",-0.2540457627615782,0.18862315805925453,-0.6237471525577171,0.11565562703456067,0.6212919033343117,False
ZNF189,RNA,1,1w,"trained, F+M pooled",0.3690907330078934,0.11284802785714022,0.14790859840789858,0.5902728676078882,0.192007932431674,False
ZNF260,RNA,1,1w,"trained, F+M pooled",-0.36582315550585287,0.12570974873518165,-0.6122142630268089,-0.11943204798489684,0.4620660818613979,False
ZNF330,RNA,1,1w,"trained, F+M pooled",-0.013360774327120599,0.056562211975181624,-0.12422270979847658,0.09750116114423538,0.9692584089214836,False
ZNF394,RNA,1,1w,"trained, F+M pooled",0.14656557966206993,0.09453821535574836,-0.038729322435196833,0.3318604817593367,0.847199695574833,False
ZNF395,RNA,1,1w,"trained, F+M pooled",-0.14977688884713117,0.09080010812800234,-0.3277451007780158,0.02819132308375341,0.8232239930880483,False
ZNF594,RNA,1,1w,"trained, F+M pooled",0.11043093729792566,0.21452892449242575,-0.31004575470722884,0.5309076293030801,0.9692584089214836,False
ABHD14B,RNA,2,2w,"trained, F+M pooled",-0.09005090491745604,0.09002420454258246,-0.2664983458209177,0.08639653598600558,0.9973696164570588,False
ABL1,RNA,2,2w,"trained, F+M pooled",0.15287299131251098,0.11622187050593986,-0.07492187487913116,0.3806678575041531,0.9934648698188544,False
ABT1,RNA,2,2w,"trained, F+M pooled",0.09025622908659911,0.10993045321521679,-0.12520745921522577,0.30571991738842397,0.9973696164570588,False
ACAN,RNA,2,2w,"trained, F+M pooled",-0.14618713817131,1.3194466835128644,-2.732302637856524,2.4399283615139042,0.9983165956203738,False
ACSL3,RNA,2,2w,"trained, F+M pooled",-0.04807119142434809,0.07391952378486402,-0.19295345804268157,0.09681107519398538,0.9934648698188544,False
ACVR1B,RNA,2,2w,"trained, F+M pooled",0.12299879608824432,0.0788538399306049,-0.03155473017574126,0.27755232235222993,0.9557088413913708,False
ADNP2,RNA,2,2w,"trained, F+M pooled",0.003606180131939437,0.10313851932490133,-0.19854531774486714,0.20575767800874603,0.9973696164570588,False
ADPRM,RNA,2,2w,"trained, F+M pooled",-0.07322589631080904,0.11127592732023567,-0.291326713858471,0.14487492123685286,0.9934648698188544,False
ALAS2,RNA,2,2w,"trained, F+M pooled",0.3278402612621997,0.22126464604587326,-0.10583844498771189,0.7615189675121112,0.9802081387566794,False
ANAPC7,RNA,2,2w,"trained, F+M pooled",-0.005065569470877103,0.05889368579839727,-0.12049719363573576,0.11036605469398154,0.9973696164570588,False
ANGPT1,RNA,2,2w,"trained, F+M pooled",-0.11125824071588405,0.0812458582860094,-0.2705001229564625,0.047983641524694365,0.991950752975209,False
ANKRD50,RNA,2,2w,"trained, F+M pooled",-0.049223426780355205,0.07947675645117225,-0.2049978694246528,0.10655101586394239,0.9934648698188544,False
ARHGAP18,RNA,2,2w,"trained, F+M pooled",-0.04078208981922127,0.0806121585187492,-0.19878192051596968,0.11721774087752715,0.9934648698188544,False
ARL4A,RNA,2,2w,"trained, F+M pooled",0.14051717811783268,0.11178934347838122,-0.0785899350997945,0.35962429133545987,0.9934648698188544,False
ARV1,RNA,2,2w,"trained, F+M pooled",-0.33102514987373466,0.14865217117947724,-0.62238340538551,-0.039666894361959304,0.6214745819227379,False
ASB3,RNA,2,2w,"trained, F+M pooled",-0.03511356627123126,0.1060416844766899,-0.2429552678455435,0.17272813530308095,0.9973696164570588,False
ASB7,RNA,2,2w,"trained, F+M pooled",0.054533853826480745,0.07910698169051697,-0.1005158302869325,0.20958353793989398,0.9973696164570588,False
ATE1,RNA,2,2w,"trained, F+M pooled",-0.014754469604451684,0.0474322052711665,-0.10772159193593803,0.07821265272703465,0.9973696164570588,False
ATF3,RNA,2,2w,"trained, F+M pooled",-0.7593078768904823,0.22255136636606657,-1.1955085549679727,-0.3231071988129918,0.3217140511344303,False
AVPI1,RNA,2,2w,"trained, F+M pooled",-0.15234026955493207,0.10210237366327005,-0.3524609219349414,0.04778038282507721,0.9737764096797782,False
BAG3,RNA,2,2w,"trained, F+M pooled",-0.044089088512910324,0.04568087972371779,-0.13362361277139717,0.04544543574557654,0.9934648698188544,False
BAG4,RNA,2,2w,"trained, F+M pooled",-0.0027732956838405726,0.1600900032319136,-0.3165497020183912,0.3110031106507101,0.9957401913085856,False
BAZ2B,RNA,2,2w,"trained, F+M pooled",-0.013026877557545342,0.05976608332464689,-0.13016840087385326,0.10411464575876256,0.9934648698188544,False
BBS10,RNA,2,2w,"trained, F+M pooled",-0.049137180148462634,0.1748252564212611,-0.39179468273413437,0.2935203224372091,0.9973696164570588,False
BBS12,RNA,2,2w,"trained, F+M pooled",-0.016402783917654647,0.16450080614092485,-0.33882436395386734,0.30601879611855803,0.9973696164570588,False
BCL11A,RNA,2,2w,"trained, F+M pooled",-0.8452281356312924,0.6215280584503898,-2.0634231301940567,0.37296685893147175,0.9934648698188544,False
BCL2,RNA,2,2w,"trained, F+M pooled",0.11850393539015358,0.2858427883752177,-0.4417479298252731,0.6787558006055803,0.9973696164570588,False
BCL2L1,RNA,2,2w,"trained, F+M pooled",0.1489156483950462,0.08554209703217734,-0.018746861788021374,0.3165781585781138,0.9934648698188544,False
BCL2L11,RNA,2,2w,"trained, F+M pooled",-0.05796002154591722,0.1085465677190823,-0.27071129427531854,0.15479125118348408,0.9934648698188544,False
BET1,RNA,2,2w,"trained, F+M pooled",-0.1254129555921737,0.13187008569278613,-0.3838783235500345,0.1330524123656871,0.9934648698188544,False
BEX3,RNA,2,2w,"trained, F+M pooled",-0.09045909681477281,0.09931098942910846,-0.2851086360958254,0.10419044246627977,0.9732986764028472,False
BEX5,RNA,2,2w,"trained, F+M pooled",-0.3504402514501603,0.14106314951613438,-0.6269240245017836,-0.07395647839853692,0.9242436035603632,False
BHLHE40,RNA,2,2w,"trained, F+M pooled",-0.03830103576731132,0.07152785674633132,-0.17849563499012072,0.10189356345549806,0.9934648698188544,False
BNIP1,RNA,2,2w,"trained, F+M pooled",0.07292301864870017,0.05282837938289334,-0.030620604941770768,0.1764666422391711,0.9802081387566794,False
BORCS6,RNA,2,2w,"trained, F+M pooled",0.01198104797052172,0.06016587968243108,-0.10594407620704319,0.12990617214808664,0.9973799997489348,False
BPGM,RNA,2,2w,"trained, F+M pooled",-0.09669247170782835,0.035157679589695734,-0.165601523703632,-0.02778341971202472,0.8017750356031094,False
BPTF,RNA,2,2w,"trained, F+M pooled",0.0382164907945828,0.03944715004908612,-0.03909992330162599,0.1155329048907916,0.991950752975209,False
BRWD1,RNA,2,2w,"trained, F+M pooled",0.05865028937184749,0.046322787302612224,-0.03214237374127246,0.14944295248496745,0.9957639517679336,False
BTF3,RNA,2,2w,"trained, F+M pooled",-0.03914182741348721,0.0476434116934438,-0.13252291433263705,0.054239259505662635,0.9934648698188544,False
BTG3,RNA,2,2w,"trained, F+M pooled",0.08954938827125354,0.23207141786001806,-0.3653105907343819,0.5444093672768889,0.9973696164570588,False
C12orf4,RNA,2,2w,"trained, F+M pooled",0.08426868288984,0.10367391236339271,-0.1189321853424097,0.2874695511220897,0.9802081387566794,False
C19orf48,RNA,2,2w,"trained, F+M pooled",-0.14818676467835187,0.1401650898618827,-0.422910340807642,0.12653681145093823,0.8188268952579014,False
C9orf40,RNA,2,2w,"trained, F+M pooled",0.17521588474201447,0.1430493973131286,-0.10516093399171758,0.45559270347574654,0.9338742296650592,False
CABP4,RNA,2,2w,"trained, F+M pooled",-0.4727759090314939,0.42632986704079445,-1.308382448431451,0.3628306303684632,0.9053289827201624,False
CBR4,RNA,2,2w,"trained, F+M pooled",0.06539724692679479,0.07303855749676087,-0.07775832576685653,0.20855281962044608,0.9934648698188544,False
CBX4,RNA,2,2w,"trained, F+M pooled",-0.20756677915245422,0.21644920924633113,-0.6318072292752632,0.21667367097035475,0.9802081387566794,False
CCDC126,RNA,2,2w,"trained, F+M pooled",0.002490007398358352,0.12467497306745019,-0.241872939813844,0.24685295461056073,0.9934648698188544,False
CCDC127,RNA,2,2w,"trained, F+M pooled",0.01872263255751741,0.0699288317384243,-0.11833787764979423,0.15578314276482905,0.9973696164570588,False
CCDC57,RNA,2,2w,"trained, F+M pooled",0.00779046919875089,0.07859278219341503,-0.14625138390034256,0.16183232229784436,0.9934648698188544,False
CCDC59,RNA,2,2w,"trained, F+M pooled",-0.024824465890792135,0.07843739733479312,-0.17856176466698662,0.12891283288540237,0.9973696164570588,False
CCNG2,RNA,2,2w,"trained, F+M pooled",0.04212228261036735,0.057580634164869256,-0.07073576035277639,0.1549803255735111,0.9934648698188544,False
CCNL1,RNA,2,2w,"trained, F+M pooled",-0.027370335432275218,0.06736322966670379,-0.15940226557901463,0.1046615947144642,0.9942946444072563,False
CCR5,RNA,2,2w,"trained, F+M pooled",-0.30169368935179725,0.21645244203902167,-0.7259404757482797,0.1225530970446852,0.9934648698188544,False
CD5,RNA,2,2w,"trained, F+M pooled",0.2334080205063968,0.3252656341030888,-0.4041126223356572,0.8709286633484508,0.9934648698188544,False
CD6,RNA,2,2w,"trained, F+M pooled",-0.6959117383903646,0.18138198390473764,-1.0514204268436504,-0.3404030499370788,0.4247765923312316,False
CD83,RNA,2,2w,"trained, F+M pooled",-0.23733095403340343,0.21273120436535506,-0.6542841145894993,0.17962220652269245,0.9934648698188544,False
CDC42EP2,RNA,2,2w,"trained, F+M pooled",-0.16586007214019327,0.08257268913723319,-0.32770254284917033,-0.004017601431216239,0.9222120706038648,False
CDR2,RNA,2,2w,"trained, F+M pooled",0.189615850657141,0.22000978117748107,-0.2416033204507219,0.6208350217650039,0.9338742296650592,False
CENPE,RNA,2,2w,"trained, F+M pooled",0.07786632574193168,0.3025366856122387,-0.5151055780580561,0.6708382295419194,0.9934648698188544,False
CEP170,RNA,2,2w,"trained, F+M pooled",-0.04575649349458181,0.08844683803748099,-0.21911229604804455,0.12759930905888095,0.9934648698188544,False
CETN3,RNA,2,2w,"trained, F+M pooled",-0.10418379484666815,0.12742917229775338,-0.3539449725502648,0.14557738285692848,0.9934648698188544,False
CFAP20,RNA,2,2w,"trained, F+M pooled",-0.14185529084592532,0.11388113679393476,-0.36506231896203745,0.0813517372701868,0.9934648698188544,False
CHCHD6,RNA,2,2w,"trained, F+M pooled",0.03635882876331307,0.19328964554506,-0.34248887650500454,0.4152065340316307,0.9934648698188544,False
CHST15,RNA,2,2w,"trained, F+M pooled",-0.05174580999255708,0.16157432696687507,-0.3684314908476322,0.2649398708625181,0.9934648698188544,False
CIRBP,RNA,2,2w,"trained, F+M pooled",-0.14369771131322773,0.06383890968022542,-0.26882197428646953,-0.01857344833998592,0.6214745819227379,False
CISH,RNA,2,2w,"trained, F+M pooled",1.3320317330477782,0.6874144484384743,-0.015300585891631524,2.679364051987188,0.6214745819227379,False
CLASRP,RNA,2,2w,"trained, F+M pooled",0.090106439362628,0.0647286616270334,-0.036761737426357466,0.21697461615161345,0.9802081387566794,False
CLCN3,RNA,2,2w,"trained, F+M pooled",-0.10908669879721579,0.05514605681736543,-0.21717297015925202,-0.0010004274351795434,0.8160510659040623,False
CLK1,RNA,2,2w,"trained, F+M pooled",-0.05025459941071299,0.05151480095528721,-0.15122360928307593,0.05071441046164994,0.9934648698188544,False
CNNM2,RNA,2,2w,"trained, F+M pooled",0.025357024070616532,0.13228090652226554,-0.23391355271302394,0.284627600854257,0.9934648698188544,False
COMMD5,RNA,2,2w,"trained, F+M pooled",-0.09828179310477934,0.11805744876346792,-0.3296743926811765,0.13311080647161777,0.9934648698188544,False
CRIPT,RNA,2,2w,"trained, F+M pooled",-0.07027690941134795,0.08667002345155157,-0.24015015537638904,0.09959633655369313,0.9973696164570588,False
CSRNP1,RNA,2,2w,"trained, F+M pooled",0.057021417116163556,0.165263578888432,-0.26689519750516316,0.38093803173749025,0.9934648698188544,False
CSTF3,RNA,2,2w,"trained, F+M pooled",0.049602743059788124,0.13007490480142558,-0.205344070351006,0.30454955647058224,0.9934648698188544,False
CXCR4,RNA,2,2w,"trained, F+M pooled",-0.05668405794285879,0.11806329876737987,-0.2880881235269233,0.17472000764120577,0.9934648698188544,False
DAB2,RNA,2,2w,"trained, F+M pooled",-0.030217765399966363,0.08775664704167822,-0.20222079360165568,0.14178526280172293,0.9973696164570588,False
DARS2,RNA,2,2w,"trained, F+M pooled",-0.009794647697071723,0.07768787261983677,-0.1620628780319518,0.14247358263780835,0.9973696164570588,False
DCAF12,RNA,2,2w,"trained, F+M pooled",-0.059632342709421,0.15763207183227737,-0.36859120350068464,0.24932651808184267,0.9934648698188544,False
DCAF7,RNA,2,2w,"trained, F+M pooled",-0.09369831210866272,0.04491058295834066,-0.18172305470701042,-0.00567356951031503,0.9338742296650592,False
DCLRE1A,RNA,2,2w,"trained, F+M pooled",-0.15328839919825987,0.09000319176721303,-0.3296946550619974,0.023117856665477665,0.8936015303584584,False
DDIT3,RNA,2,2w,"trained, F+M pooled",-0.10565391036997393,0.0898818690377074,-0.2818223736838804,0.07051455294393255,0.9503216380373822,False
DDIT4,RNA,2,2w,"trained, F+M pooled",0.6186585484889213,0.25270236302622545,0.12336191695751947,1.1139551800203231,0.7391910055282039,False
DDX20,RNA,2,2w,"trained, F+M pooled",-0.03311855966576681,0.07791699135868017,-0.18583586272877994,0.11959874339724634,0.9934648698188544,False
DDX58,RNA,2,2w,"trained, F+M pooled",0.22840898827172235,0.18274860604190307,-0.12977827957040766,0.5865962561138524,0.9934648698188544,False
DGAT2,RNA,2,2w,"trained, F+M pooled",0.09656434572612327,0.07745512454689095,-0.055247698385783,0.24837638983802954,0.9802081387566794,False
DNAJB1,RNA,2,2w,"trained, F+M pooled",-0.11520512177717884,0.08914350680011775,-0.28992639510540963,0.05951615155105194,0.9934648698188544,False
DNAJB9,RNA,2,2w,"trained, F+M pooled",0.07826852849016318,0.07389050306234528,-0.06655685751203357,0.22309391449235993,0.9934648698188544,False
DNMT3A,RNA,2,2w,"trained, F+M pooled",0.0682504562987253,0.04945987802633835,-0.028690904632897862,0.16519181723034845,0.9934648698188544,False
DTX3,RNA,2,2w,"trained, F+M pooled",-0.07833751993637794,0.06817301093345014,-0.2119566213659402,0.05528158149318432,0.9938303592177414,False
DUSP10,RNA,2,2w,"trained, F+M pooled",-0.11512731821902851,0.10361892041854537,-0.3182204022393774,0.08796576580132041,0.9222120706038648,False
DUSP16,RNA,2,2w,"trained, F+M pooled",-0.15371614822386057,0.06740469188038274,-0.28582934430941076,-0.0216029521383104,0.8004061775819982,False
DUSP2,RNA,2,2w,"trained, F+M pooled",-0.7710051099315682,0.3731572974734502,-1.5023934129795307,-0.039616806883605804,0.9338742296650592,False
DUSP8,RNA,2,2w,"trained, F+M pooled",-0.1267271041031642,0.12761369443296072,-0.3768499451917672,0.12339573698543879,0.9802081387566794,False
DYNLL1,RNA,2,2w,"trained, F+M pooled",0.001298235770330249,0.07930157573135682,-0.15413285266312912,0.15672932420378963,0.9934648698188544,False
DYNLL2,RNA,2,2w,"trained, F+M pooled",-0.04279623318308622,0.037908612335678056,-0.11709711336101522,0.03150464699484277,0.9934648698188544,False
EEF1D,RNA,2,2w,"trained, F+M pooled",0.04990678747837492,0.03619510906748915,-0.02103562629390382,0.12084920125065365,0.9151439570691582,False
EEPD1,RNA,2,2w,"trained, F+M pooled",0.1275228115101642,0.06476637166439946,0.0005807230479412673,0.25446489997238714,0.9230008877695192,False
EIF1,RNA,2,2w,"trained, F+M pooled",0.024414449721996457,0.03368143718466057,-0.041601167159938265,0.09043006660393117,0.9934648698188544,False
ELAC1,RNA,2,2w,"trained, F+M pooled",-0.16686646264066995,0.11839730243463688,-0.39892517541255823,0.06519225013121832,0.9934648698188544,False
ELK4,RNA,2,2w,"trained, F+M pooled",0.042775335593196295,0.04128373282824604,-0.03814078075016594,0.12369145193655853,0.9497217241042416,False
ELMOD2,RNA,2,2w,"trained, F+M pooled",0.04981615717872374,0.10528143784693356,-0.15653546100126603,0.2561677753587135,0.9934648698188544,False
ELOVL6,RNA,2,2w,"trained, F+M pooled",0.07988376622774081,0.5699206600979262,-1.0371607275641945,1.196928260019676,0.9974932225484336,False
ENC1,RNA,2,2w,"trained, F+M pooled",0.3039577157415367,0.17766626367057856,-0.044268161052797295,0.6521835925358707,0.6348463500479489,False
ERN1,RNA,2,2w,"trained, F+M pooled",0.03481347433490747,0.044312347250228465,-0.05203872627554033,0.12166567494535527,0.9973696164570588,False
ETNK1,RNA,2,2w,"trained, F+M pooled",0.002374119225394803,0.05048346705084634,-0.09657347619426401,0.10132171464505363,0.9934648698188544,False
EVL,RNA,2,2w,"trained, F+M pooled",0.05542160221855252,0.14226077914537136,-0.22340952490637533,0.3342527293434804,0.9934648698188544,False
EXD2,RNA,2,2w,"trained, F+M pooled",-0.053447380276503205,0.06472472639203691,-0.18030784400489555,0.07341308345188916,0.9934648698188544,False
EXOSC3,RNA,2,2w,"trained, F+M pooled",-0.0032208787856142255,0.1171054103329516,-0.23274748303819937,0.22630572546697092,1.0,False
EXOSC6,RNA,2,2w,"trained, F+M pooled",0.15671026881433772,0.26211000585804956,-0.35702534266743946,0.6704458802961148,0.9934648698188544,False
EYA3,RNA,2,2w,"trained, F+M pooled",0.022283991637005757,0.07220746757903637,-0.11924264481790553,0.16381062809191704,0.9973696164570588,False
F2RL1,RNA,2,2w,"trained, F+M pooled",-0.39102172748594777,0.2562666516199311,-0.8933043646610127,0.11126090968911717,0.9802081387566794,False
FAM133B,RNA,2,2w,"trained, F+M pooled",-0.11705940497080723,0.1344750550966561,-0.38063051296025324,0.14651170301863875,0.911890585244668,False
FAM43A,RNA,2,2w,"trained, F+M pooled",0.36786112000782845,0.5477335506399763,-0.705696639246525,1.4414188792621818,0.9960463275791284,False
FAXDC2,RNA,2,2w,"trained, F+M pooled",0.010147240183707619,0.12301687372366896,-0.23096583231468354,0.25126031268209875,0.9960463275791284,False
FBXO33,RNA,2,2w,"trained, F+M pooled",-0.11035424134660828,0.1084990479087875,-0.3230123752478318,0.10230389255461524,0.9973696164570588,False
FBXO7,RNA,2,2w,"trained, F+M pooled",0.0006891189701461888,0.07316498777454615,-0.14271425706796426,0.14409249500825666,0.9934648698188544,False
FEM1B,RNA,2,2w,"trained, F+M pooled",-0.06349963581180924,0.056148394295490546,-0.17355048863097072,0.04655121700735222,0.9802081387566794,False
FHL2,RNA,2,2w,"trained, F+M pooled",-0.5534296968956144,0.24338384075527703,-1.0304620247759573,-0.07639736901527144,0.8324275066721295,False
FOSB,RNA,2,2w,"trained, F+M pooled",-0.16247709036517433,0.40193385338852167,-0.9502674430066768,0.6253132622763281,0.9934648698188544,False
FOSL2,RNA,2,2w,"trained, F+M pooled",0.08815012461883147,0.23203321974130164,-0.3666349860741197,0.5429352353117827,0.9973696164570588,False
FRAT2,RNA,2,2w,"trained, F+M pooled",0.3517913963103556,0.20561170280528607,-0.05120754118800508,0.7547903338087163,0.7391910055282039,False
FXR1,RNA,2,2w,"trained, F+M pooled",-0.03280363582686499,0.04643061396037546,-0.1238076391892009,0.05820036753547092,0.9957401913085856,False
FZD1,RNA,2,2w,"trained, F+M pooled",-0.08448353285166467,0.09281646883147471,-0.2664038117613551,0.09743674605802576,0.991950752975209,False
GABARAPL1,RNA,2,2w,"trained, F+M pooled",0.04600656301253954,0.06398424166788363,-0.07940255065651237,0.17141567668159147,0.9945200805235908,False
GADD45B,RNA,2,2w,"trained, F+M pooled",-0.3123498568760075,0.09901509474275659,-0.5064194425718105,-0.11828027118020462,0.5163396380257905,False
GBP1,RNA,2,2w,"trained, F+M pooled",0.10736255705609836,0.17830843977267705,-0.24212198489834863,0.4568470990105454,0.9973696164570588,False
GCA,RNA,2,2w,"trained, F+M pooled",-0.19345479630048495,0.09563540941531745,-0.38090019875450715,-0.006009393846462763,0.673964948377636,False
GCNT1,RNA,2,2w,"trained, F+M pooled",0.20122864500085622,0.19354995148077736,-0.1781292599014674,0.5805865499031798,0.9934648698188544,False
GEMIN6,RNA,2,2w,"trained, F+M pooled",0.1528346296384046,0.23387971624142948,-0.30556961419479717,0.6112388734716063,0.9485571342981955,False
GET4,RNA,2,2w,"trained, F+M pooled",-0.056323196983287846,0.0492134771054461,-0.15278161210996222,0.04013521814338651,0.9934648698188544,False
GIMAP4,RNA,2,2w,"trained, F+M pooled",0.07462956580457365,0.12926335446475762,-0.17872660894635128,0.32798574055549856,0.9973696164570588,False
GIMAP5,RNA,2,2w,"trained, F+M pooled",0.15863282061474232,0.12732985789964363,-0.09093370086855918,0.4081993420980438,0.9965040406506946,False
GIMAP7,RNA,2,2w,"trained, F+M pooled",0.04415728925968656,0.17658311654442396,-0.30194561916738444,0.3902601976867575,0.9934648698188544,False
GIMAP8,RNA,2,2w,"trained, F+M pooled",-0.028680448831155315,0.09629717569572838,-0.21742291319478294,0.16006201553247232,0.9973696164570588,False
GIN1,RNA,2,2w,"trained, F+M pooled",0.05093797345826482,0.11284098440006302,-0.1702303559658587,0.27210630288238835,0.9934648698188544,False
GLS,RNA,2,2w,"trained, F+M pooled",-0.006030439250295164,0.050370741020878886,-0.10475709165121777,0.09269621315062745,0.9973696164570588,False
GMPR,RNA,2,2w,"trained, F+M pooled",0.0237043632493591,0.03135058722111362,-0.03774278770402359,0.0851515142027418,0.9934648698188544,False
GOLPH3L,RNA,2,2w,"trained, F+M pooled",0.15671989532963146,0.1037945006032016,-0.04671732585264368,0.3601571165119066,0.9934648698188544,False
GPM6B,RNA,2,2w,"trained, F+M pooled",-0.027353654157881966,0.10780206424593856,-0.23864570007992156,0.18393839176415763,0.9973696164570588,False
GPN3,RNA,2,2w,"trained, F+M pooled",0.034582080420387996,0.07999228122700255,-0.12220279078453702,0.191366951625313,0.9934648698188544,False
GPR183,RNA,2,2w,"trained, F+M pooled",-0.09871952399593152,0.29141599185532024,-0.6698948680323592,0.47245582004049613,0.9957401913085856,False
GPRIN3,RNA,2,2w,"trained, F+M pooled",0.024127196641392623,0.2589925773288986,-0.4834982549232486,0.5317526482060339,0.9973696164570588,False
GRASP,RNA,2,2w,"trained, F+M pooled",0.21405867740491027,0.10830775684648547,0.0017754739857987478,0.4263418808240218,0.9344966356276873,False
GRPEL1,RNA,2,2w,"trained, F+M pooled",0.011578630301417706,0.05447017950124781,-0.095182921521028,0.11834018212386341,0.9957401913085856,False
GZF1,RNA,2,2w,"trained, F+M pooled",0.019334207031641862,0.05535030149323455,-0.08915238389509784,0.12782079795838158,0.9938303592177414,False
H3-3B,RNA,2,2w,"trained, F+M pooled",-0.12539605713718008,0.052374934174728736,-0.2280509281196484,-0.022741186154711754,0.9053289827201624,False
HAS3,RNA,2,2w,"trained, F+M pooled",0.1546046352140813,0.17817142840837558,-0.1946113644663348,0.5038206348944974,0.9934648698188544,False
HBD,RNA,2,2w,"trained, F+M pooled",0.055430079196124554,0.44620416604962454,-0.8191300862611396,0.9299902446533886,0.9802081387566794,False
HCCS,RNA,2,2w,"trained, F+M pooled",0.07357740344660241,0.06824516689126406,-0.060183123660275145,0.20733793055347996,0.991950752975209,False
HEMGN,RNA,2,2w,"trained, F+M pooled",0.42447450590484653,0.5064304418040388,-0.5681291600310696,1.4170781718407626,0.9934648698188544,False
HIPK1,RNA,2,2w,"trained, F+M pooled",0.01680863219956707,0.035473040329605895,-0.05271852684646047,0.08633579124559462,0.9934648698188544,False
HMGCL,RNA,2,2w,"trained, F+M pooled",0.019513467406919213,0.07112009747425956,-0.11988192364262952,0.15890885845646796,0.9973696164570588,False
HPS5,RNA,2,2w,"trained, F+M pooled",-0.09650812355103784,0.09053051848545783,-0.2739479397825352,0.08093169268045951,0.9934648698188544,False
HSF2,RNA,2,2w,"trained, F+M pooled",-0.1383681656312287,0.08278126731493068,-0.30061944956849285,0.023883118306035456,0.9557088413913708,False
HSPA1A,RNA,2,2w,"trained, F+M pooled",-0.5387406861746494,0.2773385617008067,-1.0823242671082305,0.004842894758931626,0.9686910188215806,False
ID1,RNA,2,2w,"trained, F+M pooled",0.05602799556189763,0.11123141409083477,-0.1619855760561385,0.2740415671799338,0.9965040406506946,False
IER3,RNA,2,2w,"trained, F+M pooled",0.08657598809904705,0.1802352636353395,-0.2666851286262184,0.4398371048243125,0.9965040406506946,False
IFNAR1,RNA,2,2w,"trained, F+M pooled",-0.012726594460143518,0.05721679349395853,-0.12487150970830223,0.0994183207880152,0.9934648698188544,False
IFRD1,RNA,2,2w,"trained, F+M pooled",-0.10402428769369283,0.07781312501055644,-0.2565380127143835,0.0484894373269978,0.991950752975209,False
IKBIP,RNA,2,2w,"trained, F+M pooled",0.05730782371612021,0.09013238883493929,-0.11935165840036079,0.23396730583260122,0.9934648698188544,False
ING5,RNA,2,2w,"trained, F+M pooled",0.0040293932848568395,0.07559929617006729,-0.14414522720847503,0.15220401377818873,0.9934648698188544,False
INPP4B,RNA,2,2w,"trained, F+M pooled",0.01366309708263532,0.10146646892222969,-0.18521118200493486,0.21253737617020552,0.9973696164570588,False
IRF2BP2,RNA,2,2w,"trained, F+M pooled",-0.003445863558849692,0.08921340988715622,-0.17830414693767588,0.1714124198199765,0.9448405623151916,False
IRS2,RNA,2,2w,"trained, F+M pooled",-0.017819070972006076,0.18750828896706462,-0.38533531734745274,0.3496971754034406,0.9973696164570588,False
IRX3,RNA,2,2w,"trained, F+M pooled",0.21616813038830235,0.17133041696381007,-0.11963948686076536,0.5519757476373701,0.9934648698188544,False
ISCA2,RNA,2,2w,"trained, F+M pooled",0.006116488451204529,0.06274479219118027,-0.1168633042435088,0.12909628114591787,0.9973696164570588,False
JADE1,RNA,2,2w,"trained, F+M pooled",-0.0539698352658421,0.06808822462009866,-0.18742275552123547,0.07948308498955128,0.9973696164570588,False
JMY,RNA,2,2w,"trained, F+M pooled",0.055619894372514994,0.0915601770594442,-0.12383805266399564,0.23507784140902563,0.9608217263539413,False
JOSD1,RNA,2,2w,"trained, F+M pooled",-0.10083334198642528,0.08027933584309488,-0.25818084023889126,0.056514156266040685,0.8902964213484348,False
JUN,RNA,2,2w,"trained, F+M pooled",-0.13703949547044306,0.05825165139731004,-0.25121273220917073,-0.022866258731715383,0.8756770723936362,False
JUNB,RNA,2,2w,"trained, F+M pooled",-0.2540422646287054,0.08956122224782351,-0.42958226023443946,-0.0785022690229713,0.4018628558434523,False
JUND,RNA,2,2w,"trained, F+M pooled",-0.22097517405714495,0.11160149657961933,-0.4397141073531988,-0.0022362407610910517,0.9588591439860864,False
KANSL2,RNA,2,2w,"trained, F+M pooled",0.019107352479822783,0.06888089088811919,-0.11589919366089083,0.1541138986205364,0.995245005913796,False
KBTBD4,RNA,2,2w,"trained, F+M pooled",-0.05031074922700622,0.07587324312311958,-0.19902230574832058,0.09840080729430815,0.9973696164570588,False
KCNJ2,RNA,2,2w,"trained, F+M pooled",-0.01726561686195227,0.09553252384317773,-0.2045093635945806,0.16997812987067606,0.9934648698188544,False
KCNQ1,RNA,2,2w,"trained, F+M pooled",-0.2247590622213903,0.2222192311260451,-0.6603087552284387,0.21079063078565807,0.9934648698188544,False
KLF9,RNA,2,2w,"trained, F+M pooled",0.22450577169617578,0.047757059269879,0.13090193552721294,0.31810960786513864,0.0841682480714876,False
KLHL15,RNA,2,2w,"trained, F+M pooled",0.17156091762435674,0.1662285006365539,-0.15424694362328886,0.49736877887200237,0.9934648698188544,False
KLHL7,RNA,2,2w,"trained, F+M pooled",0.0068120177160349805,0.045622712270819966,-0.08260849833477214,0.09623253376684211,0.9934648698188544,False
KMT5B,RNA,2,2w,"trained, F+M pooled",0.048472425676335855,0.045673003569822575,-0.041046661320516396,0.1379915126731881,0.9802081387566794,False
LATS1,RNA,2,2w,"trained, F+M pooled",0.02185440937432906,0.06354799366592812,-0.10269965821089004,0.14640847695954817,0.9973696164570588,False
LEO1,RNA,2,2w,"trained, F+M pooled",-0.02994349426658705,0.0735573535300524,-0.17411590718548975,0.11422891865231566,0.9973696164570588,False
LFNG,RNA,2,2w,"trained, F+M pooled",0.07409161306676244,0.14071830111657532,-0.2017162571217252,0.34989948325525005,0.9973696164570588,False
LYL1,RNA,2,2w,"trained, F+M pooled",-0.025085089805597528,0.1676503246284152,-0.3536797260772913,0.30350954646609624,0.9934648698188544,False
MAF,RNA,2,2w,"trained, F+M pooled",-0.12768738330526386,0.06675624938189885,-0.2585296320937856,0.003154865483257885,0.9242436035603632,False
MAFF,RNA,2,2w,"trained, F+M pooled",-0.07993273136779376,0.14626601813561546,-0.36661412691360007,0.20674866417801252,0.9934648698188544,False
MAGOHB,RNA,2,2w,"trained, F+M pooled",-0.06355619871158487,0.19010168425280022,-0.4361554998470733,0.3090431024239036,0.9965040406506946,False
MANEA,RNA,2,2w,"trained, F+M pooled",-0.10088003801771699,0.10594415089764983,-0.30853057377711063,0.10677049774167667,0.9934648698188544,False
MATR3,RNA,2,2w,"trained, F+M pooled",0.058870731622100776,0.05560862695023283,-0.050122177200355576,0.16786364044455712,0.9934648698188544,False
MED10,RNA,2,2w,"trained, F+M pooled",0.05887884640911333,0.10582674806802261,-0.14854157980421098,0.26629927262243763,0.9973696164570588,False
MED13,RNA,2,2w,"trained, F+M pooled",0.018531619944600147,0.04262146206739898,-0.06500644570750186,0.10206968559670215,0.9802081387566794,False
MED18,RNA,2,2w,"trained, F+M pooled",0.028140009214182343,0.1908556238151345,-0.3459370134634812,0.40221703189184593,0.9965040406506946,False
MED20,RNA,2,2w,"trained, F+M pooled",-0.010936427140253096,0.07019160761114486,-0.14851197805809702,0.12663912377759085,0.9957401913085856,False
MFHAS1,RNA,2,2w,"trained, F+M pooled",0.08558343602065473,0.15253674318158533,-0.2133885806152525,0.38455545265656194,0.9973696164570588,False
MGAT2,RNA,2,2w,"trained, F+M pooled",-0.021086401093007388,0.09431273349433053,-0.20593935874189523,0.16376655655588046,0.9847112342318602,False
MGAT4A,RNA,2,2w,"trained, F+M pooled",-0.05452035745968744,0.10778321475078435,-0.26577545837122474,0.15673474345184987,0.9934648698188544,False
MID2,RNA,2,2w,"trained, F+M pooled",-0.006504563550180999,0.10850815358819245,-0.2191805445830382,0.2061714174826762,0.9934648698188544,False
MINPP1,RNA,2,2w,"trained, F+M pooled",0.027322317881033897,0.0669051298468107,-0.10381173661871507,0.15845637238078286,0.9973696164570588,False
MLLT6,RNA,2,2w,"trained, F+M pooled",-0.0027581002482180827,0.03872996806267929,-0.0786688376510695,0.07315263715463333,0.9934648698188544,False
MLYCD,RNA,2,2w,"trained, F+M pooled",-0.09565989301426842,0.07668458742011335,-0.24596168435769056,0.054641898329153726,0.9242436035603632,False
MMACHC,RNA,2,2w,"trained, F+M pooled",0.01579916875056456,0.06028236406140819,-0.1023542648097955,0.13395260231092462,0.9973696164570588,False
MMP28,RNA,2,2w,"trained, F+M pooled",0.1785366470727366,0.28020810008546826,-0.3706712290947812,0.7277445232402544,0.9934648698188544,False
MOAP1,RNA,2,2w,"trained, F+M pooled",0.0952649447951816,0.22565220811160316,-0.3470133831035606,0.5375432726939238,0.9934648698188544,False
MOB3C,RNA,2,2w,"trained, F+M pooled",-0.10418079883665671,0.20400997432348847,-0.5040403485106941,0.2956787508373807,0.9973696164570588,False
MORF4L1,RNA,2,2w,"trained, F+M pooled",0.00743916840834359,0.030829864260227872,-0.05298736554170304,0.06786570235839022,0.9934648698188544,False
MOSPD2,RNA,2,2w,"trained, F+M pooled",0.011256791376970502,0.13171794775583237,-0.24691038622446093,0.26942396897840193,0.9934648698188544,False
MRM1,RNA,2,2w,"trained, F+M pooled",-0.06365138999023416,0.10154764006703117,-0.26268476452161527,0.13538198454114692,0.9973696164570588,False
MRPL35,RNA,2,2w,"trained, F+M pooled",0.02397782300259874,0.05123693065897508,-0.07644656108899242,0.12440220709418989,0.9965040406506946,False
MRPL54,RNA,2,2w,"trained, F+M pooled",-0.007090235485067664,0.05009751599748649,-0.1052813668401412,0.09110089587000586,0.9934648698188544,False
MTFP1,RNA,2,2w,"trained, F+M pooled",0.0207485866368211,0.08086187068559268,-0.13774067990694056,0.17923785318058277,0.9960463275791284,False
MUC6,RNA,2,2w,"trained, F+M pooled",-0.14965896895823017,0.09378379052089478,-0.33347519837918393,0.034157260462723604,0.9934648698188544,False
MYL4,RNA,2,2w,"trained, F+M pooled",0.1078682328557631,0.08823357574294438,-0.0650695756004079,0.2808060413119341,0.9973696164570588,False
MYLIP,RNA,2,2w,"trained, F+M pooled",-0.002078616475106304,0.07740534229568609,-0.15379308737465103,0.14963585442443844,0.9973696164570588,False
NAA16,RNA,2,2w,"trained, F+M pooled",0.01969496060062821,0.10777517441402698,-0.19154438125086465,0.2309343024521211,0.9965040406506946,False
NAA20,RNA,2,2w,"trained, F+M pooled",-0.04590322642327061,0.07322441313435389,-0.18942307616660423,0.09761662332006302,0.8692773031886898,False
NABP1,RNA,2,2w,"trained, F+M pooled",0.0858695098721233,0.1312458159767659,-0.17137228944233787,0.3431113091865845,0.9973696164570588,False
NAPEPLD,RNA,2,2w,"trained, F+M pooled",-0.0331618376267243,0.16661197087702614,-0.35972130054569557,0.29339762529224694,0.9973696164570588,False
NCBP1,RNA,2,2w,"trained, F+M pooled",-0.005112132641822959,0.06456455642405995,-0.13165866323298045,0.12143439794933454,0.9973696164570588,False
NDUFV3,RNA,2,2w,"trained, F+M pooled",0.11953138428474216,0.12287049167606302,-0.12129477940034136,0.36035754796982566,0.809747488589924,False
NFE2,RNA,2,2w,"trained, F+M pooled",0.008134161319036886,0.47327030441510504,-0.919475635334569,0.9357439579726428,0.9934648698188544,False
NFKBIA,RNA,2,2w,"trained, F+M pooled",0.1579862106976851,0.16472741155668327,-0.1648795159534141,0.4808519373487843,0.9945200805235908,False
NGDN,RNA,2,2w,"trained, F+M pooled",0.0308540941537008,0.10952813876707818,-0.18382105782977243,0.24552924613717403,0.9973696164570588,False
NLRC4,RNA,2,2w,"trained, F+M pooled",-0.35188464608525766,0.3576579328719378,-1.0528941945142558,0.34912490234374044,0.9934648698188544,False
NOCT,RNA,2,2w,"trained, F+M pooled",-0.0012430776651483225,0.08010394554568327,-0.15824681093468754,0.15576065560439087,0.9934648698188544,False
NR1D2,RNA,2,2w,"trained, F+M pooled",0.04422816760466683,0.05225906184198309,-0.05819959360562002,0.14665592881495368,0.9934648698188544,False
NR3C2,RNA,2,2w,"trained, F+M pooled",-0.08575893089520044,0.07541088750554376,-0.2335642704060662,0.06204640861566531,0.9934648698188544,False
NR4A2,RNA,2,2w,"trained, F+M pooled",-0.09481914167403639,0.21344688333520906,-0.5131750330110462,0.32353674966297336,0.9802081387566794,False
NUDCD1,RNA,2,2w,"trained, F+M pooled",0.08554223213724542,0.09131907830684004,-0.09344316134416104,0.2645276256186519,0.9799232934361888,False
NXT1,RNA,2,2w,"trained, F+M pooled",-0.1312125249077694,0.162298532235192,-0.44931764808874575,0.18689259827320692,0.9943652699355122,False
OBSCN,RNA,2,2w,"trained, F+M pooled",0.04082414561203782,0.02966564985700392,-0.017320528107689866,0.09896881933176552,0.9934648698188544,False
OSBP2,RNA,2,2w,"trained, F+M pooled",-0.10178982550747467,0.1073102264104007,-0.31211786927186,0.10853821825691068,0.9934648698188544,False
OSBPL11,RNA,2,2w,"trained, F+M pooled",0.1755421465720105,0.05956093021576623,0.0588027233491087,0.2922815697949123,0.6461157253865741,False
OSER1,RNA,2,2w,"trained, F+M pooled",0.006108001739612429,0.058214790273302446,-0.10799298719606036,0.12020899067528522,0.9919946800003048,False
OXNAD1,RNA,2,2w,"trained, F+M pooled",0.008497175344522498,0.07844251485693328,-0.14525015377506673,0.1622445044641117,0.9973696164570588,False
P2RY1,RNA,2,2w,"trained, F+M pooled",-0.06114217313638842,0.07844687512064315,-0.21489804837284898,0.09261370210007214,0.9934648698188544,False
P2RY12,RNA,2,2w,"trained, F+M pooled",0.1762268818320872,0.32284191003597074,-0.4565432618384154,0.8089970255025899,0.9973696164570588,False
P2RY13,RNA,2,2w,"trained, F+M pooled",-0.24010458693646627,0.3008112943572368,-0.8296947238766504,0.34948555000371784,0.9973696164570588,False
P2RY14,RNA,2,2w,"trained, F+M pooled",-0.02652589553039715,0.15567763764573794,-0.3316540653160435,0.27860227425524925,0.9934648698188544,False
PAG1,RNA,2,2w,"trained, F+M pooled",-0.010348770052443031,0.31581947974646335,-0.6293549503555113,0.6086574102506251,0.9802081387566794,False
PCSK6,RNA,2,2w,"trained, F+M pooled",-0.12904055141988077,0.055397004749786274,-0.23761868072946185,-0.02046242211029968,0.9497217241042416,False
PDE4D,RNA,2,2w,"trained, F+M pooled",0.031248216207008656,0.06467642220694002,-0.09551757131859379,0.1580140037326111,0.9934648698188544,False
PDK4,RNA,2,2w,"trained, F+M pooled",0.05108188808945479,0.17697495106983124,-0.2957890160074144,0.397952792186324,0.9973696164570588,False
PDZD8,RNA,2,2w,"trained, F+M pooled",0.07636884797763054,0.048496790323135246,-0.01868486105571454,0.1714225570109756,0.9230008877695192,False
PEAK1,RNA,2,2w,"trained, F+M pooled",0.0031390604065346284,0.05922938472971672,-0.11295053366371015,0.1192286544767794,0.9973696164570588,False
PER1,RNA,2,2w,"trained, F+M pooled",0.3196438071346934,0.14829017816058593,0.028995057939945,0.6102925563294419,0.8442190008131125,False
PEX3,RNA,2,2w,"trained, F+M pooled",-0.019032200568924896,0.08005689860559334,-0.17594372183588786,0.13787932069803804,0.9934648698188544,False
PHC3,RNA,2,2w,"trained, F+M pooled",0.005737261883107063,0.057276754365262514,-0.10652517667280746,0.1179997004390216,0.9957401913085856,False
PHF1,RNA,2,2w,"trained, F+M pooled",0.0013328371182987177,0.05652852699749074,-0.10946307579678312,0.11212875003338056,0.9973696164570588,False
PHF14,RNA,2,2w,"trained, F+M pooled",0.03681353979598931,0.057705107296157014,-0.07628847050447844,0.14991555009645707,0.9973696164570588,False
PHF23,RNA,2,2w,"trained, F+M pooled",0.027566933525783304,0.0778396667525368,-0.12499881330918881,0.18013268036075542,0.9973696164570588,False
PHLDA1,RNA,2,2w,"trained, F+M pooled",-0.24737116331985515,0.17851890790790884,-0.5972682228193564,0.10252589617964619,0.9588591439860864,False
PHOSPHO1,RNA,2,2w,"trained, F+M pooled",0.038554567806133026,0.049810138946873916,-0.05907330452973985,0.1361824401420059,0.9934648698188544,False
PIAS2,RNA,2,2w,"trained, F+M pooled",0.004362804253924259,0.04887013123076333,-0.09142265295837187,0.10014826146622038,0.9973696164570588,False
PIK3IP1,RNA,2,2w,"trained, F+M pooled",0.06848810559720205,0.07146264943304625,-0.07157868729156862,0.2085548984859727,0.9934648698188544,False
PIM3,RNA,2,2w,"trained, F+M pooled",0.22163693812390858,0.08380059383289883,0.05738777421142688,0.3858861020363903,0.4525480619811788,False
PLA2G4A,RNA,2,2w,"trained, F+M pooled",-0.10670596705251008,0.14895735647371783,-0.398662385740997,0.18525045163597686,0.9934648698188544,False
PMAIP1,RNA,2,2w,"trained, F+M pooled",-0.0961158127057721,0.2365870918767244,-0.5598265127841519,0.3675948873726077,0.9973696164570588,False
PNO1,RNA,2,2w,"trained, F+M pooled",0.022762369070048777,0.05812069680608488,-0.09115419666987758,0.13667893480997512,0.9973696164570588,False
POLR2M,RNA,2,2w,"trained, F+M pooled",-0.004147094314513636,0.0344623789576977,-0.07169335707160113,0.06339916844257384,0.9934648698188544,False
PPIL1,RNA,2,2w,"trained, F+M pooled",0.03848899614114049,0.11020084169491107,-0.1775046535808852,0.2544826458631662,0.9934648698188544,False
PPP1R15A,RNA,2,2w,"trained, F+M pooled",-0.25156623188668636,0.09757601513545518,-0.4428152215521785,-0.06031724222119422,0.859270442131403,False
PPP1R2,RNA,2,2w,"trained, F+M pooled",-0.008777835669618796,0.05654418873850232,-0.11960444559708333,0.10204877425784575,0.9934648698188544,False
PPP1R8,RNA,2,2w,"trained, F+M pooled",-0.1421628127391019,0.06686551006297255,-0.2732192124625281,-0.011106413015675692,0.7391910055282039,False
PREPL,RNA,2,2w,"trained, F+M pooled",-0.06810732318322418,0.05787548176018397,-0.18154326743318477,0.045328621066736394,0.9973696164570588,False
PSMA1,RNA,2,2w,"trained, F+M pooled",-0.009278291788947601,0.039929393736327784,-0.08753990351215005,0.06898331993425486,0.9934648698188544,False
PTPN6,RNA,2,2w,"trained, F+M pooled",-0.21682567304345904,0.132070427974098,-0.4756837118726911,0.04203236578577299,0.991950752975209,False
PTPRO,RNA,2,2w,"trained, F+M pooled",-0.2813286468971226,0.1741957250801604,-0.622752268054237,0.060094974259991774,0.9070451777159496,False
RAB27B,RNA,2,2w,"trained, F+M pooled",-0.19244453993566776,0.3394672008262945,-0.857800253555205,0.47291117368386937,0.995245005913796,False
RAB3IL1,RNA,2,2w,"trained, F+M pooled",-0.06229646642510881,0.13919880062777584,-0.3351261156555495,0.21053318280533187,0.9934648698188544,False
RABIF,RNA,2,2w,"trained, F+M pooled",0.09163144247034113,0.14641441132260216,-0.19534080372195908,0.3786036886626414,0.9934648698188544,False
RAD23B,RNA,2,2w,"trained, F+M pooled",0.04922617934700383,0.038878093566238565,-0.026974884042823756,0.12542724273683142,0.9934648698188544,False
RBBP6,RNA,2,2w,"trained, F+M pooled",0.03985053778735534,0.046088332461808566,-0.050482593837789455,0.13018366941250015,0.9802081387566794,False
RBM3,RNA,2,2w,"trained, F+M pooled",-0.05946007789592705,0.08121522360654888,-0.21864191616476286,0.09972176037290875,0.995245005913796,False
RBM33,RNA,2,2w,"trained, F+M pooled",0.07845078698597896,0.04561892723099944,-0.010962310386779944,0.16786388435873786,0.8936015303584584,False
RBM4B,RNA,2,2w,"trained, F+M pooled",0.06032632372558277,0.11456126525916942,-0.1642137561823893,0.2848664036335548,0.9973696164570588,False
RCAN3,RNA,2,2w,"trained, F+M pooled",-0.05179773750602064,0.21824607374561616,-0.4795600420474283,0.37596456703538705,0.9934648698188544,False
RCC1L,RNA,2,2w,"trained, F+M pooled",-0.06816955358611217,0.05587837593829701,-0.1776911704251743,0.041352063252949975,0.9934648698188544,False
RFX3,RNA,2,2w,"trained, F+M pooled",0.0500529155678142,0.16519424229950125,-0.2737277993392082,0.37383363047483664,0.9934648698188544,False
RGCC,RNA,2,2w,"trained, F+M pooled",-0.010245291960258624,0.1147261685637236,-0.23510858234515686,0.21461799842463963,0.9965040406506946,False
RGS18,RNA,2,2w,"trained, F+M pooled",-0.4916104455632007,0.38409844758398354,-1.2444434028278084,0.26122251170140703,0.9934648698188544,False
RHBDD2,RNA,2,2w,"trained, F+M pooled",-0.12132841318294786,0.09792709739582574,-0.3132655240787663,0.07060869771287058,0.9934648698188544,False
RMI1,RNA,2,2w,"trained, F+M pooled",-0.02605632211816588,0.0825358642315075,-0.18782661601192058,0.1357139717755888,0.9934648698188544,False
RMND5A,RNA,2,2w,"trained, F+M pooled",0.06812154450219601,0.04577083441454558,-0.021589290950313325,0.15783237995470534,0.98580133093663,False
RNASEL,RNA,2,2w,"trained, F+M pooled",-0.10940207571895474,0.12911373865930237,-0.3624650034911874,0.14366085205327792,0.9973696164570588,False
RNF14,RNA,2,2w,"trained, F+M pooled",0.02867737551893749,0.04012858661811729,-0.04997465425257239,0.10732940529044738,0.98580133093663,False
RNF149,RNA,2,2w,"trained, F+M pooled",-0.020763455961855106,0.08754507955218341,-0.19235181188413458,0.15082489996042436,0.9973696164570588,False
RORA,RNA,2,2w,"trained, F+M pooled",0.13477320634658876,0.06799030568710236,0.0015122071998681375,0.26803420549330936,0.8605151286529662,False
RPL32,RNA,2,2w,"trained, F+M pooled",-0.08917009240850104,0.04627063190739604,-0.17986053094699728,0.001520346129995187,0.9686910188215806,False
RPP25L,RNA,2,2w,"trained, F+M pooled",0.04033402477789869,0.11508213832794499,-0.18522696634487348,0.2658950159006709,0.9965040406506946,False
RPS7,RNA,2,2w,"trained, F+M pooled",-0.015520469963343149,0.03492631880104953,-0.08397605481340023,0.05293511488671393,0.9934648698188544,False
RRAD,RNA,2,2w,"trained, F+M pooled",-0.8951576638242804,0.2871602271723185,-1.4579917090820245,-0.33232361856653625,0.6219497800506295,False
RTN2,RNA,2,2w,"trained, F+M pooled",0.017900839152549416,0.03813255736998625,-0.05683897329262362,0.09264065159772246,0.9973696164570588,False
RTP4,RNA,2,2w,"trained, F+M pooled",0.016313473570312414,0.14815902874878226,-0.27407822277730076,0.3067051699179256,0.9588591439860864,False
RWDD1,RNA,2,2w,"trained, F+M pooled",0.027377443369723486,0.05188777105161517,-0.07432258789144223,0.1290774746308892,0.995245005913796,False
SAMD8,RNA,2,2w,"trained, F+M pooled",-0.017813976561278106,0.050989455955641666,-0.11775331023433577,0.08212535711177957,0.9973696164570588,False
SAMD9,RNA,2,2w,"trained, F+M pooled",-0.11538098080174923,0.14331790438962363,-0.39628407340541155,0.16552211180191306,0.9934648698188544,False
SBDS,RNA,2,2w,"trained, F+M pooled",0.06542304639458442,0.04942380760349599,-0.03144761650826772,0.16229370929743656,0.9934648698188544,False
SEC14L5,RNA,2,2w,"trained, F+M pooled",0.061364524334257084,0.13152927356947686,-0.19643285186191756,0.31916190053043175,0.9934648698188544,False
SEC62,RNA,2,2w,"trained, F+M pooled",0.033361624306987116,0.049452885304315075,-0.06356603088947044,0.13028927950344465,0.9934648698188544,False
SELENBP1,RNA,2,2w,"trained, F+M pooled",-0.2675150094786776,0.11570395141044823,-0.49429475424315616,-0.04073526471419911,0.4120717461739238,False
SERAC1,RNA,2,2w,"trained, F+M pooled",0.010170936997916751,0.13901087322574976,-0.2622903745245527,0.28263224852038626,0.9957401913085856,False
SERPINB9,RNA,2,2w,"trained, F+M pooled",-0.01750196494601782,0.16024798071025445,-0.33158800713811654,0.29658407724608093,0.9973696164570588,False
SH2D3C,RNA,2,2w,"trained, F+M pooled",-0.02755164248286881,0.09721145120577591,-0.2180860868461896,0.16298280188045197,0.9934648698188544,False
SH3BP5L,RNA,2,2w,"trained, F+M pooled",0.0010346923708141069,0.06365821131335957,-0.12373540180337064,0.12580478654499885,0.9973696164570588,False
SIK1,RNA,2,2w,"trained, F+M pooled",-0.12301443899825876,0.10861653588820866,-0.3359028493391477,0.0898739713426302,0.9934648698188544,False
SLC16A3,RNA,2,2w,"trained, F+M pooled",0.042591320166617486,0.05476410759470814,-0.06474633071901047,0.14992897105224545,0.9934648698188544,False
SLC25A26,RNA,2,2w,"trained, F+M pooled",0.0661469176265994,0.08786375009494271,-0.10606603255948831,0.2383598678126871,0.9934648698188544,False
SLC25A37,RNA,2,2w,"trained, F+M pooled",0.2592786003492489,0.13265009048826798,-0.0007155770077563739,0.5192727777062541,0.8936015303584584,False
SLC39A9,RNA,2,2w,"trained, F+M pooled",-0.10726739486709357,0.06420520393165825,-0.23310959457314373,0.018574804838956613,0.9802081387566794,False
SLC4A1,RNA,2,2w,"trained, F+M pooled",0.12287707675314048,0.30336117337820523,-0.47171082306814177,0.7174649765744228,0.9796181418332036,False
SMAD7,RNA,2,2w,"trained, F+M pooled",-0.09971284475991336,0.10269028547806594,-0.3009858042969226,0.10156011477709588,0.9497217241042416,False
SMDT1,RNA,2,2w,"trained, F+M pooled",0.014949601193416623,0.08260586090690666,-0.14695788618412042,0.17685708857095367,0.9973696164570588,False
SNCA,RNA,2,2w,"trained, F+M pooled",-0.14060045465774693,0.363094526204829,-0.8522657260192118,0.5710648167037179,0.9973696164570588,False
SNX8,RNA,2,2w,"trained, F+M pooled",-0.1900036600971168,0.10347443990136826,-0.3928135623037986,0.012806242109564991,0.9737764096797782,False
SON,RNA,2,2w,"trained, F+M pooled",-0.031851794020224235,0.02610604697943455,-0.08301964609991595,0.019316058059467484,0.9230008877695192,False
SORBS3,RNA,2,2w,"trained, F+M pooled",0.10293121312969641,0.078929050054831,-0.05176972497777235,0.2576321512371652,0.9957401913085856,False
SPAG1,RNA,2,2w,"trained, F+M pooled",0.12223914380941409,0.15109948709245102,-0.1739158508917899,0.4183941385106181,0.9934648698188544,False
SPRY1,RNA,2,2w,"trained, F+M pooled",0.05904400752752556,0.06797424684344269,-0.07418551628562212,0.19227353134067324,0.9934648698188544,False
SPRYD3,RNA,2,2w,"trained, F+M pooled",-0.044107532108108846,0.11913888601689727,-0.2776197487012275,0.1894046844850098,0.9973696164570588,False
SPTBN1,RNA,2,2w,"trained, F+M pooled",0.049240700002872256,0.03848957655373262,-0.026198870042443673,0.12468027004818819,0.9934648698188544,False
ST8SIA4,RNA,2,2w,"trained, F+M pooled",-0.1349167609699465,0.21584475130181785,-0.5579724735215095,0.2881389515816165,0.9934648698188544,False
STARD7,RNA,2,2w,"trained, F+M pooled",-0.07511279591826409,0.05628277192986067,-0.185427028900791,0.03520143706426282,0.9732986764028472,False
STK17B,RNA,2,2w,"trained, F+M pooled",0.039059038601351945,0.09727598508279409,-0.15160189216092446,0.22971996936362837,0.9957401913085856,False
STK38L,RNA,2,2w,"trained, F+M pooled",-0.004872114742874768,0.05443929192614408,-0.11157312691811716,0.10182889743236762,0.9934648698188544,False
STX11,RNA,2,2w,"trained, F+M pooled",0.4382577415330387,0.36811967746737634,-0.2832568263030189,1.1597723093690964,0.9934648698188544,False
STX7,RNA,2,2w,"trained, F+M pooled",0.3358140836223583,0.1973581709741441,-0.051007931486964087,0.7226360987316807,0.95855384015111,False
SUGT1,RNA,2,2w,"trained, F+M pooled",0.030673619875829235,0.04785298380169438,-0.06311822837549175,0.1244654681271502,0.9973696164570588,False
TAOK2,RNA,2,2w,"trained, F+M pooled",0.04379714755819853,0.04169365638993402,-0.037922418966072145,0.1255167140824692,0.9945200805235908,False
TCAF2,RNA,2,2w,"trained, F+M pooled",1.1013735781959297,0.6141961215626988,-0.10245082006695982,2.3051979764588193,0.7976738733268859,False
TCEA3,RNA,2,2w,"trained, F+M pooled",0.033814081391798485,0.0426459959811888,-0.04977207073133157,0.11740023351492854,0.9934648698188544,False
TCF7,RNA,2,2w,"trained, F+M pooled",0.15351096753279198,0.21433851338247584,-0.2665925186968607,0.5736144537624446,0.9934648698188544,False
TCP11L2,RNA,2,2w,"trained, F+M pooled",0.07556538527006203,0.07306915880896737,-0.06765016599551403,0.21878093653563807,0.9973696164570588,False
TFEC,RNA,2,2w,"trained, F+M pooled",0.24175847184475507,0.34525514322609974,-0.4349416088784004,0.9184585525679105,0.9557088413913708,False
THAP2,RNA,2,2w,"trained, F+M pooled",-0.06043252919754373,0.18419733440476538,-0.4214593046308838,0.3005942462357964,0.9802081387566794,False
THAP6,RNA,2,2w,"trained, F+M pooled",0.034252243279881946,0.14283386700483727,-0.2457021360495991,0.314206622609363,0.9802081387566794,False
TIMMDC1,RNA,2,2w,"trained, F+M pooled",0.04150350585875844,0.0597586600603491,-0.07562346785952578,0.15863047957704268,0.9934648698188544,False
TIPARP,RNA,2,2w,"trained, F+M pooled",0.18163058860001344,0.1388408303002992,-0.090497438788573,0.4537586159885999,0.9934648698188544,False
TLR7,RNA,2,2w,"trained, F+M pooled",0.11105336450041434,0.17803198097326087,-0.23788931820717693,0.4599960472080056,0.9934648698188544,False
TLR8,RNA,2,2w,"trained, F+M pooled",0.009746517738306747,0.18143411938773554,-0.3458643562616549,0.3653573917382684,0.9951064058771788,False
TM2D2,RNA,2,2w,"trained, F+M pooled",0.028132938909532956,0.05240862440117136,-0.07458796491676291,0.1308538427358288,0.9934648698188544,False
TMA16,RNA,2,2w,"trained, F+M pooled",-0.11097173786930009,0.11846886704702363,-0.3431707172814664,0.12122724154286621,0.9934648698188544,False
TMCC2,RNA,2,2w,"trained, F+M pooled",0.0409268144803397,0.05339498702391872,-0.06372736008654098,0.1455809890472204,0.9934648698188544,False
TMEM119,RNA,2,2w,"trained, F+M pooled",-0.4746565632542667,0.3024603304066402,-1.0674788108512816,0.11816568434274816,0.9732986764028472,False
TMEM140,RNA,2,2w,"trained, F+M pooled",0.019864142563982813,0.1520786092698553,-0.27820993160493357,0.31793821673289924,0.9973696164570588,False
TMEM158,RNA,2,2w,"trained, F+M pooled",-0.12823886707182325,0.23282536616145574,-0.5845765847482765,0.32809885060463,0.9802081387566794,False
TMEM33,RNA,2,2w,"trained, F+M pooled",-0.01247191930919113,0.07715552859468205,-0.16369675535476796,0.13875291673638568,0.9965040406506946,False
TMEM39A,RNA,2,2w,"trained, F+M pooled",-0.1556475947270492,0.12046179628180331,-0.3917527154393837,0.0804575259852853,0.9934648698188544,False
TMEM60,RNA,2,2w,"trained, F+M pooled",0.046658885482076806,0.07515596788433988,-0.10064681157122937,0.19396458253538298,0.9802081387566794,False
TMOD1,RNA,2,2w,"trained, F+M pooled",0.016937558308071348,0.05083218419830996,-0.08269352272061617,0.11656863933675887,0.9934648698188544,False
TNFAIP3,RNA,2,2w,"trained, F+M pooled",-0.052303348064813425,0.13177680711965653,-0.31058589001934017,0.20597919388971334,0.9934648698188544,False
TNFAIP6,RNA,2,2w,"trained, F+M pooled",-0.8393838595887959,0.29022333726633837,-1.408221600630819,-0.2705461185467727,0.7553948678753843,False
TNFAIP8L2,RNA,2,2w,"trained, F+M pooled",-0.21982336180714435,0.1649223584388802,-0.5430711843473495,0.10342446073306083,0.9934648698188544,False
TNFRSF1A,RNA,2,2w,"trained, F+M pooled",0.03037751016582145,0.054059558843724806,-0.07557922516787917,0.13633424549952206,0.9934648698188544,False
TNFSF10,RNA,2,2w,"trained, F+M pooled",0.13340193434354158,0.0881210262135913,-0.03931527703509738,0.3061191457221806,0.9934648698188544,False
TNS1,RNA,2,2w,"trained, F+M pooled",0.06056810366129106,0.05615478747163876,-0.049495279783120905,0.17063148710570303,0.9934648698188544,False
TOB1,RNA,2,2w,"trained, F+M pooled",-0.04904189394135774,0.05743225109358935,-0.16160910608479287,0.06352531820207738,0.9934648698188544,False
TOE1,RNA,2,2w,"trained, F+M pooled",-0.11655394888323614,0.10807194256986657,-0.32837495632017466,0.09526705855370235,0.991950752975209,False
TOP1MT,RNA,2,2w,"trained, F+M pooled",-0.005031821375510374,0.10560774112869756,-0.21202299398775756,0.20195935123673683,0.9973696164570588,False
TPM1,RNA,2,2w,"trained, F+M pooled",-0.01384219646590371,0.05766412942245072,-0.12686389013390711,0.0991794972020997,0.9973696164570588,False
TRAF6,RNA,2,2w,"trained, F+M pooled",0.15975308650378967,0.09238398388934226,-0.021319521919321155,0.3408256949269005,0.9934648698188544,False
TRAPPC9,RNA,2,2w,"trained, F+M pooled",-0.052605825633093635,0.04489288149630491,-0.14059587336585125,0.035384222099663985,0.9934648698188544,False
TRERF1,RNA,2,2w,"trained, F+M pooled",-0.06677229601955047,0.13616135260136106,-0.3336485471182182,0.2001039550791172,0.9973696164570588,False
TRIM13,RNA,2,2w,"trained, F+M pooled",-0.16415472069438772,0.19315384561794113,-0.5427362581055524,0.2144268167167769,0.995245005913796,False
TRMT1L,RNA,2,2w,"trained, F+M pooled",0.008865214939338232,0.05802791150958459,-0.10486949161944757,0.12259992149812403,0.9934648698188544,False
TRNT1,RNA,2,2w,"trained, F+M pooled",0.10977225324431474,0.07491974339354972,-0.037070443807042705,0.25661495029567216,0.9934648698188544,False
TSC22D3,RNA,2,2w,"trained, F+M pooled",0.23768835828901344,0.06867088990406552,0.10309341407704503,0.37228330250098185,0.3765717533352218,False
TSHZ2,RNA,2,2w,"trained, F+M pooled",0.043752295460591076,0.08466772974835364,-0.12219645484618206,0.2097010457673642,0.9973696164570588,False
TSPYL2,RNA,2,2w,"trained, F+M pooled",0.0020768293631502127,0.07695481243738096,-0.14875460301411647,0.15290826174041688,0.9973696164570588,False
TTC12,RNA,2,2w,"trained, F+M pooled",0.2686608239526841,0.3881412135709707,-0.4920959546464184,1.0294176025517867,0.9934648698188544,False
TTC33,RNA,2,2w,"trained, F+M pooled",0.117280477096679,0.05453712144113452,0.010387719072055351,0.22417323512130266,0.9497217241042416,False
TTC9C,RNA,2,2w,"trained, F+M pooled",-0.125029090251679,0.07358322142920033,-0.26925220425291163,0.019194023749553646,0.9919946800003048,False
UBALD2,RNA,2,2w,"trained, F+M pooled",0.08857685511398347,0.057796000015188864,-0.024703304915786706,0.20185701514375365,0.9098007531915252,False
UBE2D2,RNA,2,2w,"trained, F+M pooled",-0.1230729283392312,0.08353281495596675,-0.286797245652926,0.04065138897446363,0.9151439570691582,False
UHRF1BP1L,RNA,2,2w,"trained, F+M pooled",0.05835680645453381,0.0619736822565053,-0.06311161076821657,0.1798252236772842,0.9973696164570588,False
USP30,RNA,2,2w,"trained, F+M pooled",0.008030028614015553,0.07363657292226829,-0.13629765431363028,0.1523577115416614,0.9973696164570588,False
UTP3,RNA,2,2w,"trained, F+M pooled",-0.046789196813881107,0.05609554645213302,-0.15673646786006185,0.06315807423229962,0.9973696164570588,False
VAMP2,RNA,2,2w,"trained, F+M pooled",-0.03326378756053143,0.04717539580516914,-0.12572756333866295,0.059199988217600086,0.9973696164570588,False
VAPA,RNA,2,2w,"trained, F+M pooled",0.023614384264305417,0.039142701652149336,-0.05310531097390729,0.10033407950251812,0.9965040406506946,False
VPS35,RNA,2,2w,"trained, F+M pooled",-0.002718393549016296,0.054087773293152855,-0.10873042920359588,0.1032936421055633,0.9934648698188544,False
VPS37A,RNA,2,2w,"trained, F+M pooled",-0.009377742025450532,0.07073202035717419,-0.14801250192551194,0.12925701787461089,0.9934648698188544,False
VWA8,RNA,2,2w,"trained, F+M pooled",0.08594762629597537,0.07415472412146513,-0.05939563298209628,0.23129088557404703,0.9934648698188544,False
WHAMM,RNA,2,2w,"trained, F+M pooled",0.08957797013321987,0.07185359005963807,-0.051255066383670736,0.2304110066501105,0.9608217263539413,False
WWP2,RNA,2,2w,"trained, F+M pooled",0.14646508556654422,0.09304593423092038,-0.03590494552605972,0.32883511665914816,0.9934648698188544,False
XK,RNA,2,2w,"trained, F+M pooled",-0.10884226514638962,0.09207332699863292,-0.28930598606371016,0.0716214557709309,0.9973696164570588,False
YIPF4,RNA,2,2w,"trained, F+M pooled",-0.15769242194413685,0.08332908321843387,-0.3210174250522672,0.005632581163993511,0.981042057312463,False
YIPF5,RNA,2,2w,"trained, F+M pooled",0.005394272306040283,0.08344449918682158,-0.15815694610013,0.16894549071221057,0.9934648698188544,False
ZBTB10,RNA,2,2w,"trained, F+M pooled",-0.004952021526352732,0.1044162782579508,-0.2096079269119363,0.19970388385923082,0.9934648698188544,False
ZBTB25,RNA,2,2w,"trained, F+M pooled",0.15873272416599774,0.15044935265784565,-0.13614800704337973,0.45361345537537523,0.9942643742930696,False
ZBTB43,RNA,2,2w,"trained, F+M pooled",-0.0849599176774678,0.09822246139034738,-0.27747594200254866,0.10755610664761306,0.9973696164570588,False
ZC3H10,RNA,2,2w,"trained, F+M pooled",-0.031095453532585138,0.08453068454088515,-0.19677559523272004,0.13458468816754976,0.9973696164570588,False
ZC3H12A,RNA,2,2w,"trained, F+M pooled",0.08260189574197646,0.14010179390517846,-0.19199762031217332,0.35720141179612624,0.9934648698188544,False
ZC3H14,RNA,2,2w,"trained, F+M pooled",0.05326565544159905,0.04731981156406736,-0.039481175223972965,0.14601248610717107,0.9934648698188544,False
ZEB2,RNA,2,2w,"trained, F+M pooled",-0.05529408825379922,0.06536557069699146,-0.18341060681990248,0.07282243031230404,0.9934648698188544,False
ZFYVE21,RNA,2,2w,"trained, F+M pooled",-0.13583266297091107,0.1257769574957475,-0.38235549966257615,0.11069017372075401,0.9934648698188544,False
ZKSCAN3,RNA,2,2w,"trained, F+M pooled",-0.05054316101596956,0.05956470804746731,-0.16728998878900547,0.06620366675706636,0.9934648698188544,False
ZKSCAN7,RNA,2,2w,"trained, F+M pooled",0.0823795667348557,0.12199157579096893,-0.15672392181544342,0.3214830552851548,0.9242436035603632,False
ZNF175,RNA,2,2w,"trained, F+M pooled",-0.2331296367246094,0.18050473522313804,-0.5869189177619599,0.12065964431274112,0.9934648698188544,False
ZNF189,RNA,2,2w,"trained, F+M pooled",0.14476083444967483,0.11132356340995714,-0.07343334983384114,0.3629550187331908,0.9298110458790688,False
ZNF260,RNA,2,2w,"trained, F+M pooled",-0.08721950487879211,0.07946496045506145,-0.24297082737071257,0.06853181761312833,0.9934648698188544,False
ZNF330,RNA,2,2w,"trained, F+M pooled",-0.010489524798772451,0.05415245959394678,-0.11662834560290813,0.09564929600536323,0.9934648698188544,False
ZNF394,RNA,2,2w,"trained, F+M pooled",0.08288565207874311,0.09022423449336436,-0.09395384752825105,0.2597251516857373,0.9973696164570588,False
ZNF395,RNA,2,2w,"trained, F+M pooled",-0.020185254234238344,0.08516758342905359,-0.18711371775518337,0.1467432092867067,0.9973696164570588,False
ZNF594,RNA,2,2w,"trained, F+M pooled",0.15535347884756742,0.20050221302150867,-0.23763085867458958,0.5483378163697245,0.9973696164570588,False
ABHD14B,RNA,4,4w,"trained, F+M pooled",0.0781439186731918,0.08324030522055018,-0.08500707955908655,0.24129491690547017,0.8428356017235492,False
ABL1,RNA,4,4w,"trained, F+M pooled",0.25158795570244574,0.1066117810062016,0.04262886493029061,0.4605470464746009,0.4328682903423014,False
ABT1,RNA,4,4w,"trained, F+M pooled",0.13934736389511593,0.10337915545533391,-0.06327578079733853,0.3419705085875704,0.9861905002892768,False
ACAN,RNA,4,4w,"trained, F+M pooled",0.58664429639679,1.1772117086907092,-1.7206906526370003,2.89397924543058,0.974200841076456,False
ACSL3,RNA,4,4w,"trained, F+M pooled",0.04659864033949599,0.06954526637936598,-0.08971008176406134,0.1829073624430533,0.8062605183023902,False
ACVR1B,RNA,4,4w,"trained, F+M pooled",0.0346109789621396,0.07397662592621129,-0.11038320785323452,0.17960516577751373,0.974200841076456,False
ADNP2,RNA,4,4w,"trained, F+M pooled",0.05899921790973738,0.09644568050593615,-0.13003431588189746,0.24803275170137223,0.9952790387521236,False
ADPRM,RNA,4,4w,"trained, F+M pooled",0.09629531028968716,0.10353828055024372,-0.10663971958879054,0.29923034016816485,0.9914658481375528,False
ALAS2,RNA,4,4w,"trained, F+M pooled",0.23260522812166567,0.2186676475424236,-0.19598336106148456,0.661193817304816,0.978145228209613,False
ANAPC7,RNA,4,4w,"trained, F+M pooled",0.016998084023360713,0.055105829769811064,-0.09100934232546896,0.12500551037219038,0.974691223620156,False
ANGPT1,RNA,4,4w,"trained, F+M pooled",0.06811072396531531,0.07509613293909194,-0.07907769659530489,0.21529914452593552,0.9952790387521236,False
ANKRD50,RNA,4,4w,"trained, F+M pooled",-0.0888330994732898,0.07477700741382799,-0.23539603400439266,0.05772983505781307,0.9267733672431812,False
ARHGAP18,RNA,4,4w,"trained, F+M pooled",-0.11842987601995875,0.07616067226352606,-0.2677047936564698,0.030845041616552327,0.8910789135191997,False
ARL4A,RNA,4,4w,"trained, F+M pooled",0.06950030615137064,0.10538939593901624,-0.1370629098891012,0.27606352219184244,0.9951143449736474,False
ARV1,RNA,4,4w,"trained, F+M pooled",-0.23466538629544237,0.13907454647904438,-0.5072514973943694,0.03792072480348463,0.9664827084222668,False
ASB3,RNA,4,4w,"trained, F+M pooled",0.04999586830070763,0.09897950546222954,-0.14400396240526228,0.24399569900667753,0.9997776982010926,False
ASB7,RNA,4,4w,"trained, F+M pooled",0.06655308422038426,0.07463297792729799,-0.07972755251711978,0.21283372095788833,0.9952790387521236,False
ATE1,RNA,4,4w,"trained, F+M pooled",-0.0037878029501025134,0.0441850113241282,-0.09039042514539379,0.08281481924518876,0.974200841076456,False
ATF3,RNA,4,4w,"trained, F+M pooled",-0.7373979412895366,0.2058436209147408,-1.1408514382824286,-0.33394444429664466,0.1430861006922025,False
AVPI1,RNA,4,4w,"trained, F+M pooled",-0.10323073241886827,0.09466240243486816,-0.28876904119120983,0.08230757635347333,0.8443432509173506,False
BAG3,RNA,4,4w,"trained, F+M pooled",-0.057448753874304405,0.04268304734065352,-0.1411075266619853,0.026210018913376494,0.6289529702911206,False
BAG4,RNA,4,4w,"trained, F+M pooled",-0.006991156223361613,0.14942116227725122,-0.299856634286774,0.2858743218400508,0.974691223620156,False
BAZ2B,RNA,4,4w,"trained, F+M pooled",0.01853269080246595,0.05599256126093631,-0.09121272926896921,0.12827811087390112,0.9732948846213269,False
BBS10,RNA,4,4w,"trained, F+M pooled",-0.1003619623286951,0.16454951856224487,-0.42287901871069505,0.22215509405330486,0.974691223620156,False
BBS12,RNA,4,4w,"trained, F+M pooled",-0.09987098803829735,0.1539627413927187,-0.401637961168026,0.2018959850914313,0.9742269367728796,False
BCL11A,RNA,4,4w,"trained, F+M pooled",-0.2585349004379557,0.5795271077018658,-1.3944080315336125,0.8773382306577012,0.9732948846213269,False
BCL2,RNA,4,4w,"trained, F+M pooled",0.17458256988186,0.26630213966270333,-0.34736962385703857,0.6965347636207586,0.974200841076456,False
BCL2L1,RNA,4,4w,"trained, F+M pooled",0.06645632426008993,0.08150624713269597,-0.09329592011999416,0.22620856864017402,0.9326035961934916,False
BCL2L11,RNA,4,4w,"trained, F+M pooled",-0.06514225260952695,0.10292430795394089,-0.2668738961992511,0.13658939098019718,0.9914658481375528,False
BET1,RNA,4,4w,"trained, F+M pooled",-0.007694281407259864,0.12222970244542349,-0.2472644982002899,0.23187593538577017,0.974200841076456,False
BEX3,RNA,4,4w,"trained, F+M pooled",0.022026151809675133,0.09167643585838903,-0.15765966247276736,0.2017119660921176,0.974200841076456,False
BEX5,RNA,4,4w,"trained, F+M pooled",-0.35898079661267623,0.13372013815408437,-0.6210722673946816,-0.09688932583067089,0.7181829934444007,False
BHLHE40,RNA,4,4w,"trained, F+M pooled",-0.2658461848824751,0.06690036113328902,-0.39697089270372155,-0.13472147706122858,0.0045295650151865,True
BNIP1,RNA,4,4w,"trained, F+M pooled",0.14137014336005618,0.04933313952918335,0.04467718988285682,0.23806309683725554,0.5227119602843765,False
BORCS6,RNA,4,4w,"trained, F+M pooled",-0.05403206827660693,0.05719280874636553,-0.16612997341948335,0.0580658368662695,0.937112267566295,False
BPGM,RNA,4,4w,"trained, F+M pooled",-0.13869063461163153,0.03351706655879502,-0.20438408506686978,-0.0729971841563933,0.1103875659439506,False
BPTF,RNA,4,4w,"trained, F+M pooled",-0.008639643513936087,0.03730606759268633,-0.08175953599560129,0.06448024896772911,0.984376469541476,False
BRWD1,RNA,4,4w,"trained, F+M pooled",0.04311743234096367,0.043498929660222806,-0.042140469793073024,0.12837533447500038,0.974200841076456,False
BTF3,RNA,4,4w,"trained, F+M pooled",-0.08374846760244213,0.04441628300421587,-0.17080438229070524,0.0033074470858209803,0.8903652387667318,False
BTG3,RNA,4,4w,"trained, F+M pooled",0.17443510811146942,0.21610930810665283,-0.2491391357775701,0.598009352000509,0.974200841076456,False
C12orf4,RNA,4,4w,"trained, F+M pooled",0.017334489759590763,0.09760330899380433,-0.17396799586826572,0.20863697538744724,0.9267733672431812,False
C19orf48,RNA,4,4w,"trained, F+M pooled",-0.1099644157091112,0.131380294482063,-0.3674697928939547,0.1475409614757323,0.9951053066402964,False
C9orf40,RNA,4,4w,"trained, F+M pooled",0.07029834413294982,0.13605598742606814,-0.1963713912221437,0.33696807948804336,0.9668488000818564,False
CABP4,RNA,4,4w,"trained, F+M pooled",-0.3383164252062129,0.38610101915126116,-1.0950744227426847,0.41844157233025897,0.8575834735875617,False
CBR4,RNA,4,4w,"trained, F+M pooled",0.013561173969858564,0.06853781782881996,-0.12077294897462856,0.1478952969143457,0.9946268839802112,False
CBX4,RNA,4,4w,"trained, F+M pooled",-0.043637305291227904,0.1992520931435082,-0.43417140785250397,0.3468967972700482,0.9120728386384506,False
CCDC126,RNA,4,4w,"trained, F+M pooled",0.1778645131241481,0.11453817970196975,-0.046630319091712585,0.40235934534000883,0.901781704919528,False
CCDC127,RNA,4,4w,"trained, F+M pooled",-0.0516229667376609,0.06520336407231266,-0.17942156031939369,0.07617562684407189,0.981117002786132,False
CCDC57,RNA,4,4w,"trained, F+M pooled",0.15901997811056515,0.07425870282511328,0.013472920573343122,0.3045670356477872,0.5233630542780486,False
CCDC59,RNA,4,4w,"trained, F+M pooled",-0.05767158497496678,0.07336711844962904,-0.20147113713623968,0.08612796718630614,0.8575834735875617,False
CCNG2,RNA,4,4w,"trained, F+M pooled",0.03444753471306006,0.05504925327469552,-0.07344900170534316,0.14234407113146327,0.9983405846807516,False
CCNL1,RNA,4,4w,"trained, F+M pooled",-0.137214124331481,0.06391277544137569,-0.26248316419657736,-0.011945084466384648,0.6957111503638753,False
CCR5,RNA,4,4w,"trained, F+M pooled",-0.23656690408674455,0.1995220529607663,-0.6276301278898465,0.15449631971635738,0.9710643529185332,False
CD5,RNA,4,4w,"trained, F+M pooled",0.3520222234865597,0.2975879166177008,-0.23125009308413386,0.9352945400572532,0.8379568010504872,False
CD6,RNA,4,4w,"trained, F+M pooled",-0.5012034180949024,0.16824547412189528,-0.8309645473738172,-0.17144228881598772,0.6172742565061009,False
CD83,RNA,4,4w,"trained, F+M pooled",-0.017393552482116596,0.19814367419165604,-0.40575515389776246,0.37096804893352925,0.9914658481375528,False
CDC42EP2,RNA,4,4w,"trained, F+M pooled",-0.09902996862422446,0.07718139135876112,-0.25030549568739624,0.052245558438947334,0.8575834735875617,False
CDR2,RNA,4,4w,"trained, F+M pooled",0.19582239840055649,0.2062454801017294,-0.20841874259883314,0.600063539399946,0.8541830226563737,False
CENPE,RNA,4,4w,"trained, F+M pooled",0.22750105084973557,0.28300785347204566,-0.3271943419554739,0.7821964436549451,0.9484794275978662,False
CEP170,RNA,4,4w,"trained, F+M pooled",0.0885538051370178,0.08623318821860984,-0.0804632437714575,0.25757085404549307,0.7958378004632294,False
CETN3,RNA,4,4w,"trained, F+M pooled",0.07356245972560058,0.10646649675031222,-0.13511187390501136,0.28223679335621255,0.968917433627057,False
CFAP20,RNA,4,4w,"trained, F+M pooled",0.019267913591843978,0.10506811478399293,-0.18666559138478214,0.22520141856847012,0.974691223620156,False
CHCHD6,RNA,4,4w,"trained, F+M pooled",0.08884396577285285,0.18093033286256516,-0.26577948663777484,0.44346741818348057,0.9848360684066256,False
CHST15,RNA,4,4w,"trained, F+M pooled",0.061571574826041926,0.1499438275383196,-0.23231832714906453,0.35546147680114837,0.9928667923292752,False
CIRBP,RNA,4,4w,"trained, F+M pooled",-0.0522020709125335,0.059198538163183226,-0.16823120571237263,0.06382706388730561,0.9914658481375528,False
CISH,RNA,4,4w,"trained, F+M pooled",0.012884004486400152,0.6526949610985026,-1.2663981192666647,1.2921661282394652,0.8118021355065346,False
CLASRP,RNA,4,4w,"trained, F+M pooled",0.03192532737054598,0.06110692891870611,-0.087844253310118,0.15169490805120994,0.8903652387667318,False
CLCN3,RNA,4,4w,"trained, F+M pooled",-0.04805689661960728,0.05249506731321793,-0.15094722855351442,0.05483343531429987,0.9914658481375528,False
CLK1,RNA,4,4w,"trained, F+M pooled",-0.04331327920590116,0.04786804526733617,-0.13713464792988006,0.05050808951807773,0.924031867934912,False
CNNM2,RNA,4,4w,"trained, F+M pooled",0.0025010217850657225,0.12514161304497273,-0.24277653978308084,0.2477785833532123,0.9952790387521236,False
COMMD5,RNA,4,4w,"trained, F+M pooled",-0.04202614811497609,0.10431766287420102,-0.2464887673484101,0.1624364711184579,0.974691223620156,False
CRIPT,RNA,4,4w,"trained, F+M pooled",-0.12482280244315884,0.0821876062624641,-0.2859105107175885,0.0362649058312708,0.9724240292138212,False
CSRNP1,RNA,4,4w,"trained, F+M pooled",0.1691897081857805,0.15298721649059258,-0.13066523613578096,0.46904465250734195,0.8547498168378767,False
CSTF3,RNA,4,4w,"trained, F+M pooled",0.040273303565708754,0.12119798962837376,-0.19727475610590384,0.2778213632373213,0.9952790387521236,False
CXCR4,RNA,4,4w,"trained, F+M pooled",0.047462637849252184,0.10973507313299036,-0.16761810549140893,0.26254338118991327,0.974200841076456,False
DAB2,RNA,4,4w,"trained, F+M pooled",0.034037953375756186,0.08262788876678898,-0.1279127086071502,0.19598861535866258,0.9863002241052508,False
DARS2,RNA,4,4w,"trained, F+M pooled",-0.01449857359314995,0.07260768550791742,-0.1568096371886681,0.1278124900023682,0.9952790387521236,False
DCAF12,RNA,4,4w,"trained, F+M pooled",0.03312957702456464,0.14686466872293352,-0.25472517367238506,0.32098432772151436,0.9917588515081605,False
DCAF7,RNA,4,4w,"trained, F+M pooled",-0.05127572414302799,0.04179459115730218,-0.13319312281134027,0.030641674525284282,0.6871728142931259,False
DCLRE1A,RNA,4,4w,"trained, F+M pooled",-0.05635778869124374,0.08448959782707284,-0.22195740043230652,0.10924182304981903,0.974200841076456,False
DDIT3,RNA,4,4w,"trained, F+M pooled",0.06723384839874125,0.08420961856923452,-0.09781700399695842,0.2322847007944409,0.8669295112079367,False
DDIT4,RNA,4,4w,"trained, F+M pooled",0.5191435814547025,0.24129946757962584,0.04619662499863586,0.9920905379107692,0.6059645203364536,False
DDX20,RNA,4,4w,"trained, F+M pooled",0.044426519569939094,0.0726179588253103,-0.09790467972766909,0.18675771886754727,0.8903652387667318,False
DDX58,RNA,4,4w,"trained, F+M pooled",0.14370102521661898,0.17226067996789834,-0.19392990752046174,0.4813319579536997,0.9983405846807516,False
DGAT2,RNA,4,4w,"trained, F+M pooled",0.07763693469112608,0.07213676829149654,-0.06375113116020713,0.21902500054245927,0.974200841076456,False
DNAJB1,RNA,4,4w,"trained, F+M pooled",-0.22417504862467888,0.08419853740390429,-0.3892041819363313,-0.05914591531302649,0.598432842569239,False
DNAJB9,RNA,4,4w,"trained, F+M pooled",0.02277242458613876,0.06858570286648975,-0.11165555303218117,0.1572004022044587,0.9952790387521236,False
DNMT3A,RNA,4,4w,"trained, F+M pooled",0.03392415983728293,0.04701009059835498,-0.05821561773549283,0.1260639374100587,0.9326035961934916,False
DTX3,RNA,4,4w,"trained, F+M pooled",-0.025758817092829178,0.06404424468117398,-0.15128553666793018,0.09976790248227183,0.9178610792986516,False
DUSP10,RNA,4,4w,"trained, F+M pooled",-0.2426903718855382,0.0984827300055582,-0.43571652269643224,-0.04966422107464413,0.2104478975037731,False
DUSP16,RNA,4,4w,"trained, F+M pooled",-0.1699470670921447,0.0636116454250827,-0.29462589212530677,-0.0452682420589826,0.4385125374806139,False
DUSP2,RNA,4,4w,"trained, F+M pooled",-0.48022649110131393,0.3309833571682117,-1.1289538711510088,0.16850088894838094,0.9326035961934916,False
DUSP8,RNA,4,4w,"trained, F+M pooled",-0.18982520792393148,0.11943814118939068,-0.4239239646551372,0.04427354880727424,0.7843779830772066,False
DYNLL1,RNA,4,4w,"trained, F+M pooled",-0.04052426203198832,0.07338059039911209,-0.184350219214248,0.10330169515027136,0.9952790387521236,False
DYNLL2,RNA,4,4w,"trained, F+M pooled",-0.055732468319953134,0.03625270623164807,-0.12678777253398335,0.01532283589407709,0.8817012195668356,False
EEF1D,RNA,4,4w,"trained, F+M pooled",-0.019792512431866662,0.03428551064490296,-0.08699211329587647,0.04740708843214314,0.974691223620156,False
EEPD1,RNA,4,4w,"trained, F+M pooled",0.07348604235166935,0.06153684852437993,-0.04712618075611531,0.19409826545945402,0.906769858652374,False
EIF1,RNA,4,4w,"trained, F+M pooled",-0.015579682482641006,0.03207657019066943,-0.0784497600563531,0.04729039509107108,0.9998168707642148,False
ELAC1,RNA,4,4w,"trained, F+M pooled",-0.026578752886596776,0.11026828398491562,-0.2427045894970314,0.18954708372383783,0.9995161871167786,False
ELK4,RNA,4,4w,"trained, F+M pooled",-0.012586800673847572,0.038984455234785984,-0.0889963329340281,0.06382273158633296,0.9925268838752628,False
ELMOD2,RNA,4,4w,"trained, F+M pooled",0.060567376655192115,0.0984343565670421,-0.13236396221621038,0.25349871552659464,0.8547498168378767,False
ELOVL6,RNA,4,4w,"trained, F+M pooled",-0.026724940781179506,0.5384915469011458,-1.0821683727074252,1.028718491145066,0.9375394863321244,False
ENC1,RNA,4,4w,"trained, F+M pooled",0.03915939549326508,0.1689104109573612,-0.2919050099831629,0.37022380096969304,0.973129283277986,False
ERN1,RNA,4,4w,"trained, F+M pooled",0.005011738534246836,0.042170500647207565,-0.07764244273427998,0.08766591980277366,0.8945410710842476,False
ETNK1,RNA,4,4w,"trained, F+M pooled",0.011208374228428566,0.047210385353309896,-0.08132398106405883,0.10374072952091595,0.9799054846551832,False
EVL,RNA,4,4w,"trained, F+M pooled",-0.1075725638964541,0.13462957240103796,-0.3714465258024885,0.15630139800958032,0.5227119602843765,False
EXD2,RNA,4,4w,"trained, F+M pooled",-0.09893749724247644,0.06107122921944697,-0.2186371065125925,0.020762112027639626,0.9664827084222668,False
EXOSC3,RNA,4,4w,"trained, F+M pooled",0.005484911392870457,0.11104301589452883,-0.21215939976040604,0.22312922254614698,0.9878282604369824,False
EXOSC6,RNA,4,4w,"trained, F+M pooled",0.11379418428300835,0.24782814667505237,-0.3719489832000943,0.599537351766111,0.9518429540350134,False
EYA3,RNA,4,4w,"trained, F+M pooled",-0.024131355201082987,0.0681299666058523,-0.15766608974855348,0.10940337934638751,0.9925589105028134,False
F2RL1,RNA,4,4w,"trained, F+M pooled",-0.24538504293037938,0.23421279472942869,-0.7044421206000596,0.21367203473930085,0.9267733672431812,False
FAM133B,RNA,4,4w,"trained, F+M pooled",0.12358394184098266,0.1235199072502099,-0.11851507636942875,0.36568296005139406,0.8575834735875617,False
FAM43A,RNA,4,4w,"trained, F+M pooled",-0.1304033379427603,0.520066326061526,-1.1497333370233513,0.8889266611378308,0.8910789135191997,False
FAXDC2,RNA,4,4w,"trained, F+M pooled",0.08647608344617808,0.11522975695503379,-0.13937424018568814,0.31232640707804427,0.9952790387521236,False
FBXO33,RNA,4,4w,"trained, F+M pooled",-0.17439848429504,0.10293469217243867,-0.37615048095301984,0.027353512362939786,0.8547240871436086,False
FBXO7,RNA,4,4w,"trained, F+M pooled",0.0553031877023149,0.06826973233166547,-0.07850548766774942,0.18911186307237923,0.9869253533606414,False
FEM1B,RNA,4,4w,"trained, F+M pooled",-0.10779861688568398,0.05319116904914068,-0.21205330822199972,-0.0035439255493682487,0.7428036768112914,False
FHL2,RNA,4,4w,"trained, F+M pooled",-0.365418158984036,0.23482287011665748,-0.8256709844126846,0.09483466644461264,0.974691223620156,False
FOSB,RNA,4,4w,"trained, F+M pooled",0.12455745804663584,0.382875218312589,-0.6258779698460386,0.8749928859393103,0.8353910125584643,False
FOSL2,RNA,4,4w,"trained, F+M pooled",0.07133519698684178,0.21998983663525762,-0.35984488281826316,0.5025152767919467,0.974200841076456,False
FRAT2,RNA,4,4w,"trained, F+M pooled",-0.24818600788767295,0.19587663803544747,-0.63210421843715,0.1357322026618041,0.6843370396512319,False
FXR1,RNA,4,4w,"trained, F+M pooled",-0.037518107946685766,0.043507844275759704,-0.12279348272717479,0.047757266833803255,0.974200841076456,False
FZD1,RNA,4,4w,"trained, F+M pooled",-0.12716409178584623,0.08713406632309846,-0.2979468617791192,0.043618678207426764,0.8256109581111097,False
GABARAPL1,RNA,4,4w,"trained, F+M pooled",-0.01878750819819217,0.060456756467538716,-0.13728275087456807,0.09970773447818372,0.974691223620156,False
GADD45B,RNA,4,4w,"trained, F+M pooled",-0.13735709309916866,0.09283528119380059,-0.31931424423901783,0.04460005804068051,0.8945410710842476,False
GBP1,RNA,4,4w,"trained, F+M pooled",0.02009240005472946,0.17537054702279725,-0.32363387210995315,0.36381867221941205,0.884878038567345,False
GCA,RNA,4,4w,"trained, F+M pooled",-0.20135586959209148,0.09039444159254918,-0.3785289751134879,-0.024182764070695084,0.8481809118314906,False
GCNT1,RNA,4,4w,"trained, F+M pooled",0.1074374700499916,0.1820539143754539,-0.24938820212589802,0.4642631422258812,0.9743159489395402,False
GEMIN6,RNA,4,4w,"trained, F+M pooled",0.13479312779032188,0.21987293782678627,-0.29615783035017923,0.5657440859308229,0.974200841076456,False
GET4,RNA,4,4w,"trained, F+M pooled",-0.07942696776935194,0.04670051868786966,-0.17095998439757648,0.012106048858872592,0.6886007167732187,False
GIMAP4,RNA,4,4w,"trained, F+M pooled",0.09650797633059045,0.12208943845749591,-0.14278732304610153,0.3358032757072824,0.974200841076456,False
GIMAP5,RNA,4,4w,"trained, F+M pooled",0.21924220296592792,0.11870626058474694,-0.013422067780176072,0.4519064737120319,0.9536148363560506,False
GIMAP7,RNA,4,4w,"trained, F+M pooled",-0.07733941256888086,0.16754910243602533,-0.4057356533434905,0.25105682820572883,0.9888446132276691,False
GIMAP8,RNA,4,4w,"trained, F+M pooled",-0.07515739444137033,0.0907858021008353,-0.2530975665590075,0.10278277767626685,0.9952790387521236,False
GIN1,RNA,4,4w,"trained, F+M pooled",0.014571086765090866,0.10549997467897303,-0.19220886360569628,0.221351037135878,0.974691223620156,False
GLS,RNA,4,4w,"trained, F+M pooled",0.033393232185330614,0.04698828694957813,-0.058703810235842514,0.12549027460650375,0.984376469541476,False
GMPR,RNA,4,4w,"trained, F+M pooled",0.004847583641382169,0.029794691168232624,-0.053550011048353774,0.0632451783311181,0.9372575498423144,False
GOLPH3L,RNA,4,4w,"trained, F+M pooled",0.03572774996934077,0.09944835983926698,-0.15919103531562248,0.23064653525430404,0.974200841076456,False
GPM6B,RNA,4,4w,"trained, F+M pooled",-0.13758372778908803,0.0996996300247604,-0.3329950026376184,0.05782754705944235,0.9732948846213269,False
GPN3,RNA,4,4w,"trained, F+M pooled",-0.0055725571932592885,0.07494593658127127,-0.15246659289255096,0.1413214785060324,0.9951501203779904,False
GPR183,RNA,4,4w,"trained, F+M pooled",-0.11786552398055221,0.27197794137190295,-0.6509422890694819,0.41521124110837754,0.942984090782516,False
GPRIN3,RNA,4,4w,"trained, F+M pooled",0.22001652067312447,0.2375215923919567,-0.24552580041511066,0.6855588417613596,0.9753210739448432,False
GRASP,RNA,4,4w,"trained, F+M pooled",0.164613486846023,0.10252295159793205,-0.0363314982859238,0.3655584719779698,0.8831896405509762,False
GRPEL1,RNA,4,4w,"trained, F+M pooled",0.1036785099584961,0.05070922147358707,0.00428843587026545,0.20306858404672676,0.8669788662984763,False
GZF1,RNA,4,4w,"trained, F+M pooled",0.045696892063615664,0.05178640010544912,-0.0558044521430646,0.14719823627029593,0.999795681245953,False
H3-3B,RNA,4,4w,"trained, F+M pooled",-0.1015956123633662,0.0484715951876189,-0.19659993893109923,-0.006591285795633159,0.6063109317255612,False
HAS3,RNA,4,4w,"trained, F+M pooled",0.20917220430040492,0.16663796966833339,-0.11743821624952852,0.5357826248503383,0.974691223620156,False
HBD,RNA,4,4w,"trained, F+M pooled",0.06717928424954475,0.4285202098136644,-0.7727203269852374,0.907078895484327,0.924031867934912,False
HCCS,RNA,4,4w,"trained, F+M pooled",0.1301193745009804,0.06419983388355228,0.004287700089217944,0.2559510489127429,0.928826593840767,False
HEMGN,RNA,4,4w,"trained, F+M pooled",-1.0417112846494587,0.5167221801893845,-2.0544867578206523,-0.02893581147826496,0.6332027164452116,False
HIPK1,RNA,4,4w,"trained, F+M pooled",0.0651730849833146,0.033239549207901904,2.3568535826870574e-05,0.13032260143080232,0.7642864808748531,False
HMGCL,RNA,4,4w,"trained, F+M pooled",-0.010922682841111548,0.06750042956934424,-0.14322352479702627,0.12137815911480317,0.9951143449736474,False
HPS5,RNA,4,4w,"trained, F+M pooled",-0.16264210156492295,0.08510504141404321,-0.3294479827364476,0.00416377960660172,0.9472183204144644,False
HSF2,RNA,4,4w,"trained, F+M pooled",-0.18746659322080172,0.07881528738023365,-0.3419445564860597,-0.032988629955543775,0.5019576774210424,False
HSPA1A,RNA,4,4w,"trained, F+M pooled",-0.4952576322441293,0.20532185615345144,-0.8976884703048941,-0.09282679418336448,0.8256109581111097,False
ID1,RNA,4,4w,"trained, F+M pooled",0.032376282031177185,0.10635336436694741,-0.17607631212803973,0.2408288761903941,0.974200841076456,False
IER3,RNA,4,4w,"trained, F+M pooled",-0.11641899845958857,0.16996162521657907,-0.44954378388408356,0.2167057869649064,0.8195807435504631,False
IFNAR1,RNA,4,4w,"trained, F+M pooled",0.0272284439944705,0.052856045697139864,-0.07636940557192363,0.13082629356086464,0.974200841076456,False
IFRD1,RNA,4,4w,"trained, F+M pooled",-0.06377702781308323,0.07290301924980831,-0.2066669455427075,0.07911288991654106,0.974200841076456,False
IKBIP,RNA,4,4w,"trained, F+M pooled",-0.08244904106896851,0.08485478496064652,-0.2487644195918357,0.08386633745389867,0.9484794275978662,False
ING5,RNA,4,4w,"trained, F+M pooled",0.04441605424938315,0.07128106868516024,-0.0952948403735309,0.1841269488722972,0.974691223620156,False
INPP4B,RNA,4,4w,"trained, F+M pooled",-0.0427423988013254,0.0955110389398059,-0.229944035123345,0.14445923752069417,0.8777794202335749,False
IRF2BP2,RNA,4,4w,"trained, F+M pooled",-0.15512877691179236,0.084082219726172,-0.3199299275750895,0.00967237375150476,0.3191518084797731,False
IRS2,RNA,4,4w,"trained, F+M pooled",-0.2087232675319784,0.1743606798491901,-0.550470200036391,0.13302366497243417,0.9358951039523724,False
IRX3,RNA,4,4w,"trained, F+M pooled",-0.09816984615706333,0.15959501926702493,-0.41097608392043217,0.21463639160630554,0.974200841076456,False
ISCA2,RNA,4,4w,"trained, F+M pooled",0.06523402124635426,0.05865190124218633,-0.049723705188330955,0.18019174768103946,0.9291478519373492,False
JADE1,RNA,4,4w,"trained, F+M pooled",-0.011414140482498992,0.06412215131855155,-0.13709355706686002,0.11426527610186203,0.974200841076456,False
JMY,RNA,4,4w,"trained, F+M pooled",0.012167093388269075,0.08665541467983494,-0.1576775193842074,0.18201170616074555,0.9732948846213269,False
JOSD1,RNA,4,4w,"trained, F+M pooled",-0.10741556220378438,0.07528967488865228,-0.2549833249855428,0.04015220057797407,0.9479167682795492,False
JUN,RNA,4,4w,"trained, F+M pooled",-0.1919596534540459,0.05544683220128827,-0.3006354445685709,-0.08328386233952088,0.0464160645265192,True
JUNB,RNA,4,4w,"trained, F+M pooled",-0.26868863429119694,0.08587263757506823,-0.4369990039383307,-0.10037826464406321,0.5511136991665632,False
JUND,RNA,4,4w,"trained, F+M pooled",-0.395065840429996,0.10696520132389672,-0.6047176350248336,-0.18541404583515841,0.2946529603779154,False
KANSL2,RNA,4,4w,"trained, F+M pooled",-0.01772847880767468,0.06758064103371862,-0.15018653523376316,0.1147295776184138,0.8980474164409511,False
KBTBD4,RNA,4,4w,"trained, F+M pooled",-0.06926178703492734,0.0716098078451355,-0.2096170104113929,0.07109343634153824,0.9937416035906405,False
KCNJ2,RNA,4,4w,"trained, F+M pooled",-0.05800112478786041,0.09096917895792243,-0.23630071554538837,0.12029846596966756,0.9951143449736474,False
KCNQ1,RNA,4,4w,"trained, F+M pooled",-0.06489283660802682,0.20511700943685562,-0.4669221751042638,0.3371365018882102,0.974691223620156,False
KLF9,RNA,4,4w,"trained, F+M pooled",0.10699469471452602,0.0456694565322594,0.0174825599112976,0.19650682951775444,0.8082827470659916,False
KLHL15,RNA,4,4w,"trained, F+M pooled",0.22455926770407947,0.15721839831771856,-0.08358879299864891,0.5327073284068078,0.6191137213996586,False
KLHL7,RNA,4,4w,"trained, F+M pooled",-0.011709953166127052,0.04260981587823397,-0.09522519228746562,0.07180528595521152,0.9952790387521236,False
KMT5B,RNA,4,4w,"trained, F+M pooled",-0.019995133078486122,0.04333902704821208,-0.1049396260929818,0.06494935993600956,0.994445001715086,False
LATS1,RNA,4,4w,"trained, F+M pooled",-0.00020900756649241698,0.05949219365645848,-0.11681370713315103,0.1163956920001662,0.9858060474436228,False
LEO1,RNA,4,4w,"trained, F+M pooled",-0.01580169693803696,0.0686466678789537,-0.1503491659807862,0.1187457721047123,0.9951143449736474,False
LFNG,RNA,4,4w,"trained, F+M pooled",-0.058619268914803034,0.13362996513897185,-0.32053400058718784,0.20329546275758179,0.9445823160847662,False
LYL1,RNA,4,4w,"trained, F+M pooled",0.07133871060837282,0.15670467840163022,-0.2358024590588224,0.37847988027556806,0.9353798657880652,False
MAF,RNA,4,4w,"trained, F+M pooled",-0.17053937631721552,0.0625465577703858,-0.2931306295471717,-0.04794812308725936,0.5014383332640666,False
MAFF,RNA,4,4w,"trained, F+M pooled",-0.0053981276259933405,0.1376591428600406,-0.27521004763167295,0.26441379237968626,0.974200841076456,False
MAGOHB,RNA,4,4w,"trained, F+M pooled",0.07282141196535594,0.17769741557413546,-0.2754655225599496,0.4211083464906614,0.9588589880235956,False
MANEA,RNA,4,4w,"trained, F+M pooled",-0.10386690168873729,0.09927023130667868,-0.2984365550498275,0.09070275167235294,0.777128249557086,False
MATR3,RNA,4,4w,"trained, F+M pooled",0.10449070411172282,0.051862115134525266,0.0028409584480532935,0.20614044977539234,0.7722490472911485,False
MED10,RNA,4,4w,"trained, F+M pooled",-0.026661596148226753,0.10009059847650137,-0.22283916916216942,0.16951597686571593,0.9914658481375528,False
MED13,RNA,4,4w,"trained, F+M pooled",0.01285220637099129,0.040359762957638524,-0.06625292902598022,0.09195734176796279,0.9732948846213269,False
MED18,RNA,4,4w,"trained, F+M pooled",0.010061552989012566,0.17804827841738435,-0.33891307270906074,0.35903617868708587,0.9921821628753932,False
MED20,RNA,4,4w,"trained, F+M pooled",0.06264003752616672,0.06529400017189413,-0.06533620281074577,0.19061627786307922,0.9267733672431812,False
MFHAS1,RNA,4,4w,"trained, F+M pooled",0.014934903750058287,0.14422713362503511,-0.2677502781550105,0.2976200856551271,0.9863002241052508,False
MGAT2,RNA,4,4w,"trained, F+M pooled",-0.03840823338025815,0.08785326537880213,-0.2106006335227103,0.133784166762194,0.9418923196005348,False
MGAT4A,RNA,4,4w,"trained, F+M pooled",-0.05304462182115013,0.10122927588874318,-0.25145400256308675,0.1453647589207865,0.9796894530900744,False
MID2,RNA,4,4w,"trained, F+M pooled",0.025661540462715328,0.10036630356592487,-0.17105641452649742,0.22237949545192806,0.9909606228891916,False
MINPP1,RNA,4,4w,"trained, F+M pooled",0.012056165423405648,0.06322865959396039,-0.1118720073807567,0.135984338227568,0.974691223620156,False
MLLT6,RNA,4,4w,"trained, F+M pooled",-0.030903248012340824,0.0357803962133038,-0.10103282459041626,0.039226328565734624,0.8803268349668172,False
MLYCD,RNA,4,4w,"trained, F+M pooled",-0.109600116988897,0.0723267235508191,-0.25136049514850245,0.03216026117070843,0.4112605330334833,False
MMACHC,RNA,4,4w,"trained, F+M pooled",0.0254121792414268,0.05648702862112862,-0.0853023968559853,0.1361267553388389,0.9757264256679192,False
MMP28,RNA,4,4w,"trained, F+M pooled",0.11459517231490865,0.2590871055382008,-0.39321555453996493,0.6224058991697823,0.9564803965743434,False
MOAP1,RNA,4,4w,"trained, F+M pooled",-0.5491608042425934,0.20826337823423574,-0.9573570255816954,-0.14096458290349134,0.2568772812486506,False
MOB3C,RNA,4,4w,"trained, F+M pooled",-0.18934508272804332,0.19162056532019622,-0.5649213907556279,0.18623122529954125,0.9921821628753932,False
MORF4L1,RNA,4,4w,"trained, F+M pooled",-0.02197344994236403,0.028956670980172402,-0.07872852506350193,0.03478162517877388,0.9909606228891916,False
MOSPD2,RNA,4,4w,"trained, F+M pooled",0.12640650108659146,0.12323003721584445,-0.11512437185646365,0.36793737402964655,0.9951143449736474,False
MRM1,RNA,4,4w,"trained, F+M pooled",0.14570768721809446,0.09260547709388867,-0.03579904788592733,0.3272144223221163,0.6674924072247359,False
MRPL35,RNA,4,4w,"trained, F+M pooled",0.07733085688896828,0.04780182522997743,-0.016360720561787487,0.17102243433972403,0.951509216701352,False
MRPL54,RNA,4,4w,"trained, F+M pooled",-0.013624744691818938,0.04740543331508458,-0.10653939398938472,0.07928990460574684,0.9838636984641996,False
MTFP1,RNA,4,4w,"trained, F+M pooled",0.12239335219472644,0.07529821153101901,-0.025191142406070816,0.2699778467955237,0.8817012195668356,False
MUC6,RNA,4,4w,"trained, F+M pooled",0.08544796709635664,0.08612353052303133,-0.08335415272878476,0.25425008692149803,0.937112267566295,False
MYL4,RNA,4,4w,"trained, F+M pooled",0.01580221018265383,0.0852544686262708,-0.15129654832483694,0.18290096869014458,0.937112267566295,False
MYLIP,RNA,4,4w,"trained, F+M pooled",-0.016103702462681713,0.07203518562256922,-0.15729266628291738,0.12508526135755393,0.9695605153134278,False
NAA16,RNA,4,4w,"trained, F+M pooled",-0.046273305879487754,0.10125430708625478,-0.24473174776854711,0.15218513600957162,0.974691223620156,False
NAA20,RNA,4,4w,"trained, F+M pooled",0.023245137656412583,0.06806327713257851,-0.11015888552344127,0.15664916083626645,0.9080798963426324,False
NABP1,RNA,4,4w,"trained, F+M pooled",0.09039194360358298,0.12234710444430093,-0.14940838110724686,0.3301922683144128,0.9962321057936578,False
NAPEPLD,RNA,4,4w,"trained, F+M pooled",0.0382414875651769,0.15532704975181824,-0.2661995299483868,0.34268250507874065,0.992469780250666,False
NCBP1,RNA,4,4w,"trained, F+M pooled",-0.02960453172947365,0.061076195629574274,-0.14931387516343925,0.09010481170449193,0.974691223620156,False
NDUFV3,RNA,4,4w,"trained, F+M pooled",0.1362867489319429,0.06317337677485066,0.012466930453235603,0.2601065674106502,0.2039487589456432,False
NFE2,RNA,4,4w,"trained, F+M pooled",-0.20453882280729913,0.43989420263439377,-1.066731459970711,0.6576538143561126,0.9618087477244628,False
NFKBIA,RNA,4,4w,"trained, F+M pooled",0.12087007044206777,0.155559208652439,-0.18402597851671265,0.4257661194008482,0.974200841076456,False
NGDN,RNA,4,4w,"trained, F+M pooled",-0.0312829943239086,0.10194567166564375,-0.23109651078857035,0.16853052214075315,0.974200841076456,False
NLRC4,RNA,4,4w,"trained, F+M pooled",-0.10638897543318317,0.33257859337353896,-0.7582430184453195,0.5454650675789532,0.974691223620156,False
NOCT,RNA,4,4w,"trained, F+M pooled",0.0532981032379872,0.07425013531011347,-0.09223216196983519,0.1988283684458096,0.8356205798656942,False
NR1D2,RNA,4,4w,"trained, F+M pooled",0.0832721591655255,0.048542723627826155,-0.011871579145013772,0.17841589747606476,0.9358951039523724,False
NR3C2,RNA,4,4w,"trained, F+M pooled",0.015917678189122365,0.07138109823727205,-0.12398927435593086,0.1558246307341756,0.9743741773271936,False
NR4A2,RNA,4,4w,"trained, F+M pooled",-0.058398144383308835,0.20254703627338363,-0.4553903354791407,0.3385940467125231,0.733084823443504,False
NUDCD1,RNA,4,4w,"trained, F+M pooled",0.07280014384323115,0.08657316163030586,-0.09688325295216833,0.24248354063863065,0.974200841076456,False
NXT1,RNA,4,4w,"trained, F+M pooled",-0.04214137960976039,0.1522379045428824,-0.3405276725138099,0.2562449132942891,0.9490280119905028,False
OBSCN,RNA,4,4w,"trained, F+M pooled",0.01680692384417879,0.02799855803374201,-0.038070249901955545,0.07168409759031313,0.9571225368032094,False
OSBP2,RNA,4,4w,"trained, F+M pooled",0.1570854179377142,0.10075471328945226,-0.04039382010961223,0.3545646559850406,0.9500718467820254,False
OSBPL11,RNA,4,4w,"trained, F+M pooled",0.1254384335502764,0.0564496086565347,0.014797200583468381,0.2360796665170844,0.8258813750035755,False
OSER1,RNA,4,4w,"trained, F+M pooled",-0.039635602992085905,0.0547602454906261,-0.14696568415371306,0.06769447816954124,0.974691223620156,False
OXNAD1,RNA,4,4w,"trained, F+M pooled",0.029268039949289414,0.07253030203728818,-0.11289135204379541,0.17142743194237425,0.9952790387521236,False
P2RY1,RNA,4,4w,"trained, F+M pooled",0.005988446436232661,0.07374848727975714,-0.1385585886320913,0.15053548150455665,0.953237888476221,False
P2RY12,RNA,4,4w,"trained, F+M pooled",0.1893176668230524,0.30107547813641367,-0.40079027032431835,0.7794256039704232,0.974200841076456,False
P2RY13,RNA,4,4w,"trained, F+M pooled",0.17028185924119676,0.2716333956383876,-0.36211959621004297,0.7026833146924365,0.9828231454023678,False
P2RY14,RNA,4,4w,"trained, F+M pooled",-0.05754481183571744,0.14548124605584695,-0.34268805410517744,0.2275984304337426,0.974200841076456,False
PAG1,RNA,4,4w,"trained, F+M pooled",0.11288160411986134,0.29846269715243023,-0.4721052822989019,0.6978684905386247,0.856386895677759,False
PCSK6,RNA,4,4w,"trained, F+M pooled",-0.1394478220924223,0.05213680350675911,-0.24163595696567014,-0.03725968721917444,0.6976308283278754,False
PDE4D,RNA,4,4w,"trained, F+M pooled",-0.02331125679927766,0.06038381156352196,-0.1416635274637807,0.09504101386522538,0.974691223620156,False
PDK4,RNA,4,4w,"trained, F+M pooled",0.016234591684423094,0.1661144815309905,-0.3093497921163183,0.3418189754851645,0.974691223620156,False
PDZD8,RNA,4,4w,"trained, F+M pooled",0.08018044534274069,0.04573300823382363,-0.009456250795553636,0.169817141481035,0.9614946143746648,False
PEAK1,RNA,4,4w,"trained, F+M pooled",0.11527773570968011,0.055280059346172195,0.006928819391182617,0.2236266520281776,0.7972264450039163,False
PER1,RNA,4,4w,"trained, F+M pooled",0.37759058026244186,0.14113120581699753,0.10097341686112671,0.654207743663757,0.5293087627174341,False
PEX3,RNA,4,4w,"trained, F+M pooled",-0.04728642572468572,0.0753895561608933,-0.1950499558000366,0.10047710435066515,0.9890840042670664,False
PHC3,RNA,4,4w,"trained, F+M pooled",0.031233533655808682,0.0537268399435346,-0.07407107263351914,0.1365381399451365,0.974200841076456,False
PHF1,RNA,4,4w,"trained, F+M pooled",0.0009100929045149392,0.052931529985608426,-0.10283570586727758,0.10465589167630746,0.9918137877872854,False
PHF14,RNA,4,4w,"trained, F+M pooled",0.012787892580768208,0.05435234371592801,-0.09374270110245068,0.1193184862639871,0.9914658481375528,False
PHF23,RNA,4,4w,"trained, F+M pooled",-0.012278014422985968,0.07311436464364654,-0.15558216912453318,0.13102614027856127,0.994445001715086,False
PHLDA1,RNA,4,4w,"trained, F+M pooled",-0.37800284120379385,0.1672519674746078,-0.7058166974540252,-0.050188984953562554,0.401035943019966,False
PHOSPHO1,RNA,4,4w,"trained, F+M pooled",-0.07780848302790407,0.047561957636146256,-0.17102991999475073,0.015412953938942597,0.8461791986989962,False
PIAS2,RNA,4,4w,"trained, F+M pooled",0.03317372002874072,0.0454495567826598,-0.05590741126527249,0.12225485132275393,0.9732948846213269,False
PIK3IP1,RNA,4,4w,"trained, F+M pooled",0.11912277191995196,0.06718985593227163,-0.012569345707300422,0.2508148895472043,0.6686701213701114,False
PIM3,RNA,4,4w,"trained, F+M pooled",0.2973498287469048,0.07827653460861875,0.14392782091401204,0.4507718365797976,0.3980935681990291,False
PLA2G4A,RNA,4,4w,"trained, F+M pooled",-0.013837978730352609,0.1397425060956772,-0.2877332906778799,0.2600573332171747,0.9405086042182422,False
PMAIP1,RNA,4,4w,"trained, F+M pooled",-0.11580237642646614,0.22157949979302036,-0.550098196020786,0.3184934431678538,0.974200841076456,False
PNO1,RNA,4,4w,"trained, F+M pooled",-0.02294023955152523,0.05403710014458144,-0.12885295583490486,0.0829724767318544,0.951294486375192,False
POLR2M,RNA,4,4w,"trained, F+M pooled",-0.06583630549059911,0.032773281804828365,-0.1300719378280627,-0.001600673153135515,0.8888082465475808,False
PPIL1,RNA,4,4w,"trained, F+M pooled",0.01549916560918997,0.10376780241243319,-0.18788572711917909,0.218884058337559,0.9732948846213269,False
PPP1R15A,RNA,4,4w,"trained, F+M pooled",-0.21359765631435212,0.09308986168724818,-0.3960537852213586,-0.031141527407345687,0.7034174322639981,False
PPP1R2,RNA,4,4w,"trained, F+M pooled",-0.04484135132182612,0.05296556152779271,-0.14865385191629982,0.058971149272647586,0.9484794275978662,False
PPP1R8,RNA,4,4w,"trained, F+M pooled",0.014764020131123896,0.062340972007511465,-0.10742428500359857,0.13695232526584636,0.974691223620156,False
PREPL,RNA,4,4w,"trained, F+M pooled",-0.07893336242893187,0.05506315063775669,-0.18685713767893497,0.028990412821071246,0.8887240754735186,False
PSMA1,RNA,4,4w,"trained, F+M pooled",-0.051762660433621065,0.037441283920745236,-0.12514757691828174,0.021622256051039603,0.7189575224054768,False
PTPN6,RNA,4,4w,"trained, F+M pooled",-0.2330981608161151,0.1239917451286276,-0.47612198126822514,0.009925659635994982,0.6114110670165164,False
PTPRO,RNA,4,4w,"trained, F+M pooled",-0.1433613006837515,0.16212565171785154,-0.46112757805074045,0.17440497668323748,0.9890692630736124,False
RAB27B,RNA,4,4w,"trained, F+M pooled",-0.21703994195577545,0.3185760589766483,-0.8414490175500061,0.40736913363845517,0.9914658481375528,False
RAB3IL1,RNA,4,4w,"trained, F+M pooled",0.07217707772996317,0.13133003794890463,-0.18522979664988992,0.3295839521098163,0.972023256137588,False
RABIF,RNA,4,4w,"trained, F+M pooled",-0.11253905666090866,0.13937105571698283,-0.385706325866195,0.16062821254437767,0.9757264256679192,False
RAD23B,RNA,4,4w,"trained, F+M pooled",-0.010622015307906331,0.036560459372183586,-0.08228051567738615,0.06103648506157349,0.974200841076456,False
RBBP6,RNA,4,4w,"trained, F+M pooled",-0.051251187997155764,0.04304963186977491,-0.13562846646191457,0.03312609046760305,0.9786763895991906,False
RBM3,RNA,4,4w,"trained, F+M pooled",-0.09548101542463465,0.0771272548481134,-0.24665043492693695,0.05568840407766763,0.915808984293408,False
RBM33,RNA,4,4w,"trained, F+M pooled",0.0689439249233172,0.04293508156213332,-0.015208834938464103,0.15309668478509852,0.7948346950666569,False
RBM4B,RNA,4,4w,"trained, F+M pooled",0.2098396928243173,0.10684514291513354,0.0004232127106555683,0.419256172937979,0.7647498577981521,False
RCAN3,RNA,4,4w,"trained, F+M pooled",-0.14360115664779277,0.20243805689063393,-0.5403797481534353,0.2531774348578497,0.9732948846213269,False
RCC1L,RNA,4,4w,"trained, F+M pooled",-0.05187983360568599,0.05200541064901567,-0.15381043847775672,0.05005077126638473,0.9571225368032094,False
RFX3,RNA,4,4w,"trained, F+M pooled",-0.019642602590660696,0.15476013906721672,-0.32297247516240546,0.28368726998108407,0.9952790387521236,False
RGCC,RNA,4,4w,"trained, F+M pooled",0.248349322355643,0.10758745950190171,0.03747790173191565,0.4592207429793703,0.6559758099303012,False
RGS18,RNA,4,4w,"trained, F+M pooled",-0.6142918204821785,0.3574662059676956,-1.3149255841788619,0.08634194321450495,0.8379568010504872,False
RHBDD2,RNA,4,4w,"trained, F+M pooled",0.001485896277869051,0.08997552825549825,-0.17486613910290752,0.17783793165864561,0.9913318440566382,False
RMI1,RNA,4,4w,"trained, F+M pooled",0.03132013919147251,0.07675408625825321,-0.1191178698747038,0.1817581482576488,0.9836375113312904,False
RMND5A,RNA,4,4w,"trained, F+M pooled",-0.00013989790178827743,0.04290189940121911,-0.08422762072817773,0.08394782492460116,0.986089910422578,False
RNASEL,RNA,4,4w,"trained, F+M pooled",0.06617358820863879,0.12067355585339902,-0.1703465812640233,0.30269375768130086,0.961601289137428,False
RNF14,RNA,4,4w,"trained, F+M pooled",0.05605417609260087,0.03755015125377256,-0.01754412036479336,0.1296524725499951,0.8777794202335749,False
RNF149,RNA,4,4w,"trained, F+M pooled",-0.09310120345717922,0.08298805406203433,-0.2557577894187665,0.06955538250440806,0.9914658481375528,False
RORA,RNA,4,4w,"trained, F+M pooled",0.18819497386725403,0.06330669367414002,0.0641138542659396,0.31227609346856844,0.1487253298914273,False
RPL32,RNA,4,4w,"trained, F+M pooled",0.050913131187283404,0.03810434832322734,-0.02377139152624217,0.125597653900809,0.4906635999125478,False
RPP25L,RNA,4,4w,"trained, F+M pooled",-0.09301778054074623,0.10893012143055301,-0.30652081854463015,0.12048525746313767,0.974200841076456,False
RPS7,RNA,4,4w,"trained, F+M pooled",0.016155317338079723,0.033272762958567924,-0.04905929806071341,0.08136993273687285,0.9484794275978662,False
RRAD,RNA,4,4w,"trained, F+M pooled",-0.9132988840204116,0.2743704392924634,-1.45106494503364,-0.37553282300718327,0.565239595102774,False
RTN2,RNA,4,4w,"trained, F+M pooled",-0.05847721704773873,0.036572914178562434,-0.1301601288377211,0.013205694742243645,0.7385485878637216,False
RTP4,RNA,4,4w,"trained, F+M pooled",0.10423502400635228,0.1386469709393042,-0.16751303903468395,0.3759830870473885,0.978487779046438,False
RWDD1,RNA,4,4w,"trained, F+M pooled",0.13139574983069377,0.048297805004441564,0.0367320520219883,0.22605944763939922,0.3964649472143616,False
SAMD8,RNA,4,4w,"trained, F+M pooled",-0.04110275680460817,0.047548185937062316,-0.1342972012412503,0.05209168763203397,0.950483089708288,False
SAMD9,RNA,4,4w,"trained, F+M pooled",-0.013756444164087661,0.13369946972269137,-0.27580740482056276,0.24829451649238743,0.974200841076456,False
SBDS,RNA,4,4w,"trained, F+M pooled",0.03952471092272881,0.04660787245221242,-0.05182671908360754,0.13087614092906516,0.8910789135191997,False
SEC14L5,RNA,4,4w,"trained, F+M pooled",-0.1229673185643031,0.12198848740644182,-0.36206475388092907,0.11613011675232285,0.9193570683927116,False
SEC62,RNA,4,4w,"trained, F+M pooled",0.007368228859099951,0.0464065322226986,-0.0835885742973893,0.0983250320155892,0.996420170138584,False
SELENBP1,RNA,4,4w,"trained, F+M pooled",-0.29464590044266004,0.1151454668393926,-0.5203310154478695,-0.06896078543745054,0.3006591229875099,False
SERAC1,RNA,4,4w,"trained, F+M pooled",0.18320527250859214,0.1287981994568253,-0.06923919842678544,0.43564974344396973,0.9564803965743434,False
SERPINB9,RNA,4,4w,"trained, F+M pooled",0.0031897036870411817,0.1490236925933523,-0.2888967337959293,0.29527614117001166,0.9925268838752628,False
SH2D3C,RNA,4,4w,"trained, F+M pooled",0.00444608064638272,0.09198814277173889,-0.17585067918622552,0.18474284047899095,0.8471107599790919,False
SH3BP5L,RNA,4,4w,"trained, F+M pooled",-0.031080432782497384,0.059884584798825566,-0.1484542189881955,0.08629335342320071,0.9732948846213269,False
SIK1,RNA,4,4w,"trained, F+M pooled",-0.1770436440101842,0.10257034672241631,-0.3780815235861201,0.02399423556575178,0.729504134248151,False
SLC16A3,RNA,4,4w,"trained, F+M pooled",0.07336028899790752,0.05200057139080817,-0.0285608309280765,0.17528140892389155,0.9710643529185332,False
SLC25A26,RNA,4,4w,"trained, F+M pooled",0.06562435438911847,0.08168423680828321,-0.09447674975511662,0.22572545853335357,0.9960648157576032,False
SLC25A37,RNA,4,4w,"trained, F+M pooled",0.22433662626664672,0.1252545551583966,-0.0211623018438106,0.469835554377104,0.8246996518824861,False
SLC39A9,RNA,4,4w,"trained, F+M pooled",-0.108729438119947,0.06032766907850248,-0.22697166951381187,0.009512793273917866,0.9368078123142192,False
SLC4A1,RNA,4,4w,"trained, F+M pooled",0.6105115803464596,0.2913379327821365,0.039489232093472104,1.181533928599447,0.5938277110087004,False
SMAD7,RNA,4,4w,"trained, F+M pooled",-0.0608572024442281,0.09635387397220256,-0.2497107954297451,0.12799639054128892,0.7173972431089853,False
SMDT1,RNA,4,4w,"trained, F+M pooled",0.05679188943856719,0.07788426060280101,-0.0958612613429228,0.2094450402200572,0.974200841076456,False
SNCA,RNA,4,4w,"trained, F+M pooled",0.045914006133692946,0.34174272802049477,-0.6239017407864769,0.7157297530538627,0.974200841076456,False
SNX8,RNA,4,4w,"trained, F+M pooled",-0.06882296523154026,0.097225154397856,-0.259384267851338,0.1217383373882575,0.8862310036824815,False
SON,RNA,4,4w,"trained, F+M pooled",-0.03725246793286305,0.024630099767457884,-0.0855274634770805,0.011022527611354402,0.9366952568920364,False
SORBS3,RNA,4,4w,"trained, F+M pooled",0.1323604831953825,0.07423735004799567,-0.01314472289868901,0.277865689289454,0.8379568010504872,False
SPAG1,RNA,4,4w,"trained, F+M pooled",0.23727236786249797,0.14156849140257416,-0.04020187528654737,0.5147466110115433,0.8301607080494366,False
SPRY1,RNA,4,4w,"trained, F+M pooled",0.024115040847061158,0.06345785310212154,-0.10026235123309706,0.14849243292721936,0.9960648157576032,False
SPRYD3,RNA,4,4w,"trained, F+M pooled",0.02403833703796676,0.11070421018778975,-0.19294191493010115,0.24101858900603468,0.9951501203779904,False
SPTBN1,RNA,4,4w,"trained, F+M pooled",0.0867206958426722,0.03657416374975623,0.015035334893149982,0.1584060567921944,0.6217187274912811,False
ST8SIA4,RNA,4,4w,"trained, F+M pooled",-0.018728000847877957,0.19732631670265424,-0.40548758158508025,0.36803157988932433,0.974200841076456,False
STARD7,RNA,4,4w,"trained, F+M pooled",0.039581057401570426,0.05349804989762847,-0.06527512039778138,0.14443723520092222,0.974691223620156,False
STK17B,RNA,4,4w,"trained, F+M pooled",0.008346049878789634,0.09179358714722304,-0.1715693809297675,0.1882614806873468,0.9878282604369824,False
STK38L,RNA,4,4w,"trained, F+M pooled",0.06930469933746435,0.05105487321355888,-0.030762852161111062,0.16937225083603974,0.8910789135191997,False
STX11,RNA,4,4w,"trained, F+M pooled",0.17054344815764053,0.35183438473226963,-0.519051945917608,0.8601388422328891,0.974691223620156,False
STX7,RNA,4,4w,"trained, F+M pooled",0.25696413763666415,0.14754924659982893,-0.032232385699000554,0.5461606609723288,0.9564803965743434,False
SUGT1,RNA,4,4w,"trained, F+M pooled",-0.04120600058155265,0.04527940755161496,-0.12995363938271798,0.04754163821961268,0.9952790387521236,False
TAOK2,RNA,4,4w,"trained, F+M pooled",0.05239355856493326,0.03918306748276695,-0.024405253701289972,0.12919237083115648,0.938265128419222,False
TCAF2,RNA,4,4w,"trained, F+M pooled",0.6717780799260104,0.5912290046658295,-0.48703076921901556,1.8305869290710364,0.9799054846551832,False
TCEA3,RNA,4,4w,"trained, F+M pooled",0.06976716121311584,0.040165837877650164,-0.00895788102707848,0.14849220345331016,0.5269698973214554,False
TCF7,RNA,4,4w,"trained, F+M pooled",0.11281541174730565,0.20239997722293399,-0.28388854360964494,0.5095193671042563,0.9741681941148552,False
TCP11L2,RNA,4,4w,"trained, F+M pooled",0.06575750682406907,0.06979280583168228,-0.07103639260602819,0.20255140625416634,0.9914658481375528,False
TFEC,RNA,4,4w,"trained, F+M pooled",0.18443262771961488,0.32407887225437987,-0.45076196189896967,0.8196272173381994,0.8332077168942764,False
THAP2,RNA,4,4w,"trained, F+M pooled",-0.060923749741964885,0.17186727050823164,-0.3977835999380989,0.2759361004541691,0.9742269367728796,False
THAP6,RNA,4,4w,"trained, F+M pooled",0.12227692688185178,0.13297239470238978,-0.1383489667348322,0.38290282049853575,0.9372575498423144,False
TIMMDC1,RNA,4,4w,"trained, F+M pooled",0.04489917250957327,0.05578046707593787,-0.06443054295926495,0.15422888797841147,0.9732948846213269,False
TIPARP,RNA,4,4w,"trained, F+M pooled",0.31807556663806547,0.13390564464221713,0.05562050313931988,0.580530630136811,0.7412206243692705,False
TLR7,RNA,4,4w,"trained, F+M pooled",0.18208704227453854,0.16633015497629264,-0.14392006147899505,0.5080941460280721,0.6896561469030021,False
TLR8,RNA,4,4w,"trained, F+M pooled",-0.009896493960829868,0.17293478472184254,-0.34884867201564124,0.3290556840939815,0.9833811085959596,False
TM2D2,RNA,4,4w,"trained, F+M pooled",0.03702577494674529,0.05018202613284173,-0.0613309962736245,0.1353825461671151,0.9914658481375528,False
TMA16,RNA,4,4w,"trained, F+M pooled",0.038636731336626755,0.1109646874121476,-0.17885405599118254,0.25612751866443606,0.974200841076456,False
TMCC2,RNA,4,4w,"trained, F+M pooled",-0.01420749807806694,0.05014766792162484,-0.11249692720445162,0.08408193104831774,0.974691223620156,False
TMEM119,RNA,4,4w,"trained, F+M pooled",0.09771281377051308,0.273149413375933,-0.43766003644631557,0.6330856639873418,0.9951143449736474,False
TMEM140,RNA,4,4w,"trained, F+M pooled",0.07059627846357736,0.13994800617047176,-0.2037018136305473,0.344894370557702,0.9543461931023456,False
TMEM158,RNA,4,4w,"trained, F+M pooled",-0.21195439759480217,0.21878320301118315,-0.6407694754967211,0.2168606803071168,0.7859488591193131,False
TMEM33,RNA,4,4w,"trained, F+M pooled",-0.0716621084430336,0.07214651168826647,-0.21306927135203585,0.06974505446596867,0.8799747291469682,False
TMEM39A,RNA,4,4w,"trained, F+M pooled",-0.017865808910646843,0.11303782952545324,-0.2394199547805352,0.20368833695924152,0.974200841076456,False
TMEM60,RNA,4,4w,"trained, F+M pooled",-0.020509339474048552,0.07073136531100872,-0.15914281548362563,0.11812413653552854,0.974200841076456,False
TMOD1,RNA,4,4w,"trained, F+M pooled",-0.14025692924409114,0.0475430609770662,-0.23344132875914086,-0.0470725297290414,0.4151534435797986,False
TNFAIP3,RNA,4,4w,"trained, F+M pooled",-0.1779403840360144,0.12371132450992654,-0.4204145800754704,0.06453381200344163,0.9331796683484104,False
TNFAIP6,RNA,4,4w,"trained, F+M pooled",-0.4464166729334486,0.2636361653716874,-0.9631435570619558,0.07031021119505859,0.7526143634605154,False
TNFAIP8L2,RNA,4,4w,"trained, F+M pooled",-0.2413020891784252,0.15591065751074162,-0.5468869778994788,0.06428279954262842,0.8191908630169011,False
TNFRSF1A,RNA,4,4w,"trained, F+M pooled",-0.02780458678996419,0.05124994453377345,-0.12825447807616014,0.07264530449623177,0.7104731446726772,False
TNFSF10,RNA,4,4w,"trained, F+M pooled",0.08192749952034879,0.08205954259358086,-0.0789092039630697,0.24276420300376728,0.974200841076456,False
TNS1,RNA,4,4w,"trained, F+M pooled",0.044353555676505105,0.05273494495408604,-0.059006936433503535,0.14771404778651376,0.974200841076456,False
TOB1,RNA,4,4w,"trained, F+M pooled",-0.16151714692064567,0.05465630333512035,-0.26864350145748156,-0.05439079238380978,0.3580790595306836,False
TOE1,RNA,4,4w,"trained, F+M pooled",-0.13060259716542272,0.10080105764116294,-0.32817267014210205,0.06696747581125664,0.9273062587061692,False
TOP1MT,RNA,4,4w,"trained, F+M pooled",0.0984362482393749,0.09923222576028518,-0.09605891425078404,0.2929314107295338,0.9622590135316484,False
TPM1,RNA,4,4w,"trained, F+M pooled",-0.15521087893136143,0.05541164887063187,-0.2638177107177999,-0.04660404714492296,0.5938277110087004,False
TRAF6,RNA,4,4w,"trained, F+M pooled",0.07772820898091001,0.0874688745093468,-0.0937107850574097,0.24916720301922973,0.9925268838752628,False
TRAPPC9,RNA,4,4w,"trained, F+M pooled",-0.06636256799758072,0.0420407189157383,-0.1487623770724278,0.016037241077266354,0.930302225338487,False
TRERF1,RNA,4,4w,"trained, F+M pooled",-0.05663804065083768,0.12891590048116167,-0.3093132055939145,0.19603712429223916,0.974200841076456,False
TRIM13,RNA,4,4w,"trained, F+M pooled",-0.28161684574095824,0.18330290679051964,-0.6408905430503767,0.07765685156846025,0.7799494926204202,False
TRMT1L,RNA,4,4w,"trained, F+M pooled",-0.06438131695101762,0.05461919077864772,-0.17143493087716716,0.042672296975131904,0.8565347462967164,False
TRNT1,RNA,4,4w,"trained, F+M pooled",0.14013902933970113,0.06973841508015328,0.00345173578260069,0.27682632289680154,0.810469304240851,False
TSC22D3,RNA,4,4w,"trained, F+M pooled",0.21575387437559962,0.06670393241369116,0.08501416684476495,0.3464935819064343,0.2514382319849114,False
TSHZ2,RNA,4,4w,"trained, F+M pooled",0.07473766515759239,0.07860788263165257,-0.07933378480044664,0.22880911511563143,0.9372575498423144,False
TSPYL2,RNA,4,4w,"trained, F+M pooled",0.03162011788709244,0.07214757164880181,-0.10978912254455911,0.17302935831874397,0.974200841076456,False
TTC12,RNA,4,4w,"trained, F+M pooled",0.10888491999814309,0.36847669793526594,-0.6133294079549781,0.8310992479512643,0.9263572901295728,False
TTC33,RNA,4,4w,"trained, F+M pooled",0.16449551638586496,0.05104485996191704,0.06444759086050757,0.26454344191122237,0.4578960392088235,False
TTC9C,RNA,4,4w,"trained, F+M pooled",-0.2128022049749603,0.0691333692137425,-0.3483036086338956,-0.07730080131602501,0.4899503772890385,False
UBALD2,RNA,4,4w,"trained, F+M pooled",-0.06155115651452736,0.054290520755677585,-0.16796057719565544,0.0448582641666007,0.4310335557399243,False
UBE2D2,RNA,4,4w,"trained, F+M pooled",-0.1444372767175268,0.0774160383210974,-0.2961727118268777,0.007298158391824128,0.634504536416281,False
UHRF1BP1L,RNA,4,4w,"trained, F+M pooled",0.0778259422323006,0.058022782405814884,-0.03589871128309656,0.19155059574769778,0.9331796683484104,False
USP30,RNA,4,4w,"trained, F+M pooled",0.10182290673433946,0.06929932174451921,-0.0340037638849182,0.2376495773535971,0.9062014317348126,False
UTP3,RNA,4,4w,"trained, F+M pooled",-0.0339769584623507,0.052295879821669194,-0.13647688291282234,0.06852296598812092,0.9952790387521236,False
VAMP2,RNA,4,4w,"trained, F+M pooled",-0.023670463198244805,0.04413166950081173,-0.11016853541983579,0.06282760902334619,0.9915782697310268,False
VAPA,RNA,4,4w,"trained, F+M pooled",-0.024463033927020747,0.03704240630040232,-0.0970661502758093,0.0481400824217678,0.974691223620156,False
VPS35,RNA,4,4w,"trained, F+M pooled",0.032346520966388397,0.05017350087987912,-0.06599354075817468,0.13068658269095146,0.9823911783715882,False
VPS37A,RNA,4,4w,"trained, F+M pooled",0.036414089216432195,0.06593963848312488,-0.09282760221049258,0.16565578064335695,0.974200841076456,False
VWA8,RNA,4,4w,"trained, F+M pooled",0.13454524730523204,0.07056963109012904,-0.003771229631420875,0.27286172424188493,0.9322581356399222,False
WHAMM,RNA,4,4w,"trained, F+M pooled",0.016641381192460634,0.06804978170919979,-0.11673619095757093,0.1500189533424922,0.9649497500626764,False
WWP2,RNA,4,4w,"trained, F+M pooled",0.059320808604846884,0.08739204839554396,-0.11196760625041928,0.23060922346011303,0.974200841076456,False
XK,RNA,4,4w,"trained, F+M pooled",-0.1319443088916571,0.0868788936495982,-0.30222694044486953,0.038338322661555374,0.733084823443504,False
YIPF4,RNA,4,4w,"trained, F+M pooled",-0.035203863148857484,0.07746456104763437,-0.18703440280222083,0.11662667650450587,0.9952790387521236,False
YIPF5,RNA,4,4w,"trained, F+M pooled",-0.03751173769590547,0.07790219917200202,-0.1902000480730294,0.11517657268121848,0.9439218066352076,False
ZBTB10,RNA,4,4w,"trained, F+M pooled",-0.1295682674847252,0.09802629376042654,-0.32169980325516123,0.06256326828571082,0.937112267566295,False
ZBTB25,RNA,4,4w,"trained, F+M pooled",0.19335569979898914,0.14179115782481602,-0.08455496953765024,0.4712663691356285,0.947245705832514,False
ZBTB43,RNA,4,4w,"trained, F+M pooled",0.05770054983460447,0.0901487655333948,-0.11899103061084935,0.2343921302800583,0.7104731446726772,False
ZC3H10,RNA,4,4w,"trained, F+M pooled",-0.0644839705783666,0.07944745833001486,-0.22020098890519574,0.09123304774846253,0.986089910422578,False
ZC3H12A,RNA,4,4w,"trained, F+M pooled",-0.001017712481374631,0.1380668128667128,-0.27162866570013167,0.26959324073738244,0.8520383875355741,False
ZC3H14,RNA,4,4w,"trained, F+M pooled",0.011844508601118563,0.04454061050111789,-0.0754550879810725,0.09914410518330963,0.9951143449736474,False
ZEB2,RNA,4,4w,"trained, F+M pooled",-0.12520091433207822,0.06192222392226339,-0.24656847321971448,-0.00383335544444198,0.8650826425523466,False
ZFYVE21,RNA,4,4w,"trained, F+M pooled",-0.13588567875495958,0.11886482092839717,-0.36886072777461804,0.09708937026469888,0.915427586898098,False
ZKSCAN3,RNA,4,4w,"trained, F+M pooled",-0.04902700140999684,0.05631374192313131,-0.1594019355793342,0.061347932759340515,0.9925589105028134,False
ZKSCAN7,RNA,4,4w,"trained, F+M pooled",0.053051513795706294,0.11543040977431397,-0.17319208936194908,0.2792951169533617,0.8258462642757474,False
ZNF175,RNA,4,4w,"trained, F+M pooled",-0.15684543039039467,0.16820798079397237,-0.4865330727465805,0.17284221196579114,0.7561572101527346,False
ZNF189,RNA,4,4w,"trained, F+M pooled",0.4116260911231658,0.10275599446658516,0.21022434196865886,0.6130278402776728,0.066953049731271,False
ZNF260,RNA,4,4w,"trained, F+M pooled",-0.0639795935154717,0.08720523612490465,-0.2349018563202848,0.1069426692893414,0.974200841076456,False
ZNF330,RNA,4,4w,"trained, F+M pooled",0.03988884363437495,0.05091210761027679,-0.059898887281767565,0.13967657455051746,0.974200841076456,False
ZNF394,RNA,4,4w,"trained, F+M pooled",0.011582113946175188,0.08555946718453782,-0.15611444173551892,0.1792786696278693,0.9757264256679192,False
ZNF395,RNA,4,4w,"trained, F+M pooled",-0.06729003899750348,0.08121563083617062,-0.22647267543639787,0.09189259744139093,0.974200841076456,False
ZNF594,RNA,4,4w,"trained, F+M pooled",0.12478180962467958,0.19114240580493438,-0.24985730575299178,0.4994209250023509,0.9967032117154966,False
ABHD14B,RNA,8,8w,"trained, F+M pooled",0.11373153397037833,0.0881864329910749,-0.059113874692128476,0.28657694263288513,0.4511061309202615,False
ABL1,RNA,8,8w,"trained, F+M pooled",-0.0015671046350570095,0.08859831023656271,-0.17521979269871993,0.1720855834286059,0.8568775682143627,False
ABT1,RNA,8,8w,"trained, F+M pooled",0.05716299250035233,0.10864988606578956,-0.15579078418859518,0.27011676918929983,0.8012040716965623,False
ACAN,RNA,8,8w,"trained, F+M pooled",1.24322791133241,1.2518892692154866,-1.2104750563299436,3.6969308789947637,0.7633948380385966,False
ACSL3,RNA,8,8w,"trained, F+M pooled",0.07353878762967918,0.07371307167991084,-0.07093883286294607,0.21801640812230444,0.6474593086791588,False
ACVR1B,RNA,8,8w,"trained, F+M pooled",0.008250244948835613,0.07805030356670759,-0.14472835004191126,0.16122883993958248,0.8463067530425614,False
ADNP2,RNA,8,8w,"trained, F+M pooled",0.061964002672070674,0.10124076968695944,-0.13646790591436983,0.2603959112585112,0.9349300353483924,False
ADPRM,RNA,8,8w,"trained, F+M pooled",-0.020497570190808116,0.11070903581016242,-0.23748728037872646,0.19649213999711024,0.7968347274809165,False
ALAS2,RNA,8,8w,"trained, F+M pooled",0.3370125465620399,0.22830540394671897,-0.11046604517352931,0.7844911382976091,0.8528687893673952,False
ANAPC7,RNA,8,8w,"trained, F+M pooled",0.0245077648606934,0.058559388775009755,-0.09026863713832572,0.1392841668597125,0.7669555048438087,False
ANGPT1,RNA,8,8w,"trained, F+M pooled",-0.05076502963261467,0.07979547500611452,-0.2071641606445991,0.10563410137936977,0.7505610344063005,False
ANKRD50,RNA,8,8w,"trained, F+M pooled",-0.04712135093622231,0.07921567733638583,-0.20238407851553852,0.10814137664309392,0.8455851976319844,False
ARHGAP18,RNA,8,8w,"trained, F+M pooled",-0.04164065469291972,0.08100689705895442,-0.20041417292847039,0.11713286354263094,0.8725612557286485,False
ARL4A,RNA,8,8w,"trained, F+M pooled",-0.13196292201785145,0.11326633276221588,-0.3539649342317946,0.09003909019609169,0.7226832033832903,False
ARV1,RNA,8,8w,"trained, F+M pooled",-0.0646941591622019,0.14639291660574308,-0.3516242757094583,0.22223595738505453,0.7490344569312638,False
ASB3,RNA,8,8w,"trained, F+M pooled",-0.038437741203346615,0.10501862744901218,-0.2442742510034105,0.16739876859671726,0.9973813617727804,False
ASB7,RNA,8,8w,"trained, F+M pooled",0.05057511761715635,0.07881833399985992,-0.1039088170225691,0.2050590522568818,0.9517206539269492,False
ATE1,RNA,8,8w,"trained, F+M pooled",-0.09258639959265434,0.04675495944000993,-0.1842261200950738,-0.000946679090234881,0.2370201610389248,False
ATF3,RNA,8,8w,"trained, F+M pooled",-0.9753048992803136,0.21663692607505813,-1.3999132743874276,-0.5506965241731997,0.0117030557114489,True
AVPI1,RNA,8,8w,"trained, F+M pooled",0.056449418371270876,0.09953156757132847,-0.13863245406853292,0.25153129081107467,0.9917065574806716,False
BAG3,RNA,8,8w,"trained, F+M pooled",-0.11894733657743356,0.04500320464772918,-0.20715361768698276,-0.030741055467884373,0.2682234666712333,False
BAG4,RNA,8,8w,"trained, F+M pooled",-0.08530963435870767,0.15882135369180153,-0.3965994875946387,0.22598021887722333,0.9851034335834412,False
BAZ2B,RNA,8,8w,"trained, F+M pooled",0.035416227470158906,0.05932873257735598,-0.08086808838145881,0.15170054332177663,0.9287434050666152,False
BBS10,RNA,8,8w,"trained, F+M pooled",-0.09510163081534151,0.1754889577689105,-0.4390599880424061,0.24885672641172307,0.9119692087750538,False
BBS12,RNA,8,8w,"trained, F+M pooled",0.0036216614179081195,0.16291954778155054,-0.31570065223393096,0.32294397506974715,0.9666652699623453,False
BCL11A,RNA,8,8w,"trained, F+M pooled",-0.9461157567212173,0.6138285559961055,-2.149219726473584,0.2569882130311496,0.6674519006156254,False
BCL2,RNA,8,8w,"trained, F+M pooled",-0.060770481806480495,0.2918078469808725,-0.6327138618889905,0.5111728982760295,0.9686521868869762,False
BCL2L1,RNA,8,8w,"trained, F+M pooled",0.021076914997480472,0.08650449520351132,-0.14847189560140173,0.19062572559636265,0.935530889319583,False
BCL2L11,RNA,8,8w,"trained, F+M pooled",0.10499883350208201,0.10869020164346836,-0.10803396171911596,0.31803162872328,0.423581553396209,False
BET1,RNA,8,8w,"trained, F+M pooled",-0.12439303625205225,0.1289221022911058,-0.37708035674261964,0.1282942842385151,0.5277399233991233,False
BEX3,RNA,8,8w,"trained, F+M pooled",0.2150196416683141,0.09705530153595023,0.024791250657851677,0.4052480326787765,0.4931942954513556,False
BEX5,RNA,8,8w,"trained, F+M pooled",-0.40607930178645074,0.14243532011894675,-0.6852525292195863,-0.12690607435331513,0.507634273924929,False
BHLHE40,RNA,8,8w,"trained, F+M pooled",-0.03446800848271353,0.07037788035272535,-0.17240865397405522,0.10347263700862816,0.6405195547956489,False
BNIP1,RNA,8,8w,"trained, F+M pooled",0.1635797064566157,0.052098021044913456,0.061467585208585335,0.26569182770464606,0.406958404278712,False
BORCS6,RNA,8,8w,"trained, F+M pooled",-0.046261125597259076,0.06070138834108685,-0.16523584674578928,0.07271359555127115,0.9600322987710448,False
BPGM,RNA,8,8w,"trained, F+M pooled",-0.17866536076300918,0.03571532259296169,-0.24866739304521407,-0.10866332848080427,1.0189631014143624e-05,True
BPTF,RNA,8,8w,"trained, F+M pooled",-0.03852632128428641,0.03964665363796733,-0.11623376241470237,0.03918111984612955,0.8590211140520656,False
BRWD1,RNA,8,8w,"trained, F+M pooled",-0.0043172648222595455,0.046121670047490765,-0.09471573811534144,0.08608120847082236,0.9732010883272548,False
BTF3,RNA,8,8w,"trained, F+M pooled",-0.15477520687682794,0.047052501590758,-0.2469981099947136,-0.06255230375894226,0.0538751101034288,False
BTG3,RNA,8,8w,"trained, F+M pooled",-0.20224695120790695,0.23506287002272097,-0.66297017645244,0.2584762740366261,0.8472276887701794,False
C12orf4,RNA,8,8w,"trained, F+M pooled",0.012230378781065409,0.1031389428679494,-0.1899219492401154,0.21438270680224625,0.9758906170464068,False
C19orf48,RNA,8,8w,"trained, F+M pooled",-0.02138221092918146,0.13886955644544616,-0.2935665415622559,0.250802119703893,0.8673103030483523,False
C9orf40,RNA,8,8w,"trained, F+M pooled",0.14669370281969485,0.1410319552812788,-0.12972892953161158,0.4231163351710013,0.6214061078747959,False
CABP4,RNA,8,8w,"trained, F+M pooled",-0.12234647133609113,0.40170790609485535,-0.9096939672820076,0.6650010246098254,0.7712086248862844,False
CBR4,RNA,8,8w,"trained, F+M pooled",-0.024971622113193905,0.07274764861250495,-0.1675570133937036,0.11761376916731581,0.8788356095890687,False
CBX4,RNA,8,8w,"trained, F+M pooled",-0.00028209030649494366,0.20932345682661818,-0.4105560656866666,0.4099918850736767,0.9791159500879584,False
CCDC126,RNA,8,8w,"trained, F+M pooled",0.16335349449939204,0.12144382097634221,-0.0746763946142387,0.4013833836130228,0.7767180283752875,False
CCDC127,RNA,8,8w,"trained, F+M pooled",-0.036283613263476656,0.06892545684435038,-0.17137750867840337,0.09881028215145007,0.9714251360918448,False
CCDC57,RNA,8,8w,"trained, F+M pooled",0.24697140240759397,0.07871362143503198,0.0926927043949313,0.40125010042025666,0.2606945334601174,False
CCDC59,RNA,8,8w,"trained, F+M pooled",0.021677266534317396,0.07749502650908581,-0.1302129854234908,0.1735675184921256,0.9808376937016352,False
CCNG2,RNA,8,8w,"trained, F+M pooled",0.07569331849060713,0.05842622205072335,-0.038822076728810634,0.1902087137100249,0.77092059412214,False
CCNL1,RNA,8,8w,"trained, F+M pooled",-0.05404884242292213,0.06779240308686646,-0.18692195247318039,0.07882426762733613,0.9176149872232442,False
CCR5,RNA,8,8w,"trained, F+M pooled",-0.4275725006118933,0.21572341479863355,-0.850390393617215,-0.004754607606571537,0.1324086311383121,False
CD5,RNA,8,8w,"trained, F+M pooled",0.2881918725400457,0.31362947808276614,-0.32652190450217594,0.9029056495822674,0.8269843776313782,False
CD6,RNA,8,8w,"trained, F+M pooled",-0.2638135961249645,0.1763693743459318,-0.6094975698429909,0.08187037759306182,0.7019786500121759,False
CD83,RNA,8,8w,"trained, F+M pooled",-0.3241890839021964,0.21412953977366317,-0.7438829818585762,0.09550481405418337,0.7738044696598139,False
CDC42EP2,RNA,8,8w,"trained, F+M pooled",-0.08477148302487372,0.08182882981194398,-0.24515598945628392,0.07561302340653647,0.7049914546669632,False
CDR2,RNA,8,8w,"trained, F+M pooled",0.3613116386478745,0.21612276557512392,-0.06228898187936832,0.7849122591751174,0.6232878761682297,False
CENPE,RNA,8,8w,"trained, F+M pooled",-0.08558069365988812,0.3053637073080733,-0.6840935599837117,0.5129321726639355,0.79988472311728,False
CEP170,RNA,8,8w,"trained, F+M pooled",0.40788299463787353,1.3125898767542097,-2.1647931638003772,2.9805591530761246,0.8616812239250067,False
CETN3,RNA,8,8w,"trained, F+M pooled",-0.050963234406575623,0.0864103055225437,-0.22032743323076126,0.11840096441761,0.806006955631653,False
CFAP20,RNA,8,8w,"trained, F+M pooled",0.15188118463032876,0.11050270761036925,-0.06470412228599495,0.36846649154665245,0.4877613539035415,False
CHCHD6,RNA,8,8w,"trained, F+M pooled",0.19534628270989757,0.19383797943777678,-0.1845761569881449,0.57526872240794,0.4273397772267668,False
CHST15,RNA,8,8w,"trained, F+M pooled",0.18398591873450792,0.15783605361494668,-0.12537274635078755,0.4933445838198034,0.7186105237580593,False
CIRBP,RNA,8,8w,"trained, F+M pooled",-0.04928724179218608,0.06259793613920975,-0.1719791966250372,0.07340471304066501,0.867832760751737,False
CISH,RNA,8,8w,"trained, F+M pooled",1.168278048494787,0.690036313320903,-0.18419312561418288,2.520749222603757,0.376243200068246,False
CLASRP,RNA,8,8w,"trained, F+M pooled",0.06793908048557641,0.06447374313782209,-0.058429456064554866,0.1943076170357077,0.3318471437355774,False
CLCN3,RNA,8,8w,"trained, F+M pooled",-0.05105010465743519,0.055862110146185764,-0.16053984054395928,0.058439631229088906,0.7744151828905538,False
CLK1,RNA,8,8w,"trained, F+M pooled",-0.11135349312800916,0.05049790097472085,-0.21032937903846202,-0.012377607217556291,0.3464178906797194,False
CNNM2,RNA,8,8w,"trained, F+M pooled",0.03944727238296487,0.13170651800324149,-0.21869750290338846,0.2975920476693182,0.9306396228110156,False
COMMD5,RNA,8,8w,"trained, F+M pooled",0.1898186114967303,0.15018658383022285,-0.1045470928105065,0.4841843158039671,0.7910660944672845,False
CRIPT,RNA,8,8w,"trained, F+M pooled",-0.13483337265081538,0.0867627583660262,-0.30488837904822674,0.03522163374659598,0.6544946826881328,False
CSRNP1,RNA,8,8w,"trained, F+M pooled",-0.09559145555511711,0.16382569017700377,-0.4166898083020445,0.22550689719181027,0.5431754600568781,False
CSTF3,RNA,8,8w,"trained, F+M pooled",-0.03744843768803523,0.12928865060913,-0.29085419288193004,0.21595731750585956,0.5290325557657195,False
CXCR4,RNA,8,8w,"trained, F+M pooled",0.3561131359056219,0.11485735278257209,0.1309927244517806,0.5812335473594632,0.2847221433511179,False
DAB2,RNA,8,8w,"trained, F+M pooled",0.08557042513328417,0.08768868747475089,-0.08629940231722757,0.2574402525837959,0.8591600580564187,False
DARS2,RNA,8,8w,"trained, F+M pooled",0.0801265776588382,0.07672853058205437,-0.07026134228198837,0.23051449759966475,0.8569396201643135,False
DCAF12,RNA,8,8w,"trained, F+M pooled",0.015262451235842578,0.15474403737457904,-0.2880358620183323,0.31856076449001747,0.8023475944084358,False
DCAF7,RNA,8,8w,"trained, F+M pooled",-0.0844743362700905,0.04433394588820406,-0.17136887021097047,0.0024201976707894507,0.0547572025841061,False
DCLRE1A,RNA,8,8w,"trained, F+M pooled",-0.0859096502800683,0.08986222502636484,-0.26203961133174336,0.09022031077160678,0.8213977464179653,False
DDIT3,RNA,8,8w,"trained, F+M pooled",-0.18819249685090203,0.09025957480036935,-0.36510126345962596,-0.011283730242178103,0.7445635761401183,False
DDIT4,RNA,8,8w,"trained, F+M pooled",0.09772296059261977,0.25661501248797364,-0.4052424638838086,0.6006883850690481,0.9646912928989336,False
DDX20,RNA,8,8w,"trained, F+M pooled",-0.09090374549901119,0.07712690151701798,-0.2420724724723664,0.060264981474344045,0.7412454177780133,False
DDX58,RNA,8,8w,"trained, F+M pooled",0.20261309279144302,0.1829264943357116,-0.15592283610655172,0.5611490216894377,0.7427025899761553,False
DGAT2,RNA,8,8w,"trained, F+M pooled",-0.20334652002853382,0.07615806883260151,-0.35261633494043276,-0.05407670511663487,0.2246979932654319,False
DNAJB1,RNA,8,8w,"trained, F+M pooled",-0.2528220407289299,0.0892796747571602,-0.42781020325296387,-0.0778338782048959,0.1457097780072978,False
DNAJB9,RNA,8,8w,"trained, F+M pooled",-0.12099323848524786,0.0723102747675183,-0.26272137702958376,0.020734900059088027,0.263273225507916,False
DNMT3A,RNA,8,8w,"trained, F+M pooled",-0.007595902636617549,0.05007786558758027,-0.10574851918827488,0.09055671391503978,0.9067368739007792,False
DTX3,RNA,8,8w,"trained, F+M pooled",-0.07855913699852556,0.06806079197531925,-0.2119582892701513,0.05484001527310019,0.8240711903536367,False
DUSP10,RNA,8,8w,"trained, F+M pooled",0.03705313282045868,0.10434103398684433,-0.16745529379375618,0.24156155943467356,0.9329589606151392,False
DUSP16,RNA,8,8w,"trained, F+M pooled",-0.1815569986458032,0.067606909251913,-0.31406654077955265,-0.04904745651205375,0.4626238909880595,False
DUSP2,RNA,8,8w,"trained, F+M pooled",-0.16638699233904888,0.34639403658809814,-0.8453193040517212,0.5125453193736235,0.7939068332989,False
DUSP8,RNA,8,8w,"trained, F+M pooled",-0.0744374637596417,0.1258945237728492,-0.32119073035442613,0.17231580283514275,0.8271367701134698,False
DYNLL1,RNA,8,8w,"trained, F+M pooled",0.09795732697204948,0.07710841990074134,-0.05317517603340355,0.2490898299775025,0.4379903022910856,False
DYNLL2,RNA,8,8w,"trained, F+M pooled",-0.05540103073820942,0.03849475536025446,-0.13085075124430814,0.02004868976788931,0.4662905283898707,False
EEF1D,RNA,8,8w,"trained, F+M pooled",-0.033587661964371074,0.03635293435869452,-0.10483941330741234,0.03766408937867019,0.8626119783504295,False
EEPD1,RNA,8,8w,"trained, F+M pooled",0.1269059409840549,0.06527178097833862,-0.001026749733488791,0.2548386317015986,0.3167150584203048,False
EIF1,RNA,8,8w,"trained, F+M pooled",0.020011929967965508,0.03406113599039766,-0.046747896573213904,0.08677175650914493,0.6210286445679742,False
ELAC1,RNA,8,8w,"trained, F+M pooled",0.06054031634296033,0.11617940787875405,-0.1671713230993976,0.28825195578531826,0.7649797785625237,False
ELK4,RNA,8,8w,"trained, F+M pooled",0.0027074808869762246,0.04137672602010165,-0.07839090211242301,0.08380586388637547,0.9946045430484812,False
ELMOD2,RNA,8,8w,"trained, F+M pooled",-0.05915508591352503,0.10479074209219295,-0.2645449404142232,0.14623476858717316,0.8556257134675296,False
ELOVL6,RNA,8,8w,"trained, F+M pooled",0.056908188270608125,0.5668175041263681,-1.0540541198170732,1.1678704963582895,0.9989250472725932,False
ENC1,RNA,8,8w,"trained, F+M pooled",0.13433718287365892,0.17917542247121077,-0.2168466451699142,0.48552101091723204,0.7773287513674362,False
ERN1,RNA,8,8w,"trained, F+M pooled",0.07947107700430113,0.04482379778165473,-0.008383566647742147,0.1673257206563444,0.62002937537487,False
ETNK1,RNA,8,8w,"trained, F+M pooled",0.02968317134113453,0.0497872530862,-0.06789984470781747,0.12726618739008655,0.764520848910764,False
EVL,RNA,8,8w,"trained, F+M pooled",0.18292891991073482,0.13967928632558732,-0.09084248128741632,0.4567003211088859,0.9019374791801018,False
EXD2,RNA,8,8w,"trained, F+M pooled",-0.07445135667162663,0.06446774342391062,-0.20080813378249146,0.051905420439238195,0.7702167283594543,False
EXOSC3,RNA,8,8w,"trained, F+M pooled",-0.03331342959687996,0.11713476412265805,-0.26289756727728975,0.1962707080835298,0.9910450866303826,False
EXOSC6,RNA,8,8w,"trained, F+M pooled",-0.17556749941040092,0.26310894026206594,-0.6912610223240502,0.3401260235032483,0.667558750392438,False
EYA3,RNA,8,8w,"trained, F+M pooled",-0.0026633936727070203,0.07215574423164635,-0.14408865236673385,0.13876186502131982,0.9040744132989658,False
F2RL1,RNA,8,8w,"trained, F+M pooled",0.11754805627843158,0.24680270820547584,-0.36618525180430106,0.6012813643611642,0.960658125559426,False
FAM133B,RNA,8,8w,"trained, F+M pooled",-0.17654483702014329,0.13314007511818565,-0.43749938425178714,0.08440971021150057,0.8919231939535195,False
FAM43A,RNA,8,8w,"trained, F+M pooled",0.0931689391923371,0.11381893102931713,-0.12991616562512448,0.3162540440097987,0.840104292443194,False
FAXDC2,RNA,8,8w,"trained, F+M pooled",0.1391379420009687,0.12164768175691802,-0.09929151424259061,0.377567398244528,0.6533502760647653,False
FBXO33,RNA,8,8w,"trained, F+M pooled",-0.13834346961252886,0.10816303252839071,-0.35034301336817464,0.07365607414311692,0.8444078317322201,False
FBXO7,RNA,8,8w,"trained, F+M pooled",0.012397936335593853,0.07253603009794453,-0.12977268265637742,0.15456855532756514,0.9989250472725932,False
FEM1B,RNA,8,8w,"trained, F+M pooled",-0.0390492637499073,0.05649900879465419,-0.1497873209874295,0.07168879348761492,0.8517631962282692,False
FHL2,RNA,8,8w,"trained, F+M pooled",-0.5583741806452154,0.25174018575800394,-1.0517849447309031,-0.06496341655952764,0.6355473100204447,False
FOSB,RNA,8,8w,"trained, F+M pooled",-0.2905842883761739,0.41012694465962063,-1.0944330999090304,0.5132645231566825,0.9719752382198634,False
FOSL2,RNA,8,8w,"trained, F+M pooled",-0.12331866130125178,0.23535529798574412,-0.5846150453533102,0.3379777227508067,0.9485968309672568,False
FRAT2,RNA,8,8w,"trained, F+M pooled",0.2739290519466746,0.20320328727026296,-0.12434939110304077,0.67220749499639,0.7918288427558023,False
FXR1,RNA,8,8w,"trained, F+M pooled",-0.08839692503539122,0.04590078126337427,-0.1783624563116048,0.0015686062408223483,0.5123622279331813,False
FZD1,RNA,8,8w,"trained, F+M pooled",-0.042537678799100746,0.09216566845134304,-0.2231823889637331,0.1381070313655316,0.9970097853877188,False
GABARAPL1,RNA,8,8w,"trained, F+M pooled",0.10695606739379127,0.06383163184296528,-0.018153931018420694,0.23206606580600322,0.2299462911251491,False
GADD45B,RNA,8,8w,"trained, F+M pooled",-0.27589784908139997,0.09873015844943124,-0.46940895964228524,-0.08238673852051473,0.0809444913531778,False
GBP1,RNA,8,8w,"trained, F+M pooled",0.27544200636035737,0.1892813447963021,-0.09554942944039474,0.6464334421611095,0.276212765299027,False
GCA,RNA,8,8w,"trained, F+M pooled",-0.12877699400480067,0.09602518003449476,-0.3169863468724104,0.059432358862809065,0.7387562154490457,False
GCNT1,RNA,8,8w,"trained, F+M pooled",-0.04006084194721065,0.19532301523554976,-0.42289395180888817,0.34277226791446685,0.8255898027470036,False
GEMIN6,RNA,8,8w,"trained, F+M pooled",0.021317166632070013,0.23297226823333705,-0.4353084791052706,0.4779428123694106,0.8355801543310467,False
GET4,RNA,8,8w,"trained, F+M pooled",-0.07736931964421595,0.04947726046670316,-0.17434475015895412,0.019606110870522234,0.796339359512042,False
GIMAP4,RNA,8,8w,"trained, F+M pooled",-0.09577632488516179,0.13092096332923076,-0.35238141301045406,0.16082876324013046,0.9517206539269492,False
GIMAP5,RNA,8,8w,"trained, F+M pooled",0.1981860194596589,0.12682258949866201,-0.05038625595771862,0.44675829487703644,0.841284706120708,False
GIMAP7,RNA,8,8w,"trained, F+M pooled",-0.20758700315009296,0.1775604873110122,-0.5556055582796768,0.14043155197949095,0.4657896694031375,False
GIMAP8,RNA,8,8w,"trained, F+M pooled",-0.03239653017189994,0.09588006900414207,-0.2203214654200184,0.1555284050762185,0.8366437586831601,False
GIN1,RNA,8,8w,"trained, F+M pooled",0.04471541789459659,0.11136927595252948,-0.17356836297236117,0.26299919876155436,0.9383010384532792,False
GLS,RNA,8,8w,"trained, F+M pooled",-0.033820495939901704,0.04969221753652598,-0.13121724231149262,0.06357625043168921,0.4724820613001121,False
GMPR,RNA,8,8w,"trained, F+M pooled",0.028612326717072666,0.03161924227467572,-0.03336138814129174,0.09058604157543707,0.7315004739593204,False
GOLPH3L,RNA,8,8w,"trained, F+M pooled",0.0567443705961326,0.10495767139689131,-0.14897266534177436,0.26246140653403954,0.9946045430484812,False
GPM6B,RNA,8,8w,"trained, F+M pooled",-0.23263418824905402,0.10527120625525137,-0.43896575250934666,-0.026302623988761348,0.470852752842627,False
GPN3,RNA,8,8w,"trained, F+M pooled",0.09820339559600143,0.07892092884587827,-0.05648162494191998,0.2528884161339228,0.8163774447935032,False
GPR183,RNA,8,8w,"trained, F+M pooled",-0.03102551154236066,0.283306337650571,-0.5863059333374798,0.5242549102527585,0.9757045389371428,False
GPRIN3,RNA,8,8w,"trained, F+M pooled",0.2750651984640325,0.24997508418540998,-0.2148859665393711,0.7650163634674361,0.8919903589436368,False
GRASP,RNA,8,8w,"trained, F+M pooled",-0.009924613950298953,0.10913530635435441,-0.2238298144048336,0.2039805865042357,0.9597827335242716,False
GRPEL1,RNA,8,8w,"trained, F+M pooled",0.04489306590211479,0.05363682525732804,-0.06023511160224817,0.15002124340647774,0.8447158323625275,False
GZF1,RNA,8,8w,"trained, F+M pooled",0.05079443852733246,0.054680016057458265,-0.056378392945285745,0.15796726999995067,0.9483330829008456,False
H3-3B,RNA,8,8w,"trained, F+M pooled",-0.11044777959515284,0.04649926617323743,-0.2015863412946982,-0.01930921789560748,0.3927344446778956,False
HAS3,RNA,8,8w,"trained, F+M pooled",0.37071307117351193,0.17487374307518763,0.027960534746144183,0.7134656076008796,0.7018037533670132,False
HBD,RNA,8,8w,"trained, F+M pooled",0.681294116013699,0.4468910548863885,-0.19461235156362233,1.5572005835910203,0.4392620188984903,False
HCCS,RNA,8,8w,"trained, F+M pooled",0.04987616064564876,0.0680163552756662,-0.08343589569465698,0.1831882169859545,0.928527173596842,False
HEMGN,RNA,8,8w,"trained, F+M pooled",0.19602909708843,0.5032786891440028,-0.7903971336338154,1.1824553278106753,0.9713620665840452,False
HIPK1,RNA,8,8w,"trained, F+M pooled",0.04299701133978706,0.035200104565995746,-0.025995193609564607,0.11198921628913873,0.6487474941611153,False
HMGCL,RNA,8,8w,"trained, F+M pooled",-0.049197394414888435,0.0714652137397117,-0.18926921334472335,0.09087442451494648,0.8138276048022103,False
HPS5,RNA,8,8w,"trained, F+M pooled",-0.11804214427838072,0.09013299915429755,-0.29470282262080394,0.058618534064042466,0.6579374496057855,False
HSF2,RNA,8,8w,"trained, F+M pooled",-0.2137608433966614,0.08385348064677606,-0.37811366546434244,-0.04940802132898034,0.4488190088281272,False
HSPA1A,RNA,8,8w,"trained, F+M pooled",-0.886653653080213,0.21810595427271037,-1.3141413234547255,-0.45916598270570075,0.047006517275494,True
ID1,RNA,8,8w,"trained, F+M pooled",0.04270802191227475,0.1122805425461625,-0.17736184147820375,0.26277788530275326,0.7669061791675109,False
IER3,RNA,8,8w,"trained, F+M pooled",0.07095450025332384,0.17922458598155988,-0.2803256882705335,0.4222346887771812,0.9808376937016352,False
IFNAR1,RNA,8,8w,"trained, F+M pooled",-0.0075819942788874365,0.05602944570224537,-0.11739970785528836,0.10223571929751349,0.8596294929213298,False
IFRD1,RNA,8,8w,"trained, F+M pooled",-0.30910649421406194,0.07755370229341013,-0.4611117507091458,-0.15710123771897808,0.0175959610923569,True
IKBIP,RNA,8,8w,"trained, F+M pooled",-0.15611748565468817,0.09029904603584302,-0.3331036158849405,0.020868644575564144,0.3545578547964853,False
ING5,RNA,8,8w,"trained, F+M pooled",-0.0068882471381924385,0.07575846901631658,-0.15537484641017293,0.14159835213378805,0.9146560126658824,False
INPP4B,RNA,8,8w,"trained, F+M pooled",-0.2037071877343861,0.10135124277878586,-0.40235562358080634,-0.005058751887965812,0.3008334820898938,False
IRF2BP2,RNA,8,8w,"trained, F+M pooled",-0.004429078938299536,0.08862011965071649,-0.17812451345370384,0.1692663555771048,0.9958430716531372,False
IRS2,RNA,8,8w,"trained, F+M pooled",0.0037228888637331797,0.183192589689635,-0.35533458692795145,0.3627803646554178,0.9329589606151392,False
IRX3,RNA,8,8w,"trained, F+M pooled",-0.3836593810417337,0.1696481068420326,-0.7161696704521177,-0.051149091631349786,0.1066315196053329,False
ISCA2,RNA,8,8w,"trained, F+M pooled",0.18237704164355334,0.06214161700437642,0.060579472314975555,0.3041746109721311,0.3808851409224028,False
JADE1,RNA,8,8w,"trained, F+M pooled",0.018602498275337078,0.06806304908503012,-0.11480107793132197,0.15200607448199613,0.8690921829772945,False
JMY,RNA,8,8w,"trained, F+M pooled",0.04923025965695449,0.0913134591467734,-0.12974412027072138,0.22820463958463036,0.8806484514930575,False
JOSD1,RNA,8,8w,"trained, F+M pooled",-0.024836177112161097,0.07938031345938107,-0.180421591492548,0.1307492372682258,0.9857734128893932,False
JUN,RNA,8,8w,"trained, F+M pooled",-0.17167842378331172,0.058807125927428906,-0.28694039060107235,-0.05641645696555106,0.3976076638736064,False
JUNB,RNA,8,8w,"trained, F+M pooled",-0.30136614359383135,0.09138334562307454,-0.4804775010150575,-0.12225478617260524,0.1391110835435341,False
JUND,RNA,8,8w,"trained, F+M pooled",-0.3718301319947945,0.1137238352415216,-0.5947288490681768,-0.14893141492141213,0.3711762564595323,False
KANSL2,RNA,8,8w,"trained, F+M pooled",0.05621374652691082,0.04913026503883778,-0.040081572949211226,0.15250906600303288,0.8967778987633204,False
KBTBD4,RNA,8,8w,"trained, F+M pooled",-0.017667254405082513,0.07535325816771467,-0.16535964041380327,0.13002513160363824,0.6803915148471252,False
KCNJ2,RNA,8,8w,"trained, F+M pooled",0.04671577325585899,0.09660959549544751,-0.14263903391521812,0.2360705804269361,0.8688609898432051,False
KCNQ1,RNA,8,8w,"trained, F+M pooled",-0.059741630222373415,0.2174948104784884,-0.4860314587602107,0.3665481983154638,0.9868198317390392,False
KLF9,RNA,8,8w,"trained, F+M pooled",-0.059373267193810184,0.04854413832517948,-0.15451977831116198,0.0357732439235416,0.7633948380385966,False
KLHL15,RNA,8,8w,"trained, F+M pooled",0.05349379188843833,0.16555703447559778,-0.2709979956837333,0.37798557946060996,0.8906142782212493,False
KLHL7,RNA,8,8w,"trained, F+M pooled",0.035468834130087404,0.04488501521132423,-0.052505795684108084,0.12344346394428289,0.6232878761682297,False
KMT5B,RNA,8,8w,"trained, F+M pooled",-0.04429077835694079,0.04596132210949769,-0.13437496969155627,0.045793412977674676,0.9185310394457588,False
LATS1,RNA,8,8w,"trained, F+M pooled",0.03883449453545612,0.06285988270518827,-0.0843708755667129,0.16203986463762515,0.9777882716849317,False
LEO1,RNA,8,8w,"trained, F+M pooled",0.031974568212162,0.07267460226078208,-0.1104676522189709,0.17441678864329488,0.8092247753116234,False
LFNG,RNA,8,8w,"trained, F+M pooled",-0.02201669406221157,0.14244949597228862,-0.3012177061678973,0.25718431804347414,0.9857734128893932,False
LYL1,RNA,8,8w,"trained, F+M pooled",0.10479304223697959,0.16608339105938608,-0.2207304042394171,0.4303164887133763,0.5363673256920143,False
MAF,RNA,8,8w,"trained, F+M pooled",-0.09969635015461009,0.06595031624755998,-0.22895896999982765,0.029566269690607466,0.8541172759714749,False
MAFF,RNA,8,8w,"trained, F+M pooled",-0.011463049895032868,0.14575696649956035,-0.29714670423417117,0.2742206044441054,0.8616812239250067,False
MAGOHB,RNA,8,8w,"trained, F+M pooled",0.08643832852875788,0.1894026373902783,-0.28479084075618755,0.4576674978137033,0.9743101316458354,False
MANEA,RNA,8,8w,"trained, F+M pooled",-0.15054190514916882,0.10562746742866339,-0.35757174130934904,0.056487931011011405,0.3008334820898938,False
MATR3,RNA,8,8w,"trained, F+M pooled",-0.02192985907345804,0.054902841538562314,-0.12953942848904015,0.08567971034212409,0.7612885397341947,False
MED10,RNA,8,8w,"trained, F+M pooled",0.0036008615144240835,0.10575443500045033,-0.20367783108645854,0.21087955411530673,0.9891675583751746,False
MED13,RNA,8,8w,"trained, F+M pooled",-0.03970166657341918,0.04282643006101604,-0.12364146949301061,0.04423813634617226,0.902414474199081,False
MED18,RNA,8,8w,"trained, F+M pooled",0.10761045859693105,0.1890671689672031,-0.26296119257878703,0.4781821097726491,0.9469551867295088,False
MED20,RNA,8,8w,"trained, F+M pooled",0.0063659255124299,0.06968311983187753,-0.13021298935805006,0.14294484038290986,0.9462180454683202,False
MFHAS1,RNA,8,8w,"trained, F+M pooled",0.09412817321749645,0.15141239371488127,-0.20264011846367086,0.39089646489866375,0.9600322987710448,False
MGAT2,RNA,8,8w,"trained, F+M pooled",-0.16915012426075815,0.0936386133974146,-0.3526818065196907,0.014381557998174449,0.3612485338868541,False
MGAT4A,RNA,8,8w,"trained, F+M pooled",0.042407758730367104,0.1069741736932317,-0.167261621708367,0.25207713916910124,0.9946045430484812,False
MID2,RNA,8,8w,"trained, F+M pooled",-0.05264539677485747,0.10690077122381818,-0.26217090837354107,0.15688011482382616,0.6832079733961712,False
MINPP1,RNA,8,8w,"trained, F+M pooled",0.001746211377336774,0.0669043993828072,-0.12938641141296536,0.1328788341676389,0.9613365614277658,False
MLLT6,RNA,8,8w,"trained, F+M pooled",0.03606350114048544,0.03751670658710335,-0.03746924377023712,0.109596246051208,0.6293668861178262,False
MLYCD,RNA,8,8w,"trained, F+M pooled",-0.26410420207463403,0.07648344329588773,-0.414011750934574,-0.11419665321469408,0.0306555079305509,True
MMACHC,RNA,8,8w,"trained, F+M pooled",0.0027697981042520063,0.05981597205975301,-0.1144695071328639,0.1200091033413679,0.8130362269912116,False
MMP28,RNA,8,8w,"trained, F+M pooled",0.17685251097601115,0.27906487120328705,-0.3701146365824314,0.7238196585344537,0.9597827335242716,False
MOAP1,RNA,8,8w,"trained, F+M pooled",0.5009478348584667,0.21364794018216113,0.08219787210143092,0.9196977976155025,0.1358554873418455,False
MOB3C,RNA,8,8w,"trained, F+M pooled",-0.14441836279116166,0.20419920608208902,-0.5446488067120561,0.2558120811297328,0.9580245783823476,False
MORF4L1,RNA,8,8w,"trained, F+M pooled",-0.07405033054156183,0.030705012051454362,-0.13423215416241238,-0.013868506920711288,0.3006468863551238,False
MOSPD2,RNA,8,8w,"trained, F+M pooled",-0.0007786786566434755,0.1313796951122639,-0.25828288107668074,0.25672552376339375,0.5628454833598432,False
MRM1,RNA,8,8w,"trained, F+M pooled",0.07280837704720393,0.09888130379488697,-0.12099897839077452,0.2666157324851824,0.9518656973259048,False
MRPL35,RNA,8,8w,"trained, F+M pooled",0.07338517475475562,0.05058339587221746,-0.025758281154790605,0.17252863066430185,0.8765355412005507,False
MRPL54,RNA,8,8w,"trained, F+M pooled",-0.014939862499529296,0.050185992662744046,-0.11330440811850762,0.08342468311944903,0.9857734128893932,False
MTFP1,RNA,8,8w,"trained, F+M pooled",0.04627586442033766,0.0798576715921447,-0.11024517190026595,0.20279690074094125,0.9415424169145328,False
MUC6,RNA,8,8w,"trained, F+M pooled",-0.014666574696579506,0.09107999954764968,-0.19318337380997289,0.16385022441681388,0.982946644966156,False
MYL4,RNA,8,8w,"trained, F+M pooled",0.016064660132987275,0.09167881044128741,-0.16362580833193605,0.19575512859791058,0.8123452142696125,False
MYLIP,RNA,8,8w,"trained, F+M pooled",-0.09093546078532613,0.07625510812803658,-0.24039547271627784,0.058524551145625575,0.9140352459034398,False
NAA16,RNA,8,8w,"trained, F+M pooled",-0.2077197303468846,0.10741804722433759,-0.4182591029065863,0.0028196422128170806,0.3798848320337477,False
NAA20,RNA,8,8w,"trained, F+M pooled",-0.008135759435233578,0.07229591771506605,-0.14983575815676303,0.13356423928629585,0.9179066059156424,False
NABP1,RNA,8,8w,"trained, F+M pooled",0.053083073388504584,0.12961846972041705,-0.2009691272635128,0.307135274040522,0.9840494907763486,False
NAPEPLD,RNA,8,8w,"trained, F+M pooled",0.04760166402404773,0.16293605503860623,-0.27175300385162043,0.36695633189971594,0.8409946140671561,False
NCBP1,RNA,8,8w,"trained, F+M pooled",-0.029082804994351747,0.06462701486916991,-0.15575175413792477,0.09758614414922127,0.9899657191606204,False
NDUFV3,RNA,8,8w,"trained, F+M pooled",0.17168926053306002,0.06789845927202832,0.038608280359884506,0.30477024070623554,0.0654626707603243,False
NFE2,RNA,8,8w,"trained, F+M pooled",0.3789811501256918,0.4653287256479592,-0.5330631521443082,1.2910254523956919,0.89971852567534,False
NFKBIA,RNA,8,8w,"trained, F+M pooled",-0.03027104015013666,0.16470376651889176,-0.3530904225271645,0.2925483422268912,0.8805207419004984,False
NGDN,RNA,8,8w,"trained, F+M pooled",0.007869157293929232,0.10684721694429017,-0.2015513879168795,0.21728970250473795,0.919389360302794,False
NLRC4,RNA,8,8w,"trained, F+M pooled",-0.3635911858085955,0.35424904041623106,-1.0579193050244085,0.3307369334072173,0.9346318148574064,False
NOCT,RNA,8,8w,"trained, F+M pooled",-0.28595985312687405,0.07905089389517192,-0.440899605161411,-0.13102010109233708,0.2393909332924983,False
NR1D2,RNA,8,8w,"trained, F+M pooled",-0.04196227062193695,0.051146760370302094,-0.14220992094772905,0.05828537970385516,0.839574875763643,False
NR3C2,RNA,8,8w,"trained, F+M pooled",0.06249567939779605,0.07574367591820302,-0.08596192540188188,0.21095328419747397,0.8543511179422212,False
NR4A2,RNA,8,8w,"trained, F+M pooled",-0.09900801857285291,0.21240230271799115,-0.5153165319001156,0.31730049475440975,0.9221013115964404,False
NUDCD1,RNA,8,8w,"trained, F+M pooled",0.028543014188515244,0.09241528667191566,-0.15259094768843945,0.20967697606546992,0.8256042465334342,False
NXT1,RNA,8,8w,"trained, F+M pooled",-0.08258398926070805,0.16042766839033137,-0.39702221930575754,0.23185424078434147,0.9808165081262544,False
OBSCN,RNA,8,8w,"trained, F+M pooled",-0.0015595399066028791,0.029606883988408265,-0.05958903252388308,0.05646995271067732,0.9719752382198634,False
OSBP2,RNA,8,8w,"trained, F+M pooled",0.1170305682184371,0.10686984085324024,-0.09243431985391376,0.32649545629078797,0.870409058856157,False
OSBPL11,RNA,8,8w,"trained, F+M pooled",0.08350520277508164,0.05977257582428304,-0.03364904584051312,0.2006594513906764,0.6803798961565649,False
OSER1,RNA,8,8w,"trained, F+M pooled",-0.042039415382372054,0.05785199692907099,-0.1554293293633512,0.07135049859860709,0.4679242498724388,False
OXNAD1,RNA,8,8w,"trained, F+M pooled",0.0379442982745396,0.07652578961653912,-0.11204624937387708,0.18793484592295628,0.8997364007228682,False
P2RY1,RNA,8,8w,"trained, F+M pooled",0.1332102120660581,0.07787740941521279,-0.019429510387758975,0.28584993451987517,0.6233629442363912,False
P2RY12,RNA,8,8w,"trained, F+M pooled",0.15984943419046105,0.3216967923500002,-0.4706762788155393,0.7903751471964614,0.9346318148574064,False
P2RY13,RNA,8,8w,"trained, F+M pooled",0.23137863274672074,0.2917241728276293,-0.3404007459954327,0.8031580114888742,0.9444438414958296,False
P2RY14,RNA,8,8w,"trained, F+M pooled",-0.11254354806453966,0.15564751251253683,-0.41761267258911183,0.19252557646003254,0.8242478284780238,False
PAG1,RNA,8,8w,"trained, F+M pooled",-0.0061856080294935825,0.3144969679134982,-0.6225996651399499,0.6102284490809629,0.8647316638408747,False
PCSK6,RNA,8,8w,"trained, F+M pooled",-0.1991708041260227,0.055340342092846016,-0.3076378746280009,-0.0907037336240445,0.0410057683656858,True
PDE4D,RNA,8,8w,"trained, F+M pooled",-0.2248427858392573,0.06380155176939566,-0.3498938273072728,-0.0997917443712418,0.1579882005447853,False
PDK4,RNA,8,8w,"trained, F+M pooled",-0.07442761441620513,0.17525884347566778,-0.417934947628514,0.2690797187961037,0.9825622642178292,False
PDZD8,RNA,8,8w,"trained, F+M pooled",0.01899541710361846,0.04868698703514716,-0.07643107748526996,0.11442191169250689,0.953623095250826,False
PEAK1,RNA,8,8w,"trained, F+M pooled",0.06881096400137589,0.05871320999538077,-0.04626692758957042,0.1838888555923222,0.8616812239250067,False
PER1,RNA,8,8w,"trained, F+M pooled",-0.15430217166021296,0.14992311054658886,-0.4481514683315271,0.1395471250111012,0.6995924459445283,False
PEX3,RNA,8,8w,"trained, F+M pooled",0.028769734832618753,0.07975527979218311,-0.12755061356006014,0.18509008322529763,0.9746484077740892,False
PHC3,RNA,8,8w,"trained, F+M pooled",0.06606683775733019,0.056945807345414386,-0.04554694463968201,0.17768062015434238,0.764520848910764,False
PHF1,RNA,8,8w,"trained, F+M pooled",0.03557258975740141,0.055935943034117655,-0.07406185858946919,0.145207038104272,0.6145806983546405,False
PHF14,RNA,8,8w,"trained, F+M pooled",-0.05040575792640992,0.05768768787831431,-0.16347362616790598,0.06266211031508612,0.9490656949616308,False
PHF23,RNA,8,8w,"trained, F+M pooled",-0.0554936974447779,0.07775845184341382,-0.20790026305786896,0.09691286816831318,0.9774745932353937,False
PHLDA1,RNA,8,8w,"trained, F+M pooled",-0.5076643740839198,0.17677627655446082,-0.8541458761306631,-0.16118287203717663,0.3610059039280138,False
PHOSPHO1,RNA,8,8w,"trained, F+M pooled",-0.027853546753273385,0.050505287322770986,-0.12684390990590452,0.07113681639935775,0.941128380997608,False
PIAS2,RNA,8,8w,"trained, F+M pooled",0.02940438335681678,0.048069047405862105,-0.06481094955867295,0.1236197162723065,0.9714521392192164,False
PIK3IP1,RNA,8,8w,"trained, F+M pooled",0.14390109966736148,0.07092120881120308,0.0048955303974034525,0.2829066689373195,0.2394036866550031,False
PIM3,RNA,8,8w,"trained, F+M pooled",0.2504156752641531,0.08239757330444125,0.08891643158744825,0.41191491894085797,0.2316688940413748,False
PLA2G4A,RNA,8,8w,"trained, F+M pooled",-0.10240071968887819,0.1480201121756512,-0.39252013955315457,0.18771870017539816,0.5353320559082464,False
PMAIP1,RNA,8,8w,"trained, F+M pooled",-0.2622118510936815,0.2335344685776745,-0.7199394095059235,0.1955157073185605,0.8286096097188651,False
PNO1,RNA,8,8w,"trained, F+M pooled",-0.08849412130523228,0.05730171880084827,-0.2008054901548949,0.023817247544430334,0.3587238527582606,False
POLR2M,RNA,8,8w,"trained, F+M pooled",-0.11568412738415942,0.03479387128194327,-0.18388011509676822,-0.04748813967155062,0.0156187041404041,True
PPIL1,RNA,8,8w,"trained, F+M pooled",-0.09613303078842667,0.11037127237742939,-0.31246072464818825,0.12019466307133492,0.8616812239250067,False
PPP1R15A,RNA,8,8w,"trained, F+M pooled",-0.13864442330884733,0.09897062514811727,-0.33262684859915714,0.05533800198146252,0.5798456649424301,False
PPP1R2,RNA,8,8w,"trained, F+M pooled",-0.13360352599198558,0.055957251111570405,-0.24327973817066356,-0.02392731381330758,0.1645539980927925,False
PPP1R8,RNA,8,8w,"trained, F+M pooled",-0.014303852494125642,0.0660391426197985,-0.1437405720289307,0.11513286704067943,0.935530889319583,False
PREPL,RNA,8,8w,"trained, F+M pooled",-0.013376463964003372,0.05834558328235195,-0.1277338071974132,0.10098087926940645,0.8616812239250067,False
PSMA1,RNA,8,8w,"trained, F+M pooled",0.01506416365033455,0.03950642940286056,-0.06236843797927214,0.09249676527994125,0.9970907969064624,False
PTPN6,RNA,8,8w,"trained, F+M pooled",-0.1574349042586705,0.13262664591672738,-0.41738313025545615,0.10251332173811514,0.870409058856157,False
PTPRO,RNA,8,8w,"trained, F+M pooled",-0.02508169392423635,0.1719213310239051,-0.3620475027310904,0.31188411488261764,0.9467824749457904,False
RAB27B,RNA,8,8w,"trained, F+M pooled",-0.24300550942169927,0.3393788159947946,-0.9081879887714966,0.42217696992809806,0.9180427343680844,False
RAB3IL1,RNA,8,8w,"trained, F+M pooled",-0.06802930665500842,0.13856257145878065,-0.33961194671421846,0.20355333340420165,0.9946045430484812,False
RABIF,RNA,8,8w,"trained, F+M pooled",-0.09476105219768273,0.17007441197406864,-0.4281068996668572,0.2385847952714918,0.4574082096472667,False
RAD23B,RNA,8,8w,"trained, F+M pooled",-0.07097539812912888,0.03863034216800328,-0.1466908687784153,0.004740072520157554,0.5454762539671222,False
RBBP6,RNA,8,8w,"trained, F+M pooled",-0.07804415227319675,0.045553072397702545,-0.16732817417269374,0.011239869626300233,0.8130676253931581,False
RBM3,RNA,8,8w,"trained, F+M pooled",-0.032623351864995195,0.08178784227715666,-0.19292752272822222,0.12768081899823186,0.9400386696990972,False
RBM33,RNA,8,8w,"trained, F+M pooled",0.12977359943231542,0.059902091229923446,0.01236550062166547,0.24718169824296538,0.2336311666003505,False
RBM4B,RNA,8,8w,"trained, F+M pooled",0.03122141450976139,0.11303660208898035,-0.19033032558464008,0.2527731546041629,0.951716474722059,False
RCAN3,RNA,8,8w,"trained, F+M pooled",0.022825690143466047,0.21545423375622438,-0.39946460801873374,0.4451159883056658,0.8732669863269971,False
RCC1L,RNA,8,8w,"trained, F+M pooled",-0.049954487876098734,0.05492189926409249,-0.15760141043372,0.05769243468152254,0.8447158323625275,False
RFX3,RNA,8,8w,"trained, F+M pooled",-0.012643740035079318,0.16357691107931022,-0.33325448575052735,0.30796700568036867,0.8037829427590116,False
RGCC,RNA,8,8w,"trained, F+M pooled",0.20318212707245656,0.11433161189106772,-0.020907832234036167,0.4272720863789493,0.3133941616942615,False
RGS18,RNA,8,8w,"trained, F+M pooled",-0.5569323072363929,0.37912355233087985,-1.3000144698049174,0.1861498553321317,0.704109039101274,False
RHBDD2,RNA,8,8w,"trained, F+M pooled",0.12678005107368043,0.09444148592457069,-0.058325261338478124,0.31188536348583895,0.6117476390193286,False
RMI1,RNA,8,8w,"trained, F+M pooled",-0.0740794737553154,0.08177062412993719,-0.2343498970499923,0.08619094953936149,0.694000460752749,False
RMND5A,RNA,8,8w,"trained, F+M pooled",-0.06133815606214259,0.045468611830340754,-0.15045663524961045,0.027780323125325287,0.8751152630777508,False
RNASEL,RNA,8,8w,"trained, F+M pooled",-0.04163192931736874,0.12928021090777875,-0.2950211426966151,0.2117572840618776,0.9649859439267378,False
RNF14,RNA,8,8w,"trained, F+M pooled",0.057015519579408445,0.0397839333958738,-0.020960989876504195,0.1349920290353211,0.4133092454860003,False
RNF149,RNA,8,8w,"trained, F+M pooled",-0.0378214697537291,0.08740729763591866,-0.20913977312012969,0.13349683361267148,0.9970907969064624,False
RORA,RNA,8,8w,"trained, F+M pooled",0.2442034706574566,0.06680309349129031,0.1132694074145276,0.3751375339003856,0.0001357653993517,True
RPL32,RNA,8,8w,"trained, F+M pooled",0.03999927249809883,0.03355820650772669,-0.025774812257045476,0.10577335725324313,0.4706749352599461,False
RPP25L,RNA,8,8w,"trained, F+M pooled",-0.0543792104881492,0.11433059756113344,-0.27846718170797075,0.16970876073167235,0.935530889319583,False
RPS7,RNA,8,8w,"trained, F+M pooled",-0.005565860145622068,0.03540593382721603,-0.07496149044696548,0.06382977015572136,0.9368228200300774,False
RRAD,RNA,8,8w,"trained, F+M pooled",-1.117179068732856,0.2919465980924278,-1.6893944009940145,-0.5449637364716975,0.1927867028580654,False
RTN2,RNA,8,8w,"trained, F+M pooled",0.012120935832376013,0.03892826533723966,-0.06417846422861373,0.08842033589336576,0.9671792081153324,False
RTP4,RNA,8,8w,"trained, F+M pooled",0.09207104184934345,0.1473694018019594,-0.19677298568249696,0.38091506938118386,0.9835158026730924,False
RWDD1,RNA,8,8w,"trained, F+M pooled",0.061277304243732636,0.05119704103641952,-0.039068896187649624,0.16162350467511488,0.6998723407986247,False
SAMD8,RNA,8,8w,"trained, F+M pooled",-0.06827865376454006,0.05010407257462005,-0.16648263601079538,0.029925328481715238,0.7669555048438087,False
SAMD9,RNA,8,8w,"trained, F+M pooled",-0.24085677803350006,0.14385752186128212,-0.522817520881613,0.0411039648146129,0.5039402079178106,False
SBDS,RNA,8,8w,"trained, F+M pooled",0.09353768500041704,0.04933135940010113,-0.003151779423781184,0.19022714942461527,0.2553039321914158,False
SEC14L5,RNA,8,8w,"trained, F+M pooled",-0.3369853952767461,0.1288903702041874,-0.5896105208769533,-0.08436026967653881,0.1017623457695048,False
SEC62,RNA,8,8w,"trained, F+M pooled",-0.06639616613444459,0.04919963621169018,-0.1628274531093573,0.030035120840468152,0.7502900095381838,False
SELENBP1,RNA,8,8w,"trained, F+M pooled",-0.5202627418114527,0.12471653940342756,-0.7647071590421707,-0.27581832458073474,0.045166747135886,True
SERAC1,RNA,8,8w,"trained, F+M pooled",0.0945129451385468,0.13647164313476443,-0.1729714754055915,0.3619973656826851,0.9755589231996936,False
SERPINB9,RNA,8,8w,"trained, F+M pooled",0.12134420379172878,0.15860468381349696,-0.18952097648272526,0.4322093840661828,0.9449869020917308,False
SH2D3C,RNA,8,8w,"trained, F+M pooled",0.015777712412424042,0.0971130035406796,-0.17456377452730798,0.20611919935215606,0.9706814747798398,False
SH3BP5L,RNA,8,8w,"trained, F+M pooled",-0.03696688191771865,0.06334601629404393,-0.16112507385404476,0.08719131001860744,0.91096426484659,False
SIK1,RNA,8,8w,"trained, F+M pooled",-0.412182466131874,0.10943299465254894,-0.6266711356508698,-0.19769379661287806,0.1559448654372989,False
SLC16A3,RNA,8,8w,"trained, F+M pooled",0.032587928197580246,0.055155140289760166,-0.07551614677034968,0.14069200316551017,0.6436481310357162,False
SLC25A26,RNA,8,8w,"trained, F+M pooled",0.16411061246580752,0.08586430065813822,-0.004183416824143388,0.33240464175575846,0.7060144725770936,False
SLC25A37,RNA,8,8w,"trained, F+M pooled",0.5225040098872891,0.1309948865605148,0.26575403222868005,0.7792539875458981,0.0100788976175734,True
SLC39A9,RNA,8,8w,"trained, F+M pooled",-0.0651694156386594,0.06392501186825782,-0.19046243890044473,0.06012360762312592,0.7496161087980381,False
SLC4A1,RNA,8,8w,"trained, F+M pooled",0.7815968993717742,0.28811796296160846,0.21688569196702168,1.3463081067765268,0.4697978559377727,False
SMAD7,RNA,8,8w,"trained, F+M pooled",0.12375909215352153,0.10135860731844802,-0.07490377819063658,0.3224219624976796,0.7060144725770936,False
SMDT1,RNA,8,8w,"trained, F+M pooled",0.1434841232084923,0.08185339549943509,-0.01694853197040047,0.30391677838738507,0.6517896672421559,False
SNCA,RNA,8,8w,"trained, F+M pooled",-0.12148497854749775,0.360183743047429,-0.8274451149204586,0.5844751578254631,0.9808376937016352,False
SNX8,RNA,8,8w,"trained, F+M pooled",-0.16814805067043367,0.1027969431680191,-0.3696300592797511,0.033333957938883746,0.6168658023284603,False
SON,RNA,8,8w,"trained, F+M pooled",-0.04282461911476482,0.026101981567956276,-0.09398450298795911,0.008335264758429481,0.6479590505267057,False
SORBS3,RNA,8,8w,"trained, F+M pooled",0.25979484543702513,0.07839069978255736,0.1061490738632127,0.41344061701083756,0.0671626022796988,False
SPAG1,RNA,8,8w,"trained, F+M pooled",0.4137760985082752,0.14715732073938323,0.12534774985908403,0.7022044471574663,0.1749391350827422,False
SPRY1,RNA,8,8w,"trained, F+M pooled",0.008887202253308786,0.06692769131913147,-0.12229107273218888,0.14006547723880644,0.9316459377873044,False
SPRYD3,RNA,8,8w,"trained, F+M pooled",0.013682765741693255,0.11691447507577811,-0.21546960540683185,0.24283513689021835,0.9490803569550736,False
SPTBN1,RNA,8,8w,"trained, F+M pooled",0.05873436152071822,0.0388120553866906,-0.01733726703719536,0.1348059900786318,0.3133941616942615,False
ST8SIA4,RNA,8,8w,"trained, F+M pooled",0.2657606191458682,0.206520574882405,-0.13901970762364563,0.6705409459153819,0.6746407333224186,False
STARD7,RNA,8,8w,"trained, F+M pooled",0.08137823965663235,0.0568073830677192,-0.029964231156097282,0.19272071046936198,0.8670753088021245,False
STK17B,RNA,8,8w,"trained, F+M pooled",-0.01903562561897475,0.09742934002351832,-0.20999713206507065,0.17192588082712112,0.8842592992354317,False
STK38L,RNA,8,8w,"trained, F+M pooled",0.07321928749321044,0.05431905389505342,-0.033246058141094256,0.17968463312751515,0.9140352459034398,False
STX11,RNA,8,8w,"trained, F+M pooled",-0.17829024681726477,0.3903135913612341,-0.9433048858852836,0.586724392250754,0.986904726115882,False
STX7,RNA,8,8w,"trained, F+M pooled",0.28815775620497913,0.1565636956073841,-0.018707087185493687,0.5950225995954519,0.7973837020743363,False
SUGT1,RNA,8,8w,"trained, F+M pooled",-0.05844393909837355,0.047972797900118345,-0.1524706229826055,0.0355827447858584,0.8591564566497585,False
TAOK2,RNA,8,8w,"trained, F+M pooled",-0.006844794964714642,0.041590374197982206,-0.08836192839275976,0.07467233846333048,0.9108543920847058,False
TCAF2,RNA,8,8w,"trained, F+M pooled",1.2237162676363122,0.6039483157262329,0.039977568812895825,2.4074549664597287,0.2978518222186608,False
TCEA3,RNA,8,8w,"trained, F+M pooled",0.0773460079634012,0.0425078948358462,-0.00596946591485735,0.16066148184165974,0.0809444913531778,False
TCF7,RNA,8,8w,"trained, F+M pooled",-0.04011185373064878,0.2154190728829352,-0.46233323658120173,0.38210952911990415,0.981967367533368,False
TCP11L2,RNA,8,8w,"trained, F+M pooled",0.027881190081978518,0.0739744715603859,-0.11710877417637784,0.17287115434033487,0.6911869460190235,False
TFEC,RNA,8,8w,"trained, F+M pooled",0.10793961147148287,0.34743923811570504,-0.573041295235299,0.7889205181782648,0.919389360302794,False
THAP2,RNA,8,8w,"trained, F+M pooled",-0.1498520666337892,0.18474481375920856,-0.5119519016018379,0.21224776833425957,0.7032811738626075,False
THAP6,RNA,8,8w,"trained, F+M pooled",-0.03294767521222518,0.1424371160605032,-0.3121244226908114,0.24622907226636104,0.9764622555908208,False
TIMMDC1,RNA,8,8w,"trained, F+M pooled",0.05599617727712675,0.05919509899003926,-0.0600262167433502,0.1720185712976037,0.8556257134675296,False
TIPARP,RNA,8,8w,"trained, F+M pooled",0.22616375322292548,0.14299096058872646,-0.05409852953097838,0.5064260359768293,0.7628017848444422,False
TLR7,RNA,8,8w,"trained, F+M pooled",-0.14918236559583617,0.18093427765293196,-0.5038135497955828,0.20544881860391048,0.9660220629198796,False
TLR8,RNA,8,8w,"trained, F+M pooled",0.20395628759604859,0.18334757688035144,-0.1554049630894402,0.5633175382815374,0.8614655816968271,False
TM2D2,RNA,8,8w,"trained, F+M pooled",0.05067558953582044,0.05344401474820165,-0.0540746793706548,0.15542585844229567,0.8895712504799766,False
TMA16,RNA,8,8w,"trained, F+M pooled",-0.14280301085816968,0.1186639692563517,-0.375384390600619,0.08977836888427965,0.8470421414302124,False
TMCC2,RNA,8,8w,"trained, F+M pooled",0.0511176365749856,0.052851785306157716,-0.052471862625083514,0.1547071357750547,0.4656181064953234,False
TMEM119,RNA,8,8w,"trained, F+M pooled",-0.037135611654009366,0.28352028972800364,-0.5928353795208965,0.5185641562128778,0.6796984525608991,False
TMEM140,RNA,8,8w,"trained, F+M pooled",0.3973022328489406,0.14593551583377426,0.11126862181474306,0.6833358438831382,0.0923335919953072,False
TMEM158,RNA,8,8w,"trained, F+M pooled",-0.19753395162022,0.23203425636772873,-0.6523210941009683,0.25725319086052834,0.5500528084019154,False
TMEM33,RNA,8,8w,"trained, F+M pooled",-0.08401168967196541,0.0760372375913633,-0.23304467535103746,0.06502129600710664,0.496558661283258,False
TMEM39A,RNA,8,8w,"trained, F+M pooled",-0.08393525059802015,0.12039408084074797,-0.3199076490458862,0.15203714784984587,0.8688092697947931,False
TMEM60,RNA,8,8w,"trained, F+M pooled",0.014594522601513364,0.074730998037679,-0.1318782335523375,0.16106727875536422,0.9989250472725932,False
TMOD1,RNA,8,8w,"trained, F+M pooled",-0.1609124932113111,0.05011519257931715,-0.2591382706667727,-0.06268671575584948,0.1260993542157391,False
TNFAIP3,RNA,8,8w,"trained, F+M pooled",0.013143603361536867,0.13064585468996412,-0.2429222718307928,0.2692094785538665,0.9798419518198452,False
TNFAIP6,RNA,8,8w,"trained, F+M pooled",-0.19651837358109706,0.2775500967597937,-0.7405165632302927,0.34747981606809863,0.8055718445940966,False
TNFAIP8L2,RNA,8,8w,"trained, F+M pooled",-0.21753295878904466,0.16543234942854873,-0.5417803636690002,0.10671444609091085,0.5285842165649258,False
TNFRSF1A,RNA,8,8w,"trained, F+M pooled",0.03821216791060633,0.054425550922395365,-0.06846191189728858,0.14488624771850123,0.9553807246618728,False
TNFSF10,RNA,8,8w,"trained, F+M pooled",0.10481125653448839,0.08689852033619343,-0.06550984332445073,0.2751323563934275,0.9024297771362848,False
TNS1,RNA,8,8w,"trained, F+M pooled",0.013512818417430253,0.05566665747803444,-0.09559383023951724,0.12261946707437775,0.9126855034757656,False
TOB1,RNA,8,8w,"trained, F+M pooled",-0.24146853445103797,0.05799254062028754,-0.35513391406680156,-0.12780315483527438,0.0947440384745743,False
TOE1,RNA,8,8w,"trained, F+M pooled",-0.1131926471524823,0.10728842545268095,-0.32347796103973697,0.09709266673477236,0.6598149918085102,False
TOP1MT,RNA,8,8w,"trained, F+M pooled",0.03934562952111132,0.10600904543725875,-0.16843209953591584,0.24712335857813847,0.877012407957275,False
TPM1,RNA,8,8w,"trained, F+M pooled",-0.21682968294423677,0.059038695302021785,-0.33254552573619944,-0.10111384015227408,0.2093020376295315,False
TRAF6,RNA,8,8w,"trained, F+M pooled",0.08645963376444593,0.09259105064600366,-0.09501882550172125,0.2679380930306131,0.953623095250826,False
TRAPPC9,RNA,8,8w,"trained, F+M pooled",0.011897470762864636,0.0444088652948389,-0.07514390521501961,0.09893884674074889,0.7740470257849594,False
TRERF1,RNA,8,8w,"trained, F+M pooled",-0.3154999744300077,0.13843238704713764,-0.5868274530423975,-0.04417249581761795,0.5051989066841753,False
TRIM13,RNA,8,8w,"trained, F+M pooled",-0.07834227081458207,0.1907347297900115,-0.4521823412030046,0.2954977995738405,0.9078035556890544,False
TRMT1L,RNA,8,8w,"trained, F+M pooled",-0.010104694301493456,0.057657580285115424,-0.12311355166031968,0.10290416305733277,0.989123534822312,False
TRNT1,RNA,8,8w,"trained, F+M pooled",0.0225980475057157,0.07378795281124105,-0.12202634000431675,0.16722243501574816,0.9946045430484812,False
TSC22D3,RNA,8,8w,"trained, F+M pooled",-0.1015312523320313,0.0714907918888708,-0.24165320443421806,0.03859069977015546,0.5939966636072403,False
TSHZ2,RNA,8,8w,"trained, F+M pooled",0.11626286150725545,0.08297713949664483,-0.04637233190616841,0.2788980549206793,0.8124668897020869,False
TSPYL2,RNA,8,8w,"trained, F+M pooled",0.06718499558960048,0.07686066683209991,-0.08346191140131534,0.2178319025805163,0.8934379377195322,False
TTC12,RNA,8,8w,"trained, F+M pooled",-0.4291739739521134,0.4057955912862782,-1.2245333328732186,0.36618538496899183,0.7864431142035163,False
TTC33,RNA,8,8w,"trained, F+M pooled",0.10734286523060409,0.054147581457459126,0.0012136055739842,0.21347212488722397,0.4926536537358305,False
TTC9C,RNA,8,8w,"trained, F+M pooled",-0.1555434721353028,0.07348954473217348,-0.29958297981036286,-0.011503964460242794,0.0624347869620963,False
UBALD2,RNA,8,8w,"trained, F+M pooled",-0.09668677856649249,0.05726258248953974,-0.20892144024599038,0.015547883113005395,0.2926196488167872,False
UBE2D2,RNA,8,8w,"trained, F+M pooled",-0.23596752963162976,0.08217621181445206,-0.39703290478795583,-0.07490215447530371,0.0320181056308521,True
UHRF1BP1L,RNA,8,8w,"trained, F+M pooled",0.03856344370977549,0.061706836055796396,-0.08238195495958545,0.15950884237913643,0.9761533695200292,False
USP30,RNA,8,8w,"trained, F+M pooled",0.11850534001228741,0.07329630728828966,-0.025155422272760325,0.26216610229733517,0.3229744895009748,False
UTP3,RNA,8,8w,"trained, F+M pooled",-0.06659023713580435,0.05536855077078414,-0.17511259664654127,0.04193212237493256,0.8808314846154051,False
VAMP2,RNA,8,8w,"trained, F+M pooled",0.1045027719385985,0.046609095184185864,0.013148945377594201,0.1958565984996028,0.3083920246255669,False
VAPA,RNA,8,8w,"trained, F+M pooled",-0.060550574151455525,0.03923744929878888,-0.13745597477708174,0.01635482647417069,0.4316314167136917,False
VPS35,RNA,8,8w,"trained, F+M pooled",-0.05840801328193085,0.052955687809993685,-0.16220116138951846,0.04538513482565677,0.6821744426252642,False
VPS37A,RNA,8,8w,"trained, F+M pooled",0.05540313726629535,0.06962813186335366,-0.08106800118587783,0.19187427571846855,0.6873416850288744,False
VWA8,RNA,8,8w,"trained, F+M pooled",-0.00017472329330022523,0.07534918276417032,-0.14785912151107405,0.1475096749244736,0.943553243446693,False
WHAMM,RNA,8,8w,"trained, F+M pooled",-0.13638165211125888,0.07224975798835997,-0.2779911777684444,0.005227873545926659,0.5723162037896307,False
WWP2,RNA,8,8w,"trained, F+M pooled",0.1619425297319575,0.09303420534028665,-0.02040451273500435,0.3442895721989193,0.3927344446778956,False
XK,RNA,8,8w,"trained, F+M pooled",-0.07519494138963455,0.09148750538061463,-0.2545104519356392,0.10412056915637012,0.7812507036344085,False
YIPF4,RNA,8,8w,"trained, F+M pooled",-0.07705754821699386,0.08160144853050069,-0.2369963873367752,0.0828812909027875,0.9351976451230056,False
YIPF5,RNA,8,8w,"trained, F+M pooled",-0.05386466543829278,0.08243660190035466,-0.2154404051629879,0.10771107428640235,0.8176450936342198,False
ZBTB10,RNA,8,8w,"trained, F+M pooled",-0.11538597390730974,0.10313603149173196,-0.31753259563110436,0.08676064781648489,0.8922929354091013,False
ZBTB25,RNA,8,8w,"trained, F+M pooled",0.27566263680371933,0.1493112262411771,-0.016987366628987755,0.5683126402364265,0.607966141725444,False
ZBTB43,RNA,8,8w,"trained, F+M pooled",0.0705933625378759,0.09538923084833628,-0.11636952992486321,0.257556255000615,0.7744151828905538,False
ZC3H10,RNA,8,8w,"trained, F+M pooled",-0.08962874644748506,0.0838960960325431,-0.25406509467126953,0.07480760177629941,0.9467824749457904,False
ZC3H12A,RNA,8,8w,"trained, F+M pooled",-0.27223539680612924,0.11049915632802731,-0.4888137432090628,-0.05565705040319571,0.2161609465000125,False
ZC3H14,RNA,8,8w,"trained, F+M pooled",0.059080006068677055,0.04724750080665857,-0.033525095512373745,0.15168510764972787,0.8990874846994847,False
ZEB2,RNA,8,8w,"trained, F+M pooled",-0.04505111455355886,0.06574049000001601,-0.17390247495359026,0.08380024584647253,0.7008882658396174,False
ZFYVE21,RNA,8,8w,"trained, F+M pooled",-0.08940339676516765,0.1252805525358255,-0.33495327973538563,0.15614648620505034,0.8431103151281409,False
ZKSCAN3,RNA,8,8w,"trained, F+M pooled",-0.03611249344681769,0.05981341706611538,-0.15334679089640382,0.08112180400276844,0.919389360302794,False
ZKSCAN7,RNA,8,8w,"trained, F+M pooled",0.08259310214938219,0.12165587363204049,-0.15585241016941714,0.32103861446818155,0.5429136352789142,False
ZNF175,RNA,8,8w,"trained, F+M pooled",0.004078672928704602,0.17601948117646998,-0.34091951017717653,0.34907685603458577,0.9455147309962042,False
ZNF189,RNA,8,8w,"trained, F+M pooled",0.2520007288463692,0.10933015673141716,0.037713621652791574,0.46628783603994683,0.43227834203436,False
ZNF260,RNA,8,8w,"trained, F+M pooled",-0.09098487557210018,0.07775059325229408,-0.2433760383465966,0.06140628720239623,0.7740470257849594,False
ZNF330,RNA,8,8w,"trained, F+M pooled",-0.07100738682534391,0.05401973812741973,-0.17688607355508656,0.03487129990439876,0.8851364473515224,False
ZNF394,RNA,8,8w,"trained, F+M pooled",0.05607494256743312,0.09015195217088415,-0.12062288368749982,0.23277276882236606,0.8246429909293624,False
ZNF395,RNA,8,8w,"trained, F+M pooled",0.12476257039898704,0.08582811102385864,-0.04346052720777589,0.29298566800575,0.7161156054620087,False
ZNF594,RNA,8,8w,"trained, F+M pooled",-0.0817196871042261,0.20267781096199436,-0.47896819658973505,0.3155288223812828,0.9503904209248903,False
ABHD14B,PROT,1,1w,"trained, F+M pooled",-0.03970238332715025,0.03723508093694123,-0.11268314196355506,0.03327837530925456,0.3986827534903303,False
ABLIM1,PROT,1,1w,"trained, F+M pooled",0.08944314465417569,0.06874778096731202,-0.04530250604175587,0.22418879535010725,0.3278030647924695,False
ACSL3,PROT,1,1w,"trained, F+M pooled",0.025969271206040197,0.07315969977745339,-0.11742374035776842,0.16936228276984883,0.7799803502047103,False
AHSP,PROT,1,1w,"trained, F+M pooled",0.6994471433938048,0.27418614267483876,0.16204230375112083,1.2368519830364888,0.2635731299635416,False
ANAPC7,PROT,1,1w,"trained, F+M pooled",-0.15756708158039956,0.1190896590382891,-0.39098281329544615,0.07584865013464706,0.7998983939431041,False
ARHGAP18,PROT,1,1w,"trained, F+M pooled",-0.0036548908880688034,0.06829344347693973,-0.13751004010287068,0.13020025832673307,0.9282565259989728,False
ATE1,PROT,1,1w,"trained, F+M pooled",-0.028967604245561322,0.04458601163678394,-0.11635618705365786,0.058420978562535204,0.8120752084999707,False
BAG3,PROT,1,1w,"trained, F+M pooled",0.042610383364993246,0.047151235780383126,-0.04980603876455768,0.13502680549454416,0.3934930203239792,False
BNIP1,PROT,1,1w,"trained, F+M pooled",-0.0692546829250577,0.05194894516398939,-0.1710746154464769,0.032565249596361506,0.1928062326718728,False
BORCS6,PROT,1,1w,"trained, F+M pooled",-0.058259644560680494,0.04900614201147949,-0.1543116829031803,0.037792393781819304,0.6356314577754777,False
BPGM,PROT,1,1w,"trained, F+M pooled",-0.0885363592922301,0.059541890465973246,-0.20523846460553766,0.028165746021077465,0.6944894625523735,False
BTF3,PROT,1,1w,"trained, F+M pooled",1.2178633662021536,0.2660480962310109,0.6964090975893723,1.739317634814935,0.1563765377164527,False
CA1,PROT,1,1w,"trained, F+M pooled",0.11917718739082304,0.23860072892432194,-0.3484802413008479,0.586834616082494,0.4630369167536092,False
CBR4,PROT,1,1w,"trained, F+M pooled",-0.04540976272372705,0.0408877756048428,-0.12554980290921894,0.034730277461764845,0.4487829016422199,False
CCDC127,PROT,1,1w,"trained, F+M pooled",-0.038068873014067674,0.042633297674543755,-0.12163013645617343,0.04549239042803808,0.647967118077342,False
CCDC57,PROT,1,1w,"trained, F+M pooled",-0.07233425253802296,0.07727409132925896,-0.22379147154337053,0.0791229664673246,0.7796889320092277,False
CEP170,PROT,1,1w,"trained, F+M pooled",-0.14327903553491517,0.06036618952594766,-0.2615967670057726,-0.02496130406405775,0.5791257623735999,False
CFAP20,PROT,1,1w,"trained, F+M pooled",-0.0568518376555423,0.07745122255669265,-0.2086562338666599,0.0949525585555753,0.6065387998566699,False
CHCHD6,PROT,1,1w,"trained, F+M pooled",-0.02393546134274312,0.06530851009452385,-0.15194014112800988,0.10406921844252363,0.9054095705029162,False
CIRBP,PROT,1,1w,"trained, F+M pooled",-0.16780703963064164,0.05240966443636581,-0.27052998192591865,-0.06508409733536465,0.0442070477131763,True
CISH,PROT,1,1w,"trained, F+M pooled",-0.05421520419381861,0.14688962525309393,-0.3421188696898827,0.2336884613022455,0.93490189890306,False
COMMD5,PROT,1,1w,"trained, F+M pooled",-0.2167796449054928,0.1117815525762925,-0.4358714879550261,0.0023121981440404893,0.6964717086708426,False
COPB2,PROT,1,1w,"trained, F+M pooled",0.028307004066766412,0.04367450733367373,-0.057295030307234096,0.11390903844076691,0.8256170736150398,False
CRIPT,PROT,1,1w,"trained, F+M pooled",0.0408026498103588,0.06661897889346355,-0.08977054882082974,0.17137584844154735,0.7888484886422905,False
DAB2,PROT,1,1w,"trained, F+M pooled",-0.026145544065566625,0.05333954205053271,-0.13069104648461072,0.07839995835347748,0.8714803893476989,False
DARS2,PROT,1,1w,"trained, F+M pooled",0.01089567854776552,0.06875471610705934,-0.1238635650220708,0.14565492211760184,0.9760479127798908,False
DCAF7,PROT,1,1w,"trained, F+M pooled",0.008359160096932924,0.03602252864818232,-0.06224499605350442,0.07896331624737027,0.8521083998516005,False
DDX20,PROT,1,1w,"trained, F+M pooled",0.032675116803001655,0.08396761526535544,-0.13190140911709503,0.1972516427230983,0.6714027488705747,False
DNAJB1,PROT,1,1w,"trained, F+M pooled",0.11152270692664198,0.07739179035656833,-0.040165202172231934,0.2632106160255159,0.4174902620554439,False
DNAJB9,PROT,1,1w,"trained, F+M pooled",-0.124131264178637,0.11800499735607631,-0.3554210589965466,0.10715853063927257,0.4902744413123261,False
DTX3,PROT,1,1w,"trained, F+M pooled",-0.08897795109020584,0.11156458919670999,-0.3076445459157574,0.12968864373534572,0.7051740963078541,False
DYNLL1,PROT,1,1w,"trained, F+M pooled",-0.16038087081367497,0.10627800931850045,-0.3686857690779358,0.04792402745058591,0.4693378050620361,False
DYNLL2,PROT,1,1w,"trained, F+M pooled",0.1041684755627296,0.0813461757585474,-0.0552700289240233,0.26360698004948246,0.6602081304993811,False
EEF1D,PROT,1,1w,"trained, F+M pooled",0.1216601240945421,0.057902761591064236,0.008170711376056197,0.23514953681302803,0.2366052484511183,False
EEPD1,PROT,1,1w,"trained, F+M pooled",-0.03593364925436854,0.05545634023017857,-0.14462807610551853,0.07276077759678146,0.4344093435404346,False
EIF1,PROT,1,1w,"trained, F+M pooled",0.023211528251203924,0.046523881308742514,-0.06797527911393139,0.11439833561633925,0.8365152655569718,False
ELMOD2,PROT,1,1w,"trained, F+M pooled",0.05539098148343125,0.07813621192423176,-0.097755993888063,0.2085379568549255,0.6065387998566699,False
EPB42,PROT,1,1w,"trained, F+M pooled",0.0866368620986498,0.14232823669576936,-0.19232648182505813,0.3656002060223577,0.4902744413123261,False
EXOSC3,PROT,1,1w,"trained, F+M pooled",-0.13372989335193525,0.07639757271984438,-0.2834691358828302,0.016009349178959714,0.7243715769945307,False
EXOSC6,PROT,1,1w,"trained, F+M pooled",-0.0070865968524742905,0.07003271635396924,-0.14435072090625398,0.1301775272013054,0.9480944874116536,False
FBXO7,PROT,1,1w,"trained, F+M pooled",-0.03593423699957751,0.06787313280575026,-0.168965577298848,0.09709710329969298,0.905114473469246,False
FHL2,PROT,1,1w,"trained, F+M pooled",-0.14845137064932615,0.08099438889091251,-0.30720037287551466,0.010297631576862365,0.5582121868585777,False
FXR1,PROT,1,1w,"trained, F+M pooled",-0.10679339379216377,0.05529677197077172,-0.21517506685487633,0.0015882792705488036,0.7378282069927088,False
GABARAPL1,PROT,1,1w,"trained, F+M pooled",0.013067834927167078,0.06124366569344714,-0.10696974983198931,0.13310541968632347,0.4697716632061909,False
GBP1,PROT,1,1w,"trained, F+M pooled",-0.17471106795385982,0.11551585525234662,-0.40112214424845916,0.05170000834073954,0.5232754378335359,False
GCA,PROT,1,1w,"trained, F+M pooled",0.049081968282923896,0.1026041261377326,-0.152022118947032,0.2501860555128798,0.9420561125664187,False
GET4,PROT,1,1w,"trained, F+M pooled",-0.1246140268612442,0.07446229940712806,-0.27056013369921517,0.021332079976726787,0.5601247644401378,False
GIMAP4,PROT,1,1w,"trained, F+M pooled",0.12329451356287281,0.059851640925849416,0.005985297348207963,0.24060372977753766,0.4207318549463139,False
GIMAP8,PROT,1,1w,"trained, F+M pooled",-0.029587730202115567,0.0481721568271901,-0.12400515758340816,0.06482969717917703,0.8661227054972398,False
GLS,PROT,1,1w,"trained, F+M pooled",0.036630626459475936,0.06001041494339825,-0.08098978682958463,0.15425103974853652,0.7034561091114234,False
GMPR,PROT,1,1w,"trained, F+M pooled",0.06616028071569897,0.046642003236118536,-0.025258045627093356,0.1575786070584913,0.5164389890184329,False
GRPEL1,PROT,1,1w,"trained, F+M pooled",0.14350904663360964,0.049816496381130976,0.04586871372659293,0.24114937954062635,0.3268855153448712,False
H3-3B,PROT,1,1w,"trained, F+M pooled",0.24370268964575947,0.15056764796133146,-0.05140990035845017,0.5388152796499691,0.29248929164166,False
HBD,PROT,1,1w,"trained, F+M pooled",0.3105297623855583,0.21368542422717057,-0.10829366909969601,0.7293531938708127,0.2422697849049557,False
HBE1,PROT,1,1w,"trained, F+M pooled",0.019614470980893393,0.2152531414481934,-0.40228168625756566,0.4415106282193525,0.7704262454432125,False
HBG1,PROT,1,1w,"trained, F+M pooled",1.3116845826701609,0.5163185228564454,0.29970027787152786,2.323668887468794,0.2108148092476059,False
HBQ1,PROT,1,1w,"trained, F+M pooled",-0.06328044120670781,0.15201940543938855,-0.36123847586790936,0.23467759345449377,0.8827403296981654,False
HCCS,PROT,1,1w,"trained, F+M pooled",0.1271885136716896,0.06188397294698189,0.005895926695605097,0.2484811006477741,0.5831761384673014,False
HMGCL,PROT,1,1w,"trained, F+M pooled",-0.0061584698147042335,0.038976937299452084,-0.08255326692163031,0.07023632729222185,0.6837730619527714,False
IKBIP,PROT,1,1w,"trained, F+M pooled",0.018147627458388296,0.10305128697698845,-0.18383289501650907,0.22012814993328567,0.8213870421115721,False
IRF2BP2,PROT,1,1w,"trained, F+M pooled",-0.02355957542016888,0.05783269117559365,-0.13691165012433243,0.08979249928399466,0.8776412249216736,False
ISCA2,PROT,1,1w,"trained, F+M pooled",-0.06176340769415089,0.046147094675809686,-0.15221171325873786,0.028684897870436092,0.2635731299635416,False
JMY,PROT,1,1w,"trained, F+M pooled",0.03743150607503065,0.05303687482486463,-0.06652076858170403,0.14138378073176533,0.8645540648062972,False
KCNJ2,PROT,1,1w,"trained, F+M pooled",0.04081411868655528,0.09755151635705643,-0.15038685337327534,0.23201509074638588,0.6304825913850709,False
LARP4,PROT,1,1w,"trained, F+M pooled",-0.007506427522496254,0.04698445666130296,-0.09959596257865004,0.08458310753365754,0.9520543277940612,False
MAFF,PROT,1,1w,"trained, F+M pooled",0.1359878570062976,0.2292217540768085,-0.3132867809842471,0.5852624949968422,0.630828909708747,False
MATR3,PROT,1,1w,"trained, F+M pooled",0.007140497803413485,0.02981190460225668,-0.051290835217009605,0.06557183082383658,0.9754152996973896,False
MED18,PROT,1,1w,"trained, F+M pooled",-0.12270172896023215,0.07839096655681568,-0.2763480234115909,0.03094456549112659,0.7943364012126265,False
MED20,PROT,1,1w,"trained, F+M pooled",-0.19133499776012766,0.12019971227784611,-0.426926433824706,0.044256438304450696,0.3539028139039116,False
MINPP1,PROT,1,1w,"trained, F+M pooled",-0.038704557155336605,0.03700856048425343,-0.11124133570447332,0.03383222139380011,0.3316110650347028,False
MLYCD,PROT,1,1w,"trained, F+M pooled",0.11891319626212984,0.03568326308197836,0.048974000621452254,0.18885239190280745,0.3829759592769599,False
MORF4L1,PROT,1,1w,"trained, F+M pooled",0.08101957036340007,0.08686291337836999,-0.0892317398582051,0.25127088058500524,0.7845760743988915,False
MOSPD2,PROT,1,1w,"trained, F+M pooled",0.0070883943289883405,0.108666823404074,-0.2058985795429967,0.22007536820097337,0.9483238027511292,False
MRM1,PROT,1,1w,"trained, F+M pooled",-0.1313024288052157,0.12945215154847606,-0.3850286458402288,0.12242378822979738,0.8368200931287305,False
MRPL35,PROT,1,1w,"trained, F+M pooled",0.0786124522689927,0.11121273768901487,-0.13936451360147645,0.2965894181394618,0.6304825913850709,False
MRPL54,PROT,1,1w,"trained, F+M pooled",0.07451785204804387,0.05881710326088602,-0.040763670343292716,0.18979937443938044,0.6235942714115315,False
MTFP1,PROT,1,1w,"trained, F+M pooled",0.10742822465186648,0.14101237587165133,-0.16895603205657012,0.38381248136030305,0.9085963149628086,False
MYL4,PROT,1,1w,"trained, F+M pooled",-0.12436734578659335,0.3897525251038114,-0.8882822949900637,0.639547603416877,0.4360253039227681,False
NAA16,PROT,1,1w,"trained, F+M pooled",0.0014906795348737889,0.0541510334964297,-0.10464534611812841,0.107626705187876,0.8665274868860581,False
NAA20,PROT,1,1w,"trained, F+M pooled",-0.00116261177863725,0.07375858167578762,-0.145729431863181,0.1434042083059065,0.6591352974721827,False
NCBP1,PROT,1,1w,"trained, F+M pooled",-0.0007652293167378101,0.056510444993011055,-0.11152570150303948,0.10999524286956386,0.9895388699040732,False
NDUFV3,PROT,1,1w,"trained, F+M pooled",0.1293423671662784,0.05379772003522674,0.02389883589723399,0.2347858984353228,0.4402783583300712,False
NUDCD1,PROT,1,1w,"trained, F+M pooled",-0.013177566527798905,0.03417575896680203,-0.08016205410273088,0.05380692104713307,0.5386986468073419,False
NXT1,PROT,1,1w,"trained, F+M pooled",-0.11421127611737282,0.06022560379118628,-0.23225345954809792,0.003830907313352283,0.4630165798974586,False
OBSCN,PROT,1,1w,"trained, F+M pooled",0.060461240020590584,0.03870831598668887,-0.015407059313319593,0.13632953935450076,0.4274617823641675,False
OSBP2,PROT,1,1w,"trained, F+M pooled",0.08552191740713234,0.1120391909854858,-0.13407489692441982,0.30511873173868453,0.1454006165869119,False
OSBPL11,PROT,1,1w,"trained, F+M pooled",-0.09742161259760168,0.08788718043332393,-0.26968048624691654,0.0748372610517132,0.6309798399765278,False
OXNAD1,PROT,1,1w,"trained, F+M pooled",0.14058811615798006,0.05196231823210909,0.03874197242304625,0.24243425989291387,0.485960440932744,False
PDE4D,PROT,1,1w,"trained, F+M pooled",0.11716728771831106,0.039715268668261784,0.03932536112851796,0.19500921430810414,0.5379919523982906,False
PDK4,PROT,1,1w,"trained, F+M pooled",0.15074525810181724,0.07927149788340736,-0.004626877749661168,0.3061173939532956,0.508824795015835,False
PEX3,PROT,1,1w,"trained, F+M pooled",0.11419723472528803,0.09523280254023606,-0.07245905825357463,0.3008535277041507,0.4088040259505077,False
PHOSPHO1,PROT,1,1w,"trained, F+M pooled",0.0018475719946765348,0.05002185837648311,-0.09619527042323037,0.09989041441258342,0.5998173643922626,False
PIK3IP1,PROT,1,1w,"trained, F+M pooled",0.005583130700304343,0.09459840432144091,-0.17982974176971986,0.19099600317032853,0.6122795188412318,False
PNO1,PROT,1,1w,"trained, F+M pooled",-0.04384473914211333,0.11616381323071508,-0.2715258130743149,0.1838363347900882,0.8171401105823289,False
POLR2M,PROT,1,1w,"trained, F+M pooled",-0.07321377342874907,0.09001275033466896,-0.24963876408470023,0.10321121722720208,0.7804842332250091,False
PPIL1,PROT,1,1w,"trained, F+M pooled",-0.0030078665377714863,0.05800700993753139,-0.11670160601533301,0.11068587293979003,0.9743899317896983,False
PPP1R2,PROT,1,1w,"trained, F+M pooled",0.025002836039723204,0.03986385152347752,-0.05313031294629273,0.10313598502573915,0.9072236682620748,False
PPP1R8,PROT,1,1w,"trained, F+M pooled",-0.02820899756959846,0.06373167140163238,-0.15312307351679794,0.096705078377601,0.9517715890788948,False
PREPL,PROT,1,1w,"trained, F+M pooled",-0.055343432718479975,0.04300257498842358,-0.1396284796957902,0.028941614258830246,0.676676407417582,False
PSMA1,PROT,1,1w,"trained, F+M pooled",0.0035666379521495685,0.06701871143849848,-0.12779003646730747,0.1349233123716066,0.9934967628727496,False
PTPN6,PROT,1,1w,"trained, F+M pooled",-0.16173413750262589,0.09988001081143735,-0.3574989586930431,0.03403068368779133,0.7481061779462557,False
RABIF,PROT,1,1w,"trained, F+M pooled",0.0025295641259217502,0.05305694060148352,-0.10146203945298596,0.10652116770482944,0.8368200931287305,False
RAD23B,PROT,1,1w,"trained, F+M pooled",-0.018617929027846158,0.038900313343696084,-0.09486254318149048,0.05762668512579816,0.9430180748456524,False
RBBP6,PROT,1,1w,"trained, F+M pooled",0.24761642646353868,0.15377322112335973,-0.05377908693824637,0.5490119398653237,0.7523028432098995,False
RBM3,PROT,1,1w,"trained, F+M pooled",-0.07775667280096822,0.04818183603671849,-0.17219307143293644,0.01667972583100001,0.0774103901905129,False
RBM4B,PROT,1,1w,"trained, F+M pooled",-0.05874854542667882,0.060929231958224354,-0.17816984006479855,0.06067274921144091,0.7943364012126265,False
RCC1L,PROT,1,1w,"trained, F+M pooled",0.05382315836069444,0.07971125683833875,-0.1024109050424495,0.2100572217638384,0.848609910773928,False
RMND5A,PROT,1,1w,"trained, F+M pooled",-0.08821690765225258,0.06492446214397661,-0.21546885345444672,0.03903503814994157,0.6138426115789504,False
RNF14,PROT,1,1w,"trained, F+M pooled",-0.04688311928120035,0.04552408469272502,-0.1361103252789414,0.0423440867165407,0.7566379997089054,False
RPL32,PROT,1,1w,"trained, F+M pooled",-0.04333289333672497,0.08449273648351675,-0.20893865684441779,0.12227287017096786,0.8302470248739561,False
RPS7,PROT,1,1w,"trained, F+M pooled",0.07914576281473923,0.05032519494532327,-0.01949161927809437,0.17778314490757283,0.5497107009237056,False
RRAD,PROT,1,1w,"trained, F+M pooled",-0.8909398204578398,0.11541302065226595,-1.1171493409362812,-0.6647302999793986,0.0043617691168464,True
RTN2,PROT,1,1w,"trained, F+M pooled",-0.18454840681417647,0.08036098849233286,-0.34205594425914887,-0.02704086936920408,0.0631849147509124,False
RWDD1,PROT,1,1w,"trained, F+M pooled",0.06588056793650988,0.09982282990405154,-0.12977217867543112,0.2615333145484509,0.7459059886265851,False
SBDS,PROT,1,1w,"trained, F+M pooled",-0.0254181663638593,0.03597961980511383,-0.0959382211818824,0.04510188845416381,0.8682827816865973,False
SEC62,PROT,1,1w,"trained, F+M pooled",-0.03824115125104748,0.07067462485824443,-0.17676341597320655,0.10028111347111157,0.4615804354510253,False
SERAC1,PROT,1,1w,"trained, F+M pooled",-0.28104437786088493,0.22875314936583147,-0.7294005506179146,0.16731179489614473,0.6641486426808327,False
SERPINB9,PROT,1,1w,"trained, F+M pooled",-0.07934913628496022,0.05618327250109337,-0.18946835038710322,0.030770077817182773,0.6511826923114971,False
SH3BP5L,PROT,1,1w,"trained, F+M pooled",-0.05870475631099008,0.07976610504680604,-0.2150463222027299,0.09763680958074976,0.8100143631903226,False
SLC16A3,PROT,1,1w,"trained, F+M pooled",0.09658811870788578,0.06150954623800133,-0.023970591918596837,0.2171468293343684,0.464139931615212,False
SLC4A1,PROT,1,1w,"trained, F+M pooled",-0.45261762623076085,0.21977998838615048,-0.8833864034676158,-0.021848848993905934,0.7337099238800567,False
SMDT1,PROT,1,1w,"trained, F+M pooled",-0.1383107849406061,0.24615853271000102,-0.6207815090522081,0.34415993917099585,0.7201563304279286,False
SNCA,PROT,1,1w,"trained, F+M pooled",0.186311454163298,0.15418138383001204,-0.11588405814352556,0.4885069664701216,0.3316110650347028,False
SON,PROT,1,1w,"trained, F+M pooled",-0.05811691979086734,0.03599468286644152,-0.12866649820909273,0.012432658627358047,0.6511826923114971,False
SORBS3,PROT,1,1w,"trained, F+M pooled",0.0004485602838091596,0.04006547003679706,-0.07807976098831307,0.07897688155593138,0.7272058577619692,False
SPTBN1,PROT,1,1w,"trained, F+M pooled",-0.03459659992001634,0.08709940833024725,-0.20531144024730094,0.13611824040726825,0.7739733935836125,False
STARD7,PROT,1,1w,"trained, F+M pooled",-0.06384766606898382,0.0584652866354066,-0.17843962787438075,0.05074429573641312,0.7415218644776433,False
STK17B,PROT,1,1w,"trained, F+M pooled",-0.002584199153386626,0.10167183147250687,-0.20186098883950007,0.19669259053272684,0.7372508132793897,False
STK38L,PROT,1,1w,"trained, F+M pooled",0.025425196828365793,0.03709533736274391,-0.04728166440261228,0.09813205805934386,0.5610881177258109,False
STX7,PROT,1,1w,"trained, F+M pooled",0.01936524498349542,0.06631882910844379,-0.11061966006905441,0.14935015003604526,0.8880348022312111,False
SUGT1,PROT,1,1w,"trained, F+M pooled",0.030799810260715463,0.040421278489680995,-0.04842589557905928,0.1100255161004902,0.8482221907186497,False
TAOK2,PROT,1,1w,"trained, F+M pooled",0.16713969089656752,0.06450456843061994,0.040710736772552436,0.2935686450205826,0.3268855153448712,False
TCEA3,PROT,1,1w,"trained, F+M pooled",-0.03711840993335247,0.03456403804356294,-0.10486392449873584,0.030627104632030902,0.8231893801426095,False
TCP11L2,PROT,1,1w,"trained, F+M pooled",0.07665488060312821,0.11153595286882917,-0.14195558701977695,0.2952653482260334,0.6783866183269648,False
TIMMDC1,PROT,1,1w,"trained, F+M pooled",0.047985936459908306,0.06146982927890499,-0.07249492892674547,0.1684668018465621,0.848609910773928,False
TMEM33,PROT,1,1w,"trained, F+M pooled",-0.05758094411239051,0.08900735756234644,-0.23203536493458954,0.11687347670980852,0.4088040259505077,False
TMOD1,PROT,1,1w,"trained, F+M pooled",0.04542753876526553,0.059868821110115156,-0.07191535061056017,0.16277042814109124,0.7243715769945307,False
TNFAIP3,PROT,1,1w,"trained, F+M pooled",-0.0012660338213486746,0.06705218829262628,-0.1326883228748962,0.13015625523219884,0.9754116828623888,False
TNS1,PROT,1,1w,"trained, F+M pooled",0.009399974012827316,0.030868574910323444,-0.05110243281140663,0.06990238083706127,0.4487829016422199,False
TPM1,PROT,1,1w,"trained, F+M pooled",0.03517512157133541,0.060164915146314814,-0.08274811211544161,0.15309835525811244,0.6383813672637768,False
TRAF6,PROT,1,1w,"trained, F+M pooled",0.05134042812222294,0.07151480723856714,-0.08882859406536864,0.19150945030981453,0.6903161402355446,False
TRAPPC9,PROT,1,1w,"trained, F+M pooled",-0.009248286844849856,0.04249060145298864,-0.09252986569270759,0.07403329200300789,0.8146624984297162,False
TRMT1L,PROT,1,1w,"trained, F+M pooled",0.10181772515425858,0.16207306127156781,-0.21584547493801431,0.41948092524653147,0.4670496357277233,False
TRNT1,PROT,1,1w,"trained, F+M pooled",0.0131069072971888,0.033580459018778194,-0.052710792379616456,0.07892460697399406,0.9392917264545028,False
TSC22D3,PROT,1,1w,"trained, F+M pooled",0.06976557210675546,0.05161125360990627,-0.031392484968660817,0.17092362918217174,0.5054509215569482,False
TTC33,PROT,1,1w,"trained, F+M pooled",0.11588178447709137,0.06248483947617756,-0.006588500896216654,0.2383520698503994,0.3803398062290105,False
TTC9C,PROT,1,1w,"trained, F+M pooled",0.05567586687975439,0.1180229350284417,-0.17564908577599134,0.2870008195355001,0.8714803893476989,False
UBALD2,PROT,1,1w,"trained, F+M pooled",-0.11135956709756806,0.06407274262267261,-0.23694214263800636,0.01422300844287025,0.3534197379019019,False
VAMP2,PROT,1,1w,"trained, F+M pooled",-0.11498954388689969,0.07649978298697785,-0.26492911854137624,0.034950030767576884,0.7096219204057894,False
VAPA,PROT,1,1w,"trained, F+M pooled",-0.07315045420275715,0.06093889959802562,-0.19259069741488738,0.04628978900937307,0.276828836016022,False
VPS35,PROT,1,1w,"trained, F+M pooled",-0.037243671365330445,0.040604285461777835,-0.116828070870415,0.04234072813975411,0.8297051422260618,False
VPS37A,PROT,1,1w,"trained, F+M pooled",0.21568051305507174,0.11782023528344203,-0.015247148100474617,0.4466081742106181,0.4134143889243194,False
VWA8,PROT,1,1w,"trained, F+M pooled",0.11976587636760061,0.05376307727110919,0.014390244916226605,0.22514150781897463,0.5853370007323765,False
YIPF4,PROT,1,1w,"trained, F+M pooled",-0.03608543423329938,0.056228772035861206,-0.14629382742358735,0.07412295895698859,0.7540337245758916,False
YIPF5,PROT,1,1w,"trained, F+M pooled",-0.17837514979490315,0.09500101776331119,-0.3645771446109931,0.007826845021186773,0.4407795299366026,False
ZC3H14,PROT,1,1w,"trained, F+M pooled",0.017562994972045304,0.057846043121079785,-0.09581524954527107,0.13094123948936168,0.8927520608080124,False
ZFYVE21,PROT,1,1w,"trained, F+M pooled",0.028293887369590414,0.07251315073895444,-0.11383188807876028,0.1704196628179411,0.6907934338597346,False
ZNF330,PROT,1,1w,"trained, F+M pooled",-0.10376258503464865,0.06638782336133262,-0.23388271882286055,0.026357548753563262,0.664576689897299,False
ABHD14B,PROT,2,2w,"trained, F+M pooled",-0.037678664199669074,0.0372350809369412,-0.11065942283607383,0.03530209443673568,0.8221543954819682,False
ABLIM1,PROT,2,2w,"trained, F+M pooled",-0.02331009418927729,0.06874778096731203,-0.15805574488520888,0.11143555650665429,0.6242253284401461,False
ACSL3,PROT,2,2w,"trained, F+M pooled",-0.028403817646047526,0.07315969977745337,-0.17179682920985612,0.11498919391776108,0.8822260380379565,False
AHSP,PROT,2,2w,"trained, F+M pooled",0.5314863358960437,0.2741861426748392,-0.005918503746641157,1.0688911755387285,0.1222017143200582,False
ANAPC7,PROT,2,2w,"trained, F+M pooled",0.08271279763078573,0.11908965903828912,-0.15070293408426094,0.3161285293458324,0.8034601199184331,False
ARHGAP18,PROT,2,2w,"trained, F+M pooled",0.09859832586290776,0.0682934434769399,-0.03525682335189445,0.23245347507770997,0.550169300517098,False
ATE1,PROT,2,2w,"trained, F+M pooled",0.005149479378829818,0.04458601163678401,-0.08223910342926684,0.09253806218692646,0.7093763581043285,False
BAG3,PROT,2,2w,"trained, F+M pooled",0.033960656692816886,0.04715123578038308,-0.05845576543673394,0.1263770788223677,0.7405848962713235,False
BNIP1,PROT,2,2w,"trained, F+M pooled",-0.04807987137023851,0.0519489451639894,-0.14989980389165775,0.05374006115118072,0.7749048527710388,False
BORCS6,PROT,2,2w,"trained, F+M pooled",-0.07228556073446743,0.049006142011479396,-0.16833759907696705,0.023766477608032188,0.6133992204159957,False
BPGM,PROT,2,2w,"trained, F+M pooled",-0.13414784670240135,0.05954189046597384,-0.2508499520157101,-0.01744574138909262,0.2610625941466702,False
BTF3,PROT,2,2w,"trained, F+M pooled",1.100321151039701,0.26604809623101144,0.5788668824269186,1.6217754196524834,0.16148433154996,False
CA1,PROT,2,2w,"trained, F+M pooled",-0.2898322966732718,0.2386007289243222,-0.7574897253649433,0.17782513201839967,0.2577321780907488,False
CBR4,PROT,2,2w,"trained, F+M pooled",0.05951462514732938,0.04088777560484278,-0.020625415038162474,0.13965466533282123,0.5766388695676283,False
CCDC127,PROT,2,2w,"trained, F+M pooled",-0.011483096163151274,0.042633297674543415,-0.09504435960525635,0.07207816727895382,0.927669139481486,False
CCDC57,PROT,2,2w,"trained, F+M pooled",0.08885933615276549,0.07727409132925911,-0.06259788285258237,0.24031655515811334,0.6755511881808912,False
CEP170,PROT,2,2w,"trained, F+M pooled",-0.04321256007451101,0.06036618952594712,-0.16153029154536735,0.07510517139634534,0.6844963966700375,False
CFAP20,PROT,2,2w,"trained, F+M pooled",-0.11954426898750867,0.07745122255669261,-0.2713486651986262,0.03226012722360885,0.5344367565789707,False
CHCHD6,PROT,2,2w,"trained, F+M pooled",-0.1345056656965174,0.06530851009452711,-0.26251034548179053,-0.006500985911244261,0.541218657353402,False
CIRBP,PROT,2,2w,"trained, F+M pooled",-0.1805784888063806,0.05240966443636595,-0.28330143110165784,-0.07785554651110335,0.0305837888812172,True
CISH,PROT,2,2w,"trained, F+M pooled",0.022378540889171822,0.1468896252530942,-0.2655251246068928,0.3102822063852365,0.8520095845602795,False
COMMD5,PROT,2,2w,"trained, F+M pooled",-0.22538478816498517,0.11178155257629212,-0.44447663121451775,-0.006292945115452614,0.1741625599108638,False
COPB2,PROT,2,2w,"trained, F+M pooled",0.02287098567617794,0.04367450733367368,-0.06273104869782246,0.10847302005017835,0.6268788935231273,False
CRIPT,PROT,2,2w,"trained, F+M pooled",-0.04534606747219183,0.06661897889346362,-0.17591926610338052,0.08522713115899685,0.7639585417840177,False
DAB2,PROT,2,2w,"trained, F+M pooled",0.0383414765411484,0.05333954205053278,-0.06620402587789585,0.14288697896019265,0.8757167730834914,False
DARS2,PROT,2,2w,"trained, F+M pooled",0.0011220796943790898,0.06875471610706417,-0.1336371638754667,0.13588132326422486,0.7196776329228332,False
DCAF7,PROT,2,2w,"trained, F+M pooled",-0.02231308176878551,0.03602252864818246,-0.09291723791922311,0.0482910743816521,0.6234357284148997,False
DDX20,PROT,2,2w,"trained, F+M pooled",0.06096037314528434,0.08396761526535443,-0.10361615277481033,0.225536899065379,0.6877540528147007,False
DNAJB1,PROT,2,2w,"trained, F+M pooled",0.11098152140166384,0.07739179035656862,-0.04070638769721066,0.26266943050053837,0.6789977330032988,False
DNAJB9,PROT,2,2w,"trained, F+M pooled",0.017542514744524958,0.11800499735607632,-0.21374728007338464,0.24883230956243454,0.6059250037372116,False
DTX3,PROT,2,2w,"trained, F+M pooled",-0.12772679316397717,0.11156458919671018,-0.3463933879895291,0.09093980166157478,0.7315417395690382,False
DYNLL1,PROT,2,2w,"trained, F+M pooled",-0.1499404242208913,0.10627800931850015,-0.3582453224851516,0.058364474043369,0.4576379647402758,False
DYNLL2,PROT,2,2w,"trained, F+M pooled",0.039355762371842164,0.08134617575854741,-0.12008274211491077,0.19879426685859508,0.6104902701920558,False
EEF1D,PROT,2,2w,"trained, F+M pooled",0.14077494756517644,0.057902761591064236,0.027285534846690537,0.25426436028366234,0.3227429064435254,False
EEPD1,PROT,2,2w,"trained, F+M pooled",-0.04615191961046841,0.0554563402301786,-0.15484634646161846,0.06254250724068164,0.7545675762027917,False
EIF1,PROT,2,2w,"trained, F+M pooled",0.025558821030019847,0.04652388130874285,-0.06562798633511613,0.11674562839515581,0.4341595276013009,False
ELMOD2,PROT,2,2w,"trained, F+M pooled",0.15042068939109576,0.07813621192423162,-0.002726285980398202,0.30356766476258973,0.4308234373854124,False
EPB42,PROT,2,2w,"trained, F+M pooled",-0.1021046334265553,0.14232823669576955,-0.3810679773502636,0.17685871049715302,0.5697486298892809,False
EXOSC3,PROT,2,2w,"trained, F+M pooled",-0.07757981121500858,0.0763975727198444,-0.2273190537459036,0.07215943131588644,0.4243200604003339,False
EXOSC6,PROT,2,2w,"trained, F+M pooled",0.02119719119376661,0.07003271635396927,-0.11606693286001313,0.15846131524754636,0.7196776329228332,False
FBXO7,PROT,2,2w,"trained, F+M pooled",0.003379070534750775,0.06787313280575016,-0.12965226976451955,0.1364104108340211,0.9099686781817132,False
FHL2,PROT,2,2w,"trained, F+M pooled",-0.29695428365259136,0.0809943888909125,-0.45570328587877984,-0.13820528142640287,0.1189514564828629,False
FXR1,PROT,2,2w,"trained, F+M pooled",-0.08465747954325077,0.05529677197077182,-0.19303915260596355,0.023724193519461992,0.4982693817674351,False
GABARAPL1,PROT,2,2w,"trained, F+M pooled",0.049702866783781476,0.0612436656934473,-0.07033471797537524,0.16974045154293818,0.7038329995102678,False
GBP1,PROT,2,2w,"trained, F+M pooled",-0.1259531851229942,0.11551585525234655,-0.3523642614175934,0.10045789117160503,0.7704930730469582,False
GCA,PROT,2,2w,"trained, F+M pooled",-0.04619466985123632,0.10260412613773266,-0.24729875708119234,0.1549094173787197,0.7219164878852504,False
GET4,PROT,2,2w,"trained, F+M pooled",-0.18355818207376565,0.07446229940712804,-0.32950428891173655,-0.03761207523579471,0.1587942088394837,False
GIMAP4,PROT,2,2w,"trained, F+M pooled",0.16173964994202608,0.059851640925849534,0.044430433727360996,0.27904886615669117,0.2295039681867119,False
GIMAP8,PROT,2,2w,"trained, F+M pooled",-0.00040478497535630385,0.048172156827190026,-0.09482221235664876,0.09401264240593615,0.7711367327732248,False
GLS,PROT,2,2w,"trained, F+M pooled",0.04308362038568609,0.04898571014184932,-0.05292837149233857,0.13909561226371076,0.2779693751782681,False
GMPR,PROT,2,2w,"trained, F+M pooled",0.01845487506504279,0.04664200323611847,-0.07296345127774942,0.10987320140783499,0.8341687984807393,False
GRPEL1,PROT,2,2w,"trained, F+M pooled",0.24759245043921957,0.049816496381130886,0.14995211753220306,0.3452327833462361,0.0680673665955025,False
H3-3B,PROT,2,2w,"trained, F+M pooled",0.22534977337069548,0.15056764796133135,-0.06976281663351394,0.5204623633749049,0.34490705550334,False
HBD,PROT,2,2w,"trained, F+M pooled",-0.13563163581740562,0.23513989263864846,-0.5965058253891566,0.32524255375434535,0.3819727267574268,False
HBE1,PROT,2,2w,"trained, F+M pooled",-0.2574280968463732,0.21525314144819313,-0.6793242540848317,0.16446806039208534,0.1932034187026399,False
HBG1,PROT,2,2w,"trained, F+M pooled",0.5648979045370504,0.5163185228564462,-0.4470864002615842,1.576882209335685,0.6867382800466111,False
HBQ1,PROT,2,2w,"trained, F+M pooled",-0.2962317791683257,0.15201940543938866,-0.5941898138295274,0.0017262554928760276,0.1982025301166868,False
HCCS,PROT,2,2w,"trained, F+M pooled",0.1872058006087063,0.06188397294698174,0.0659132136326221,0.30849838758479053,0.2059908980076206,False
HMGCL,PROT,2,2w,"trained, F+M pooled",0.05919375618497669,0.03897693729945185,-0.017201040921948935,0.1355885532919023,0.4558591026371305,False
IKBIP,PROT,2,2w,"trained, F+M pooled",0.10226723897303583,0.10305128697698826,-0.09971328350186115,0.3042477614479328,0.7424472652041102,False
IRF2BP2,PROT,2,2w,"trained, F+M pooled",-0.04590114138485158,0.05783269117559383,-0.1592532160890155,0.06745093331931232,0.7564743774622875,False
ISCA2,PROT,2,2w,"trained, F+M pooled",0.03402570791087541,0.046147094675809755,-0.05642259765371171,0.12447401347546252,0.4338197607490824,False
JMY,PROT,2,2w,"trained, F+M pooled",0.09433955155605074,0.05303687482486457,-0.009612723100683812,0.1982918262127853,0.3570828203634089,False
KCNJ2,PROT,2,2w,"trained, F+M pooled",0.20662788902373527,0.09755151635705678,0.015426916963903997,0.3978288610835665,0.3347267627422157,False
LARP4,PROT,2,2w,"trained, F+M pooled",0.05003394912082892,0.046984456661302985,-0.04205558593532493,0.14212348417698276,0.679148680397233,False
MAFF,PROT,2,2w,"trained, F+M pooled",0.004101648203065359,0.22922175407680798,-0.44517298978747827,0.453376286193609,0.8833631013776257,False
MATR3,PROT,2,2w,"trained, F+M pooled",0.004559930742451012,0.029811904602256738,-0.05387140227797219,0.06299126376287421,0.9211808931748634,False
MED18,PROT,2,2w,"trained, F+M pooled",0.013720922720316104,0.07839096655681571,-0.1399253717310427,0.1673672171716749,0.8704735719117158,False
MED20,PROT,2,2w,"trained, F+M pooled",0.04330066880342456,0.12019971227784582,-0.19229076726115324,0.27889210486800237,0.6872225538202515,False
MINPP1,PROT,2,2w,"trained, F+M pooled",-0.09017108556736794,0.03700856048425336,-0.16270786411650454,-0.01763430701823135,0.2026461372981975,False
MLYCD,PROT,2,2w,"trained, F+M pooled",0.17664443843971522,0.03568326308197835,0.10670524279903766,0.2465836340803928,0.066784697587003,False
MORF4L1,PROT,2,2w,"trained, F+M pooled",-0.008956006302684845,0.08686291337836992,-0.17920731652428987,0.1612953039189202,0.8225616555598353,False
MOSPD2,PROT,2,2w,"trained, F+M pooled",0.06135768936868846,0.10866682340407392,-0.15162928450329644,0.27434466324067336,0.5044572408579244,False
MRM1,PROT,2,2w,"trained, F+M pooled",0.09914299361563907,0.12945215154847603,-0.15458322341937397,0.3528692106506521,0.8145208318709446,False
MRPL35,PROT,2,2w,"trained, F+M pooled",0.038922314361790826,0.1112127376890146,-0.17905465150867778,0.25689928023225944,0.7950101477127404,False
MRPL54,PROT,2,2w,"trained, F+M pooled",0.15241194438887967,0.05881710326088592,0.03713042199754327,0.2676934667802161,0.2765350471521028,False
MTFP1,PROT,2,2w,"trained, F+M pooled",0.0031120438488365927,0.1410123758716516,-0.27327221285960057,0.2794963005572737,0.6352079786253794,False
MYL4,PROT,2,2w,"trained, F+M pooled",-0.5423505045571232,0.38975252510381087,-1.3062654537605924,0.22156444464634606,0.7237629132208987,False
NAA16,PROT,2,2w,"trained, F+M pooled",-0.013891013156245339,0.054151033496429676,-0.1200270388092475,0.09224501249675682,0.7074682851652038,False
NAA20,PROT,2,2w,"trained, F+M pooled",-0.11235435312975442,0.07375858167578797,-0.25692117321429886,0.03221246695478999,0.5766388695676283,False
NCBP1,PROT,2,2w,"trained, F+M pooled",0.05985430362064252,0.056510444993011485,-0.05090616856565999,0.17061477580694503,0.6644341569550061,False
NDUFV3,PROT,2,2w,"trained, F+M pooled",0.24473124765164253,0.07125439082176206,0.1050726416409889,0.38438985366229617,0.1691957546718014,False
NUDCD1,PROT,2,2w,"trained, F+M pooled",0.016073959735566204,0.03417575896680213,-0.05091052783936598,0.08305844731049838,0.6553852719150043,False
NXT1,PROT,2,2w,"trained, F+M pooled",-0.10636843681594295,0.060225603791186445,-0.22441062024666839,0.011673746614782488,0.6217072145889805,False
OBSCN,PROT,2,2w,"trained, F+M pooled",0.13094022182119214,0.05190894464243064,0.029198690322028084,0.23268175332035618,0.1932034187026399,False
OSBP2,PROT,2,2w,"trained, F+M pooled",-0.10606460422864972,0.112039190985486,-0.32566141856020225,0.11353221010290282,0.3751471445499271,False
OSBPL11,PROT,2,2w,"trained, F+M pooled",-0.15405186207456614,0.08788718043332398,-0.32631073572388114,0.018207011574748855,0.6480349152233301,False
OXNAD1,PROT,2,2w,"trained, F+M pooled",0.26486053971213164,0.05196231823210922,0.16301439597719758,0.3667066834470657,0.0493811505655985,True
PDE4D,PROT,2,2w,"trained, F+M pooled",0.11206579390286912,0.039715268668261854,0.03422386731307589,0.18990772049266236,0.2577321780907488,False
PDK4,PROT,2,2w,"trained, F+M pooled",0.25247124736643206,0.0792714978834072,0.09709911151495396,0.40784338321791014,0.1367883845605147,False
PEX3,PROT,2,2w,"trained, F+M pooled",0.12875341539906224,0.09523280254023588,-0.05790287757980006,0.31540970837792454,0.6785977073689696,False
PHOSPHO1,PROT,2,2w,"trained, F+M pooled",0.04643837226824887,0.05002185837648291,-0.05160447014965763,0.14448121468615538,0.7431834938952555,False
PIK3IP1,PROT,2,2w,"trained, F+M pooled",-0.06590147992263357,0.09459840432144064,-0.2513143523926572,0.11951139254739007,0.8033630278844365,False
PNO1,PROT,2,2w,"trained, F+M pooled",-0.14409018337379093,0.11616381323071504,-0.37177125730599236,0.08359089055841054,0.4426946429236211,False
POLR2M,PROT,2,2w,"trained, F+M pooled",0.07074596479438776,0.09137378564148581,-0.10834665506292442,0.24983858465169995,0.7476875778537215,False
PPIL1,PROT,2,2w,"trained, F+M pooled",0.007762296781942266,0.05800700993753141,-0.1059314426956193,0.12145603625950382,0.7067195235962741,False
PPP1R2,PROT,2,2w,"trained, F+M pooled",0.047585487836786663,0.039863851523477614,-0.030547661149229452,0.12571863682280277,0.5201313213077863,False
PPP1R8,PROT,2,2w,"trained, F+M pooled",-0.012547724157009455,0.0637316714016323,-0.13746180010420875,0.11236635179018985,0.8974992788995582,False
PREPL,PROT,2,2w,"trained, F+M pooled",-0.06177910188953299,0.04300257498842352,-0.1460641488668431,0.022505945087777104,0.678666513484799,False
PSMA1,PROT,2,2w,"trained, F+M pooled",-0.03762000332383042,0.06701871143850457,-0.16897667774329939,0.09373667109563855,0.631345193022218,False
PTPN6,PROT,2,2w,"trained, F+M pooled",-0.16793076786208835,0.09988001081143746,-0.36369558905250576,0.027834053328329084,0.6558362187372246,False
RABIF,PROT,2,2w,"trained, F+M pooled",0.018350430549806448,0.053056940601483395,-0.085641173029101,0.1223420341287139,0.9367845719229216,False
RAD23B,PROT,2,2w,"trained, F+M pooled",-0.02148475394989349,0.03890031334369607,-0.09772936810353779,0.0547598602037508,0.8597210907940245,False
RBBP6,PROT,2,2w,"trained, F+M pooled",0.22430648582159995,0.15377322112335948,-0.0770890275801846,0.5257019992233845,0.3679789559004245,False
RBM3,PROT,2,2w,"trained, F+M pooled",-0.2115606868214566,0.048181836036718655,-0.3059970854534252,-0.11712428818948803,0.0019494475610864,True
RBM4B,PROT,2,2w,"trained, F+M pooled",-0.03328071147583078,0.060929231958224694,-0.15270200611395118,0.08614058316228962,0.9153992829072616,False
RCC1L,PROT,2,2w,"trained, F+M pooled",0.042047504991250595,0.0797112568383393,-0.11418655841189443,0.19828156839439562,0.5752262615750018,False
RMND5A,PROT,2,2w,"trained, F+M pooled",-0.017968699144712004,0.06492446214397632,-0.1452206449469056,0.1092832466574816,0.9131639982549492,False
RNF14,PROT,2,2w,"trained, F+M pooled",-0.012509592541686777,0.045524084692724974,-0.10173679853942773,0.07671761345605417,0.8184352200830132,False
RPL32,PROT,2,2w,"trained, F+M pooled",-0.12105272272755874,0.08449273648351682,-0.2866584862352517,0.04455304078013422,0.541218657353402,False
RPS7,PROT,2,2w,"trained, F+M pooled",0.026196258829153395,0.05032519494532321,-0.0724411232636801,0.1248336409219869,0.7971534247833243,False
RRAD,PROT,2,2w,"trained, F+M pooled",-1.1053736178632574,0.11541302065226589,-1.3315831383416985,-0.8791640973848163,0.0006144124804924,True
RTN2,PROT,2,2w,"trained, F+M pooled",-0.2652831744803213,0.08036098849233288,-0.4227907119252937,-0.10777563703534887,0.2325491161187906,False
RWDD1,PROT,2,2w,"trained, F+M pooled",0.07862591988992361,0.09982282990405147,-0.11702682672201727,0.2742786665018645,0.5324935775629649,False
SBDS,PROT,2,2w,"trained, F+M pooled",-0.00029174965664902693,0.035979619805113536,-0.07081180447467154,0.0702283051613735,0.9363124771956518,False
SEC62,PROT,2,2w,"trained, F+M pooled",-0.04684654380781616,0.0706746248582439,-0.1853688085299742,0.09167572091434187,0.5418540084909488,False
SERAC1,PROT,2,2w,"trained, F+M pooled",-0.45180449177090154,0.2287531493658316,-0.9001606645279314,-0.0034483190138716036,0.3994187929218907,False
SERPINB9,PROT,2,2w,"trained, F+M pooled",-0.1115159369953454,0.05618327250109327,-0.22163515109748821,-0.0013967228932025982,0.4338197607490824,False
SH3BP5L,PROT,2,2w,"trained, F+M pooled",0.0638677884071618,0.07976610504680613,-0.0924737774845782,0.22020935429890182,0.8429942759208928,False
SLC16A3,PROT,2,2w,"trained, F+M pooled",0.026819934827015373,0.061509546238001346,-0.09373877579946727,0.14737864545349802,0.3812287749159154,False
SLC4A1,PROT,2,2w,"trained, F+M pooled",-0.6718586968279981,0.2197799883861507,-1.1026274740648536,-0.2410899195911428,0.1524826224946099,False
SMDT1,PROT,2,2w,"trained, F+M pooled",0.052770633309680764,0.24615853271000135,-0.42970009080192184,0.5352413574212834,0.8010243543416592,False
SNCA,PROT,2,2w,"trained, F+M pooled",0.15272827623773685,0.15418138383001206,-0.14946723606908677,0.4549237885445605,0.6719229498088715,False
SON,PROT,2,2w,"trained, F+M pooled",-0.053561076632789105,0.035994682866441544,-0.12411065505101454,0.016988501785436323,0.5460995747704268,False
SORBS3,PROT,2,2w,"trained, F+M pooled",0.04453575591007199,0.04006547003679707,-0.03399256536205026,0.12306407718219425,0.5284102469650525,False
SPTBN1,PROT,2,2w,"trained, F+M pooled",-0.006708441738882154,0.044969305409747674,-0.0948482803419876,0.08143139686422328,0.3288244920303868,False
STARD7,PROT,2,2w,"trained, F+M pooled",-0.03939047683580114,0.05846528663540632,-0.15398243864119754,0.07520148496959525,0.8072769771859258,False
STK17B,PROT,2,2w,"trained, F+M pooled",0.030929463567674915,0.10167183147250637,-0.16834732611843756,0.2302062532537874,0.9314664937370416,False
STK38L,PROT,2,2w,"trained, F+M pooled",0.008956254717012765,0.03709533736274403,-0.06375060651396552,0.08166311594799106,0.7605553808647113,False
STX7,PROT,2,2w,"trained, F+M pooled",0.06979759216966093,0.06631882910844362,-0.060187312882888575,0.19978249722221042,0.4637088362322005,False
SUGT1,PROT,2,2w,"trained, F+M pooled",-0.013676085175392278,0.04042127848968106,-0.09290179101516714,0.0655496206643826,0.4459264562175679,False
TAOK2,PROT,2,2w,"trained, F+M pooled",0.04495293228403029,0.06450456843061997,-0.08147602183998484,0.17138188640804544,0.8292105810598625,False
TCEA3,PROT,2,2w,"trained, F+M pooled",-0.02471744140259094,0.0345640380435629,-0.09246295596797423,0.04302807316279235,0.7741843224324821,False
TCP11L2,PROT,2,2w,"trained, F+M pooled",-0.011760316657837494,0.1115359528688292,-0.23037078428074273,0.20685015096506773,0.7288291824872555,False
TIMMDC1,PROT,2,2w,"trained, F+M pooled",0.1007292196863032,0.061469829278904604,-0.019751645700349818,0.22121008507295623,0.3469834590552849,False
TMEM33,PROT,2,2w,"trained, F+M pooled",-0.149635707663761,0.08900735756234664,-0.3240901284859604,0.02481871315843842,0.5421136224907537,False
TMOD1,PROT,2,2w,"trained, F+M pooled",0.04918688894590232,0.05986882111011537,-0.06815600042992381,0.16652977832172844,0.679148680397233,False
TNFAIP3,PROT,2,2w,"trained, F+M pooled",-0.034900588609428226,0.06705218829262609,-0.16632287766297538,0.09652170044411891,0.6804717184996503,False
TNS1,PROT,2,2w,"trained, F+M pooled",0.033022771108058936,0.030868574910323437,-0.027479635716175004,0.09352517793229287,0.7652909644622194,False
TPM1,PROT,2,2w,"trained, F+M pooled",0.09855768625269691,0.060164915146314904,-0.019365547434080296,0.2164809199394741,0.296009736651647,False
TRAF6,PROT,2,2w,"trained, F+M pooled",0.003473205421448753,0.07151480723856711,-0.13669581676614279,0.14364222760904027,0.8780857766049124,False
TRAPPC9,PROT,2,2w,"trained, F+M pooled",0.022868398946827715,0.04249060145298817,-0.060413179901029096,0.10614997779468452,0.6396436683409505,False
TRMT1L,PROT,2,2w,"trained, F+M pooled",0.007942510412191505,0.16207306127156756,-0.30972068968008093,0.32560571050446396,0.992112595730254,False
TRNT1,PROT,2,2w,"trained, F+M pooled",0.03736700315567062,0.033580459018778666,-0.02845069652113557,0.1031847028324768,0.5006604230490133,False
TSC22D3,PROT,2,2w,"trained, F+M pooled",0.09661868050551967,0.05161125360990641,-0.004539376569896905,0.19777673758093622,0.3052893035284936,False
TTC33,PROT,2,2w,"trained, F+M pooled",0.1943830728549964,0.0624848394761777,0.0719127874816881,0.3168533582283047,0.2036313665786834,False
TTC9C,PROT,2,2w,"trained, F+M pooled",0.23681033397500945,0.11802293502844219,0.0054853813192627665,0.4681352866307561,0.3748410654216302,False
UBALD2,PROT,2,2w,"trained, F+M pooled",-0.06274923037980906,0.06407274262267296,-0.18833180592024806,0.06283334516062994,0.7476875778537215,False
VAMP2,PROT,2,2w,"trained, F+M pooled",-0.1482475559064619,0.07649978298697808,-0.29818713056093893,0.0016920187480151394,0.5857486498271143,False
VAPA,PROT,2,2w,"trained, F+M pooled",-0.06323746807724881,0.06093889959802562,-0.18267771128937904,0.05620277513488141,0.5111782018475441,False
VPS35,PROT,2,2w,"trained, F+M pooled",-0.0867038513102559,0.04060428546177786,-0.16628825081534052,-0.00711945180517129,0.1751119609686906,False
VPS37A,PROT,2,2w,"trained, F+M pooled",0.1181576270708536,0.11782023528344208,-0.11277003408469287,0.34908528822640006,0.7942396332558073,False
VWA8,PROT,2,2w,"trained, F+M pooled",0.20358239671942352,0.0601737388563305,0.08564186856101574,0.3215229248778313,0.1225664222922655,False
YIPF4,PROT,2,2w,"trained, F+M pooled",-0.09980792616580218,0.05622877203586157,-0.21001631935609086,0.010400467024486493,0.4511809308247963,False
YIPF5,PROT,2,2w,"trained, F+M pooled",0.024460859397257662,0.0950010177633115,-0.16174113541883287,0.2106628542133482,0.817377729935864,False
ZC3H14,PROT,2,2w,"trained, F+M pooled",-0.0018024736700361355,0.05784604312108002,-0.11518071818735298,0.11157577084728071,0.8424981375328079,False
ZFYVE21,PROT,2,2w,"trained, F+M pooled",-0.022997067928690128,0.07251315073895402,-0.16512284337704,0.11912870751965973,0.9292453798210136,False
ZNF330,PROT,2,2w,"trained, F+M pooled",-0.0172913577179688,0.06638782336133252,-0.14741149150618055,0.11282877607024294,0.8705156558583543,False
ABHD14B,PROT,4,4w,"trained, F+M pooled",-0.06629945324063731,0.03723508093694119,-0.13928021187704204,0.006681305395767417,0.5318469307432343,False
ABLIM1,PROT,4,4w,"trained, F+M pooled",-0.08200632342626116,0.06874778096731203,-0.21675197412219274,0.05273932726967043,0.7340086269940972,False
ACSL3,PROT,4,4w,"trained, F+M pooled",-0.16482172716205495,0.07315969977745328,-0.30821473872586336,-0.021428715598246523,0.3503115064578245,False
AHSP,PROT,4,4w,"trained, F+M pooled",0.40758504768148773,0.2741861426748389,-0.12981979196119642,0.9449898873241719,0.4802104841984702,False
ANAPC7,PROT,4,4w,"trained, F+M pooled",0.26340181802731205,0.11908965903828952,0.029986086312264598,0.4968175497423595,0.2878186042512152,False
ARHGAP18,PROT,4,4w,"trained, F+M pooled",0.06634049929301555,0.0682934434769399,-0.06751464992178666,0.20019564850781776,0.7587083048824731,False
ATE1,PROT,4,4w,"trained, F+M pooled",-0.049152198809377545,0.04458601163678401,-0.13654078161747418,0.038236383998719106,0.2807417198136804,False
BAG3,PROT,4,4w,"trained, F+M pooled",0.11860909884405887,0.04715123578038311,0.02619267671450798,0.21102552097360977,0.3150527073080283,False
BNIP1,PROT,4,4w,"trained, F+M pooled",-0.07303037084547502,0.051948945163989464,-0.1748503033668944,0.028789561675944333,0.6089149809282657,False
BORCS6,PROT,4,4w,"trained, F+M pooled",-0.08619937000358706,0.049006142011479376,-0.18225140834608664,0.009852668338912518,0.5345803853450829,False
BPGM,PROT,4,4w,"trained, F+M pooled",-0.2560509166416323,0.05954189046597355,-0.3727530219549405,-0.13934881132832416,0.0229703502278046,True
BTF3,PROT,4,4w,"trained, F+M pooled",-0.03744816229046826,0.06773184581565639,-0.1702025800891548,0.09530625550821825,0.4380970980507066,False
CA1,PROT,4,4w,"trained, F+M pooled",0.01683410768892567,0.2386007289243223,-0.450823321002746,0.4844915363805974,0.6496992360409375,False
CBR4,PROT,4,4w,"trained, F+M pooled",0.08194367484580029,0.0408877756048428,0.0018036346603083897,0.16208371503129218,0.1351660827172731,False
CCDC127,PROT,4,4w,"trained, F+M pooled",0.1364264877078633,0.04263329767454378,0.0528652242657575,0.2199877511499691,0.0375943500352328,True
CCDC57,PROT,4,4w,"trained, F+M pooled",-0.03447236904399627,0.07727409132925896,-0.18592958804934384,0.11698484996135129,0.8058028987925303,False
CEP170,PROT,4,4w,"trained, F+M pooled",-0.06368985841862654,0.060366189525947474,-0.18200758988948357,0.054627873052230505,0.5663199114112843,False
CFAP20,PROT,4,4w,"trained, F+M pooled",-0.032806959696079246,0.07745122255669243,-0.1846113559071964,0.11899743651503791,0.4756068103703572,False
CHCHD6,PROT,4,4w,"trained, F+M pooled",-0.020490252624100244,0.06530851009452321,-0.14849493240936573,0.10751442716116523,0.839339982157932,False
CIRBP,PROT,4,4w,"trained, F+M pooled",-0.14257902997306646,0.05240966443636586,-0.24530197226834355,-0.039856087677789365,0.1293778951070516,False
CISH,PROT,4,4w,"trained, F+M pooled",0.07024874630281654,0.14688962525309424,-0.2176549191932482,0.35815241179888124,0.845236421790608,False
COMMD5,PROT,4,4w,"trained, F+M pooled",-0.03220123794484109,0.1117815525762927,-0.25129308099437475,0.1868906051046926,0.7686499621501859,False
COPB2,PROT,4,4w,"trained, F+M pooled",-0.007501875241554422,0.04367450733367317,-0.09310390961555383,0.07810015913244499,0.957627637192306,False
CRIPT,PROT,4,4w,"trained, F+M pooled",-0.07911156060263036,0.0666189788934638,-0.2096847592338194,0.05146163802855869,0.6452391504220912,False
DAB2,PROT,4,4w,"trained, F+M pooled",-0.026993270891265797,0.0533395420505328,-0.13153877331031008,0.07755223152777849,0.9065491047117652,False
DARS2,PROT,4,4w,"trained, F+M pooled",0.17150882681772542,0.06875471610706416,0.036749583247879664,0.3062680703875712,0.3613471276891037,False
DCAF7,PROT,4,4w,"trained, F+M pooled",-0.08182008906029921,0.036022528648182436,-0.15242424521073678,-0.011215932909861628,0.1962233726945667,False
DDX20,PROT,4,4w,"trained, F+M pooled",-0.025400856444342892,0.08687474406910814,-0.19567535481979484,0.14487364193110905,0.8697045619021623,False
DNAJB1,PROT,4,4w,"trained, F+M pooled",0.16644727639588852,0.07739179035656857,0.014759367297014131,0.31813518549476294,0.4397979372770998,False
DNAJB9,PROT,4,4w,"trained, F+M pooled",-0.14833266413136176,0.11800499735607588,-0.3796224589492705,0.08295713068654695,0.5227123351412757,False
DTX3,PROT,4,4w,"trained, F+M pooled",-0.05512928945142383,0.11156458919671007,-0.27379588427697554,0.16353730537412792,0.7922069451716369,False
DYNLL1,PROT,4,4w,"trained, F+M pooled",0.03839823777801513,0.1062780093185002,-0.16990666048624528,0.24670313604227553,0.9251138046133032,False
DYNLL2,PROT,4,4w,"trained, F+M pooled",-0.09247914923572684,0.08134617575854727,-0.2519176537224795,0.06695935525102581,0.7620773679458929,False
EEF1D,PROT,4,4w,"trained, F+M pooled",-0.026229982706476827,0.07256364236053027,-0.16845472173311615,0.11599475632016248,0.6353266256586688,False
EEPD1,PROT,4,4w,"trained, F+M pooled",-0.13574387327362702,0.055456340230178675,-0.24443830012477724,-0.027049446422476822,0.2600900819978426,False
EIF1,PROT,4,4w,"trained, F+M pooled",-0.026112019353591146,0.04652388130874272,-0.11729882671872688,0.0650747880115446,0.70024030761427,False
ELMOD2,PROT,4,4w,"trained, F+M pooled",0.05898734099537897,0.07813621192423181,-0.09415963437611538,0.21213431636687333,0.7710833553526931,False
EPB42,PROT,4,4w,"trained, F+M pooled",0.07005739661444,0.14232823669576947,-0.20890594730926815,0.34902074053814813,0.5616149245738413,False
EXOSC3,PROT,4,4w,"trained, F+M pooled",-0.058664209233396054,0.07639757271984429,-0.20840345176429087,0.09107503329749878,0.79032288604983,False
EXOSC6,PROT,4,4w,"trained, F+M pooled",0.038258811485266817,0.0700327163539695,-0.0990053125685134,0.17552293553904702,0.5162275449204109,False
FBXO7,PROT,4,4w,"trained, F+M pooled",0.04212282685859047,0.06787313280575036,-0.09090851344068021,0.17515416715786117,0.8799705109920094,False
FHL2,PROT,4,4w,"trained, F+M pooled",-0.09357736828634353,0.08099438889091248,-0.252326370512532,0.06517163393984493,0.7044443589826787,False
FXR1,PROT,4,4w,"trained, F+M pooled",-0.17609963400330392,0.0552967719707718,-0.28448130706601665,-0.0677179609405912,0.0760021868469926,False
GABARAPL1,PROT,4,4w,"trained, F+M pooled",0.03057596189395334,0.061243665693447406,-0.08946162286520358,0.15061354665311028,0.6185420233697279,False
GBP1,PROT,4,4w,"trained, F+M pooled",-0.013167922984787509,0.11551585525234645,-0.23957899927938653,0.21324315330981153,0.7456800550375702,False
GCA,PROT,4,4w,"trained, F+M pooled",-0.045516626830240464,0.10260412613773262,-0.2466207140601964,0.15558746039971547,0.814717822957329,False
GET4,PROT,4,4w,"trained, F+M pooled",-0.09888298496109717,0.07446229940712787,-0.2448290917990678,0.04706312187687346,0.5392800425569939,False
GIMAP4,PROT,4,4w,"trained, F+M pooled",0.15015697306213543,0.05985164092584939,0.03284775684747064,0.2674661892768002,0.3526218511078735,False
GIMAP8,PROT,4,4w,"trained, F+M pooled",-0.04460348254939598,0.04817215682719007,-0.1390209099306885,0.049813944831896544,0.6848208508845174,False
GLS,PROT,4,4w,"trained, F+M pooled",-0.015900518421798633,0.048985710141849284,-0.11191251029982321,0.08011147345622596,0.5451881407885538,False
GMPR,PROT,4,4w,"trained, F+M pooled",0.04537341605776553,0.04664200323611843,-0.046044910285026594,0.13679174240055764,0.6397433784206432,False
GRPEL1,PROT,4,4w,"trained, F+M pooled",0.30473995218045985,0.04981649638113094,0.20709961927344323,0.4023802850874765,0.0057439143369312,True
H3-3B,PROT,4,4w,"trained, F+M pooled",0.0053390300323565435,0.150567647961331,-0.2897735599718523,0.30045162003656534,0.6096363888750729,False
HBD,PROT,4,4w,"trained, F+M pooled",0.07898127071908247,0.20787298715954813,-0.3284497841136319,0.4864123255517968,0.4781658295896997,False
HBE1,PROT,4,4w,"trained, F+M pooled",0.11149492888034637,0.21525314144819288,-0.3104012283581117,0.5333910861188044,0.7149075492122094,False
HBG1,PROT,4,4w,"trained, F+M pooled",1.069540161998044,0.5089228327020875,0.07205140990195258,2.0670289140941356,0.3759166190740708,False
HBQ1,PROT,4,4w,"trained, F+M pooled",-0.16530269115716625,0.15201940543938894,-0.4632607258183685,0.13265534350403604,0.4673236676767054,False
HCCS,PROT,4,4w,"trained, F+M pooled",0.2591195040913353,0.061883972946981836,0.13782691711525086,0.3804120910674197,0.0706491174487943,False
HMGCL,PROT,4,4w,"trained, F+M pooled",0.03286272656698562,0.03897693729945192,-0.04353207053994014,0.10925752367391138,0.4231014900565213,False
IKBIP,PROT,4,4w,"trained, F+M pooled",0.06255995689573503,0.10305128697698861,-0.13942056557916266,0.2645404793706327,0.8732718784340971,False
IRF2BP2,PROT,4,4w,"trained, F+M pooled",-0.06971303464663466,0.05783269117559378,-0.18306510935079845,0.04363904005752915,0.564116801406298,False
ISCA2,PROT,4,4w,"trained, F+M pooled",0.004096502752036866,0.046147094675809706,-0.08635180281255016,0.09454480831662389,0.4612080892863553,False
JMY,PROT,4,4w,"trained, F+M pooled",-0.007413403178887387,0.053036874824864674,-0.11136567783562215,0.09653887147784737,0.8751102393178185,False
KCNJ2,PROT,4,4w,"trained, F+M pooled",-0.07777910013883425,0.09755151635705565,-0.2689800721986633,0.11342187192099483,0.5820009163618338,False
LARP4,PROT,4,4w,"trained, F+M pooled",0.04196930377043158,0.046984456661303055,-0.050120231285722405,0.13405883882658556,0.7803684977352688,False
MAFF,PROT,4,4w,"trained, F+M pooled",0.405776521580872,0.2292217540768084,-0.04349811640967244,0.8550511595714165,0.3682153322071799,False
MATR3,PROT,4,4w,"trained, F+M pooled",-0.016889448852381986,0.029811904602256672,-0.07532078187280505,0.04154188416804109,0.4388512643575314,False
MED18,PROT,4,4w,"trained, F+M pooled",0.11539838381946553,0.07839096655681593,-0.038247910631893686,0.26904467827082473,0.6478151865096203,False
MED20,PROT,4,4w,"trained, F+M pooled",0.08433712887715862,0.12019971227784614,-0.15125430718741978,0.31992856494173705,0.3939475710756811,False
MINPP1,PROT,4,4w,"trained, F+M pooled",-0.08823626633765035,0.03700856048425337,-0.16077304488678695,-0.01569948778851374,0.1193057745347873,False
MLYCD,PROT,4,4w,"trained, F+M pooled",0.2723216297898166,0.03568326308197839,0.20238243414913898,0.34226082543049424,0.0023349601104563,True
MORF4L1,PROT,4,4w,"trained, F+M pooled",0.11708311425167137,0.08686291337837004,-0.05316819596993391,0.2873344244732766,0.6809053476780161,False
MOSPD2,PROT,4,4w,"trained, F+M pooled",-0.010218095429641522,0.10866682340407426,-0.22320506930162706,0.202768878442344,0.945164365019004,False
MRM1,PROT,4,4w,"trained, F+M pooled",0.2842618153780252,0.12945215154847622,0.030535598343011783,0.5379880324130386,0.4904435053396938,False
MRPL35,PROT,4,4w,"trained, F+M pooled",0.20365993715117586,0.11121273768901475,-0.014317028719293051,0.4216369030216448,0.4952830178750486,False
MRPL54,PROT,4,4w,"trained, F+M pooled",0.10857526220506061,0.05881710326088592,-0.006706260186275792,0.22385678459639702,0.5837037805486308,False
MTFP1,PROT,4,4w,"trained, F+M pooled",0.35013642186138405,0.14101237587165133,0.07375216515294747,0.6265206785698206,0.1879847068524816,False
MYL4,PROT,4,4w,"trained, F+M pooled",0.33445207907204355,0.3897525251038103,-0.4294628701314246,1.0983670282755118,0.3461831583591233,False
NAA16,PROT,4,4w,"trained, F+M pooled",-0.02260718081101683,0.054151033496429676,-0.128743206464019,0.08352884484198533,0.8038885659240541,False
NAA20,PROT,4,4w,"trained, F+M pooled",0.07235675090055221,0.07375858167578779,-0.07221006918399187,0.2169235709850963,0.4952830178750486,False
NCBP1,PROT,4,4w,"trained, F+M pooled",-0.00980646753937045,0.05651044499301096,-0.12056693972567192,0.10095400464693102,0.8818031304827134,False
NDUFV3,PROT,4,4w,"trained, F+M pooled",0.19985351799630152,0.0537977200352264,0.09440998672725778,0.3052970492653453,0.1414304018914493,False
NUDCD1,PROT,4,4w,"trained, F+M pooled",-0.028413578876686895,0.0341757589668018,-0.09539806645161843,0.03857090869824463,0.6754806030110803,False
NXT1,PROT,4,4w,"trained, F+M pooled",-0.02364467663932309,0.06022560379118634,-0.14168686007004833,0.09439750679140213,0.7025709384626355,False
OBSCN,PROT,4,4w,"trained, F+M pooled",0.019242180166292158,0.038708315986688974,-0.05662611916761823,0.09511047950020254,0.5915497339980172,False
OSBP2,PROT,4,4w,"trained, F+M pooled",-0.018362703042652268,0.112039190985486,-0.23795951737420482,0.20123411128890026,0.1962233726945667,False
OSBPL11,PROT,4,4w,"trained, F+M pooled",0.12693312370387874,0.0878871804333241,-0.04532574994543648,0.29919199735319396,0.4088207300765343,False
OXNAD1,PROT,4,4w,"trained, F+M pooled",0.2840830567271782,0.05196231823210908,0.18223691299224443,0.385929200462112,0.0244033973462114,True
PDE4D,PROT,4,4w,"trained, F+M pooled",0.047924590194804044,0.039715268668261854,-0.02991733639498919,0.12576651678459727,0.5803499305536395,False
PDK4,PROT,4,4w,"trained, F+M pooled",0.10118971184551535,0.07927149788340725,-0.054182424005962834,0.25656184769699353,0.3954891013803364,False
PEX3,PROT,4,4w,"trained, F+M pooled",0.008041670042760208,0.09523280254023613,-0.17861462293610259,0.194697963021623,0.6475576354390641,False
PHOSPHO1,PROT,4,4w,"trained, F+M pooled",-0.009966794686966107,0.05002185837648287,-0.10800963710487253,0.08807604773094031,0.8448444775903958,False
PIK3IP1,PROT,4,4w,"trained, F+M pooled",0.052699598681134066,0.0945984043214404,-0.13271327378888909,0.23811247115115725,0.8046613180618721,False
PNO1,PROT,4,4w,"trained, F+M pooled",0.006044463103337357,0.11616381323071513,-0.2216366108288643,0.23372553703553903,0.5596755274153139,False
POLR2M,PROT,4,4w,"trained, F+M pooled",-0.006805950355632936,0.09001275033466899,-0.18323094101158416,0.16961904030031827,0.7853530676806141,False
PPIL1,PROT,4,4w,"trained, F+M pooled",-0.11740582250923862,0.058007009937531544,-0.23109956198680043,-0.003712083031676791,0.4240466862501715,False
PPP1R2,PROT,4,4w,"trained, F+M pooled",-0.014312813030935706,0.039863851523477455,-0.09244596201695152,0.0638203359550801,0.7599880970475111,False
PPP1R8,PROT,4,4w,"trained, F+M pooled",0.025913098114586034,0.06373167140162858,-0.09900097783260599,0.15082717406177806,0.8061519708648506,False
PREPL,PROT,4,4w,"trained, F+M pooled",-0.19274196609479277,0.043002574988423616,-0.2770270130721031,-0.10845691911748248,0.0757419623563784,False
PSMA1,PROT,4,4w,"trained, F+M pooled",-0.02319209131264095,0.06701871143850434,-0.15454876573210943,0.10816458310682754,0.7796026194680818,False
PTPN6,PROT,4,4w,"trained, F+M pooled",-0.10948441987797705,0.0998800108114374,-0.30524924106839435,0.08628040131244025,0.4800793333100073,False
RABIF,PROT,4,4w,"trained, F+M pooled",-0.05834524431114631,0.053056940601483464,-0.1623368478900539,0.04564635926776128,0.7774906157592277,False
RAD23B,PROT,4,4w,"trained, F+M pooled",-0.029382749599226383,0.03890031334369606,-0.10562736375287066,0.04686186455441788,0.3860603702074632,False
RBBP6,PROT,4,4w,"trained, F+M pooled",0.1945390272012519,0.15377322112335934,-0.10685648620053237,0.4959345406030362,0.5318469307432343,False
RBM3,PROT,4,4w,"trained, F+M pooled",-0.1926261378577657,0.04818183603671855,-0.28706253648973407,-0.09818973922579734,0.1159842932870966,False
RBM4B,PROT,4,4w,"trained, F+M pooled",-0.00527593780344414,0.06092923195822471,-0.12469723244156457,0.11414535683467629,0.8911056957319355,False
RCC1L,PROT,4,4w,"trained, F+M pooled",0.06787033646729494,0.07971125683833886,-0.08836372693584922,0.22410439987043912,0.5332732983538462,False
RMND5A,PROT,4,4w,"trained, F+M pooled",-0.10801325493979438,0.06492446214397633,-0.235265200741988,0.019238690862399238,0.4014465074303603,False
RNF14,PROT,4,4w,"trained, F+M pooled",-0.03670387078318704,0.04552408469272496,-0.12593107678092796,0.05252333521455388,0.8084558023928146,False
RPL32,PROT,4,4w,"trained, F+M pooled",-0.0854481045382495,0.08449273648351716,-0.2510538680459431,0.08015765896944413,0.5209605782489655,False
RPS7,PROT,4,4w,"trained, F+M pooled",-0.06785226074573156,0.0503251949453234,-0.16648964283856543,0.030785121347102304,0.6754806030110803,False
RRAD,PROT,4,4w,"trained, F+M pooled",-0.7940965601429549,0.1154130206522659,-1.0203060806213962,-0.5678870396645138,0.0019719728655972,True
RTN2,PROT,4,4w,"trained, F+M pooled",-0.29320183581188625,0.08036098849233297,-0.4507093732568589,-0.13569429836691363,0.0834925006316198,False
RWDD1,PROT,4,4w,"trained, F+M pooled",0.12251989849879513,0.0998228299040517,-0.07313284811314619,0.31817264511073645,0.4515281520117953,False
SBDS,PROT,4,4w,"trained, F+M pooled",0.02748049872046575,0.0359796198051137,-0.04303955609755711,0.0980005535384886,0.511477726105493,False
SEC62,PROT,4,4w,"trained, F+M pooled",-0.20124027595851746,0.070674624858244,-0.3397625406806757,-0.06271801123635923,0.2729886963572709,False
SERAC1,PROT,4,4w,"trained, F+M pooled",-0.28505581698045374,0.22875314936583174,-0.733411989737484,0.16330035577657648,0.5930796194899625,False
SERPINB9,PROT,4,4w,"trained, F+M pooled",-0.08293459879481,0.0561832725010932,-0.19305381289695267,0.027184615307332682,0.2208874432463897,False
SH3BP5L,PROT,4,4w,"trained, F+M pooled",-0.1300367166379962,0.07976610504680615,-0.28637828252973624,0.026304849253743823,0.4825059864360149,False
SLC16A3,PROT,4,4w,"trained, F+M pooled",0.08855010522363409,0.06150954623800116,-0.03200860540284818,0.20910881585011637,0.2143015868302676,False
SLC4A1,PROT,4,4w,"trained, F+M pooled",-0.31467607512777374,0.21977998838615087,-0.7454448523646294,0.11609270210908196,0.5913494831187114,False
SMDT1,PROT,4,4w,"trained, F+M pooled",-0.30859701298420694,0.24615853271000113,-0.7910677370958091,0.17387371112739525,0.7393525287246865,False
SNCA,PROT,4,4w,"trained, F+M pooled",0.20411529813276935,0.15418138383001181,-0.09808021417405383,0.5063108104395926,0.2408018443891947,False
SON,PROT,4,4w,"trained, F+M pooled",-0.08850693010727603,0.035994682866441495,-0.15905650852550135,-0.017957351689050702,0.1476591447251736,False
SORBS3,PROT,4,4w,"trained, F+M pooled",0.15211384386774524,0.040065470036797064,0.073585522595623,0.23064216513986746,0.1499582525272072,False
SPTBN1,PROT,4,4w,"trained, F+M pooled",0.0025150724792882572,0.04496930540974768,-0.0856247661238172,0.09065491108239371,0.471134349459732,False
STARD7,PROT,4,4w,"trained, F+M pooled",0.04149705652581765,0.05846528663540659,-0.07309490527957926,0.15608901833121455,0.5332732983538462,False
STK17B,PROT,4,4w,"trained, F+M pooled",-0.14252428152709645,0.10167183147250727,-0.3418010712132107,0.056752508159017806,0.6275742670252562,False
STK38L,PROT,4,4w,"trained, F+M pooled",-0.024678738514892346,0.03709533736274408,-0.09738559974587073,0.048028122716086044,0.6340115391133307,False
STX7,PROT,4,4w,"trained, F+M pooled",0.04176161806602751,0.06631882910844321,-0.08822328698652118,0.17174652311857622,0.7840886965311867,False
SUGT1,PROT,4,4w,"trained, F+M pooled",-0.043660479749157224,0.040421278489681044,-0.12288618558893206,0.035565226090617616,0.7796357618733495,False
TAOK2,PROT,4,4w,"trained, F+M pooled",0.12707346852119325,0.0645045684306199,0.0006445143971782474,0.2535024226452083,0.3741157194706096,False
TCEA3,PROT,4,4w,"trained, F+M pooled",-0.06105572476772388,0.034564038043563075,-0.1288012393331075,0.006689789797659738,0.5968888001867944,False
TCP11L2,PROT,4,4w,"trained, F+M pooled",0.0008113565581147942,0.11153595286882924,-0.21779911106479052,0.2194218241810201,0.6661002639307918,False
TIMMDC1,PROT,4,4w,"trained, F+M pooled",-0.01903721264445569,0.06146982927890493,-0.13951807803110935,0.10144365274219797,0.9451953929543604,False
TMEM33,PROT,4,4w,"trained, F+M pooled",-0.000576530801645321,0.08900735756234648,-0.17503095162384444,0.1738778900205538,0.6711471838170733,False
TMOD1,PROT,4,4w,"trained, F+M pooled",-0.0907257340360279,0.05986882111011533,-0.20806862341185395,0.026617155339798138,0.3707761790298725,False
TNFAIP3,PROT,4,4w,"trained, F+M pooled",0.016393595772952588,0.06705218829262628,-0.11502869328059494,0.1478158848265001,0.8426930426405699,False
TNS1,PROT,4,4w,"trained, F+M pooled",0.0629334964705134,0.03086857491032358,0.0024310896462791803,0.12343590329474761,0.439656343310683,False
TPM1,PROT,4,4w,"trained, F+M pooled",0.1492251667750019,0.055391171032469974,0.040658471551360736,0.257791861998643,0.3529768086770781,False
TRAF6,PROT,4,4w,"trained, F+M pooled",0.0759573743869354,0.07151480723856694,-0.0642116478006558,0.2161263965745266,0.5769631793570688,False
TRAPPC9,PROT,4,4w,"trained, F+M pooled",-0.016396491279892688,0.04249060145298871,-0.09967807012775057,0.06688508756796518,0.846570984956085,False
TRMT1L,PROT,4,4w,"trained, F+M pooled",-0.03858502196925197,0.1620730612715679,-0.356248222061525,0.2790781781230211,0.7024691752861738,False
TRNT1,PROT,4,4w,"trained, F+M pooled",0.07859575071832296,0.033580459018778715,0.012778051041516678,0.14441345039512926,0.3671999645513377,False
TSC22D3,PROT,4,4w,"trained, F+M pooled",0.03303997034237951,0.05161125360990625,-0.06811808673303674,0.13419802741779577,0.8188542825938193,False
TTC33,PROT,4,4w,"trained, F+M pooled",0.07852565917871768,0.06248483947617752,-0.04394462619459026,0.20099594455202563,0.4452836990070766,False
TTC9C,PROT,4,4w,"trained, F+M pooled",0.1461747513719106,0.11802293502844219,-0.08515020128383607,0.3774997040276573,0.7352149871555922,False
UBALD2,PROT,4,4w,"trained, F+M pooled",-0.18133091460958656,0.06407274262267271,-0.30691349015002506,-0.055748339069148056,0.2774848538098697,False
VAMP2,PROT,4,4w,"trained, F+M pooled",-0.024232959639236645,0.07649978298697806,-0.17417253429371363,0.12570661501524036,0.8507352082074523,False
VAPA,PROT,4,4w,"trained, F+M pooled",-0.1317756750012284,0.060938899598025606,-0.2512159182133586,-0.012335431789098197,0.4161407862759846,False
VPS35,PROT,4,4w,"trained, F+M pooled",-0.019516667324472495,0.040604285461777856,-0.09910106682955709,0.06006773218061211,0.9127313418510374,False
VPS37A,PROT,4,4w,"trained, F+M pooled",-0.19544903491111906,0.11782023528344193,-0.4263766960666653,0.03547862624442713,0.4559359449134402,False
VWA8,PROT,4,4w,"trained, F+M pooled",0.2432601870134362,0.05376307727110936,0.13788455556206186,0.34863581846481057,0.0327676696774205,True
YIPF4,PROT,4,4w,"trained, F+M pooled",-0.09246555218600692,0.056228772035861484,-0.20267394537629543,0.017742841004281584,0.4466444193852975,False
YIPF5,PROT,4,4w,"trained, F+M pooled",0.025423039762274943,0.09500101776331181,-0.1607789550538162,0.2116250345783661,0.9109901837762312,False
ZC3H14,PROT,4,4w,"trained, F+M pooled",-0.0020198452174839403,0.057846043121080014,-0.11539808973480077,0.11135839929983289,0.9007486888890353,False
ZFYVE21,PROT,4,4w,"trained, F+M pooled",0.012607842007300089,0.07251315073895367,-0.12951793344104912,0.15473361745564929,0.9387427164287956,False
ZNF330,PROT,4,4w,"trained, F+M pooled",-0.04685731878408242,0.06638782336133243,-0.176977452572294,0.08326281500412916,0.7741734765736356,False
ABHD14B,PROT,8,8w,"trained, F+M pooled",-0.020495942294127798,0.038259264913477635,-0.09548410152454395,0.05449221693628836,0.6909483256990696,False
ABLIM1,PROT,8,8w,"trained, F+M pooled",-0.3667552831459253,0.07088974284693467,-0.5056991791259172,-0.22781138716593338,0.0060634548952335,True
ACSL3,PROT,8,8w,"trained, F+M pooled",-0.2714531076584659,0.07527890880472506,-0.418999768915727,-0.12390644640120482,0.0266987987461413,True
AHSP,PROT,8,8w,"trained, F+M pooled",0.7514067283871492,0.2798321378703755,0.20293573816121324,1.299877718613085,0.1087614910697583,False
ANAPC7,PROT,8,8w,"trained, F+M pooled",0.14125066500658134,0.11908965903828934,-0.09216506670846578,0.3746663967216285,0.4547492742827445,False
ARHGAP18,PROT,8,8w,"trained, F+M pooled",0.016493520403797885,0.07003978884986452,-0.12078446574193656,0.15377150654953234,0.9089311220448112,False
ATE1,PROT,8,8w,"trained, F+M pooled",-0.04671989944402705,0.04579978430669236,-0.13648747668514408,0.043047677797089984,0.6074958309385468,False
BAG3,PROT,8,8w,"trained, F+M pooled",0.3408294926172321,0.048550398161564874,0.24567071222056497,0.43598827301389925,2.4815160039816545e-05,True
BNIP1,PROT,8,8w,"trained, F+M pooled",-0.09147537841196865,0.05320245736266087,-0.19575219484278394,0.012801438018846645,0.4326764395560509,False
BORCS6,PROT,8,8w,"trained, F+M pooled",-0.023176597083542264,0.05030739515294615,-0.1217790915833167,0.07542589741623218,0.8094937444497299,False
BPGM,PROT,8,8w,"trained, F+M pooled",-0.34040153233468284,0.06104050245743966,-0.4600409171512646,-0.2207621475181011,0.000642270210627,True
BTF3,PROT,8,8w,"trained, F+M pooled",0.5034352269652125,0.2961843772713586,-0.0770861524866504,1.0839566064170754,0.0864615753615702,False
CA1,PROT,8,8w,"trained, F+M pooled",-0.2609292974996002,0.24369636584970678,-0.7385741745650254,0.21671557956582505,0.1704855719843914,False
CBR4,PROT,8,8w,"trained, F+M pooled",0.20404372961990858,0.04203758565479698,0.12165006173650648,0.28643739750331065,0.0020894906798876,True
CCDC127,PROT,8,8w,"trained, F+M pooled",0.15012153352952634,0.044104875258589867,0.0636759780226902,0.23656708903636248,0.0145540513454832,True
CCDC57,PROT,8,8w,"trained, F+M pooled",0.07246785476736024,0.07911657404107111,-0.08260063035313912,0.2275363398878596,0.6385634276386194,False
CEP170,PROT,8,8w,"trained, F+M pooled",-0.10227824995634154,0.06122488064702328,-0.22227901602450717,0.017722516111824085,0.4327382911141995,False
CFAP20,PROT,8,8w,"trained, F+M pooled",-0.17996005136515625,0.07921986973773854,-0.3352309960511238,-0.02468910667918872,0.2795674962662868,False
CHCHD6,PROT,8,8w,"trained, F+M pooled",-0.1098110321505705,0.06765009414403546,-0.24240521667288,0.022783152371739,0.2477635305341583,False
CIRBP,PROT,8,8w,"trained, F+M pooled",-0.17940603116447404,0.053567450583299064,-0.2843982343077402,-0.07441382802120787,0.0362866100277265,True
CISH,PROT,8,8w,"trained, F+M pooled",0.012687990794588622,0.15649579642781128,-0.29404377020392153,0.3194197517930987,0.5180276140478386,False
COMMD5,PROT,8,8w,"trained, F+M pooled",-0.11742055696915846,0.1143728333603473,-0.34159131035543916,0.10675019641712225,0.253115566364165,False
COPB2,PROT,8,8w,"trained, F+M pooled",0.029833209779186017,0.04456554937290107,-0.057515266991700065,0.1171816865500721,0.6215606775094534,False
CRIPT,PROT,8,8w,"trained, F+M pooled",0.03150265833832706,0.07011479386391374,-0.10592233763494388,0.16892765431159798,0.6649127177959111,False
DAB2,PROT,8,8w,"trained, F+M pooled",-0.01523366072683399,0.054683910239428445,-0.12241412479611374,0.09194680334244576,0.8256148706797298,False
DARS2,PROT,8,8w,"trained, F+M pooled",0.24589895872714468,0.07089208138381244,0.1069504792148723,0.38484743823941703,0.0151885160134038,True
DCAF7,PROT,8,8w,"trained, F+M pooled",-0.06592533568187758,0.03702972738415336,-0.13850360135481815,0.006652929991062997,0.5206094366803747,False
DDX20,PROT,8,8w,"trained, F+M pooled",0.08843338645530402,0.08687474406910833,-0.08184111192014831,0.25870788483075635,0.6286126253922377,False
DNAJB1,PROT,8,8w,"trained, F+M pooled",0.36578747439817794,0.07945524306650163,0.21005519798783473,0.5215197508085212,0.0015837386823275,True
DNAJB9,PROT,8,8w,"trained, F+M pooled",0.005006555978731529,0.1216291484860451,-0.23338657505391686,0.24339968701137993,0.7729358075503885,False
DTX3,PROT,8,8w,"trained, F+M pooled",-0.23927230172864367,0.13340943764435495,-0.5007547995115793,0.02221019605429203,0.3735397725604877,False
DYNLL1,PROT,8,8w,"trained, F+M pooled",0.12626608494246871,0.10872811792263903,-0.08684102618590378,0.3393731960708412,0.1775022711738839,False
DYNLL2,PROT,8,8w,"trained, F+M pooled",-0.16367094642847319,0.08402945186124182,-0.3283686720765071,0.001026779219560764,0.260637886152874,False
EEF1D,PROT,8,8w,"trained, F+M pooled",-0.08257207616404535,0.08209037615714772,-0.24346921343205488,0.07832506110396417,0.739227478809794,False
EEPD1,PROT,8,8w,"trained, F+M pooled",-0.12223513595109035,0.05716884157138232,-0.2342860654309997,-0.010184206471181012,0.3076729852943381,False
EIF1,PROT,8,8w,"trained, F+M pooled",-0.009172041944907007,0.04777170438350669,-0.10280458253658012,0.08446049864676611,0.7740098015387361,False
ELMOD2,PROT,8,8w,"trained, F+M pooled",0.054990375332267735,0.07949213826003027,-0.10081421565739158,0.21079496632192707,0.372106337581647,False
EPB42,PROT,8,8w,"trained, F+M pooled",-0.09515678007972024,0.14479959879457013,-0.3789639937170777,0.18865043355763722,0.3518435000460817,False
EXOSC3,PROT,8,8w,"trained, F+M pooled",-0.09046943795572186,0.07906845498645454,-0.24544360972917273,0.06450473381772902,0.2381348092359048,False
EXOSC6,PROT,8,8w,"trained, F+M pooled",0.09692567875055717,0.07153796862934812,-0.04328873976296514,0.23714009726407947,0.389273299838841,False
FBXO7,PROT,8,8w,"trained, F+M pooled",-0.011331989727212355,0.0697492393588701,-0.14804049887059775,0.12537651941617303,0.9530569666698736,False
FHL2,PROT,8,8w,"trained, F+M pooled",-0.20207881786320225,0.08356565947228972,-0.3658675104288901,-0.03829012529751441,0.1404038628683659,False
FXR1,PROT,8,8w,"trained, F+M pooled",-0.23994411395128273,0.05649118657791957,-0.3506668396440051,-0.1292213882585604,0.0360487859642715,True
GABARAPL1,PROT,8,8w,"trained, F+M pooled",0.010634045376356543,0.06299319294998562,-0.11283261280561528,0.13410070355832837,0.8868882199671864,False
GBP1,PROT,8,8w,"trained, F+M pooled",-0.05775766901923677,0.1171609490215204,-0.28739312910141673,0.1718777910629432,0.8026251342705624,False
GCA,PROT,8,8w,"trained, F+M pooled",-0.1089879685253562,0.10490682279749886,-0.31460534120845396,0.09662940415774157,0.2586089578227502,False
GET4,PROT,8,8w,"trained, F+M pooled",-0.06002036136210949,0.07618064628176,-0.2093344280743591,0.0892937053501401,0.4920441492353592,False
GIMAP4,PROT,8,8w,"trained, F+M pooled",0.09716745389606263,0.06138624672053017,-0.023149589676176502,0.21748449746830176,0.372106337581647,False
GIMAP8,PROT,8,8w,"trained, F+M pooled",-0.007567643904140869,0.04942510234207849,-0.10444084449461472,0.08930555668633297,0.8837029044603382,False
GLS,PROT,8,8w,"trained, F+M pooled",-0.0326065530411731,0.050540860817328725,-0.1316666402431374,0.0664535341607912,0.1521322261128897,False
GMPR,PROT,8,8w,"trained, F+M pooled",0.01125565882289558,0.048003682649149525,-0.08283155916943749,0.10534287681522864,0.421674435928883,False
GRPEL1,PROT,8,8w,"trained, F+M pooled",0.4559525815113124,0.05127570339152817,0.3554522028639172,0.5564529601587076,6.641519895047356e-05,True
H3-3B,PROT,8,8w,"trained, F+M pooled",0.3627940182807537,0.15485198458175436,0.05928412850051512,0.6663039080609923,0.2155661588004233,False
HBD,PROT,8,8w,"trained, F+M pooled",-0.10662305643042853,0.24044313681286064,-0.5778916045836354,0.3646454917227783,0.2618704610788249,False
HBE1,PROT,8,8w,"trained, F+M pooled",-0.05297262580137466,0.2206345235957297,-0.4854162920490049,0.3794710404462555,0.4093074691951436,False
HBG1,PROT,8,8w,"trained, F+M pooled",0.7360508743473544,0.523614159732185,-0.2902328787277282,1.762334627422437,0.4220899157308648,False
HBQ1,PROT,8,8w,"trained, F+M pooled",-0.3061820982333627,0.15563562624336266,-0.6112279256703534,-0.0011362707963718521,0.1754014763062727,False
HCCS,PROT,8,8w,"trained, F+M pooled",0.3503857165946342,0.06314280449367533,0.22662581978703056,0.4741456134022378,0.0023826732397586,True
HMGCL,PROT,8,8w,"trained, F+M pooled",0.08448053673758898,0.040075702538856284,0.005932159761430675,0.16302891371374728,0.0039383900614137,True
IKBIP,PROT,8,8w,"trained, F+M pooled",0.052199988571206134,0.10652914384669776,-0.15659713336832146,0.2609971105107337,0.800783581962327,False
IRF2BP2,PROT,8,8w,"trained, F+M pooled",-0.051789698387136325,0.059298042200108585,-0.16801386109934915,0.06443446432507649,0.5873630161281633,False
ISCA2,PROT,8,8w,"trained, F+M pooled",0.054676558338370915,0.047363908751291164,-0.03815670281415977,0.14750981949090158,0.0661111121930089,False
JMY,PROT,8,8w,"trained, F+M pooled",0.04590510058794133,0.05392969498504163,-0.05979710158274027,0.15160730275862294,0.7058917936333016,False
KCNJ2,PROT,8,8w,"trained, F+M pooled",0.1448075986916302,0.10251759944879596,-0.05612689622800987,0.3457420936112703,0.4735911636245959,False
LARP4,PROT,8,8w,"trained, F+M pooled",0.08491760868548902,0.04814945877907816,-0.009455330521504171,0.17929054789248222,0.3228630876887639,False
MAFF,PROT,8,8w,"trained, F+M pooled",0.1964668666307822,0.22922175407680837,-0.2528077713597622,0.6457415046213266,0.2965215205067306,False
MATR3,PROT,8,8w,"trained, F+M pooled",-0.04208271484015622,0.030562975254632776,-0.10198614633923647,0.01782071665892402,0.5246669641028985,False
MED18,PROT,8,8w,"trained, F+M pooled",-0.07735007529246499,0.07839096655681568,-0.23099636974382373,0.07629621915889376,0.741487144939229,False
MED20,PROT,8,8w,"trained, F+M pooled",0.02510897989390731,0.12019971227784587,-0.2104824561706706,0.2607004159584852,0.3468588594533218,False
MINPP1,PROT,8,8w,"trained, F+M pooled",-0.07295262794117903,0.037945338704889996,-0.14732549180276341,0.001420235920405355,0.2641231677618652,False
MLYCD,PROT,8,8w,"trained, F+M pooled",0.27006166206420024,0.036512304479490824,0.19849754528439822,0.34162577884400225,9.899416106031654e-05,True
MORF4L1,PROT,8,8w,"trained, F+M pooled",0.057530824324779975,0.08686291337836993,-0.11272048589682508,0.22778213454638502,0.7615484801194599,False
MOSPD2,PROT,8,8w,"trained, F+M pooled",-0.07179785101849034,0.11279964546894505,-0.29288515613762267,0.14928945410064196,0.316528552141253,False
MRM1,PROT,8,8w,"trained, F+M pooled",0.3708560303362055,0.13641519316163309,0.10348225173940467,0.6382298089330063,0.1685575583097793,False
MRPL35,PROT,8,8w,"trained, F+M pooled",0.16947195109881014,0.11121273768901449,-0.04850501477165825,0.3874489169692785,0.56419542312035,False
MRPL54,PROT,8,8w,"trained, F+M pooled",0.23653622841437824,0.060603230982651024,0.11775389568838224,0.35531856114037424,0.0106311030893365,True
MTFP1,PROT,8,8w,"trained, F+M pooled",0.0894336909324331,0.1431850795375794,-0.19120906496122253,0.3700764468260887,0.8460012759638201,False
MYL4,PROT,8,8w,"trained, F+M pooled",-0.06447090413760072,0.39803911534691494,-0.844627570217554,0.7156857619423526,0.4735911636245959,False
NAA16,PROT,8,8w,"trained, F+M pooled",0.00916330250910313,0.05568187749625799,-0.09997317738356253,0.11829978240176879,0.9292007013209216,False
NAA20,PROT,8,8w,"trained, F+M pooled",0.010281888748098723,0.07571832148207445,-0.13812602135676721,0.15868979885296464,0.9419687718734364,False
NCBP1,PROT,8,8w,"trained, F+M pooled",-0.12125387511282103,0.0583097087999788,-0.23554090436077946,-0.006966845864862584,0.4267963390511408,False
NDUFV3,PROT,8,8w,"trained, F+M pooled",0.28622796160198466,0.06177530286653076,0.16514836798358437,0.407307555220385,0.0031119702799937,True
NUDCD1,PROT,8,8w,"trained, F+M pooled",-0.019149928692983254,0.03485579673208532,-0.08746729028787047,0.049167432901903965,0.8609633275693217,False
NXT1,PROT,8,8w,"trained, F+M pooled",-0.03442478060604884,0.06191989190809647,-0.15578776874591793,0.08693820753382024,0.853081595711472,False
OBSCN,PROT,8,8w,"trained, F+M pooled",0.07874879625195742,0.05319108684555304,-0.025505733965326544,0.1830033264692414,0.364190509358918,False
OSBP2,PROT,8,8w,"trained, F+M pooled",0.11555746488350127,0.11203919098548559,-0.10403934944805049,0.33515427921505303,0.2435435726236066,False
OSBPL11,PROT,8,8w,"trained, F+M pooled",0.14455668632508306,0.09034835916793822,-0.03252609764407585,0.321639470294242,0.3597746443584139,False
OXNAD1,PROT,8,8w,"trained, F+M pooled",0.4175831824933426,0.053368078449628084,0.3129817487320715,0.5221846162546137,8.335848419656415e-05,True
PDE4D,PROT,8,8w,"trained, F+M pooled",-0.024961350718002474,0.04069247367444023,-0.10471859911990533,0.05479589768390039,0.3801179320580209,False
PDK4,PROT,8,8w,"trained, F+M pooled",0.05174817084109179,0.08144310023276473,-0.10788030561512707,0.21137664729731065,0.8061187500192792,False
PEX3,PROT,8,8w,"trained, F+M pooled",0.1516717104810749,0.09952780523221985,-0.043402787774076024,0.3467462087362258,0.4497170906647556,False
PHOSPHO1,PROT,8,8w,"trained, F+M pooled",0.027807126250257393,0.0515559071805628,-0.0732424518236457,0.12885670432416046,0.741487144939229,False
PIK3IP1,PROT,8,8w,"trained, F+M pooled",0.0564877400053421,0.09716403752102094,-0.13395377353585894,0.24692925354654313,0.6130432591639043,False
PNO1,PROT,8,8w,"trained, F+M pooled",-0.13173358918819725,0.11918627965423846,-0.3653386973105046,0.10187151893411014,0.4866716946039495,False
POLR2M,PROT,8,8w,"trained, F+M pooled",0.045319686293737754,0.09257653027010308,-0.13613031303566428,0.2267696856231398,0.7154131063286706,False
PPIL1,PROT,8,8w,"trained, F+M pooled",-0.08725499991867794,0.059529953460063116,-0.20393370870040164,0.029423708863045767,0.495405264904981,False
PPP1R2,PROT,8,8w,"trained, F+M pooled",0.017063210082294732,0.04085153365705039,-0.06300579588552402,0.09713221605011349,0.8413511532379572,False
PPP1R8,PROT,8,8w,"trained, F+M pooled",-0.06644117843657199,0.06373167140163238,-0.19135525438377146,0.05847289751062748,0.2966519422962274,False
PREPL,PROT,8,8w,"trained, F+M pooled",-0.24645661287106732,0.04437322894146124,-0.3334281415963314,-0.15948508414580329,0.0058244032268724,True
PSMA1,PROT,8,8w,"trained, F+M pooled",0.022627405329027784,0.06858522134727944,-0.11179962851163992,0.1570544391696955,0.6074958309385468,False
PTPN6,PROT,8,8w,"trained, F+M pooled",-0.049473022943213686,0.10328160123796014,-0.25190496136961554,0.15295891548318818,0.8385820321023686,False
RABIF,PROT,8,8w,"trained, F+M pooled",0.04383102810302525,0.05466820975862749,-0.06331866302388463,0.1509807192299351,0.5694513077240153,False
RAD23B,PROT,8,8w,"trained, F+M pooled",-0.04000914601555483,0.03995898065977554,-0.11832874810871488,0.03831045607760522,0.364190509358918,False
RBBP6,PROT,8,8w,"trained, F+M pooled",0.15743312896086809,0.15799530865706773,-0.15223767600698468,0.46710393392872085,0.5699519653985713,False
RBM3,PROT,8,8w,"trained, F+M pooled",-0.11663620014951491,0.04990392262395577,-0.2144478884924682,-0.018824511806561597,0.1088791286312913,False
RBM4B,PROT,8,8w,"trained, F+M pooled",0.08439522273187099,0.06272582545417094,-0.03854739515830405,0.20733784062204602,0.5706807725830552,False
RCC1L,PROT,8,8w,"trained, F+M pooled",0.1286234264818795,0.08205816138986853,-0.03221056984226284,0.2894574228060218,0.4301062329925441,False
RMND5A,PROT,8,8w,"trained, F+M pooled",-0.08100199159262214,0.06703754729481204,-0.21239558429045374,0.05039160110520946,0.5587201211707327,False
RNF14,PROT,8,8w,"trained, F+M pooled",-0.02491462545855773,0.04668269400665547,-0.11641270571160245,0.06658345479448699,0.8820087313799926,False
RPL32,PROT,8,8w,"trained, F+M pooled",-0.12134513367738539,0.08606104492206375,-0.2900247817246303,0.047334514369859554,0.2586089578227502,False
RPS7,PROT,8,8w,"trained, F+M pooled",-0.06070802654215362,0.05181824400439498,-0.16227178479076776,0.04085573170646053,0.4430953599999852,False
RRAD,PROT,8,8w,"trained, F+M pooled",-1.0996128611917328,0.11796408680113342,-1.3308224713219543,-0.8684032510615114,4.029816584699415e-05,True
RTN2,PROT,8,8w,"trained, F+M pooled",-0.22091009370541123,0.0824143941823206,-0.3824423063027596,-0.05937788110806286,0.2107743576892785,False
RWDD1,PROT,8,8w,"trained, F+M pooled",-0.06157637062345055,0.10280621629882805,-0.2630765545691535,0.13992381332225243,0.4897146588112621,False
SBDS,PROT,8,8w,"trained, F+M pooled",0.028970345313807173,0.03709330590981958,-0.04373253426943921,0.10167322489705355,0.4002346573971324,False
SEC62,PROT,8,8w,"trained, F+M pooled",-0.1505538623205514,0.07237041488285503,-0.29239987549094726,-0.008707849150155544,0.260637886152874,False
SERAC1,PROT,8,8w,"trained, F+M pooled",-0.5050299626000144,0.22875314936583155,-0.9533861353570443,-0.0566737898429846,0.2260689852635817,False
SERPINB9,PROT,8,8w,"trained, F+M pooled",-0.18806401766380537,0.05744707252719788,-0.3006602798171132,-0.07546775551049753,0.0274150718229586,True
SH3BP5L,PROT,8,8w,"trained, F+M pooled",-0.13606941386295457,0.07976610504680615,-0.2924109797546946,0.020272152028785462,0.5106182121969246,False
SLC16A3,PROT,8,8w,"trained, F+M pooled",0.14372897930776365,0.06260997842627145,0.021013421592271625,0.26644453702325566,0.0946752571367026,False
SLC4A1,PROT,8,8w,"trained, F+M pooled",-0.7046666340839977,0.20145570552067663,-1.099519816904524,-0.3098134512634715,0.1259422619693553,False
SMDT1,PROT,8,8w,"trained, F+M pooled",0.08310852695830091,0.24615853271000146,-0.39936219715330196,0.5655792510699038,0.6821410021330699,False
SNCA,PROT,8,8w,"trained, F+M pooled",-0.010035861570062104,0.15807208996625324,-0.31985715790391844,0.29978543476379427,0.4301062329925441,False
SON,PROT,8,8w,"trained, F+M pooled",-0.09195921945394027,0.036710763613312665,-0.16391231613603308,-0.020006122771847448,0.3167502904562163,False
SORBS3,PROT,8,8w,"trained, F+M pooled",0.08188487395703198,0.041103153892440215,0.001322692327849151,0.1624470555862148,0.2155661588004233,False
SPTBN1,PROT,8,8w,"trained, F+M pooled",-0.0016341915040979358,0.046880836395061014,-0.09352063083841752,0.09025224783022165,0.4977129947034225,False
STARD7,PROT,8,8w,"trained, F+M pooled",0.0036540794733400765,0.06021464075978043,-0.11436661641582957,0.12167477536250973,0.6187538341903105,False
STK17B,PROT,8,8w,"trained, F+M pooled",-0.02390848550470602,0.10167183147250684,-0.22318527519081943,0.17536830418140736,0.8529710748021267,False
STK38L,PROT,8,8w,"trained, F+M pooled",-0.02218486529509077,0.03806597638910005,-0.09679417901772687,0.05242444842754533,0.6633272856795189,False
STX7,PROT,8,8w,"trained, F+M pooled",0.00587043941900285,0.06837415337003519,-0.12814290118626614,0.13988378002427182,0.7051321116970604,False
SUGT1,PROT,8,8w,"trained, F+M pooled",-0.01041536162899002,0.041659050728840366,-0.09206710105751714,0.07123637779953709,0.7539836296319906,False
TAOK2,PROT,8,8w,"trained, F+M pooled",0.1108460766929299,0.06601233140466677,-0.01853809286021696,0.24023024624607675,0.4125932371394342,False
TCEA3,PROT,8,8w,"trained, F+M pooled",-0.04042829935913409,0.035595128795934315,-0.11019475179916535,0.029338153080897163,0.3824003689304636,False
TCP11L2,PROT,8,8w,"trained, F+M pooled",0.03331733182129183,0.11448877399616078,-0.19108066521118328,0.25771532885376697,0.8396570089203382,False
TIMMDC1,PROT,8,8w,"trained, F+M pooled",0.034887178134998725,0.06291703909198501,-0.0884302184852919,0.15820457475528935,0.5662987769053655,False
TMEM33,PROT,8,8w,"trained, F+M pooled",0.006202759580644782,0.09095592651977884,-0.17207085639812172,0.1844763755594113,0.5501028445720032,False
TMOD1,PROT,8,8w,"trained, F+M pooled",-0.1376634383750962,0.061544137847277164,-0.25828994855575943,-0.017036928194432963,0.1297518816866029,False
TNFAIP3,PROT,8,8w,"trained, F+M pooled",0.07095553227941871,0.06873336046904015,-0.06376185423989998,0.2056729187987374,0.5004058032029076,False
TNS1,PROT,8,8w,"trained, F+M pooled",0.10878706304200701,0.03152495860454825,0.046998144177092444,0.17057598190692158,0.1045003990253548,False
TPM1,PROT,8,8w,"trained, F+M pooled",0.1608593622356403,0.07454053167050484,0.014759920161450807,0.3069588043098298,0.2549243119115276,False
TRAF6,PROT,8,8w,"trained, F+M pooled",0.08593652195903599,0.0734422879551823,-0.05801036243312131,0.2298834063511933,0.4800147537608573,False
TRAPPC9,PROT,8,8w,"trained, F+M pooled",-0.037883932109769695,0.04392504103089577,-0.12397701253032539,0.04820914831078601,0.3803447497263818,False
TRMT1L,PROT,8,8w,"trained, F+M pooled",-0.052290466811614165,0.16207306127156781,-0.36995366690388704,0.26537273328065875,0.6305452402707046,False
TRNT1,PROT,8,8w,"trained, F+M pooled",0.062404527906151336,0.03437667251289387,-0.004973750219120651,0.12978280603142334,0.2166433166918148,False
TSC22D3,PROT,8,8w,"trained, F+M pooled",0.06297123478292058,0.05306030900117766,-0.04102697085938764,0.1669694404252288,0.4920441492353592,False
TTC33,PROT,8,8w,"trained, F+M pooled",0.1043700738871634,0.06402011325403924,-0.021109348090753488,0.2298494958650803,0.5627847873166708,False
TTC9C,PROT,8,8w,"trained, F+M pooled",0.030918594822308552,0.12174708553468956,-0.207705692825683,0.2695428824703001,0.8890319905757218,False
UBALD2,PROT,8,8w,"trained, F+M pooled",-0.2088914895276387,0.0661993926085891,-0.3386422990404733,-0.07914068001480407,0.0767508111137295,False
VAMP2,PROT,8,8w,"trained, F+M pooled",-0.01890134539900059,0.07924997992114426,-0.17423130604444334,0.13642861524644215,0.7496610905089979,False
VAPA,PROT,8,8w,"trained, F+M pooled",-0.09355171779343006,0.06253137014885157,-0.21611320328517913,0.02900976769831902,0.4323332820548131,False
VPS35,PROT,8,8w,"trained, F+M pooled",0.016801342114723762,0.041728360168281235,-0.06498624381510745,0.09858892804455499,0.3450260180568748,False
VPS37A,PROT,8,8w,"trained, F+M pooled",-0.010333039734688774,0.1216587194468173,-0.24878412985045067,0.22811805038107313,0.971002202162192,False
VWA8,PROT,8,8w,"trained, F+M pooled",0.2389320226276552,0.054901306901514,0.13132546110068777,0.34653858415462263,0.0151177226926122,True
YIPF4,PROT,8,8w,"trained, F+M pooled",-0.05777934272733269,0.05622877203586141,-0.16798773591762106,0.052429050462955665,0.3960661606276843,False
YIPF5,PROT,8,8w,"trained, F+M pooled",-0.021519550604605774,0.09500101776331146,-0.20772154542069624,0.16468244421148467,0.9193211064820098,False
ZC3H14,PROT,8,8w,"trained, F+M pooled",0.039947398499864645,0.05936248302135969,-0.07640306822200035,0.15629786522172964,0.8446846387506377,False
ZFYVE21,PROT,8,8w,"trained, F+M pooled",-0.02250535885591258,0.07251315073895419,-0.1646311343042628,0.11962041659243762,0.9343389276383592,False
ZNF330,PROT,8,8w,"trained, F+M pooled",-0.016355859060173807,0.06749659255267339,-0.14864918046341366,0.11593746234306604,0.7021465545558527,False
