gene_symbol,uniprot,timepoint,feature_id_site,feature_id_parent,log2_fc_site,ci_lower_site,ci_upper_site,q_value_site,log2_fc_parent,ci_lower_parent,ci_upper_parent,q_value_parent
ARHGAP10,A1A4S6,post_15_30_45_min,A1A4S6_T696t,A1A4S6,0.650777785279853,0.290697221146496,1.01085834941321,0.0103651925024599,0.0213999060189246,-0.059352034421921,0.10215184645977,0.997666211618705
C4orf54,D6RIA3,post_15_30_45_min,D6RIA3_S1423s,D6RIA3,0.508690887663133,0.217635467356495,0.799746307969772,0.01358940468693,-0.0502332372125026,-0.128528353451138,0.0280618790261324,0.997666211618705
C4orf54,D6RIA3,post_15_30_45_min,D6RIA3_S207s,D6RIA3,-0.748612302139586,-1.01847943461296,-0.47874516966621,1.2667329437162e-05,-0.0502332372125026,-0.128528353451138,0.0280618790261324,0.997666211618705
C4orf54,D6RIA3,post_15_30_45_min,D6RIA3_S646s,D6RIA3,-0.479260639231543,-0.759205572818706,-0.19931570564438,0.0173532031902,-0.0502332372125026,-0.128528353451138,0.0280618790261324,0.997666211618705
C4orf54,D6RIA3,post_15_30_45_min,D6RIA3_S650s,D6RIA3,-0.603233852223023,-0.864245693480859,-0.342222010965188,0.0004037537853824,-0.0502332372125026,-0.128528353451138,0.0280618790261324,0.997666211618705
C4orf54,D6RIA3,post_15_30_45_min,D6RIA3_S895s,D6RIA3,-0.354632246739617,-0.577072626520443,-0.132191866958792,0.0305461560611261,-0.0502332372125026,-0.128528353451138,0.0280618790261324,0.997666211618705
C4orf54,D6RIA3,post_15_30_45_min,D6RIA3_T1125t,D6RIA3,-0.764341054443912,-1.08417450768798,-0.444507601199843,0.0002098738195199,-0.0502332372125026,-0.128528353451138,0.0280618790261324,0.997666211618705
C4orf54,D6RIA3,post_15_30_45_min,D6RIA3_T448t,D6RIA3,0.493548350225028,0.214435718664628,0.772660981785428,0.0146827929457132,-0.0502332372125026,-0.128528353451138,0.0280618790261324,0.997666211618705
C4orf54,D6RIA3,post_15_30_45_min,D6RIA3_T651t,D6RIA3,-0.441317541697536,-0.726536199002279,-0.156098884392793,0.0386793958558861,-0.0502332372125026,-0.128528353451138,0.0280618790261324,0.997666211618705
NACA,E9PAV3,post_15_30_45_min,E9PAV3_S1018sS1022s,E9PAV3,-0.4393486686578,-0.708174820855282,-0.170522516460319,0.0247700208165342,-0.0170037784071208,-0.0863146387420845,0.0523070819278429,0.997666211618705
NACA,E9PAV3,post_15_30_45_min,E9PAV3_S1022s,E9PAV3,-0.6030888169952,-0.886123951156996,-0.320053682833404,0.0012974066026232,-0.0170037784071208,-0.0863146387420845,0.0523070819278429,0.997666211618705
NACA,E9PAV3,post_15_30_45_min,E9PAV3_S1042sS1046s,E9PAV3,-0.674453850608143,-0.936103706982584,-0.412803994233701,4.61973588557176e-05,-0.0170037784071208,-0.0863146387420845,0.0523070819278429,0.997666211618705
NACA,E9PAV3,post_15_30_45_min,E9PAV3_S1046s,E9PAV3,-0.746105472163854,-1.0680856776571,-0.424125266670607,0.0003515209487646,-0.0170037784071208,-0.0863146387420845,0.0523070819278429,0.997666211618705
NACA,E9PAV3,post_15_30_45_min,E9PAV3_S134s,E9PAV3,1.18842329216061,0.892874752422764,1.48397183189845,5.2614442683591795e-11,-0.0170037784071208,-0.0863146387420845,0.0523070819278429,0.997666211618705
NACA,E9PAV3,post_15_30_45_min,E9PAV3_S1388s,E9PAV3,0.467423175425636,0.217007806158778,0.717838544692495,0.0075266430989161,-0.0170037784071208,-0.0863146387420845,0.0523070819278429,0.997666211618705
NACA,E9PAV3,post_15_30_45_min,E9PAV3_S1557s,E9PAV3,-0.515306858401866,-0.726199556261824,-0.304414160541907,0.0001691902969509,-0.0170037784071208,-0.0863146387420845,0.0523070819278429,0.997666211618705
NACA,E9PAV3,post_15_30_45_min,E9PAV3_S193s,E9PAV3,0.603894934745316,0.292822501876448,0.914967367614184,0.0048976250493109,-0.0170037784071208,-0.0863146387420845,0.0523070819278429,0.997666211618705
NACA,E9PAV3,post_15_30_45_min,E9PAV3_S585s,E9PAV3,0.383625192398764,0.133088392452003,0.634161992345525,0.0411510316070471,-0.0170037784071208,-0.0863146387420845,0.0523070819278429,0.997666211618705
NACA,E9PAV3,post_15_30_45_min,E9PAV3_S802s,E9PAV3,-0.520040643576339,-0.649718699386638,-0.39036258776604,3.1722117552790795e-11,-0.0170037784071208,-0.0863146387420845,0.0523070819278429,0.997666211618705
NACA,E9PAV3,post_15_30_45_min,E9PAV3_S829s,E9PAV3,0.419726427505444,0.145744650160451,0.693708204850436,0.04138532811752,-0.0170037784071208,-0.0863146387420845,0.0523070819278429,0.997666211618705
NACA,E9PAV3,post_15_30_45_min,E9PAV3_S834s,E9PAV3,0.436218446566189,0.190878537752491,0.681558355379888,0.0118234068928296,-0.0170037784071208,-0.0863146387420845,0.0523070819278429,0.997666211618705
NACA,E9PAV3,post_15_30_45_min,E9PAV3_S855s,E9PAV3,-0.760115931477769,-0.987312425754888,-0.532919437200649,3.61701627742229e-08,-0.0170037784071208,-0.0863146387420845,0.0523070819278429,0.997666211618705
NACA,E9PAV3,post_15_30_45_min,E9PAV3_S860s,E9PAV3,0.742336384124076,0.439312781851924,1.04535998639623,0.0001296296229604,-0.0170037784071208,-0.0863146387420845,0.0523070819278429,0.997666211618705
NACA,E9PAV3,post_15_30_45_min,E9PAV3_S917s,E9PAV3,-0.412978292953044,-0.602995783471747,-0.22296080243434,0.0009921989513649,-0.0170037784071208,-0.0863146387420845,0.0523070819278429,0.997666211618705
NACA,E9PAV3,post_15_30_45_min,E9PAV3_T1034t,E9PAV3,-0.41759166851196,-0.59290834497894,-0.242274992044981,0.0002001729895025,-0.0170037784071208,-0.0863146387420845,0.0523070819278429,0.997666211618705
NACA,E9PAV3,post_15_30_45_min,E9PAV3_T1128tT1132t,E9PAV3,-0.590959798712943,-0.871890750742865,-0.310028846683021,0.0016632957113623,-0.0170037784071208,-0.0863146387420845,0.0523070819278429,0.997666211618705
NACA,E9PAV3,post_15_30_45_min,E9PAV3_T1132t,E9PAV3,-0.332015340120589,-0.503738487197252,-0.160292193043926,0.0048017533312665,-0.0170037784071208,-0.0863146387420845,0.0523070819278429,0.997666211618705
NACA,E9PAV3,post_15_30_45_min,E9PAV3_T1142t,E9PAV3,-0.394705019032276,-0.617197424399188,-0.172212613665364,0.0119130725628113,-0.0170037784071208,-0.0863146387420845,0.0523070819278429,0.997666211618705
NACA,E9PAV3,post_15_30_45_min,E9PAV3_T1257t,E9PAV3,-0.444957558835399,-0.697901506542732,-0.192013611128066,0.0137267793784185,-0.0170037784071208,-0.0863146387420845,0.0523070819278429,0.997666211618705
NACA,E9PAV3,post_15_30_45_min,E9PAV3_T1326t,E9PAV3,-0.597283716015386,-0.746005557140789,-0.448561874889983,3.07545757839675e-11,-0.0170037784071208,-0.0863146387420845,0.0523070819278429,0.997666211618705
NACA,E9PAV3,post_15_30_45_min,E9PAV3_T1385t,E9PAV3,-0.667295009779815,-0.887567886915659,-0.447022132643972,8.77278477687375e-07,-0.0170037784071208,-0.0863146387420845,0.0523070819278429,0.997666211618705
NACA,E9PAV3,post_15_30_45_min,E9PAV3_T1434t,E9PAV3,-0.379732815037144,-0.566023218953273,-0.193442411121015,0.0024244145328993,-0.0170037784071208,-0.0863146387420845,0.0523070819278429,0.997666211618705
NACA,E9PAV3,post_15_30_45_min,E9PAV3_T744t,E9PAV3,-0.325867345857013,-0.454665889255496,-0.197068802458529,6.97105799746295e-05,-0.0170037784071208,-0.0863146387420845,0.0523070819278429,0.997666211618705
NACA,E9PAV3,post_15_30_45_min,E9PAV3_T941t,E9PAV3,-0.364531379221285,-0.568486237656446,-0.160576520786124,0.0110730765634943,-0.0170037784071208,-0.0863146387420845,0.0523070819278429,0.997666211618705
DFFA,O00273,post_15_30_45_min,O00273_S28s,O00273,0.919620412337258,0.533622148461214,1.3056186762133,0.000257367308661,0.0297347468379,-0.0356271689089234,0.0950966625847234,0.997666211618705
PDHX,O00330,post_15_30_45_min,O00330_S196s,O00330,-0.596172038269895,-0.870589070030359,-0.321755006509432,0.0010059477935518,-0.0654538920379764,-0.174976174022846,0.0440683899468934,0.997666211618705
ACACB,O00763,post_15_30_45_min,O00763_S37s,O00763,0.686978913573984,0.46039589805719,0.913561929090778,1.05102131647414e-06,0.0093630193215157,-0.0537031203903032,0.0724291590333346,0.997666211618705
ACACB,O00763,post_15_30_45_min,O00763_S72s,O00763,0.995738902589781,0.644511220342182,1.34696658483738,9.85303547264112e-06,0.0093630193215157,-0.0537031203903032,0.0724291590333346,0.997666211618705
ARHGEF11,O15085,post_15_30_45_min,O15085_S635s,O15085,0.479638128657619,0.26639882028727,0.692877437027968,0.0006032322222763,0.0385568979079131,-0.0909705721306561,0.168084367946482,0.997666211618705
RGL2,O15211,post_15_30_45_min,O15211_S409s,O15211,0.8637488720737,0.374589113115504,1.3529086310319,0.0131862760168345,-0.011851569238828,-0.0813513841620804,0.0576482456844243,0.997666211618705
CASC3,O15234,post_15_30_45_min,O15234_S117s,O15234,-0.345060916649478,-0.545745222400006,-0.144376610898949,0.016324163414814,-0.0677119613441534,-0.179561967457541,0.0441380447692342,0.997666211618705
TCAP,O15273,post_15_30_45_min,O15273_S159s,O15273,-0.597018131850501,-0.981200681179431,-0.212835582521571,0.0368712044934859,-0.0483263279625151,-0.165632972810584,0.0689803168855536,0.997666211618705
DYNC1LI2,O43237,post_15_30_45_min,O43237_S407s,O43237,-0.413682986640395,-0.621613185650342,-0.205752787630447,0.0034792776968784,-0.0303338217480073,-0.10127879688872,0.0406111533927051,0.997666211618705
DYNC1LI2,O43237,post_15_30_45_min,O43237_S446s,O43237,-0.349490743287197,-0.56979589739208,-0.129185589182315,0.0314110384901588,-0.0303338217480073,-0.10127879688872,0.0406111533927051,0.997666211618705
SART1,O43290,post_15_30_45_min,O43290_S448s,O43290,0.354747217896519,0.156447085201308,0.55304735059173,0.0109974438494065,0.0611783492493767,-0.0313350786181339,0.153691777116887,0.997666211618705
EIF4G3,O43432,post_15_30_45_min,O43432_S495s,O43432,-0.307384911281001,-0.496647739981231,-0.118122082580772,0.0268511967988893,-0.0084267489805623,-0.0864404404180277,0.069586942456903,0.997666211618705
EPB41L2,O43491,post_15_30_45_min,O43491_S715s,O43491,0.405233278205865,0.229777622866456,0.580688933545275,0.000413464749549,0.0283301463690857,-0.0860111527743625,0.142671445512534,0.997666211618705
DNPH1,O43598,post_15_30_45_min,O43598_S12s,O43598,0.594960018329429,0.287703574646218,0.902216462012641,0.0044603421811982,0.0032372380028122,-0.103279287185792,0.109753763191416,0.997666211618705
PRKAB2,O43741,post_15_30_45_min,O43741_S108s,O43741,0.638855939397736,0.521244941896066,0.756466936899407,4.73624108681606e-19,0.0060009985803814,-0.0684746910258182,0.0804766881865811,0.997666211618705
SGTA,O43765,post_15_30_45_min,O43765_S77s,O43765,0.911505538453335,0.419941239364317,1.40306983754235,0.0082512035947294,-0.0082749213990681,-0.0771870923217158,0.0606372495235794,0.997666211618705
KIF1C,O43896,post_15_30_45_min,O43896_T1083t,O43896,-0.22314666219671,-0.368512853951907,-0.077780470441513,0.0405484166658208,0.0037349875792341,-0.0653451104978772,0.0728150856563454,0.997666211618705
TBC1D4,O60343,post_15_30_45_min,O60343_S754s,O60343,-0.495886941391914,-0.740615079925294,-0.251158802858533,0.0026522017372694,0.0027017860703869,-0.0602995360016867,0.0657031081424606,0.997666211618705
SNX3,O60493,post_15_30_45_min,O60493_S72s,O60493,0.288693699181837,0.0959155869184654,0.481471811445208,0.0488434108589027,-0.0310460829171527,-0.0953511605118303,0.0332589946775248,0.997666211618705
SNX3,O60493,post_15_30_45_min,O60493_Y71y,O60493,0.419277225152132,0.181433220329197,0.657121229975067,0.0132301042796576,-0.0310460829171527,-0.0953511605118303,0.0332589946775248,0.997666211618705
NEMF,O60524,post_15_30_45_min,O60524_S831s,O60524,0.588154328121955,0.200288365150778,0.976020291093131,0.0474468900097525,-0.0103870268923643,-0.0835587111221013,0.0627846573373727,0.997666211618705
PLIN3,O60664,post_15_30_45_min,O60664_S196s,O60664,0.386812045472209,0.169551593558692,0.604072497385726,0.012092947398028,0.0178425584982209,-0.0645149041067175,0.100200021103159,0.997666211618705
PLIN3,O60664,post_15_30_45_min,O60664_S31s,O60664,1.50846908747952,1.26624416015328,1.75069401480576,1.3852845820454101e-24,0.0178425584982209,-0.0645149041067175,0.100200021103159,0.997666211618705
PLIN3,O60664,post_15_30_45_min,O60664_T38t,O60664,1.09060109221851,0.721523654350194,1.45967853008684,3.08340503533001e-06,0.0178425584982209,-0.0645149041067175,0.100200021103159,0.997666211618705
CTNND1,O60716-3,post_15_30_45_min,O60716-3_S230s,O60716-3,-0.52734893884377,-0.776204091640645,-0.278493786046895,0.0015252756654469,-0.0352672583731685,-0.105874861261525,0.0353403445151882,0.997666211618705
CTNND1,O60716-3,post_15_30_45_min,O60716-3_S920s,O60716-3,-0.523721565327438,-0.790581858090172,-0.256861272564704,0.0047910838554458,-0.0352672583731685,-0.105874861261525,0.0353403445151882,0.997666211618705
DKC1,O60832,post_15_30_45_min,O60832_S21s,O60832,0.55937744059953,0.256170631636364,0.862584249562695,0.0081609467072253,0.0033389671006175,-0.0614785523519797,0.0681564865532148,0.997666211618705
EIF5B,O60841,post_15_30_45_min,O60841_S107s,O60841,0.60100669672013,0.373344584364241,0.82866880907602,3.10609446758149e-05,-0.0066684897065059,-0.0737052053259413,0.0603682259129295,0.997666211618705
EIF5B,O60841,post_15_30_45_min,O60841_T301t,O60841,-0.547340414007249,-0.735233007894482,-0.359447820120017,2.82499676979128e-06,-0.0066684897065059,-0.0737052053259413,0.0603682259129295,0.997666211618705
EIF5B,O60841,post_15_30_45_min,O60841_T303t,O60841,-0.466466574372867,-0.725950467269812,-0.206982681475922,0.0110966265527192,-0.0066684897065059,-0.0737052053259413,0.0603682259129295,0.997666211618705
PPP1R11,O60927,post_15_30_45_min,O60927_S77s,O60927,0.373086007873131,0.132082416083792,0.61408959966247,0.0378142705846941,0.0386621211416097,-0.109664733269888,0.186988975553107,0.997666211618705
NOL3,O60936,post_15_30_45_min,O60936_T114t,O60936,-0.244518292976843,-0.386558453918564,-0.102478132035121,0.0154529973147079,-0.0008658492609939,-0.0958469225467199,0.094115224024732,0.998975977221429
N4BP1,O75113,post_15_30_45_min,O75113_S300s,O75113,0.278724065757339,0.155663804433528,0.401784327081149,0.0004848033078594,-0.0145871694195344,-0.166019479733557,0.136845140894488,0.997666211618705
N4BP1,O75113,post_15_30_45_min,O75113_T242t,O75113,-0.306574710119591,-0.462186665535575,-0.150962754703607,0.0035990151696338,-0.0145871694195344,-0.166019479733557,0.136845140894488,0.997666211618705
COBL,O75128-5,post_15_30_45_min,O75128-5_T66t,O75128-5,0.559647611242882,0.224081619095823,0.895213603389941,0.0217580436101092,0.043284882504167,-0.0607288658331884,0.147298630841522,0.997666211618705
CSDE1,O75534-4,post_15_30_45_min,O75534-4_S630s,O75534-4,0.729180437129454,0.469050555865992,0.989310318392917,7.05321310732114e-06,-0.0322643851004858,-0.10579366591496,0.0412648957139878,0.997666211618705
PRKRA,O75569,post_15_30_45_min,O75569_S130s,O75569,0.434601753411815,0.162201440263667,0.707002066559962,0.0310584952787492,0.0058981986049225,-0.0633224645273528,0.075118861737198,0.997666211618705
PRKRA,O75569,post_15_30_45_min,O75569_S18s,O75569,0.331746307659851,0.184089094403143,0.47940352091656,0.0005500881958224,0.0058981986049225,-0.0633224645273528,0.075118861737198,0.997666211618705
MPDZ,O75970,post_15_30_45_min,O75970_S1283s,O75970,0.457474556013548,0.154962258258705,0.759986853768392,0.046495614525763,-0.0113387257039371,-0.0926309756160004,0.0699535242081261,0.997666211618705
TPPP,O94811,post_15_30_45_min,O94811_S160s,O94811,-0.753124525122585,-1.10891171906301,-0.397337331182158,0.0016454151095013,-0.0267161803069882,-0.125493425613637,0.0720610649996607,0.997666211618705
TOMM70,O94826,post_15_30_45_min,O94826_S91s,O94826,-0.338449740113907,-0.47986408525645,-0.197035394971364,0.0001922718020263,-0.0797089922087851,-0.185139346124396,0.0257213617068256,0.997666211618705
TOMM70,O94826,post_15_30_45_min,O94826_S96s,O94826,-0.344345511288853,-0.547563297100924,-0.141127725476782,0.017834414094717,-0.0797089922087851,-0.185139346124396,0.0257213617068256,0.997666211618705
PLPBP,O94903,post_15_30_45_min,O94903_S244s,O94903,0.620384818088722,0.413563094545484,0.82720654163196,2.63237834285424e-06,0.0235115918959224,-0.0416629348905083,0.0886861186823532,0.997666211618705
WDR47,O94967,post_15_30_45_min,O94967_S312s,O94967,-0.821493130366087,-1.03067922880173,-0.612307031930446,7.338594382696849e-11,-0.0270063119351418,-0.114525537182702,0.0605129133124181,0.997666211618705
SNUPN,O95149,post_15_30_45_min,O95149_S75s,O95149,-0.528237298627137,-0.838809406439204,-0.21766519081507,0.0188820093264842,0.0139670114663886,-0.103497400160584,0.131431423093361,0.997666211618705
UBE4B,O95155,post_15_30_45_min,O95155_S124s,O95155,0.39328882560686,0.168723070068528,0.617854581145192,0.0137853868964805,0.0156543051530666,-0.0602343522243303,0.0915429625304634,0.997666211618705
STBD1,O95210,post_15_30_45_min,O95210_S148s,O95210,0.510610163549273,0.204102674041756,0.817117653056791,0.0209856943992543,-0.0139732196836326,-0.139230266742094,0.111283827374829,0.997666211618705
STBD1,O95210,post_15_30_45_min,O95210_S188s,O95210,0.507919851742735,0.254311162215173,0.761528541270297,0.0032326306789567,-0.0139732196836326,-0.139230266742094,0.111283827374829,0.997666211618705
STBD1,O95210,post_15_30_45_min,O95210_S190s,O95210,0.690543031370762,0.339845302889047,1.04124075985248,0.0049304352026488,-0.0139732196836326,-0.139230266742094,0.111283827374829,0.997666211618705
STBD1,O95210,post_15_30_45_min,O95210_S194s,O95210,0.372938888038151,0.147886957901954,0.597990818174349,0.0218149599882315,-0.0139732196836326,-0.139230266742094,0.111283827374829,0.997666211618705
TACC2,O95359,post_15_30_45_min,O95359_S1119s,O95359,0.504022101143635,0.219674430083891,0.788369772203378,0.0122244691073932,-0.0292442296496813,-0.104404661258479,0.0459162019591167,0.997666211618705
TACC2,O95359,post_15_30_45_min,O95359_S197s,O95359,-0.564590794913616,-0.717378327156249,-0.411803262670984,1.6286415044369802e-09,-0.0292442296496813,-0.104404661258479,0.0459162019591167,0.997666211618705
TACC2,O95359,post_15_30_45_min,O95359_S201s,O95359,-0.383525120532079,-0.535809610863469,-0.231240630200688,8.41149684807706e-05,-0.0292442296496813,-0.104404661258479,0.0459162019591167,0.997666211618705
TACC2,O95359,post_15_30_45_min,O95359_S2359s,O95359,0.451264729011128,0.172125869063178,0.730403588959079,0.0270273564376951,-0.0292442296496813,-0.104404661258479,0.0459162019591167,0.997666211618705
TACC2,O95359,post_15_30_45_min,O95359_S2394s,O95359,-0.399192960730145,-0.585491956555865,-0.212893964904425,0.0012974066026232,-0.0292442296496813,-0.104404661258479,0.0459162019591167,0.997666211618705
TACC2,O95359,post_15_30_45_min,O95359_S2557s,O95359,-0.578035990516438,-0.756442823248867,-0.399629157784008,1.43823967869404e-07,-0.0292442296496813,-0.104404661258479,0.0459162019591167,0.997666211618705
TACC2,O95359,post_15_30_45_min,O95359_S2577s,O95359,0.600237579062298,0.238442288002331,0.962032870122265,0.0223319647410065,-0.0292442296496813,-0.104404661258479,0.0459162019591167,0.997666211618705
TACC2,O95359,post_15_30_45_min,O95359_S28s,O95359,-0.438518212487506,-0.644563290096619,-0.232473134878394,0.0014807908763402,-0.0292442296496813,-0.104404661258479,0.0459162019591167,0.997666211618705
TACC2,O95359,post_15_30_45_min,O95359_S473s,O95359,0.757761653076432,0.464271973661113,1.05125133249175,5.06996006442271e-05,-0.0292442296496813,-0.104404661258479,0.0459162019591167,0.997666211618705
TACC2,O95359,post_15_30_45_min,O95359_T2246t,O95359,-0.311868178433648,-0.512852851458606,-0.110883505408689,0.0378817056934076,-0.0292442296496813,-0.104404661258479,0.0459162019591167,0.997666211618705
ZFYVE9,O95405,post_15_30_45_min,O95405_S121s,O95405,1.02260245605748,0.68560052844421,1.35960438367076,3.69549657649499e-06,-0.0090782424115384,-0.184223130227458,0.166066645404381,0.997666211618705
SVIL,O95425,post_15_30_45_min,O95425_S238s,O95425,0.32287918161904,0.120934701535309,0.524823661702772,0.0293915929372605,-0.0368040182041799,-0.118001892250993,0.0443938558426328,0.997666211618705
SVIL,O95425,post_15_30_45_min,O95425_S263sS270s,O95425,0.519365441305314,0.221415591008751,0.817315291601876,0.013990853173473,-0.0368040182041799,-0.118001892250993,0.0443938558426328,0.997666211618705
SVIL,O95425,post_15_30_45_min,O95425_S276s,O95425,0.533803295501509,0.264202960300707,0.803403630702311,0.0035729003245207,-0.0368040182041799,-0.118001892250993,0.0443938558426328,0.997666211618705
SVIL,O95425,post_15_30_45_min,O95425_S276sT277t,O95425,0.86103517461908,0.461451444286314,1.26061890495185,0.0013572483322776,-0.0368040182041799,-0.118001892250993,0.0443938558426328,0.997666211618705
SVIL,O95425,post_15_30_45_min,O95425_S315sS319s,O95425,-1.03009451786114,-1.45725405760521,-0.60293497811708,0.0001783484855712,-0.0368040182041799,-0.118001892250993,0.0443938558426328,0.997666211618705
SVIL,O95425,post_15_30_45_min,O95425_S319s,O95425,-0.852995129152093,-1.08678310208616,-0.619207156218026,1.78988587061583e-09,-0.0368040182041799,-0.118001892250993,0.0443938558426328,0.997666211618705
SVIL,O95425,post_15_30_45_min,O95425_S769s,O95425,0.323818369310866,0.149848114249895,0.497788624371836,0.0073278870493572,-0.0368040182041799,-0.118001892250993,0.0443938558426328,0.997666211618705
SVIL,O95425,post_15_30_45_min,O95425_S914sS920s,O95425,-0.513646266571202,-0.74828747523003,-0.279005057912375,0.0009087957143219,-0.0368040182041799,-0.118001892250993,0.0443938558426328,0.997666211618705
SVIL,O95425,post_15_30_45_min,O95425_S920s,O95425,-0.575355909825486,-0.781707864207116,-0.369003955443857,7.83343850728947e-06,-0.0368040182041799,-0.118001892250993,0.0443938558426328,0.997666211618705
SVIL,O95425,post_15_30_45_min,O95425_T240tS245s,O95425,0.809928969387659,0.401591427464914,1.2182665113104,0.0040418356902346,-0.0368040182041799,-0.118001892250993,0.0443938558426328,0.997666211618705
NFATC1,O95644,post_15_30_45_min,O95644_S359s,O95644,0.447687520991102,0.259191240932362,0.636183801049842,0.0002419003315398,0.0052760780169399,-0.0858269458995281,0.0963791019334079,0.997666211618705
NFATC1,O95644,post_15_30_45_min,O95644_S887s,O95644,-0.49343388440991,-0.642734786088052,-0.344132982731769,7.51600691526142e-08,0.0052760780169399,-0.0858269458995281,0.0963791019334079,0.997666211618705
SNAP29,O95721,post_15_30_45_min,O95721_S163s,O95721,1.36251962447818,1.063219011187,1.66182023776937,3.65150142838585e-13,0.0036304692868245,-0.0719878125500374,0.0792487511236865,0.997666211618705
STAU1,O95793,post_15_30_45_min,O95793_S390s,O95793,-0.435617470101534,-0.611952840213086,-0.259282099989981,0.0001371003576526,-0.010373124297313,-0.0772605246626714,0.0565142760680454,0.997666211618705
CAVIN2,O95810,post_15_30_45_min,O95810_S27s,O95810,0.329719059279897,0.14468644321863,0.514751675341165,0.0110730765634943,-0.0071801160179053,-0.125944400613487,0.111584168577676,0.997666211618705
CAVIN2,O95810,post_15_30_45_min,O95810_S288sS293s,O95810,-0.951355614115346,-1.17876761488618,-0.723943613344507,4.08955610311483e-12,-0.0071801160179053,-0.125944400613487,0.111584168577676,0.997666211618705
CAVIN2,O95810,post_15_30_45_min,O95810_S293s,O95810,-0.394703778075326,-0.62699958884123,-0.162407967309421,0.0174332382385516,-0.0071801160179053,-0.125944400613487,0.111584168577676,0.997666211618705
BAG3,O95817,post_15_30_45_min,O95817_S173s,O95817,-0.331505931433416,-0.448416428901301,-0.214595433965531,4.3271417252704e-06,-0.0286467767397253,-0.118074419058138,0.0607808655786876,0.997666211618705
BAG3,O95817,post_15_30_45_min,O95817_S173sS177s,O95817,-0.531418963190434,-0.795041920984335,-0.267796005396534,0.0027807643038226,-0.0286467767397253,-0.118074419058138,0.0607808655786876,0.997666211618705
BAG3,O95817,post_15_30_45_min,O95817_S269s,O95817,0.857303203591673,0.568566618252274,1.14603978893107,1.63528066746907e-06,-0.0286467767397253,-0.118074419058138,0.0607808655786876,0.997666211618705
BAG3,O95817,post_15_30_45_min,O95817_S274sS275s,O95817,-1.1464199021792,-1.67356074158993,-0.61927906276848,0.0011329471496104,-0.0286467767397253,-0.118074419058138,0.0607808655786876,0.997666211618705
BAG3,O95817,post_15_30_45_min,O95817_S275s,O95817,-0.766180915729411,-0.994916896529025,-0.537444934929797,5.35435959886802e-08,-0.0286467767397253,-0.118074419058138,0.0607808655786876,0.997666211618705
BAG3,O95817,post_15_30_45_min,O95817_S291s,O95817,-0.469707497340999,-0.705679716576805,-0.233735278105192,0.0033817390225245,-0.0286467767397253,-0.118074419058138,0.0607808655786876,0.997666211618705
BAG3,O95817,post_15_30_45_min,O95817_S377sS386s,O95817,0.490076325382074,0.19307919618615,0.787073454577997,0.0227741617587523,-0.0286467767397253,-0.118074419058138,0.0607808655786876,0.997666211618705
BAG3,O95817,post_15_30_45_min,O95817_T285t,O95817,-0.747180158390284,-1.08375542824528,-0.410604888535285,0.000643885270446,-0.0286467767397253,-0.118074419058138,0.0607808655786876,0.997666211618705
BAG3,O95817,post_15_30_45_min,O95817_T285tS289s,O95817,-0.763793181612119,-1.0334189597625,-0.494167403461737,5.02934414470903e-06,-0.0286467767397253,-0.118074419058138,0.0607808655786876,0.997666211618705
CRYAB,P02511,post_15_30_45_min,P02511_S59s,P02511,1.52033954678125,0.99616708026795,2.04451201329456,2.77018429706921e-06,-0.0304608935695902,-0.16922188347742,0.108300096338239,0.997666211618705
LMNA,P02545,post_15_30_45_min,P02545_S403sS404s,P02545,0.450217526438012,0.154420728585409,0.746014324290615,0.0444389765490334,0.0162403293860027,-0.0925434669499728,0.125024125721978,0.997666211618705
LMNA,P02545,post_15_30_45_min,P02545_S404s,P02545,0.520836079915281,0.196172543529618,0.845499616300944,0.0287165543976842,0.0162403293860027,-0.0925434669499728,0.125024125721978,0.997666211618705
LMNA,P02545,post_15_30_45_min,P02545_S404sS407s,P02545,0.42095782023813,0.173414359060194,0.668501281416066,0.0176935933003273,0.0162403293860027,-0.0925434669499728,0.125024125721978,0.997666211618705
RAF1,P04049,post_15_30_45_min,P04049_S296s,P04049,-0.457269403010406,-0.73466190320172,-0.179876902819093,0.0238967574364112,-0.0369745739818097,-0.137150223354119,0.0632010753904992,0.997666211618705
RPLP2,P05387,post_15_30_45_min,P05387_S79s,P05387,0.313348209713244,0.129967099354286,0.496729320072201,0.0171686606372767,-0.0182144528356462,-0.0852616456088089,0.0488327399375166,0.997666211618705
HSP90AB1,P08238,post_15_30_45_min,P08238_S255s,P08238,-0.246162980598585,-0.397817207270133,-0.0945087539270369,0.0261401040985912,-0.0411850813333087,-0.122064337877115,0.0396941752104978,0.997666211618705
CALM1,P0DP23,post_15_30_45_min,P0DP23_S102s,P0DP23,0.702169759659725,0.480707979456896,0.923631539862554,6.71734276008487e-07,0.0533571895067307,-0.0415401633196396,0.148254542333101,0.997666211618705
ARAF,P10398,post_15_30_45_min,P10398_S186s,P10398,0.485624059161957,0.206738966057492,0.764509152266423,0.0142722508188588,-0.0268068161538617,-0.0905908977152075,0.0369772654074841,0.997666211618705
ARAF,P10398,post_15_30_45_min,P10398_S257s,P10398,-0.708466425553685,-0.908807933564376,-0.508124917542994,6.0522272939091e-09,-0.0268068161538617,-0.0905908977152075,0.0369772654074841,0.997666211618705
ARAF,P10398,post_15_30_45_min,P10398_T253tS257s,P10398,-1.2458054076408,-1.70894287718221,-0.7826679380994,2.22784679112752e-05,-0.0268068161538617,-0.0905908977152075,0.0369772654074841,0.997666211618705
PRKAR1A,P10644,post_15_30_45_min,P10644_S77s,P10644,0.385404338489904,0.189337519018197,0.581471157961611,0.003876047425801,0.0081511403623631,-0.0799649865221178,0.0962672672468441,0.997666211618705
PRKAR1A,P10644,post_15_30_45_min,P10644_S77sS83s,P10644,0.309537871022386,0.132466458842518,0.486609283202253,0.0135336531595662,0.0081511403623631,-0.0799649865221178,0.0962672672468441,0.997666211618705
DMD,P11532,post_15_30_45_min,P11532_S3623sS3624s,P11532,1.09048798286571,0.768230459999679,1.41274550573173,8.65275223782945e-08,0.0137611362548115,-0.0739953436298593,0.101517616139482,0.997666211618705
GYS1,P13807,post_15_30_45_min,P13807_S641s,P13807,0.399832381871219,0.217802849056261,0.581861914686176,0.0008212507836383,0.0157417965161704,-0.0779920051944001,0.109475598226741,0.997666211618705
GYS1,P13807,post_15_30_45_min,P13807_S641sS645s,P13807,-0.433222033167564,-0.614349618255053,-0.252094448080076,0.0001975784068502,0.0157417965161704,-0.0779920051944001,0.109475598226741,0.997666211618705
GYS1,P13807,post_15_30_45_min,P13807_S645s,P13807,0.544929628978283,0.360757898292056,0.729101359664511,1.71522074322463e-06,0.0157417965161704,-0.0779920051944001,0.109475598226741,0.997666211618705
GYS1,P13807,post_15_30_45_min,P13807_S647s,P13807,0.844988304411753,0.498561238657245,1.19141537016626,0.000153485355085,0.0157417965161704,-0.0779920051944001,0.109475598226741,0.997666211618705
GYS1,P13807,post_15_30_45_min,P13807_S649s,P13807,1.17754954848653,0.92476275426284,1.43033634271023,3.3042741053354102e-15,0.0157417965161704,-0.0779920051944001,0.109475598226741,0.997666211618705
GYS1,P13807,post_15_30_45_min,P13807_S653s,P13807,1.23179207741413,0.959443738404251,1.50414041642401,3.29933146344404e-13,0.0157417965161704,-0.0779920051944001,0.109475598226741,0.997666211618705
GYS1,P13807,post_15_30_45_min,P13807_S657s,P13807,1.06268430928699,0.653600130939754,1.47176848763422,5.07716481410869e-05,0.0157417965161704,-0.0779920051944001,0.109475598226741,0.997666211618705
GYS1,P13807,post_15_30_45_min,P13807_S657sY675y,P13807,0.62787223882929,0.379780426308993,0.875964051349589,7.49964988906536e-05,0.0157417965161704,-0.0779920051944001,0.109475598226741,0.997666211618705
GYS1,P13807,post_15_30_45_min,P13807_S710sS723s,P13807,0.583304454646018,0.232598080407017,0.934010828885018,0.0224845334675303,0.0157417965161704,-0.0779920051944001,0.109475598226741,0.997666211618705
GYS1,P13807,post_15_30_45_min,P13807_Y636yS645s,P13807,-0.289615598024095,-0.481779598527126,-0.0974515975210629,0.0468555275930357,0.0157417965161704,-0.0779920051944001,0.109475598226741,0.997666211618705
DES,P17661,post_15_30_45_min,P17661_S28sS31s,P17661,-0.295342063800673,-0.454137896365269,-0.136546231236078,0.0074793436803292,0.0036395213382193,-0.111322190253371,0.118601232929809,0.997666211618705
DES,P17661,post_15_30_45_min,P17661_S28sS32s,P17661,-0.363967356715843,-0.510656692646104,-0.217278020785582,0.00010601581653,0.0036395213382193,-0.111322190253371,0.118601232929809,0.997666211618705
DES,P17661,post_15_30_45_min,P17661_S424s,P17661,0.308704786731483,0.126050849644842,0.491358723818123,0.0185995956680026,0.0036395213382193,-0.111322190253371,0.118601232929809,0.997666211618705
DES,P17661,post_15_30_45_min,P17661_S45s,P17661,0.609077556039638,0.345951203307361,0.872203908771916,0.0003656689713263,0.0036395213382193,-0.111322190253371,0.118601232929809,0.997666211618705
CAPN3,P20807,post_15_30_45_min,P20807_S19s,P20807,0.443678493187025,0.148203233841253,0.739153752532797,0.0474980633476656,0.0082918851868294,-0.0790211611979914,0.0956049315716502,0.997666211618705
CAST,P20810-6,post_15_30_45_min,P20810-6_S154s,P20810-6,0.535682314264805,0.199288708771602,0.872075919758009,0.0306060909675018,0.0553883225084777,-0.0414332893795764,0.152209934396532,0.997666211618705
CAST,P20810-6,post_15_30_45_min,P20810-6_S34s,P20810-6,-1.18514373013974,-1.61589984633716,-0.754387613942331,1.45990265937193e-05,0.0553883225084777,-0.0414332893795764,0.152209934396532,0.997666211618705
CAST,P20810-6,post_15_30_45_min,P20810-6_S449s,P20810-6,0.589756624652444,0.374011117260541,0.805502132044347,1.2667329437162e-05,0.0553883225084777,-0.0414332893795764,0.152209934396532,0.997666211618705
CAST,P20810-6,post_15_30_45_min,P20810-6_S644s,P20810-6,0.47690345405528,0.236527850900151,0.71727905721041,0.003584529058584,0.0553883225084777,-0.0414332893795764,0.152209934396532,0.997666211618705
RYR1,P21817,post_15_30_45_min,P21817_S2845s,P21817,0.293284011401458,0.0990928832988609,0.487475139504055,0.0453171455880653,0.0400972932322288,-0.0942106789970887,0.174405265461546,0.997666211618705
PRKACB,P22694,post_15_30_45_min,P22694_T52t,P22694,0.444013510431906,0.200170252341312,0.687856768522499,0.0110886872238599,0.0495230612472405,-0.0700029024296337,0.169049024924115,0.997666211618705
EIF4B,P23588,post_15_30_45_min,P23588_S422s,P23588,1.00406004888394,0.458676680231902,1.54944341753597,0.0085271644042167,-0.040673351129064,-0.100411888739529,0.0190651864814006,0.997666211618705
EIF4B,P23588,post_15_30_45_min,P23588_S442sS445s,P23588,0.912304225362695,0.391855637339294,1.4327528133861,0.0140358142836921,-0.040673351129064,-0.100411888739529,0.0190651864814006,0.997666211618705
EIF4B,P23588,post_15_30_45_min,P23588_S445s,P23588,0.556150038187776,0.316295520518278,0.796004555857274,0.0003415470457355,-0.040673351129064,-0.100411888739529,0.0190651864814006,0.997666211618705
EIF4B,P23588,post_15_30_45_min,P23588_S497sS498s,P23588,0.704361501202385,0.391354020879092,1.01736898152568,0.0006078346488468,-0.040673351129064,-0.100411888739529,0.0190651864814006,0.997666211618705
PDE4A,P27815-2,post_15_30_45_min,P27815-2_S183s,P27815-2,0.501201772302662,0.213424626634318,0.788978917971007,0.0142722508188588,0.0016645667482659,-0.195867013848016,0.199196147344548,0.998975977221429
NOS1,P29475-5,post_15_30_45_min,P29475-5_S886s,P29475-5,1.17921041007873,0.695336189848545,1.66308463030891,0.0001402094160685,0.0693494129988224,-0.0055778555355173,0.144276681533162,0.997666211618705
PML,P29590,post_15_30_45_min,P29590_S480s,P29590,0.47684111002222,0.166407128519896,0.787275091524544,0.0403005327835786,0.0321837588086695,-0.0573091160638421,0.121676633681181,0.997666211618705
PML,P29590,post_15_30_45_min,P29590_S518sS527s,P29590,-0.386353981369407,-0.6080508392398,-0.164657123499014,0.0149960816578404,0.0321837588086695,-0.0573091160638421,0.121676633681181,0.997666211618705
PML,P29590,post_15_30_45_min,P29590_T867t,P29590,-0.254965577956708,-0.42121490514342,-0.0887162507699964,0.0440395980021678,0.0321837588086695,-0.0573091160638421,0.121676633681181,0.997666211618705
MARCKS,P29966,post_15_30_45_min,P29966_S101s,P29966,0.862112646868761,0.59891056427431,1.12531472946321,9.33193295137341e-08,0.0418453111869478,-0.0855805040706452,0.169271126444541,0.997666211618705
MARCKS,P29966,post_15_30_45_min,P29966_T120t,P29966,0.77521657141093,0.397343014679611,1.15309012814225,0.0021386080550177,0.0418453111869478,-0.0855805040706452,0.169271126444541,0.997666211618705
MARCKS,P29966,post_15_30_45_min,P29966_T150t,P29966,-0.524921183423323,-0.721676068959425,-0.328166297887221,2.15130459461996e-05,0.0418453111869478,-0.0855805040706452,0.169271126444541,0.997666211618705
CLIP1,P30622,post_15_30_45_min,P30622_S143s,P30622,-0.418157497782079,-0.681297673772582,-0.155017321791576,0.0318725436692664,-0.0686511959432341,-0.155706900685434,0.0184045087989655,0.997666211618705
CLIP1,P30622,post_15_30_45_min,P30622_S147s,P30622,-0.259405588648753,-0.432777846603075,-0.0860333306944309,0.0491235892019763,-0.0686511959432341,-0.155706900685434,0.0184045087989655,0.997666211618705
CLIP1,P30622,post_15_30_45_min,P30622_S165s,P30622,-0.449864980911018,-0.73581935065513,-0.163910611166906,0.0341766456675713,-0.0686511959432341,-0.155706900685434,0.0184045087989655,0.997666211618705
CLIP1,P30622,post_15_30_45_min,P30622_S200s,P30622,-0.290697860727411,-0.463627710598674,-0.117768010856148,0.01965499628983,-0.0686511959432341,-0.155706900685434,0.0184045087989655,0.997666211618705
CLIP1,P30622,post_15_30_45_min,P30622_S200sS204s,P30622,-0.517498695772673,-0.757150220923966,-0.277847170621381,0.0010893682668075,-0.0686511959432341,-0.155706900685434,0.0184045087989655,0.997666211618705
CLIP1,P30622,post_15_30_45_min,P30622_S204s,P30622,-0.519237659718449,-0.763236795153307,-0.275238524283591,0.0012847901840623,-0.0686511959432341,-0.155706900685434,0.0184045087989655,0.997666211618705
CLIP1,P30622,post_15_30_45_min,P30622_S312s,P30622,0.558098397690638,0.308180949739568,0.808015845641708,0.0006032322222763,-0.0686511959432341,-0.155706900685434,0.0184045087989655,0.997666211618705
CLIP1,P30622,post_15_30_45_min,P30622_S315s,P30622,0.404882923830172,0.167278712866963,0.64248713479338,0.0176935933003273,-0.0686511959432341,-0.155706900685434,0.0184045087989655,0.997666211618705
CLIP1,P30622,post_15_30_45_min,P30622_T182t,P30622,-0.685438326214285,-0.835038104360921,-0.535838548067649,4.7290200841987104e-14,-0.0686511959432341,-0.155706900685434,0.0184045087989655,0.997666211618705
AKT2,P31751,post_15_30_45_min,P31751_S34s,P31751,-0.317970716427913,-0.510663718054707,-0.125277714801119,0.0231398399513284,0.0355884965169591,-0.0428171618484123,0.113994154882331,0.997666211618705
HNRNPH1,P31943,post_15_30_45_min,P31943_S104s,P31943,0.279469728507054,0.105515194682576,0.453424262331532,0.0283066839236109,-0.0030620541876558,-0.0581342410719325,0.0520101326966208,0.997666211618705
HSPA4,P34932,post_15_30_45_min,P34932_S76s,P34932,-0.542691392033613,-0.78624492668579,-0.299137857381437,0.0007948751376156,0.0136977868979415,-0.046738537074181,0.0741341108700639,0.997666211618705
GTF2F1,P35269,post_15_30_45_min,P35269_S433s,P35269,-0.395132745969106,-0.585876434954257,-0.204389056983956,0.0020299826281903,-0.0153231090961696,-0.16980296090636,0.139156742714021,0.997666211618705
GTF2F1,P35269,post_15_30_45_min,P35269_S436sT437t,P35269,-0.588343558675259,-0.938871919162797,-0.237815198187721,0.0205868714011672,-0.0153231090961696,-0.16980296090636,0.139156742714021,0.997666211618705
IRS1,P35568,post_15_30_45_min,P35568_S330s,P35568,0.683087384414443,0.251779148870804,1.11439561995808,0.0323778950283736,-0.0209064912843194,-0.122119901665482,0.0803069190968436,0.997666211618705
IRS1,P35568,post_15_30_45_min,P35568_S341s,P35568,0.395993075092393,0.138956646656023,0.653029503528764,0.0405665276658915,-0.0209064912843194,-0.122119901665482,0.0803069190968436,0.997666211618705
IRS1,P35568,post_15_30_45_min,P35568_S415s,P35568,0.886288577377307,0.557376288471023,1.21520086628359,2.32546339010702e-05,-0.0209064912843194,-0.122119901665482,0.0803069190968436,0.997666211618705
IRS1,P35568,post_15_30_45_min,P35568_S531s,P35568,-0.744465912001205,-1.12552061534212,-0.363411208660294,0.004162765040351,-0.0209064912843194,-0.122119901665482,0.0803069190968436,0.997666211618705
NUP214,P35658,post_15_30_45_min,P35658_S657s,P35658,-0.465458150459779,-0.651520656609366,-0.279395644310191,9.77994687055274e-05,-0.000902625027754,-0.123665211718387,0.121859961662879,0.998975977221429
NUP214,P35658,post_15_30_45_min,P35658_T434tT437t,P35658,0.775357571877359,0.355458503916497,1.19525663983822,0.0083922158460225,-0.000902625027754,-0.123665211718387,0.121859961662879,0.998975977221429
NUP214,P35658,post_15_30_45_min,P35658_T436tT437t,P35658,0.455988781158433,0.185689640204363,0.726287922112504,0.0191263190546951,-0.000902625027754,-0.123665211718387,0.121859961662879,0.998975977221429
RBMX,P38159,post_15_30_45_min,P38159_S261s,P38159,0.367403898979555,0.142438523698242,0.592369274260867,0.0259801274006402,0.0222422894721731,-0.0555680405311912,0.100052619475537,0.997666211618705
RBMX,P38159,post_15_30_45_min,P38159_S352s,P38159,-0.333110769172403,-0.448342841707142,-0.217878696637664,3.25241807933172e-06,0.0222422894721731,-0.0555680405311912,0.100052619475537,0.997666211618705
USP8,P40818,post_15_30_45_min,P40818_S641s,P40818,0.472115890404268,0.157299024558134,0.786932756250401,0.0486406821532305,0.0408520547806009,-0.0583896898181542,0.140093799379356,0.997666211618705
EPS15,P42566,post_15_30_45_min,P42566_S851s,P42566,0.593358564920717,0.291764160457522,0.894952969383912,0.0042310060881664,-0.016954918239062,-0.0722540986516843,0.0383442621735603,0.997666211618705
HTT,P42858,post_15_30_45_min,P42858_S1874s,P42858,0.366607293845643,0.221359360163752,0.511855227527535,7.82132495603352e-05,0.0757107776506105,-0.0279901584440798,0.179411713745301,0.997666211618705
MATR3,P43243,post_15_30_45_min,P43243_T150t,P43243,0.91450207000413,0.538270257428681,1.29073388257958,0.0001518424427032,-0.0143031194284945,-0.0784260068245569,0.0498197679675679,0.997666211618705
PSMC4,P43686,post_15_30_45_min,P43686_S28s,P43686,0.688988350588572,0.381759684306832,0.996217016870312,0.000812019030169,0.0069984040745192,-0.0420176016715089,0.0560144098205473,0.997666211618705
CDKN1B,P46527,post_15_30_45_min,P46527_S10s,P46527,-0.332109392093179,-0.508105845062,-0.156112939124358,0.0062779931280134,0.0197647885263981,-0.0785360377484782,0.118065614801274,0.997666211618705
RPS10,P46783,post_15_30_45_min,P46783_S146s,P46783,-0.440299458695742,-0.590226987753068,-0.290371929638416,2.19683150652276e-06,-0.016048140569635,-0.096841910728643,0.0647456295893731,0.997666211618705
YAP1,P46937-9,post_15_30_45_min,P46937-9_S386s,P46937-9,0.619358680457846,0.365360725464726,0.873356635450965,0.0001589961745642,-0.019668045027656,-0.116743030822429,0.0774069407671171,0.997666211618705
ATP5PO,P48047,post_15_30_45_min,P48047_S147s,P48047,-0.33967686393589,-0.546806748533245,-0.132546979338535,0.0241471122997283,-0.052692772658313,-0.183937417745487,0.0785518724288615,0.997666211618705
ME1,P48163,post_15_30_45_min,P48163_S558s,P48163,-0.586957678711638,-0.832924417815049,-0.340990939608228,0.0003724253204781,-0.076977173514154,-0.177791740719434,0.0238373936911257,0.997666211618705
PRRC2A,P48634,post_15_30_45_min,P48634_S1219s,P48634,0.43621183162434,0.180814429116142,0.691609234132537,0.0178367487680254,-0.037007884866448,-0.132964260297795,0.0589484905648988,0.997666211618705
PRRC2A,P48634,post_15_30_45_min,P48634_S808s,P48634,0.206218011287434,0.0723388502859984,0.340097172288869,0.0396169424194239,-0.037007884866448,-0.132964260297795,0.0589484905648988,0.997666211618705
PXN,P49023,post_15_30_45_min,P49023_S106s,P49023,0.661030807702379,0.245918848200696,1.07614276720406,0.0306119033305438,0.0559111230443192,-0.0249875941926379,0.136809840281276,0.997666211618705
PXN,P49023,post_15_30_45_min,P49023_S250s,P49023,0.372027231114777,0.14694823011231,0.597106232117244,0.0223376345199857,0.0559111230443192,-0.0249875941926379,0.136809840281276,0.997666211618705
PXN,P49023,post_15_30_45_min,P49023_S258s,P49023,0.429796436636985,0.171796098051281,0.687796775222689,0.0223333193100928,0.0559111230443192,-0.0249875941926379,0.136809840281276,0.997666211618705
PCYT1A,P49585,post_15_30_45_min,P49585_S323s,P49585,1.01170406894104,0.535552373783464,1.48785576409861,0.0018417790301264,0.0031875382509184,-0.0755642200992089,0.0819392966010457,0.997666211618705
PCYT1A,P49585,post_15_30_45_min,P49585_S347s,P49585,0.312412170055799,0.107178654469314,0.517645685642284,0.043255186717695,0.0031875382509184,-0.0755642200992089,0.0819392966010457,0.997666211618705
RBM25,P49756,post_15_30_45_min,P49756_S677s,P49756,-0.533660221266468,-0.694628234179573,-0.372692208353363,5.58667731420561e-08,0.0302856077410628,-0.0395021592682807,0.100073374750406,0.997666211618705
RANBP2,P49792,post_15_30_45_min,P49792_S1993s,P49792,0.307127195397471,0.118480634687593,0.495773756107349,0.0261378369487347,0.0222829717579971,-0.031246423407432,0.0758123669234263,0.997666211618705
RANBP2,P49792,post_15_30_45_min,P49792_S2807s,P49792,2.00037797986996,1.60889802714791,2.39185793259202,2.3628600448498897e-16,0.0222829717579971,-0.031246423407432,0.0758123669234263,0.997666211618705
RANBP2,P49792,post_15_30_45_min,P49792_T2812t,P49792,2.76342181565653,2.19808004039242,3.32876359092064,8.951622170240791e-14,0.0222829717579971,-0.031246423407432,0.0758123669234263,0.997666211618705
TSC2,P49815,post_15_30_45_min,P49815_S1449s,P49815,-0.31678078732989,-0.494950763795165,-0.138610810864614,0.0123058516765779,0.0246514437606412,-0.130703100728768,0.18000598825005,0.997666211618705
FXR1,P51114,post_15_30_45_min,P51114_S409s,P51114,-0.307361230031415,-0.497983131706909,-0.116739328355922,0.0272435058923852,-0.0466992280737466,-0.131139051806645,0.0377405956591517,0.997666211618705
FXR1,P51114,post_15_30_45_min,P51114_T396tS397s,P51114,-0.564348412386768,-0.886360848478148,-0.242335976295388,0.014544781806518,-0.0466992280737466,-0.131139051806645,0.0377405956591517,0.997666211618705
STAT5B,P51692,post_15_30_45_min,P51692_Y699y,P51692,1.68026231616184,0.852617289722759,2.50790734260093,0.0026118726788725,0.0105433158616577,-0.048647911981946,0.0697345437052615,0.997666211618705
RPS6KA3,P51812,post_15_30_45_min,P51812_S227s,P51812,0.457757594057592,0.258379657346735,0.65713553076845,0.0004166244321675,-0.0150255697027634,-0.0851115732190403,0.0550604338135135,0.997666211618705
RPS6KA3,P51812,post_15_30_45_min,P51812_S369s,P51812,-0.238738061428885,-0.39795701806005,-0.0795191047977198,0.0478612219728367,-0.0150255697027634,-0.0851115732190403,0.0550604338135135,0.997666211618705
RPS6KA3,P51812,post_15_30_45_min,P51812_S715s,P51812,-0.214182506326152,-0.352423019944376,-0.0759419927079291,0.0380405228042653,-0.0150255697027634,-0.0851115732190403,0.0550604338135135,0.997666211618705
RPS6KA3,P51812,post_15_30_45_min,P51812_T231t,P51812,0.341360564696855,0.115986724369366,0.566734405024345,0.0451351636393314,-0.0150255697027634,-0.0851115732190403,0.0550604338135135,0.997666211618705
RPS6KA3,P51812,post_15_30_45_min,P51812_T365tS369sS375s,P51812,0.780130523209435,0.276767306891733,1.28349373952714,0.038692446290581,-0.0150255697027634,-0.0851115732190403,0.0550604338135135,0.997666211618705
HDGF,P51858,post_15_30_45_min,P51858_S107s,P51858,0.549168011961596,0.220659859348179,0.877676164575014,0.0202585565465607,0.0040505108740159,-0.0604364409248915,0.0685374626729234,0.997666211618705
HNRNPA3,P51991,post_15_30_45_min,P51991_S50s,P51991,0.60607434739588,0.210773154488717,1.00137554030304,0.0418082317626196,0.0873795444465562,-0.0073458812763055,0.182104970169418,0.997666211618705
MYOM1,P52179-2,post_15_30_45_min,P52179-2_S236s,P52179-2,0.299210209574451,0.144389427321067,0.454030991827835,0.0047222255290968,-0.050637133871919,-0.143850605598328,0.0425763378544896,0.997666211618705
MYOM1,P52179-2,post_15_30_45_min,P52179-2_Y136y,P52179-2,-0.32623844941913,-0.511212140600225,-0.141264758238034,0.0124504209720118,-0.050637133871919,-0.143850605598328,0.0425763378544896,0.997666211618705
MAP2K6,P52564,post_15_30_45_min,P52564_S207s,P52564,0.475447938324731,0.194265062800106,0.756630813849356,0.0182533316090472,-0.0329796382295886,-0.150833366029767,0.0848740895705895,0.997666211618705
MAP2K6,P52564,post_15_30_45_min,P52564_T28t,P52564,-0.444272266577775,-0.577338777194842,-0.311205755960708,5.35435959886802e-08,-0.0329796382295886,-0.150833366029767,0.0848740895705895,0.997666211618705
ARHGDIA,P52565,post_15_30_45_min,P52565_S34s,P52565,0.424701838854938,0.167350311462281,0.682053366247595,0.0232827099741933,0.0360690285167186,-0.0538119888095513,0.125950045842988,0.997666211618705
AGFG1,P52594,post_15_30_45_min,P52594_S181s,P52594,-0.345856790278376,-0.496633964115257,-0.195079616441496,0.0004063118849629,0.0741678499763005,-0.0148300558256449,0.163165755778246,0.997666211618705
AGFG1,P52594,post_15_30_45_min,P52594_T177t,P52594,-0.72768352942962,-1.02322240194436,-0.43214465691488,0.0001221314547517,0.0741678499763005,-0.0148300558256449,0.163165755778246,0.997666211618705
AGFG1,P52594,post_15_30_45_min,P52594_T177tS181s,P52594,-0.5772013849888,-0.866558407666901,-0.2878443623107,0.0031386858420555,0.0741678499763005,-0.0148300558256449,0.163165755778246,0.997666211618705
NUP98,P52948,post_15_30_45_min,P52948_S623s,P52948,0.29798763628614,0.103621268234791,0.492354004337489,0.0411908829145707,-0.011116518686711,-0.0735165941612564,0.0512835567878344,0.997666211618705
ARFIP1,P53367,post_15_30_45_min,P53367_S39s,P53367,0.997514124554224,0.52638915634399,1.46863909276446,0.0017142972477765,-0.02279397878144,-0.145585939604274,0.0999979820413941,0.997666211618705
IST1,P53990,post_15_30_45_min,P53990_Y262y,P53990,-0.451036167429696,-0.62362881872008,-0.278443516139313,5.6456283948347e-05,0.0136925505331234,-0.0371841740035022,0.064569275069749,0.997666211618705
MYOM2,P54296,post_15_30_45_min,P54296_S106s,P54296,0.593414903973609,0.293548838232864,0.893280969714354,0.0035257855339858,0.0180496218590527,-0.0846362126945857,0.120735456412691,0.997666211618705
PRKAA2,P54646,post_15_30_45_min,P54646_S377s,P54646,-0.591260364768259,-0.782997920144806,-0.399522809391712,6.16932268863544e-07,0.0035763208062413,-0.07172585697027,0.0788784985827526,0.997666211618705
PRKAA2,P54646,post_15_30_45_min,P54646_S491s,P54646,0.394810406281945,0.221162773877661,0.568458038686229,0.0004500580178999,0.0035763208062413,-0.07172585697027,0.0788784985827526,0.997666211618705
RAD23B,P54727,post_15_30_45_min,P54727_S160s,P54727,0.843856600173723,0.46955343731143,1.21815976303602,0.0005217353929578,0.0468335080001871,-0.0633567864288123,0.157023802429187,0.997666211618705
PSMD4,P55036,post_15_30_45_min,P55036_S266s,P55036,0.414917824785221,0.207325988793557,0.622509660776885,0.0032672510684102,0.0196952306642352,-0.0367490979366235,0.0761395592650938,0.997666211618705
AFDN,P55196,post_15_30_45_min,P55196_S1173s,P55196,-0.699941712468003,-0.909047909455178,-0.490835515480829,4.09034567838518e-08,-0.0233065974305954,-0.113925625163842,0.0673124303026508,0.997666211618705
AFDN,P55196,post_15_30_45_min,P55196_S1182s,P55196,0.454885756664179,0.304836661806704,0.604934851521654,9.35050969627301e-07,-0.0233065974305954,-0.113925625163842,0.0673124303026508,0.997666211618705
AFDN,P55196,post_15_30_45_min,P55196_S1275s,P55196,-0.782860598915885,-1.05659732268183,-0.509123875149936,5.44224639405286e-06,-0.0233065974305954,-0.113925625163842,0.0673124303026508,0.997666211618705
AFDN,P55196,post_15_30_45_min,P55196_S1799s,P55196,0.95928530276903,0.671415182492887,1.24715542304517,5.83765916389292e-08,-0.0233065974305954,-0.113925625163842,0.0673124303026508,0.997666211618705
STX17,P56962,post_15_30_45_min,P56962_S288s,P56962,0.363948676388669,0.17646193374331,0.551435419034028,0.0046943823283352,0.0501491134218052,-0.035908626840703,0.136206853684313,0.997666211618705
STX17,P56962,post_15_30_45_min,P56962_S289s,P56962,0.525423402145099,0.328868178458887,0.72197862583131,2.33702666775494e-05,0.0501491134218052,-0.035908626840703,0.136206853684313,0.997666211618705
EIF5A,P63241,post_15_30_45_min,P63241_T76t,P63241,0.93926079376375,0.627688248751415,1.25083333877609,2.6098415612668e-06,0.0244842521567313,-0.0480567178269896,0.0970252221404522,0.997666211618705
EIF4G2,P78344,post_15_30_45_min,P78344_S395s,P78344,-0.335035615023714,-0.529285135035423,-0.140786095012004,0.0155315528419061,-0.0151248741028737,-0.0698550701582357,0.0396053219524884,0.997666211618705
EIF4G2,P78344,post_15_30_45_min,P78344_T385t,P78344,-0.452421777070469,-0.695091611544989,-0.20975194259595,0.0073313136699429,-0.0151248741028737,-0.0698550701582357,0.0396053219524884,0.997666211618705
EIF4G2,P78344,post_15_30_45_min,P78344_T508t,P78344,-0.617121871949028,-0.835118097256403,-0.399125646641654,4.47559975995473e-06,-0.0151248741028737,-0.0698550701582357,0.0396053219524884,0.997666211618705
GTF2I,P78347,post_15_30_45_min,P78347_S103s,P78347,0.963229191067891,0.443039617653147,1.48341876448264,0.0081609467072253,-0.0014763848076883,-0.0537594917155724,0.0508067221001957,0.997666211618705
GTF2I,P78347,post_15_30_45_min,P78347_S784s,P78347,0.620020335988277,0.27388990876228,0.966150763214274,0.0108102252667212,-0.0014763848076883,-0.0537594917155724,0.0508067221001957,0.997666211618705
TMF1,P82094,post_15_30_45_min,P82094_S344s,P82094,-0.32301210667613,-0.492086262805229,-0.15393795054703,0.0056203276222518,0.0481967072465102,-0.0784270644422895,0.17482047893531,0.997666211618705
MRPS36,P82909,post_15_30_45_min,P82909_S61s,P82909,-0.288707282311397,-0.434807606273034,-0.14260695834976,0.0036241586100536,-0.0395820428672903,-0.157146748374069,0.0779826626394885,0.997666211618705
FOXK1,P85037,post_15_30_45_min,P85037_S445s,P85037,0.366126765914901,0.185109007181672,0.54714452464813,0.0028473098029459,-0.0119207137655212,-0.179150017624993,0.15530859009395,0.997666211618705
CDK16,Q00536,post_15_30_45_min,Q00536_S65s,Q00536,0.612527095519066,0.324725581081152,0.900328609956981,0.001654562511725,0.0438640816204594,-0.0267804636237421,0.114508626864661,0.997666211618705
ANK2,Q01484-5,post_15_30_45_min,Q01484-5_S1729s,Q01484-5,-0.416216037435422,-0.604456345638132,-0.227975729232712,0.0007134458491468,0.048461476831722,-0.0230717566169193,0.119994710280363,0.997666211618705
ANK2,Q01484-5,post_15_30_45_min,Q01484-5_S1815s,Q01484-5,0.425576596408263,0.16651912963185,0.684634063184676,0.023546033085584,0.048461476831722,-0.0230717566169193,0.119994710280363,0.997666211618705
ANK2,Q01484-5,post_15_30_45_min,Q01484-5_S1816s,Q01484-5,0.435653891800912,0.157422971261326,0.713884812340499,0.0355151621514052,0.048461476831722,-0.0230717566169193,0.119994710280363,0.997666211618705
ANK2,Q01484-5,post_15_30_45_min,Q01484-5_S941s,Q01484-5,-0.484456986532578,-0.714488342676953,-0.254425630388203,0.0015567537282857,0.048461476831722,-0.0230717566169193,0.119994710280363,0.997666211618705
ANK2,Q01484-5,post_15_30_45_min,Q01484-5_S941sS949s,Q01484-5,-0.341634551440831,-0.567875337612527,-0.115393765269135,0.0469234757386112,0.048461476831722,-0.0230717566169193,0.119994710280363,0.997666211618705
OTUD4,Q01804,post_15_30_45_min,Q01804_S351s,Q01804,1.05289237076589,0.505134911673286,1.6006498298585,0.0053386768731167,-0.0174996424271861,-0.0816433348307683,0.0466440499763961,0.997666211618705
CACNB1,Q02641-2,post_15_30_45_min,Q02641-2_S245sT248t,Q02641-2,1.05604884560077,0.380012663442214,1.73208502775932,0.0366036363136232,0.0244424072503998,-0.0691355710823839,0.118020385583183,0.997666211618705
CACNB1,Q02641-2,post_15_30_45_min,Q02641-2_T248t,Q02641-2,0.442747937595323,0.214881486060173,0.670614389130473,0.0042290930881281,0.0244424072503998,-0.0691355710823839,0.118020385583183,0.997666211618705
MAP2K1,Q02750,post_15_30_45_min,Q02750_T386t,Q02750,0.916698686393488,0.4193323812641,1.41406499152288,0.0086743770346391,0.0096702595842411,-0.0819495578607094,0.101290077029192,0.997666211618705
TOP2B,Q02880-2,post_15_30_45_min,Q02880-2_S1461s,Q02880-2,-0.201167668390878,-0.319265562991672,-0.0830697737900834,0.0173502902816034,-0.0198288080015125,-0.0738415321042119,0.0341839161011869,0.997666211618705
TOP2B,Q02880-2,post_15_30_45_min,Q02880-2_S1545s,Q02880-2,0.9116655079394,0.469397818023964,1.35393319785484,0.0020687586440061,-0.0198288080015125,-0.0738415321042119,0.0341839161011869,0.997666211618705
TOP2B,Q02880-2,post_15_30_45_min,Q02880-2_S1545sS1547s,Q02880-2,0.619202883975672,0.343841489353228,0.894564278598117,0.0006346559838195,-0.0198288080015125,-0.0738415321042119,0.0341839161011869,0.997666211618705
TOP2B,Q02880-2,post_15_30_45_min,Q02880-2_S1547s,Q02880-2,-0.293618281496987,-0.439835389232634,-0.14740117376134,0.002933820769141,-0.0198288080015125,-0.0738415321042119,0.0341839161011869,0.997666211618705
LMNB2,Q03252,post_15_30_45_min,Q03252_T34t,Q03252,0.6056566240152,0.386220809382593,0.825092438647807,1.12666489336486e-05,0.0185873885000117,-0.0498743007147771,0.0870490777148006,0.997666211618705
TJP1,Q07157,post_15_30_45_min,Q07157_S179s,Q07157,0.440333879787975,0.189319770401292,0.691347989174659,0.013990853173473,0.0128631891021989,-0.0568539771884192,0.0825803553928171,0.997666211618705
TJP1,Q07157,post_15_30_45_min,Q07157_S912s,Q07157,-0.356432423880537,-0.529254017431724,-0.183610830329351,0.0020687586440061,0.0128631891021989,-0.0568539771884192,0.0825803553928171,0.997666211618705
SRSF1,Q07955,post_15_30_45_min,Q07955_S199s,Q07955,-0.261839697973587,-0.431969572203602,-0.091709823743571,0.0396154956173882,0.0013487514421217,-0.0699849713594449,0.0726824742436884,0.998180760265417
ARHGAP1,Q07960,post_15_30_45_min,Q07960_S51s,Q07960,0.427711451524802,0.147726257527336,0.707696645522268,0.0419894171877348,0.0277328587491027,-0.0895825406871145,0.14504825818532,0.997666211618705
SRSF4,Q08170,post_15_30_45_min,Q08170_S78s,Q08170,0.44813241710458,0.163223674312044,0.733041159897117,0.0340232042187186,-0.0273137062952712,-0.104693280429383,0.0500658678388402,0.997666211618705
SLC20A2,Q08357,post_15_30_45_min,Q08357_S432s,Q08357,0.429439335070306,0.176954378209201,0.681924291931411,0.0179591725848602,-0.0645715154189229,-0.191443631402187,0.0623006005643413,0.997666211618705
AHNAK,Q09666,post_15_30_45_min,Q09666_S115s,Q09666,-0.413811875669791,-0.616886823839596,-0.210736927499986,0.0023846639962913,0.0603067399865082,-0.064763675320069,0.185377155293085,0.997666211618705
AHNAK,Q09666,post_15_30_45_min,Q09666_S135s,Q09666,1.3640872605304,0.931696042147061,1.79647847891375,2.27770392703372e-07,0.0603067399865082,-0.064763675320069,0.185377155293085,0.997666211618705
AHNAK,Q09666,post_15_30_45_min,Q09666_S210s,Q09666,0.715742124926931,0.431867538293254,0.999616711560608,7.66182202589816e-05,0.0603067399865082,-0.064763675320069,0.185377155293085,0.997666211618705
AHNAK,Q09666,post_15_30_45_min,Q09666_S210sS216s,Q09666,0.519503962908951,0.290352296585892,0.748655629232009,0.0004848033078594,0.0603067399865082,-0.064763675320069,0.185377155293085,0.997666211618705
AHNAK,Q09666,post_15_30_45_min,Q09666_S212sS216s,Q09666,-0.324597487801731,-0.515376395600746,-0.133818580002715,0.0174424060840166,0.0603067399865082,-0.064763675320069,0.185377155293085,0.997666211618705
AHNAK,Q09666,post_15_30_45_min,Q09666_S5110s,Q09666,1.32941515312158,0.866029273503477,1.79280103273968,3.38753913372161e-06,0.0603067399865082,-0.064763675320069,0.185377155293085,0.997666211618705
AHNAK,Q09666,post_15_30_45_min,Q09666_S511s,Q09666,0.438087410784816,0.159548152458978,0.716626669110653,0.0350802619739173,0.0603067399865082,-0.064763675320069,0.185377155293085,0.997666211618705
AHNAK,Q09666,post_15_30_45_min,Q09666_S5125s,Q09666,0.672440002193873,0.326832112295497,1.01804789209225,0.0047222255290968,0.0603067399865082,-0.064763675320069,0.185377155293085,0.997666211618705
AHNAK,Q09666,post_15_30_45_min,Q09666_S5780s,Q09666,0.742588887797865,0.328077454470168,1.15710032112556,0.011148166418871,0.0603067399865082,-0.064763675320069,0.185377155293085,0.997666211618705
AHNAK,Q09666,post_15_30_45_min,Q09666_S5784s,Q09666,-0.307855158573664,-0.511039727082823,-0.104670590064504,0.0444994201814598,0.0603067399865082,-0.064763675320069,0.185377155293085,0.997666211618705
AHNAK,Q09666,post_15_30_45_min,Q09666_S5863s,Q09666,-0.46588601193645,-0.735246006559033,-0.196526017313866,0.0152345451988189,0.0603067399865082,-0.064763675320069,0.185377155293085,0.997666211618705
AHNAK,Q09666,post_15_30_45_min,Q09666_T4766t,Q09666,0.479912680823953,0.166821334983178,0.793004026664728,0.0411210326111986,0.0603067399865082,-0.064763675320069,0.185377155293085,0.997666211618705
FCHO2,Q0JRZ9,post_15_30_45_min,Q0JRZ9_S387s,Q0JRZ9,0.552254334141393,0.341777785223528,0.762730883059259,3.0617538336834e-05,0.0498971442726912,-0.0835727870923536,0.183367075637736,0.997666211618705
GRSF1,Q12849,post_15_30_45_min,Q12849_S244s,Q12849,-0.4729831955735,-0.654229177754687,-0.291737213392313,4.47417691081465e-05,-0.0122846886844322,-0.104832979044105,0.0802636016752401,0.997666211618705
TP53BP1,Q12888,post_15_30_45_min,Q12888_S119s,Q12888,0.265452712309269,0.0876842669709635,0.443221157647574,0.0497003009687753,0.0024304577187477,-0.0888085454199287,0.0936694608574242,0.997666211618705
GPS1,Q13098,post_15_30_45_min,Q13098_T479t,Q13098,0.875656479201156,0.59119794695968,1.16011501144263,8.13678286077103e-07,-0.0022760849016817,-0.0574835283531811,0.0529313585498176,0.997666211618705
CBX3,Q13185,post_15_30_45_min,Q13185_S93s,Q13185,1.14097700246525,0.786952430309333,1.49500157462116,1.66478359655832e-07,0.0236854764871118,-0.0450584034405247,0.0924293564147483,0.997666211618705
TRIM28,Q13263,post_15_30_45_min,Q13263_S471s,Q13263,0.977077481936809,0.49766650170712,1.4564884621665,0.0026232908979914,0.02400427448489,-0.0434895562281206,0.0914981051979007,0.997666211618705
TRIM28,Q13263,post_15_30_45_min,Q13263_S473s,Q13263,0.882021991511239,0.538918094275103,1.22512588874737,4.63348922222279e-05,0.02400427448489,-0.0434895562281206,0.0914981051979007,0.997666211618705
TRIM28,Q13263,post_15_30_45_min,Q13263_T541t,Q13263,0.441440895053504,0.168782129390385,0.714099660716623,0.0270052238632701,0.02400427448489,-0.0434895562281206,0.0914981051979007,0.997666211618705
SNTA1,Q13424,post_15_30_45_min,Q13424_S201s,Q13424,-0.301012225523778,-0.458418771459196,-0.143605679588361,0.0052158292719975,0.00644640669236,-0.0790993040503034,0.0919921174350236,0.997666211618705
SNTB2,Q13425,post_15_30_45_min,Q13425_S208s,Q13425,0.545699969065978,0.261401103270324,0.829998834861631,0.0052086372709705,-0.0059556768903858,-0.0812130052512347,0.069301651470463,0.997666211618705
SNTB2,Q13425,post_15_30_45_min,Q13425_S222s,Q13425,0.868066488643312,0.466217657657622,1.269915319629,0.0010734830382374,-0.0059556768903858,-0.0812130052512347,0.069301651470463,0.997666211618705
SF3B2,Q13435,post_15_30_45_min,Q13435_S307s,Q13435,0.382715129492772,0.193557734900784,0.571872524084759,0.0029172514517033,0.0275610632707513,-0.036858857886477,0.0919809844279797,0.997666211618705
GOLGA4,Q13439,post_15_30_45_min,Q13439_S71s,Q13439,0.346739042254439,0.135468888572315,0.558009195936562,0.0249210520802721,0.01319424196612,-0.0441349485870221,0.070523432519262,0.997666211618705
SQSTM1,Q13501,post_15_30_45_min,Q13501_S152s,Q13501,-0.308144144884786,-0.477972902398514,-0.138315387371059,0.0097027857913709,0.0312253181767615,-0.0598600244750676,0.122310660828591,0.997666211618705
SQSTM1,Q13501,post_15_30_45_min,Q13501_S284s,Q13501,-0.341364882106734,-0.569226352015711,-0.113503412197757,0.0484735229003721,0.0312253181767615,-0.0598600244750676,0.122310660828591,0.997666211618705
SQSTM1,Q13501,post_15_30_45_min,Q13501_S284sS288s,Q13501,-0.559366892640825,-0.900776163016558,-0.217957622265093,0.0262589111217425,0.0312253181767615,-0.0598600244750676,0.122310660828591,0.997666211618705
SQSTM1,Q13501,post_15_30_45_min,Q13501_S366s,Q13501,-0.277261350317464,-0.438680147780357,-0.115842552854571,0.0157548670275989,0.0312253181767615,-0.0598600244750676,0.122310660828591,0.997666211618705
SQSTM1,Q13501,post_15_30_45_min,Q13501_T269t,Q13501,-0.283715665427493,-0.467447506713619,-0.0999838241413662,0.0387499434683957,0.0312253181767615,-0.0598600244750676,0.122310660828591,0.997666211618705
STIM1,Q13586,post_15_30_45_min,Q13586_S257s,Q13586,2.75841143941961,2.34002160272469,3.17680127611453,2.6311273354436002e-25,0.0328381932532839,-0.0579542948064684,0.123630681313036,0.997666211618705
STIM1,Q13586,post_15_30_45_min,Q13586_S668s,Q13586,-0.541586487590564,-0.715456895961568,-0.367716079219561,4.61698057939843e-07,0.0328381932532839,-0.0579542948064684,0.123630681313036,0.997666211618705
TRA2A,Q13595,post_15_30_45_min,Q13595_S236s,Q13595,0.940043506170968,0.469771695461607,1.41031531688033,0.0038114761788078,0.0557141053179981,-0.0632118960201547,0.174640106656151,0.997666211618705
TRA2A,Q13595,post_15_30_45_min,Q13595_Y237y,Q13595,0.758567635401769,0.358247631356152,1.15888763944739,0.0059556753932186,0.0557141053179981,-0.0632118960201547,0.174640106656151,0.997666211618705
CTTN,Q14247,post_15_30_45_min,Q14247_S418s,Q14247,0.357711741662388,0.133143849399104,0.582279633925672,0.0305725590391059,0.0174502905887645,-0.0660201722795163,0.100920753457045,0.997666211618705
CTTN,Q14247,post_15_30_45_min,Q14247_T401tS405sS418s,Q14247,0.77395644486561,0.34938559916478,1.19852729056644,0.0093741565527177,0.0174502905887645,-0.0660201722795163,0.100920753457045,0.997666211618705
CTTN,Q14247,post_15_30_45_min,Q14247_T401tS418s,Q14247,0.559573945721031,0.281958437835192,0.83718945360687,0.003001174170183,0.0174502905887645,-0.0660201722795163,0.100920753457045,0.997666211618705
USP10,Q14694,post_15_30_45_min,Q14694_S76s,Q14694,1.47260101148747,1.19575849318854,1.7494435297864,1.80096267569034e-18,0.0064156589693573,-0.0595507666168837,0.0723820845555985,0.997666211618705
USP10,Q14694,post_15_30_45_min,Q14694_T82t,Q14694,0.843373543665058,0.330639710145953,1.35610737718416,0.0249229277509891,0.0064156589693573,-0.0595507666168837,0.0723820845555985,0.997666211618705
PPP2R5D,Q14738,post_15_30_45_min,Q14738_S89sS90s,Q14738,-0.389852543151427,-0.580764279131148,-0.198940807171706,0.0026740284648069,0.035751200501409,-0.0194065676942112,0.0909089686970292,0.997666211618705
PPP2R5D,Q14738,post_15_30_45_min,Q14738_S90s,Q14738,-0.81050308753433,-1.07941598721925,-0.541590187849415,3.28039679928782e-06,0.035751200501409,-0.0194065676942112,0.0909089686970292,0.997666211618705
NFIX,Q14938-3,post_15_30_45_min,Q14938-3_S265s,Q14938-3,0.797764896589609,0.452750024072195,1.14277976910702,0.000360114997852,-0.014612451495767,-0.104985575436472,0.0757606724449375,0.997666211618705
NFIX,Q14938-3,post_15_30_45_min,Q14938-3_S268s,Q14938-3,0.494962786882204,0.23752740899148,0.752398164772928,0.0049304352026488,-0.014612451495767,-0.104985575436472,0.0757606724449375,0.997666211618705
NFIX,Q14938-3,post_15_30_45_min,Q14938-3_S280s,Q14938-3,0.413122644046519,0.207608546657569,0.618636741435469,0.002967883144491,-0.014612451495767,-0.104985575436472,0.0757606724449375,0.997666211618705
NFIX,Q14938-3,post_15_30_45_min,Q14938-3_S288s,Q14938-3,-0.286480261261485,-0.471259827114068,-0.101700695408902,0.0381834387117347,-0.014612451495767,-0.104985575436472,0.0757606724449375,0.997666211618705
NFIX,Q14938-3,post_15_30_45_min,Q14938-3_S301s,Q14938-3,-0.263942886741986,-0.438643143160267,-0.0892426303237047,0.0455435933151056,-0.014612451495767,-0.104985575436472,0.0757606724449375,0.997666211618705
NFIX,Q14938-3,post_15_30_45_min,Q14938-3_T267t,Q14938-3,0.717274957046108,0.311151756283856,1.12339815780836,0.0136096452515157,-0.014612451495767,-0.104985575436472,0.0757606724449375,0.997666211618705
NFIX,Q14938-3,post_15_30_45_min,Q14938-3_T267tS268s,Q14938-3,0.697968884783526,0.412070463385664,0.983867306181387,0.0001472261567639,-0.014612451495767,-0.104985575436472,0.0757606724449375,0.997666211618705
GAPVD1,Q14C86,post_15_30_45_min,Q14C86_S454s,Q14C86,0.425477867735477,0.214143825257074,0.63681191021388,0.0032326306789567,0.0381801547437627,-0.0943269952557868,0.170687304743312,0.997666211618705
GAPVD1,Q14C86,post_15_30_45_min,Q14C86_S466s,Q14C86,-0.509684215322306,-0.681630700050764,-0.337737730593849,1.72078152126414e-06,0.0381801547437627,-0.0943269952557868,0.170687304743312,0.997666211618705
UBXN2B,Q14CS0,post_15_30_45_min,Q14CS0_Y65y,Q14CS0,0.57831301989952,0.256632905786345,0.899993134012695,0.0124418055949751,-0.0654978639276448,-0.190431240119921,0.0594355122646317,0.997666211618705
PPP2R5A,Q15172,post_15_30_45_min,Q15172_S41s,Q15172,-0.624944725849321,-0.902940938077747,-0.346948513620894,0.0008678566920647,0.0004844781053956,-0.0649664250245996,0.0659353812353908,0.998975977221429
RABEP1,Q15276,post_15_30_45_min,Q15276_S407s,Q15276,0.398160869012081,0.200024678460398,0.596297059563763,0.0032326306789567,-0.0107012988671559,-0.0663818223932467,0.044979224658935,0.997666211618705
RABEP1,Q15276,post_15_30_45_min,Q15276_T408t,Q15276,0.339320038572056,0.148073774440464,0.530566302703649,0.0118292247924684,-0.0107012988671559,-0.0663818223932467,0.044979224658935,0.997666211618705
PCBP1,Q15365,post_15_30_45_min,Q15365_S189s,Q15365,-0.305770504109292,-0.463263620295968,-0.148277387922617,0.0047772552734371,-0.0589742316169986,-0.128482909627611,0.0105344463936133,0.997666211618705
PCBP1,Q15365,post_15_30_45_min,Q15365_S190s,Q15365,-0.270353687273911,-0.412679207946497,-0.128028166601325,0.0055184547199375,-0.0589742316169986,-0.128482909627611,0.0105344463936133,0.997666211618705
PCBP1,Q15365,post_15_30_45_min,Q15365_S264s,Q15365,-0.750351735299759,-0.977177706690706,-0.523525763908813,9.1385054991453e-08,-0.0589742316169986,-0.128482909627611,0.0105344463936133,0.997666211618705
MAPRE2,Q15555-3,post_15_30_45_min,Q15555-3_S197s,Q15555-3,-0.676612740543367,-0.966374075324565,-0.386851405762168,0.0003452490220361,0.0072350410592111,-0.0883827790420176,0.10285286116044,0.997666211618705
MAPRE2,Q15555-3,post_15_30_45_min,Q15555-3_S207sS211s,Q15555-3,-0.33646163167799,-0.526414101870846,-0.146509161485133,0.0122559159949114,0.0072350410592111,-0.0883827790420176,0.10285286116044,0.997666211618705
TRIP10,Q15642,post_15_30_45_min,Q15642_S298s,Q15642,0.422009061936168,0.249434012938045,0.594584110934292,0.0001363155732885,0.0061327605207151,-0.0671385978782333,0.0794041189196635,0.997666211618705
TRIP11,Q15643,post_15_30_45_min,Q15643_T1846t,Q15643,-0.271739146611994,-0.443234792579225,-0.100243500644763,0.0321290827771407,-0.0353825299976122,-0.119344381402923,0.0485793214076984,0.997666211618705
HERC1,Q15751,post_15_30_45_min,Q15751_S1512s,Q15751,0.25289151707249,0.108517341604705,0.397265692540274,0.013481698433823,-0.0204469057965908,-0.0893781463000128,0.0484843347068312,0.997666211618705
SPEG,Q15772,post_15_30_45_min,Q15772_S1598s,Q15772,0.327983232759334,0.143176909988095,0.512789555530573,0.0118131927913305,0.0233762900066146,-0.0501760958917268,0.0969286759049561,0.997666211618705
SPEG,Q15772,post_15_30_45_min,Q15772_S2164s,Q15772,-0.468332340471466,-0.667203362869672,-0.26946131807326,0.0002799636784301,0.0233762900066146,-0.0501760958917268,0.0969286759049561,0.997666211618705
SPEG,Q15772,post_15_30_45_min,Q15772_S2296s,Q15772,0.439280871525654,0.24881703891251,0.629744704138797,0.0003938481751638,0.0233762900066146,-0.0501760958917268,0.0969286759049561,0.997666211618705
SPEG,Q15772,post_15_30_45_min,Q15772_S2376s,Q15772,-0.558621602073924,-0.744756130435023,-0.372487073712824,1.63528066746907e-06,0.0233762900066146,-0.0501760958917268,0.0969286759049561,0.997666211618705
SPEG,Q15772,post_15_30_45_min,Q15772_S2580s,Q15772,0.740748813234776,0.41599347651969,1.06550414994986,0.0004103525119808,0.0233762900066146,-0.0501760958917268,0.0969286759049561,0.997666211618705
SPEG,Q15772,post_15_30_45_min,Q15772_S2941sS2945s,Q15772,-1.30277078282359,-1.54198027332373,-1.06356129232345,5.70303898253122e-19,0.0233762900066146,-0.0501760958917268,0.0969286759049561,0.997666211618705
SPEG,Q15772,post_15_30_45_min,Q15772_S2941sS2948sS2949s,Q15772,-1.18121391881593,-1.54791365224902,-0.814514185382835,1.83795600141488e-07,0.0233762900066146,-0.0501760958917268,0.0969286759049561,0.997666211618705
SPEG,Q15772,post_15_30_45_min,Q15772_S2945s,Q15772,-1.12077557300667,-1.37502562055751,-0.866525525455834,1.73274640036739e-13,0.0233762900066146,-0.0501760958917268,0.0969286759049561,0.997666211618705
SPEG,Q15772,post_15_30_45_min,Q15772_S2945sS2948sS2949s,Q15772,-1.26081597565604,-1.64148325994367,-0.88014869136842,7.51600691526142e-08,0.0233762900066146,-0.0501760958917268,0.0969286759049561,0.997666211618705
SPEG,Q15772,post_15_30_45_min,Q15772_S2948sS2949s,Q15772,-1.19351572143499,-1.50996086742804,-0.877070575441952,3.89785123546674e-10,0.0233762900066146,-0.0501760958917268,0.0969286759049561,0.997666211618705
SPEG,Q15772,post_15_30_45_min,Q15772_S364s,Q15772,0.404792551743443,0.162955675438119,0.646629428048767,0.0201108137653518,0.0233762900066146,-0.0501760958917268,0.0969286759049561,0.997666211618705
SPEG,Q15772,post_15_30_45_min,Q15772_S453s,Q15772,0.214964015189509,0.109351637118382,0.320576393260636,0.0024724257453562,0.0233762900066146,-0.0501760958917268,0.0969286759049561,0.997666211618705
SPEG,Q15772,post_15_30_45_min,Q15772_S701s,Q15772,0.86672322935356,0.551817998969744,1.18162845973738,1.51393921808189e-05,0.0233762900066146,-0.0501760958917268,0.0969286759049561,0.997666211618705
SPEG,Q15772,post_15_30_45_min,Q15772_T331t,Q15772,-0.364096774432666,-0.604986792521091,-0.123206756344241,0.0455435933151056,0.0233762900066146,-0.0501760958917268,0.0969286759049561,0.997666211618705
ITSN1,Q15811-10,post_15_30_45_min,Q15811-10_S860s,Q15811-10,-0.207573287951517,-0.346870975570579,-0.0682756003324547,0.0499033088818888,0.0001228994700308,-0.0620383751141275,0.0622841740541891,0.999248292703642
ITSN1,Q15811-10,post_15_30_45_min,Q15811-10_S862s,Q15811-10,-0.311793066464615,-0.412258537508816,-0.211327595420415,4.55734399957516e-07,0.0001228994700308,-0.0620383751141275,0.0622841740541891,0.999248292703642
ITSN1,Q15811-10,post_15_30_45_min,Q15811-10_S936s,Q15811-10,0.304449547864953,0.113200842570445,0.495698253159462,0.0313709511247828,0.0001228994700308,-0.0620383751141275,0.0622841740541891,0.999248292703642
USF2,Q15853,post_15_30_45_min,Q15853_S222s,Q15853,-0.369661412384237,-0.550689674772592,-0.188633149995883,0.0028744992575241,0.0169579137771881,-0.143267744310493,0.177183571864869,0.997666211618705
ZYX,Q15942,post_15_30_45_min,Q15942_S143s,Q15942,0.556469894404443,0.241157739942527,0.87178204886636,0.0122772654943848,0.0258233897232968,-0.137289497989732,0.188936277436326,0.997666211618705
ZYX,Q15942,post_15_30_45_min,Q15942_S259s,Q15942,-0.523941307265589,-0.779136731346548,-0.26874588318463,0.0024113816318632,0.0258233897232968,-0.137289497989732,0.188936277436326,0.997666211618705
ZYX,Q15942,post_15_30_45_min,Q15942_S308s,Q15942,-0.250722590803715,-0.409906331475387,-0.0915388501320436,0.0331070128240971,0.0258233897232968,-0.137289497989732,0.188936277436326,0.997666211618705
ZYX,Q15942,post_15_30_45_min,Q15942_S344s,Q15942,0.718091798110974,0.40253447771942,1.03364911850253,0.0004268076740243,0.0258233897232968,-0.137289497989732,0.188936277436326,0.997666211618705
CCDC6,Q16204,post_15_30_45_min,Q16204_S328s,Q16204,0.380116845168703,0.179560440325771,0.580673250011636,0.0060939918309963,-6.76454357078048e-05,-0.0632605314719987,0.0631252406005831,0.999407888510675
PKN2,Q16513,post_15_30_45_min,Q16513_S583s,Q16513,0.56611521032073,0.370505487734425,0.761724932907035,3.05992676063942e-06,0.0572144022147626,-0.0516401180794253,0.166068922508951,0.997666211618705
PKN2,Q16513,post_15_30_45_min,Q16513_T816t,Q16513,0.30280587191694,0.105142416079995,0.500469327753885,0.04138532811752,0.0572144022147626,-0.0516401180794253,0.166068922508951,0.997666211618705
SGCA,Q16586,post_15_30_45_min,Q16586_S377s,Q16586,0.516644041012878,0.266914293989078,0.766373788036679,0.0019940890912077,-0.0308004688653215,-0.126770176396027,0.0651692386653837,0.997666211618705
PPP1R3A,Q16821,post_15_30_45_min,Q16821_S737s,Q16821,0.583381305765351,0.201684417637525,0.965078193893178,0.0438901970568891,0.0396162703416146,-0.0552009975369553,0.134433538220185,0.997666211618705
TPD52L1,Q16890,post_15_30_45_min,Q16890_S137s,Q16890,1.34002721386586,1.00375600993217,1.67629841779954,2.93872808586499e-10,-0.0095610683712967,-0.0960144328080908,0.0768922960654972,0.997666211618705
TPD52L1,Q16890,post_15_30_45_min,Q16890_S86s,Q16890,0.511749046764,0.305572131782926,0.717925961745074,0.0001058601631891,-0.0095610683712967,-0.0960144328080908,0.0768922960654972,0.997666211618705
HNRNPUL2,Q1KMD3,post_15_30_45_min,Q1KMD3_S655s,Q1KMD3,-0.494967006451553,-0.693367627469805,-0.2965663854333,0.0001263702611453,0.0350309337397159,-0.0228685190549488,0.0929303865343806,0.997666211618705
AAK1,Q2M2I8,post_15_30_45_min,Q2M2I8_S731s,Q2M2I8,-0.468683390797745,-0.651896986892292,-0.285469794703198,5.5339437365362e-05,0.0075881409657097,-0.120290284663984,0.135466566595404,0.997666211618705
SMTNL2,Q2TAL5,post_15_30_45_min,Q2TAL5_S267s,Q2TAL5,-0.466729562291058,-0.744614819029661,-0.188844305552454,0.0201603678477988,0.0245683472021093,-0.0830078744243231,0.132144568828542,0.997666211618705
SMTNL2,Q2TAL5,post_15_30_45_min,Q2TAL5_S269sS281s,Q2TAL5,-0.696662909388988,-1.05449015381383,-0.338835664964143,0.0041451776353815,0.0245683472021093,-0.0830078744243231,0.132144568828542,0.997666211618705
SMTNL2,Q2TAL5,post_15_30_45_min,Q2TAL5_S281s,Q2TAL5,-0.386365661734895,-0.589428471584809,-0.18330285188498,0.005550505382777,0.0245683472021093,-0.0830078744243231,0.132144568828542,0.997666211618705
RABL6,Q3YEC7,post_15_30_45_min,Q3YEC7_S640s,Q3YEC7,-0.4869822342084,-0.690718295144885,-0.283246173271916,0.0002166150287138,-0.0160503643130862,-0.100915041774452,0.0688143131482799,0.997666211618705
DUSP28,Q4G0W2,post_15_30_45_min,Q4G0W2_S13s,Q4G0W2,-0.538214114596603,-0.690909354287708,-0.385518874905498,6.9994418967248e-09,-0.0009486446970676,-0.1064203120255,0.104523022631365,0.998975977221429
PDCD4,Q53EL6,post_15_30_45_min,Q53EL6_S457s,Q53EL6,0.82034774039162,0.496904418278371,1.14379106250487,6.09355678024738e-05,-0.0479365487898221,-0.19411029023047,0.098237192650826,0.997666211618705
GPAT3,Q53EU6,post_15_30_45_min,Q53EU6_S68s,Q53EU6,1.13639054198283,0.72817584246714,1.54460524149851,8.92112229186154e-06,0.0559373075766797,-0.0736381605202227,0.185512775673582,0.997666211618705
PARP10,Q53GL7,post_15_30_45_min,Q53GL7_S431s,Q53GL7,1.0395592106385,0.659311310762193,1.41980711051482,2.08321726174639e-05,-0.0408006207154415,-0.180617412142276,0.0990161707113928,0.997666211618705
CAVIN4,Q5BKX8,post_15_30_45_min,Q5BKX8_S20s,Q5BKX8,1.07133877786906,0.72226597595532,1.4204115797828,6.71734276008487e-07,-0.0156301720288126,-0.12874831374474,0.0974879696871152,0.997666211618705
CAVIN4,Q5BKX8,post_15_30_45_min,Q5BKX8_T22t,Q5BKX8,0.905205769243674,0.580429210042578,1.22998232844477,7.72677423807832e-06,-0.0156301720288126,-0.12874831374474,0.0974879696871152,0.997666211618705
CAVIN4,Q5BKX8,post_15_30_45_min,Q5BKX8_T336t,Q5BKX8,-0.318754121541667,-0.515548827655105,-0.12195941542823,0.0265750166498192,-0.0156301720288126,-0.12874831374474,0.0974879696871152,0.997666211618705
RILPL1,Q5EBL4,post_15_30_45_min,Q5EBL4_S346s,Q5EBL4,-0.257431532338639,-0.370818100363989,-0.144044964313289,0.0005000244966262,-0.019637955477726,-0.10097087373198,0.0616949627765276,0.997666211618705
DNAJC21,Q5F1R6,post_15_30_45_min,Q5F1R6_S513s,Q5F1R6,0.363183846615781,0.130455264567755,0.595912428663807,0.0366388599453126,-0.0115272198532309,-0.100005658066031,0.0769512183595696,0.997666211618705
PPP6R3,Q5H9R7,post_15_30_45_min,Q5H9R7_S651s,Q5H9R7,-0.703532871048955,-1.11397423710938,-0.293091504988531,0.0174424060840166,-0.0026238276187333,-0.0679685456544466,0.0627208904169799,0.997666211618705
PPM1J,Q5JR12,post_15_30_45_min,Q5JR12_S135s,Q5JR12,0.397196457242658,0.187508978016464,0.606883936468852,0.0059989665045299,-0.0533251614111723,-0.15884906722046,0.0521987443981157,0.997666211618705
WDR44,Q5JSH3,post_15_30_45_min,Q5JSH3_S96s,Q5JSH3,-0.429614921459838,-0.59504462902865,-0.264185213891027,4.20163170979364e-05,0.0153722456400903,-0.0317646453584581,0.0625091366386386,0.997666211618705
WDR44,Q5JSH3,post_15_30_45_min,Q5JSH3_T219t,Q5JSH3,-0.555692559134353,-0.737416282353193,-0.373968835915513,1.14813979186082e-06,0.0153722456400903,-0.0317646453584581,0.0625091366386386,0.997666211618705
PERM1,Q5SV97,post_15_30_45_min,Q5SV97_S156s,Q5SV97,-0.333140671554353,-0.522512154881269,-0.143769188227437,0.0131036267788182,-0.0027228528183268,-0.0870490675478487,0.081603361911195,0.997666211618705
PERM1,Q5SV97,post_15_30_45_min,Q5SV97_S206s,Q5SV97,-0.345947110344865,-0.577556264485263,-0.114337956204466,0.0499033088818888,-0.0027228528183268,-0.0870490675478487,0.081603361911195,0.997666211618705
UBR4,Q5T4S7,post_15_30_45_min,Q5T4S7_S1760s,Q5T4S7,1.09465227630079,0.455888536592393,1.73341601600919,0.0167570906222544,0.0304975180141731,-0.0365815946252964,0.0975766306536427,0.997666211618705
UBR4,Q5T4S7,post_15_30_45_min,Q5T4S7_S365s,Q5T4S7,2.05030256341865,1.21081474643794,2.88979038039936,0.000161781718463,0.0304975180141731,-0.0365815946252964,0.0975766306536427,0.997666211618705
CAMSAP1,Q5T5Y3,post_15_30_45_min,Q5T5Y3_S575s,Q5T5Y3,-0.492575333005813,-0.796659352443653,-0.188491313567974,0.0286743395749396,0.0219997652726626,-0.0552477888596181,0.0992473194049434,0.997666211618705
UBAP2,Q5T6F2,post_15_30_45_min,Q5T6F2_S254s,Q5T6F2,0.316726505883095,0.10417612775957,0.529276884006619,0.0499147409290541,-0.035986263986724,-0.107848300070663,0.0358757720972152,0.997666211618705
RASIP1,Q5U651,post_15_30_45_min,Q5U651_S292s,Q5U651,0.609389052187905,0.415583130192673,0.803194974183137,3.2066522018182e-07,-0.0481200916409315,-0.15799719976033,0.0617570164784667,0.997666211618705
RPRD2,Q5VT52-3,post_15_30_45_min,Q5VT52-3_S902s,Q5VT52-3,-0.485286499951921,-0.702666284602191,-0.267906715301651,0.0008953366312141,0.0220533637096966,-0.0860855270319966,0.13019225445139,0.997666211618705
DENND4C,Q5VZ89,post_15_30_45_min,Q5VZ89_S1252s,Q5VZ89,-0.33960011643706,-0.531815671317623,-0.147384561556497,0.0122968595134381,-0.0325914333922247,-0.177401175088285,0.112218308303836,0.997666211618705
DENND4C,Q5VZ89,post_15_30_45_min,Q5VZ89_S1325s,Q5VZ89,0.338822904865165,0.112142423564553,0.565503386165776,0.0499033088818888,-0.0325914333922247,-0.177401175088285,0.112218308303836,0.997666211618705
DENND4C,Q5VZ89,post_15_30_45_min,Q5VZ89_S989s,Q5VZ89,1.26970211991871,0.938819580690819,1.60058465914659,1.0726874014543501e-09,-0.0325914333922247,-0.177401175088285,0.112218308303836,0.997666211618705
STYXL2,Q5VZP5,post_15_30_45_min,Q5VZP5_S1032s,Q5VZP5,0.537835893311242,0.281442776241338,0.794229010381146,0.0017344602234743,-0.0120300693420293,-0.0980938401521031,0.0740337014680446,0.997666211618705
STYXL2,Q5VZP5,post_15_30_45_min,Q5VZP5_S336sT340t,Q5VZP5,-0.979351723171886,-1.26133717109856,-0.697366275245208,7.51600691526142e-08,-0.0120300693420293,-0.0980938401521031,0.0740337014680446,0.997666211618705
STYXL2,Q5VZP5,post_15_30_45_min,Q5VZP5_S750s,Q5VZP5,0.370006309514765,0.136944809511726,0.603067809517803,0.0313195297132308,-0.0120300693420293,-0.0980938401521031,0.0740337014680446,0.997666211618705
STYXL2,Q5VZP5,post_15_30_45_min,Q5VZP5_S891s,Q5VZP5,-0.644069348028959,-0.905517973867954,-0.382620722189964,0.0001363155732885,-0.0120300693420293,-0.0980938401521031,0.0740337014680446,0.997666211618705
TNS2,Q63HR2,post_15_30_45_min,Q63HR2_Y456yS466s,Q63HR2,-0.309406931184937,-0.511951019285827,-0.106862843084048,0.042724989354371,-0.018392181234884,-0.136717364382797,0.0999330019130287,0.997666211618705
WASHC2A,Q641Q2,post_15_30_45_min,Q641Q2_S284s,Q641Q2,0.543036812110806,0.25800785570104,0.828065768520572,0.0057109884191325,0.0130960828079213,-0.0518033359581226,0.0779955015739653,0.997666211618705
WASHC2A,Q641Q2,post_15_30_45_min,Q641Q2_S284sT287t,Q641Q2,0.613571347530391,0.248162775062518,0.978979919998265,0.0207106040901667,0.0130960828079213,-0.0518033359581226,0.0779955015739653,0.997666211618705
WASHC2A,Q641Q2,post_15_30_45_min,Q641Q2_S498s,Q641Q2,0.395630129132912,0.165481047155723,0.625779211110101,0.0172561146556073,0.0130960828079213,-0.0518033359581226,0.0779955015739653,0.997666211618705
WASHC2A,Q641Q2,post_15_30_45_min,Q641Q2_S728s,Q641Q2,0.34769752800886,0.193253879409138,0.502141176608581,0.0005431603158971,0.0130960828079213,-0.0518033359581226,0.0779955015739653,0.997666211618705
TBC1D9B,Q66K14,post_15_30_45_min,Q66K14_S411sS435s,Q66K14,-0.322216557326125,-0.502506443378537,-0.141926671273713,0.0109961537438051,0.013013829530658,-0.0868874232947832,0.112915082356099,0.997666211618705
MAP1S,Q66K74,post_15_30_45_min,Q66K74_S321s,Q66K74,0.276571807861834,0.101455919591542,0.451687696132125,0.0339342906341566,-0.0020506408003304,-0.0558349785232268,0.051733696922566,0.997666211618705
MAP1S,Q66K74,post_15_30_45_min,Q66K74_S600s,Q66K74,-0.345521132533887,-0.573995492859604,-0.11704677220817,0.0462932792707499,-0.0020506408003304,-0.0558349785232268,0.051733696922566,0.997666211618705
TNS3,Q68CZ2,post_15_30_45_min,Q68CZ2_S1149s,Q68CZ2,-0.275724120245433,-0.442770488079012,-0.108677752411854,0.0227327384333635,0.0262674199018769,-0.0886375547864005,0.141172394590154,0.997666211618705
UHRF1BP1,Q6BDS2,post_15_30_45_min,Q6BDS2_S988s,Q6BDS2,-0.498188383445078,-0.700117216494609,-0.296259550395547,0.0001415588317693,-0.0383898153209994,-0.165092885283728,0.088313254641729,0.997666211618705
CIAPIN1,Q6FI81,post_15_30_45_min,Q6FI81_S185s,Q6FI81,-0.339730268369091,-0.524743688804737,-0.154716847933446,0.0085271644042167,0.0025662092616372,-0.058856958716204,0.0639893772394784,0.997666211618705
ABLIM2,Q6H8Q1-9,post_15_30_45_min,Q6H8Q1-9_S432sS434s,Q6H8Q1-9,-0.732205807595033,-0.950220314232539,-0.514191300957527,6.29548469357329e-08,-0.0076598989362243,-0.0823790499934735,0.0670592521210249,0.997666211618705
ABLIM2,Q6H8Q1-9,post_15_30_45_min,Q6H8Q1-9_S434s,Q6H8Q1-9,-0.351894253773934,-0.573377311822814,-0.130411195725055,0.030876529875174,-0.0076598989362243,-0.0823790499934735,0.0670592521210249,0.997666211618705
ABLIM2,Q6H8Q1-9,post_15_30_45_min,Q6H8Q1-9_S434sS437s,Q6H8Q1-9,-0.709007649419522,-1.00949323497155,-0.408522063867499,0.0003025737811146,-0.0076598989362243,-0.0823790499934735,0.0670592521210249,0.997666211618705
RCSD1,Q6JBY9,post_15_30_45_min,Q6JBY9_S135s,Q6JBY9,0.366733480715241,0.132745831516514,0.600721129913969,0.0349322896095341,-0.0060603032858083,-0.114385866380517,0.1022652598089,0.997666211618705
KANK3,Q6NY19,post_15_30_45_min,Q6NY19_S29s,Q6NY19,-0.553492369458637,-0.866878254147561,-0.240106484769712,0.0130930034092282,0.0330868367197059,-0.065909467372623,0.132083140812035,0.997666211618705
MAST2,Q6P0Q8,post_15_30_45_min,Q6P0Q8_S1032s,Q6P0Q8,0.516105679054666,0.226717647069601,0.805493711039731,0.0113009376018752,0.0122534673932734,-0.10901141412962,0.133518348916167,0.997666211618705
MAST2,Q6P0Q8,post_15_30_45_min,Q6P0Q8_S1035s,Q6P0Q8,-0.559933291115238,-0.883579768929099,-0.236286813301377,0.0152266060352294,0.0122534673932734,-0.10901141412962,0.133518348916167,0.997666211618705
MAST2,Q6P0Q8,post_15_30_45_min,Q6P0Q8_S66s,Q6P0Q8,-0.442482540813182,-0.679397771585389,-0.205567310040976,0.0070264025617647,0.0122534673932734,-0.10901141412962,0.133518348916167,0.997666211618705
MAST2,Q6P0Q8,post_15_30_45_min,Q6P0Q8_S806s,Q6P0Q8,-0.532779752651527,-0.794670947845633,-0.27088855745742,0.002967883144491,0.0122534673932734,-0.10901141412962,0.133518348916167,0.997666211618705
MAST2,Q6P0Q8,post_15_30_45_min,Q6P0Q8_S996s,Q6P0Q8,-1.23256241267231,-1.5085752765041,-0.95654954884052,3.71953303143602e-12,0.0122534673932734,-0.10901141412962,0.133518348916167,0.997666211618705
EDC4,Q6P2E9,post_15_30_45_min,Q6P2E9_S844s,Q6P2E9,-0.292796120459174,-0.466712599002391,-0.118879641915958,0.0189674737480417,0.0112625711073056,-0.0762533633610126,0.0987785055756237,0.997666211618705
LMOD2,Q6P5Q4,post_15_30_45_min,Q6P5Q4_S186s,Q6P5Q4,-0.948291884510269,-1.2979458663566,-0.59863790266394,1.55949043503363e-05,-0.024140914082087,-0.145032545312018,0.0967507171478443,0.997666211618705
LMOD2,Q6P5Q4,post_15_30_45_min,Q6P5Q4_S386s,Q6P5Q4,1.10645968903235,0.532370553028221,1.68054882503648,0.0049304352026488,-0.024140914082087,-0.145032545312018,0.0967507171478443,0.997666211618705
LMOD2,Q6P5Q4,post_15_30_45_min,Q6P5Q4_T384tS392s,Q6P5Q4,-0.725196265003297,-1.09254373996457,-0.357848790042022,0.003631674518435,-0.024140914082087,-0.145032545312018,0.0967507171478443,0.997666211618705
LARP1,Q6PKG0,post_15_30_45_min,Q6PKG0_S1056s,Q6PKG0,0.679616728181445,0.263688312950297,1.09554514341259,0.0255692432027269,-0.0212022738571107,-0.0720965230750477,0.0296919753608262,0.997666211618705
LARP1,Q6PKG0,post_15_30_45_min,Q6PKG0_S1067s,Q6PKG0,0.570081077444725,0.304523458733524,0.835638696155926,0.0011683946545825,-0.0212022738571107,-0.0720965230750477,0.0296919753608262,0.997666211618705
LARP1,Q6PKG0,post_15_30_45_min,Q6PKG0_S517s,Q6PKG0,0.427723181177975,0.220321993829522,0.635124368526428,0.0020942961379661,-0.0212022738571107,-0.0720965230750477,0.0296919753608262,0.997666211618705
LARP1,Q6PKG0,post_15_30_45_min,Q6PKG0_S548s,Q6PKG0,-0.208118647212825,-0.314002092512534,-0.102235201913116,0.0038870678125193,-0.0212022738571107,-0.0720965230750477,0.0296919753608262,0.997666211618705
LARP1,Q6PKG0,post_15_30_45_min,Q6PKG0_S766s,Q6PKG0,-0.383042694624311,-0.523923446136612,-0.242161943112011,1.39156959770157e-05,-0.0212022738571107,-0.0720965230750477,0.0296919753608262,0.997666211618705
LARP1,Q6PKG0,post_15_30_45_min,Q6PKG0_S766sS774s,Q6PKG0,-0.768911920278359,-0.967949916482477,-0.569873924074241,2.15270626865815e-10,-0.0212022738571107,-0.0720965230750477,0.0296919753608262,0.997666211618705
LARP1,Q6PKG0,post_15_30_45_min,Q6PKG0_S847s,Q6PKG0,0.853903239901533,0.602998018847499,1.10480846095557,5.35435959886802e-08,-0.0212022738571107,-0.0720965230750477,0.0296919753608262,0.997666211618705
LARP1,Q6PKG0,post_15_30_45_min,Q6PKG0_T785tT788t,Q6PKG0,-1.06876651661789,-1.3379181315849,-0.799614901650876,1.55080479663303e-10,-0.0212022738571107,-0.0720965230750477,0.0296919753608262,0.997666211618705
PACS1,Q6VY07,post_15_30_45_min,Q6VY07_S320s,Q6VY07,1.0611977869498,0.454326823930227,1.66806874996936,0.0140721935195504,0.0315630681658426,-0.066805350483208,0.129931486814893,0.997666211618705
MPRIP,Q6WCQ1,post_15_30_45_min,Q6WCQ1_S619s,Q6WCQ1,0.605292623607316,0.203825569115402,1.00675967809923,0.0493603801082384,-0.0289560839853443,-0.116809493885973,0.0588973259152842,0.997666211618705
DNMBP,Q6XZF7,post_15_30_45_min,Q6XZF7_S496s,Q6XZF7,-0.500501294718293,-0.738968100289701,-0.262034489146886,0.0017671901097982,0.0155983076781398,-0.124955343928325,0.156151959284605,0.997666211618705
RIPOR1,Q6ZS17,post_15_30_45_min,Q6ZS17_S171s,Q6ZS17,-0.506400471710324,-0.826397955471612,-0.186402987949035,0.0329349512397529,0.0614472217654245,-0.0586603971080739,0.181554840638923,0.997666211618705
KIAA0408,Q6ZU52,post_15_30_45_min,Q6ZU52_S529s,Q6ZU52,-0.461805053298183,-0.673285677321606,-0.25032442927476,0.0012771552991854,-0.0067845866058596,-0.0981730407305975,0.0846038675188782,0.997666211618705
CCDC9B,Q6ZUT6,post_15_30_45_min,Q6ZUT6_S193s,Q6ZUT6,-0.428645992393932,-0.677965941783911,-0.179326043003952,0.017834414094717,-0.0364304310533361,-0.118402294642755,0.0455414325360829,0.997666211618705
TOM1L2,Q6ZVM7,post_15_30_45_min,Q6ZVM7_S424s,Q6ZVM7,0.38331777519323,0.13090101827087,0.635734532115589,0.0440169303478938,0.0159515816728906,-0.0455553428719118,0.0774585062176931,0.997666211618705
VPS13C,Q709C8,post_15_30_45_min,Q709C8_S737s,Q709C8,1.15693567649584,0.974981083553751,1.33889026943793,1.6239329898917602e-23,0.0214475374309439,-0.0231666975921224,0.0660617724540103,0.997666211618705
C10orf71,Q711Q0,post_15_30_45_min,Q711Q0_S252s,Q711Q0,-0.737284409160976,-0.928216028179332,-0.546352790142619,2.28949272418593e-10,-0.0625894374725467,-0.148682184887803,0.0235033099427094,0.997666211618705
C10orf71,Q711Q0,post_15_30_45_min,Q711Q0_S470s,Q711Q0,0.34455189262466,0.176599508189584,0.512504277059736,0.0022503299322177,-0.0625894374725467,-0.148682184887803,0.0235033099427094,0.997666211618705
C10orf71,Q711Q0,post_15_30_45_min,Q711Q0_S512s,Q711Q0,1.05383782152976,0.403280785902489,1.70439485715703,0.0266592267644469,-0.0625894374725467,-0.148682184887803,0.0235033099427094,0.997666211618705
C10orf71,Q711Q0,post_15_30_45_min,Q711Q0_S739s,Q711Q0,-0.530345437296389,-0.797156972700847,-0.263533901891931,0.0034250580226616,-0.0625894374725467,-0.148682184887803,0.0235033099427094,0.997666211618705
C10orf71,Q711Q0,post_15_30_45_min,Q711Q0_S761s,Q711Q0,1.28435607016978,0.62168051151204,1.94703162882753,0.0047910838554458,-0.0625894374725467,-0.148682184887803,0.0235033099427094,0.997666211618705
C10orf71,Q711Q0,post_15_30_45_min,Q711Q0_S816s,Q711Q0,0.538549094436233,0.313691487441531,0.763406701430936,0.0001919306615692,-0.0625894374725467,-0.148682184887803,0.0235033099427094,0.997666211618705
C10orf71,Q711Q0,post_15_30_45_min,Q711Q0_S844s,Q711Q0,-0.508100230870251,-0.649586597078868,-0.366613864661634,3.4876735891016904e-09,-0.0625894374725467,-0.148682184887803,0.0235033099427094,0.997666211618705
C10orf71,Q711Q0,post_15_30_45_min,Q711Q0_T448t,Q711Q0,-0.47764619640454,-0.757504486846521,-0.197787905962559,0.0188713276255352,-0.0625894374725467,-0.148682184887803,0.0235033099427094,0.997666211618705
C10orf71,Q711Q0,post_15_30_45_min,Q711Q0_T468tS470s,Q711Q0,-0.4156191916529,-0.560502718325581,-0.27073566498022,4.71230297315177e-06,-0.0625894374725467,-0.148682184887803,0.0235033099427094,0.997666211618705
C10orf71,Q711Q0,post_15_30_45_min,Q711Q0_T513t,Q711Q0,1.18966191572052,0.479202315981851,1.90012151545919,0.0205018060230993,-0.0625894374725467,-0.148682184887803,0.0235033099427094,0.997666211618705
C10orf71,Q711Q0,post_15_30_45_min,Q711Q0_T842tS844s,Q711Q0,-0.517601731267698,-0.722337226901643,-0.312866235633753,7.80635306261967e-05,-0.0625894374725467,-0.148682184887803,0.0235033099427094,0.997666211618705
MTSS2,Q765P7,post_15_30_45_min,Q765P7_S601s,Q765P7,0.480120028092825,0.191576316678632,0.768663739507017,0.0212201703783354,-0.022690582539534,-0.187518542993993,0.142137377914925,0.997666211618705
CEP68,Q76N32,post_15_30_45_min,Q76N32_S435s,Q76N32,-0.428137066390235,-0.668194376487765,-0.188079756292706,0.0119084959871915,-0.0746444529926037,-0.192230634594194,0.0429417286089864,0.997666211618705
RSRC2,Q7L4I2,post_15_30_45_min,Q7L4I2_S104s,Q7L4I2,0.474187259884988,0.170476135386392,0.777898384383584,0.0366388599453126,-0.0196891328445219,-0.170427806457248,0.131049540768205,0.997666211618705
SH3BP5L,Q7L8J4,post_15_30_45_min,Q7L8J4_S343s,Q7L8J4,-0.425619267934802,-0.662450824901575,-0.188787710968029,0.010718767087188,-0.0379853462203834,-0.143588496435304,0.0676178039945368,0.997666211618705
SH3BP5L,Q7L8J4,post_15_30_45_min,Q7L8J4_S362s,Q7L8J4,-0.269294102643247,-0.413332028977196,-0.125256176309298,0.0068596517385261,-0.0379853462203834,-0.143588496435304,0.0676178039945368,0.997666211618705
KDM3B,Q7LBC6,post_15_30_45_min,Q7LBC6_S289s,Q7LBC6,0.652003320692541,0.298302936926807,1.00570370445828,0.0080196595238246,0.0103798504711258,-0.0799742872180812,0.100733988160333,0.997666211618705
NUFIP2,Q7Z417,post_15_30_45_min,Q7Z417_S112s,Q7Z417,-0.326071774003185,-0.468705424725975,-0.183438123280395,0.0004125526480213,-0.0380453261655408,-0.115310434358432,0.0392197820273503,0.997666211618705
NUFIP2,Q7Z417,post_15_30_45_min,Q7Z417_S652s,Q7Z417,0.791768523520397,0.602855214933042,0.980681832107753,3.19508056749581e-12,-0.0380453261655408,-0.115310434358432,0.0392197820273503,0.997666211618705
CLASP1,Q7Z460-4,post_15_30_45_min,Q7Z460-4_S1069s,Q7Z460-4,-0.463162625014022,-0.645563740376544,-0.2807615096515,6.64901891925753e-05,0.0087962345811271,-0.0542056995409645,0.0717981687032187,0.997666211618705
CLASP1,Q7Z460-4,post_15_30_45_min,Q7Z460-4_S559s,Q7Z460-4,-0.471969653439694,-0.708827831230179,-0.23511147564921,0.0034703788004124,0.0087962345811271,-0.0542056995409645,0.0717981687032187,0.997666211618705
HDGFL2,Q7Z4V5,post_15_30_45_min,Q7Z4V5_S454s,Q7Z4V5,0.562981231972946,0.271399786452,0.854562677493891,0.0047314477714804,-0.0041085596331511,-0.0828049933567484,0.0745878740904462,0.997666211618705
IRF2BP2,Q7Z5L9,post_15_30_45_min,Q7Z5L9_S240s,Q7Z5L9,0.423584889181931,0.175027367148911,0.672142411214951,0.0174424060840166,0.0434127963571277,-0.0979249393121088,0.184750532026364,0.997666211618705
HUWE1,Q7Z6Z7,post_15_30_45_min,Q7Z6Z7_S1368s,Q7Z6Z7,0.571372036163707,0.295696859130198,0.847047213197215,0.0020299826281903,0.0123623104728779,-0.0249454843231621,0.0496701052689178,0.997666211618705
HUWE1,Q7Z6Z7,post_15_30_45_min,Q7Z6Z7_S3757s,Q7Z6Z7,0.432151609040201,0.193290349201776,0.671012868878626,0.0096187164662912,0.0123623104728779,-0.0249454843231621,0.0496701052689178,0.997666211618705
MYPN,Q86TC9,post_15_30_45_min,Q86TC9_S1047s,Q86TC9,1.28608103148746,0.598944034339805,1.97321802863511,0.0066253583601012,-0.0216359956028412,-0.10042138128592,0.0571493900802372,0.997666211618705
MYPN,Q86TC9,post_15_30_45_min,Q86TC9_S124s,Q86TC9,0.785097460153747,0.2608511621558,1.3093437581517,0.0483388620806645,-0.0216359956028412,-0.10042138128592,0.0571493900802372,0.997666211618705
MYPN,Q86TC9,post_15_30_45_min,Q86TC9_S418s,Q86TC9,-0.255028456990392,-0.423361064661741,-0.0866958493190438,0.0447349458507982,-0.0216359956028412,-0.10042138128592,0.0571493900802372,0.997666211618705
MYPN,Q86TC9,post_15_30_45_min,Q86TC9_S609sS612s,Q86TC9,-0.332144797612223,-0.468085641575708,-0.196203953648739,0.0001364999603189,-0.0216359956028412,-0.10042138128592,0.0571493900802372,0.997666211618705
MYPN,Q86TC9,post_15_30_45_min,Q86TC9_S609sS612sS613s,Q86TC9,-0.394816519498687,-0.570672426463544,-0.218960612533829,0.0007503238468855,-0.0216359956028412,-0.10042138128592,0.0571493900802372,0.997666211618705
MYPN,Q86TC9,post_15_30_45_min,Q86TC9_S644s,Q86TC9,0.436977464817577,0.178314407506891,0.695640522128263,0.0185621117246821,-0.0216359956028412,-0.10042138128592,0.0571493900802372,0.997666211618705
MYPN,Q86TC9,post_15_30_45_min,Q86TC9_S813s,Q86TC9,-0.356087844006666,-0.58773211677117,-0.124443571242162,0.0399695524315386,-0.0216359956028412,-0.10042138128592,0.0571493900802372,0.997666211618705
MYPN,Q86TC9,post_15_30_45_min,Q86TC9_T420t,Q86TC9,-0.294045143121947,-0.443900672613356,-0.144189613630537,0.0039372820147279,-0.0216359956028412,-0.10042138128592,0.0571493900802372,0.997666211618705
MYPN,Q86TC9,post_15_30_45_min,Q86TC9_Y422y,Q86TC9,-0.349755467786405,-0.503529545026822,-0.195981390545987,0.0004582042057978,-0.0216359956028412,-0.10042138128592,0.0571493900802372,0.997666211618705
TBC1D1,Q86TI0-2,post_15_30_45_min,Q86TI0-2_S235s,Q86TI0-2,-0.763645871407521,-1.05863053344683,-0.468661209368217,5.06996006442271e-05,0.0284380961967722,-0.109333730303206,0.166209922696751,0.997666211618705
TBC1D1,Q86TI0-2,post_15_30_45_min,Q86TI0-2_S614s,Q86TI0-2,-0.701935100121052,-1.00483626522224,-0.399033935019863,0.0003767014341699,0.0284380961967722,-0.109333730303206,0.166209922696751,0.997666211618705
TBC1D1,Q86TI0-2,post_15_30_45_min,Q86TI0-2_S667s,Q86TI0-2,1.02072488757309,0.720559863588797,1.32088991155737,5.35435959886802e-08,0.0284380961967722,-0.109333730303206,0.166209922696751,0.997666211618705
TBC1D1,Q86TI0-2,post_15_30_45_min,Q86TI0-2_S668s,Q86TI0-2,1.06915400467168,0.69030329760148,1.44800471174188,8.25930953744129e-06,0.0284380961967722,-0.109333730303206,0.166209922696751,0.997666211618705
METTL3,Q86U44,post_15_30_45_min,Q86U44_S219s,Q86U44,0.596966206322641,0.252871820100733,0.941060592544548,0.0155882568619175,0.0358907419923592,-0.103843729081088,0.175625213065807,0.997666211618705
MTDH,Q86UE4,post_15_30_45_min,Q86UE4_S216s,Q86UE4,0.401212272927236,0.182714699435232,0.61970984641924,0.008261259812283,0.0286019182264908,-0.0463192702196598,0.103523106672641,0.997666211618705
MTDH,Q86UE4,post_15_30_45_min,Q86UE4_S298s,Q86UE4,0.500017576462677,0.222838205586747,0.777196947338607,0.010044490396457,0.0286019182264908,-0.0463192702196598,0.103523106672641,0.997666211618705
PACS2,Q86VP3,post_15_30_45_min,Q86VP3_S366s,Q86VP3,0.231512750035834,0.0812782163296656,0.381747283742002,0.0396021792319019,-0.0608753506053425,-0.162378189876084,0.0406274886653987,0.997666211618705
ERC1,Q8IUD2,post_15_30_45_min,Q8IUD2_S17s,Q8IUD2,-0.794750241502331,-1.04572180626739,-0.54377867673727,3.20131366981443e-07,0.0249098705526355,-0.0681529202967234,0.117972661401994,0.997666211618705
MYO18B,Q8IUG5,post_15_30_45_min,Q8IUG5_S114s,Q8IUG5,-0.821853727293177,-0.978035178644176,-0.665672275942178,6.3933466159272e-18,-0.0247141646013514,-0.115366181272165,0.0659378520694618,0.997666211618705
MYO18B,Q8IUG5,post_15_30_45_min,Q8IUG5_S2147s,Q8IUG5,-0.849073638980032,-1.18613913624381,-0.512008141716251,0.0001221517576948,-0.0247141646013514,-0.115366181272165,0.0659378520694618,0.997666211618705
MYO18B,Q8IUG5,post_15_30_45_min,Q8IUG5_S2170s,Q8IUG5,-0.787371555719479,-1.11317941193224,-0.461563699506719,0.0001629172777475,-0.0247141646013514,-0.115366181272165,0.0659378520694618,0.997666211618705
MYO18B,Q8IUG5,post_15_30_45_min,Q8IUG5_S2226s,Q8IUG5,-0.468674459988608,-0.674889415673787,-0.262459504303428,0.0004848033078594,-0.0247141646013514,-0.115366181272165,0.0659378520694618,0.997666211618705
MYO18B,Q8IUG5,post_15_30_45_min,Q8IUG5_S2245s,Q8IUG5,-0.760467491525229,-1.02145318110735,-0.49948180194311,2.63237834285424e-06,-0.0247141646013514,-0.115366181272165,0.0659378520694618,0.997666211618705
MYO18B,Q8IUG5,post_15_30_45_min,Q8IUG5_S2296s,Q8IUG5,0.215597592190601,0.0823141113962769,0.348881072984925,0.026918973594454,-0.0247141646013514,-0.115366181272165,0.0659378520694618,0.997666211618705
MYO18B,Q8IUG5,post_15_30_45_min,Q8IUG5_S2309s,Q8IUG5,-0.59521611031755,-0.775333507583056,-0.415098713052044,7.56832254225673e-08,-0.0247141646013514,-0.115366181272165,0.0659378520694618,0.997666211618705
MYO18B,Q8IUG5,post_15_30_45_min,Q8IUG5_S2366s,Q8IUG5,0.473618380143103,0.221110688720691,0.726126071565514,0.0068653854410861,-0.0247141646013514,-0.115366181272165,0.0659378520694618,0.997666211618705
MYO18B,Q8IUG5,post_15_30_45_min,Q8IUG5_S2367s,Q8IUG5,-0.570970804108919,-0.850484933837054,-0.291456674380783,0.0033884137568022,-0.0247141646013514,-0.115366181272165,0.0659378520694618,0.997666211618705
MYO18B,Q8IUG5,post_15_30_45_min,Q8IUG5_T2218tS2226s,Q8IUG5,-0.746857038128137,-1.1569318363362,-0.336782239920072,0.0100495465915652,-0.0247141646013514,-0.115366181272165,0.0659378520694618,0.997666211618705
MYO18B,Q8IUG5,post_15_30_45_min,Q8IUG5_T2453t,Q8IUG5,-0.805804719243906,-1.04032430549025,-0.571285132997562,2.76130030010524e-08,-0.0247141646013514,-0.115366181272165,0.0659378520694618,0.997666211618705
TEX2,Q8IWB9,post_15_30_45_min,Q8IWB9_S266sS270s,Q8IWB9,0.862378757428522,0.381403931147435,1.34335358370961,0.011208843778491,-0.0313796869561617,-0.14825817249742,0.0854987985850965,0.997666211618705
TEX2,Q8IWB9,post_15_30_45_min,Q8IWB9_S794s,Q8IWB9,0.444796227638756,0.208633359744474,0.680959095533038,0.0068545303662934,-0.0313796869561617,-0.14825817249742,0.0854987985850965,0.997666211618705
SUGP2,Q8IX01,post_15_30_45_min,Q8IX01_S773s,Q8IX01,-0.344054098360582,-0.533074913671326,-0.155033283049838,0.0098947513905314,-0.0092767040765422,-0.0785423509841439,0.0599889428310594,0.997666211618705
SRRM1,Q8IYB3,post_15_30_45_min,Q8IYB3_S234s,Q8IYB3,0.406530265145119,0.233476069001493,0.579584461288745,0.0003028898120564,-0.0048298595910837,-0.119744783979727,0.11008506479756,0.997666211618705
SRRM1,Q8IYB3,post_15_30_45_min,Q8IYB3_S450sS452s,Q8IYB3,0.221870376217751,0.0927294380026929,0.351011314432808,0.016049339765634,-0.0048298595910837,-0.119744783979727,0.11008506479756,0.997666211618705
SRRM1,Q8IYB3,post_15_30_45_min,Q8IYB3_S769sS775s,Q8IYB3,0.267413402135718,0.107192165633272,0.427634638638163,0.0223887314721388,-0.0048298595910837,-0.119744783979727,0.11008506479756,0.997666211618705
SRRM1,Q8IYB3,post_15_30_45_min,Q8IYB3_T411t,Q8IYB3,-0.599365920025621,-0.893041140730021,-0.305690699321221,0.0028025000043161,-0.0048298595910837,-0.119744783979727,0.11008506479756,0.997666211618705
SMAP1,Q8IYB5,post_15_30_45_min,Q8IYB5_S152s,Q8IYB5,-0.333951068055203,-0.53975521019025,-0.128146925920156,0.0259801274006402,0.063553567794152,-0.0323949004582654,0.15950203604657,0.997666211618705
ABI1,Q8IZP0,post_15_30_45_min,Q8IZP0_S319sS323s,Q8IZP0,0.812000685122284,0.271902950998395,1.35209841924617,0.048689501335733,0.048227769380117,-0.0611941819471848,0.157649720707419,0.997666211618705
SPART,Q8N0X7,post_15_30_45_min,Q8N0X7_S394s,Q8N0X7,0.35553097681549,0.174768713376046,0.536293240254935,0.0040965983908454,0.0166680467548517,-0.0835784720534758,0.116914565563179,0.997666211618705
RPTOR,Q8N122,post_15_30_45_min,Q8N122_S721s,Q8N122,-0.597210964288489,-0.85206312603449,-0.342358802542489,0.0003002340327008,-0.0121918537162422,-0.0834855359198479,0.0591018284873635,0.997666211618705
RPTOR,Q8N122,post_15_30_45_min,Q8N122_S722s,Q8N122,0.575323746141874,0.240261646719943,0.910385845563804,0.016654302514372,-0.0121918537162422,-0.0834855359198479,0.0591018284873635,0.997666211618705
RPTOR,Q8N122,post_15_30_45_min,Q8N122_S859s,Q8N122,-0.46394120007187,-0.663047392389024,-0.264835007754717,0.0003656689713263,-0.0121918537162422,-0.0834855359198479,0.0591018284873635,0.997666211618705
RPTOR,Q8N122,post_15_30_45_min,Q8N122_S877sS887s,Q8N122,-0.486481291404701,-0.791685652689985,-0.181276930119417,0.0307635096782474,-0.0121918537162422,-0.0834855359198479,0.0591018284873635,0.997666211618705
ADSS1,Q8N142,post_15_30_45_min,Q8N142_S7s,Q8N142,1.52176403626485,0.978308425324583,2.06521964720511,7.05321310732114e-06,0.0225302634411684,-0.103894381549304,0.148954908431641,0.997666211618705
ARMC10,Q8N2F6,post_15_30_45_min,Q8N2F6_S45s,Q8N2F6,0.531869669135079,0.264282865463,0.799456472807158,0.0039847658539064,-0.0088344470647757,-0.141411062804725,0.123742168675173,0.997666211618705
EHBP1L1,Q8N3D4,post_15_30_45_min,Q8N3D4_S993s,Q8N3D4,0.305629752050384,0.101639727750069,0.5096197763507,0.0497354342627064,-0.0010527960836671,-0.0541389628851025,0.0520333707177683,0.998180760265417
EHBP1L1,Q8N3D4,post_15_30_45_min,Q8N3D4_T454t,Q8N3D4,-0.994606655669372,-1.22823295256089,-0.760980358777851,1.73052184761545e-12,-0.0010527960836671,-0.0541389628851025,0.0520333707177683,0.998180760265417
MICALL1,Q8N3F8,post_15_30_45_min,Q8N3F8_S391s,Q8N3F8,-0.522713854641452,-0.795241005925623,-0.250186703357281,0.0052158292719975,-0.0037514389338649,-0.137366087286915,0.129863209419185,0.997666211618705
MICALL1,Q8N3F8,post_15_30_45_min,Q8N3F8_S578s,Q8N3F8,-0.240351795513415,-0.389571890326917,-0.0911317006999117,0.0279958556660267,-0.0037514389338649,-0.137366087286915,0.129863209419185,0.997666211618705
MICALL1,Q8N3F8,post_15_30_45_min,Q8N3F8_S640s,Q8N3F8,-0.513517651609241,-0.675017651030771,-0.352017652187712,2.71067617858711e-07,-0.0037514389338649,-0.137366087286915,0.129863209419185,0.997666211618705
CMYA5,Q8N3K9,post_15_30_45_min,Q8N3K9_S1425s,Q8N3K9,0.62619306617554,0.331857327962127,0.920528804388953,0.0012990855421766,0.0017453746351134,-0.0701459125414454,0.0736366618116724,0.997666211618705
CMYA5,Q8N3K9,post_15_30_45_min,Q8N3K9_S1717s,Q8N3K9,0.718046194040518,0.308527388300106,1.12756499978093,0.0133509006300781,0.0017453746351134,-0.0701459125414454,0.0736366618116724,0.997666211618705
CMYA5,Q8N3K9,post_15_30_45_min,Q8N3K9_S2032s,Q8N3K9,0.311198384959405,0.103809419112932,0.518587350805877,0.0484927216986505,0.0017453746351134,-0.0701459125414454,0.0736366618116724,0.997666211618705
CMYA5,Q8N3K9,post_15_30_45_min,Q8N3K9_S266s,Q8N3K9,0.526957033479966,0.213727488403134,0.840186578556798,0.0201108137653518,0.0017453746351134,-0.0701459125414454,0.0736366618116724,0.997666211618705
CMYA5,Q8N3K9,post_15_30_45_min,Q8N3K9_S268s,Q8N3K9,0.445546265157327,0.220812125068223,0.670280405246431,0.0035817699739856,0.0017453746351134,-0.0701459125414454,0.0736366618116724,0.997666211618705
CMYA5,Q8N3K9,post_15_30_45_min,Q8N3K9_S2825s,Q8N3K9,-1.20609624915163,-1.50148932249501,-0.91070317580826,8.89837289231791e-12,0.0017453746351134,-0.0701459125414454,0.0736366618116724,0.997666211618705
CMYA5,Q8N3K9,post_15_30_45_min,Q8N3K9_S479s,Q8N3K9,0.520945560176269,0.228476586516385,0.813414533836152,0.0117335629530332,0.0017453746351134,-0.0701459125414454,0.0736366618116724,0.997666211618705
CMYA5,Q8N3K9,post_15_30_45_min,Q8N3K9_S90s,Q8N3K9,-0.415037923110832,-0.630012863494718,-0.200062982726945,0.0047314477714804,0.0017453746351134,-0.0701459125414454,0.0736366618116724,0.997666211618705
TXLNB,Q8N3L3,post_15_30_45_min,Q8N3L3_S554s,Q8N3L3,-0.311879963489959,-0.461840169985151,-0.161919756994767,0.0018772004837736,-0.0628351068782668,-0.158086193931799,0.0324159801752654,0.997666211618705
SYNPO,Q8N3V7,post_15_30_45_min,Q8N3V7_S232s,Q8N3V7,-0.42878480185392,-0.699339002898537,-0.158230600809304,0.031881915607436,0.0160242968272167,-0.0884360542261226,0.120484647880556,0.997666211618705
OXR1,Q8N573,post_15_30_45_min,Q8N573_T203t,Q8N573,0.986025464115132,0.370635320273064,1.6014156079572,0.0300625280278145,-0.0168669018710008,-0.0829884711502459,0.0492546674082444,0.997666211618705
CPSF7,Q8N684,post_15_30_45_min,Q8N684_S60s,Q8N684,0.358595774784632,0.207786828747254,0.50940472082201,0.0002344302013292,-0.0012295384324463,-0.095163482681514,0.0927044058166213,0.998181409107336
LEMD2,Q8NC56,post_15_30_45_min,Q8NC56_S499s,Q8NC56,-0.263372545878619,-0.42137200378255,-0.105373087974689,0.0209863887352463,0.0532566315831279,-0.0660069166510999,0.172520179817356,0.997666211618705
CPEB3,Q8NE35-2,post_15_30_45_min,Q8NE35-2_S195s,Q8NE35-2,-0.475243042008641,-0.633328347212108,-0.317157736805174,1.17251335999174e-06,-0.0053476840367069,-0.0831311643409229,0.072435796267509,0.997666211618705
DEPTOR,Q8TB45,post_15_30_45_min,Q8TB45_S238sS244s,Q8TB45,-0.774633512342227,-1.19265936891939,-0.356607655765061,0.0078992087154322,0.0180701971162394,-0.0818044490544673,0.117944843286946,0.997666211618705
DEPTOR,Q8TB45,post_15_30_45_min,Q8TB45_S244s,Q8TB45,-0.800092129894986,-1.21538147387648,-0.38480278591349,0.004777299157968,0.0180701971162394,-0.0818044490544673,0.117944843286946,0.997666211618705
DEPTOR,Q8TB45,post_15_30_45_min,Q8TB45_S280s,Q8TB45,0.418050168486973,0.172001358184877,0.664098978789068,0.0186304394060949,0.0180701971162394,-0.0818044490544673,0.117944843286946,0.997666211618705
DEPTOR,Q8TB45,post_15_30_45_min,Q8TB45_S282s,Q8TB45,0.404623016023654,0.158708059046452,0.650537973000856,0.0235779416422976,0.0180701971162394,-0.0818044490544673,0.117944843286946,0.997666211618705
NEK9,Q8TD19,post_15_30_45_min,Q8TD19_T333t,Q8TD19,0.530802415161535,0.272880903008506,0.788723927314565,0.0020979556667708,0.0011526209048795,-0.0540746315813862,0.0563798733911453,0.998104711282218
RB1CC1,Q8TDY2,post_15_30_45_min,Q8TDY2_S222s,Q8TDY2,0.26104515215259,0.116394819648662,0.405695484656519,0.0100209138567264,0.0761557889562761,-0.0460443882274836,0.198355966140036,0.997666211618705
RB1CC1,Q8TDY2,post_15_30_45_min,Q8TDY2_S624s,Q8TDY2,-0.355206941408034,-0.587113290292592,-0.123300592523476,0.0415024767503782,0.0761557889562761,-0.0460443882274836,0.198355966140036,0.997666211618705
TRAPPC12,Q8WVT3,post_15_30_45_min,Q8WVT3_S184s,Q8WVT3,1.24580047733198,1.03867724616145,1.45292370850252,1.7211204470010702e-23,0.0625938272890927,-0.0457104863978205,0.170898140976006,0.997666211618705
LMO7,Q8WWI1,post_15_30_45_min,Q8WWI1_S540s,Q8WWI1,0.611372937978264,0.38374807856553,0.838997797390998,1.95038633770661e-05,-0.0174730492553533,-0.0920849951057392,0.0571388965950327,0.997666211618705
ATXN2L,Q8WWM7,post_15_30_45_min,Q8WWM7_S684s,Q8WWM7,-0.412747126174952,-0.687267589099594,-0.138226663250311,0.0474468900097525,0.0140023893057036,-0.0684538119132423,0.0964585905246495,0.997666211618705
PALLD,Q8WX93,post_15_30_45_min,Q8WX93_S401s,Q8WX93,-0.529893699607192,-0.695774349778306,-0.364013049436079,3.34183602430974e-07,-0.0894462386103099,-0.189192564980629,0.0103000877600087,0.997666211618705
PALLD,Q8WX93,post_15_30_45_min,Q8WX93_S893s,Q8WX93,0.991901659911967,0.535319244971975,1.44848407485196,0.000959702504972,-0.0894462386103099,-0.189192564980629,0.0103000877600087,0.997666211618705
PALLD,Q8WX93,post_15_30_45_min,Q8WX93_T100t,Q8WX93,-0.401011050407452,-0.655987573708267,-0.146034527106637,0.0338533715358702,-0.0894462386103099,-0.189192564980629,0.0103000877600087,0.997666211618705
PALLD,Q8WX93,post_15_30_45_min,Q8WX93_T129t,Q8WX93,-0.491865652638454,-0.77092827844546,-0.212803026831448,0.0143746376718989,-0.0894462386103099,-0.189192564980629,0.0103000877600087,0.997666211618705
GBF1,Q92538,post_15_30_45_min,Q92538_S1298s,Q92538,-0.305680560235497,-0.501641117492449,-0.109720002978545,0.0362054303045952,0.0043569463028966,-0.0468031114710272,0.0555170040768205,0.997666211618705
GBF1,Q92538,post_15_30_45_min,Q92538_T1337t,Q92538,0.855492081719845,0.619822982950209,1.09116118048948,2.81367238655345e-09,0.0043569463028966,-0.0468031114710272,0.0555170040768205,0.997666211618705
TSC1,Q92574,post_15_30_45_min,Q92574_S1080s,Q92574,-0.310846824574436,-0.498399537965932,-0.123294111182939,0.0215350400371767,0.0578803178905354,-0.0542072294483192,0.16996786522939,0.997666211618705
MYO18A,Q92614,post_15_30_45_min,Q92614_S1076s,Q92614,0.33690894593764,0.15418010804194,0.519637783833341,0.0086442643045194,-0.0417357631766434,-0.134151752227696,0.0506802258744094,0.997666211618705
MYO18A,Q92614,post_15_30_45_min,Q92614_S2002s,Q92614,-0.29070513795465,-0.474874488879033,-0.106535787030267,0.0332101948873105,-0.0417357631766434,-0.134151752227696,0.0506802258744094,0.997666211618705
AKAP1,Q92667,post_15_30_45_min,Q92667_S151s,Q92667,0.867986437120371,0.403298165130221,1.33267470911052,0.0069526898220272,-0.0426246644031057,-0.131490717663469,0.0462413888572573,0.997666211618705
STAM,Q92783,post_15_30_45_min,Q92783_S156s,Q92783,-0.419107008222634,-0.599419943622805,-0.238794072822462,0.0004278707371936,-0.006611878282581,-0.102724526591452,0.0895007700262901,0.997666211618705
TANK,Q92844,post_15_30_45_min,Q92844_S129s,Q92844,-0.621408934910561,-0.840583361395935,-0.402234508425187,4.47559975995473e-06,-0.0086742062969887,-0.165762186826571,0.148413774232594,0.997666211618705
UFD1,Q92890,post_15_30_45_min,Q92890_S209s,Q92890,0.547002660179515,0.256331102423052,0.837674217935977,0.0065431672274638,0.0041422706030366,-0.065570370049848,0.0738549112559213,0.997666211618705
BAD,Q92934,post_15_30_45_min,Q92934_S118s,Q92934,0.711182785887332,0.39785456484418,1.02451100693048,0.000539481040284,0.0204630895330571,-0.133715855328387,0.174642034394501,0.997666211618705
BAD,Q92934,post_15_30_45_min,Q92934_S134s,Q92934,0.757685806818136,0.493632297684293,1.02173931595198,3.8862314128859e-06,0.0204630895330571,-0.133715855328387,0.174642034394501,0.997666211618705
BAD,Q92934,post_15_30_45_min,Q92934_Y76y,Q92934,0.43254382619478,0.178792578810867,0.686295073578694,0.0173502902816034,0.0204630895330571,-0.133715855328387,0.174642034394501,0.997666211618705
KHSRP,Q92945,post_15_30_45_min,Q92945_T100t,Q92945,-0.25625554616067,-0.417795551289698,-0.0947155410316417,0.0321048155664312,-0.0185987418468966,-0.0831450578444693,0.0459475741506761,0.997666211618705
EXOC4,Q96A65,post_15_30_45_min,Q96A65_S32s,Q96A65,0.598369005121246,0.310943292973621,0.885794717268872,0.0026494383032537,-0.0139173384152366,-0.0769324177429029,0.0490977409124297,0.997666211618705
FERMT2,Q96AC1,post_15_30_45_min,Q96AC1_S205s,Q96AC1,0.678872787502961,0.432742015013275,0.925003559992648,2.04541787803205e-05,0.0037468650821144,-0.0862682687428475,0.0937619989070764,0.997666211618705
PBXIP1,Q96AQ6,post_15_30_45_min,Q96AQ6_S146s,Q96AQ6,0.560061441059663,0.263778991543875,0.856343890575452,0.0065379809414352,0.015701523202909,-0.0947746425098752,0.126177688915693,0.997666211618705
PBXIP1,Q96AQ6,post_15_30_45_min,Q96AQ6_S43s,Q96AQ6,0.693327614584514,0.264714117761837,1.12194111140719,0.0268511967988893,0.015701523202909,-0.0947746425098752,0.126177688915693,0.997666211618705
AKT1S1,Q96B36,post_15_30_45_min,Q96B36_S203s,Q96B36,0.522197351716636,0.195868921698234,0.848525781735037,0.0292614316010214,0.0483413546210058,-0.0914202400896313,0.188102949331643,0.997666211618705
SH3KBP1,Q96B97,post_15_30_45_min,Q96B97_S587s,Q96B97,-0.667192720761371,-0.89335218388196,-0.441033257640782,2.19683150652276e-06,-0.0470583170703834,-0.194552577858764,0.100435943717998,0.997666211618705
SH3KBP1,Q96B97,post_15_30_45_min,Q96B97_S589s,Q96B97,-0.509745249288766,-0.816354344555187,-0.203136154022345,0.0231285324025111,-0.0470583170703834,-0.194552577858764,0.100435943717998,0.997666211618705
RNF31,Q96EP0,post_15_30_45_min,Q96EP0_S437s,Q96EP0,-0.57803475241138,-0.753482083295207,-0.402587421527552,8.65275223782945e-08,0.0581209967835041,-0.0439906829925329,0.160232676559541,0.997666211618705
DTNBP1,Q96EV8,post_15_30_45_min,Q96EV8_S11s,Q96EV8,0.73002413112322,0.410707782267256,1.04934047997918,0.0005051956270878,0.0057080100089745,-0.140130198862127,0.151546218880077,0.997666211618705
CCDC97,Q96F63,post_15_30_45_min,Q96F63_S212s,Q96F63,-0.301638399618089,-0.465835349913481,-0.137441449322697,0.00834693507386,-0.0021622738488937,-0.167988030012686,0.163663482314898,0.998181409107336
RBM17,Q96I25,post_15_30_45_min,Q96I25_T71t,Q96I25,-0.316244371203989,-0.472230488580761,-0.160258253827217,0.0026902427301524,-0.0229975969810488,-0.0841602504772025,0.0381650565151049,0.997666211618705
ITCH,Q96J02,post_15_30_45_min,Q96J02_S240s,Q96J02,-0.534892963142635,-0.769924029553966,-0.299861896731304,0.0004500580178999,0.0162464606120374,-0.0761648828290963,0.108657804053171,0.997666211618705
COG3,Q96JB2,post_15_30_45_min,Q96JB2_S533s,Q96JB2,0.505243617734838,0.29528203683699,0.715205198632686,0.0002360908032113,0.0027160879932308,-0.0966883210533127,0.102120497039774,0.997666211618705
COG3,Q96JB2,post_15_30_45_min,Q96JB2_S663s,Q96JB2,0.636058080317569,0.219573750526707,1.05254241010843,0.042760137267865,0.0027160879932308,-0.0966883210533127,0.102120497039774,0.997666211618705
VCPIP1,Q96JH7,post_15_30_45_min,Q96JH7_S768s,Q96JH7,-0.524087691376864,-0.697196118694153,-0.350979264059575,1.25308088677669e-06,-0.0207335352605363,-0.0855882511985288,0.0441211806774561,0.997666211618705
VCPIP1,Q96JH7,post_15_30_45_min,Q96JH7_T770t,Q96JH7,-0.57573782185774,-0.735277395157572,-0.416198248557908,2.3774194639437402e-09,-0.0207335352605363,-0.0855882511985288,0.0441211806774561,0.997666211618705
ZFR,Q96KR1,post_15_30_45_min,Q96KR1_S1054s,Q96KR1,0.48777490500455,0.267909806487373,0.707640003521727,0.0006865558883027,-0.0149190291042713,-0.10609805214327,0.076259993934727,0.997666211618705
SNX27,Q96L92,post_15_30_45_min,Q96L92_S51s,Q96L92,1.0646337727258,0.820891912334816,1.30837563311678,8.20487494803557e-12,-0.0209492780431024,-0.09719892839892,0.0553003723127153,0.997666211618705
ALPK3,Q96L96,post_15_30_45_min,Q96L96_S1390s,Q96L96,-0.340949728216998,-0.568559318803213,-0.113340137630783,0.0485055079816263,-0.005294770351484,-0.0699812499433223,0.0593917092403542,0.997666211618705
ALPK3,Q96L96,post_15_30_45_min,Q96L96_S1865s,Q96L96,-0.481969799701941,-0.720962927024071,-0.24297667237981,0.0027892903319558,-0.005294770351484,-0.0699812499433223,0.0593917092403542,0.997666211618705
ALPK3,Q96L96,post_15_30_45_min,Q96L96_T1384tS1390s,Q96L96,-1.13387098582639,-1.43722319608406,-0.830518775568716,1.1301021037152301e-09,-0.005294770351484,-0.0699812499433223,0.0593917092403542,0.997666211618705
HSPA12B,Q96MM6,post_15_30_45_min,Q96MM6_T42tS46s,Q96MM6,-0.431508242659514,-0.61374639596093,-0.249270089358099,0.0002344302013292,0.0100006767793972,-0.0721836715944699,0.0921850251532643,0.997666211618705
ALS2,Q96Q42,post_15_30_45_min,Q96Q42_S466s,Q96Q42,-0.256252674073552,-0.390022160108893,-0.122483188038211,0.0051084581944126,0.0482403294040675,-0.0478653084718494,0.144345967279984,0.997666211618705
NIBAN2,Q96TA1,post_15_30_45_min,Q96TA1_S692sS696s,Q96TA1,0.840682097871784,0.609509962885571,1.071854232858,2.28207269492535e-09,0.0366016893968989,-0.0938568119910743,0.167060190784872,0.997666211618705
NIBAN2,Q96TA1,post_15_30_45_min,Q96TA1_S696s,Q96TA1,0.645836642257623,0.32155787120282,0.970115413312426,0.0045951184418184,0.0366016893968989,-0.0938568119910743,0.167060190784872,0.997666211618705
DNAJC2,Q99543,post_15_30_45_min,Q99543_S47s,Q99543,0.560162439342246,0.223829826207669,0.896495052476823,0.021941965627842,0.043055220309931,-0.0528649553045566,0.138975395924419,0.997666211618705
DNAJC2,Q99543,post_15_30_45_min,Q99543_S49s,Q99543,0.470616246696039,0.219322567084416,0.721909926307662,0.0067048501790381,0.043055220309931,-0.0528649553045566,0.138975395924419,0.997666211618705
FYCO1,Q9BQS8,post_15_30_45_min,Q9BQS8_S342s,Q9BQS8,0.739891025835484,0.304027800323831,1.17575425134714,0.018979168967963,-0.0291303862480234,-0.0926255921909999,0.034364819694953,0.997666211618705
JPH2,Q9BR39,post_15_30_45_min,Q9BR39_S486s,Q9BR39,0.411758047286379,0.140079081126274,0.683437013446484,0.0457034420575586,0.0593953918268671,-0.0671247811265325,0.185915564780267,0.997666211618705
JPH2,Q9BR39,post_15_30_45_min,Q9BR39_S534s,Q9BR39,-0.399192518232297,-0.637464746240086,-0.160920290224508,0.0198404328488787,0.0593953918268671,-0.0671247811265325,0.185915564780267,0.997666211618705
JPH2,Q9BR39,post_15_30_45_min,Q9BR39_T477tT490t,Q9BR39,0.65531765231157,0.385755972263222,0.924879332359918,0.0001835969022333,0.0593953918268671,-0.0671247811265325,0.185915564780267,0.997666211618705
JPH2,Q9BR39,post_15_30_45_min,Q9BR39_T490t,Q9BR39,0.470643712130244,0.159609639050573,0.781677785209915,0.0455896955976479,0.0593953918268671,-0.0671247811265325,0.185915564780267,0.997666211618705
ESYT1,Q9BSJ8,post_15_30_45_min,Q9BSJ8_S963s,Q9BSJ8,0.554656090830111,0.255021766441561,0.85429041521866,0.0082201249844889,0.0305182700155247,-0.0737765907636113,0.134813130794661,0.997666211618705
OSBPL11,Q9BXB4,post_15_30_45_min,Q9BXB4_S172s,Q9BXB4,0.523457989229638,0.216233232282794,0.830682746176482,0.0189674737480417,-0.0383551874444148,-0.109512491631998,0.0328021167431685,0.997666211618705
OSBPL11,Q9BXB4,post_15_30_45_min,Q9BXB4_S174s,Q9BXB4,0.465649966314807,0.294161541096632,0.637138391532983,1.46061261984404e-05,-0.0383551874444148,-0.109512491631998,0.0328021167431685,0.997666211618705
OSBPL11,Q9BXB4,post_15_30_45_min,Q9BXB4_S181s,Q9BXB4,-0.775413277678061,-1.08154275770168,-0.469283797654441,7.45193913722729e-05,-0.0383551874444148,-0.109512491631998,0.0328021167431685,0.997666211618705
RAB11FIP5,Q9BXF6,post_15_30_45_min,Q9BXF6_S396s,Q9BXF6,0.281101837402548,0.121408879745726,0.440794795059371,0.0128406877220188,-0.0170989710591343,-0.152094297496108,0.117896355377839,0.997666211618705
RAB11FIP5,Q9BXF6,post_15_30_45_min,Q9BXF6_S538s,Q9BXF6,-0.503473427724459,-0.699731917262135,-0.307214938186783,6.01952984503356e-05,-0.0170989710591343,-0.152094297496108,0.117896355377839,0.997666211618705
BCL2L13,Q9BXK5,post_15_30_45_min,Q9BXK5_S371s,Q9BXK5,-0.504937559902858,-0.703513055095516,-0.306362064710199,7.05376447464201e-05,-0.0193662390200622,-0.110922717274877,0.0721902392347528,0.997666211618705
EIF2A,Q9BY44,post_15_30_45_min,Q9BY44_S526s,Q9BY44,0.475817784973535,0.21610816068785,0.73552740925922,0.0085271644042167,0.0128589591444327,-0.0498287054374043,0.0755466237262698,0.997666211618705
EIF2A,Q9BY44,post_15_30_45_min,Q9BY44_S528s,Q9BY44,0.824996518836907,0.336132854571951,1.31386018310186,0.020047778217018,0.0128589591444327,-0.0498287054374043,0.0755466237262698,0.997666211618705
TRIM54,Q9BYV2,post_15_30_45_min,Q9BYV2_S172s,Q9BYV2,1.19289736174293,0.776745701965622,1.60904902152024,4.33759837935785e-06,-0.0437665976476543,-0.140428864960348,0.0528956696650397,0.997666211618705
TRIM55,Q9BYV6,post_15_30_45_min,Q9BYV6_S170s,Q9BYV6,1.08778264150821,0.662376748030402,1.51318853498601,6.34368035846444e-05,-0.0149697741542573,-0.114630184735586,0.0846906364270709,0.997666211618705
ASPSCR1,Q9BZE9,post_15_30_45_min,Q9BZE9_S275s,Q9BZE9,-0.348444826039873,-0.518586422062606,-0.178303230017139,0.0024113816318632,0.0249784102246712,-0.0506546335677824,0.100611454017125,0.997666211618705
TNKS1BP1,Q9C0C2,post_15_30_45_min,Q9C0C2_S1138s,Q9C0C2,0.963482243109729,0.636683639397121,1.29028084682234,3.63851732495109e-06,0.0506140202594563,-0.0584871255665421,0.159715166085455,0.997666211618705
TNKS1BP1,Q9C0C2,post_15_30_45_min,Q9C0C2_S1297s,Q9C0C2,1.14138525250586,0.653510194353215,1.62926031065851,0.0004142200561923,0.0506140202594563,-0.0584871255665421,0.159715166085455,0.997666211618705
TNKS1BP1,Q9C0C2,post_15_30_45_min,Q9C0C2_S1533s,Q9C0C2,0.381402133862966,0.208567416798399,0.554236850927534,0.0008066023938561,0.0506140202594563,-0.0584871255665421,0.159715166085455,0.997666211618705
TNKS1BP1,Q9C0C2,post_15_30_45_min,Q9C0C2_S1666s,Q9C0C2,0.64533483959615,0.38701711614013,0.903652563052169,9.82417079899122e-05,0.0506140202594563,-0.0584871255665421,0.159715166085455,0.997666211618705
TNKS1BP1,Q9C0C2,post_15_30_45_min,Q9C0C2_S178s,Q9C0C2,0.828099776632244,0.345253513337299,1.31094603992719,0.0174715440461037,0.0506140202594563,-0.0584871255665421,0.159715166085455,0.997666211618705
TNKS1BP1,Q9C0C2,post_15_30_45_min,Q9C0C2_S228s,Q9C0C2,0.985705773343831,0.518796700357412,1.45261484633025,0.0016950207400365,0.0506140202594563,-0.0584871255665421,0.159715166085455,0.997666211618705
TNKS1BP1,Q9C0C2,post_15_30_45_min,Q9C0C2_S836s,Q9C0C2,0.339686345102185,0.174558061696849,0.50481462850752,0.002144327936989,0.0506140202594563,-0.0584871255665421,0.159715166085455,0.997666211618705
TNKS1BP1,Q9C0C2,post_15_30_45_min,Q9C0C2_T239t,Q9C0C2,0.550486648071627,0.264317292613128,0.836656003530125,0.0056053658847043,0.0506140202594563,-0.0584871255665421,0.159715166085455,0.997666211618705
EGLN1,Q9GZT9,post_15_30_45_min,Q9GZT9_S125s,Q9GZT9,-0.641684303792239,-0.989330346729414,-0.294038260855064,0.0087466260132511,-0.0367998351403771,-0.120972849562926,0.0473731792821717,0.997666211618705
MFF,Q9GZY8,post_15_30_45_min,Q9GZY8_S202s,Q9GZY8,-0.358563053971003,-0.578982321963701,-0.138143785978304,0.0264105049055739,-0.0464628530034596,-0.126446930337067,0.0335212243301481,0.997666211618705
MFF,Q9GZY8,post_15_30_45_min,Q9GZY8_T138t,Q9GZY8,0.955834917594468,0.333741456894551,1.57792837829439,0.0411510316070471,-0.0464628530034596,-0.126446930337067,0.0335212243301481,0.997666211618705
UBA5,Q9GZZ9,post_15_30_45_min,Q9GZZ9_S45s,Q9GZZ9,0.723594789880901,0.385263036789975,1.06192654297183,0.0012963993704258,-0.009483761443907,-0.129338212737468,0.110370689849654,0.997666211618705
MTFR1L,Q9H019,post_15_30_45_min,Q9H019_S238s,Q9H019,1.31342983673137,1.09230402531742,1.53455564814532,9.983227261978049e-22,-0.10856784067252,-0.195490608416176,-0.0216450729288636,0.997666211618705
KLC2,Q9H0B6,post_15_30_45_min,Q9H0B6_S445s,Q9H0B6,-0.719540576794214,-1.00259049133883,-0.436490662249599,0.0001017251307484,-0.0115477450754756,-0.0911169724115154,0.0680214822605643,0.997666211618705
IRF2BPL,Q9H1B7,post_15_30_45_min,Q9H1B7_S334s,Q9H1B7,0.301096651817275,0.122425539460187,0.479767764174364,0.0190128342446176,0.0005407332593707,-0.177339256611317,0.178420723130058,0.999122811304077
IRF2BPL,Q9H1B7,post_15_30_45_min,Q9H1B7_S659s,Q9H1B7,-0.32116252720499,-0.520788005801465,-0.121537048608516,0.0277385700913964,0.0005407332593707,-0.177339256611317,0.178420723130058,0.999122811304077
IRF2BPL,Q9H1B7,post_15_30_45_min,Q9H1B7_S659sS662s,Q9H1B7,-0.345021448430958,-0.560938039075352,-0.129104857786564,0.0295747231185871,0.0005407332593707,-0.177339256611317,0.178420723130058,0.999122811304077
NUCKS1,Q9H1E3,post_15_30_45_min,Q9H1E3_S54s,Q9H1E3,0.373581826282316,0.149278954529868,0.597884698034765,0.0208898061504636,0.0176075629704115,-0.0919882167739002,0.127203342714723,0.997666211618705
MYLK2,Q9H1R3,post_15_30_45_min,Q9H1R3_S143s,Q9H1R3,-0.67445936069261,-0.913864752841129,-0.43505396854409,6.279172061204e-06,-0.053310803993192,-0.179349310284489,0.0727277022981048,0.997666211618705
MYLK2,Q9H1R3,post_15_30_45_min,Q9H1R3_S151s,Q9H1R3,0.632479927722369,0.432593136193848,0.83236671925089,3.00789910063197e-07,-0.053310803993192,-0.179349310284489,0.0727277022981048,0.997666211618705
MYLK2,Q9H1R3,post_15_30_45_min,Q9H1R3_T103t,Q9H1R3,-1.07743301879982,-1.35189393723025,-0.802972100369384,1.11733154434761e-10,-0.053310803993192,-0.179349310284489,0.0727277022981048,0.997666211618705
NELFA,Q9H3P2,post_15_30_45_min,Q9H3P2_T277t,Q9H3P2,0.702336460515759,0.322482905596381,1.08219001543514,0.0079459134151659,0.0010406022902258,-0.18773703394929,0.189818238529742,0.99900262670604
YTHDC2,Q9H6S0,post_15_30_45_min,Q9H6S0_S1202s,Q9H6S0,0.520958106419712,0.255334958478931,0.786581254360494,0.003959747610363,0.0410705548707505,-0.0601997219731827,0.142340831714684,0.997666211618705
PLEKHF2,Q9H8W4,post_15_30_45_min,Q9H8W4_S226s,Q9H8W4,0.297707751938129,0.106388458488517,0.48902704538774,0.0367254162341606,0.0230680387932712,-0.0820521134371511,0.128188191023693,0.997666211618705
JPT2,Q9H910,post_15_30_45_min,Q9H910_S97s,Q9H910,-0.629752455563018,-0.879199007784984,-0.380305903341052,7.63014890976951e-05,0.0496392986172416,-0.0218163022280608,0.121094899462544,0.997666211618705
TNS1,Q9HBL0,post_15_30_45_min,Q9HBL0_S1119sS1124s,Q9HBL0,-0.467932620399842,-0.66731072532518,-0.268554515474505,0.0002906460466867,-0.0090662982297367,-0.109990507598481,0.0918579111390074,0.997666211618705
TNS1,Q9HBL0,post_15_30_45_min,Q9HBL0_S1124s,Q9HBL0,-0.531124670214233,-0.725467853067234,-0.336781487361233,1.31835622375251e-05,-0.0090662982297367,-0.109990507598481,0.0918579111390074,0.997666211618705
TNS1,Q9HBL0,post_15_30_45_min,Q9HBL0_S1307sS1314s,Q9HBL0,-0.567202089592693,-0.864890782924349,-0.269513396261037,0.0053894634671404,-0.0090662982297367,-0.109990507598481,0.0918579111390074,0.997666211618705
TNS1,Q9HBL0,post_15_30_45_min,Q9HBL0_S1309sS1314s,Q9HBL0,-0.420977840773172,-0.63300903182609,-0.208946649720254,0.0035294837275476,-0.0090662982297367,-0.109990507598481,0.0918579111390074,0.997666211618705
TNS1,Q9HBL0,post_15_30_45_min,Q9HBL0_S1371s,Q9HBL0,-0.499708250213299,-0.781146635305101,-0.218269865121496,0.0125057211478009,-0.0090662982297367,-0.109990507598481,0.0918579111390074,0.997666211618705
TNS1,Q9HBL0,post_15_30_45_min,Q9HBL0_S681s,Q9HBL0,-0.412452466113963,-0.639395516937248,-0.185509415290678,0.0092811474505265,-0.0090662982297367,-0.109990507598481,0.0918579111390074,0.997666211618705
TNS1,Q9HBL0,post_15_30_45_min,Q9HBL0_S701s,Q9HBL0,0.281854154695185,0.0935674340674748,0.470140875322895,0.0485055079816263,-0.0090662982297367,-0.109990507598481,0.0918579111390074,0.997666211618705
TNS1,Q9HBL0,post_15_30_45_min,Q9HBL0_S794s,Q9HBL0,-0.63767681810914,-0.789409863116476,-0.485943773101805,2.96659855998723e-12,-0.0090662982297367,-0.109990507598481,0.0918579111390074,0.997666211618705
TNS1,Q9HBL0,post_15_30_45_min,Q9HBL0_S899s,Q9HBL0,0.28791971401743,0.108487767103208,0.467351660931652,0.0287102697745837,-0.0090662982297367,-0.109990507598481,0.0918579111390074,0.997666211618705
TNS1,Q9HBL0,post_15_30_45_min,Q9HBL0_S899sS915s,Q9HBL0,0.902671418958633,0.422388975667679,1.38295386224959,0.0065431672274638,-0.0090662982297367,-0.109990507598481,0.0918579111390074,0.997666211618705
TNS1,Q9HBL0,post_15_30_45_min,Q9HBL0_S899sT911t,Q9HBL0,1.39463945836274,0.810312230477966,1.97896668624751,0.0002578472306149,-0.0090662982297367,-0.109990507598481,0.0918579111390074,0.997666211618705
TNS1,Q9HBL0,post_15_30_45_min,Q9HBL0_S912sS915s,Q9HBL0,1.43018099897833,0.818260936864506,2.04210106109215,0.0003028898120564,-0.0090662982297367,-0.109990507598481,0.0918579111390074,0.997666211618705
TNS1,Q9HBL0,post_15_30_45_min,Q9HBL0_S963s,Q9HBL0,0.376211066642515,0.143440890179914,0.608981243105116,0.0270273564376951,-0.0090662982297367,-0.109990507598481,0.0918579111390074,0.997666211618705
TNS1,Q9HBL0,post_15_30_45_min,Q9HBL0_T1328t,Q9HBL0,-0.696357315861784,-0.897617324905771,-0.495097306817797,1.2937732465137e-08,-0.0090662982297367,-0.109990507598481,0.0918579111390074,0.997666211618705
TNS1,Q9HBL0,post_15_30_45_min,Q9HBL0_T1335tS1337s,Q9HBL0,-0.518165983781805,-0.829204990581092,-0.207126976982518,0.0214133066877731,-0.0090662982297367,-0.109990507598481,0.0918579111390074,0.997666211618705
TNS1,Q9HBL0,post_15_30_45_min,Q9HBL0_Y796y,Q9HBL0,-0.323733424633437,-0.492562988027187,-0.154903861239688,0.0050909678394176,-0.0090662982297367,-0.109990507598481,0.0918579111390074,0.997666211618705
JPH1,Q9HDC5,post_15_30_45_min,Q9HDC5_S465s,Q9HDC5,0.358309701178758,0.175600135940612,0.541019266416905,0.0040515946687687,0.0384278267895777,-0.0942610827285902,0.171116736307746,0.997666211618705
JPH1,Q9HDC5,post_15_30_45_min,Q9HDC5_S500s,Q9HDC5,0.379344681052398,0.1594548684352,0.599234493669597,0.0153261089019164,0.0384278267895777,-0.0942610827285902,0.171116736307746,0.997666211618705
PALMD,Q9NP74,post_15_30_45_min,Q9NP74_S364s,Q9NP74,-0.854030183473346,-1.21131952094338,-0.496740846003311,0.0003579223075501,-0.0010821688491414,-0.0813895622893112,0.0792252245910283,0.998181409107336
PALMD,Q9NP74,post_15_30_45_min,Q9NP74_S364sS370s,Q9NP74,-0.553718757647027,-0.810034040524666,-0.297403474769389,0.0013572483322776,-0.0010821688491414,-0.0813895622893112,0.0792252245910283,0.998181409107336
PALMD,Q9NP74,post_15_30_45_min,Q9NP74_T270t,Q9NP74,-0.315418074642363,-0.498585878292094,-0.132250270992632,0.0156990733477266,-0.0010821688491414,-0.0813895622893112,0.0792252245910283,0.998181409107336
MYOZ1,Q9NP98,post_15_30_45_min,Q9NP98_S106s,Q9NP98,0.298324538566801,0.112998939224704,0.483650137908898,0.0282919385015316,-0.0111558819135024,-0.105593639119363,0.0832818752923585,0.997666211618705
MYOZ1,Q9NP98,post_15_30_45_min,Q9NP98_S252s,Q9NP98,0.326087216015242,0.120789860010138,0.531384572020347,0.0312017956378352,-0.0111558819135024,-0.105593639119363,0.0832818752923585,0.997666211618705
MYOZ1,Q9NP98,post_15_30_45_min,Q9NP98_S263s,Q9NP98,0.396543502047759,0.208824985613889,0.58426201848163,0.0014750545769437,-0.0111558819135024,-0.105593639119363,0.0832818752923585,0.997666211618705
MYOZ1,Q9NP98,post_15_30_45_min,Q9NP98_S267s,Q9NP98,0.932232358566074,0.650764308417633,1.21370040871451,7.06179243901043e-08,-0.0111558819135024,-0.105593639119363,0.0832818752923585,0.997666211618705
MYOZ1,Q9NP98,post_15_30_45_min,Q9NP98_S80sS82s,Q9NP98,-0.241238584904369,-0.376450490166898,-0.106026679641839,0.011148166418871,-0.0111558819135024,-0.105593639119363,0.0832818752923585,0.997666211618705
MYOZ1,Q9NP98,post_15_30_45_min,Q9NP98_S82sS83s,Q9NP98,-0.452365215681719,-0.645122529791265,-0.259607901572172,0.0003579223075501,-0.0111558819135024,-0.105593639119363,0.0832818752923585,0.997666211618705
MYOZ1,Q9NP98,post_15_30_45_min,Q9NP98_Y258y,Q9NP98,0.395196236881424,0.132046352972702,0.658346120790146,0.0476613606030325,-0.0111558819135024,-0.105593639119363,0.0832818752923585,0.997666211618705
GPHN,Q9NQX3,post_15_30_45_min,Q9NQX3_S270s,Q9NQX3,-0.666402736875946,-0.973344688964576,-0.359460784787315,0.001231648517029,-0.0217571893676979,-0.0790468626092385,0.0355324838738428,0.997666211618705
GPHN,Q9NQX3,post_15_30_45_min,Q9NQX3_S305s,Q9NQX3,1.22709850785086,1.01772627384664,1.43647074185508,1.07230932103075e-21,-0.0217571893676979,-0.0790468626092385,0.0355324838738428,0.997666211618705
FAM114A2,Q9NRY5,post_15_30_45_min,Q9NRY5_S146s,Q9NRY5,0.897116618098335,0.388377309332675,1.405855926864,0.0125108690822605,0.0236491878553887,-0.0574738173401191,0.104772193050897,0.997666211618705
TERF2IP,Q9NYB0,post_15_30_45_min,Q9NYB0_S203s,Q9NYB0,-0.210304690198193,-0.32454480601102,-0.0960645743853661,0.0080196595238246,-0.0566567046114062,-0.187224546876443,0.0739111376536303,0.997666211618705
MAP3K20,Q9NYL2-2,post_15_30_45_min,Q9NYL2-2_S339s,Q9NYL2-2,0.417627528713173,0.165385280508452,0.669869776917895,0.0220428259577587,-0.0264781635731058,-0.12819166681361,0.0752353396673986,0.997666211618705
FAM120A,Q9NZB2,post_15_30_45_min,Q9NZB2_S1023s,Q9NZB2,0.399159056970948,0.136368453243672,0.661949660698223,0.0464953870608941,0.004995957629188,-0.0514781749683893,0.0614700902267654,0.997666211618705
FAM120A,Q9NZB2,post_15_30_45_min,Q9NZB2_S487s,Q9NZB2,0.312414623121132,0.113506030641815,0.511323215600449,0.0343307109402053,0.004995957629188,-0.0514781749683893,0.0614700902267654,0.997666211618705
ARHGEF12,Q9NZN5,post_15_30_45_min,Q9NZN5_S1288s,Q9NZN5,0.428443844289204,0.196861887035771,0.660025801542638,0.0077478426647399,-0.046948565401052,-0.154446713402894,0.0605495826007896,0.997666211618705
JCAD,Q9P266,post_15_30_45_min,Q9P266_S1194s,Q9P266,0.679597695698526,0.412282237477953,0.946913153919099,9.03615676537693e-05,-0.0282392165426992,-0.150987450614795,0.0945090175293962,0.997666211618705
JCAD,Q9P266,post_15_30_45_min,Q9P266_S1304s,Q9P266,0.659381623614855,0.416628258348821,0.902134988880889,1.45990265937193e-05,-0.0282392165426992,-0.150987450614795,0.0945090175293962,0.997666211618705
JCAD,Q9P266,post_15_30_45_min,Q9P266_S543s,Q9P266,-0.441064442804437,-0.651945747426065,-0.230183138182808,0.0017142972477765,-0.0282392165426992,-0.150987450614795,0.0945090175293962,0.997666211618705
SLAIN2,Q9P270,post_15_30_45_min,Q9P270_S147s,Q9P270,-0.676549808404622,-0.903483946128829,-0.449615670680416,1.93109026498971e-06,0.0595992573340408,-0.0511083969481018,0.170306911616183,0.997666211618705
SLAIN2,Q9P270,post_15_30_45_min,Q9P270_S377s,Q9P270,-0.407534755561956,-0.672488766557607,-0.142580744566305,0.0412463869210354,0.0595992573340408,-0.0511083969481018,0.170306911616183,0.997666211618705
SLAIN2,Q9P270,post_15_30_45_min,Q9P270_S48s,Q9P270,-0.251296837686778,-0.387289421388646,-0.115304253984911,0.0077392916512393,0.0595992573340408,-0.0511083969481018,0.170306911616183,0.997666211618705
SLAIN2,Q9P270,post_15_30_45_min,Q9P270_S63s,Q9P270,0.448335985267863,0.237978130756352,0.658693839779374,0.0012963993704258,0.0595992573340408,-0.0511083969481018,0.170306911616183,0.997666211618705
STX18,Q9P2W9,post_15_30_45_min,Q9P2W9_S194s,Q9P2W9,0.69077722825434,0.270612259944638,1.11094219656404,0.0241141998756874,0.0459510784741644,-0.0397180487801891,0.131620205728518,0.997666211618705
EPS15L1,Q9UBC2-2,post_15_30_45_min,Q9UBC2-2_T674t,Q9UBC2-2,0.577323364895619,0.208818789905381,0.945827939885858,0.0359205691634612,0.0083569609234491,-0.0461976481265385,0.0629115699734368,0.997666211618705
MYOT,Q9UBF9,post_15_30_45_min,Q9UBF9_S153s,Q9UBF9,-0.551930477224805,-0.893367125002915,-0.210493829446696,0.028402624165047,-0.0439316964981957,-0.164469815351614,0.0766064223552226,0.997666211618705
MYOT,Q9UBF9,post_15_30_45_min,Q9UBF9_S231sT232tS233s,Q9UBF9,-1.54714251170964,-1.9159969687617,-1.17828805465758,2.28949272418593e-10,-0.0439316964981957,-0.164469815351614,0.0766064223552226,0.997666211618705
MYOT,Q9UBF9,post_15_30_45_min,Q9UBF9_S92s,Q9UBF9,-1.0663113956144,-1.27833842850566,-0.854284362723141,9.29471766404062e-17,-0.0439316964981957,-0.164469815351614,0.0766064223552226,0.997666211618705
MYOT,Q9UBF9,post_15_30_45_min,Q9UBF9_T145t,Q9UBF9,-0.365578670920907,-0.57793951363831,-0.153217828203504,0.0155985524451964,-0.0439316964981957,-0.164469815351614,0.0766064223552226,0.997666211618705
LIMD1,Q9UGP4,post_15_30_45_min,Q9UGP4_S272s,Q9UGP4,-0.260906924665299,-0.430728709298433,-0.0910851400321648,0.0408182277190695,-0.0239874590883017,-0.111816050836088,0.0638411326594851,0.997666211618705
NDRG3,Q9UGV2,post_15_30_45_min,Q9UGV2_S334s,Q9UGV2,0.398434375675802,0.198420181093648,0.598448570257955,0.0040515946687687,-0.0097375853469812,-0.0846846936646666,0.0652095229707041,0.997666211618705
SUN2,Q9UH99,post_15_30_45_min,Q9UH99_S12s,Q9UH99,0.619119446910251,0.254214617171915,0.984024276648587,0.0185621117246821,0.0140429067212549,-0.0841559401384379,0.112241753580948,0.997666211618705
SUN2,Q9UH99,post_15_30_45_min,Q9UH99_S38s,Q9UH99,-0.382847269475256,-0.637868090320615,-0.127826448629896,0.0477999918661337,0.0140429067212549,-0.0841559401384379,0.112241753580948,0.997666211618705
LIMA1,Q9UHB6,post_15_30_45_min,Q9UHB6_S225s,Q9UHB6,1.45486350865986,1.04096677578365,1.86876024153606,3.03413931607916e-08,-0.0294961462959743,-0.182030453474022,0.123038160882073,0.997666211618705
LIMA1,Q9UHB6,post_15_30_45_min,Q9UHB6_S362s,Q9UHB6,0.499995065852856,0.175412190459633,0.82457794124608,0.0407746280657498,-0.0294961462959743,-0.182030453474022,0.123038160882073,0.997666211618705
LIMA1,Q9UHB6,post_15_30_45_min,Q9UHB6_S490s,Q9UHB6,0.628181969482211,0.393916724760213,0.86244721420421,2.12361030238252e-05,-0.0294961462959743,-0.182030453474022,0.123038160882073,0.997666211618705
SMPX,Q9UHP9,post_15_30_45_min,Q9UHP9_T49t,Q9UHP9,-0.32277383052058,-0.506604142554968,-0.138943518486193,0.013444863025735,-0.0037785048844494,-0.132775803041209,0.12521879327231,0.997666211618705
LNPEP,Q9UIQ6,post_15_30_45_min,Q9UIQ6_S51s,Q9UIQ6,0.386390295538884,0.186643729126752,0.586136861951017,0.0047222255290968,-0.013673116663771,-0.077601175296472,0.05025494196893,0.997666211618705
RABGEF1,Q9UJ41,post_15_30_45_min,Q9UJ41_S124s,Q9UJ41,-1.06763120416416,-1.60708555651985,-0.528176851808478,0.0040515946687687,-0.0324097064006852,-0.10170804913134,0.0368886363299699,0.997666211618705
HSPB8,Q9UJY1,post_15_30_45_min,Q9UJY1_S24s,Q9UJY1,-0.588101015321284,-0.900687092888872,-0.275514937753697,0.0062779931280134,-0.0432120435710017,-0.148395335799907,0.0619712486579038,0.997666211618705
HSPB8,Q9UJY1,post_15_30_45_min,Q9UJY1_T87t,Q9UJY1,-0.402042885156996,-0.567296849867175,-0.236788920446816,0.0001507263371444,-0.0432120435710017,-0.148395335799907,0.0619712486579038,0.997666211618705
DBR1,Q9UK59,post_15_30_45_min,Q9UK59_S514s,Q9UK59,0.583889336249519,0.264739873756404,0.903038798742635,0.0087474820322215,-0.0108656696375833,-0.131347729202413,0.109616389927246,0.997666211618705
TNIK,Q9UKE5-4,post_15_30_45_min,Q9UKE5-4_S688s,Q9UKE5-4,-0.323495297815461,-0.518846662018414,-0.128143933612509,0.0231453816570709,-0.0476198358191932,-0.147440237858676,0.0522005662202894,0.997666211618705
TNIK,Q9UKE5-4,post_15_30_45_min,Q9UKE5-4_T581t,Q9UKE5-4,-0.579299219173135,-0.805451403261426,-0.353147035084843,9.88029227899045e-05,-0.0476198358191932,-0.147440237858676,0.0522005662202894,0.997666211618705
APPL1,Q9UKG1,post_15_30_45_min,Q9UKG1_S428s,Q9UKG1,0.448399252633092,0.15195786251451,0.744840642751674,0.0467829464089244,0.0221012401769019,-0.0418583821189796,0.0860608624727835,0.997666211618705
GPATCH8,Q9UKJ3,post_15_30_45_min,Q9UKJ3_S758s,Q9UKJ3,0.209689298862674,0.100465005863959,0.318913591861389,0.0052158292719975,-0.0245393680584619,-0.159259122641137,0.110180386524213,0.997666211618705
ACIN1,Q9UKV3,post_15_30_45_min,Q9UKV3_S240s,Q9UKV3,1.63948066515375,0.677555084522128,2.60140624578537,0.0189674737480417,0.0252488418153986,-0.0295978144982922,0.0800954981290894,0.997666211618705
ACIN1,Q9UKV3,post_15_30_45_min,Q9UKV3_S240sS243s,Q9UKV3,1.15927399098617,0.693854407495701,1.62469357447664,0.0001476332971372,0.0252488418153986,-0.0295978144982922,0.0800954981290894,0.997666211618705
ACIN1,Q9UKV3,post_15_30_45_min,Q9UKV3_S838s,Q9UKV3,-0.497186355849758,-0.669089750574435,-0.325282961125081,3.20445123894037e-06,0.0252488418153986,-0.0295978144982922,0.0800954981290894,0.997666211618705
HECTD1,Q9ULT8,post_15_30_45_min,Q9ULT8_S1487s,Q9ULT8,-0.461865886213765,-0.735523219088489,-0.18820855333904,0.0197791767406528,-0.0226331498359794,-0.0756489521221493,0.0303826524501906,0.997666211618705
NSFL1C,Q9UNZ2,post_15_30_45_min,Q9UNZ2_S272s,Q9UNZ2,-0.407331660060795,-0.559077094764374,-0.255586225357217,2.15130459461996e-05,0.0011119350156965,-0.0510623863283362,0.0532862563597292,0.998104711282218
NSFL1C,Q9UNZ2,post_15_30_45_min,Q9UNZ2_S74s,Q9UNZ2,0.412155418475401,0.234047250197849,0.590263586752953,0.0003624987846035,0.0011119350156965,-0.0510623863283362,0.0532862563597292,0.998104711282218
COG5,Q9UP83-2,post_15_30_45_min,Q9UP83-2_S49s,Q9UP83-2,0.57330125564894,0.219992021562435,0.926610489735445,0.0273627452368776,0.0428212219580038,-0.085687896500425,0.171330340416433,0.997666211618705
PLCL2,Q9UPR0,post_15_30_45_min,Q9UPR0_S123s,Q9UPR0,0.809542773699581,0.414583097666664,1.2045024497325,0.0023367694722069,0.0184976771694159,-0.0407931211250829,0.0777884754639146,0.997666211618705
PLCL2,Q9UPR0,post_15_30_45_min,Q9UPR0_S71s,Q9UPR0,-1.00092679093621,-1.38418153065319,-0.617672051219223,5.23081309702963e-05,0.0184976771694159,-0.0407931211250829,0.0777884754639146,0.997666211618705
ZC3H4,Q9UPT8,post_15_30_45_min,Q9UPT8_S1269s,Q9UPT8,-0.276669980783997,-0.453451276232427,-0.0998886853355673,0.0354050743826383,-0.0011559784255152,-0.126046897103841,0.12373494025281,0.998975977221429
ZC3H4,Q9UPT8,post_15_30_45_min,Q9UPT8_S1275s,Q9UPT8,0.36648682699645,0.208915546421894,0.524058107571006,0.0003505574829304,-0.0011559784255152,-0.126046897103841,0.12373494025281,0.998975977221429
USP24,Q9UPU5,post_15_30_45_min,Q9UPU5_S1373s,Q9UPU5,0.781037793960404,0.290754706995145,1.27132088092566,0.0307291954077856,0.019408566621456,-0.0316986387487546,0.0705157719916665,0.997666211618705
USP24,Q9UPU5,post_15_30_45_min,Q9UPU5_S2561s,Q9UPU5,0.282797438453324,0.127799821683709,0.437795055222939,0.0087474820322215,0.019408566621456,-0.0316986387487546,0.0705157719916665,0.997666211618705
SAMD4A,Q9UPU9,post_15_30_45_min,Q9UPU9_S439s,Q9UPU9,0.477562668513498,0.163294770642902,0.791830566384095,0.0458092451167027,-0.0254285385775499,-0.110326072521891,0.0594689953667913,0.997666211618705
SRRM2,Q9UQ35,post_15_30_45_min,Q9UQ35_S1984s,Q9UQ35,-0.456005114818268,-0.68529585530557,-0.226714374330965,0.0035294837275476,-0.0125079460583474,-0.125719227508079,0.100703335391384,0.997666211618705
SRRM2,Q9UQ35,post_15_30_45_min,Q9UQ35_S778s,Q9UQ35,0.41558771140548,0.208700827447949,0.622474595363012,0.0030670699322325,-0.0125079460583474,-0.125719227508079,0.100703335391384,0.997666211618705
SRRM2,Q9UQ35,post_15_30_45_min,Q9UQ35_S778sS780s,Q9UQ35,0.555742966973895,0.343046694705323,0.768439239242467,4.10421816549534e-05,-0.0125079460583474,-0.125719227508079,0.100703335391384,0.997666211618705
SRRM2,Q9UQ35,post_15_30_45_min,Q9UQ35_S780s,Q9UQ35,0.341026055553695,0.127333685275427,0.554718425831964,0.0309138724665203,-0.0125079460583474,-0.125719227508079,0.100703335391384,0.997666211618705
SRRM2,Q9UQ35,post_15_30_45_min,Q9UQ35_S783s,Q9UQ35,-0.859154514792234,-1.16512061449727,-0.553188415087199,7.83343850728947e-06,-0.0125079460583474,-0.125719227508079,0.100703335391384,0.997666211618705
SRRM2,Q9UQ35,post_15_30_45_min,Q9UQ35_T848tS857sT866t,Q9UQ35,-0.31443693441488,-0.513985941688672,-0.114887927141087,0.0339106200037261,-0.0125079460583474,-0.125719227508079,0.100703335391384,0.997666211618705
PALM2AKAP2,Q9Y2D5-4,post_15_30_45_min,Q9Y2D5-4_S366s,Q9Y2D5-4,0.482664296291253,0.218041354787724,0.747287237794782,0.0092811474505265,0.0165113729992926,-0.0860825678994235,0.119105313898009,0.997666211618705
PALM2AKAP2,Q9Y2D5-4,post_15_30_45_min,Q9Y2D5-4_S383s,Q9Y2D5-4,0.534081841727141,0.309603437626077,0.758560245828204,0.0002345074492296,0.0165113729992926,-0.0860825678994235,0.119105313898009,0.997666211618705
PALM2AKAP2,Q9Y2D5-4,post_15_30_45_min,Q9Y2D5-4_S624s,Q9Y2D5-4,0.453091476196861,0.277145753556875,0.629037198836847,4.71070229520495e-05,0.0165113729992926,-0.0860825678994235,0.119105313898009,0.997666211618705
PALM2AKAP2,Q9Y2D5-4,post_15_30_45_min,Q9Y2D5-4_S862s,Q9Y2D5-4,0.278129106049769,0.0921407790539501,0.464117433045587,0.0494059290460849,0.0165113729992926,-0.0860825678994235,0.119105313898009,0.997666211618705
PALM2AKAP2,Q9Y2D5-4,post_15_30_45_min,Q9Y2D5-4_S979s,Q9Y2D5-4,0.543552877760497,0.309928071122603,0.777177684398391,0.0004026995155064,0.0165113729992926,-0.0860825678994235,0.119105313898009,0.997666211618705
TRAPPC8,Q9Y2L5,post_15_30_45_min,Q9Y2L5_T268t,Q9Y2L5,0.944755295499477,0.728345539290496,1.16116505170846,1.1091166467594699e-11,-0.039018376662056,-0.107922532093045,0.0298857787689333,0.997666211618705
ATP8A1,Q9Y2Q0,post_15_30_45_min,Q9Y2Q0_S1126s,Q9Y2Q0,0.316719399215123,0.153824998535535,0.479613799894711,0.0043893465235792,-0.0493954997806463,-0.146354152163374,0.0475631526020817,0.997666211618705
BOLA1,Q9Y3E2,post_15_30_45_min,Q9Y3E2_S81s,Q9Y3E2,-0.705125916831402,-1.06610861337935,-0.34414322028346,0.0049304352026488,-0.000767841348726,-0.108351965196903,0.106816282499451,0.998975977221429
WNK2,Q9Y3S1,post_15_30_45_min,Q9Y3S1_S1150s,Q9Y3S1,-0.378200880655974,-0.551887157376911,-0.204514603935037,0.00098307140162,0.0339163573395446,-0.0658051111961325,0.133637825875222,0.997666211618705
WNK2,Q9Y3S1,post_15_30_45_min,Q9Y3S1_S1152s,Q9Y3S1,-0.377855712557408,-0.617108889904912,-0.138602535209905,0.0341326175693703,0.0339163573395446,-0.0658051111961325,0.133637825875222,0.997666211618705
WNK2,Q9Y3S1,post_15_30_45_min,Q9Y3S1_S1818s,Q9Y3S1,0.333561698013435,0.166470137467201,0.50065325855967,0.00355937948231,0.0339163573395446,-0.0658051111961325,0.133637825875222,0.997666211618705
CCDC9,Q9Y3X0,post_15_30_45_min,Q9Y3X0_S386s,Q9Y3X0,0.470175691146106,0.167237005901884,0.773114376390328,0.0382454057482641,0.0275800519503317,-0.0708269630220636,0.125987066922727,0.997666211618705
WIPI2,Q9Y4P8,post_15_30_45_min,Q9Y4P8_S413s,Q9Y4P8,0.944375406600469,0.512393737113067,1.37635707608787,0.0009167367409724,0.0536922998582447,-0.0924594621338662,0.199844061850356,0.997666211618705
PRRC2C,Q9Y520,post_15_30_45_min,Q9Y520_T2673t,Q9Y520,-0.481710635135903,-0.739368251822212,-0.224053018449593,0.007614187322315,-0.0235949684869763,-0.0977017601842719,0.0505118232103192,0.997666211618705
LRRFIP2,Q9Y608,post_15_30_45_min,Q9Y608_S276s,Q9Y608,-0.273168555614445,-0.430927806616595,-0.115409304612294,0.0150760103723557,0.0641529002370675,-0.0192371743494508,0.147542974823586,0.997666211618705
FHOD1,Q9Y613,post_15_30_45_min,Q9Y613_S1078s,Q9Y613,-0.761246567301758,-1.06767231493325,-0.454820819670262,0.0001112272297821,-0.0061669244438705,-0.0816592786539017,0.0693254297661606,0.997666211618705
FHOD1,Q9Y613,post_15_30_45_min,Q9Y613_S367s,Q9Y613,0.393547051720893,0.185050102647773,0.602044000794014,0.0060939918309963,-0.0061669244438705,-0.0816592786539017,0.0693254297661606,0.997666211618705
FHOD1,Q9Y613,post_15_30_45_min,Q9Y613_S523s,Q9Y613,0.467264460623579,0.155191182527146,0.779337738720013,0.0484339960651099,-0.0061669244438705,-0.0816592786539017,0.0693254297661606,0.997666211618705
ARFGEF2,Q9Y6D5,post_15_30_45_min,Q9Y6D5_S1513sS1514s,Q9Y6D5,-0.641909554546813,-0.854980092602151,-0.428839016491474,1.9376624838555e-06,-0.0123884801729875,-0.0856427943684395,0.0608658340224644,0.997666211618705
DYNC1LI1,Q9Y6G9,post_15_30_45_min,Q9Y6G9_S421s,Q9Y6G9,-0.721965584364825,-1.043271383043,-0.400659785686653,0.00063950120425,-0.0394855214203047,-0.100547311887306,0.021576269046697,0.997666211618705
EPN1,Q9Y6I3,post_15_30_45_min,Q9Y6I3_S454s,Q9Y6I3,0.428999341878437,0.221775242542094,0.63622344121478,0.0020422981384114,0.030568622769973,-0.0248315997222828,0.0859688452622289,0.997666211618705
EPN1,Q9Y6I3,post_15_30_45_min,Q9Y6I3_T470t,Q9Y6I3,-0.427802634882993,-0.613976244878634,-0.241629024887352,0.0004124973308916,0.030568622769973,-0.0248315997222828,0.0859688452622289,0.997666211618705
EPN1,Q9Y6I3,post_15_30_45_min,Q9Y6I3_T494t,Q9Y6I3,-0.471429682646134,-0.652997123385635,-0.289862241906633,6.01952984503356e-05,0.030568622769973,-0.0248315997222828,0.0859688452622289,0.997666211618705
TBC1D4,O60343,post_3.5_4_hr,O60343_S341s,O60343,0.855965569867156,0.586980654657284,1.12495048507703,1.32259655308868e-05,0.0237405090502925,-0.0461442784581196,0.0936252965587045,0.999239529582803
DMD,P11532,post_3.5_4_hr,P11532_S2678s,P11532,0.678614775558048,0.372876506043387,0.98435304507271,0.0313753799643316,-0.0295353153261634,-0.12651678341742,0.0674461527650935,0.999239529582803
GYS1,P13807,post_3.5_4_hr,P13807_S645s,P13807,0.581099464582156,0.377928288228317,0.784270640935994,0.0001278754650288,0.0458688565449442,-0.0582274887335264,0.149965201823415,0.999239529582803
GYS1,P13807,post_3.5_4_hr,P13807_S647s,P13807,0.90661285579606,0.544393655705277,1.26883205588684,0.0038233620597703,0.0458688565449442,-0.0582274887335264,0.149965201823415,0.999239529582803
GYS1,P13807,post_3.5_4_hr,P13807_S649s,P13807,0.906715431445883,0.629004065196327,1.18442679769544,3.80115847657359e-06,0.0458688565449442,-0.0582274887335264,0.149965201823415,0.999239529582803
GYS1,P13807,post_3.5_4_hr,P13807_S653s,P13807,0.986865617028691,0.668569988713846,1.30516124534354,2.37022391940357e-05,0.0458688565449442,-0.0582274887335264,0.149965201823415,0.999239529582803
GYS1,P13807,post_3.5_4_hr,P13807_S657s,P13807,1.26770300433998,0.856520127550318,1.67888588112964,2.72557294410447e-05,0.0458688565449442,-0.0582274887335264,0.149965201823415,0.999239529582803
GYS1,P13807,post_3.5_4_hr,P13807_S657sY675y,P13807,0.568084363778562,0.30451619184032,0.831652535716804,0.0339461089367024,0.0458688565449442,-0.0582274887335264,0.149965201823415,0.999239529582803
MYOM1,P52179-2,post_3.5_4_hr,P52179-2_S149s,P52179-2,0.517090875115512,0.302202917737911,0.731978832493113,0.0063079428018029,0.0038465020009754,-0.0987086681608375,0.106401672162788,0.999239529582803
NUFIP2,Q7Z417,post_3.5_4_hr,Q7Z417_S652s,Q7Z417,0.50041025643742,0.295335887218365,0.705484625656475,0.0050718662932843,0.0485977547590664,-0.0366252486089738,0.133820758127107,0.999239529582803
SNX27,Q96L92,post_3.5_4_hr,Q96L92_S51s,Q96L92,0.554605103367466,0.307008918706793,0.802201288028139,0.0272053759780748,-0.0206349998513536,-0.104886232714051,0.0636162330113438,0.999239529582803
MYOZ1,Q9NP98,post_3.5_4_hr,Q9NP98_S4s,Q9NP98,0.371582619026275,0.199791161523213,0.543374076529336,0.0320377561645816,0.0033771775195914,-0.100700585579855,0.107454940619038,0.999239529582803
APPL1,Q9UKG1,post_3.5_4_hr,Q9UKG1_S428s,Q9UKG1,0.72283779581952,0.404164424205503,1.04151116743354,0.0244616936697333,-0.0534119540828969,-0.12431206948073,0.017488161314936,0.999239529582803
GYS1,P13807,post_24_hr,P13807_S653s,P13807,0.698519112469602,0.437313991290347,0.959724233648857,0.0069303069787056,0.0425845808218827,-0.047745401413215,0.13291456305698,0.848699451091727
