gene,layer,x,time,series,logFC,se,lo,hi,fdr_min,significant
ABLIM2,RNA,0,15–45 min,EE,0.0755176444696808,0.08803730758554286,-0.0970354783979832,0.2480707673373448,0.7450084765015391,False
ACTN3,RNA,0,15–45 min,EE,0.0041573531362484,0.18903341780041738,-0.3663481457525697,0.37466285202506644,0.9958076795075188,False
AK3,RNA,0,15–45 min,EE,-0.0573143794570674,0.057048639978897225,-0.16912971381570596,0.05450095490157116,0.6911737575731095,False
ALDH1A1,RNA,0,15–45 min,EE,-0.219204719531803,0.09772354259089022,-0.41074286300994783,-0.027666576053658187,0.205651411327935,False
ANK2,RNA,0,15–45 min,EE,-0.0011713262877384,0.06184396805678676,-0.12238550367904046,0.12004285110356365,0.9961767464169486,False
ANXA3,RNA,0,15–45 min,EE,0.109924731591866,0.09504797586313746,-0.07636930109988341,0.2962187642836154,0.6274984042361507,False
ART3,RNA,0,15–45 min,EE,-0.0754201848666609,0.0854332154561388,-0.24286928716069295,0.09202891742737114,0.7350312703211713,False
ATAD1,RNA,0,15–45 min,EE,-0.0091741015684663,0.049384841160993155,-0.10596839024401289,0.08762018710708028,0.9626270870171082,False
ATP5ME,RNA,0,15–45 min,EE,-0.116798875812538,0.05174612678270245,-0.2182212843066348,-0.015376467318441209,0.2003903652858182,False
BCKDK,RNA,0,15–45 min,EE,-0.0454812111472815,0.053728630162038646,-0.15078932626487723,0.059826903970314246,0.7488605514947194,False
BOLA3,RNA,0,15–45 min,EE,-0.0421874109851665,0.06340277823737342,-0.1664568563304184,0.0820820343600854,0.8166355838772186,False
C11orf54,RNA,0,15–45 min,EE,-0.0179744084195801,0.05470486502665993,-0.12519594387183355,0.08924712703267336,0.9287602842257496,False
CA3,RNA,0,15–45 min,EE,-0.12448431283817,0.09199316075226158,-0.3047909079126027,0.05582228223626269,0.5448899519819861,False
CACNB1,RNA,0,15–45 min,EE,-0.0039062718749862,0.057225931968069486,-0.1160690985324024,0.10825655478243,0.9856468749406812,False
CACNG1,RNA,0,15–45 min,EE,-0.0371881195909722,0.05476626664983965,-0.14453000222465792,0.07015376304271351,0.8111883893005868,False
CCDC50,RNA,0,15–45 min,EE,0.0503943706243852,0.04344516706111742,-0.03475815681540496,0.13554689806417536,0.6268345531986431,False
CIAPIN1,RNA,0,15–45 min,EE,0.0157937975669804,0.06507710303534689,-0.11175732438229949,0.1433449195162603,0.9486739604837984,False
CMYA5,RNA,0,15–45 min,EE,0.0030773252266058,0.058636485982929615,-0.11185018729993625,0.11800483775314784,0.9887107855790868,False
COQ7,RNA,0,15–45 min,EE,-0.0547977541224496,0.05454771500142964,-0.1617112755252517,0.05211576728035249,0.6911737575731095,False
COX4I1,RNA,0,15–45 min,EE,-0.026122318576192096,0.04583977621641613,-0.11596827996036771,0.06372364280798351,0.8502284492952699,False
COX5A,RNA,0,15–45 min,EE,-0.04840117662382241,0.05047700757964536,-0.1473361114799273,0.05053375823228249,0.7070711128103186,False
COX5B,RNA,0,15–45 min,EE,-0.0778961905352746,0.04958390520321263,-0.17508064473357138,0.01928826366302215,0.4543430083786456,False
COX6B1,RNA,0,15–45 min,EE,-0.106593739091462,0.0496409771260512,-0.20389005425852236,-0.009297423924401652,0.2354432950052035,False
CYC1,RNA,0,15–45 min,EE,-0.0667699303522395,0.05108298949485887,-0.1668925897621629,0.03335272905768388,0.5671745418568068,False
DLST,RNA,0,15–45 min,EE,-0.0677980970242427,0.043598162170190954,-0.15325049487781697,0.01765430082933156,0.4593271630855961,False
DTNA,RNA,0,15–45 min,EE,-0.0365092338414312,0.0622161750407704,-0.1584529369213412,0.08543446923847878,0.8446286470401726,False
ECM1,RNA,0,15–45 min,EE,-0.0442982847838094,0.12888159822128625,-0.2969062172975304,0.20830964772991165,0.9243856578097784,False
EIF5,RNA,0,15–45 min,EE,-0.0339249320208177,0.05667640182031308,-0.14501067958863134,0.07716081554699594,0.84038808574988,False
ESD,RNA,0,15–45 min,EE,-0.08508331992543099,0.033963266824930324,-0.15165132290229444,-0.018515316948567548,0.135562858619996,False
ETFRF1,RNA,0,15–45 min,EE,-0.0005097910215168,0.06584207652777362,-0.12956026101595308,0.1285406789729195,0.998541038998681,False
FKBP9,RNA,0,15–45 min,EE,-0.007636247257288101,0.056277952039148,-0.1179410332540182,0.10266853873944198,0.9731715219808964,False
FSCN1,RNA,0,15–45 min,EE,-0.0256597397478311,0.11992121694163249,-0.2607053249534308,0.2093858454577686,0.956655200882279,False
GDI1,RNA,0,15–45 min,EE,0.0474450014348209,0.036373792762525975,-0.023847632379730005,0.11873763524937181,0.568338316467337,False
GHITM,RNA,0,15–45 min,EE,-0.030633622579665096,0.03949979775354794,-0.10805322617661905,0.04678598101728887,0.7756428434571119,False
GRHPR,RNA,0,15–45 min,EE,-0.0196668225921108,0.04135040612655989,-0.10071361860016817,0.06137997341594658,0.8858580803296815,False
GRPEL1,RNA,0,15–45 min,EE,-0.0396766175826446,0.05063738393066901,-0.13892589008675585,0.059572654921466656,0.7725889955433194,False
GRSF1,RNA,0,15–45 min,EE,0.0433914393498007,0.05434176761595372,-0.06311842517746857,0.14990130387706999,0.7674516404323305,False
GSTP1,RNA,0,15–45 min,EE,-0.0826264649453297,0.036555554227593164,-0.15427535123141228,-0.010977578659247103,0.2001331100265172,False
GYG1,RNA,0,15–45 min,EE,0.0102082538695738,0.06082725984861803,-0.10901317543371754,0.12942968317286513,0.9672757523807628,False
HCCS,RNA,0,15–45 min,EE,-0.0303446713157962,0.06341523231650867,-0.15463852665615319,0.09394918402456079,0.8851184076356966,False
HK1,RNA,0,15–45 min,EE,0.0082455237686041,0.05420768442980695,-0.09800153771381752,0.11449258525102572,0.970207940148302,False
HSPA2,RNA,0,15–45 min,EE,-0.12814692480565,0.10053556953592883,-0.3251966410960705,0.06890279148477052,0.5800526998230692,False
HSPA9,RNA,0,15–45 min,EE,0.00042647958068,0.04368071102528794,-0.08518771402888436,0.08604067319024436,0.998541038998681,False
HSPE1,RNA,0,15–45 min,EE,0.17862438371128203,0.07275052057339515,0.03603336338742755,0.3212154040351365,0.1471374112711943,False
IDH3A,RNA,0,15–45 min,EE,-0.0098616843616063,0.06617751870840047,-0.13956962103007123,0.11984625230685862,0.9704610573377812,False
IDH3G,RNA,0,15–45 min,EE,-0.0490544086195044,0.040536640821858046,-0.12850622463034617,0.030397407391337367,0.6063785552731242,False
LRPPRC,RNA,0,15–45 min,EE,-0.022991803023185,0.04638460044221435,-0.11390561988992513,0.06792201384355513,0.8776215449650528,False
MAP7D1,RNA,0,15–45 min,EE,0.0065656957347943,0.05049441681456088,-0.09240336122174501,0.10553475269133362,0.9745784525348016,False
MRPL12,RNA,0,15–45 min,EE,-0.055133777723020694,0.057225921454885344,-0.16729658377459597,0.05702902832855458,0.7059730261725251,False
MRPL17,RNA,0,15–45 min,EE,-0.061291534793507,0.05242656606107521,-0.1640476042732144,0.041464534686200406,0.6228819822219275,False
MRPL53,RNA,0,15–45 min,EE,-0.0352056140067263,0.050332201223865294,-0.13385672840550228,0.06344550039204966,0.8047721111506454,False
MRPL9,RNA,0,15–45 min,EE,-0.0707632793497579,0.0366658061870104,-0.14262825947629829,0.0011017007767824827,0.3099126999950478,False
MRPS16,RNA,0,15–45 min,EE,-0.0639274610038321,0.03642103903018549,-0.13531269750299568,0.007457775495331456,0.3770546361702334,False
MRPS31,RNA,0,15–45 min,EE,-0.0034121046686177,0.05185776600589273,-0.10505332604016746,0.09822911670293205,0.98619174493629,False
MRPS34,RNA,0,15–45 min,EE,-0.0561090942924487,0.045459216234083305,-0.14520915811125198,0.03299096952635458,0.5949506057446213,False
MSRB2,RNA,0,15–45 min,EE,-0.0203875320674838,0.04755758729710779,-0.11360040316981505,0.07282533903484746,0.9007857218748332,False
MT-ATP8,RNA,0,15–45 min,EE,-0.17510968587689,0.05750870105917566,-0.2878267399528743,-0.06239263180090571,0.0457042677827666,True
MT-CO2,RNA,0,15–45 min,EE,-0.273658848084947,0.0560693467512205,-0.3835547677173392,-0.16376292845255483,0.0001155158216412,True
MTCH2,RNA,0,15–45 min,EE,-0.0569390813045105,0.04226539801167687,-0.13977926140739716,0.025901098798376168,0.5477476135599909,False
MTIF3,RNA,0,15–45 min,EE,-0.0535288284489646,0.04198004216504063,-0.13580971109244422,0.028752054194515028,0.5800526998230692,False
MTSS1,RNA,0,15–45 min,EE,0.0841097195500042,0.07142057194732802,-0.055874601466758725,0.22409404056676713,0.6199692753882059,False
MYLK2,RNA,0,15–45 min,EE,-0.122972819775118,0.11159151710857235,-0.3416921933079198,0.0957465537576838,0.648722678328167,False
MYOT,RNA,0,15–45 min,EE,-0.0904154074041976,0.0781244673781035,-0.24353936346528043,0.06270854865688524,0.6274984042361507,False
NAMPT,RNA,0,15–45 min,EE,0.128502557588074,0.11661778179436956,-0.10006829472889034,0.35707340990503833,0.648722678328167,False
NDUFA4,RNA,0,15–45 min,EE,-0.0764134766013393,0.04828277078795468,-0.1710477073457305,0.018220754143051868,0.4498145797108151,False
NDUFA6,RNA,0,15–45 min,EE,-0.0263805764952911,0.046371570557672354,-0.11726885478832891,0.0645077017977467,0.8502289782482156,False
NDUFA7,RNA,0,15–45 min,EE,-0.0461557357470657,0.058466573143132555,-0.1607502191076055,0.0684387476134741,0.770072040470419,False
NDUFA8,RNA,0,15–45 min,EE,-0.11108940733570301,0.057873770982218964,-0.2245219984608522,0.00234318378944616,0.3134553028054998,False
NDUFAF4,RNA,0,15–45 min,EE,-0.0735881981931765,0.06866527962601844,-0.20817214626017264,0.060995749873819644,0.6607664828560617,False
NDUFB10,RNA,0,15–45 min,EE,-0.0379103331492443,0.055613656166508256,-0.14691309923560048,0.07109243293711187,0.8103546927612983,False
NDUFS4,RNA,0,15–45 min,EE,-0.0639299995077431,0.05075828396886097,-0.1634162360867106,0.035556237071224406,0.5855223569631821,False
NEDD4L,RNA,0,15–45 min,EE,0.0650694542156574,0.09263019521401628,-0.1164857284038145,0.2466246368351293,0.8031311295434986,False
NNT,RNA,0,15–45 min,EE,-0.0441300930755819,0.0646539384408781,-0.170851812419703,0.08259162626853918,0.8098682894018706,False
NTMT1,RNA,0,15–45 min,EE,0.0004633924782586,0.0505593358572261,-0.09863290580190455,0.09955969075842176,0.998541038998681,False
PALLD,RNA,0,15–45 min,EE,-0.0575330014358908,0.08808735987302176,-0.23018422678701345,0.11511822391523185,0.820792602834922,False
PC,RNA,0,15–45 min,EE,-0.263736493937344,0.09185691402825455,-0.4437760454327229,-0.08369694244196507,0.0668150494994109,False
PDHX,RNA,0,15–45 min,EE,-0.0046040470437258,0.04899460275642422,-0.10063346844631726,0.09142537435886566,0.9817114835103672,False
PDLIM3,RNA,0,15–45 min,EE,0.0332764062962969,0.08350596473949203,-0.13039528459310745,0.19694809718570128,0.9096813969700231,False
PFN2,RNA,0,15–45 min,EE,-0.0969558296525852,0.11440382061840203,-0.32118731806465317,0.12727565875948277,0.7483794734887599,False
PHGDH,RNA,0,15–45 min,EE,-0.0470144000759774,0.3103997176130391,-0.6553978465975341,0.5613690464455792,0.970207940148302,False
PHKA1,RNA,0,15–45 min,EE,0.0046310861665608,0.07359365806285723,-0.13961248363663936,0.14887465596976096,0.9869540010424857,False
PMPCB,RNA,0,15–45 min,EE,-0.012745860632752402,0.03719464235374242,-0.08564735964608754,0.06015563838058273,0.9246864721684592,False
PNPT1,RNA,0,15–45 min,EE,0.013962911849003702,0.03862150098351423,-0.06173523007868419,0.08966105377669159,0.920311922927202,False
PPIF,RNA,0,15–45 min,EE,-0.0527111766176658,0.07147994745320833,-0.19281187362595414,0.08738952039062253,0.790451291580649,False
PPP1R12A,RNA,0,15–45 min,EE,0.0034010108394673,0.0441165863050661,-0.08306749831846225,0.08986951999739684,0.9845161455886746,False
PPP2R2A,RNA,0,15–45 min,EE,0.0645554630734866,0.043643106818592306,-0.02098502629095432,0.1500959524379275,0.4892816683124472,False
PRDX3,RNA,0,15–45 min,EE,-0.0489884498226933,0.04099157782437309,-0.12933194235846457,0.031355042713077964,0.6136153098056625,False
PRKAR2A,RNA,0,15–45 min,EE,-0.0789931890277105,0.04722792929353945,-0.17155993044304785,0.013573552387626822,0.4120352023808098,False
QARS1,RNA,0,15–45 min,EE,-0.0539362023127019,0.042340224151150165,-0.13692304164895622,0.02905063702355242,0.5801788306557232,False
RFTN1,RNA,0,15–45 min,EE,0.091398651253944,0.09941385731369586,-0.10345250908089987,0.2862498115887879,0.720534877668864,False
RHOT1,RNA,0,15–45 min,EE,0.0421527517523952,0.053015526306422936,-0.06175767980819375,0.14606318331298415,0.7677886547973546,False
RNH1,RNA,0,15–45 min,EE,-0.0027357071834162,0.034839573971558395,-0.07102127216767065,0.06554985780083825,0.9845161455886746,False
RPE,RNA,0,15–45 min,EE,0.136950204776613,0.07509680622167314,-0.010239535417866374,0.28413994497109235,0.352349619868306,False
RPL18,RNA,0,15–45 min,EE,-0.0378820153568418,0.03536946558046259,-0.10720616789454847,0.031442137180864874,0.6610811163417353,False
RPS13,RNA,0,15–45 min,EE,-0.0323142357069264,0.042940153882464804,-0.11647693731655742,0.051848465902704616,0.7845482636902975,False
RPS16,RNA,0,15–45 min,EE,-0.030255173193912896,0.04116812882780343,-0.11094470569640762,0.050434359308581825,0.7915797735309449,False
RPS19,RNA,0,15–45 min,EE,0.0233916015109052,0.03870865613393319,-0.052477364511603855,0.09926056753341427,0.838428536062346,False
RPS3A,RNA,0,15–45 min,EE,-0.0439160282473789,0.03453405379266278,-0.11160277368099794,0.023770717186240152,0.5802554795445685,False
RPS9,RNA,0,15–45 min,EE,0.0152845329598694,0.03699082273012273,-0.057217479591171155,0.08778654551090995,0.9046372371926488,False
RUFY3,RNA,0,15–45 min,EE,0.0837697023375421,0.07468638663706005,-0.06261561547109559,0.2301550201461798,0.6422596227639622,False
SDHB,RNA,0,15–45 min,EE,-0.0707547311634666,0.049905940285273044,-0.16857037412260178,0.027060911795668566,0.5179177231188985,False
SLC25A3,RNA,0,15–45 min,EE,-0.0181197359113447,0.04575353408672871,-0.10779666272133298,0.07155719089864357,0.9098394427735426,False
SLC35A4,RNA,0,15–45 min,EE,-0.0705158839492785,0.038276058317141266,-0.14553695825087537,0.004505190352318375,0.3452118995505829,False
SLIRP,RNA,0,15–45 min,EE,-0.0643025457252095,0.04994506758412776,-0.16219487819009992,0.03358978673968091,0.5737692800990308,False
SMTNL1,RNA,0,15–45 min,EE,-0.0441151208397432,0.14982314596775712,-0.33776848693654715,0.24953824525706073,0.935821306620196,False
STOML2,RNA,0,15–45 min,EE,-0.0122492835433574,0.03970887170966802,-0.09007867209430671,0.06558010500759191,0.9335005969120068,False
STUB1,RNA,0,15–45 min,EE,-0.0521050513764427,0.03823261320922169,-0.1270409732665172,0.0228308705136318,0.5414527743440527,False
TACC2,RNA,0,15–45 min,EE,-0.072790421284953,0.06232263730736793,-0.19494279040739415,0.04936194783748814,0.6237794163822543,False
TBCA,RNA,0,15–45 min,EE,-0.0100780885210501,0.04914043531237427,-0.10639334173330367,0.08623716469120346,0.958864787477307,False
THBS4,RNA,0,15–45 min,EE,0.0952414505040782,0.17396956020062304,-0.24573888748914294,0.4362217884972993,0.8589556576410409,False
THY1,RNA,0,15–45 min,EE,0.149910691309543,0.349980353406016,-0.5360508013662484,0.8358721839853345,0.9007857218748332,False
TIMM44,RNA,0,15–45 min,EE,0.0576412438784786,0.04500622633856934,-0.030570959745117317,0.14585344750207452,0.576469797516135,False
TIMM50,RNA,0,15–45 min,EE,-0.102320584645992,0.045249744365709575,-0.19101008360278277,-0.013631085689201239,0.1993633559855631,False
TNNT3,RNA,0,15–45 min,EE,0.158602680263972,0.1164892758398579,-0.06971630038214946,0.3869216609100935,0.5414527743440527,False
TPSB2,RNA,0,15–45 min,EE,-0.18599480731130402,0.28512669299254095,-0.7448431255766843,0.37285351095407626,0.8207991666321376,False
UBE2V1,RNA,0,15–45 min,EE,-0.0455812912071014,0.04343174250713671,-0.13070750652108937,0.03954492410688655,0.6703776647496122,False
UNC45B,RNA,0,15–45 min,EE,-0.02484213270957,0.06263670724408976,-0.14761007890798591,0.09792581348884592,0.9098394427735426,False
VIM,RNA,0,15–45 min,EE,0.0525329869696733,0.19682301551837023,-0.33324012344633236,0.43830609738567894,0.9443759241779708,False
ZNF207,RNA,0,15–45 min,EE,0.139118286456287,0.04863695356015161,0.04378985747838983,0.23444671543418416,0.0679445845575671,False
ABLIM2,RNA,1,3.5–4 h,EE,-0.0209656344356599,0.09254130729496596,-0.20234659673379318,0.16041532786247337,0.9287867095213224,False
ACTN3,RNA,1,3.5–4 h,EE,-0.265130461637538,0.19965500968788316,-0.6564542806257889,0.12619335735071296,0.4434571044201306,False
AK3,RNA,1,3.5–4 h,EE,-0.0187072767991667,0.060158532345422934,-0.13661800019619563,0.09920344659786225,0.8999066647821992,False
ALDH1A1,RNA,1,3.5–4 h,EE,-0.0192616325179218,0.10342563062237169,-0.2219758685377703,0.18345260350192671,0.9414296947986396,False
ANK2,RNA,1,3.5–4 h,EE,0.0322329268143795,0.0649894261427105,-0.09514634842533307,0.15961220205409207,0.8242502863530533,False
ANXA3,RNA,1,3.5–4 h,EE,0.64703482805887,0.09799450135462148,0.4549656054038119,0.8391040507139281,1.586047617869449e-08,True
ART3,RNA,1,3.5–4 h,EE,-0.0574812428584099,0.08991331135606485,-0.233711333116297,0.1187488473994772,0.7626356771811533,False
ATAD1,RNA,1,3.5–4 h,EE,-0.0544372549553289,0.05195259435884782,-0.1562643398986706,0.047389829988012826,0.5744412698366955,False
ATP5ME,RNA,1,3.5–4 h,EE,-0.0296290178360588,0.05453209101442533,-0.13651191622433245,0.07725388055221484,0.8062729350435441,False
BCKDK,RNA,1,3.5–4 h,EE,0.0455445128370773,0.056542163806551256,-0.06527812822376317,0.15636715389791775,0.6893553694516118,False
BOLA3,RNA,1,3.5–4 h,EE,0.106635209749685,0.06671091688977,-0.0241181873542642,0.23738860685363422,0.3281740728317419,False
C11orf54,RNA,1,3.5–4 h,EE,-0.0672114464789768,0.05733213727525335,-0.17958243553847336,0.04515954258051977,0.5181929820703101,False
CA3,RNA,1,3.5–4 h,EE,0.0175397450704224,0.09683588633444976,-0.17225859214509914,0.20733808228594391,0.9438266875086484,False
CACNB1,RNA,1,3.5–4 h,EE,-0.015299075006733,0.060353454719215466,-0.1335918462563953,0.10299369624292931,0.9195256488622716,False
CACNG1,RNA,1,3.5–4 h,EE,-0.0625135170473863,0.057682578834087235,-0.17557137156219726,0.05054433746742469,0.5575096373641547,False
CCDC50,RNA,1,3.5–4 h,EE,-0.119332812885387,0.04545858286501344,-0.20843163530081332,-0.030233990469960656,0.0614761928283021,False
CIAPIN1,RNA,1,3.5–4 h,EE,0.0205357589100266,0.06666284646217939,-0.110123420155845,0.1511949379758982,0.9010406502345888,False
CMYA5,RNA,1,3.5–4 h,EE,-0.0326530293013523,0.06178123295606682,-0.15374424589524327,0.08843818729253866,0.8123626706314448,False
COQ7,RNA,1,3.5–4 h,EE,-0.0244891902464168,0.05728698722746556,-0.1367716852122493,0.0877933047194157,0.8531942616819934,False
COX4I1,RNA,1,3.5–4 h,EE,0.0321204219115749,0.04831489436941969,-0.06257677105248768,0.1268176148756375,0.7536167142760188,False
COX5A,RNA,1,3.5–4 h,EE,0.0170461399938464,0.053171801409371125,-0.087170590768521,0.1212628707562138,0.8969594424094209,False
COX5B,RNA,1,3.5–4 h,EE,-0.0192361686522187,0.05223145132532062,-0.12160981324984713,0.08313747594540971,0.8772184805856341,False
COX6B1,RNA,1,3.5–4 h,EE,0.0390467822011402,0.05232532640786333,-0.06351085755827193,0.1416044219605523,0.7157897810519676,False
CYC1,RNA,1,3.5–4 h,EE,0.0128517120340081,0.053808059985939294,-0.0926120855384329,0.11831550960644911,0.9255720181235176,False
DLST,RNA,1,3.5–4 h,EE,0.0243199944940127,0.04595524375202813,-0.06575228325996242,0.11439227224798783,0.812281501726688,False
DTNA,RNA,1,3.5–4 h,EE,0.006615916943911,0.06529811528151422,-0.12136838900785688,0.13460022289567888,0.9689837350055598,False
ECM1,RNA,1,3.5–4 h,EE,-0.083652920806526,0.12998191011344135,-0.338417464628871,0.17111162301581903,0.7607906805047714,False
EIF5,RNA,1,3.5–4 h,EE,-0.0088874042609665,0.05949680531005275,-0.12550114266866988,0.10772633414673688,0.9541886334381408,False
ESD,RNA,1,3.5–4 h,EE,-0.03791848530593,0.03557966345275372,-0.10765462567332729,0.0318176550614673,0.5657930919444358,False
ETFRF1,RNA,1,3.5–4 h,EE,-0.0174721749361813,0.06882746539292751,-0.15237400710631924,0.11742965723395662,0.919435009877765,False
FKBP9,RNA,1,3.5–4 h,EE,-0.211304627971908,0.059132395361144396,-0.327204122879751,-0.09540513306406498,0.0057547274346524,True
FSCN1,RNA,1,3.5–4 h,EE,-0.289415770265007,0.12560865283788689,-0.5356087298272653,-0.04322281070274869,0.1142229740680317,False
GDI1,RNA,1,3.5–4 h,EE,0.05281443573760569,0.03813168329987594,-0.021923663530151155,0.12755253500536254,0.4168181335206777,False
GHITM,RNA,1,3.5–4 h,EE,0.0054155160849704,0.04164958668058795,-0.07621767380898198,0.08704870597892278,0.9593277751148414,False
GRHPR,RNA,1,3.5–4 h,EE,0.0309864774527897,0.04346819002214575,-0.05421117499061596,0.11618412989619537,0.7312984751153959,False
GRPEL1,RNA,1,3.5–4 h,EE,0.0694826932471271,0.05282674652601757,-0.03405772994386734,0.17302311643812152,0.4500399140513536,False
GRSF1,RNA,1,3.5–4 h,EE,-0.017441514290943,0.05725372494784533,-0.12965881518871986,0.09477578660683385,0.9025397332229868,False
GSTP1,RNA,1,3.5–4 h,EE,-0.0510513640657022,0.03851672414992285,-0.12654414339955097,0.024441415268146575,0.4448708293884509,False
GYG1,RNA,1,3.5–4 h,EE,0.0910450459825327,0.06407040687585208,-0.03453295149413739,0.2166230434592028,0.4010172803878686,False
HCCS,RNA,1,3.5–4 h,EE,0.0568248113901628,0.06642474617996015,-0.07336769112255909,0.18701731390288467,0.6666076792388939,False
HK1,RNA,1,3.5–4 h,EE,-0.0429192957107327,0.05718607164320314,-0.15500399613141086,0.06916540470994545,0.7136929282245984,False
HSPA2,RNA,1,3.5–4 h,EE,0.0935234620237511,0.10588954798236343,-0.11402005202168121,0.3010669760691834,0.6533883903380723,False
HSPA9,RNA,1,3.5–4 h,EE,0.0633891261974302,0.04601262214387251,-0.026795613204559907,0.15357386559942032,0.4200015083845095,False
HSPE1,RNA,1,3.5–4 h,EE,0.246275170495229,0.0762778893101829,0.09677050744727053,0.39577983354318746,0.0149121116852141,True
IDH3A,RNA,1,3.5–4 h,EE,0.0267705085051748,0.06953992596028705,-0.1095277463769878,0.1630687633873374,0.8702558883267463,False
IDH3G,RNA,1,3.5–4 h,EE,-0.0172310214760412,0.04257208967193514,-0.10067231723303408,0.06621027428095166,0.862886043478381,False
LRPPRC,RNA,1,3.5–4 h,EE,-0.0474187552463388,0.048880231318321164,-0.14322400863024828,0.04838649813757068,0.6125245662215713,False
MAP7D1,RNA,1,3.5–4 h,EE,0.0554961931160918,0.05330893872676426,-0.04898932678836615,0.15998171302054975,0.5781212089918838,False
MRPL12,RNA,1,3.5–4 h,EE,0.0878911820900008,0.0601880908045061,-0.030077475886831156,0.20585984006683275,0.3847725818209991,False
MRPL17,RNA,1,3.5–4 h,EE,-0.026689050125495,0.054690239891353,-0.1338819203125469,0.08050382006155689,0.8280850437370707,False
MRPL53,RNA,1,3.5–4 h,EE,0.03849249026602,0.05269060254092531,-0.06478109071419359,0.14176607124623358,0.7239942157034635,False
MRPL9,RNA,1,3.5–4 h,EE,-0.0453322026903393,0.03821962276076214,-0.1202426633014331,0.029578257920754497,0.5114664652605277,False
MRPS16,RNA,1,3.5–4 h,EE,0.05608531876907911,0.03835603887729759,-0.019092517430424165,0.13126315496858237,0.3838491848875167,False
MRPS31,RNA,1,3.5–4 h,EE,0.0280097298960627,0.05392219965104564,-0.07767778141998674,0.13369724121211216,0.8146978183273542,False
MRPS34,RNA,1,3.5–4 h,EE,0.03033998891698,0.04770118186118365,-0.06315432753093994,0.12383430536489995,0.7635751565545041,False
MSRB2,RNA,1,3.5–4 h,EE,0.0666041337291619,0.04991112413638041,-0.031221669578143707,0.1644299370364675,0.4409288914255954,False
MT-ATP8,RNA,1,3.5–4 h,EE,-0.163830862555789,0.06061316026310337,-0.2826326566714716,-0.04502906844010639,0.0520034661496866,False
MT-CO2,RNA,1,3.5–4 h,EE,-0.18347100847561,0.059210518128665346,-0.2995236240077941,-0.06741839294342591,0.0210575447666016,True
MTCH2,RNA,1,3.5–4 h,EE,0.0282877628779721,0.04444503325844732,-0.05882450230858465,0.11540002806452884,0.7634643279948585,False
MTIF3,RNA,1,3.5–4 h,EE,-0.0303516201749332,0.044084555048152466,-0.11675734806931204,0.056054107719445634,0.7427622282192176,False
MTSS1,RNA,1,3.5–4 h,EE,-0.233618350619362,0.07563059954081819,-0.3818543257193656,-0.08538237551935837,0.0215171258982109,True
MYLK2,RNA,1,3.5–4 h,EE,-0.100789048105566,0.11771391852846957,-0.33150832842136635,0.12993023221023436,0.6665536498068939,False
MYOT,RNA,1,3.5–4 h,EE,0.0913821285765657,0.08192899835460461,-0.06919870819845934,0.25196296535159074,0.5425764602560547,False
NAMPT,RNA,1,3.5–4 h,EE,0.320712274724045,0.12228317656984833,0.08103724864714229,0.5603873008009477,0.0615460340840127,False
NDUFA4,RNA,1,3.5–4 h,EE,0.0005526981748076,0.050848042009780284,-0.09910946416436175,0.10021486051397696,0.9967007982905626,False
NDUFA6,RNA,1,3.5–4 h,EE,0.0255622029928064,0.048828425569774014,-0.07014151112395067,0.12126591710956347,0.8136347242905262,False
NDUFA7,RNA,1,3.5–4 h,EE,0.0287958399980832,0.061352426040100064,-0.09145491504051292,0.14904659503667933,0.8355658832341138,False
NDUFA8,RNA,1,3.5–4 h,EE,-0.015897870315321,0.0608618806995586,-0.13518715648645585,0.10339141585581385,0.9162385150235178,False
NDUFAF4,RNA,1,3.5–4 h,EE,0.122650386583349,0.072900935896122,-0.020235447773050128,0.2655362209397481,0.2959553636138602,False
NDUFB10,RNA,1,3.5–4 h,EE,0.0061833612317601,0.05856907093772494,-0.10861201780618078,0.12097874026970097,0.9679518543136932,False
NDUFS4,RNA,1,3.5–4 h,EE,0.001616446755003,0.05348300421425297,-0.10321024150493283,0.10644313501493882,0.990857051373164,False
NEDD4L,RNA,1,3.5–4 h,EE,0.149269936175449,0.09790867807128885,-0.04263107284427714,0.34117094519517516,0.3566313021243155,False
NNT,RNA,1,3.5–4 h,EE,0.0569396622999552,0.06805762834368267,-0.07645328925366285,0.19033261385357325,0.674945608996103,False
NTMT1,RNA,1,3.5–4 h,EE,0.0602036543253766,0.053087268165458716,-0.043847391278922475,0.16425469992967567,0.5347547419082165,False
PALLD,RNA,1,3.5–4 h,EE,0.0171227499270117,0.09246529201164677,-0.16410922241581596,0.19835472226983938,0.9418856778412836,False
PC,RNA,1,3.5–4 h,EE,-0.0686854845544769,0.09455524172796807,-0.25401375834129436,0.11664278923234053,0.7260055755579033,False
PDHX,RNA,1,3.5–4 h,EE,0.0194097541151006,0.05160000455816796,-0.0817262548189086,0.1205457630491098,0.8737349904722169,False
PDLIM3,RNA,1,3.5–4 h,EE,-0.0255355017530352,0.08789562740193281,-0.1978109314608235,0.1467399279547531,0.9092462580801576,False
PFN2,RNA,1,3.5–4 h,EE,0.0143521238328415,0.12025315295812007,-0.2213440559650738,0.2500483036307568,0.9622112962443294,False
PHGDH,RNA,1,3.5–4 h,EE,-0.602521327700464,0.3157145658681219,-1.221321876801983,0.016279221401054977,0.2152476570284718,False
PHKA1,RNA,1,3.5–4 h,EE,0.0052118873169559,0.07771878177019187,-0.14711692495262016,0.15754069958653197,0.979014905861194,False
PMPCB,RNA,1,3.5–4 h,EE,-0.0429595302059704,0.0389746977650633,-0.11934993782549447,0.03343087741355366,0.5483725667554118,False
PNPT1,RNA,1,3.5–4 h,EE,-0.0162253415175444,0.04019370384266731,-0.09500500104917232,0.06255431801408352,0.8632466410688234,False
PPIF,RNA,1,3.5–4 h,EE,0.102164648200606,0.0751949308466338,-0.045217416258796245,0.24954671266000825,0.4293304568293568,False
PPP1R12A,RNA,1,3.5–4 h,EE,-0.0505382868730413,0.04615524223970439,-0.1410025616628619,0.039925987916779294,0.5516773785882516,False
PPP2R2A,RNA,1,3.5–4 h,EE,0.0383215459091462,0.04602370038191293,-0.05188490683940314,0.12852799865769554,0.677115687576856,False
PRDX3,RNA,1,3.5–4 h,EE,-0.0351806163953796,0.043183230130316184,-0.11981974745079932,0.049458514660040115,0.6853841563948179,False
PRKAR2A,RNA,1,3.5–4 h,EE,-0.101778223057816,0.04970228097404264,-0.19919469376693957,-0.0043617523486924326,0.1751747567355521,False
QARS1,RNA,1,3.5–4 h,EE,-0.0581381345131629,0.0446073524540726,-0.1455685453231452,0.0292922762968194,0.4553506078237396,False
RFTN1,RNA,1,3.5–4 h,EE,0.542832344989555,0.10577601247713773,0.33551136053436503,0.750153329444745,2.072330328000125e-05,True
RHOT1,RNA,1,3.5–4 h,EE,-0.11377800800126599,0.05524794796573232,-0.22206398601410132,-0.005492029988430638,0.1723113704842313,False
RNH1,RNA,1,3.5–4 h,EE,0.046516924872435104,0.036654644821785466,-0.02532617897826441,0.11836002872313461,0.4715860614518201,False
RPE,RNA,1,3.5–4 h,EE,-0.049943118746578606,0.07575829593481667,-0.19842937877881928,0.09854314128566205,0.7559803398215343,False
RPL18,RNA,1,3.5–4 h,EE,-0.0302659104642338,0.03728004756452876,-0.10333480369071017,0.04280298276224258,0.686607390348715,False
RPS13,RNA,1,3.5–4 h,EE,-0.0514620008710764,0.045220533132970565,-0.14009424581169871,0.0371702440695459,0.5333583643612201,False
RPS16,RNA,1,3.5–4 h,EE,-0.0057719116614611,0.0434604254099183,-0.09095434546490096,0.07941052214197876,0.9587650347098556,False
RPS19,RNA,1,3.5–4 h,EE,-0.0096619511316093,0.04079460116585128,-0.0896193694166778,0.0702954671534592,0.9257095741589892,False
RPS3A,RNA,1,3.5–4 h,EE,-0.0305843706324262,0.036386504488025675,-0.10190191942895652,0.04073317816410412,0.6729551572133625,False
RPS9,RNA,1,3.5–4 h,EE,-0.0218989500699687,0.03901752655115574,-0.09837330211023396,0.05457540197029656,0.7986819024860196,False
RUFY3,RNA,1,3.5–4 h,EE,-0.0587684839802147,0.07783733768286479,-0.21132966583862967,0.09379269787820027,0.7111440735357234,False
SDHB,RNA,1,3.5–4 h,EE,0.05113071433128711,0.05256286279493017,-0.05189249674677602,0.15415392540935025,0.6116227432769826,False
SLC25A3,RNA,1,3.5–4 h,EE,0.0296093264810207,0.04819726341676242,-0.06485730981583364,0.12407596277787504,0.7746951112638576,False
SLC35A4,RNA,1,3.5–4 h,EE,0.0583000778294549,0.04023740269885029,-0.02056523146029167,0.13716538711920145,0.3896619039978988,False
SLIRP,RNA,1,3.5–4 h,EE,0.0345053976669361,0.052531952927616726,-0.06845723007119268,0.13746802540506486,0.7568399155679653,False
SMTNL1,RNA,1,3.5–4 h,EE,-0.0297937964337507,0.15733674948040363,-0.3381738254153418,0.27858623254784043,0.9404782751721864,False
STOML2,RNA,1,3.5–4 h,EE,-0.0234296496728987,0.041662515870780646,-0.10508818077962875,0.05822888143383136,0.7980714983904449,False
STUB1,RNA,1,3.5–4 h,EE,0.0059407214709779,0.04020922650299294,-0.07286936247488826,0.08475080541684407,0.9543428030969848,False
TACC2,RNA,1,3.5–4 h,EE,0.0372273270277841,0.06570289496968408,-0.0915503471127967,0.16600500116836492,0.7955863758981235,False
TBCA,RNA,1,3.5–4 h,EE,0.0219585831434124,0.051404345619053285,-0.07879393426993204,0.12271110055675684,0.8533789084372617,False
THBS4,RNA,1,3.5–4 h,EE,0.0662306753178035,0.18317157697963038,-0.292785615562272,0.42524696619787905,0.8795138145749103,False
THY1,RNA,1,3.5–4 h,EE,-0.0661089662388636,0.3535773522228718,-0.7591205765956923,0.626902644117965,0.94116304222655,False
TIMM44,RNA,1,3.5–4 h,EE,0.209769380185988,0.04722730918019062,0.11720385419281439,0.30233490617916164,0.0003238876951959,True
TIMM50,RNA,1,3.5–4 h,EE,0.0449553625898478,0.04749812971576284,-0.048140971653047364,0.13805169683274296,0.6222588217448838,False
TNNT3,RNA,1,3.5–4 h,EE,-0.0633375992051928,0.12309992349780975,-0.30461344926089995,0.17793825085051432,0.8165709283008261,False
TPSB2,RNA,1,3.5–4 h,EE,-0.637557361800868,0.2951592208058911,-1.2160694345804144,-0.059045289021321445,0.1462416925397046,False
UBE2V1,RNA,1,3.5–4 h,EE,-0.0617124886681077,0.04565153808952004,-0.15118950332356698,0.02776452598735158,0.4323750969848846,False
UNC45B,RNA,1,3.5–4 h,EE,0.0722096120939648,0.06605959676833995,-0.057267197571981496,0.20168642175991108,0.552827271155708,False
VIM,RNA,1,3.5–4 h,EE,-0.105160114745523,0.20606503313578248,-0.5090475796916567,0.29872735020061064,0.8179386662806215,False
ZNF207,RNA,1,3.5–4 h,EE,0.123214036520894,0.05086224965758848,0.02352402719202057,0.22290404584976742,0.0911968739453133,False
ABLIM2,RNA,2,24 h,EE,-0.161997114903238,0.08620291710814376,-0.33095483243519974,0.00696060262872375,0.2799938419769841,False
ACTN3,RNA,2,24 h,EE,-0.325395482473112,0.18453031927670419,-0.6870749082554521,0.036283943309228184,0.3240817320363103,False
AK3,RNA,2,24 h,EE,0.129226126985914,0.05577037515251518,0.01991619168698426,0.23853606228484375,0.1496488528576227,False
ALDH1A1,RNA,2,24 h,EE,-0.0752890792974226,0.09543522957565526,-0.2623421292657069,0.11176397067086169,0.7411504967167772,False
ANK2,RNA,2,24 h,EE,0.0994893663214054,0.060506437600989844,-0.019103251376534694,0.21808198401934548,0.3690882632361969,False
ANXA3,RNA,2,24 h,EE,0.0943121414249237,0.09185194827157545,-0.08571767718736417,0.27434196003721156,0.6402146668578769,False
ART3,RNA,2,24 h,EE,-0.291988933686262,0.08359024026948697,-0.45582580461445643,-0.12815206275806754,0.0126810795471217,True
ATAD1,RNA,2,24 h,EE,0.211153351668083,0.04797723160206703,0.11711797772803162,0.30518872560813437,0.0008368633724684,True
ATP5ME,RNA,2,24 h,EE,0.0742991181491881,0.0505815516032234,-0.024840722993129755,0.17343895929150596,0.4434363100731968,False
BCKDK,RNA,2,24 h,EE,-0.0035057014753059,0.052495040995648105,-0.10639598182677619,0.09938457887616438,0.9875999236542938,False
BOLA3,RNA,2,24 h,EE,0.275677722091208,0.06112930199796524,0.15586429017519612,0.3954911540072199,0.0005951676262548,True
C11orf54,RNA,2,24 h,EE,-0.0984444159333737,0.053357442406075636,-0.20302500304928195,0.006136171182534539,0.2921205035432777,False
CA3,RNA,2,24 h,EE,0.109994789942098,0.0900456347296179,-0.06649465412795307,0.28648423401214906,0.5564549028562632,False
CACNB1,RNA,2,24 h,EE,-0.0517243751151364,0.056090179037807865,-0.16166112602923982,0.058212375798967014,0.6843933080834351,False
CACNG1,RNA,2,24 h,EE,-0.0856340946705778,0.05358508881311891,-0.19066086874429083,0.019392679403135257,0.3888381318959497,False
CCDC50,RNA,2,24 h,EE,-0.0926610486732864,0.04225079424960166,-0.17547260540250564,-0.009849491944067146,0.1809455299391954,False
CIAPIN1,RNA,2,24 h,EE,0.184729976728988,0.06263138812499117,0.06197245600400532,0.3074874974539707,0.0457384286179083,True
CMYA5,RNA,2,24 h,EE,-0.0449379006332418,0.05741964341931737,-0.15748040173510386,0.06760460046862024,0.7441718526515712,False
COQ7,RNA,2,24 h,EE,0.048060469461832504,0.05339816147162116,-0.05659992702254497,0.15272086594620998,0.6945289010566377,False
COX4I1,RNA,2,24 h,EE,0.153800871599632,0.044905260269100036,0.06578656147219591,0.24181518172706806,0.0150513897417156,True
COX5A,RNA,2,24 h,EE,0.18450861192078996,0.04940888487814931,0.08766719755961731,0.2813500262819626,0.0066166830619093,True
COX5B,RNA,2,24 h,EE,0.105307667085875,0.0485510468052129,0.01014761534765772,0.20046771882409226,0.1875335501221038,False
COX6B1,RNA,2,24 h,EE,0.10711902260272099,0.04856975683811552,0.011922299200014572,0.2023157460054274,0.1781686113057065,False
CYC1,RNA,2,24 h,EE,0.208180360738725,0.050015847769764796,0.11014929910998601,0.306211422367464,0.001890291749408,True
DLST,RNA,2,24 h,EE,0.214312832316241,0.04263847815173927,0.13074141513883203,0.29788424949364994,9.55148934109403e-05,True
DTNA,RNA,2,24 h,EE,-0.164230685650469,0.06085613870264,-0.2835087175076434,-0.044952653793294606,0.0757263993724776,False
ECM1,RNA,2,24 h,EE,-0.12157516114222001,0.12056368522674347,-0.35787998418663725,0.1147296619021972,0.6478640748255171,False
EIF5,RNA,2,24 h,EE,0.160973622987698,0.055502122434387485,0.05218946301629852,0.26975778295909747,0.0504953437936949,False
ESD,RNA,2,24 h,EE,0.0755746387555218,0.033040157258930426,0.010815930528018158,0.14033334698302544,0.1564775854932776,False
ETFRF1,RNA,2,24 h,EE,0.12367923374115,0.06402914218580788,-0.0018178849430334487,0.24917635242533345,0.2628414563626928,False
FKBP9,RNA,2,24 h,EE,0.0732495927314956,0.05475570160403946,-0.03407158241242174,0.18057076787541293,0.5004920208947087,False
FSCN1,RNA,2,24 h,EE,-0.11126927820546802,0.11357523936751705,-0.3338767473658014,0.1113381909548654,0.6599332657602901,False
GDI1,RNA,2,24 h,EE,-0.0161260259268179,0.035375618295350235,-0.08546223778570436,0.053210185932068554,0.8763990036678136,False
GHITM,RNA,2,24 h,EE,0.145448188889814,0.0386870638497369,0.06962154374432969,0.22127483403529832,0.0061663970045498,True
GRHPR,RNA,2,24 h,EE,0.171318933764269,0.04039425192577808,0.09214619998974395,0.25049166753879404,0.0014324169250747,True
GRPEL1,RNA,2,24 h,EE,0.177825219308326,0.049138415812008486,0.08151392431678937,0.27413651429986263,0.0090054982707439,True
GRSF1,RNA,2,24 h,EE,0.176295966014038,0.05318713630506482,0.07204917885611095,0.28054275317196503,0.0198825673140483,True
GSTP1,RNA,2,24 h,EE,0.025333349683148,0.03569662566869752,-0.044632036627499136,0.09529873599379514,0.7747119404009333,False
GYG1,RNA,2,24 h,EE,0.014310270481915102,0.059526078399995165,-0.10236084318207542,0.13098138414590563,0.9418239737328866,False
HCCS,RNA,2,24 h,EE,0.352791125029005,0.06160978799526216,0.2320359405582912,0.4735463094997188,5.072588024877986e-06,True
HK1,RNA,2,24 h,EE,0.0917578357644668,0.053154075837895984,-0.012424152877809319,0.19593982440674293,0.3359340474930871,False
HSPA2,RNA,2,24 h,EE,0.214473540381134,0.09821305750250356,0.021975947676227042,0.40697113308604094,0.1834654577203494,False
HSPA9,RNA,2,24 h,EE,0.171569205676816,0.04284549958337229,0.0875920264934063,0.2555463848602257,0.0031101677187059,True
HSPE1,RNA,2,24 h,EE,0.185351236900306,0.06934470382100859,0.049435617411129174,0.3212668563894828,0.0800007438767458,False
IDH3A,RNA,2,24 h,EE,0.454020928817873,0.06431690905399554,0.32795978707204176,0.5800820705637042,1.6449381877001995e-08,True
IDH3G,RNA,2,24 h,EE,0.152908699640674,0.039438234691622026,0.07560975964509482,0.23020763963625318,0.0044887758008902,True
LRPPRC,RNA,2,24 h,EE,0.0699269390888677,0.04543298474383321,-0.019121711009045403,0.15897558918678079,0.41349829827547,False
MAP7D1,RNA,2,24 h,EE,0.0666747036089976,0.04945764962318114,-0.03026228965243742,0.16361169687043264,0.4954996067804007,False
MRPL12,RNA,2,24 h,EE,0.336761499697711,0.055651340047651744,0.2276848732043136,0.4458381261911084,1.518535595469429e-06,True
MRPL17,RNA,2,24 h,EE,0.020560580761183302,0.049891721814195614,-0.07722719399464009,0.1183483555170067,0.8903124705218591,False
MRPL53,RNA,2,24 h,EE,0.0468719853338251,0.048794399668147574,-0.04876503801574415,0.14250900868339433,0.6668140768007956,False
MRPL9,RNA,2,24 h,EE,0.022934708561780096,0.03536629121358963,-0.04638322221685559,0.09225263934041578,0.7983061213819271,False
MRPS16,RNA,2,24 h,EE,0.145288074240341,0.03554192314916045,0.07562590486798651,0.21495024361269546,0.002424072458411,True
MRPS31,RNA,2,24 h,EE,0.253026910586264,0.05015136399207986,0.15473023716178747,0.3513235840107405,8.265528824944666e-05,True
MRPS34,RNA,2,24 h,EE,0.168216021516464,0.04413195231640747,0.08171739497630535,0.25471464805662264,0.0053641159275176,True
MSRB2,RNA,2,24 h,EE,0.116769432807085,0.04621373404461675,0.026190514079636185,0.20734835153453382,0.104038175824833,False
MT-ATP8,RNA,2,24 h,EE,0.0157894509110825,0.05633802152749849,-0.09463307128281455,0.12621197310497956,0.92944293270057,False
MT-CO2,RNA,2,24 h,EE,0.020647030655665,0.05492629620107856,-0.08700850989844898,0.12830257120977898,0.9013261604892948,False
MTCH2,RNA,2,24 h,EE,0.22631554741475798,0.041124040550065244,0.1457124279366301,0.3069186668928858,1.470079813588687e-05,True
MTIF3,RNA,2,24 h,EE,0.153025356113491,0.040806885567814755,0.07304386040057408,0.2330068518264079,0.0063284299319361,True
MTSS1,RNA,2,24 h,EE,-0.0763022743975101,0.06940141117300115,-0.21232904029659233,0.05972449150157215,0.6107754417740023,False
MYLK2,RNA,2,24 h,EE,-0.428708820393293,0.1087257694995811,-0.6418113286124719,-0.21560631217411405,0.0037091436165698,True
MYOT,RNA,2,24 h,EE,0.224665280916966,0.07627117825315864,0.07517377154077506,0.37415679029315696,0.0461173649103426,True
NAMPT,RNA,2,24 h,EE,-0.0123268705403774,0.1136414105478965,-0.23506403521425454,0.21041029413349974,0.9789226310413542,False
NDUFA4,RNA,2,24 h,EE,0.0714121630531102,0.04724350984898361,-0.021185116250897668,0.16400944235711806,0.4258626553381043,False
NDUFA6,RNA,2,24 h,EE,0.177507846712679,0.045306164404477475,0.08870776447990314,0.26630792894545485,0.0040128578431087,True
NDUFA7,RNA,2,24 h,EE,0.060744886755942994,0.0570517070515115,-0.05107645906501954,0.17256623257690554,0.6253871198288619,False
NDUFA8,RNA,2,24 h,EE,0.327467194222381,0.05641615913000564,0.21689152232756997,0.43804286611719206,3.990480144819849e-06,True
NDUFAF4,RNA,2,24 h,EE,0.156242400526825,0.06678941110197426,0.02533515476695547,0.28714964628669454,0.1433253127783614,False
NDUFB10,RNA,2,24 h,EE,0.140779678867455,0.05445282500492469,0.0340521418578026,0.2475072158771074,0.0931609368504493,False
NDUFS4,RNA,2,24 h,EE,0.175630077631896,0.04955442401357343,0.07850340656529209,0.2727567486984999,0.0110677960883044,True
NEDD4L,RNA,2,24 h,EE,-0.19843172703941198,0.09045506917046328,-0.37572366261351997,-0.021139791465303953,0.1805749424003179,False
NNT,RNA,2,24 h,EE,0.1211425945936,0.06335058278531523,-0.003024547665617855,0.24530973685281784,0.26945646268253,False
NTMT1,RNA,2,24 h,EE,0.21860385546704303,0.048944735945111124,0.12267217301462523,0.3145355379194608,0.0006805045840849,True
PALLD,RNA,2,24 h,EE,-0.0582476563160119,0.08619419883874199,-0.2271882860399462,0.11069297340792242,0.7878055811413825,False
PC,RNA,2,24 h,EE,0.342258896326413,0.08697332265357137,0.1717911839254131,0.5127266087274129,0.0037677458703347,True
PDHX,RNA,2,24 h,EE,0.10022196764100198,0.04786754854505945,0.006401572492685456,0.19404236278931852,0.2091983025425656,False
PDLIM3,RNA,2,24 h,EE,-0.228928743166817,0.0816015804179861,-0.38886784078606973,-0.06898964554756426,0.0616244119793329,False
PFN2,RNA,2,24 h,EE,-0.279875259809935,0.11188619097238318,-0.49917219411580604,-0.060578325504063946,0.1089752852595464,False
PHGDH,RNA,2,24 h,EE,0.0694391362135377,0.29361682727663774,-0.5060498452486722,0.6449281176757476,0.9433420418021392,False
PHKA1,RNA,2,24 h,EE,0.0648570696787569,0.07202132824115838,-0.07630473367391352,0.20601887303142732,0.6944065097679983,False
PMPCB,RNA,2,24 h,EE,0.0256303326805885,0.03624332230379584,-0.04540657903485134,0.09666724439602833,0.7751689823747847,False
PNPT1,RNA,2,24 h,EE,0.0174090968090175,0.03735351689014559,-0.055803796295667854,0.09062198991370286,0.872293187772895,False
PPIF,RNA,2,24 h,EE,0.316953609599594,0.06952682485657749,0.18068103288070214,0.4532261863184859,0.0005003980610032,True
PPP1R12A,RNA,2,24 h,EE,-0.0392221865983338,0.042919613743860156,-0.12334462953629971,0.04490025633963211,0.6889739933735137,False
PPP2R2A,RNA,2,24 h,EE,-0.0313501890416381,0.042497009529447995,-0.11464432771935618,0.05194394963607996,0.7640860977635504,False
PRDX3,RNA,2,24 h,EE,-0.0313573017144106,0.04009419099620824,-0.10994191606697876,0.047227312638157555,0.7445689400159559,False
PRKAR2A,RNA,2,24 h,EE,-0.032737035150463,0.046219501894215274,-0.12332725886312494,0.05785318856219894,0.7750086069320399,False
QARS1,RNA,2,24 h,EE,0.24124047284076103,0.0414283148100909,0.16004097581298288,0.3224399698685392,3.887488340570769e-06,True
RFTN1,RNA,2,24 h,EE,0.417894036108724,0.09550778559537298,0.23069877634179295,0.6050892958756551,0.0009141765862774,True
RHOT1,RNA,2,24 h,EE,-0.007766837313766899,0.05148803005068288,-0.10868337621310534,0.09314970158557154,0.966953564556526,False
RNH1,RNA,2,24 h,EE,0.007068339936231399,0.03395234768250032,-0.059478261521469226,0.07361494139393203,0.9520298768499812,False
RPE,RNA,2,24 h,EE,-0.0327078842073039,0.0720022371313651,-0.1738322689847795,0.10841650057017167,0.8767334816196213,False
RPL18,RNA,2,24 h,EE,-0.0084521704613402,0.03461676677196473,-0.07630103333439106,0.059396692411710666,0.9402323313253582,False
RPS13,RNA,2,24 h,EE,-0.020439321422872,0.04201590712070054,-0.10279049937944505,0.06191185653370106,0.8630444987411203,False
RPS16,RNA,2,24 h,EE,-0.0120135881362771,0.040319768607152535,-0.09104033460629607,0.06701315833374186,0.9248751164153716,False
RPS19,RNA,2,24 h,EE,-0.0106418741148682,0.037859582545204905,-0.08484665590346982,0.0635629076737334,0.9290017605097004,False
RPS3A,RNA,2,24 h,EE,-0.007515636273684999,0.03381752121382992,-0.07379797785279164,0.05876670530542165,0.9475321135407058,False
RPS9,RNA,2,24 h,EE,-0.0256784599081978,0.03622160462949005,-0.09667280498199829,0.0453158851656027,0.7750086069320399,False
RUFY3,RNA,2,24 h,EE,-0.115998459437734,0.07165043662299321,-0.2564333152188007,0.02443639634333268,0.3791423769551862,False
SDHB,RNA,2,24 h,EE,0.216881761758639,0.04881890243870081,0.12119671297878541,0.31256681053849256,0.0007373876484287,True
SLC25A3,RNA,2,24 h,EE,0.227501145870081,0.04481518193260064,0.13966338928218375,0.31533890245797824,7.81717149710342e-05,True
SLC35A4,RNA,2,24 h,EE,0.19669245217006798,0.037348869175050564,0.12348866858696887,0.26989623575316707,3.738881677472789e-05,True
SLIRP,RNA,2,24 h,EE,0.115412529045325,0.048450743771724154,0.020449071252745657,0.21037598683790432,0.1341775216958379,False
SMTNL1,RNA,2,24 h,EE,-0.012952443547650499,0.14575094221389215,-0.29862429028687915,0.2727194031915781,0.9828122010397836,False
STOML2,RNA,2,24 h,EE,0.072857602938563,0.03870021229573503,-0.002994813161077664,0.14871001903820366,0.2791292015302652,False
STUB1,RNA,2,24 h,EE,0.0712792403366969,0.03736416931431932,-0.001954531519368974,0.14451301219276277,0.2708407610375963,False
TACC2,RNA,2,24 h,EE,-0.0573790930960936,0.061049818828733386,-0.17703673800041103,0.062278551808223837,0.6763501579349371,False
TBCA,RNA,2,24 h,EE,0.0356837553204068,0.04727068325768479,-0.05696678386465539,0.128334294505469,0.7571224963245837,False
THBS4,RNA,2,24 h,EE,-0.0785834851181404,0.16949502595717444,-0.4107937359942023,0.25362676575792154,0.8734602866250145,False
THY1,RNA,2,24 h,EE,0.218854600608344,0.3239596120971846,-0.4161062391021378,0.8538154403188258,0.7879110253748733,False
TIMM44,RNA,2,24 h,EE,0.154291578008682,0.04373164811574408,0.06857754770182362,0.2400056083155404,0.011563239259135,True
TIMM50,RNA,2,24 h,EE,0.317572094653456,0.04384126447016963,0.23164321629192353,0.40350097301498844,5.4888303972659994e-09,True
TNNT3,RNA,2,24 h,EE,-0.024977003594449,0.11393424070702791,-0.24828811538022372,0.1983341081913257,0.9483422799467714,False
TPSB2,RNA,2,24 h,EE,-0.0958083218386213,0.26865463045531035,-0.6223713975310295,0.4307547538537869,0.9087333477343412,False
UBE2V1,RNA,2,24 h,EE,0.13863139380948,0.04240116880893516,0.05552510294396709,0.2217376846749929,0.022253665725452,True
UNC45B,RNA,2,24 h,EE,-0.0459646153052757,0.06143204495719701,-0.16637142342138184,0.07444219281083042,0.7588175157364051,False
VIM,RNA,2,24 h,EE,-0.119484363235252,0.19265148417347747,-0.49708127221526777,0.25811254574476383,0.8096990080143391,False
ZNF207,RNA,2,24 h,EE,-0.0244827059941493,0.04754837063668693,-0.11767751244205568,0.06871210045375709,0.8512188468008773,False
ABLIM2,RNA,0,15–45 min,RE,0.0642392622754828,0.08533181685833865,-0.10301109876686096,0.23148962331782655,0.7868493508526273,False
ACTN3,RNA,0,15–45 min,RE,0.15343849977968899,0.18262412229894975,-0.20450477992625254,0.5113817794856306,0.7553626118695009,False
AK3,RNA,0,15–45 min,RE,-0.0879489411847327,0.055122368468393794,-0.19598878338278453,0.020090901013319132,0.4528608651768459,False
ALDH1A1,RNA,0,15–45 min,RE,-0.231468000753813,0.09431796858739162,-0.4163312191851006,-0.04660478232252541,0.1569838525599412,False
ANK2,RNA,0,15–45 min,RE,-0.0206793830735741,0.05994765281922812,-0.1381767825992612,0.096818016452113,0.9154855853776952,False
ANXA3,RNA,0,15–45 min,RE,0.259169155406564,0.09239040847273473,0.07808395480000391,0.44025435601312407,0.0824127893452747,False
ART3,RNA,0,15–45 min,RE,-0.0572571408253211,0.08277852567083537,-0.21950305114015842,0.10498876948951621,0.8076618045226855,False
ATAD1,RNA,0,15–45 min,RE,-0.0129051412484982,0.04789211182692724,-0.1067736804292756,0.08096339793227919,0.9353863977763336,False
ATP5ME,RNA,0,15–45 min,RE,-0.0767192296372352,0.05010995721582618,-0.1749347457802545,0.021496286505784112,0.4737112136341987,False
BCKDK,RNA,0,15–45 min,RE,0.0008535301304455,0.052049853993364044,-0.10116418369654802,0.10287124395743903,0.997314869887542,False
BOLA3,RNA,0,15–45 min,RE,-0.0555473226518006,0.061216725919391854,-0.17553210545380862,0.06443746015020743,0.7291106846478566,False
C11orf54,RNA,0,15–45 min,RE,-0.0542099832361815,0.05287566119202844,-0.15784627917255725,0.04942631270019424,0.6818878185849778,False
CA3,RNA,0,15–45 min,RE,-0.0506091499723222,0.08905501828446093,-0.2251569858098656,0.12393868586522121,0.8468388980342255,False
CACNB1,RNA,0,15–45 min,RE,0.004788871219322,0.05547969241148285,-0.10395132590718438,0.11352906834582839,0.9816116786982764,False
CACNG1,RNA,0,15–45 min,RE,-0.0404691397918251,0.05305189173311918,-0.1444508475887387,0.0635125680050885,0.7831526850537844,False
CCDC50,RNA,0,15–45 min,RE,0.028740709567127702,0.04209847438313709,-0.05377230022382099,0.1112537193580764,0.8108815662022123,False
CIAPIN1,RNA,0,15–45 min,RE,0.0348651721527218,0.06312916827020015,-0.0888679976568705,0.1585983419623141,0.852941667855088,False
CMYA5,RNA,0,15–45 min,RE,-0.0569313826378774,0.056732608663823736,-0.1681272956189719,0.05426453034321712,0.6905164026576337,False
COQ7,RNA,0,15–45 min,RE,-0.0508517721457942,0.05279074682733771,-0.15432163592737613,0.05261809163578772,0.7062527739964334,False
COX4I1,RNA,0,15–45 min,RE,-0.014145958017779,0.04440481298253372,-0.1011793914635451,0.0728874754279871,0.9228617870785988,False
COX5A,RNA,0,15–45 min,RE,-0.0424467024428212,0.04888043573676065,-0.13825235648687206,0.05335895160122968,0.7467208339544124,False
COX5B,RNA,0,15–45 min,RE,-0.0413027865238966,0.048029988520987194,-0.1354415640250315,0.052835990977238304,0.7501287359619743,False
COX6B1,RNA,0,15–45 min,RE,-0.0631313398522124,0.04806498967154833,-0.15733871960844714,0.03107603990402233,0.5646682752259465,False
CYC1,RNA,0,15–45 min,RE,-0.0610714300093624,0.049484815621938266,-0.1580616686283614,0.035918808609636595,0.594413777862086,False
DLST,RNA,0,15–45 min,RE,-0.0490256392567874,0.04220466063203815,-0.13174677409558216,0.03369549558200737,0.6256271490568356,False
DTNA,RNA,0,15–45 min,RE,-0.0064961527316898,0.060322730233377087,-0.12472870398910889,0.1117363985257293,0.9765887496499804,False
ECM1,RNA,0,15–45 min,RE,0.0726791475268751,0.12357362442047194,-0.1695251563372499,0.3148834513910001,0.8403632054906488,False
EIF5,RNA,0,15–45 min,RE,-0.274962441951931,0.05491360344015177,-0.3825931046946284,-0.16733177920923353,6.896445770960066e-05,True
ESD,RNA,0,15–45 min,RE,-0.0682131941264643,0.03289015484923751,-0.13267789763096982,-0.0037484906219587832,0.2685366643321346,False
ETFRF1,RNA,0,15–45 min,RE,-0.0738633367998016,0.06423415201271561,-0.1997622747447242,0.052035601145121,0.6298652842418273,False
FKBP9,RNA,0,15–45 min,RE,-0.0244677115333438,0.054556186463952494,-0.13139783700269067,0.08246241393600308,0.8857079453302439,False
FSCN1,RNA,0,15–45 min,RE,0.0174011227352646,0.11442922556052877,-0.20688015936337179,0.24168240483390097,0.9659709961759916,False
GDI1,RNA,0,15–45 min,RE,0.0439425937738802,0.03524761636676096,-0.02514273430497127,0.11302792185273167,0.5903519217837765,False
GHITM,RNA,0,15–45 min,RE,-0.0470865533110905,0.03825704980857336,-0.12207037093589429,0.02789726431371329,0.596173271773776,False
GRHPR,RNA,0,15–45 min,RE,-0.003813353295297,0.04007825334203468,-0.08236672984568497,0.07474002325509096,0.9798558081949056,False
GRPEL1,RNA,0,15–45 min,RE,-0.113954921841075,0.0492633819129377,-0.2105111503904329,-0.017398693291717116,0.1942336035301724,False
GRSF1,RNA,0,15–45 min,RE,-0.0030825787772244,0.05265119124459006,-0.10627891361662092,0.10011375606217213,0.9874524867200056,False
GSTP1,RNA,0,15–45 min,RE,-0.0738826458494044,0.03537527375525204,-0.1432181824096984,-0.00454710928911041,0.2641676404022413,False
GYG1,RNA,0,15–45 min,RE,-0.0316128976506151,0.058904356784638325,-0.1470654369485062,0.083839641647276,0.8583957399443213,False
HCCS,RNA,0,15–45 min,RE,-0.0702057794295063,0.061528715054515924,-0.19080206093635751,0.05039050207734491,0.6337243882701216,False
HK1,RNA,0,15–45 min,RE,-0.0111027435853215,0.05250828759521714,-0.11401898727194709,0.0918135001013041,0.9518149826415118,False
HSPA2,RNA,0,15–45 min,RE,-0.0283722212954629,0.09741216017717348,-0.21930005524272292,0.1625556126517971,0.9298288556288404,False
HSPA9,RNA,0,15–45 min,RE,-0.0081688734598675,0.0423191676849556,-0.09111444212238047,0.07477669520264547,0.9564029009152464,False
HSPE1,RNA,0,15–45 min,RE,0.0721579404524597,0.07070933999741807,-0.06643236594247971,0.21074824684739912,0.6843172253726735,False
IDH3A,RNA,0,15–45 min,RE,-0.0329057642414874,0.06409750940056662,-0.15853688266659796,0.09272535418362318,0.8664335495744331,False
IDH3G,RNA,0,15–45 min,RE,-0.0289328906361463,0.039238904691932634,-0.10584114383233427,0.04797536256004166,0.7927434278618202,False
LRPPRC,RNA,0,15–45 min,RE,-0.0236595875796199,0.044936192311751944,-0.11173452451065372,0.06441534935141391,0.8616677745244928,False
MAP7D1,RNA,0,15–45 min,RE,-0.0394884188175624,0.04891411005632124,-0.13536007452795204,0.05638323689282724,0.7663380820600517,False
MRPL12,RNA,0,15–45 min,RE,-0.0408205345347739,0.05539514539099147,-0.14939501950111717,0.06775395043156938,0.7929214763162515,False
MRPL17,RNA,0,15–45 min,RE,-0.0381440404650499,0.05066720633616813,-0.13745176488393943,0.061163683953839636,0.7868493508526273,False
MRPL53,RNA,0,15–45 min,RE,-0.0059397944811601,0.048557573684066754,-0.10111263890193094,0.08923304993961075,0.9732354090976524,False
MRPL9,RNA,0,15–45 min,RE,-0.0285772439539524,0.035529645314975086,-0.09821534877130356,0.04106086086339877,0.7673235743255447,False
MRPS16,RNA,0,15–45 min,RE,-0.0753131598408148,0.03527636226008378,-0.144454829870579,-0.00617148981105059,0.2486807782094357,False
MRPS31,RNA,0,15–45 min,RE,-0.0212754642391477,0.05027977570396294,-0.11982382461891507,0.07727289614061968,0.8929160729223165,False
MRPS34,RNA,0,15–45 min,RE,-0.0505813461690616,0.04409254799190487,-0.13700274023319514,0.03584004789507193,0.6314094788142878,False
MSRB2,RNA,0,15–45 min,RE,-0.0169237004469132,0.04601071182027821,-0.10710469561465849,0.07325729472083209,0.9094061443136504,False
MT-ATP8,RNA,0,15–45 min,RE,-0.11585167019169201,0.0556654799110127,-0.2249560108172769,-0.00674732956610713,0.2669864289468611,False
MT-CO2,RNA,0,15–45 min,RE,-0.256873155685792,0.05426941287640659,-0.36324120492354894,-0.15050510644803508,0.0002249371421281,True
MTCH2,RNA,0,15–45 min,RE,-0.067612265721209,0.04091932226052742,-0.14781413735184273,0.012589605909424748,0.4286847615971756,False
MTIF3,RNA,0,15–45 min,RE,-0.0710801385488509,0.0406929473609563,-0.15083831537632525,0.008678038278623443,0.3896168507197013,False
MTSS1,RNA,0,15–45 min,RE,0.0786337338739065,0.06913014458294989,-0.05686134950867529,0.2141288172564883,0.6342097301688562,False
MYLK2,RNA,0,15–45 min,RE,-0.0222079195134715,0.1079261307246309,-0.23374313573374808,0.18932729670680506,0.9532551546674324,False
MYOT,RNA,0,15–45 min,RE,-0.0575248477843573,0.0757269515498109,-0.20594967282198667,0.09089997725327209,0.7840023072453041,False
NAMPT,RNA,0,15–45 min,RE,0.0552224251844073,0.11302498690378864,-0.16630654914701842,0.276751399515833,0.8747970312642632,False
NDUFA4,RNA,0,15–45 min,RE,-0.039958101015861,0.04677940509595744,-0.1316457350039376,0.05172953297221558,0.7530217146937941,False
NDUFA6,RNA,0,15–45 min,RE,-0.027527034501392,0.04491272334061556,-0.1155559722489985,0.06050190324621449,0.8323435856993453,False
NDUFA7,RNA,0,15–45 min,RE,-0.016808662104701,0.056684158312953134,-0.12790961239808912,0.09429228818868714,0.9285277781989744,False
NDUFA8,RNA,0,15–45 min,RE,-0.0804607227946255,0.05607329646475765,-0.1903643838655505,0.029442938276299485,0.509412799835884,False
NDUFAF4,RNA,0,15–45 min,RE,-0.15185217215377397,0.06668913726728826,-0.28256288119765893,-0.021141463109888986,0.2050858089507535,False
NDUFB10,RNA,0,15–45 min,RE,-0.0228066046713655,0.05386315735809296,-0.12837839309322768,0.0827651837504967,0.8929160729223165,False
NDUFS4,RNA,0,15–45 min,RE,-0.0449077402983651,0.04916089321368353,-0.14126309099718481,0.05144761040045462,0.7268817166241187,False
NEDD4L,RNA,0,15–45 min,RE,-0.0578821313277276,0.08980452581103635,-0.23389900191735882,0.11813473926190363,0.8238358479891643,False
NNT,RNA,0,15–45 min,RE,-0.104583475568088,0.06258104847257799,-0.22724233057434085,0.018075379438164854,0.420806387833074,False
NTMT1,RNA,0,15–45 min,RE,-0.0187556514787159,0.04927610797095331,-0.11533682310178439,0.0778255201443526,0.9054349820131162,False
PALLD,RNA,0,15–45 min,RE,-0.0845385284797944,0.08537476227140672,-0.25187306253175157,0.08279600557216277,0.696175588570477,False
PC,RNA,0,15–45 min,RE,-0.19857837436157,0.08824753935744332,-0.3715435515021589,-0.02561319722098107,0.2129790359185212,False
PDHX,RNA,0,15–45 min,RE,-0.0003659030880793,0.04743964026073491,-0.09334759799911972,0.09261579182296113,0.9989762215861387,False
PDLIM3,RNA,0,15–45 min,RE,0.022364686439504,0.08091427220394018,-0.13622728708021875,0.18095665995922677,0.9333171334460644,False
PFN2,RNA,0,15–45 min,RE,-0.0171175185392247,0.1108978003522562,-0.23447720722964685,0.20024217015119747,0.9649128866627162,False
PHGDH,RNA,0,15–45 min,RE,-0.18496522788820496,0.3000253783687088,-0.7730149694908741,0.40308451371446424,0.8315924972032478,False
PHKA1,RNA,0,15–45 min,RE,0.0274512460363132,0.07129384005252151,-0.11228468046662897,0.16718717253925536,0.9045932735843312,False
PMPCB,RNA,0,15–45 min,RE,0.0257211586509376,0.03600717787933228,-0.044852909992553675,0.09629522729442888,0.8004189326077891,False
PNPT1,RNA,0,15–45 min,RE,0.017355729051836,0.03744301151439818,-0.05603257351638443,0.09074403162005643,0.8824337981575895,False
PPIF,RNA,0,15–45 min,RE,-0.10860280520023402,0.06928529115030457,-0.24440197585483098,0.027196365454362936,0.460819260931408,False
PPP1R12A,RNA,0,15–45 min,RE,0.0360655798519094,0.042762992041287556,-0.04774988454901421,0.119881044252833,0.7550717043070806,False
PPP2R2A,RNA,0,15–45 min,RE,0.0419185578853645,0.042296588872142084,-0.04098275630403399,0.12481987207476299,0.6958154578060131,False
PRDX3,RNA,0,15–45 min,RE,-0.0500301990310161,0.0396956924277838,-0.12783375618947235,0.027773358127440147,0.585659671727766,False
PRKAR2A,RNA,0,15–45 min,RE,-0.10499437642532,0.045773335874228584,-0.194710114738808,-0.015278638111831985,0.1995563039795191,False
QARS1,RNA,0,15–45 min,RE,-0.0759836720220619,0.041002536583062,-0.1563486437248634,0.004381299680739623,0.347905412848818,False
RFTN1,RNA,0,15–45 min,RE,0.0518025500444077,0.09717015878742656,-0.13865096117894835,0.24225606126776375,0.8594906587756658,False
RHOT1,RNA,0,15–45 min,RE,0.0398566198025918,0.0512918729564331,-0.06067545119201708,0.14038869079720068,0.7777736900834991,False
RNH1,RNA,0,15–45 min,RE,-0.0027592896358417,0.03373500692247429,-0.0688799032038913,0.0633613239322079,0.9819292179231108,False
RPE,RNA,0,15–45 min,RE,0.0340699148975945,0.07307242399958516,-0.10915203614159241,0.17729186593678142,0.8816748092169522,False
RPL18,RNA,0,15–45 min,RE,-0.0070241313475891,0.034258349556237945,-0.07417049647781547,0.06012223378263727,0.9533222380319868,False
RPS13,RNA,0,15–45 min,RE,0.0037429483030821,0.04160164735088636,-0.07779628050465517,0.08528217711081937,0.9811889974723468,False
RPS16,RNA,0,15–45 min,RE,-0.0085910806832201,0.03980908161307873,-0.0866168806448544,0.06943471927841421,0.9500881171385768,False
RPS19,RNA,0,15–45 min,RE,0.060345372678947996,0.037484411082947804,-0.013124073043629704,0.1338148184015257,0.4477407345808091,False
RPS3A,RNA,0,15–45 min,RE,-0.0209332160084683,0.03345419250053141,-0.08650343330950985,0.04463700129257325,0.8294870167294274,False
RPS9,RNA,0,15–45 min,RE,0.0271738643542303,0.03581025983456225,-0.04301424492151171,0.09736197362997231,0.7845499540934942,False
RUFY3,RNA,0,15–45 min,RE,0.079093392490333,0.07221267653790306,-0.062443453523956985,0.220630238504623,0.6532217675405659,False
SDHB,RNA,0,15–45 min,RE,-0.0657326656058883,0.04834264387011835,-0.16048424759132024,0.029018916379543666,0.5433479135943404,False
SLC25A3,RNA,0,15–45 min,RE,-0.0340506038220258,0.04432207638978336,-0.12092187354600117,0.05282066590194958,0.7815657480322398,False
SLC35A4,RNA,0,15–45 min,RE,-0.111992468794276,0.037092673585412954,-0.1846941090216854,-0.03929082856686661,0.0522332919053822,False
SLIRP,RNA,0,15–45 min,RE,-0.04406485181320809,0.04834700369064486,-0.13882497904687202,0.05069527542045583,0.7278206162549122,False
SMTNL1,RNA,0,15–45 min,RE,-0.2340127581159,0.14488342437817217,-0.5179842698971174,0.049958753665317435,0.4447353321504247,False
STOML2,RNA,0,15–45 min,RE,0.0058021377713144,0.03846354621377856,-0.06958641280769157,0.08119068835032037,0.966058900782575,False
STUB1,RNA,0,15–45 min,RE,-0.0424235333773826,0.03704602680708973,-0.11503374591927847,0.030186679164513272,0.6319800755326946,False
TACC2,RNA,0,15–45 min,RE,-0.101372264598764,0.06027700958858805,-0.21951520339239658,0.01677067419486858,0.4162210505951739,False
TBCA,RNA,0,15–45 min,RE,-0.0293065105583179,0.047754397972148505,-0.12290513058372897,0.06429210946709317,0.8321602458404295,False
THBS4,RNA,0,15–45 min,RE,-8.69441018416239e-05,0.16773041130622854,-0.32883855026204956,0.3286646620583663,0.99998101117277,False
THY1,RNA,0,15–45 min,RE,0.0237093464690576,0.33196145358636114,-0.6269351025602102,0.6743537954983255,0.984377796665904,False
TIMM44,RNA,0,15–45 min,RE,0.0112899975858438,0.0436681259940035,-0.07429952936240306,0.09687952453409066,0.9385140566667556,False
TIMM50,RNA,0,15–45 min,RE,-0.0948261019759231,0.04381865432312676,-0.18071066444925155,-0.008941539502594659,0.2400439747029644,False
TNNT3,RNA,0,15–45 min,RE,0.125537453565043,0.11283440675569566,-0.09561798367612048,0.34669289080620647,0.645423488974492,False
TPSB2,RNA,0,15–45 min,RE,-0.15059340190035,0.27717795728396555,-0.6938621981769224,0.39267539437622245,0.8558461733221627,False
UBE2V1,RNA,0,15–45 min,RE,-0.0377245960751909,0.04207136584409426,-0.12018447312961564,0.04473528097923384,0.7329922682436686,False
UNC45B,RNA,0,15–45 min,RE,-0.0274326992532039,0.060719509545685356,-0.14644293796274718,0.0915775394563394,0.8851333427787527,False
VIM,RNA,0,15–45 min,RE,0.155088825398459,0.19108075711058276,-0.2194294585382832,0.5296071093352012,0.7642760699622673,False
ZNF207,RNA,0,15–45 min,RE,0.215996855156939,0.047137244115337235,0.12360785669087802,0.308385853623,0.0003841597260865,True
ABLIM2,RNA,1,3.5–4 h,RE,0.0535375917057976,0.08857377972227397,-0.12006701654985935,0.22714219996145457,0.6921098432570406,False
ACTN3,RNA,1,3.5–4 h,RE,-0.31479854661617207,0.19034678086805948,-0.6878782371175687,0.058281143885224485,0.2030747435947879,False
AK3,RNA,1,3.5–4 h,RE,0.0232338846316793,0.05747524235840296,-0.0894175903907905,0.1358853596541491,0.8001685468693226,False
ALDH1A1,RNA,1,3.5–4 h,RE,0.0376215216075977,0.09935008084882235,-0.1571046368560941,0.23234768007128953,0.8142684636535509,False
ANK2,RNA,1,3.5–4 h,RE,0.060861125709053,0.06218985016919481,-0.06103098062256883,0.18275323204067484,0.4894815646591366,False
ANXA3,RNA,1,3.5–4 h,RE,0.603491488926542,0.0959918784234559,0.4153474072165685,0.7916355706365156,2.40771769828858e-08,True
ART3,RNA,1,3.5–4 h,RE,-0.0844280073088779,0.08605561818986962,-0.2530970189610223,0.08424100434326656,0.4882588647164463,False
ATAD1,RNA,1,3.5–4 h,RE,-0.0212461634694909,0.049850189488223964,-0.11895253486640987,0.07646020792742807,0.7889790233937392,False
ATP5ME,RNA,1,3.5–4 h,RE,0.0104406728685262,0.05216175126580782,-0.09179635961245713,0.11267770534950952,0.9057475143134952,False
BCKDK,RNA,1,3.5–4 h,RE,0.011510932326896,0.05414889968437343,-0.09462091105447593,0.11764277570826792,0.8987410743919524,False
BOLA3,RNA,1,3.5–4 h,RE,0.0012684079357288,0.0643170557050306,-0.12479302124613117,0.12732983711758877,0.9915304928631284,False
C11orf54,RNA,1,3.5–4 h,RE,-0.093898806076274,0.055395502703135306,-0.20247399137441918,0.014676379221871191,0.1902591818026188,False
CA3,RNA,1,3.5–4 h,RE,0.105220216179964,0.09246119296945447,-0.07600372204016678,0.28644415440009474,0.4111121221273094,False
CACNB1,RNA,1,3.5–4 h,RE,-0.12474140661613001,0.05770741172862803,-0.23784793360424095,-0.011634879628019068,0.0826894043589767,False
CACNG1,RNA,1,3.5–4 h,RE,-0.240541294038725,0.05517100956870973,-0.3486764727933961,-0.13240611528405394,0.0001442516031068,True
CCDC50,RNA,1,3.5–4 h,RE,-0.0444833948418015,0.04363073148887906,-0.12999962856000447,0.04103283887640145,0.467742045439874,False
CIAPIN1,RNA,1,3.5–4 h,RE,0.150387583328925,0.0641168628449508,0.02471853215282141,0.2760566345050286,0.0565584385578629,False
CMYA5,RNA,1,3.5–4 h,RE,0.0759722898623334,0.059027520952682856,-0.039721651204925004,0.19166623092959179,0.3423004897840004,False
COQ7,RNA,1,3.5–4 h,RE,-0.058771813407417994,0.05503133078908125,-0.16663322175401724,0.04908959493918125,0.4447679093684393,False
COX4I1,RNA,1,3.5–4 h,RE,0.0407760390771399,0.04617072040916673,-0.04971857292482688,0.13127065107910668,0.5409283843506445,False
COX5A,RNA,1,3.5–4 h,RE,0.0493686932017692,0.05080965720512613,-0.05021823492027803,0.14895562132381643,0.4933554907360328,False
COX5B,RNA,1,3.5–4 h,RE,0.0117494249719483,0.04992325255295134,-0.08610015003183633,0.10959899997573291,0.887157202676278,False
COX6B1,RNA,1,3.5–4 h,RE,0.0132359250315588,0.05001264724591718,-0.08478886357043888,0.11126071363355647,0.8716562389608973,False
CYC1,RNA,1,3.5–4 h,RE,0.002355130663525,0.05142051896156966,-0.09842908650115154,0.10313934782820153,0.9810357924836868,False
DLST,RNA,1,3.5–4 h,RE,0.0512655446303372,0.04392617148134849,-0.03482975147310583,0.13736084073378024,0.3964457339248554,False
DTNA,RNA,1,3.5–4 h,RE,0.0369240894249483,0.06252279829118158,-0.08562059522576759,0.1594687740756642,0.699001057403324,False
ECM1,RNA,1,3.5–4 h,RE,-0.0805371737949789,0.1262668233755697,-0.3280201476110955,0.16694580002113768,0.6739212676039501,False
EIF5,RNA,1,3.5–4 h,RE,0.148882593138483,0.056979025595535186,0.03720370297123404,0.260561483305732,0.0308847976383742,True
ESD,RNA,1,3.5–4 h,RE,-0.0274752994703533,0.03413649220567112,-0.09438282419346869,0.0394322252527621,0.5828614637961904,False
ETFRF1,RNA,1,3.5–4 h,RE,0.0109608363157605,0.06628151497575334,-0.11895093303671603,0.14087260566823703,0.923429822031678,False
FKBP9,RNA,1,3.5–4 h,RE,-0.21355427602033997,0.05670265507402374,-0.3246914799654265,-0.10241707207525343,0.0011753168593946,True
FSCN1,RNA,1,3.5–4 h,RE,-0.262304348784888,0.12000409918060626,-0.49751238317887625,-0.02709631439089974,0.0788508857569642,False
GDI1,RNA,1,3.5–4 h,RE,0.0794196152045101,0.03656651315240932,0.007749249425787835,0.15108998098323237,0.0808454196011922,False
GHITM,RNA,1,3.5–4 h,RE,0.0716247019463445,0.039806994281506,-0.006397006845407255,0.14964641073809626,0.1599493652677909,False
GRHPR,RNA,1,3.5–4 h,RE,0.0268909907171118,0.04161539498750984,-0.05467518345840748,0.10845716489263109,0.6690430102667508,False
GRPEL1,RNA,1,3.5–4 h,RE,0.0690054659437447,0.050890081168665884,-0.030739093146840438,0.16875002503432984,0.3130507338690412,False
GRSF1,RNA,1,3.5–4 h,RE,0.0008890828677508,0.05474760226237624,-0.10641621756650663,0.10819438330200823,0.9928881417822948,False
GSTP1,RNA,1,3.5–4 h,RE,0.025880309040714696,0.03683223890433567,-0.046310879211783215,0.09807149729321261,0.6388862995602779,False
GYG1,RNA,1,3.5–4 h,RE,0.379864202024423,0.06125299932621871,0.25980832334503434,0.49992008070381166,4.0028579606933526e-08,True
HCCS,RNA,1,3.5–4 h,RE,0.101309719970152,0.06377627648710868,-0.023691781944580992,0.226311221884885,0.2246386014222779,False
HK1,RNA,1,3.5–4 h,RE,0.0245645981030789,0.05467682024452752,-0.08260196957619503,0.13173116578235283,0.7771669898738776,False
HSPA2,RNA,1,3.5–4 h,RE,0.371665496486759,0.10129141402897994,0.17313432498995832,0.5701966679835597,0.0016340948406217,True
HSPA9,RNA,1,3.5–4 h,RE,0.192914102984194,0.04399505480537005,0.10668379556566872,0.2791444104027193,0.0001299003815039,True
HSPE1,RNA,1,3.5–4 h,RE,0.377661769589526,0.07304489716922725,0.2344937711378406,0.5208297680412115,5.197036267163805e-06,True
IDH3A,RNA,1,3.5–4 h,RE,0.274443707120501,0.06644104892822394,0.14421925122118204,0.4046681630198199,0.0003411169988694,True
IDH3G,RNA,1,3.5–4 h,RE,-0.0017916210764719,0.040770800125034645,-0.08170238932153981,0.078119147168596,0.9818759250527264,False
LRPPRC,RNA,1,3.5–4 h,RE,-0.0062266807708049,0.04671728704393156,-0.09779256337691077,0.08533920183530096,0.9387677917812548,False
MAP7D1,RNA,1,3.5–4 h,RE,0.0425007552136929,0.05094384409031538,-0.057349179203325246,0.14235068963071104,0.5661952238639573,False
MRPL12,RNA,1,3.5–4 h,RE,0.0592118140432314,0.057624462398191925,-0.05373213225722478,0.17215576034368757,0.4641901462699639,False
MRPL17,RNA,1,3.5–4 h,RE,-0.0032995001958012996,0.05262189030031158,-0.106438405184412,0.0998394047928094,0.9727352479043272,False
MRPL53,RNA,1,3.5–4 h,RE,0.0920092477364398,0.050455916940581505,-0.006884349467099954,0.19090284493997955,0.1540131811680102,False
MRPL9,RNA,1,3.5–4 h,RE,-0.0364992459223954,0.036726312183481526,-0.10848281780201918,0.035484325957228384,0.4816400954360005,False
MRPS16,RNA,1,3.5–4 h,RE,0.0450417372969989,0.03671146804123684,-0.026912740063825304,0.11699621465782312,0.368903730253287,False
MRPS31,RNA,1,3.5–4 h,RE,0.024001151394614798,0.05199933007055967,-0.07791753554368216,0.12591983833291176,0.7705853065641038,False
MRPS34,RNA,1,3.5–4 h,RE,-0.0544884007757274,0.04577602182358244,-0.144209403549949,0.035232601998494185,0.3849526068261831,False
MSRB2,RNA,1,3.5–4 h,RE,0.0114687100998561,0.04792529898470039,-0.08246487591015665,0.10540229610986886,0.8846896359769949,False
MT-ATP8,RNA,1,3.5–4 h,RE,-0.0518748280301633,0.057943152307469555,-0.16544340655280362,0.06169375049247702,0.5342057553260661,False
MT-CO2,RNA,1,3.5–4 h,RE,-0.121092924742113,0.05660132991383255,-0.2320315313732248,-0.010154318111001204,0.0865596387738979,False
MTCH2,RNA,1,3.5–4 h,RE,0.0914097839969745,0.04257737965732451,0.007958119868618455,0.17486144812533055,0.0851693745662321,False
MTIF3,RNA,1,3.5–4 h,RE,-0.0619035265191377,0.0423708236896437,-0.14495034095083933,0.021143287912563945,0.2709276002283691,False
MTSS1,RNA,1,3.5–4 h,RE,-0.358010315431021,0.07267564193160402,-0.5004545736169649,-0.21556605724507716,1.503890592430756e-05,True
MYLK2,RNA,1,3.5–4 h,RE,-0.188687212235413,0.11228948209166303,-0.4087745971350725,0.03140017266424655,0.1944796942787764,False
MYOT,RNA,1,3.5–4 h,RE,0.46011030071267106,0.07848381228278402,0.30628202863841436,0.6139385727869278,1.9752831720917813e-07,True
NAMPT,RNA,1,3.5–4 h,RE,0.324352471871822,0.11710916038630685,0.09481851751466056,0.5538864262289834,0.0209547295200706,True
NDUFA4,RNA,1,3.5–4 h,RE,0.0398414666249307,0.04859713164184146,-0.055408911393078554,0.13509184464293997,0.5747386093688185,False
NDUFA6,RNA,1,3.5–4 h,RE,0.0079737286182046,0.0466982640502813,-0.08355486892034676,0.09950232615675596,0.9207256898881652,False
NDUFA7,RNA,1,3.5–4 h,RE,0.0551512393302271,0.058836350851329745,-0.060168008338379195,0.17047048699883338,0.5115458872042916,False
NDUFA8,RNA,1,3.5–4 h,RE,-0.0238598100057787,0.05831799452305131,-0.13816307927095925,0.09044345925940186,0.7976575719466485,False
NDUFAF4,RNA,1,3.5–4 h,RE,0.20899239407770698,0.06992106090737055,0.07194711469926071,0.3460376734561532,0.0120170725084234,True
NDUFB10,RNA,1,3.5–4 h,RE,-0.0007939320513914002,0.0559724143313062,-0.11049986414075155,0.10891200003796875,0.993810971012012,False
NDUFS4,RNA,1,3.5–4 h,RE,0.0040079989567081,0.05125552569199431,-0.09645283139960074,0.10446882931301694,0.9647308262623792,False
NEDD4L,RNA,1,3.5–4 h,RE,0.0293778560291988,0.09391156334164033,-0.15468880812041624,0.21344452017881382,0.8475263104011336,False
NNT,RNA,1,3.5–4 h,RE,0.0223996760158567,0.06500035041094028,-0.10500101078958625,0.14980036282129966,0.8313459371710064,False
NTMT1,RNA,1,3.5–4 h,RE,0.10001196628116699,0.05111510654906036,-0.00017364255499131842,0.20019757511732528,0.1216101105378346,False
PALLD,RNA,1,3.5–4 h,RE,0.164804262127114,0.0884706143388856,-0.008598141977101792,0.3382066662313298,0.1436958133074491,False
PC,RNA,1,3.5–4 h,RE,-0.152545541429454,0.09190001305154516,-0.3326695670104825,0.02757848415157449,0.2007746442421527,False
PDHX,RNA,1,3.5–4 h,RE,0.0500557294727306,0.04934735449486744,-0.04666508533720959,0.14677654428267078,0.4706996984884569,False
PDLIM3,RNA,1,3.5–4 h,RE,0.46344138942757396,0.08428534340745653,0.29824211634895914,0.6286406625061888,1.2097859473321225e-06,True
PFN2,RNA,1,3.5–4 h,RE,0.49669292056903597,0.11512320738968672,0.27105143408525,0.7223344070528219,0.0001670609301958,True
PHGDH,RNA,1,3.5–4 h,RE,-0.335638832684671,0.302675468195962,-0.9288827503487566,0.2576050849794146,0.4243338912004588,False
PHKA1,RNA,1,3.5–4 h,RE,0.0947137045931044,0.07429500037028226,-0.050904496132648844,0.24033190531885762,0.347830721828728,False
PMPCB,RNA,1,3.5–4 h,RE,0.0236785683197436,0.037372905922928044,-0.04957232728919536,0.09692946392868257,0.6764868531465897,False
PNPT1,RNA,1,3.5–4 h,RE,0.0044312555791989,0.038629550389632984,-0.07128266318448175,0.08014517434287956,0.9472128495968926,False
PPIF,RNA,1,3.5–4 h,RE,0.0817695845574891,0.07198007787702265,-0.05931136808147529,0.22285053719645348,0.4120115160520916,False
PPP1R12A,RNA,1,3.5–4 h,RE,-0.0154333379717961,0.04432525283071121,-0.10231083351999007,0.07144415757639788,0.8298877580147864,False
PPP2R2A,RNA,1,3.5–4 h,RE,0.0607828696915407,0.044111148994073764,-0.02567498233684387,0.14724072171992528,0.304117431807991,False
PRDX3,RNA,1,3.5–4 h,RE,0.0773206574715548,0.04129036293269649,-0.003608453876530318,0.15824976881963992,0.1416941410809227,False
PRKAR2A,RNA,1,3.5–4 h,RE,-0.0565380905519293,0.047549639772352825,-0.14973538450574084,0.03665920340188223,0.3856328349861144,False
QARS1,RNA,1,3.5–4 h,RE,-0.0437418949120456,0.042646519239002804,-0.1273290726204911,0.03984528279639989,0.4648643523718574,False
RFTN1,RNA,1,3.5–4 h,RE,0.588703229070048,0.10195036028466019,0.38888052291211406,0.788525935227982,3.2995303174205454e-07,True
RHOT1,RNA,1,3.5–4 h,RE,-0.234998433689582,0.0531981172277751,-0.3392667434560212,-0.13073012392314282,0.0001151558606109,True
RNH1,RNA,1,3.5–4 h,RE,0.109504117318108,0.03505684178866225,0.04079270741232999,0.178215527223886,0.0083630613217068,True
RPE,RNA,1,3.5–4 h,RE,-0.0297368668323617,0.07327668313874273,-0.17335916578429747,0.11388543211957405,0.7990748014375113,False
RPL18,RNA,1,3.5–4 h,RE,0.0242965185656585,0.03563929564122872,-0.04555650089114979,0.09414953802246678,0.6502375170265462,False
RPS13,RNA,1,3.5–4 h,RE,0.0367959232671522,0.04324037318572098,-0.047955208176860914,0.12154705471116531,0.557256209876123,False
RPS16,RNA,1,3.5–4 h,RE,0.0426296338752064,0.04150025913728164,-0.03871087403386562,0.12397014178427843,0.464398972033961,False
RPS19,RNA,1,3.5–4 h,RE,0.0567047429569865,0.03900226970166735,-0.019739705658281502,0.1331491915722545,0.2733276243225456,False
RPS3A,RNA,1,3.5–4 h,RE,0.0525534683087985,0.03477674652799851,-0.015608954886078573,0.12071589150367557,0.2516054160982469,False
RPS9,RNA,1,3.5–4 h,RE,0.0356674506282646,0.03728507598887541,-0.03741129830993121,0.10874619956646042,0.5015595037502567,False
RUFY3,RNA,1,3.5–4 h,RE,0.10468182292786,0.07427445949358984,-0.040896117679576086,0.2502597635352961,0.2905952696830605,False
SDHB,RNA,1,3.5–4 h,RE,0.0578966063234905,0.05025878925614669,-0.04061062061855701,0.15640383326553803,0.4037967602370308,False
SLC25A3,RNA,1,3.5–4 h,RE,0.0631698859593879,0.046059494553073954,-0.027106723364637056,0.15344649528341286,0.3066724081776179,False
SLC35A4,RNA,1,3.5–4 h,RE,0.0871924969850841,0.03852433168780623,0.011684806876983894,0.16270018709318432,0.0673676529957198,False
SLIRP,RNA,1,3.5–4 h,RE,0.0726349630379781,0.05040624115233172,-0.026161269620592065,0.17143119569654827,0.2784464454034282,False
SMTNL1,RNA,1,3.5–4 h,RE,0.22610012046314704,0.15043956895179403,-0.06876143468236923,0.5209616756086632,0.2545833727136118,False
STOML2,RNA,1,3.5–4 h,RE,-0.023004205212362,0.0399048317956976,-0.1012176755319293,0.055209265107205294,0.7065355695839362,False
STUB1,RNA,1,3.5–4 h,RE,0.0331270700080282,0.03847934411029781,-0.04229244444815551,0.1085465844642119,0.5523125895762625,False
TACC2,RNA,1,3.5–4 h,RE,0.0130897688097829,0.06268028820414988,-0.10976359607035087,0.13594313368991667,0.900829355736904,False
TBCA,RNA,1,3.5–4 h,RE,0.125702715758639,0.04928960023665562,0.029095099294793994,0.22231033222248403,0.0357338061761905,True
THBS4,RNA,1,3.5–4 h,RE,0.396989180452952,0.17396630742930674,0.056015217891510816,0.7379631430143931,0.0647118037237264,False
THY1,RNA,1,3.5–4 h,RE,0.0433525071583676,0.329053984363529,-0.6015933021941493,0.6882983165108845,0.9392235754935728,False
TIMM44,RNA,1,3.5–4 h,RE,0.138285376362445,0.04533434421452037,0.04943006170198508,0.22714069102290493,0.0102032180614543,True
TIMM50,RNA,1,3.5–4 h,RE,0.0709457385935828,0.045556109729868316,-0.018344236476959097,0.1602357136641247,0.2351353995516512,False
TNNT3,RNA,1,3.5–4 h,RE,-0.0210235850431904,0.11770609532720568,-0.2517275318845135,0.2096803617981327,0.916808741098896,False
TPSB2,RNA,1,3.5–4 h,RE,-0.358333038155203,0.2835219734645685,-0.9140361061457573,0.19737002983535124,0.3529149047153495,False
UBE2V1,RNA,1,3.5–4 h,RE,-0.0180371586341685,0.04366667607329504,-0.10362384373782677,0.06754952646948978,0.7957770019731808,False
UNC45B,RNA,1,3.5–4 h,RE,-0.0545550850811072,0.06310440467146752,-0.17823971823718354,0.06912954807496915,0.5505834975512428,False
VIM,RNA,1,3.5–4 h,RE,0.0517877387793986,0.19772913194241978,-0.33576135982774413,0.4393368373865414,0.8730545176924666,False
ZNF207,RNA,1,3.5–4 h,RE,0.473658461789077,0.04869022995761313,0.37822561107215524,0.5690913125059988,1.5988133302968548e-17,True
ABLIM2,RNA,2,24 h,RE,-0.28871046215786,0.08436483952784464,-0.4540655476324355,-0.1233553766832845,0.0059515047540317,True
ACTN3,RNA,2,24 h,RE,-0.356563264261099,0.17956616309440215,-0.7085129439261273,-0.004613584596070808,0.1576451332407686,False
AK3,RNA,2,24 h,RE,0.0599241889514346,0.05433921706298058,-0.04658067649200734,0.16642905439487654,0.5082497046338835,False
ALDH1A1,RNA,2,24 h,RE,-0.254175246177798,0.09362782482320978,-0.43768578283128917,-0.07066470952430687,0.0369903704495596,True
ANK2,RNA,2,24 h,RE,-0.0789430736852674,0.05920734958200801,-0.1949894788660031,0.037103331495468295,0.3981979203532757,False
ANXA3,RNA,2,24 h,RE,0.0946388397701421,0.09107956849019064,-0.08387711447063155,0.27315479401091575,0.5385558487377914,False
ART3,RNA,2,24 h,RE,-0.565001756726679,0.08185101161058536,-0.7254297394834263,-0.40457377396993166,3.543101646567171e-09,True
ATAD1,RNA,2,24 h,RE,0.0828159001455706,0.04705850650433007,-0.009418772602916348,0.17505057289405754,0.2266499514499728,False
ATP5ME,RNA,2,24 h,RE,-0.00980191538107,0.04943694478490985,-0.1066983271594933,0.0870944963973533,0.9299080476962984,False
BCKDK,RNA,2,24 h,RE,-0.048267092793245994,0.05129542307086331,-0.14880612201213808,0.05227193642564609,0.5906382632411868,False
BOLA3,RNA,2,24 h,RE,0.060205367792876406,0.059997512260055924,-0.0573897562368332,0.177800491822586,0.5581166058218068,False
C11orf54,RNA,2,24 h,RE,-0.157463824496647,0.052213699653054745,-0.2598026758166343,-0.05512497317665971,0.0178266476710992,True
CA3,RNA,2,24 h,RE,0.164117020841767,0.08789540281868724,-0.008157968682860006,0.336392010366394,0.1912276444697217,False
CACNB1,RNA,2,24 h,RE,-0.0008023897782320999,0.05487176951043916,-0.10835105801869285,0.10674627846222864,0.9959043258354764,False
CACNG1,RNA,2,24 h,RE,0.0216705843415017,0.05236949264667226,-0.08097362124597593,0.12431478992897932,0.8409591324036454,False
CCDC50,RNA,2,24 h,RE,-0.12464420099094602,0.04134409637481775,-0.2056786298855888,-0.043609772096303234,0.0178623223749531,True
CIAPIN1,RNA,2,24 h,RE,0.201119281706848,0.06132197230426053,0.08092821599049738,0.32131034742319864,0.008842965616649,True
CMYA5,RNA,2,24 h,RE,-0.0480148038382904,0.056093660560719495,-0.1579583785373006,0.061928770860719816,0.6324670579193921,False
COQ7,RNA,2,24 h,RE,-0.253890384373425,0.052573306548711486,-0.3569340652088995,-0.1508467035379505,4.929775017085237e-05,True
COX4I1,RNA,2,24 h,RE,0.0373780733118965,0.043840678627750734,-0.04854965679849494,0.12330580342228795,0.6341141212921831,False
COX5A,RNA,2,24 h,RE,0.104001626871741,0.04823793960895711,0.009455265238185073,0.19854798850529692,0.1166775162939064,False
COX5B,RNA,2,24 h,RE,0.043729358584475804,0.047412370264715085,-0.04919888713436576,0.13665760430331736,0.599365641444231,False
COX6B1,RNA,2,24 h,RE,0.0293790567183088,0.04740828533241958,-0.06354118253323357,0.12229929596985117,0.7456795862237747,False
CYC1,RNA,2,24 h,RE,0.0931801862523178,0.048853651728863245,-0.002572971136254154,0.18893334364088976,0.1798000778970593,False
DLST,RNA,2,24 h,RE,0.136556458267073,0.04161063668091245,0.05499961037248459,0.2181133061616614,0.0089204216849301,True
DTNA,RNA,2,24 h,RE,-0.0980683692286108,0.059622056200189,-0.21492759938098122,0.01879086092375963,0.2687336138369245,False
ECM1,RNA,2,24 h,RE,0.052912799377145,0.1172535451088886,-0.17690414903627666,0.28272974779056664,0.8249184959669923,False
EIF5,RNA,2,24 h,RE,0.26865600365113,0.05439413722489823,0.1620434946903295,0.3752685126119305,3.188398525344709e-05,True
ESD,RNA,2,24 h,RE,0.0177019358143529,0.03234275069131207,-0.04568985554061875,0.08109372716932456,0.7796723797951809,False
ETFRF1,RNA,2,24 h,RE,0.0546837697954947,0.0629050936547693,-0.06861021376785315,0.17797775335884253,0.6264451546053986,False
FKBP9,RNA,2,24 h,RE,-0.0571244838534684,0.05365607492973779,-0.16229039071575446,0.04804142300881767,0.526618231670395,False
FSCN1,RNA,2,24 h,RE,-0.0821916013520503,0.10880917612063828,-0.29545758654850135,0.13107438384440073,0.682377698151689,False
GDI1,RNA,2,24 h,RE,0.12008179789021199,0.03459124784749291,0.052282952109125896,0.1878806436712981,0.0051791244249923,True
GHITM,RNA,2,24 h,RE,0.0237824508245428,0.03776944503226056,-0.050245661438687896,0.0978105630877735,0.7420609598108155,False
GRHPR,RNA,2,24 h,RE,0.0656862984993314,0.03953522538308318,-0.011802743251511635,0.14317534025017442,0.2626116433265071,False
GRPEL1,RNA,2,24 h,RE,0.138839119724411,0.04817146295085583,0.04442305234073356,0.2332551871080884,0.024838818224151,True
GRSF1,RNA,2,24 h,RE,0.0312734856484882,0.05198713979479864,-0.07062130834931714,0.13316827964629352,0.7546763647441419,False
GSTP1,RNA,2,24 h,RE,0.0684821331464223,0.03482543352301222,0.00022428344131836253,0.13673998285152625,0.1627490069970601,False
GYG1,RNA,2,24 h,RE,0.339752586305639,0.05818341984928792,0.22571308340103466,0.4537920892102433,6.937006472992108e-07,True
HCCS,RNA,2,24 h,RE,0.288617099775506,0.06042185315086161,0.1701902675998172,0.40704393195119476,6.037954073000254e-05,True
HK1,RNA,2,24 h,RE,-0.0713930200138675,0.05188385918115826,-0.1730853840089377,0.03029934398120268,0.379042222018036,False
HSPA2,RNA,2,24 h,RE,0.212611827001075,0.09592820367847152,0.02459254779127082,0.40063110621087916,0.1050816139677393,False
HSPA9,RNA,2,24 h,RE,0.185237555746919,0.041886129321447925,0.10314074227688107,0.2673343692169569,0.0002313499135666,True
HSPE1,RNA,2,24 h,RE,0.3857745370591669,0.06748281807263092,0.2535082136368103,0.5180408604815235,1.188196366026163e-06,True
IDH3A,RNA,2,24 h,RE,0.475538036194893,0.06283066175849937,0.35238993914823424,0.5986861332415517,1.0987958249206571e-10,True
IDH3G,RNA,2,24 h,RE,0.13496350172382,0.038571465869869925,0.05936342861887493,0.21056357482876503,0.004777371929181,True
LRPPRC,RNA,2,24 h,RE,-0.0473968739886308,0.04438260047275819,-0.13438677091523685,0.03959302293797525,0.5254398837116585,False
MAP7D1,RNA,2,24 h,RE,0.0824371291330035,0.04829617506002382,-0.012223373984643196,0.17709763225065017,0.2457343987207822,False
MRPL12,RNA,2,24 h,RE,0.261526963403574,0.05437644732173818,0.15494912665296717,0.36810480015418084,5.527997122049685e-05,True
MRPL17,RNA,2,24 h,RE,0.209048201501548,0.048478551136542224,0.11403024127392523,0.3040661617291707,0.0003396245280826,True
MRPL53,RNA,2,24 h,RE,0.020995644191157,0.04752269609960615,-0.07214884016407105,0.11414012854638506,0.8293901091754704,False
MRPL9,RNA,2,24 h,RE,-0.0009970702576289,0.034632284224810246,-0.06887634733825698,0.06688220682299917,0.9914711390387124,False
MRPS16,RNA,2,24 h,RE,0.0514862562891487,0.034735035596380005,-0.016594413479756112,0.11956692605805351,0.3310392295473708,False
MRPS31,RNA,2,24 h,RE,0.18632724150331198,0.049183358938871394,0.08992785798312405,0.2827266250234999,0.0019493002789584,True
MRPS34,RNA,2,24 h,RE,0.0766445262781348,0.04324198785520528,-0.008109769918067541,0.16139882247433712,0.2223340435095019,False
MSRB2,RNA,2,24 h,RE,0.080292936664554,0.04518320693636594,-0.008266148930723236,0.16885202225983126,0.2207153636135669,False
MT-ATP8,RNA,2,24 h,RE,-0.015597320880395702,0.054958653981560406,-0.1233162826842541,0.0921216409234627,0.8965835568656286,False
MT-CO2,RNA,2,24 h,RE,-0.0385108481617582,0.05354447768265002,-0.14345802441975222,0.06643632809623584,0.7002275594475968,False
MTCH2,RNA,2,24 h,RE,0.204416784962111,0.0402042802613919,0.12561639564978286,0.28321717427443915,1.8891428227891795e-05,True
MTIF3,RNA,2,24 h,RE,0.0743571265936716,0.039897622559266745,-0.0038422136224912223,0.15255646680983442,0.192379621541758,False
MTSS1,RNA,2,24 h,RE,-0.185861451991203,0.06783781752620313,-0.31882357434256114,-0.052899329639844866,0.0348576191758491,True
MYLK2,RNA,2,24 h,RE,-0.8266056056992649,0.10593976315907144,-1.034247541491045,-0.6189636699074849,2.7904202222356257e-11,True
MYOT,RNA,2,24 h,RE,0.390625322656973,0.07473824866830395,0.24413835526709723,0.5371122900468487,9.787174678548732e-06,True
NAMPT,RNA,2,24 h,RE,-0.047985426131067,0.11120789050669258,-0.26595289152418444,0.16998203926205047,0.8335293157495094,False
NDUFA4,RNA,2,24 h,RE,0.0112832946544001,0.04614940948505248,-0.07916954793630275,0.10173613724510296,0.9128653786454426,False
NDUFA6,RNA,2,24 h,RE,0.150915581108629,0.04424159357232031,0.06420205770688117,0.2376291045103768,0.0062594032896732,True
NDUFA7,RNA,2,24 h,RE,0.0318137872906492,0.055896698441549965,-0.07774374165478873,0.14137131623608712,0.7696938257913567,False
NDUFA8,RNA,2,24 h,RE,0.20493621840803,0.05523091569592946,0.09668362364400826,0.3131888131720517,0.0025430955014739,True
NDUFAF4,RNA,2,24 h,RE,0.197465802419618,0.06516033287204635,0.06975154999040714,0.32518005484882884,0.0172427263041571,True
NDUFB10,RNA,2,24 h,RE,0.024764188636170904,0.053174676137927625,-0.07945817659416725,0.12898655386650906,0.8178798742673319,False
NDUFS4,RNA,2,24 h,RE,0.132790100670013,0.04847601864687502,0.03777710412213797,0.22780309721788805,0.0348678257618474,True
NEDD4L,RNA,2,24 h,RE,-0.374771969963633,0.08857802005094063,-0.5483848892634766,-0.20115905066378936,0.0004552573823222,True
NNT,RNA,2,24 h,RE,-0.106478433474271,0.06180196624237102,-0.2276102873093182,0.014653420360776201,0.2399526131070362,False
NTMT1,RNA,2,24 h,RE,0.118920504255429,0.048104357276152525,0.02463596399417005,0.21320504451668792,0.0631224436151691,False
PALLD,RNA,2,24 h,RE,0.836160131573703,0.08476085404593163,0.6700288576436769,1.0022914055037289,2.267679791898617e-16,True
PC,RNA,2,24 h,RE,0.12314794954069,0.0858309622559881,-0.045080736481046685,0.29137663556242666,0.3522659830124399,False
PDHX,RNA,2,24 h,RE,-0.0486721008140396,0.0467787483731225,-0.1403584476253597,0.043014245997280494,0.5379200491520476,False
PDLIM3,RNA,2,24 h,RE,0.585605793393919,0.08011566836220727,0.4285790834039928,0.7426325033838452,4.0045751391827645e-10,True
PFN2,RNA,2,24 h,RE,0.352858829521895,0.10952853672596752,0.13818289753899868,0.5675347615047913,0.0103528062549255,True
PHGDH,RNA,2,24 h,RE,-0.11952761511227,0.2920233590491403,-0.6918933988485849,0.45283816862404497,0.8434312313069793,False
PHKA1,RNA,2,24 h,RE,-0.108647086216142,0.07031658034215481,-0.2464675836867654,0.02917341125448142,0.3058795494801587,False
PMPCB,RNA,2,24 h,RE,-0.020260921409915,0.03549881832324527,-0.08983860532347573,0.04931676250364573,0.7689636565267284,False
PNPT1,RNA,2,24 h,RE,-0.0187321173738013,0.03661755502447459,-0.0905025252217715,0.0530382904741689,0.796863270519932,False
PPIF,RNA,2,24 h,RE,0.22393461606800996,0.06795854623308305,0.09073586545116719,0.35713336668485274,0.0085901785861593,True
PPP1R12A,RNA,2,24 h,RE,-0.05745741045364921,0.04208151828649289,-0.13993718629517526,0.025022365387876853,0.3832195103226234,False
PPP2R2A,RNA,2,24 h,RE,-0.0421834772663514,0.041539100488484006,-0.12360011422378006,0.03923315969107725,0.5516915162036199,False
PRDX3,RNA,2,24 h,RE,-0.0562543798586272,0.039169925783267785,-0.13302743439383205,0.020518674676577663,0.3516838800165902,False
PRKAR2A,RNA,2,24 h,RE,-0.0447474892323498,0.045223917164266283,-0.1333863668743117,0.04389138840961212,0.5659849663100768,False
QARS1,RNA,2,24 h,RE,0.142414151709576,0.04046358793784558,0.06310551935139866,0.22172278406775334,0.004539982138365,True
RFTN1,RNA,2,24 h,RE,-0.0939164805847796,0.09487116271637952,-0.27986395950888343,0.09203099833932425,0.5657550978648537,False
RHOT1,RNA,2,24 h,RE,-0.138312087065492,0.05038291385130635,-0.23706259821405246,-0.039561575916931546,0.0344454638722851,True
RNH1,RNA,2,24 h,RE,0.0880850690781259,0.03314848339613099,0.023114041621709158,0.15305609653454263,0.042096720053449,True
RPE,RNA,2,24 h,RE,0.0221378192819335,0.07031602176409012,-0.11568158337568313,0.15995722193955014,0.8838676880242311,False
RPL18,RNA,2,24 h,RE,0.0103824992777284,0.033811752962638594,-0.05588853652904324,0.07665353508450004,0.8870843417911328,False
RPS13,RNA,2,24 h,RE,-0.0061660784556751,0.04106821011497108,-0.08665977028101841,0.07432761336966821,0.9500634254313752,False
RPS16,RNA,2,24 h,RE,0.0046299000709302,0.03930025809606488,-0.07239860579735698,0.08165840593921737,0.9624028861948604,False
RPS19,RNA,2,24 h,RE,0.0046475814486761,0.03696455518058603,-0.06780294670527252,0.07709810960262471,0.9593227725559004,False
RPS3A,RNA,2,24 h,RE,-0.0120328884344358,0.03303807769617051,-0.07678752071893,0.0527217438500584,0.8623754790630945,False
RPS9,RNA,2,24 h,RE,-0.0496532715123763,0.035340049086431576,-0.1189197677217822,0.019613224697029592,0.3661006537390117,False
RUFY3,RNA,2,24 h,RE,0.091451880831559,0.06963427076028984,-0.045031289858609075,0.22793505152172708,0.4079629533745891,False
SDHB,RNA,2,24 h,RE,0.139225874764036,0.047704715333264,0.045724632710838556,0.23272711681723346,0.0226468230162342,True
SLC25A3,RNA,2,24 h,RE,0.123946356861213,0.04376930953375912,0.038158510175045124,0.20973420354738087,0.0280795016194928,True
SLC35A4,RNA,2,24 h,RE,0.157690548158559,0.03654891794645747,0.08605466898350238,0.22932642733361563,0.0003424525219279,True
SLIRP,RNA,2,24 h,RE,0.0534892176188535,0.04747048879431915,-0.039552940418012036,0.14653137565571905,0.4963199004686119,False
SMTNL1,RNA,2,24 h,RE,0.409416816653002,0.14264176930661301,0.1298389488120405,0.6889946844939635,0.0255518638502795,True
STOML2,RNA,2,24 h,RE,0.0101072358498442,0.03787193207750836,-0.06412175102207218,0.08433622272176058,0.9044473514026966,False
STUB1,RNA,2,24 h,RE,0.0182283658135001,0.03655146658661663,-0.0534125086962685,0.08986924032326869,0.8028851198744446,False
TACC2,RNA,2,24 h,RE,-0.0847063600906974,0.059569140774487196,-0.2014618760086923,0.032049155827297504,0.3581548676872549,False
TBCA,RNA,2,24 h,RE,0.120336127477927,0.0461709007644196,0.02984116197966459,0.2108310929761894,0.0469186076090726,True
THBS4,RNA,2,24 h,RE,0.0957024457732034,0.16468662101877438,-0.22708333142359438,0.4184882229700012,0.7643929699086568,False
THY1,RNA,2,24 h,RE,0.294271351031311,0.310289619250551,-0.3138963026997689,0.9024390047623909,0.5866232427718918,False
TIMM44,RNA,2,24 h,RE,0.0898479103186656,0.04281158556648117,0.005937202608362516,0.1737586180289687,0.1294947832198492,False
TIMM50,RNA,2,24 h,RE,0.228000050188432,0.04295816742304866,0.14380204203925662,0.3121980583376074,7.231963055303737e-06,True
TNNT3,RNA,2,24 h,RE,0.0428889273120756,0.1112858516897599,-0.17523134199985377,0.26100919662400496,0.8545000968303199,False
TPSB2,RNA,2,24 h,RE,-0.208696815650815,0.27210536739676766,-0.7420233357484796,0.3246297044468496,0.6767931165292073,False
UBE2V1,RNA,2,24 h,RE,0.160010045910404,0.04145404001499195,0.07876012748101978,0.2412599643397882,0.0015730596144424,True
UNC45B,RNA,2,24 h,RE,-0.241734912717602,0.0600511553067538,-0.35943517711883943,-0.12403464831636456,0.0009201277037745,True
VIM,RNA,2,24 h,RE,-0.0543430827284999,0.1890297031904163,-0.42484130098171585,0.316155135524716,0.8950602996536112,False
ZNF207,RNA,2,24 h,RE,-0.124199941156142,0.046645661096403085,-0.21562543690509206,-0.032774445407191946,0.0413006004219059,True
ABLIM2,PROT,0,15–45 min,EE,-0.0076598989362243,0.03794346458765454,-0.0820290895280272,0.0667092916555786,0.9976662116187048,False
ACTN3,PROT,0,15–45 min,EE,-0.015105687444999,0.12285961020356269,-0.25591052344398185,0.22569914855398387,0.9976662116187048,False
AFM,PROT,0,15–45 min,EE,0.169661111613543,0.17242284306715158,-0.16828766079807408,0.50760988402516,0.9976662116187048,False
AK3,PROT,0,15–45 min,EE,-0.124090076677862,0.06436621421297561,-0.2502478565352942,0.00206770317957021,0.9976662116187048,False
ALDH1A1,PROT,0,15–45 min,EE,-0.101474533585735,0.08871256193604621,-0.27535115498038554,0.07240208780891558,0.9976662116187048,False
ANK2,PROT,0,15–45 min,EE,0.048461476831722,0.036307254074167974,-0.02270074115364723,0.11962369481709123,0.9976662116187048,False
ANXA3,PROT,0,15–45 min,EE,0.0170438173421533,0.04585769744143524,-0.07283726964305975,0.10692490432736637,0.9976662116187048,False
ART3,PROT,0,15–45 min,EE,0.013949100894957999,0.07067594842151675,-0.12457575801121483,0.15247395980113082,0.9976662116187048,False
ATAD1,PROT,0,15–45 min,EE,-0.0252802955215476,0.05062547094020191,-0.12450621856434334,0.07394562752124813,0.9976662116187048,False
ATP5ME,PROT,0,15–45 min,EE,-0.0326485219076276,0.06248964339352673,-0.15512822295893997,0.08983117914368478,0.9976662116187048,False
BCKDK,PROT,0,15–45 min,EE,0.00634738439385,0.048432035295258045,-0.08857940478485576,0.10127417357255578,0.9976662116187048,False
BOLA3,PROT,0,15–45 min,EE,-0.0249329320148919,0.05558304670799908,-0.1338757035625701,0.08400983953278629,0.9976662116187048,False
C11orf54,PROT,0,15–45 min,EE,-0.0534895602278504,0.05131468312865989,-0.15406633916002377,0.04708721870432299,0.9976662116187048,False
CA3,PROT,0,15–45 min,EE,-0.0989459978454127,0.07856056849869808,-0.25292471210286094,0.05503271641203554,0.9976662116187048,False
CACNB1,PROT,0,15–45 min,EE,0.0244424072503998,0.04752052629674597,-0.0686978242912223,0.1175826387920219,0.9976662116187048,False
CACNG1,PROT,0,15–45 min,EE,0.0706257756504419,0.0783884266028474,-0.08301554049113899,0.22426709179202278,0.9976662116187048,False
CCDC50,PROT,0,15–45 min,EE,-0.001682834904806,0.05435602308480889,-0.10822064015103143,0.10485497034141943,0.9981807602654166,False
CIAPIN1,PROT,0,15–45 min,EE,0.0025662092616372,0.03117702806745099,-0.05854076575056674,0.06367318427384114,0.9976662116187048,False
CMYA5,PROT,0,15–45 min,EE,0.0017453746351133999,0.036493171542232396,-0.0697812415876621,0.0732719908578889,0.9976662116187048,False
COQ7,PROT,0,15–45 min,EE,-0.0976278363973941,0.06061968420498317,-0.2164424174391611,0.02118674464437291,0.9976662116187048,False
COX4I1,PROT,0,15–45 min,EE,-0.028204930022874497,0.0793389999172464,-0.18370936986067743,0.12729950981492844,0.9976662116187048,False
COX5A,PROT,0,15–45 min,EE,-0.055896101570323896,0.10086343662480791,-0.2535884373549474,0.1417962342142996,0.9976662116187048,False
COX5B,PROT,0,15–45 min,EE,-0.039780071290835196,0.06983683307125911,-0.17666026411050303,0.09710012152883266,0.9976662116187048,False
COX6B1,PROT,0,15–45 min,EE,-0.064576458132946,0.06189252995039443,-0.1858858168357191,0.05673290056982708,0.9976662116187048,False
CYC1,PROT,0,15–45 min,EE,-0.0234150598863804,0.07290518812791764,-0.166309228617099,0.11947910884433818,0.9976662116187048,False
DLST,PROT,0,15–45 min,EE,-0.0542075694813821,0.062331874773443346,-0.17637804403733104,0.06796290507456686,0.9976662116187048,False
DTNA,PROT,0,15–45 min,EE,-0.140298706588886,0.09450176388626143,-0.3255221638059584,0.044924750628186405,0.9976662116187048,False
ECM1,PROT,0,15–45 min,EE,0.11244769898216,0.10486506936271285,-0.09308783696875719,0.31798323493307723,0.9976662116187048,False
EIF5,PROT,0,15–45 min,EE,-0.0012077925090925,0.03590510579377251,-0.07158179986488662,0.06916621484670162,0.9981807602654166,False
ESD,PROT,0,15–45 min,EE,-0.069779263722814,0.040088282991326024,-0.148352298385813,0.008793770940185006,0.9976662116187048,False
ETFRF1,PROT,0,15–45 min,EE,-0.102454896545968,0.07279942968809212,-0.24514177873462856,0.04023198564269255,0.9976662116187048,False
FKBP9,PROT,0,15–45 min,EE,0.0366944131899325,0.04929329147388509,-0.05992043809888226,0.13330926447874727,0.9976662116187048,False
FSCN1,PROT,0,15–45 min,EE,0.0915466875155619,0.07803308772049189,-0.06139816441660219,0.244491539447726,0.9976662116187048,False
GDI1,PROT,0,15–45 min,EE,0.0105805055543387,0.02884995041370411,-0.04596539725652135,0.06712640836519876,0.9976662116187048,False
GHITM,PROT,0,15–45 min,EE,-0.0773811356240203,0.07325112300010163,-0.2209533367042195,0.0661910654561789,0.9976662116187048,False
GRHPR,PROT,0,15–45 min,EE,-0.0186549573587798,0.04233241145369409,-0.10162648380802021,0.06431656909046062,0.9976662116187048,False
GRPEL1,PROT,0,15–45 min,EE,-0.0777764135704581,0.0495097219716394,-0.17481546863487132,0.019262641493955124,0.9976662116187048,False
GRSF1,PROT,0,15–45 min,EE,-0.0122846886844322,0.046974431483928804,-0.10435457439293266,0.07978519702406825,0.9976662116187048,False
GSTP1,PROT,0,15–45 min,EE,-0.05167345888096131,0.05284365667245256,-0.15524702595896833,0.05190010819704571,0.9976662116187048,False
GYG1,PROT,0,15–45 min,EE,0.4195916368650359,0.0715427718337359,0.27936780407091355,0.5598154696591583,9.481356922767175e-05,True
HCCS,PROT,0,15–45 min,EE,-0.0123185386893514,0.05308228311814729,-0.11635981360092008,0.09172273622221729,0.9976662116187048,False
HK1,PROT,0,15–45 min,EE,0.0088819305167937,0.04659664162645821,-0.08244748707106439,0.10021134810465179,0.9976662116187048,False
HSPA2,PROT,0,15–45 min,EE,0.028389510576980803,0.07911177862187363,-0.1266695755218915,0.18344859667585312,0.9976662116187048,False
HSPA9,PROT,0,15–45 min,EE,-0.047568913554315,0.05734296223118126,-0.15996111952743025,0.06482329241880026,0.9976662116187048,False
HSPE1,PROT,0,15–45 min,EE,-0.0414607400322069,0.055672698433913,-0.1505792289626764,0.06765774889826258,0.9976662116187048,False
IDH3A,PROT,0,15–45 min,EE,-0.0409243235993466,0.05767983373943291,-0.1539767977286351,0.0721281505299419,0.9976662116187048,False
IDH3G,PROT,0,15–45 min,EE,-0.0267260402903858,0.05023640478659039,-0.12518939367210297,0.07173731309133136,0.9976662116187048,False
LRPPRC,PROT,0,15–45 min,EE,-0.0563910231222182,0.05826904350574652,-0.17059834839348137,0.05781630214904498,0.9976662116187048,False
MAP7D1,PROT,0,15–45 min,EE,-0.128557834705291,0.12981955128649947,-0.38300415522682996,0.12588848581624792,0.9976662116187048,False
MRPL12,PROT,0,15–45 min,EE,-0.0158409647031916,0.056526044065,-0.1266320110705916,0.0949500816642084,0.9976662116187048,False
MRPL17,PROT,0,15–45 min,EE,-0.0646908833691954,0.057893874197151765,-0.17816287679561288,0.04878111005722206,0.9976662116187048,False
MRPL53,PROT,0,15–45 min,EE,-0.0520363112209596,0.05064611303847743,-0.15130269277637537,0.047230070334456156,0.9976662116187048,False
MRPL9,PROT,0,15–45 min,EE,-0.0385261850120019,0.04746020283385597,-0.13154818256635958,0.0544958125423558,0.9976662116187048,False
MRPS16,PROT,0,15–45 min,EE,-0.0065953744069847,0.0989751688152987,-0.20058670528497016,0.18739595647100074,0.9976662116187048,False
MRPS31,PROT,0,15–45 min,EE,-0.0142356534148681,0.05144066981085276,-0.11505936624413951,0.08658805941440331,0.9976662116187048,False
MRPS34,PROT,0,15–45 min,EE,-0.132244652617377,0.07508517668989412,-0.27941159892956946,0.014922293694815458,0.9976662116187048,False
MSRB2,PROT,0,15–45 min,EE,-0.0667606504954728,0.05352229437819368,-0.17166434747673243,0.03814304648578681,0.9976662116187048,False
MT-ATP8,PROT,0,15–45 min,EE,0.0761074574077179,0.06604199466493221,-0.05333485213554923,0.20554976695098504,0.9976662116187048,False
MT-CO2,PROT,0,15–45 min,EE,-0.014607501034440798,0.10315459779175516,-0.2167905127062809,0.1875755106373993,0.9976662116187048,False
MTCH2,PROT,0,15–45 min,EE,-0.0961983365396701,0.06786894521896344,-0.22922146916883845,0.03682479608949825,0.9976662116187048,False
MTIF3,PROT,0,15–45 min,EE,-0.0582646219686209,0.059138546773755685,-0.17417617364518204,0.05764692970794024,0.9976662116187048,False
MTSS1,PROT,0,15–45 min,EE,-0.0330634584497307,0.0661234600649894,-0.16266544017710993,0.09653852327764852,0.9976662116187048,False
MYLK2,PROT,0,15–45 min,EE,-0.053310803993192,0.06396563216110357,-0.17868344302895497,0.07206183504257099,0.9976662116187048,False
MYOT,PROT,0,15–45 min,EE,-0.0439316964981957,0.06121227526310143,-0.1639077560138745,0.0760443630174831,0.9976662116187048,False
NAMPT,PROT,0,15–45 min,EE,0.0701286121884353,0.05493363087094941,-0.03754130431862554,0.17779852869549614,0.9976662116187048,False
NDUFA4,PROT,0,15–45 min,EE,-0.051395496956108996,0.07958905363216043,-0.20739004207514344,0.10459904816292544,0.9976662116187048,False
NDUFA6,PROT,0,15–45 min,EE,-0.0226828272544162,0.07086629166264834,-0.16158075891320695,0.11621510440437455,0.9976662116187048,False
NDUFA7,PROT,0,15–45 min,EE,-0.0713950615380969,0.05646690590880071,-0.1820701971193463,0.039280074043152494,0.9976662116187048,False
NDUFA8,PROT,0,15–45 min,EE,-0.0316889984804312,0.07959990124960227,-0.18770480492965164,0.12432680796878925,0.9976662116187048,False
NDUFAF4,PROT,0,15–45 min,EE,-0.038223375573936,0.05846156200157921,-0.15280803709703125,0.07636128594915925,0.9976662116187048,False
NDUFB10,PROT,0,15–45 min,EE,-0.0592614978259298,0.07112002683447241,-0.19865675042149572,0.08013375476963613,0.9976662116187048,False
NDUFS4,PROT,0,15–45 min,EE,-0.0745896313269581,0.062041841106842244,-0.1961916398963689,0.04701237724245269,0.9976662116187048,False
NEDD4L,PROT,0,15–45 min,EE,0.0357748842262867,0.0898469573429759,-0.14032515216594607,0.21187492061851945,0.9976662116187048,False
NNT,PROT,0,15–45 min,EE,-0.0719664614786977,0.07734399287439081,-0.2235606875125037,0.07962776455510828,0.9976662116187048,False
NTMT1,PROT,0,15–45 min,EE,-0.0268263477352356,0.05014846587969087,-0.12511734085942972,0.07146464538895851,0.9976662116187048,False
PALLD,PROT,0,15–45 min,EE,-0.0894462386103099,0.05065661758603935,-0.18873320907894703,0.00984073185832722,0.9976662116187048,False
PC,PROT,0,15–45 min,EE,0.0022402874270256,0.06726493261140726,-0.12959898049133264,0.13407955534538382,0.9981807602654166,False
PDHX,PROT,0,15–45 min,EE,-0.0654538920379764,0.055596397570917104,-0.17442283127697392,0.04351504720102112,0.9976662116187048,False
PDLIM3,PROT,0,15–45 min,EE,0.0598881608140962,0.09151974538755535,-0.11949054014551228,0.23926686177370468,0.9976662116187048,False
PFN2,PROT,0,15–45 min,EE,-0.0569386104978948,0.0677435312723779,-0.18971593179175547,0.07583871079596585,0.9976662116187048,False
PHGDH,PROT,0,15–45 min,EE,0.0197253073363042,0.1271338956787856,-0.2294571281941156,0.268907742866724,0.9976662116187048,False
PHKA1,PROT,0,15–45 min,EE,0.0440309008543969,0.06470032228233266,-0.08278173081897511,0.1708435325277689,0.9976662116187048,False
PMPCB,PROT,0,15–45 min,EE,-0.0529532146922961,0.04409747915096538,-0.13938427382818824,0.03347784444359605,0.9976662116187048,False
PNPT1,PROT,0,15–45 min,EE,-0.052013745987664,0.0451915303844121,-0.1405891455411117,0.03656165356578372,0.9976662116187048,False
PPIF,PROT,0,15–45 min,EE,-0.0806461545495237,0.059940911715513294,-0.19813034151192976,0.036838032412882346,0.9976662116187048,False
PPP1R12A,PROT,0,15–45 min,EE,0.112843218688289,0.07459062102327478,-0.033354398517329575,0.2590408358939076,0.9976662116187048,False
PPP2R2A,PROT,0,15–45 min,EE,-0.0172042773275705,0.0434950293371627,-0.10245453482840938,0.06804598017326838,0.9976662116187048,False
PRDX3,PROT,0,15–45 min,EE,-0.0710558779352207,0.057616374771775634,-0.18398397248790094,0.041872216617459546,0.9976662116187048,False
PRKAR2A,PROT,0,15–45 min,EE,0.0005329897469495,0.051632534148782876,-0.10066677718466494,0.10173275667856393,0.9990026267060405,False
QARS1,PROT,0,15–45 min,EE,-0.0022215322649644,0.03082630005542087,-0.0626410803735893,0.0581980158436605,0.9976662116187048,False
RFTN1,PROT,0,15–45 min,EE,-0.0089552026970894,0.0698933309345277,-0.1459461313287637,0.12803572593458487,0.9976662116187048,False
RHOT1,PROT,0,15–45 min,EE,0.0048223908921953,0.048430859247873354,-0.09010209323363647,0.09974687501802706,0.9976662116187048,False
RNH1,PROT,0,15–45 min,EE,-0.006009146006405,0.04278845054915999,-0.08987450908275857,0.07785621706994858,0.9976662116187048,False
RPE,PROT,0,15–45 min,EE,0.088014133639145,0.08038423807975303,-0.06953897299717095,0.24556724027546095,0.9976662116187048,False
RPL18,PROT,0,15–45 min,EE,-0.103402956038375,0.05659111695313322,-0.21432154526651612,0.007515633189766113,0.9976662116187048,False
RPS13,PROT,0,15–45 min,EE,-0.032528600984224,0.048190654441052264,-0.12698228368868641,0.06192508172023843,0.9976662116187048,False
RPS16,PROT,0,15–45 min,EE,-0.0262371920389274,0.05547540193756447,-0.13496897983655376,0.08249459575869897,0.9976662116187048,False
RPS19,PROT,0,15–45 min,EE,0.0065824228504196,0.040079905765864454,-0.07197419245067473,0.08513903815151393,0.9976662116187048,False
RPS3A,PROT,0,15–45 min,EE,-0.0927169622346037,0.04158133265250562,-0.17421637423351471,-0.011217550235692694,0.9976662116187048,False
RPS9,PROT,0,15–45 min,EE,-0.0660756842736527,0.07952694992726733,-0.22194850613109668,0.08979713758379128,0.9976662116187048,False
RUFY3,PROT,0,15–45 min,EE,-0.058034965043908794,0.05237558851522114,-0.1606911185337422,0.04462118844592463,0.9976662116187048,False
SDHB,PROT,0,15–45 min,EE,-0.0814015944542123,0.061526076583746946,-0.20199270455835633,0.039189515649931714,0.9976662116187048,False
SLC25A3,PROT,0,15–45 min,EE,-0.0741535250938822,0.07616416913731117,-0.2234352966030121,0.07512824641524768,0.9976662116187048,False
SLC35A4,PROT,0,15–45 min,EE,-0.183273840216064,0.10246499330561962,-0.38410522709507844,0.017557546662950452,0.9976662116187048,False
SLIRP,PROT,0,15–45 min,EE,-0.0394520957833852,0.05885269518346832,-0.1548033783429831,0.07589918677621271,0.9976662116187048,False
SMTNL1,PROT,0,15–45 min,EE,-0.0201551014158601,0.09584594962990904,-0.2080131626904818,0.1677029598587616,0.9976662116187048,False
STOML2,PROT,0,15–45 min,EE,-0.0911042196421151,0.04902974471293543,-0.18720251927946854,0.0049940799952383486,0.9976662116187048,False
STUB1,PROT,0,15–45 min,EE,-0.0356327295846174,0.05135342055012986,-0.13628543386287192,0.06501997469363713,0.9976662116187048,False
TACC2,PROT,0,15–45 min,EE,-0.029244229649681295,0.03814994681269599,-0.10401812540256543,0.045529666103202845,0.9976662116187048,False
TBCA,PROT,0,15–45 min,EE,0.073735819564537,0.04971021990461381,-0.02369621144850606,0.17116785057758005,0.9976662116187048,False
THBS4,PROT,0,15–45 min,EE,0.135541340292669,0.211895165748906,-0.27977318457518674,0.5508558651605248,0.9976662116187048,False
THY1,PROT,0,15–45 min,EE,0.0043801358250226,0.095951451433824,-0.18368470898527242,0.19244498063531765,0.9981047112822176,False
TIMM44,PROT,0,15–45 min,EE,-0.0053347762548268,0.05472414533556208,-0.11259410111252847,0.10192454860287488,0.9976662116187048,False
TIMM50,PROT,0,15–45 min,EE,-0.0617363188893531,0.04800755024302061,-0.1558311173656735,0.03235847958696729,0.9976662116187048,False
TNNT3,PROT,0,15–45 min,EE,0.073580679720058,0.07315364914164109,-0.06980047259755853,0.21696183203767452,0.9976662116187048,False
TPSB2,PROT,0,15–45 min,EE,0.0843420887972484,0.1180099253862293,-0.14695736495976103,0.3156415425542578,0.9976662116187048,False
TUBB8,PROT,0,15–45 min,EE,-0.0545089884081786,0.06495893950077351,-0.1818285098296947,0.07281053301333748,0.9976662116187048,False
UBE2V1,PROT,0,15–45 min,EE,0.0139918516331234,0.03324130054033241,-0.05116109742592813,0.07914480069217493,0.9976662116187048,False
UNC45B,PROT,0,15–45 min,EE,0.06233403816612831,0.04996621917448257,-0.035599751415857535,0.16026782774811416,0.9976662116187048,False
VIM,PROT,0,15–45 min,EE,0.147977882203569,0.19000549502104208,-0.22443288803767347,0.5203886524448115,0.9976662116187048,False
ZNF207,PROT,0,15–45 min,EE,0.0173889051980632,0.054825353975670614,-0.0900687885942512,0.1248465989903776,0.9976662116187048,False
ABLIM2,PROT,1,3.5–4 h,EE,-0.0188747785307949,0.04200358257526203,-0.10120180037830848,0.06345224331671867,0.9992395295828024,False
ACTN3,PROT,1,3.5–4 h,EE,0.0650513965363451,0.1365560371076607,-0.20259843619466988,0.3327012292673601,0.9992395295828024,False
AFM,PROT,1,3.5–4 h,EE,0.0067059840238327,0.18958684433209155,-0.36488423086706673,0.37829619891473215,0.9992395295828024,False
AK3,PROT,1,3.5–4 h,EE,-0.0502927683574212,0.07153555765939394,-0.19050246136983331,0.08991692465499093,0.9992395295828024,False
ALDH1A1,PROT,1,3.5–4 h,EE,-0.105973307784664,0.09844917056454507,-0.2989336820911723,0.08698706652184433,0.9992395295828024,False
ANK2,PROT,1,3.5–4 h,EE,0.0076505276895265,0.04030503021023684,-0.07134733152253771,0.0866483869015907,0.9992395295828024,False
ANXA3,PROT,1,3.5–4 h,EE,-0.0105603673246634,0.05091676722241412,-0.11035723108059506,0.08923649643126827,0.9992395295828024,False
ART3,PROT,1,3.5–4 h,EE,0.0581775245307009,0.07842167061289279,-0.09552894987056895,0.21188399893197077,0.9992395295828024,False
ATAD1,PROT,1,3.5–4 h,EE,0.0780975412551137,0.0561164302444977,-0.03189066202410179,0.1880857445343292,0.9992395295828024,False
ATP5ME,PROT,1,3.5–4 h,EE,0.116651862995965,0.0693647212237557,-0.01930299060259616,0.25260671659452616,0.9992395295828024,False
BCKDK,PROT,1,3.5–4 h,EE,0.0073632181847649,0.053764759806609365,-0.09801571103618945,0.11274214740571925,0.9992395295828024,False
BOLA3,PROT,1,3.5–4 h,EE,-0.0147371529688448,0.062116731930375264,-0.1364859475523803,0.10701164161469072,0.9992395295828024,False
C11orf54,PROT,1,3.5–4 h,EE,-0.03794271022901,0.05695677868949983,-0.14957799646042966,0.07369257600240967,0.9992395295828024,False
CA3,PROT,1,3.5–4 h,EE,-0.112645772376507,0.08719272258696613,-0.2835435086469606,0.0582519638939466,0.9992395295828024,False
CACNB1,PROT,1,3.5–4 h,EE,-0.0397010823525964,0.05250025533289021,-0.14260158280506122,0.0631994180998684,0.9992395295828024,False
CACNG1,PROT,1,3.5–4 h,EE,0.0219972471670639,0.08671676995648411,-0.14796762194764498,0.19196211628177276,0.9992395295828024,False
CCDC50,PROT,1,3.5–4 h,EE,-0.0114686868037492,0.05980999391483304,-0.12869627487682198,0.10575890126932357,0.9992395295828024,False
CIAPIN1,PROT,1,3.5–4 h,EE,0.0077285796758529,0.034587832514088424,-0.06006357205176041,0.07552073140346621,0.9992395295828024,False
CMYA5,PROT,1,3.5–4 h,EE,-0.0006074204305784,0.04046574656415619,-0.07992028369632453,0.07870544283516773,0.9992395295828024,False
COQ7,PROT,1,3.5–4 h,EE,0.0452562163172938,0.06727303810091496,-0.08659893836049953,0.17711137099508711,0.9992395295828024,False
COX4I1,PROT,1,3.5–4 h,EE,0.0839229693909386,0.08791557259667798,-0.08839155289855025,0.2562374916804274,0.9992395295828024,False
COX5A,PROT,1,3.5–4 h,EE,-0.012641003200899401,0.1115056329022422,-0.2311920436892941,0.20591003728749532,0.9992395295828024,False
COX5B,PROT,1,3.5–4 h,EE,0.101609132046027,0.07747142471634015,-0.05023486039799968,0.2534531244900537,0.9992395295828024,False
COX6B1,PROT,1,3.5–4 h,EE,-0.032154866105768,0.06869134443177419,-0.16678990119204543,0.1024801689805094,0.9992395295828024,False
CYC1,PROT,1,3.5–4 h,EE,0.086939646395727,0.08068876404001547,-0.07121033112270332,0.24508962391415734,0.9992395295828024,False
DLST,PROT,1,3.5–4 h,EE,0.0299626833581907,0.06918913633650331,-0.10564802386135579,0.16557339057773718,0.9992395295828024,False
DTNA,PROT,1,3.5–4 h,EE,-0.0466096961690538,0.1063557485285934,-0.25506696328509687,0.16184757094698926,0.9992395295828024,False
ECM1,PROT,1,3.5–4 h,EE,-0.0528720548826888,0.1155234002545037,-0.27929791938151605,0.17355380961613842,0.9992395295828024,False
EIF5,PROT,1,3.5–4 h,EE,-0.0055184026486618,0.03978548202800764,-0.08349794742355678,0.07246114212623318,0.9992395295828024,False
ESD,PROT,1,3.5–4 h,EE,-0.0362255097641334,0.044419213734275646,-0.12328716868331366,0.05083614915504686,0.9992395295828024,False
ETFRF1,PROT,1,3.5–4 h,EE,0.030551242035160398,0.08081204737113408,-0.12784037081226238,0.1889428548825832,0.9992395295828024,False
FKBP9,PROT,1,3.5–4 h,EE,-0.022905914578353,0.05466667103363073,-0.13005258980426923,0.08424076064756322,0.9992395295828024,False
FSCN1,PROT,1,3.5–4 h,EE,-0.11036301532221,0.08630483755938455,-0.2795204969386037,0.05879446629418371,0.9992395295828024,False
GDI1,PROT,1,3.5–4 h,EE,-0.0096130805378756,0.03192433625320851,-0.07218477959416428,0.052958618518413075,0.9992395295828024,False
GHITM,PROT,1,3.5–4 h,EE,0.0687779412138043,0.0811354454564543,-0.09024753188084612,0.22780341430845474,0.9992395295828024,False
GRHPR,PROT,1,3.5–4 h,EE,-0.0326962296351938,0.04699887033025004,-0.12481401548248389,0.05942155621209628,0.9992395295828024,False
GRPEL1,PROT,1,3.5–4 h,EE,-0.006906956132668,0.05496252123508652,-0.11463349775343759,0.10081958548810158,0.9992395295828024,False
GRSF1,PROT,1,3.5–4 h,EE,-0.027904704630642704,0.052110134160694675,-0.13004056758560426,0.07423115832431885,0.9992395295828024,False
GSTP1,PROT,1,3.5–4 h,EE,-0.0228266956007545,0.05872088653966468,-0.13791963321849726,0.09226624201698827,0.9992395295828024,False
GYG1,PROT,1,3.5–4 h,EE,0.440899267631334,0.07939656305846711,0.2852820040367385,0.5965165312259295,0.0002342181202681,True
HCCS,PROT,1,3.5–4 h,EE,0.0159853511648929,0.05878362948986344,-0.09923056263523944,0.13120126496502524,0.9992395295828024,False
HK1,PROT,1,3.5–4 h,EE,-0.0080465605630332,0.05175169690918789,-0.10947988650504147,0.09338676537897507,0.9992395295828024,False
HSPA2,PROT,1,3.5–4 h,EE,0.0064545696283548,0.08787803759332528,-0.16578638405456275,0.17869552331127236,0.9992395295828024,False
HSPA9,PROT,1,3.5–4 h,EE,0.0273829799983877,0.06356748354493272,-0.09720928774968043,0.15197524774645582,0.9992395295828024,False
HSPE1,PROT,1,3.5–4 h,EE,0.0341048207127869,0.06174752429077653,-0.08692032689713511,0.1551299683227089,0.9992395295828024,False
IDH3A,PROT,1,3.5–4 h,EE,-0.0306649527327406,0.06404887408338707,-0.15620074593617927,0.09487084047069806,0.9992395295828024,False
IDH3G,PROT,1,3.5–4 h,EE,-0.014833498307084999,0.05577501663341227,-0.12415253090857305,0.09448553429440305,0.9992395295828024,False
LRPPRC,PROT,1,3.5–4 h,EE,0.0167117871844299,0.06448618118481134,-0.10968112793780033,0.14310470230666011,0.9992395295828024,False
MAP7D1,PROT,1,3.5–4 h,EE,-0.639008581226228,0.16553415481432446,-0.9634555246623039,-0.314561637790152,0.2343220376295525,False
MRPL12,PROT,1,3.5–4 h,EE,-0.0320731129620725,0.06275875002248661,-0.15508026300614625,0.09093403708200126,0.9992395295828024,False
MRPL17,PROT,1,3.5–4 h,EE,-0.0518847358139468,0.06395643457777729,-0.17723934758639026,0.07346987595849667,0.9992395295828024,False
MRPL53,PROT,1,3.5–4 h,EE,-0.0324535359510612,0.05622538191256101,-0.1426552844996808,0.07774821259755837,0.9992395295828024,False
MRPL9,PROT,1,3.5–4 h,EE,0.0047059022239593,0.052656573789980815,-0.09850098240440311,0.1079127868523217,0.9992395295828024,False
MRPS16,PROT,1,3.5–4 h,EE,0.0156299320370109,0.1087584065977644,-0.1975365448946073,0.22879640896862913,0.9992395295828024,False
MRPS31,PROT,1,3.5–4 h,EE,-0.05563733077191509,0.057034141160582294,-0.16742424744665638,0.0561495859028262,0.9992395295828024,False
MRPS34,PROT,1,3.5–4 h,EE,9.6335486664767e-05,0.0832176393143114,-0.1630102375693856,0.16320290854271513,0.999687701627704,False
MSRB2,PROT,1,3.5–4 h,EE,0.0610349848868324,0.05939572740929529,-0.055380640835386366,0.17745061060905115,0.9992395295828024,False
MT-ATP8,PROT,1,3.5–4 h,EE,0.0391323033179803,0.07325647858353737,-0.10445039470575294,0.18271500134171353,0.9992395295828024,False
MT-CO2,PROT,1,3.5–4 h,EE,0.00129118001361,0.114596571088939,-0.22331809932071045,0.22590045934793046,0.9992395295828024,False
MTCH2,PROT,1,3.5–4 h,EE,0.0736933082824482,0.07533505780708352,-0.0739634050194355,0.22135002158433192,0.9992395295828024,False
MTIF3,PROT,1,3.5–4 h,EE,0.0298663037460925,0.06559104555178469,-0.09869214553540548,0.1584247530275905,0.9992395295828024,False
MTSS1,PROT,1,3.5–4 h,EE,-0.114867516949716,0.06997178793026028,-0.25201222129302614,0.022277187393594133,0.9992395295828024,False
MYLK2,PROT,1,3.5–4 h,EE,-0.0765240534005083,0.07102273636272041,-0.2157286166714403,0.0626805098704237,0.9992395295828024,False
MYOT,PROT,1,3.5–4 h,EE,0.0039694281030415,0.0676638764752217,-0.12865176978839302,0.136590625994476,0.9992395295828024,False
NAMPT,PROT,1,3.5–4 h,EE,-0.0016011539020181,0.061009787081955466,-0.12118033658265082,0.1179780287786146,0.9992395295828024,False
NDUFA4,PROT,1,3.5–4 h,EE,0.0664979720658696,0.0882653471783349,-0.10650210840366678,0.239498052535406,0.9992395295828024,False
NDUFA6,PROT,1,3.5–4 h,EE,-0.0149833732864536,0.07871138650382346,-0.1692576908339476,0.13929094426104038,0.9992395295828024,False
NDUFA7,PROT,1,3.5–4 h,EE,-0.0123591843099271,0.06269218221797454,-0.13523586145715719,0.110517492837303,0.9992395295828024,False
NDUFA8,PROT,1,3.5–4 h,EE,-0.0445403916087779,0.08828134662487139,-0.2175718309935258,0.12849104777597,0.9992395295828024,False
NDUFAF4,PROT,1,3.5–4 h,EE,-0.0218028485315131,0.06489520166825014,-0.14899744380128335,0.10539174673825716,0.9992395295828024,False
NDUFB10,PROT,1,3.5–4 h,EE,0.0221356061540843,0.07888526140926003,-0.13247950620806534,0.17675071851623395,0.9992395295828024,False
NDUFS4,PROT,1,3.5–4 h,EE,-0.0554689220126724,0.06889528379698634,-0.1905036782547656,0.07956583422942082,0.9992395295828024,False
NEDD4L,PROT,1,3.5–4 h,EE,0.0041900570883685,0.09881341026641587,-0.1894842270338066,0.1978643412105436,0.9992395295828024,False
NNT,PROT,1,3.5–4 h,EE,0.0221587931332979,0.08585569278712415,-0.14611836472946543,0.19043595099606125,0.9992395295828024,False
NTMT1,PROT,1,3.5–4 h,EE,-0.0950819050922341,0.055556204987701516,-0.20397206686812908,0.013808256683660869,0.9992395295828024,False
PALLD,PROT,1,3.5–4 h,EE,0.0474893590203195,0.056001625910265085,-0.06227382776380006,0.15725254580443906,0.9992395295828024,False
PC,PROT,1,3.5–4 h,EE,0.0947843605314423,0.0744552685046544,-0.05114796573768034,0.24071668680056496,0.9992395295828024,False
PDHX,PROT,1,3.5–4 h,EE,-0.0037977309061233,0.06166980591699595,-0.12467055050343537,0.11707508869118877,0.9992395295828024,False
PDLIM3,PROT,1,3.5–4 h,EE,-0.09341822398901908,0.10153776493595497,-0.2924322432634908,0.10559579528545265,0.9992395295828024,False
PFN2,PROT,1,3.5–4 h,EE,-0.0079223344799278,0.09710523502879502,-0.19824859513636603,0.18240392617651044,0.9992395295828024,False
PHGDH,PROT,1,3.5–4 h,EE,-0.140250766024045,0.14035481629375973,-0.4153462059598141,0.13484467391172408,0.9992395295828024,False
PHKA1,PROT,1,3.5–4 h,EE,0.0096829809750094,0.07183132648215831,-0.1311064189300209,0.15047238088003967,0.9992395295828024,False
PMPCB,PROT,1,3.5–4 h,EE,-0.0109870094242311,0.04884772708145029,-0.10672855450387367,0.08475453565541147,0.9992395295828024,False
PNPT1,PROT,1,3.5–4 h,EE,-0.0274041881904618,0.05013665172021069,-0.12567202556207474,0.07086364918115115,0.9992395295828024,False
PPIF,PROT,1,3.5–4 h,EE,-0.0279383052375721,0.066578621330143,-0.15843240304465236,0.10255579256950817,0.9992395295828024,False
PPP1R12A,PROT,1,3.5–4 h,EE,-0.0205405595697122,0.04944734646980104,-0.11745735865052223,0.07637623951109784,0.9992395295828024,False
PPP2R2A,PROT,1,3.5–4 h,EE,-0.0336765618002592,0.04820693917528036,-0.1281621625838087,0.06080903898329029,0.9992395295828024,False
PRDX3,PROT,1,3.5–4 h,EE,-0.0348711208661913,0.0638535097048121,-0.160023999887623,0.09028175815524042,0.9992395295828024,False
PRKAR2A,PROT,1,3.5–4 h,EE,-0.016833778774843,0.057152793765674566,-0.12885325455556515,0.09518569700587914,0.9992395295828024,False
QARS1,PROT,1,3.5–4 h,EE,0.0261647578160532,0.03421949530283019,-0.04090545297749396,0.09323496860960037,0.9992395295828024,False
RFTN1,PROT,1,3.5–4 h,EE,0.0302959145664557,0.07753699231442858,-0.12167659036982431,0.1822684195027357,0.9992395295828024,False
RHOT1,PROT,1,3.5–4 h,EE,0.0453034871027563,0.0529793224449013,-0.05853598488925025,0.14914295909476286,0.9992395295828024,False
RNH1,PROT,1,3.5–4 h,EE,-0.0752163196820845,0.047425734106364345,-0.16817075853055863,0.017738119166389607,0.9992395295828024,False
RPE,PROT,1,3.5–4 h,EE,-0.0543323651224262,0.08730462443712553,-0.22544942901919224,0.11678469877433983,0.9992395295828024,False
RPL18,PROT,1,3.5–4 h,EE,0.0263632938738649,0.06259850853442818,-0.09632978285361432,0.14905637060134413,0.9992395295828024,False
RPS13,PROT,1,3.5–4 h,EE,0.173095314813396,0.05317126669932982,0.06887963208270954,0.27731099754408245,0.484479623894766,False
RPS16,PROT,1,3.5–4 h,EE,-0.0535521778504237,0.06099972886801383,-0.1731116464317308,0.0660072907308834,0.9992395295828024,False
RPS19,PROT,1,3.5–4 h,EE,-0.0127304891662177,0.04425527176514656,-0.09947082182590497,0.07400984349346956,0.9992395295828024,False
RPS3A,PROT,1,3.5–4 h,EE,-0.047495220855411996,0.04568121818573339,-0.13703040849944942,0.04203996678862544,0.9992395295828024,False
RPS9,PROT,1,3.5–4 h,EE,0.091806190488851,0.08760429275330697,-0.07989822330763066,0.2635106042853327,0.9992395295828024,False
RUFY3,PROT,1,3.5–4 h,EE,0.070221956879813,0.05919013987255347,-0.0457907172703918,0.1862346310300178,0.9992395295828024,False
SDHB,PROT,1,3.5–4 h,EE,-0.0028129719874329,0.06826847013074101,-0.1366191734436853,0.13099322946881947,0.9992395295828024,False
SLC25A3,PROT,1,3.5–4 h,EE,0.06027280930821441,0.08448374104256927,-0.10531532313522135,0.22586094175165017,0.9992395295828024,False
SLC35A4,PROT,1,3.5–4 h,EE,0.173910295867398,0.10635652848027863,-0.0345484999539481,0.3823690916887441,0.9992395295828024,False
SLIRP,PROT,1,3.5–4 h,EE,-0.09865480605986938,0.0652483872116192,-0.22654164499464302,0.029232032874904237,0.9992395295828024,False
SMTNL1,PROT,1,3.5–4 h,EE,0.110366904486566,0.10638389262939561,-0.0981455250670494,0.31887933404018143,0.9992395295828024,False
STOML2,PROT,1,3.5–4 h,EE,0.0232056238435892,0.054199151980905115,-0.08302471403898481,0.12943596172616323,0.9992395295828024,False
STUB1,PROT,1,3.5–4 h,EE,-0.0535032881573238,0.056919037751853176,-0.16506460215095603,0.058058025836308425,0.9992395295828024,False
TACC2,PROT,1,3.5–4 h,EE,0.0372619523511596,0.042310315798553426,-0.04566626661400511,0.12019017131632431,0.9992395295828024,False
TBCA,PROT,1,3.5–4 h,EE,0.0165494184457624,0.05491244357515214,-0.09107897096153579,0.12417780785306058,0.9992395295828024,False
THBS4,PROT,1,3.5–4 h,EE,-0.0744100167831162,0.2328656803001374,-0.5308267501713855,0.3820067166051531,0.9992395295828024,False
THY1,PROT,1,3.5–4 h,EE,-0.163344816318137,0.10518675977227603,-0.369510865471798,0.042821232835524026,0.9992395295828024,False
TIMM44,PROT,1,3.5–4 h,EE,0.0516602753902213,0.06075600936015998,-0.06742150295569227,0.17074205373613485,0.9992395295828024,False
TIMM50,PROT,1,3.5–4 h,EE,0.0789337960997847,0.053162203230309055,-0.025264122231621056,0.18313171443119045,0.9992395295828024,False
TNNT3,PROT,1,3.5–4 h,EE,-0.264045309048863,0.25557152122255705,-0.7649654906450747,0.2368748725473488,0.9992395295828024,False
TPSB2,PROT,1,3.5–4 h,EE,-0.044821599762365,0.1310622297674357,-0.301703570106539,0.212060370581809,0.9992395295828024,False
TUBB8,PROT,1,3.5–4 h,EE,-0.165508212692967,0.07149439250116821,-0.30563722199525667,-0.025379203390677313,0.9992395295828024,False
UBE2V1,PROT,1,3.5–4 h,EE,0.012599512417148299,0.03682487319143265,-0.0595772390380597,0.08477626387235629,0.9992395295828024,False
UNC45B,PROT,1,3.5–4 h,EE,0.0322655694638866,0.05547001233863534,-0.07645565471983867,0.14098679364761185,0.9992395295828024,False
VIM,PROT,1,3.5–4 h,EE,-0.139932313705061,0.20944529258810893,-0.5504450871777545,0.27058045976763245,0.9992395295828024,False
ZNF207,PROT,1,3.5–4 h,EE,0.0447344325696565,0.061340697826501527,-0.0754933351702865,0.1649622003095995,0.9992395295828024,False
ABLIM2,PROT,2,24 h,EE,0.013829904463036,0.036750908663565576,-0.05820187651755253,0.08586168544362453,0.950086651496282,False
ACTN3,PROT,2,24 h,EE,-0.0128846592769551,0.11792164842478695,-0.2440110901895375,0.21824177163562733,0.990288963032158,False
AFM,PROT,2,24 h,EE,0.248387907070338,0.1678825292891709,-0.080661850336437,0.577437664477113,0.7497267754561021,False
AK3,PROT,2,24 h,EE,0.0021530993743823,0.061839616447206966,-0.11905254886214335,0.12335874761090794,0.9942652265526192,False
ALDH1A1,PROT,2,24 h,EE,-0.0719674200124171,0.08562765888531534,-0.23979763142763516,0.09586279140280096,0.8646936087422188,False
ANK2,PROT,2,24 h,EE,0.0025160200430183995,0.035022105844070235,-0.06612730741135926,0.07115934749739607,0.9942652265526192,False
ANXA3,PROT,2,24 h,EE,-0.0220371966084982,0.04421550223319411,-0.10869958098555865,0.06462518776856224,0.9297432207469036,False
ART3,PROT,2,24 h,EE,-0.0229442396704357,0.06823637797264791,-0.1566875404968256,0.11079906115595418,0.9570768380223535,False
ATAD1,PROT,2,24 h,EE,0.0461994664499,0.04895598852914918,-0.04975427106723239,0.1421532039670324,0.847098740382988,False
ATP5ME,PROT,2,24 h,EE,0.0563857315906071,0.06028808535567222,-0.06177891570651045,0.17455037888772465,0.8479831520972742,False
BCKDK,PROT,2,24 h,EE,-0.0249411797510795,0.04671791122629978,-0.11650828575462706,0.06662592625246806,0.9237860503133608,False
BOLA3,PROT,2,24 h,EE,-0.0258988595682799,0.05417527413957687,-0.13208239688185056,0.08028467774529077,0.933153207703796,False
C11orf54,PROT,2,24 h,EE,0.0310543907446222,0.04951310614934424,-0.06599129730809251,0.12810007879733692,0.9021162886522834,False
CA3,PROT,2,24 h,EE,-0.0830233524189853,0.07581226020714107,-0.2316153824249818,0.0655686775870112,0.8095662805829518,False
CACNB1,PROT,2,24 h,EE,0.0495608442920852,0.0461150715887303,-0.04082469602182618,0.1399463846059966,0.8177907340479124,False
CACNG1,PROT,2,24 h,EE,-0.075187856846592,0.07597865093087562,-0.2241060126711082,0.0737302989779242,0.8340097386981494,False
CCDC50,PROT,2,24 h,EE,-0.0306947031601162,0.05290169049889526,-0.1343820165379509,0.07299261021771851,0.9160851099362618,False
CIAPIN1,PROT,2,24 h,EE,0.0226759858651284,0.03011006987890057,-0.03633975109751672,0.08169172282777351,0.8750832203452097,False
CMYA5,PROT,2,24 h,EE,0.0254171119579255,0.035271739267329905,-0.04371549700604112,0.09454972092189211,0.8788125305497508,False
COQ7,PROT,2,24 h,EE,-0.0119790704925546,0.05851157672879842,-0.1266617608809995,0.1027036198958903,0.9729447039565692,False
COX4I1,PROT,2,24 h,EE,-0.0617961149527338,0.0767558905978958,-0.21223766052460954,0.08864543061914196,0.8723792295689102,False
COX5A,PROT,2,24 h,EE,-0.0805421116425671,0.09782425736323974,-0.272277656074517,0.1111934327893828,0.8675479087129231,False
COX5B,PROT,2,24 h,EE,-0.0494448638600347,0.06745511157007218,-0.18165688253737616,0.08276715481730677,0.8766467474670803,False
COX6B1,PROT,2,24 h,EE,-0.0194119503131344,0.05973052382865109,-0.13648377701729053,0.09765987639102174,0.9590329155061232,False
CYC1,PROT,2,24 h,EE,-0.04064026168159799,0.07063025169868703,-0.17907555501102457,0.0977950316478286,0.9160851099362618,False
DLST,PROT,2,24 h,EE,-0.0410596727343103,0.06013670276018438,-0.1589276101442717,0.07680826467565109,0.8873123121157084,False
DTNA,PROT,2,24 h,EE,0.142578451294976,0.077966381706699,-0.01023565685015404,0.29539255944010606,0.6604377379702504,False
ECM1,PROT,2,24 h,EE,0.11580140344361202,0.10198186040800522,-0.0840830429560782,0.3156858498433022,0.7985840378614535,False
EIF5,PROT,2,24 h,EE,0.0445280096203949,0.034737205266034576,-0.023556912701032863,0.11261293194182267,0.768234655768481,False
ESD,PROT,2,24 h,EE,0.0025635684879579,0.03878602077483711,-0.07345703223072284,0.07858416920663863,0.9942652265526192,False
ETFRF1,PROT,2,24 h,EE,0.0250513443982103,0.0702287028860596,-0.11259691325846652,0.16269960205488712,0.953280197362532,False
FKBP9,PROT,2,24 h,EE,-0.0740088733793975,0.0476336532496884,-0.16737083374878675,0.01935308698999176,0.7362053039300346,False
FSCN1,PROT,2,24 h,EE,0.058710937714353,0.07565031648029892,-0.08956368258703289,0.20698555801573887,0.8750832203452097,False
GDI1,PROT,2,24 h,EE,0.0005720056999114,0.02795491872749689,-0.05421963500598251,0.05536364640580531,0.9966058056872996,False
GHITM,PROT,2,24 h,EE,-0.05944815298366931,0.07090305612292457,-0.19841814298460148,0.07952183701726284,0.8649241325964062,False
GRHPR,PROT,2,24 h,EE,0.0455880154214399,0.04082389815591942,-0.03442682496416217,0.12560285580704197,0.8036284811160301,False
GRPEL1,PROT,2,24 h,EE,-0.0277005673049031,0.04775479690606583,-0.12129996924079212,0.06589883463098592,0.9160851099362618,False
GRSF1,PROT,2,24 h,EE,0.0693150869937135,0.04537177464880544,-0.019613591317945156,0.15824376530537215,0.7421180555693306,False
GSTP1,PROT,2,24 h,EE,-0.0360963111095882,0.05081659940309907,-0.13569684593966239,0.06350422372048597,0.8801415517045105,False
GYG1,PROT,2,24 h,EE,0.20406061603995304,0.06905221351511041,0.06871827755033663,0.3394029545295695,0.3675308162579799,False
HCCS,PROT,2,24 h,EE,0.061829780488612505,0.05139310927257783,-0.03890071368564004,0.16256027466286505,0.7884133285356436,False
HK1,PROT,2,24 h,EE,0.006807961418116,0.04489577663709153,-0.0811877607905834,0.0948036836268154,0.9826509590648598,False
HSPA2,PROT,2,24 h,EE,0.126724953262558,0.07618789846244489,-0.02260332772383397,0.27605323424895,0.7100218696723816,False
HSPA9,PROT,2,24 h,EE,-0.0396081334937309,0.055445959169704344,-0.14828221346635143,0.06906594647888961,0.879426519975405,False
HSPE1,PROT,2,24 h,EE,-0.0368454832485856,0.05379005923024991,-0.14227399933987542,0.06858303284270423,0.8858489832404213,False
IDH3A,PROT,2,24 h,EE,-0.000681240437344,0.05560220918240663,-0.109661570434861,0.108299089560173,0.9982570950117684,False
IDH3G,PROT,2,24 h,EE,-0.010323630431914099,0.04844451748419659,-0.10527488470093942,0.08462762383711121,0.972703887225458,False
LRPPRC,PROT,2,24 h,EE,-0.030339634987796595,0.05645433478494167,-0.14099013116628226,0.08031086119068907,0.9237860503133608,False
MAP7D1,PROT,2,24 h,EE,0.0348324010997018,0.04290331802484257,-0.04925810222898963,0.11892290442839323,0.8704119445083685,False
MRPL12,PROT,2,24 h,EE,0.007741105106846299,0.05450850500903654,-0.09909556471086532,0.11457777492455791,0.9847831529179404,False
MRPL17,PROT,2,24 h,EE,-0.0166631114640878,0.056119336931251776,-0.12665701184934128,0.09333078892116567,0.9623055359650902,False
MRPL53,PROT,2,24 h,EE,0.0450176511043782,0.0488484112358557,-0.050725234917898966,0.14076053712665537,0.848699451091728,False
MRPL9,PROT,2,24 h,EE,-0.0425842856940903,0.0458297378396765,-0.13241057185985622,0.047242000471675635,0.848699451091728,False
MRPS16,PROT,2,24 h,EE,0.0186245340294688,0.09634295326743171,-0.17020765437469737,0.20745672243363494,0.9768225482929912,False
MRPS31,PROT,2,24 h,EE,0.0222468448467739,0.049726964071990606,-0.07521800473432769,0.11971169442787549,0.9366978856602876,False
MRPS34,PROT,2,24 h,EE,-0.021200296976241505,0.07262260214958191,-0.16354059718942204,0.12114000323693902,0.9623055359650902,False
MSRB2,PROT,2,24 h,EE,-0.069677105173534,0.05166255305424016,-0.1709357091598447,0.03158149881277672,0.7605592584377765,False
MT-ATP8,PROT,2,24 h,EE,0.0178794445098526,0.0637972379279447,-0.107163141828919,0.1429220308486242,0.963131101227862,False
MT-CO2,PROT,2,24 h,EE,-0.0039912840006933,0.09930878301548468,-0.19863649871104327,0.1906539307096567,0.9942652265526192,False
MTCH2,PROT,2,24 h,EE,-0.0058844954678246,0.06547930058505197,-0.13422392461452645,0.12245493367887725,0.9935771950651552,False
MTIF3,PROT,2,24 h,EE,-0.0004007174557808,0.05713940697545331,-0.11239395512766928,0.11159252021610769,0.9982570950117684,False
MTSS1,PROT,2,24 h,EE,0.0274065502345769,0.06381858004791524,-0.09767786665933696,0.15249096712849075,0.9413458973854412,False
MYLK2,PROT,2,24 h,EE,-0.060852259230352,0.06167426458336766,-0.1817338178137526,0.060029299353048605,0.8340097386981494,False
MYOT,PROT,2,24 h,EE,-0.031861964953198,0.05937338658299947,-0.14823380265587696,0.08450987274948096,0.9237860503133608,False
NAMPT,PROT,2,24 h,EE,0.039602373880856,0.052931423673199605,-0.06414321651861521,0.14334796428032723,0.8750832203452097,False
NDUFA4,PROT,2,24 h,EE,-0.0380112438117088,0.0769088290439396,-0.18875254873783043,0.11273006111441282,0.9304651809172236,False
NDUFA6,PROT,2,24 h,EE,-0.0340917687238829,0.06826697577816121,-0.16789504124907886,0.09971150380131308,0.9294027596927182,False
NDUFA7,PROT,2,24 h,EE,0.0298806726974203,0.05445328713367758,-0.07684777008458775,0.13660911547942833,0.9213604469023896,False
NDUFA8,PROT,2,24 h,EE,-0.0764243729433312,0.07691394146886253,-0.22717569822230177,0.07432695233563937,0.8340097386981494,False
NDUFAF4,PROT,2,24 h,EE,-0.0491155431004043,0.05639877352774899,-0.15965713921479233,0.06142605301398372,0.8571887910133857,False
NDUFB10,PROT,2,24 h,EE,-0.011755182833851,0.0687082828439393,-0.14642341720797203,0.12291305154027003,0.9797311605841258,False
NDUFS4,PROT,2,24 h,EE,0.0035220128592193,0.05980110750512217,-0.11368815785082016,0.12073218356925876,0.9942652265526192,False
NEDD4L,PROT,2,24 h,EE,0.0741087888757125,0.08797771646539097,-0.0983275353964538,0.2465451131478788,0.8645088906672198,False
NNT,PROT,2,24 h,EE,-0.0690860367841539,0.07461482509333471,-0.21533109396708994,0.07715902039878214,0.848699451091728,False
NTMT1,PROT,2,24 h,EE,0.0242580339852593,0.04853034629355228,-0.07086144475010317,0.11937751272062178,0.9293148231652212,False
PALLD,PROT,2,24 h,EE,-0.102437862663155,0.04913010673502436,-0.19873287186380273,-0.0061428534625072445,0.5796075330483446,False
PC,PROT,2,24 h,EE,-0.0980911765788217,0.06515770201950052,-0.2258002725370427,0.029617919379399324,0.7428169592302393,False
PDHX,PROT,2,24 h,EE,-0.0492629255800491,0.0537066702418744,-0.15452799925412292,0.05600214809402473,0.8500631466472744,False
PDLIM3,PROT,2,24 h,EE,-0.128557764551516,0.08837925682444331,-0.30178110792742485,0.0446655788243929,0.7532082268600881,False
PFN2,PROT,2,24 h,EE,-0.0743098079750678,0.06556687007450773,-0.20282087332110293,0.05420125737096736,0.7987364457446084,False
PHGDH,PROT,2,24 h,EE,-0.115431459500839,0.12344705683101433,-0.3573876908896271,0.12652477188794908,0.8479831520972742,False
PHKA1,PROT,2,24 h,EE,0.111748886489298,0.06239699416845808,-0.010549222080879828,0.23404699505947582,0.6675294110593633,False
PMPCB,PROT,2,24 h,EE,-0.0185261159864268,0.04267990228068207,-0.10217872445656365,0.06512649248371005,0.9403235387609118,False
PNPT1,PROT,2,24 h,EE,-0.0306724219914931,0.04364330341103162,-0.11621329667711508,0.05486845269412888,0.8801415517045105,False
PPIF,PROT,2,24 h,EE,-0.006720484295243401,0.05773695741742503,-0.11988492083339645,0.10644395224290966,0.9896593520456278,False
PPP1R12A,PROT,2,24 h,EE,-0.0893533586469253,0.043482874266208595,-0.17457979220869413,-0.004126925085156455,0.5881999075253798,False
PPP2R2A,PROT,2,24 h,EE,-0.0086480400977757,0.04206738771561098,-0.09110012002037321,0.07380403982482181,0.9729447039565692,False
PRDX3,PROT,2,24 h,EE,-0.029459576516540596,0.055730527853856404,-0.13869141111009914,0.07977225807701796,0.9247937436439114,False
PRKAR2A,PROT,2,24 h,EE,0.0292524965996938,0.05001412391077997,-0.06877518626543495,0.12728017946482256,0.9157996436321848,False
QARS1,PROT,2,24 h,EE,0.0020736724569456,0.02973715739059286,-0.056211156028616406,0.0603585009425076,0.9942652265526192,False
RFTN1,PROT,2,24 h,EE,0.0232428313694082,0.06750546154959584,-0.10906787326779964,0.15555353600661603,0.9548550392644684,False
RHOT1,PROT,2,24 h,EE,0.0136439934628598,0.04643169829645277,-0.07736213519818763,0.10465012212390723,0.9623055359650902,False
RNH1,PROT,2,24 h,EE,-0.0091174018946401,0.04138174986011249,-0.09022563162046057,0.07199082783118038,0.971845622019061,False
RPE,PROT,2,24 h,EE,0.0574821911509986,0.07723140347989758,-0.09389135966960066,0.20885574197159784,0.8750832203452097,False
RPL18,PROT,2,24 h,EE,0.009980951303193,0.05485581801689708,-0.09753645200992528,0.11749835461631128,0.9779122400577016,False
RPS13,PROT,2,24 h,EE,-0.024232732401844,0.04681409895197772,-0.11598836634772032,0.06752290154403233,0.9287403849484808,False
RPS16,PROT,2,24 h,EE,0.023548095589427,0.05401356377742792,-0.08231848941433173,0.12941468059318573,0.939444523210328,False
RPS19,PROT,2,24 h,EE,-0.0007924102105688,0.038912424881449734,-0.07706076297821028,0.07547594255707267,0.9966058056872996,False
RPS3A,PROT,2,24 h,EE,0.0047729706582553,0.04050655636428217,-0.07461987981573776,0.08416582113224835,0.9896593520456278,False
RPS9,PROT,2,24 h,EE,0.0113217728881423,0.07734372943355111,-0.1402719368016179,0.16291548257790248,0.983899900752018,False
RUFY3,PROT,2,24 h,EE,0.062063286354086,0.10993486213940086,-0.15340904343913966,0.27753561614731165,0.9176206444191236,False
SDHB,PROT,2,24 h,EE,-0.030369395408563697,0.05940319848496906,-0.14679966443910306,0.08606087362197568,0.9289117468499354,False
SLC25A3,PROT,2,24 h,EE,-0.172392890596147,0.09825956854626011,-0.36498164494681684,0.020195863754522814,0.6722757850383991,False
SLC35A4,PROT,2,24 h,EE,0.0036332813917275,0.09567166630422594,-0.18388318456455532,0.19114974734801032,0.9942652265526192,False
SLIRP,PROT,2,24 h,EE,0.0053436710197412,0.05689675875360329,-0.10617397613732124,0.11686131817680365,0.9922191183310486,False
SMTNL1,PROT,2,24 h,EE,0.0681154758736191,0.09248166424442035,-0.11314858604544478,0.249379537792683,0.8754438075386997,False
STOML2,PROT,2,24 h,EE,0.0033359121168860003,0.047555399662052335,-0.08987267122073658,0.09654449545450858,0.9942652265526192,False
STUB1,PROT,2,24 h,EE,0.035395042790085,0.049665036752486444,-0.061948429244788425,0.1327385148249584,0.879426519975405,False
TACC2,PROT,2,24 h,EE,0.0657793823943739,0.03686318500776863,-0.006472460220852613,0.1380312250096004,0.6675294110593633,False
TBCA,PROT,2,24 h,EE,0.103449369896456,0.04824517033400816,0.008888836041800019,0.198009903751112,0.5608367854075702,False
THBS4,PROT,2,24 h,EE,-0.24197116174960104,0.20637889961765793,-0.6464738050002106,0.1625314815010085,0.7897288744062139,False
THY1,PROT,2,24 h,EE,-0.126708095315745,0.09162764824355231,-0.30629828587310753,0.05288209524161752,0.7569680415186135,False
TIMM44,PROT,2,24 h,EE,0.0054612416153099,0.05277519794709565,-0.09797814636099757,0.10890062959161738,0.9915906530010662,False
TIMM50,PROT,2,24 h,EE,-0.04444893395576881,0.04648150413158947,-0.13555268205368415,0.04665481414214655,0.8430356275017432,False
TNNT3,PROT,2,24 h,EE,0.0760797330241698,0.07089701813008904,-0.06287842251080471,0.2150378885591443,0.8177907340479124,False
TPSB2,PROT,2,24 h,EE,-0.12390538508480799,0.11371030839395035,-0.3467775895369507,0.09896681936733472,0.8097969981414688,False
TUBB8,PROT,2,24 h,EE,-0.0389414190864423,0.06321117779964572,-0.1628353275737479,0.0849524894008633,0.906484865733639,False
UBE2V1,PROT,2,24 h,EE,0.0244100129532928,0.03216977564275805,-0.03864274730651299,0.08746277321309859,0.8750832203452097,False
UNC45B,PROT,2,24 h,EE,0.024531644821726498,0.048193752048709994,-0.06992810919374509,0.11899139883719809,0.9289117468499354,False
VIM,PROT,2,24 h,EE,-0.331574973420006,0.18470430601342336,-0.6935954132063158,0.03044546636630374,0.6675294110593633,False
ZNF207,PROT,2,24 h,EE,-0.0559520055318012,0.05260223235129991,-0.15905238094034901,0.04714836987674663,0.8188370515527696,False
ABLIM2,PROT,0,15–45 min,RE,-0.0337465975136582,0.03740819387514965,-0.10706665750895152,0.03957346248163511,0.8598361892760884,False
ACTN3,PROT,0,15–45 min,RE,0.108074095643873,0.12072508960665121,-0.12854707998516335,0.3446952712729094,0.8598599308538217,False
AFM,PROT,0,15–45 min,RE,0.186782942007259,0.17014522651416195,-0.1467017019604984,0.5202675859750164,0.8198826973135804,False
AK3,PROT,0,15–45 min,RE,-0.144199460150189,0.06327330139438704,-0.2682151308831876,-0.0201837894171904,0.8067779026272052,False
ALDH1A1,PROT,0,15–45 min,RE,-0.133713589834604,0.0873634080073944,-0.30494586952909697,0.037518689859889015,0.8067779026272052,False
ANK2,PROT,0,15–45 min,RE,0.0110569890184143,0.03574670082075784,-0.059006544590271076,0.08112052262709968,0.9456446046065712,False
ANXA3,PROT,0,15–45 min,RE,-0.0033651344005397,0.04514248800133423,-0.0918444108831548,0.08511414208207539,0.9880216861963164,False
ART3,PROT,0,15–45 min,RE,0.0568076901923235,0.06960768962716493,-0.07962338147691976,0.19323876186156674,0.8725633511289933,False
ATAD1,PROT,0,15–45 min,RE,-0.020412400785534,0.04988722846676096,-0.11819136858038548,0.07736656700931749,0.929577295212687,False
ATP5ME,PROT,0,15–45 min,RE,-0.0267257652306132,0.06152873818753277,-0.14732209207817742,0.09387056161695101,0.926403804338132,False
BCKDK,PROT,0,15–45 min,RE,-0.0175242083480445,0.04768436035480806,-0.11098555464346829,0.0759371379473793,0.9426476971679084,False
BOLA3,PROT,0,15–45 min,RE,-0.0437261854465504,0.05541254944845525,-0.1523347823655227,0.06488241147242188,0.8767184258904507,False
C11orf54,PROT,0,15–45 min,RE,-0.0697913398899765,0.05052795521863181,-0.16882613211849484,0.02924345233854185,0.8067779026272052,False
CA3,PROT,0,15–45 min,RE,-0.0892708298576015,0.07735976435577584,-0.24089596799492213,0.06235430827971915,0.8077205365761873,False
CACNB1,PROT,0,15–45 min,RE,-0.0054273065190141,0.046872249914110445,-0.09729691635067057,0.08644230331264237,0.9769630240577454,False
CACNG1,PROT,0,15–45 min,RE,0.0430326836243725,0.07729730307457891,-0.10847003040180216,0.19453539765054717,0.9128028076442752,False
CCDC50,PROT,0,15–45 min,RE,-0.0035060393055973004,0.05429676751845428,-0.1099277036417677,0.1029156250305731,0.9894089872329764,False
CIAPIN1,PROT,0,15–45 min,RE,-0.0206062751399405,0.030709090093672568,-0.08079609172353873,0.039583541443657735,0.8951870183975695,False
CMYA5,PROT,0,15–45 min,RE,-0.0367652107067168,0.035954999453316115,-0.10723700963521639,0.03370658822178278,0.8277317848935989,False
COQ7,PROT,0,15–45 min,RE,-0.11159455554386,0.059697730677943574,-0.2286021076726294,0.005412996584909402,0.8067779026272052,False
COX4I1,PROT,0,15–45 min,RE,-0.0318881544592753,0.07819278661159097,-0.1851460162179936,0.121369707299443,0.9305160050806484,False
COX5A,PROT,0,15–45 min,RE,-0.0092510588565977,0.0994747928794422,-0.20422165290030442,0.18571953518710904,0.9836333220304754,False
COX5B,PROT,0,15–45 min,RE,-0.0625136028270448,0.06879158175188553,-0.19734510306074043,0.07231789740665084,0.8567524402504486,False
COX6B1,PROT,0,15–45 min,RE,-0.146304702417793,0.060947678865354994,-0.2657621529938888,-0.026847251841697214,0.8067779026272052,False
CYC1,PROT,0,15–45 min,RE,-0.0362462596596013,0.07188132668402814,-0.17713365996029642,0.10464114064109384,0.921015495009132,False
DLST,PROT,0,15–45 min,RE,-0.0642170308326075,0.061373704736655356,-0.184509492116452,0.05607543045123699,0.8266917686750856,False
DTNA,PROT,0,15–45 min,RE,-0.140772840883229,0.0916765012043899,-0.3204587832438332,0.0389131014773752,0.8067779026272052,False
ECM1,PROT,0,15–45 min,RE,0.108009187729707,0.10347042876439672,-0.09479285264851056,0.31081122810792455,0.8266917686750856,False
EIF5,PROT,0,15–45 min,RE,-0.0331026281455639,0.03538673019404883,-0.10246061932589962,0.03625536303477181,0.8432384205141928,False
ESD,PROT,0,15–45 min,RE,-0.0803091045915822,0.039510052643867484,-0.15774880777356248,-0.0028694014096019432,0.8067779026272052,False
ETFRF1,PROT,0,15–45 min,RE,-0.117191740076044,0.07167776480899808,-0.25768015910168024,0.023296678949592253,0.8067779026272052,False
FKBP9,PROT,0,15–45 min,RE,0.0154802553965183,0.048563005980912614,-0.07970323632607042,0.11066374711910702,0.94516168035629,False
FSCN1,PROT,0,15–45 min,RE,0.0973855852172212,0.0769510384276207,-0.05343845010091537,0.24820962053535778,0.8069674612887112,False
GDI1,PROT,0,15–45 min,RE,-0.0101121634840105,0.02844621302517673,-0.06586674101335689,0.045642414045335894,0.9439898998540938,False
GHITM,PROT,0,15–45 min,RE,0.010520162766152199,0.07220430120231673,-0.1310002675903886,0.152040593122693,0.97087529475198,False
GRHPR,PROT,0,15–45 min,RE,-0.0605525827460394,0.04167501833192975,-0.1422356186766217,0.02113045318454291,0.8067779026272052,False
GRPEL1,PROT,0,15–45 min,RE,-0.0801099909764675,0.04874440878343461,-0.17564903219199934,0.015429050239064337,0.8067779026272052,False
GRSF1,PROT,0,15–45 min,RE,-0.0823331974104885,0.046271137757425966,-0.17302462741504337,0.008358232594066387,0.8067779026272052,False
GSTP1,PROT,0,15–45 min,RE,-0.0429882940141593,0.05196593828424806,-0.1448415330512855,0.05886494502296689,0.8725633511289933,False
GYG1,PROT,0,15–45 min,RE,0.172252430133865,0.07045374233640996,0.03416309515450147,0.31034176511322853,0.8067779026272052,False
HCCS,PROT,0,15–45 min,RE,-0.0729758851954826,0.05232740549903993,-0.17553759997360086,0.029585829582635656,0.8067779026272052,False
HK1,PROT,0,15–45 min,RE,0.0114088159905509,0.04585744177851141,-0.07847176989533146,0.10128940187643325,0.9555896530866012,False
HSPA2,PROT,0,15–45 min,RE,-0.0102829148879174,0.07784251344750753,-0.16285424124503217,0.14228841146919735,0.9739080496514128,False
HSPA9,PROT,0,15–45 min,RE,-0.0542496372996947,0.056504786000987114,-0.16499901786162946,0.05649974326224004,0.8411620495438938,False
HSPE1,PROT,0,15–45 min,RE,-0.0850999107062714,0.054845059635030675,-0.19259622759093153,0.022396406178388714,0.8067779026272052,False
IDH3A,PROT,0,15–45 min,RE,-0.0492315377178852,0.05677560998233369,-0.16051173328325924,0.062048657847488836,0.8676627508511209,False
IDH3G,PROT,0,15–45 min,RE,-0.0356118962027362,0.049455616058678,-0.13254490367774507,0.06132111127227268,0.8872544456543838,False
LRPPRC,PROT,0,15–45 min,RE,-0.0245225144871528,0.05745169888994799,-0.13712784431145086,0.08808281533714526,0.9278196039375745,False
MAP7D1,PROT,0,15–45 min,RE,-0.0337502845421644,0.04379422634955001,-0.11958696818728243,0.05208639910295362,0.8790881418806934,False
MRPL12,PROT,0,15–45 min,RE,-0.0593017968888046,0.055647003035262745,-0.16836992283791957,0.04976632906031038,0.8257715514196424,False
MRPL17,PROT,0,15–45 min,RE,-0.0688942822454218,0.055578622773852504,-0.1778283828821727,0.04003981839132911,0.8069674612887112,False
MRPL53,PROT,0,15–45 min,RE,-0.0665310599526491,0.04986229176866019,-0.16426115181922307,0.03119903191392487,0.8067779026272052,False
MRPL9,PROT,0,15–45 min,RE,-0.0514668625794461,0.046745636597728284,-0.14308831031099353,0.04015458515210133,0.8194186243658221,False
MRPS16,PROT,0,15–45 min,RE,-0.10029263050066102,0.09705671592352298,-0.2905237937107661,0.08993853270944403,0.8277317848935989,False
MRPS31,PROT,0,15–45 min,RE,-0.053597709577987,0.05068477653486092,-0.1529398715863144,0.04574445243034041,0.8266917686750856,False
MRPS34,PROT,0,15–45 min,RE,-0.144307674808334,0.07399465958071573,-0.2893372075865368,0.0007218579698688166,0.8067779026272052,False
MSRB2,PROT,0,15–45 min,RE,-0.0803200707687331,0.052708849770721634,-0.18362941631934748,0.0229892747818813,0.8067779026272052,False
MT-ATP8,PROT,0,15–45 min,RE,0.0783440817992101,0.06505619875316383,-0.049166067756991005,0.2058542313554112,0.8077205365761873,False
MT-CO2,PROT,0,15–45 min,RE,-0.0029091300980783,0.10148630121543765,-0.2018222804803361,0.1960040202841795,0.9972540344579198,False
MTCH2,PROT,0,15–45 min,RE,-0.0588506437161224,0.06682585646718302,-0.18982932239180111,0.07212803495955633,0.8636573935041248,False
MTIF3,PROT,0,15–45 min,RE,-0.0500744480694013,0.058259627729239566,-0.16426331841871084,0.06411442227990825,0.8683828398350464,False
MTSS1,PROT,0,15–45 min,RE,0.0180111235427652,0.06473733211285641,-0.10887404739843336,0.14489629448396377,0.9497495007228652,False
MYLK2,PROT,0,15–45 min,RE,-0.0977165815127352,0.06296773289275573,-0.22113333798253643,0.02570017495706603,0.8067779026272052,False
MYOT,PROT,0,15–45 min,RE,-0.10846716626469,0.06037083486133461,-0.22679400259290583,0.009859670063525838,0.8067779026272052,False
NAMPT,PROT,0,15–45 min,RE,0.013780893489431201,0.054063337843830016,-0.09218324868447562,0.11974503566333804,0.9555314222935452,False
NDUFA4,PROT,0,15–45 min,RE,-0.0809467884712887,0.0784097370922874,-0.234629873172172,0.0727362962295946,0.8277317848935989,False
NDUFA6,PROT,0,15–45 min,RE,-0.0612406461713981,0.0697371509610276,-0.19792546205501219,0.07544416971221599,0.864316171037433,False
NDUFA7,PROT,0,15–45 min,RE,-0.107068596952074,0.05558947291623772,-0.21602396386789993,0.001886769963751922,0.8067779026272052,False
NDUFA8,PROT,0,15–45 min,RE,-0.035238501065546,0.07841857022997123,-0.1889388987162896,0.11846189658519762,0.9238311322114056,False
NDUFAF4,PROT,0,15–45 min,RE,-0.0946618456037338,0.057561421184747434,-0.20748223112583875,0.018158539918371172,0.8067779026272052,False
NDUFB10,PROT,0,15–45 min,RE,-0.0691542335340586,0.07006039872959573,-0.20647261504406622,0.06816414797594901,0.8347636070033034,False
NDUFS4,PROT,0,15–45 min,RE,-0.0897338554734223,0.06106692433834651,-0.20942502717658146,0.029957316229736852,0.8067779026272052,False
NEDD4L,PROT,0,15–45 min,RE,0.137154602330178,0.08843139004917643,-0.03617092216620779,0.3104801268265638,0.8067779026272052,False
NNT,PROT,0,15–45 min,RE,-0.091426445502869,0.07615307106623229,-0.2406864647926843,0.05783357378694627,0.8077205365761873,False
NTMT1,PROT,0,15–45 min,RE,-0.0746376522501855,0.049428549356896355,-0.17151760898970236,0.022242304489331358,0.8067779026272052,False
PALLD,PROT,0,15–45 min,RE,-0.0600547518855555,0.04995916507576279,-0.15797471543405056,0.03786521166293957,0.8077205365761873,False
PC,PROT,0,15–45 min,RE,0.0528445479186431,0.06631796964634207,-0.07713867258818735,0.18282776842547355,0.8733730123678268,False
PDHX,PROT,0,15–45 min,RE,-0.0822277268547364,0.054766515860812826,-0.18957009794192953,0.02511464423245674,0.8067779026272052,False
PDLIM3,PROT,0,15–45 min,RE,0.0659609610976737,0.0901431071179937,-0.11071952885359394,0.24264145104894136,0.8842869335944032,False
PFN2,PROT,0,15–45 min,RE,-0.0712003124476006,0.06677385222883195,-0.2020770628161112,0.05967643792091003,0.8257715514196424,False
PHGDH,PROT,0,15–45 min,RE,0.144828883454966,0.12541427387982987,-0.10098309334950054,0.39064086025943257,0.8077205365761873,False
PHKA1,PROT,0,15–45 min,RE,-0.287439743973545,0.2628889332449259,-0.8027020531335998,0.22782256518650978,0.8198826973135804,False
PMPCB,PROT,0,15–45 min,RE,-0.0357691392491394,0.04346605958458361,-0.12096261603492328,0.04942433753664447,0.8725633511289933,False
PNPT1,PROT,0,15–45 min,RE,-0.0702031217007151,0.04451265799976357,-0.1574479313802517,0.017041687978821482,0.8067779026272052,False
PPIF,PROT,0,15–45 min,RE,-0.143831135701702,0.05898373190438602,-0.2594392502342986,-0.028223021169105397,0.8067779026272052,False
PPP1R12A,PROT,0,15–45 min,RE,0.0477856938583222,0.044178670398614374,-0.03880450012296197,0.13437588783960638,0.8221968083021057,False
PPP2R2A,PROT,0,15–45 min,RE,-0.047986091527905,0.042862952367678876,-0.1319974781685556,0.036025295112745596,0.8135092229045392,False
PRDX3,PROT,0,15–45 min,RE,-0.0722611470361405,0.05678079752262924,-0.18355151018049382,0.039029216108212805,0.8069674612887112,False
PRKAR2A,PROT,0,15–45 min,RE,-0.08988497458184609,0.05090539251887966,-0.18965954391885023,0.009889594755158049,0.8067779026272052,False
QARS1,PROT,0,15–45 min,RE,-0.030279251067725402,0.030351119217322094,-0.0897674447336767,0.0292089425982259,0.8320665933448006,False
RFTN1,PROT,0,15–45 min,RE,0.0325565124306026,0.06884573970842536,-0.10238113739791113,0.1674941622591163,0.9211288511980584,False
RHOT1,PROT,0,15–45 min,RE,0.0208672086202,0.04704197470320501,-0.07133506179808181,0.11306947903848182,0.924398790287577,False
RNH1,PROT,0,15–45 min,RE,-0.0141827906731026,0.042165909898789586,-0.09682797407473019,0.06846239272852499,0.9450203172065564,False
RPE,PROT,0,15–45 min,RE,0.0043971657222575,0.0798768069932615,-0.15216137598453502,0.16095570742905005,0.990257989259462,False
RPL18,PROT,0,15–45 min,RE,-0.0578325661170588,0.05580453865953102,-0.1672094618897396,0.051544329655621994,0.8277317848935989,False
RPS13,PROT,0,15–45 min,RE,-0.0556626134074199,0.047542549573640396,-0.14884601057175506,0.03752078375691527,0.8077205365761873,False
RPS16,PROT,0,15–45 min,RE,-0.0308950273480207,0.054742555639086365,-0.13819043640062997,0.07640038170458857,0.9128028076442752,False
RPS19,PROT,0,15–45 min,RE,-0.013611319008858902,0.03953679255454124,-0.09110343241575973,0.06388079439804194,0.9442862060846714,False
RPS3A,PROT,0,15–45 min,RE,-0.108302225237072,0.04103262675657323,-0.18872617367995553,-0.027878276794188472,0.8067779026272052,False
RPS9,PROT,0,15–45 min,RE,-0.147222463128925,0.07846965594073137,-0.30102298877275846,0.006578062514908473,0.8067779026272052,False
RUFY3,PROT,0,15–45 min,RE,-0.0675531962788134,0.052176213928061016,-0.169818575577813,0.034712183020186194,0.8069674612887112,False
SDHB,PROT,0,15–45 min,RE,-0.101293949187343,0.06059642766643358,-0.2200629474135528,0.01747504903886682,0.8067779026272052,False
SLC25A3,PROT,0,15–45 min,RE,0.119166000919101,0.1017087829533583,-0.08018321366948129,0.3185152155076833,0.8077205365761873,False
SLC35A4,PROT,0,15–45 min,RE,0.0210372323478054,0.10307627469972958,-0.1809922660636646,0.22306673075927536,0.9620738872990958,False
SLIRP,PROT,0,15–45 min,RE,-0.0685573595837464,0.05798946101392735,-0.182216703171044,0.04510198400355121,0.8077205365761873,False
SMTNL1,PROT,0,15–45 min,RE,-0.085066502672868,0.0943767584952482,-0.2700449493235545,0.09991194397781847,0.8598361892760884,False
STOML2,PROT,0,15–45 min,RE,-0.0871217590079377,0.04835543284108466,-0.18189840737646362,0.007654889360588224,0.8067779026272052,False
STUB1,PROT,0,15–45 min,RE,-0.0761133579941266,0.05060623209046698,-0.17530157289144188,0.023074856903188695,0.8067779026272052,False
TACC2,PROT,0,15–45 min,RE,-0.05552659496216761,0.037583956051050985,-0.12919114882222754,0.018137958897892326,0.8067779026272052,False
TBCA,PROT,0,15–45 min,RE,0.0573346690739119,0.04903316623321085,-0.03877033674318136,0.15343967489100516,0.8077205365761873,False
THBS4,PROT,0,15–45 min,RE,0.40910841518395596,0.20909827364219868,-0.0007242011547534677,0.8189410315226654,0.8067779026272052,False
THY1,PROT,0,15–45 min,RE,0.103105900118336,0.09526826031633898,-0.0836198901016884,0.28983169033836037,0.8221968083021057,False
TIMM44,PROT,0,15–45 min,RE,-0.05092940832150979,0.0538747517440867,-0.15652392173991972,0.05466510509690014,0.8432226679743027,False
TIMM50,PROT,0,15–45 min,RE,-0.0394792188066876,0.047325325452669424,-0.13223685669391966,0.05327841908054447,0.8713360296782027,False
TNNT3,PROT,0,15–45 min,RE,0.12256706088736602,0.15150543214647086,-0.17438358611971688,0.4195177078944489,0.8725633511289933,False
TPSB2,PROT,0,15–45 min,RE,0.118971494575826,0.11614095520370601,-0.10866477762343778,0.34660776677508975,0.8277317848935989,False
TUBB8,PROT,0,15–45 min,RE,-0.0344531614300151,0.06409862719185015,-0.16008647072604137,0.09118014786601118,0.914632003493376,False
UBE2V1,PROT,0,15–45 min,RE,-0.028423369798875,0.03276442533966569,-0.09264164346461976,0.03579490386686976,0.8676627508511209,False
UNC45B,PROT,0,15–45 min,RE,0.04497830753619571,0.04919333616283586,-0.051440631342962576,0.141397246415354,0.8552403392379885,False
VIM,PROT,0,15–45 min,RE,0.334574527164598,0.18746913509683685,-0.03286497762520224,0.7020140319543983,0.8067779026272052,False
ZNF207,PROT,0,15–45 min,RE,0.11415770259955202,0.053312932397319164,0.00966435510080646,0.21865105009829758,0.8067779026272052,False
ABLIM2,PROT,1,3.5–4 h,RE,0.0012541305901621,0.04072969182710007,-0.07857606539095402,0.08108432657127823,0.9999070318892754,False
ACTN3,PROT,1,3.5–4 h,RE,0.0051674971910375,0.13293421126572222,-0.25538355688977804,0.265718551271853,0.9999070318892754,False
AFM,PROT,1,3.5–4 h,RE,0.0100805161978439,0.18377242909270786,-0.3501134448238635,0.37027447721955126,0.9999070318892754,False
AK3,PROT,1,3.5–4 h,RE,-0.14550941461554,0.06959613327577645,-0.28191783583606184,-0.009100993395018186,0.9999070318892754,False
ALDH1A1,PROT,1,3.5–4 h,RE,-0.0966702358548263,0.09556001944621426,-0.28396787396940626,0.09062740225975364,0.9999070318892754,False
ANK2,PROT,1,3.5–4 h,RE,-0.0130090390551408,0.03913228656933627,-0.08970832073103988,0.06369024262075829,0.9999070318892754,False
ANXA3,PROT,1,3.5–4 h,RE,-0.0190008499389294,0.049444302262360754,-0.11591168237315647,0.07790998249529768,0.9999070318892754,False
ART3,PROT,1,3.5–4 h,RE,0.0252741421430333,0.0761126536605355,-0.12390665903161627,0.17445494331768288,0.9999070318892754,False
ATAD1,PROT,1,3.5–4 h,RE,-0.0287507094582581,0.054435692887769706,-0.13544466751828674,0.07794324860177053,0.9999070318892754,False
ATP5ME,PROT,1,3.5–4 h,RE,-0.0049906005536022,0.06734168169634658,-0.1369802966784415,0.1269990955712371,0.9999070318892754,False
BCKDK,PROT,1,3.5–4 h,RE,-0.0320077419322013,0.05220029027482879,-0.1343203108708657,0.07030482700646312,0.9999070318892754,False
BOLA3,PROT,1,3.5–4 h,RE,-0.1131836575026,0.0609126477143955,-0.23257244702281518,0.006205132017615189,0.9999070318892754,False
C11orf54,PROT,1,3.5–4 h,RE,-0.0215645892536033,0.05529278992530348,-0.12993845750719812,0.08680927899999152,0.9999070318892754,False
CA3,PROT,1,3.5–4 h,RE,0.0567748414903367,0.08464103440502371,-0.10912158594350976,0.22267126892418318,0.9999070318892754,False
CACNB1,PROT,1,3.5–4 h,RE,-0.0364793449273248,0.050893452165350996,-0.13623051117141274,0.06327182131676315,0.9999070318892754,False
CACNG1,PROT,1,3.5–4 h,RE,-0.0591723228595937,0.08407597155991178,-0.2239612271170208,0.10561658139783339,0.9999070318892754,False
CCDC50,PROT,1,3.5–4 h,RE,0.0634604890393394,0.058322813805720276,-0.05085222601987234,0.17777320409855113,0.9999070318892754,False
CIAPIN1,PROT,1,3.5–4 h,RE,-0.0041283929222171,0.033565733550222486,-0.06991723068065317,0.061660444836218964,0.9999070318892754,False
CMYA5,PROT,1,3.5–4 h,RE,-0.0293743830769068,0.0392597571832775,-0.10632350715613069,0.04757474100231708,0.9999070318892754,False
COQ7,PROT,1,3.5–4 h,RE,0.0013078500705727,0.06529884837087094,-0.1266778927363343,0.12929359287747974,0.9999070318892754,False
COX4I1,PROT,1,3.5–4 h,RE,0.0507895293592208,0.08527227759902144,-0.11634413473486122,0.2179231934533028,0.9999070318892754,False
COX5A,PROT,1,3.5–4 h,RE,0.0428715202907193,0.10810001709891683,-0.16900451322315768,0.2547475538045963,0.9999070318892754,False
COX5B,PROT,1,3.5–4 h,RE,0.012746073064218898,0.07517884823036833,-0.134604469467303,0.16009661559574082,0.9999070318892754,False
COX6B1,PROT,1,3.5–4 h,RE,-0.0730623347306687,0.06667969578370485,-0.2037545384667302,0.0576298690053928,0.9999070318892754,False
CYC1,PROT,1,3.5–4 h,RE,0.0347156839363946,0.07823808178091654,-0.11863095635420182,0.188062324226991,0.9999070318892754,False
DLST,PROT,1,3.5–4 h,RE,-0.00048052293996999994,0.06717084203683764,-0.13213537333217176,0.13117432745223176,0.9999070318892754,False
DTNA,PROT,1,3.5–4 h,RE,-0.179065719033847,0.13676423937537746,-0.4471236282095868,0.0889921901418928,0.9999070318892754,False
ECM1,PROT,1,3.5–4 h,RE,-0.0741823188997947,0.11197655419468576,-0.29365636512137877,0.1452917273217894,0.9999070318892754,False
EIF5,PROT,1,3.5–4 h,RE,0.0069682230885853,0.038588961905882374,-0.06866614224694415,0.08260258842411475,0.9999070318892754,False
ESD,PROT,1,3.5–4 h,RE,-0.0209943383330978,0.043082844547225024,-0.10543671364565885,0.06344803697946325,0.9999070318892754,False
ETFRF1,PROT,1,3.5–4 h,RE,0.0356311031956611,0.07845786010850574,-0.11814630261701015,0.18940850900833234,0.9999070318892754,False
FKBP9,PROT,1,3.5–4 h,RE,-0.0265742711782255,0.05304092339227139,-0.13053448102707743,0.07738593867062643,0.9999070318892754,False
FSCN1,PROT,1,3.5–4 h,RE,-0.167842834813905,0.08367379323126421,-0.33184346954718286,-0.003842200080627134,0.9999070318892754,False
GDI1,PROT,1,3.5–4 h,RE,-0.0413042004920251,0.03095367455947607,-0.10197340262859819,0.019365001644547998,0.9999070318892754,False
GHITM,PROT,1,3.5–4 h,RE,0.0762240228309725,0.07868582191241673,-0.0780001881173643,0.23044823377930929,0.9999070318892754,False
GRHPR,PROT,1,3.5–4 h,RE,-0.007712690924042,0.04563611377641742,-0.09715947392582015,0.08173409207773615,0.9999070318892754,False
GRPEL1,PROT,1,3.5–4 h,RE,-0.0305617039453324,0.05336443632993954,-0.1351559991520139,0.07403259126134909,0.9999070318892754,False
GRSF1,PROT,1,3.5–4 h,RE,-0.0674580565339116,0.0505683094325539,-0.16657194302171724,0.031655829953894044,0.9999070318892754,False
GSTP1,PROT,1,3.5–4 h,RE,0.0497986567268461,0.057098115175078984,-0.062113649016308704,0.1617109624700009,0.9999070318892754,False
GYG1,PROT,1,3.5–4 h,RE,0.229417457922062,0.0770677070534999,0.0783647520972022,0.3804701637469218,0.5897037768974012,False
HCCS,PROT,1,3.5–4 h,RE,-0.0336657342560085,0.0570057070020667,-0.1453969199800592,0.07806545146804222,0.9999070318892754,False
HK1,PROT,1,3.5–4 h,RE,-0.0159184615347029,0.05027144890106048,-0.11445050138078144,0.08261357831137564,0.9999070318892754,False
HSPA2,PROT,1,3.5–4 h,RE,0.0872674897124083,0.08538400922004778,-0.08008516835888535,0.25462014778370196,0.9999070318892754,False
HSPA9,PROT,1,3.5–4 h,RE,-0.0081497082645621,0.06166550698739904,-0.12901410195986424,0.11271468543074002,0.9999070318892754,False
HSPE1,PROT,1,3.5–4 h,RE,-0.0203614083977731,0.05991419585436358,-0.1377932322723257,0.09707041547677951,0.9999070318892754,False
IDH3A,PROT,1,3.5–4 h,RE,-0.0697211533774366,0.06220260639547428,-0.1916382619125662,0.052195955157692986,0.9999070318892754,False
IDH3G,PROT,1,3.5–4 h,RE,-0.0523568320234244,0.05415861291853564,-0.15850771334375424,0.05379404929690545,0.9999070318892754,False
LRPPRC,PROT,1,3.5–4 h,RE,-0.0559857074736551,0.06252687781336025,-0.17853838798784116,0.06656697304053098,0.9999070318892754,False
MAP7D1,PROT,1,3.5–4 h,RE,-0.431098529460918,0.15054481021557012,-0.7261663574834354,-0.13603070143840057,0.7438127776701982,False
MRPL12,PROT,1,3.5–4 h,RE,-0.0907492536494991,0.060940579945427543,-0.21019279034253707,0.028694283043538882,0.9999070318892754,False
MRPL17,PROT,1,3.5–4 h,RE,-0.0758188172670735,0.060458427404895085,-0.19431733498066786,0.04267970044652086,0.9999070318892754,False
MRPL53,PROT,1,3.5–4 h,RE,-0.0630247101356698,0.05459174744273619,-0.17002453512343274,0.04397511485209313,0.9999070318892754,False
MRPL9,PROT,1,3.5–4 h,RE,-0.0282791703615164,0.05110301910007936,-0.12844108779767194,0.07188274707463915,0.9999070318892754,False
MRPS16,PROT,1,3.5–4 h,RE,-0.0308325897135097,0.10474188851289218,-0.23612669119877835,0.17446151177175898,0.9999070318892754,False
MRPS31,PROT,1,3.5–4 h,RE,-0.0586217125256616,0.05533161272554625,-0.16707167346773225,0.049828248416409045,0.9999070318892754,False
MRPS34,PROT,1,3.5–4 h,RE,-0.0027837632998567,0.08072097300107049,-0.16099687038195484,0.15542934378224146,0.9999070318892754,False
MSRB2,PROT,1,3.5–4 h,RE,0.020014783580714,0.05765204453195329,-0.09298322370191446,0.13301279086334244,0.9999070318892754,False
MT-ATP8,PROT,1,3.5–4 h,RE,-0.0093113574419707,0.07108573920083754,-0.14863940627561226,0.13001669139167085,0.9999070318892754,False
MT-CO2,PROT,1,3.5–4 h,RE,0.0681331028946366,0.11136299384329074,-0.15013836503821326,0.28640457082748644,0.9999070318892754,False
MTCH2,PROT,1,3.5–4 h,RE,-0.0078259584234055,0.07313724292915008,-0.15117495456453967,0.13552303771772867,0.9999070318892754,False
MTIF3,PROT,1,3.5–4 h,RE,-0.0173719270074674,0.06364334134307491,-0.14211287603989423,0.10736902202495942,0.9999070318892754,False
MTSS1,PROT,1,3.5–4 h,RE,-0.05286488661875,0.06788260439748342,-0.18591479123781748,0.08018501800031749,0.9999070318892754,False
MYLK2,PROT,1,3.5–4 h,RE,-0.0557577082511032,0.06896917495648619,-0.19093729116581615,0.07942187466360974,0.9999070318892754,False
MYOT,PROT,1,3.5–4 h,RE,0.04038833067586241,0.06559650383232578,-0.08818081683549613,0.16895747818722096,0.9999070318892754,False
NAMPT,PROT,1,3.5–4 h,RE,-0.0553862368581095,0.059263166679607016,-0.17154204355013924,0.060769569833920255,0.9999070318892754,False
NDUFA4,PROT,1,3.5–4 h,RE,0.0361953345007864,0.08564060428623341,-0.13166024990023106,0.20405091890180388,0.9999070318892754,False
NDUFA6,PROT,1,3.5–4 h,RE,-0.0063814672526028,0.0764667044581238,-0.15625620799052545,0.14349327348531984,0.9999070318892754,False
NDUFA7,PROT,1,3.5–4 h,RE,-0.0701843290689659,0.060875071422550574,-0.18949946905716503,0.049130810919233214,0.9999070318892754,False
NDUFA8,PROT,1,3.5–4 h,RE,-0.0128959107179584,0.08565807728411991,-0.18078574219483343,0.15499392075891663,0.9999070318892754,False
NDUFAF4,PROT,1,3.5–4 h,RE,-0.0669719926522811,0.06300394974112854,-0.19045973414489303,0.05651574884033084,0.9999070318892754,False
NDUFB10,PROT,1,3.5–4 h,RE,-0.0071246937276817,0.07654560933007167,-0.15715408801462216,0.14290470055925875,0.9999070318892754,False
NDUFS4,PROT,1,3.5–4 h,RE,-0.0696164690145077,0.0669123266026537,-0.20076462915570897,0.06153169112669356,0.9999070318892754,False
NEDD4L,PROT,1,3.5–4 h,RE,-0.135296287265868,0.0938209873392198,-0.3191854224507388,0.048592847919002785,0.9999070318892754,False
NNT,PROT,1,3.5–4 h,RE,-0.0312814456461298,0.08335364137568572,-0.19465458274247383,0.1320916914502142,0.9999070318892754,False
NTMT1,PROT,1,3.5–4 h,RE,-0.0839612454416143,0.053881701920129185,-0.1895693812050675,0.02164689032183889,0.9999070318892754,False
PALLD,PROT,1,3.5–4 h,RE,0.0922454282351174,0.054291239524069265,-0.014165401232058353,0.19865625770229317,0.9999070318892754,False
PC,PROT,1,3.5–4 h,RE,-0.0011495047659716,0.07219566869891825,-0.14265301541585135,0.14035400588390817,0.9999070318892754,False
PDHX,PROT,1,3.5–4 h,RE,-0.0205625481345078,0.05984240896467033,-0.13785366970526164,0.09672857343624605,0.9999070318892754,False
PDLIM3,PROT,1,3.5–4 h,RE,0.0509669292699787,0.06041955296169234,-0.06745539453493828,0.16938925307489566,0.9999070318892754,False
PFN2,PROT,1,3.5–4 h,RE,0.0777480847313956,0.07277573110095015,-0.06489234822646667,0.22038851768925788,0.9999070318892754,False
PHGDH,PROT,1,3.5–4 h,RE,-0.025362891118921,0.1360523517542126,-0.2920255005571777,0.2412997183193357,0.9999070318892754,False
PHKA1,PROT,1,3.5–4 h,RE,-0.269566352708666,0.30015548359844646,-0.8578711005616211,0.31873839514428903,0.9999070318892754,False
PMPCB,PROT,1,3.5–4 h,RE,-0.0335965488124813,0.047373990332048206,-0.12644956986329578,0.059256472238333184,0.9999070318892754,False
PNPT1,PROT,1,3.5–4 h,RE,-0.0610916764702468,0.04865572711209055,-0.15645690160994427,0.034273548669450676,0.9999070318892754,False
PPIF,PROT,1,3.5–4 h,RE,-0.0512737920749988,0.06468284131133441,-0.17805216104521424,0.07550457689521664,0.9999070318892754,False
PPP1R12A,PROT,1,3.5–4 h,RE,0.0395865549954816,0.047931850907006635,-0.0543598727822514,0.1335329827732146,0.9999070318892754,False
PPP2R2A,PROT,1,3.5–4 h,RE,0.0157923491575021,0.04676099975594387,-0.07585921036414789,0.10744390867915207,0.9999070318892754,False
PRDX3,PROT,1,3.5–4 h,RE,-0.019394426202903,0.06193664025802939,-0.1407902411086406,0.1020013887028346,0.9999070318892754,False
PRKAR2A,PROT,1,3.5–4 h,RE,0.0184075461891273,0.05541849167899613,-0.0902126975017051,0.12702778987995972,0.9999070318892754,False
QARS1,PROT,1,3.5–4 h,RE,-0.0148618026859824,0.03322289671607135,-0.07997868024948225,0.050255074877517444,0.9999070318892754,False
RFTN1,PROT,1,3.5–4 h,RE,0.0027467595596747,0.07524411688435587,-0.1447317095336628,0.15022522865301222,0.9999070318892754,False
RHOT1,PROT,1,3.5–4 h,RE,0.0077872634963887,0.05137417258117693,-0.09290611476271808,0.10848064175549547,0.9999070318892754,False
RNH1,PROT,1,3.5–4 h,RE,-0.0330736043035554,0.04600392461175876,-0.12324129654260257,0.057094087935491776,0.9999070318892754,False
RPE,PROT,1,3.5–4 h,RE,-0.134496736711863,0.08477059489893546,-0.3006471027137765,0.0316536292900505,0.9999070318892754,False
RPL18,PROT,1,3.5–4 h,RE,0.0548776924883405,0.06069140705866224,-0.06407746534663748,0.17383285032331847,0.9999070318892754,False
RPS13,PROT,1,3.5–4 h,RE,0.12444117069577701,0.05153999659156143,0.02342277737631661,0.22545956401523742,0.9999070318892754,False
RPS16,PROT,1,3.5–4 h,RE,-0.0162889384468263,0.05912887624576846,-0.1321815358885325,0.09960365899487987,0.9999070318892754,False
RPS19,PROT,1,3.5–4 h,RE,0.0200802487509271,0.04289907732353572,-0.0640019428032029,0.10416244030505711,0.9999070318892754,False
RPS3A,PROT,1,3.5–4 h,RE,-0.0037714958681034,0.044281595125495364,-0.09056342231407431,0.08302043057786752,0.9999070318892754,False
RPS9,PROT,1,3.5–4 h,RE,0.116517016790553,0.084914647666241,-0.049915692635279355,0.28294972621638537,0.9999070318892754,False
RUFY3,PROT,1,3.5–4 h,RE,0.0626896005342688,0.05782437064908067,-0.050646165937929324,0.17602536700646693,0.9999070318892754,False
SDHB,PROT,1,3.5–4 h,RE,-0.0741852865790377,0.06625804614568764,-0.20405105702458548,0.05568048386651009,0.9999070318892754,False
SLC25A3,PROT,1,3.5–4 h,RE,-0.0191356602892842,0.08197995532631538,-0.17981637272886236,0.14154505215029395,0.9999070318892754,False
SLC35A4,PROT,1,3.5–4 h,RE,0.0935210207489098,0.10453831650900296,-0.11137407960873599,0.2984161211065556,0.9999070318892754,False
SLIRP,PROT,1,3.5–4 h,RE,-0.114141810803276,0.06329907596552123,-0.23820799969569761,0.009924378089145605,0.9999070318892754,False
SMTNL1,PROT,1,3.5–4 h,RE,0.0678564365819937,0.10327557487132229,-0.13456369016579797,0.27027656332978534,0.9999070318892754,False
STOML2,PROT,1,3.5–4 h,RE,-0.024693534454698598,0.052543373026326196,-0.12767854558629793,0.07829147667690074,0.9999070318892754,False
STUB1,PROT,1,3.5–4 h,RE,-0.0089187485259416,0.055212654133831786,-0.1171355506282519,0.0992980535763687,0.9999070318892754,False
TACC2,PROT,1,3.5–4 h,RE,0.0739416969676154,0.04105287249927214,-0.006521933130957988,0.1544053270661888,0.9999070318892754,False
TBCA,PROT,1,3.5–4 h,RE,-0.0302320682838539,0.05323126201206281,-0.13456534182749702,0.07410120525978921,0.9999070318892754,False
THBS4,PROT,1,3.5–4 h,RE,-0.0943551010494431,0.22572802109046788,-0.5367820223867601,0.3480718202878739,0.9999070318892754,False
THY1,PROT,1,3.5–4 h,RE,-0.139069188150759,0.10215871153259777,-0.33930026275465064,0.06116188645313264,0.9999070318892754,False
TIMM44,PROT,1,3.5–4 h,RE,-0.0241175618910356,0.058993810992309895,-0.139745431435963,0.09151030765389179,0.9999070318892754,False
TIMM50,PROT,1,3.5–4 h,RE,0.0273980658116497,0.051553899340645165,-0.07364757689601481,0.12844370851931422,0.9999070318892754,False
TNNT3,PROT,1,3.5–4 h,RE,-0.408646990728113,0.24810271224292701,-0.89492830672425,0.07763432526802394,0.9999070318892754,False
TPSB2,PROT,1,3.5–4 h,RE,0.0118749435878163,0.12730928330811497,-0.23765125169608906,0.26140113887172167,0.9999070318892754,False
TUBB8,PROT,1,3.5–4 h,RE,0.057365878126972594,0.06930004949802503,-0.07846221888915646,0.19319397514310166,0.9999070318892754,False
UBE2V1,PROT,1,3.5–4 h,RE,-0.0381212655087574,0.03571465670446114,-0.10812199264950123,0.03187946163198643,0.9999070318892754,False
UNC45B,PROT,1,3.5–4 h,RE,0.0144454417733556,0.05385780832917518,-0.09111586255182774,0.12000674609853895,0.9999070318892754,False
VIM,PROT,1,3.5–4 h,RE,0.0293720882376236,0.2030152909192953,-0.3685378819641952,0.4272820584394424,0.9999070318892754,False
ZNF207,PROT,1,3.5–4 h,RE,0.114840365332091,0.059198773801773893,-0.0011892313193858361,0.23086996198356782,0.9999070318892754,False
ABLIM2,PROT,2,24 h,RE,0.0203859403940236,0.03557593340803001,-0.04934288908571523,0.09011476987376242,0.9192734218565356,False
ACTN3,PROT,2,24 h,RE,0.22507251529528402,0.11401749456166757,0.001598225954415583,0.4485468046361525,0.571283256498805,False
AFM,PROT,2,24 h,RE,0.160770232602973,0.16272173824280525,-0.15816437435292532,0.47970483955887133,0.8509282230970977,False
AK3,PROT,2,24 h,RE,-0.0774766379126018,0.059794875995962844,-0.19467459486468897,0.03972131903948538,0.7773090898081532,False
ALDH1A1,PROT,2,24 h,RE,-0.102516602949966,0.08283694936199125,-0.26487702369946886,0.05984381779953686,0.7960372824629172,False
ANK2,PROT,2,24 h,RE,0.0305037164739255,0.03387747448552731,-0.035896133517708026,0.09690356646555902,0.8724044939303892,False
ANXA3,PROT,2,24 h,RE,-0.11114603283827,0.042767896464113705,-0.19497110990793287,-0.027320955768607144,0.3652373872627281,False
ART3,PROT,2,24 h,RE,-0.007423981338644,0.06601521304272243,-0.13681379890237996,0.12196583622509197,0.9901316290244816,False
ATAD1,PROT,2,24 h,RE,0.019711582348039703,0.04737555340004055,-0.07314450231603978,0.11256766701211918,0.950731487741622,False
ATP5ME,PROT,2,24 h,RE,-0.055537330451836404,0.0583191109194918,-0.16984278785404033,0.05876812695036753,0.8582472188858575,False
BCKDK,PROT,2,24 h,RE,-0.0874199442705597,0.045191051606817585,-0.17599440541992217,0.001154516878802761,0.5778482305476768,False
BOLA3,PROT,2,24 h,RE,-0.053170404731511405,0.05206265593532592,-0.1552132103647502,0.04887240090172739,0.8418146732574765,False
C11orf54,PROT,2,24 h,RE,-0.0495117093552944,0.04789692046762748,-0.14338967347184425,0.04436625476125546,0.8391342696915658,False
CA3,PROT,2,24 h,RE,-0.167477342045986,0.07333903719859991,-0.3112218549552418,-0.023732829136730166,0.4780334572860474,False
CACNB1,PROT,2,24 h,RE,0.0604687543492337,0.044659994818088376,-0.027064835494219522,0.14800234419268693,0.7591505599495821,False
CACNG1,PROT,2,24 h,RE,0.0669223014195218,0.0735609231638755,-0.07725710798167418,0.21110171082071777,0.8697920073269688,False
CCDC50,PROT,2,24 h,RE,0.0186750837936882,0.051406156514409045,-0.08208098297455352,0.11943115056192993,0.9585134254185972,False
CIAPIN1,PROT,2,24 h,RE,0.0053893772874305,0.029131397077601984,-0.05170816098466939,0.062486915559530384,0.9842921076360408,False
CMYA5,PROT,2,24 h,RE,0.0295159104983084,0.03412987030631811,-0.037378635302075094,0.0964104562986919,0.8831295000849948,False
COQ7,PROT,2,24 h,RE,-0.0511827798307876,0.05660459692526591,-0.1621277898043088,0.05976223014273359,0.8724044939303892,False
COX4I1,PROT,2,24 h,RE,-0.12476880636579,0.07428417743916804,-0.27036579414655937,0.020828181414979344,0.6482329640597627,False
COX5A,PROT,2,24 h,RE,-0.19106249887137,0.09472489798656461,-0.37672329892503664,-0.00540169881770336,0.5573744382284216,False
COX5B,PROT,2,24 h,RE,-0.12696058682025,0.06526393537499629,-0.2548779001552427,0.0009567265147427395,0.5778482305476768,False
COX6B1,PROT,2,24 h,RE,-0.141943495922679,0.057782399322664865,-0.25519699859510214,-0.028689993250255855,0.4237488292986624,False
CYC1,PROT,2,24 h,RE,-0.161136385801611,0.06837553701440521,-0.29515243834984517,-0.027120333253376788,0.4584683716576276,False
DLST,PROT,2,24 h,RE,-0.0866931871304291,0.05817278802292492,-0.20071185165536193,0.027325477394503736,0.7118734014142296,False
DTNA,PROT,2,24 h,RE,-0.0624029961939001,0.08531802921564996,-0.22962633345657402,0.1048203410687738,0.8975224639361541,False
ECM1,PROT,2,24 h,RE,0.0785578841032456,0.09881622059674033,-0.11512190826636545,0.2722376764728567,0.8852304735128086,False
EIF5,PROT,2,24 h,RE,0.08484799078923681,0.03361879597566091,0.018955150676941424,0.1507408309015322,0.3921520758112976,False
ESD,PROT,2,24 h,RE,-0.0171383094254055,0.03753757902877867,-0.0907119643218117,0.05643534547100069,0.944045884283454,False
ETFRF1,PROT,2,24 h,RE,-0.0614724231262479,0.06793424853546473,-0.19462355025575878,0.07167870400326298,0.8724044939303892,False
FKBP9,PROT,2,24 h,RE,-0.0700403877223224,0.04608990667962361,-0.16037660481438468,0.020295829369739865,0.6933826967403786,False
FSCN1,PROT,2,24 h,RE,0.0269315009049702,0.07324653097580135,-0.11663169980760044,0.17049470161754085,0.9585134254185972,False
GDI1,PROT,2,24 h,RE,-3.0077372262155e-05,0.027063618000108685,-0.05307476865247518,0.05301461390795087,0.9996005035839972,False
GHITM,PROT,2,24 h,RE,-0.0858617885020676,0.06862694070426915,-0.22037059228243513,0.04864701527829993,0.7940237301657112,False
GRHPR,PROT,2,24 h,RE,-0.0317331825946396,0.03948829605206047,-0.10913024285667812,0.04566387766739892,0.8852304735128086,False
GRPEL1,PROT,2,24 h,RE,-0.0380054377867558,0.04619368833610617,-0.1285450669255239,0.05253419135201229,0.8848457505191503,False
GRSF1,PROT,2,24 h,RE,0.0134590878147771,0.043897839016542414,-0.07258067665764603,0.09949885228720023,0.9669788171795016,False
GSTP1,PROT,2,24 h,RE,-0.0215585944111294,0.049139341010348746,-0.11787170279141293,0.07475451396915414,0.9466192654629544,False
GYG1,PROT,2,24 h,RE,0.101997302141122,0.06680131444754174,-0.0289332741760598,0.23292787845830382,0.6904629877865416,False
HCCS,PROT,2,24 h,RE,-0.0072447136104317,0.04974576367127345,-0.10474641040612767,0.09025698318526426,0.9900131779559858,False
HK1,PROT,2,24 h,RE,-0.0203344528968654,0.04342202137667456,-0.10544161479514753,0.06477270900141673,0.943562531960106,False
HSPA2,PROT,2,24 h,RE,0.0987326833974398,0.07368302927720555,-0.04568605398588306,0.24315142078076268,0.7591505599495821,False
HSPA9,PROT,2,24 h,RE,-0.0857055596833207,0.05365492268685866,-0.19086920814956368,0.019458088782922267,0.6683045631799021,False
HSPE1,PROT,2,24 h,RE,-0.0814552502505244,0.0520454072248477,-0.18346424841122588,0.020553747910177084,0.6780218794356231,False
IDH3A,PROT,2,24 h,RE,-0.0398003534872438,0.053780290641670864,-0.1452097231449187,0.06560901617043109,0.8961894693920027,False
IDH3G,PROT,2,24 h,RE,-0.0611422611225036,0.04685937316217374,-0.15298663252036412,0.03070211027535693,0.7727774341746978,False
LRPPRC,PROT,2,24 h,RE,-0.0402317809121034,0.05465289514623604,-0.14735145539872602,0.06688789357451923,0.8970394572696568,False
MAP7D1,PROT,2,24 h,RE,0.223291448451701,0.13182260544396612,-0.035080858218472566,0.4816637551218746,0.6467277941786069,False
MRPL12,PROT,2,24 h,RE,-0.059383423251944296,0.05272477180708658,-0.162723975993834,0.04395712948994541,0.8217844342725117,False
MRPL17,PROT,2,24 h,RE,-0.0556814777121471,0.05406100842243332,-0.1616410542201164,0.05027809879582221,0.8392113488099813,False
MRPL53,PROT,2,24 h,RE,-0.0361084239275613,0.04725121616429049,-0.12872080760957066,0.05650395975444806,0.8882313161611913,False
MRPL9,PROT,2,24 h,RE,-0.0739772157273065,0.04433913656608306,-0.1608819233968293,0.01292749194221629,0.6521713543287346,False
MRPS16,PROT,2,24 h,RE,0.0200115412449802,0.09287912344435954,-0.1620315407059645,0.2020546231959249,0.9789272483055216,False
MRPS31,PROT,2,24 h,RE,-0.0736522734317626,0.04811853208568894,-0.16796459631971294,0.020660049456187726,0.6895258069810528,False
MRPS34,PROT,2,24 h,RE,-0.0899692191788094,0.07028062707485037,-0.22771924824551612,0.04778080988789732,0.7811894825680578,False
MSRB2,PROT,2,24 h,RE,-0.0892403818780297,0.049979023723278476,-0.1871992683756555,0.008718504619596112,0.6220130263983568,False
MT-ATP8,PROT,2,24 h,RE,0.007360627724865,0.06172611062367457,-0.11362254909753716,0.12834380454726715,0.9901316290244816,False
MT-CO2,PROT,2,24 h,RE,-0.0500836832508506,0.09604042433674213,-0.2383229149508652,0.13815554844916397,0.9316331260572278,False
MTCH2,PROT,2,24 h,RE,0.0266105656097568,0.06334098395177462,-0.09753776293572144,0.15075889415523505,0.950731487741622,False
MTIF3,PROT,2,24 h,RE,-0.0423022381641615,0.05528623792942843,-0.15066326450584122,0.06605878817751823,0.8882313161611913,False
MTSS1,PROT,2,24 h,RE,0.0406765950895913,0.06069107621326919,-0.07827791428841631,0.15963110446759893,0.9049818964841596,False
MYLK2,PROT,2,24 h,RE,-0.027103422952926,0.059654971605252606,-0.1440271672992211,0.0898203213933691,0.9452858576344724,False
MYOT,PROT,2,24 h,RE,-0.05446155267950589,0.057493503234495716,-0.1671488190191175,0.058225713660105705,0.8582472188858575,False
NAMPT,PROT,2,24 h,RE,0.054959594830163695,0.051194227291166496,-0.04538109066052263,0.15530028032085003,0.8309297215968902,False
NDUFA4,PROT,2,24 h,RE,-0.15604267479723,0.07441621434333555,-0.30189845491016765,-0.01018689468429232,0.5470056986697334,False
NDUFA6,PROT,2,24 h,RE,-0.0750975723243106,0.06602463632468225,-0.20450585952068778,0.05431071487206661,0.8209698832431822,False
NDUFA7,PROT,2,24 h,RE,-0.067989331111127,0.05267159692465424,-0.17122566108344933,0.035246998861195325,0.7784926465859052,False
NDUFA8,PROT,2,24 h,RE,-0.10295055962482,0.07442025303536912,-0.24881425557414347,0.04291313632450347,0.7517087465808558,False
NDUFAF4,PROT,2,24 h,RE,-0.09975472400992269,0.0545563849005952,-0.2066852384150893,0.007175790395243908,0.6065095924089379,False
NDUFB10,PROT,2,24 h,RE,-0.04864515082086831,0.06647864658673294,-0.17894329813086488,0.08165299648912824,0.8975224639361541,False
NDUFS4,PROT,2,24 h,RE,-0.0817747778212905,0.057840871130242964,-0.1951428852365667,0.03159332959398571,0.7349814064858385,False
NEDD4L,PROT,2,24 h,RE,-0.0279143220010161,0.08583882660336307,-0.1961584221436077,0.14032977814157552,0.9612668033197076,False
NNT,PROT,2,24 h,RE,-0.160907777187312,0.0721773526654618,-0.30237538841161715,-0.019440165963006878,0.4957922812581741,False
NTMT1,PROT,2,24 h,RE,-0.026662048189906,0.046970359399774286,-0.11872395261346361,0.0653998562336516,0.9199257078132932,False
PALLD,PROT,2,24 h,RE,0.0026992550985498,0.04757348855615685,-0.09054478247151761,0.09594329266861722,0.9935832504378472,False
PC,PROT,2,24 h,RE,0.0012488230644751,0.06307595358174699,-0.12238004595574899,0.12487769208469919,0.9986846239297644,False
PDHX,PROT,2,24 h,RE,-0.0919566855503915,0.051963122887894855,-0.19380440641066543,0.009891035309882404,0.6279914561930028,False
PDLIM3,PROT,2,24 h,RE,0.0691519192007574,0.05220076488314595,-0.03316157997020866,0.17146541837172347,0.7675855039020757,False
PFN2,PROT,2,24 h,RE,-0.0654711102280967,0.06346104455991292,-0.189854757565526,0.05891253710933261,0.8392113488099813,False
PHGDH,PROT,2,24 h,RE,0.0799076258187219,0.11956893089364141,-0.15444747873281525,0.3142627303702591,0.9049818964841596,False
PHKA1,PROT,2,24 h,RE,0.170073587964909,0.06035590086487699,0.0517760222697501,0.28837115366006794,0.2723767937873207,False
PMPCB,PROT,2,24 h,RE,-0.0147710931554685,0.041309008283945015,-0.09573674939200072,0.06619456308106372,0.9585842383652456,False
PNPT1,PROT,2,24 h,RE,-0.0653759087231857,0.04222449403425864,-0.14813591703033263,0.017384099583961227,0.6829360229526149,False
PPIF,PROT,2,24 h,RE,-0.06154572004483979,0.0558399109640802,-0.17099194553443697,0.0479005054447574,0.8232376122425571,False
PPP1R12A,PROT,2,24 h,RE,0.19503643030753,0.07483744214736904,0.048355043698686706,0.3417178169163733,0.368632080056602,False
PPP2R2A,PROT,2,24 h,RE,-0.0293831936401219,0.040710565209311524,-0.10917590145037248,0.05040951417012868,0.8975224639361541,False
PRDX3,PROT,2,24 h,RE,-0.0701934073358779,0.053934004527987196,-0.1759040562107328,0.03551724153897701,0.7738614932989404,False
PRKAR2A,PROT,2,24 h,RE,-0.0054014168238020995,0.04841601609322499,-0.10029680836652308,0.08949397471891887,0.9901316290244816,False
QARS1,PROT,2,24 h,RE,-0.0235381666684491,0.02876552819149556,-0.07991860192378039,0.032842268586882196,0.8848457505191503,False
RFTN1,PROT,2,24 h,RE,-0.0022345065206907004,0.06531196962373986,-0.13024596698322083,0.1257769539418394,0.9963932951269618,False
RHOT1,PROT,2,24 h,RE,0.0046437817038908,0.04481438132581867,-0.08319240569471378,0.0924799691024954,0.9910197376575264,False
RNH1,PROT,2,24 h,RE,-0.0474843674955864,0.040046626557882756,-0.1259757555490366,0.0310070205578638,0.811494417621854,False
RPE,PROT,2,24 h,RE,0.038412807908562,0.0752483762517182,-0.10907400954480567,0.18589962536192967,0.9343727739544074,False
RPL18,PROT,2,24 h,RE,0.0138729796674865,0.05311119447585217,-0.09022496150518375,0.11797092084015676,0.9699258585102104,False
RPS13,PROT,2,24 h,RE,-0.0008709839298348,0.045348389230757846,-0.08975382682212017,0.08801185896245058,0.9986846239297644,False
RPS16,PROT,2,24 h,RE,0.067416164946594,0.052352895155054625,-0.03519550955731307,0.17002783945050107,0.7784926465859052,False
RPS19,PROT,2,24 h,RE,-0.0017373320377183999,0.03768876550752771,-0.07560731243247272,0.07213264835703591,0.9951545177355516,False
RPS3A,PROT,2,24 h,RE,0.0241284527138327,0.039266571352338145,-0.05283402713675006,0.10109093256441545,0.9110432970288797,False
RPS9,PROT,2,24 h,RE,-0.0634429819704311,0.07494371167018578,-0.21033265684399524,0.08344669290313303,0.8848457505191503,False
RUFY3,PROT,2,24 h,RE,-0.035886785602081,0.05123061389711567,-0.1362987888404277,0.0645252176362657,0.8998539720432549,False
SDHB,PROT,2,24 h,RE,-0.095749347091254,0.05746969505143306,-0.2083899493920628,0.016891255209554798,0.6526393102306769,False
SLC25A3,PROT,2,24 h,RE,-0.0842173151370427,0.07118786645140877,-0.2237455333818039,0.055310903107718495,0.8115799869975856,False
SLC35A4,PROT,2,24 h,RE,0.098041378142527,0.08961279228413603,-0.07759969473437961,0.2736824510194336,0.8232376122425571,False
SLIRP,PROT,2,24 h,RE,-0.0652506458767914,0.0550572488214154,-0.17316285356676558,0.04266156181318277,0.811494417621854,False
SMTNL1,PROT,2,24 h,RE,0.0631971260482822,0.08946301863522077,-0.11215039047675049,0.2385446425733149,0.8998539720432549,False
STOML2,PROT,2,24 h,RE,-0.0281628444514372,0.046049376513877076,-0.11841962241863627,0.06209393351576187,0.9110432970288797,False
STUB1,PROT,2,24 h,RE,0.0403549384230151,0.04806264591972493,-0.05384784757964575,0.13455772442567596,0.8848457505191503,False
TACC2,PROT,2,24 h,RE,0.127532503981551,0.035668105512308666,0.05762301717742602,0.19744199078567598,0.0913502094901854,False
TBCA,PROT,2,24 h,RE,0.0338853612586336,0.0467240705464203,-0.057693817012350185,0.1254645395296174,0.8975224639361541,False
THBS4,PROT,2,24 h,RE,0.0687162992560899,0.20005104640446675,-0.3233837516966649,0.4608163502088447,0.9606152912239292,False
THY1,PROT,2,24 h,RE,0.0162554644920458,0.0891622476021074,-0.15850254080808474,0.19101346979217632,0.9849415514560942,False
TIMM44,PROT,2,24 h,RE,-0.0488228160070174,0.0510487454821246,-0.1488783571519816,0.05123272513794681,0.8582472188858575,False
TIMM50,PROT,2,24 h,RE,-0.094069576107263,0.04499192427154058,-0.18225374767948255,-0.005885404535043479,0.5484941981361816,False
TNNT3,PROT,2,24 h,RE,0.131829095799695,0.06863931890108878,-0.002703969246438981,0.266362160845829,0.5778482305476768,False
TPSB2,PROT,2,24 h,RE,-0.0039650927076117,0.10997854460389518,-0.21952304013124624,0.21159285471602285,0.9955278757110688,False
TUBB8,PROT,2,24 h,RE,-0.0519825843018061,0.06125857969117258,-0.17204940049650436,0.06808423189289214,0.8848457505191503,False
UBE2V1,PROT,2,24 h,RE,-0.0004327585476968,0.031135897751141284,-0.06145911813993372,0.06059360104454011,0.9986846239297644,False
UNC45B,PROT,2,24 h,RE,0.0529917040231189,0.04661811039876181,-0.03837979235845424,0.14436320040469205,0.8209698832431822,False
VIM,PROT,2,24 h,RE,0.122737558631885,0.17895190567544078,-0.2280081764919789,0.47348329375574894,0.9022917852788718,False
ZNF207,PROT,2,24 h,RE,-0.020969911481337398,0.050776124082759284,-0.12049111468354559,0.0785512917208708,0.950731487741622,False
