column_id,gene,direction,logFC,stat,fdr_bh,n_collapsed,agreement,cell,group,comparison
human_acute|VL|RNA|EE_vs_CON_15to45min,NDUFA9,-1,-0.0787444725767905,-1.41070687650261,0.520876578924404,1.0,1.0,1.41070687650261,OXPHOS-down,"Human vastus lateralis RNA, EE–CON 15–45 min"
human_acute|VL|RNA|EE_vs_CON_15to45min,UQCRC2,-1,-0.0714655122063537,-1.42157396229414,0.5161517985266529,1.0,1.0,1.42157396229414,OXPHOS-down,"Human vastus lateralis RNA, EE–CON 15–45 min"
human_acute|VL|RNA|EE_vs_CON_15to45min,UQCRC1,-1,-0.0336902299054476,-0.656738626930771,0.8198021520486043,1.0,1.0,0.656738626930771,OXPHOS-down,"Human vastus lateralis RNA, EE–CON 15–45 min"
human_acute|VL|RNA|EE_vs_CON_15to45min,ATP5MG,-1,-0.0863941282226417,-1.75305020375238,0.3781116371709496,1.0,1.0,1.75305020375238,OXPHOS-down,"Human vastus lateralis RNA, EE–CON 15–45 min"
human_acute|VL|RNA|EE_vs_CON_15to45min,ATP5F1B,-1,-0.0387026599805811,-0.75953952074253,0.7820110820286984,1.0,1.0,0.75953952074253,OXPHOS-down,"Human vastus lateralis RNA, EE–CON 15–45 min"
human_acute|VL|RNA|EE_vs_CON_15to45min,IDH2,-1,-0.0546538807853487,-1.13216977908504,0.6381971486638389,1.0,1.0,1.13216977908504,TCA/transport-down,"Human vastus lateralis RNA, EE–CON 15–45 min"
human_acute|VL|RNA|EE_vs_CON_15to45min,OGDH,-1,-0.0787788418061073,-1.72433157093753,0.3903103997456761,1.0,1.0,1.72433157093753,TCA/transport-down,"Human vastus lateralis RNA, EE–CON 15–45 min"
human_acute|VL|RNA|EE_vs_CON_15to45min,SLC25A4,-1,-0.0262334246173559,-0.382662667957943,0.9142284142373324,1.0,1.0,0.382662667957943,TCA/transport-down,"Human vastus lateralis RNA, EE–CON 15–45 min"
human_acute|VL|RNA|EE_vs_CON_15to45min,ECH1,-1,-0.151888268974886,-2.36176631963919,0.1714509193479188,1.0,1.0,2.36176631963919,TCA/transport-down,"Human vastus lateralis RNA, EE–CON 15–45 min"
human_acute|VL|RNA|EE_vs_CON_15to45min,GLO1,1,-0.0199568912427521,-0.531377491648735,0.8641758015456494,1.0,-1.0,-0.531377491648735,glycolytic-up,"Human vastus lateralis RNA, EE–CON 15–45 min"
human_acute|VL|RNA|EE_vs_CON_15to45min,FBP2,1,0.0607655147622177,0.682456575453137,0.8098682894018706,1.0,1.0,0.682456575453137,glycolytic-up,"Human vastus lateralis RNA, EE–CON 15–45 min"
human_acute|VL|RNA|EE_vs_CON_15to45min,PEBP1,1,-0.129700046810528,-2.84522224277201,0.0706348664710131,1.0,-1.0,-2.84522224277201,contractile/other-up,"Human vastus lateralis RNA, EE–CON 15–45 min"
human_acute|VL|RNA|EE_vs_CON_15to45min,ATP2A1,1,0.0813256399500162,0.675662249900833,0.8121924300039176,1.0,1.0,0.675662249900833,contractile/other-up,"Human vastus lateralis RNA, EE–CON 15–45 min"
human_acute|VL|RNA|EE_vs_CON_15to45min,MYH1,1,0.235865314844977,0.664624577429267,0.8168198050729997,1.0,1.0,0.664624577429267,contractile/other-up,"Human vastus lateralis RNA, EE–CON 15–45 min"
human_acute|VL|RNA|EE_vs_CON_15to45min,MYH2,1,0.135180280069584,1.05722802046402,0.6667386231738012,1.0,1.0,1.05722802046402,contractile/other-up,"Human vastus lateralis RNA, EE–CON 15–45 min"
human_acute|VL|RNA|EE_vs_CON_15to45min,MYH7,1,-0.251369526015136,-1.55517782776508,0.4593171347302004,1.0,-1.0,-1.55517782776508,contractile/other-up,"Human vastus lateralis RNA, EE–CON 15–45 min"
human_acute|VL|RNA|EE_vs_CON_15to45min,MYLPF,1,0.0767042092971693,0.643121403510996,0.8236605821408439,1.0,1.0,0.643121403510996,contractile/other-up,"Human vastus lateralis RNA, EE–CON 15–45 min"
human_acute|VL|RNA|EE_vs_CON_15to45min,APOA1,1,,,,,,,contractile/other-up,"Human vastus lateralis RNA, EE–CON 15–45 min"
human_acute|VL|RNA|EE_vs_CON_15to45min,PDLIM3,1,0.0332764062962969,0.398491370048919,0.9096813969700231,1.0,1.0,0.398491370048919,contractile/other-up,"Human vastus lateralis RNA, EE–CON 15–45 min"
human_acute|VL|RNA|EE_vs_CON_15to45min,CS,-1,-0.0487164475886264,-1.01395227072067,0.6869126537925303,1.0,1.0,1.01395227072067,phenotype,"Human vastus lateralis RNA, EE–CON 15–45 min"
human_acute|VL|RNA|EE_vs_CON_15to45min,TFAM,-1,0.0286684552846741,0.498072235257974,0.8776215449650528,1.0,-1.0,-0.498072235257974,phenotype,"Human vastus lateralis RNA, EE–CON 15–45 min"
human_acute|VL|RNA|EE_vs_CON_15to45min,PDHA1,-1,-0.0451294248832967,-0.907093978049554,0.7265195893740538,1.0,1.0,0.907093978049554,phenotype,"Human vastus lateralis RNA, EE–CON 15–45 min"
human_acute|VL|RNA|EE_vs_CON_15to45min,PDHB,-1,-0.0522290762108186,-1.12706070461848,0.6403509054463411,1.0,1.0,1.12706070461848,phenotype,"Human vastus lateralis RNA, EE–CON 15–45 min"
human_acute|VL|RNA|EE_vs_CON_15to45min,LDHA,1,0.168741473985245,1.74120894709044,0.382653378124841,1.0,1.0,1.74120894709044,phenotype,"Human vastus lateralis RNA, EE–CON 15–45 min"
human_acute|VL|RNA|EE_vs_CON_15to45min,LDHB,1,-0.397473190029604,-2.5948306926463,0.116249791597061,1.0,-1.0,-2.5948306926463,phenotype,"Human vastus lateralis RNA, EE–CON 15–45 min"
human_acute|VL|RNA|EE_vs_CON_3.5to4h,NDUFA9,-1,0.0112788330457834,0.191815399616556,0.939728695482172,1.0,-1.0,-0.191815399616556,OXPHOS-down,"Human vastus lateralis RNA, EE–CON 3.5–4 h"
human_acute|VL|RNA|EE_vs_CON_3.5to4h,UQCRC2,-1,0.0117093491247022,0.221339806050278,0.930900039309649,1.0,-1.0,-0.221339806050278,OXPHOS-down,"Human vastus lateralis RNA, EE–CON 3.5–4 h"
human_acute|VL|RNA|EE_vs_CON_3.5to4h,UQCRC1,-1,0.0215986140427873,0.399677291164303,0.864155970419926,1.0,-1.0,-0.399677291164303,OXPHOS-down,"Human vastus lateralis RNA, EE–CON 3.5–4 h"
human_acute|VL|RNA|EE_vs_CON_3.5to4h,ATP5MG,-1,0.0146768890447992,0.282834748767144,0.911478254380663,1.0,-1.0,-0.282834748767144,OXPHOS-down,"Human vastus lateralis RNA, EE–CON 3.5–4 h"
human_acute|VL|RNA|EE_vs_CON_3.5to4h,ATP5F1B,-1,0.018906106971297,0.351916926702047,0.8834971321844273,1.0,-1.0,-0.351916926702047,OXPHOS-down,"Human vastus lateralis RNA, EE–CON 3.5–4 h"
human_acute|VL|RNA|EE_vs_CON_3.5to4h,IDH2,-1,0.0269234942642118,0.528747368203763,0.8123434368050523,1.0,-1.0,-0.528747368203763,TCA/transport-down,"Human vastus lateralis RNA, EE–CON 3.5–4 h"
human_acute|VL|RNA|EE_vs_CON_3.5to4h,OGDH,-1,-0.0077620709050734,-0.161308159733191,0.9503930493296682,1.0,1.0,0.161308159733191,TCA/transport-down,"Human vastus lateralis RNA, EE–CON 3.5–4 h"
human_acute|VL|RNA|EE_vs_CON_3.5to4h,SLC25A4,-1,0.126404759742476,1.74970787401906,0.2699631327980166,1.0,-1.0,-1.74970787401906,TCA/transport-down,"Human vastus lateralis RNA, EE–CON 3.5–4 h"
human_acute|VL|RNA|EE_vs_CON_3.5to4h,ECH1,-1,-0.0094037475673616,-0.138856327366241,0.9572273946436808,1.0,1.0,0.138856327366241,TCA/transport-down,"Human vastus lateralis RNA, EE–CON 3.5–4 h"
human_acute|VL|RNA|EE_vs_CON_3.5to4h,GLO1,1,0.00526042714029,0.133396488190058,0.9586687886753874,1.0,1.0,0.133396488190058,glycolytic-up,"Human vastus lateralis RNA, EE–CON 3.5–4 h"
human_acute|VL|RNA|EE_vs_CON_3.5to4h,FBP2,1,0.0751149055977249,0.800052956725348,0.6913193561856203,1.0,1.0,0.800052956725348,glycolytic-up,"Human vastus lateralis RNA, EE–CON 3.5–4 h"
human_acute|VL|RNA|EE_vs_CON_3.5to4h,PEBP1,1,0.0078423909265339,0.163398728083058,0.9496313477315782,1.0,1.0,0.163398728083058,contractile/other-up,"Human vastus lateralis RNA, EE–CON 3.5–4 h"
human_acute|VL|RNA|EE_vs_CON_3.5to4h,ATP2A1,1,-0.124385814132236,-0.97713936362756,0.6097402617899663,1.0,-1.0,-0.97713936362756,contractile/other-up,"Human vastus lateralis RNA, EE–CON 3.5–4 h"
human_acute|VL|RNA|EE_vs_CON_3.5to4h,MYH1,1,-0.297030587117568,-0.784089263765969,0.6988073212482279,1.0,-1.0,-0.784089263765969,contractile/other-up,"Human vastus lateralis RNA, EE–CON 3.5–4 h"
human_acute|VL|RNA|EE_vs_CON_3.5to4h,MYH2,1,-0.0736233500702301,-0.546333609372739,0.8048278151566253,1.0,-1.0,-0.546333609372739,contractile/other-up,"Human vastus lateralis RNA, EE–CON 3.5–4 h"
human_acute|VL|RNA|EE_vs_CON_3.5to4h,MYH7,1,0.0659783337015067,0.390304891043062,0.8688181696320076,1.0,1.0,0.390304891043062,contractile/other-up,"Human vastus lateralis RNA, EE–CON 3.5–4 h"
human_acute|VL|RNA|EE_vs_CON_3.5to4h,MYLPF,1,-0.0727430572808423,-0.577578543027228,0.7913107823327753,1.0,-1.0,-0.577578543027228,contractile/other-up,"Human vastus lateralis RNA, EE–CON 3.5–4 h"
human_acute|VL|RNA|EE_vs_CON_3.5to4h,APOA1,1,,,,,,,contractile/other-up,"Human vastus lateralis RNA, EE–CON 3.5–4 h"
human_acute|VL|RNA|EE_vs_CON_3.5to4h,PDLIM3,1,-0.0255355017530352,-0.290520729049073,0.9092462580801576,1.0,-1.0,-0.290520729049073,contractile/other-up,"Human vastus lateralis RNA, EE–CON 3.5–4 h"
human_acute|VL|RNA|EE_vs_CON_3.5to4h,CS,-1,-0.0123932115960645,-0.244887994394155,0.9232309608467398,1.0,1.0,0.244887994394155,phenotype,"Human vastus lateralis RNA, EE–CON 3.5–4 h"
human_acute|VL|RNA|EE_vs_CON_3.5to4h,TFAM,-1,0.0998903933721511,1.66967059166773,0.3006245992751161,1.0,-1.0,-1.66967059166773,phenotype,"Human vastus lateralis RNA, EE–CON 3.5–4 h"
human_acute|VL|RNA|EE_vs_CON_3.5to4h,PDHA1,-1,0.0365740912390189,0.697285520540215,0.7387857502293589,1.0,-1.0,-0.697285520540215,phenotype,"Human vastus lateralis RNA, EE–CON 3.5–4 h"
human_acute|VL|RNA|EE_vs_CON_3.5to4h,PDHB,-1,-0.0069694393171024,-0.142709345686419,0.955891855877077,1.0,1.0,0.142709345686419,phenotype,"Human vastus lateralis RNA, EE–CON 3.5–4 h"
human_acute|VL|RNA|EE_vs_CON_3.5to4h,LDHA,1,-0.0055199351585297,-0.0538974602603744,0.9835967159270546,1.0,-1.0,-0.0538974602603744,phenotype,"Human vastus lateralis RNA, EE–CON 3.5–4 h"
human_acute|VL|RNA|EE_vs_CON_3.5to4h,LDHB,1,0.0943677764021551,0.582865449850901,0.7893085759558023,1.0,1.0,0.582865449850901,phenotype,"Human vastus lateralis RNA, EE–CON 3.5–4 h"
human_acute|VL|RNA|EE_vs_CON_24h,NDUFA9,-1,0.175012301327756,3.20686243161604,0.0258691802887826,1.0,-1.0,-3.20686243161604,OXPHOS-down,"Human vastus lateralis RNA, EE–CON 24 h"
human_acute|VL|RNA|EE_vs_CON_24h,UQCRC2,-1,0.129322266969305,2.62770021744143,0.0865978564453651,1.0,-1.0,-2.62770021744143,OXPHOS-down,"Human vastus lateralis RNA, EE–CON 24 h"
human_acute|VL|RNA|EE_vs_CON_24h,UQCRC1,-1,0.170085047828218,3.38577209163927,0.0167479725236229,1.0,-1.0,-3.38577209163927,OXPHOS-down,"Human vastus lateralis RNA, EE–CON 24 h"
human_acute|VL|RNA|EE_vs_CON_24h,ATP5MG,-1,0.269602339273148,5.6003884869213,9.223551971391062e-06,1.0,-1.0,-4.0,OXPHOS-down,"Human vastus lateralis RNA, EE–CON 24 h"
human_acute|VL|RNA|EE_vs_CON_24h,ATP5F1B,-1,0.188737885439888,3.78013013880638,0.0058877964548154,1.0,-1.0,-3.78013013880638,OXPHOS-down,"Human vastus lateralis RNA, EE–CON 24 h"
human_acute|VL|RNA|EE_vs_CON_24h,IDH2,-1,0.0369796675290797,0.781450126687144,0.7446190168918597,1.0,-1.0,-0.781450126687144,TCA/transport-down,"Human vastus lateralis RNA, EE–CON 24 h"
human_acute|VL|RNA|EE_vs_CON_24h,OGDH,-1,0.193558293033515,4.32091194041795,0.0011003752110238,1.0,-1.0,-4.0,TCA/transport-down,"Human vastus lateralis RNA, EE–CON 24 h"
human_acute|VL|RNA|EE_vs_CON_24h,SLC25A4,-1,0.425084302337558,6.3275173898988,3.865285884606438e-07,1.0,-1.0,-4.0,TCA/transport-down,"Human vastus lateralis RNA, EE–CON 24 h"
human_acute|VL|RNA|EE_vs_CON_24h,ECH1,-1,0.202842210715107,3.22675052417384,0.0249604560642297,1.0,-1.0,-3.22675052417384,TCA/transport-down,"Human vastus lateralis RNA, EE–CON 24 h"
human_acute|VL|RNA|EE_vs_CON_24h,GLO1,1,0.0166746175327868,0.454373684269492,0.8767334816196213,1.0,1.0,0.454373684269492,glycolytic-up,"Human vastus lateralis RNA, EE–CON 24 h"
human_acute|VL|RNA|EE_vs_CON_24h,FBP2,1,0.310550668078925,3.56445469439637,0.0105265740073389,1.0,1.0,3.56445469439637,glycolytic-up,"Human vastus lateralis RNA, EE–CON 24 h"
human_acute|VL|RNA|EE_vs_CON_24h,PEBP1,1,0.0469015602847715,1.05095251445248,0.6314712681524186,1.0,1.0,1.05095251445248,contractile/other-up,"Human vastus lateralis RNA, EE–CON 24 h"
human_acute|VL|RNA|EE_vs_CON_24h,ATP2A1,1,-0.0733341893434858,-0.623548410368519,0.8084429230387249,1.0,-1.0,-0.623548410368519,contractile/other-up,"Human vastus lateralis RNA, EE–CON 24 h"
human_acute|VL|RNA|EE_vs_CON_24h,MYH1,1,-0.222460393391161,-0.637758734333052,0.802261224124205,1.0,-1.0,-0.637758734333052,contractile/other-up,"Human vastus lateralis RNA, EE–CON 24 h"
human_acute|VL|RNA|EE_vs_CON_24h,MYH2,1,-0.0662447123909491,-0.531003764963269,0.8450607874621837,1.0,-1.0,-0.531003764963269,contractile/other-up,"Human vastus lateralis RNA, EE–CON 24 h"
human_acute|VL|RNA|EE_vs_CON_24h,MYH7,1,-0.025000818019862,-0.158252674767588,0.9652372551052396,1.0,-1.0,-0.158252674767588,contractile/other-up,"Human vastus lateralis RNA, EE–CON 24 h"
human_acute|VL|RNA|EE_vs_CON_24h,MYLPF,1,-0.087758489524207,-0.753002469513862,0.7574118715566551,1.0,-1.0,-0.753002469513862,contractile/other-up,"Human vastus lateralis RNA, EE–CON 24 h"
human_acute|VL|RNA|EE_vs_CON_24h,APOA1,1,,,,,,,contractile/other-up,"Human vastus lateralis RNA, EE–CON 24 h"
human_acute|VL|RNA|EE_vs_CON_24h,PDLIM3,1,-0.228928743166817,-2.80544496802856,0.0616244119793329,1.0,-1.0,-2.80544496802856,contractile/other-up,"Human vastus lateralis RNA, EE–CON 24 h"
human_acute|VL|RNA|EE_vs_CON_24h,CS,-1,0.179118013470417,3.80087482427761,0.0055304638181121,1.0,-1.0,-3.80087482427761,phenotype,"Human vastus lateralis RNA, EE–CON 24 h"
human_acute|VL|RNA|EE_vs_CON_24h,TFAM,-1,0.0380003713712744,0.681330365758742,0.7853752029330741,1.0,-1.0,-0.681330365758742,phenotype,"Human vastus lateralis RNA, EE–CON 24 h"
human_acute|VL|RNA|EE_vs_CON_24h,PDHA1,-1,0.149771160060923,3.07548178610366,0.0350622626950712,1.0,-1.0,-3.07548178610366,phenotype,"Human vastus lateralis RNA, EE–CON 24 h"
human_acute|VL|RNA|EE_vs_CON_24h,PDHB,-1,0.0432408358584144,0.954314585110755,0.6695360381883418,1.0,-1.0,-0.954314585110755,phenotype,"Human vastus lateralis RNA, EE–CON 24 h"
human_acute|VL|RNA|EE_vs_CON_24h,LDHA,1,0.0916530514753244,0.963045251208415,0.6658377857079916,1.0,1.0,0.963045251208415,phenotype,"Human vastus lateralis RNA, EE–CON 24 h"
human_acute|VL|RNA|EE_vs_CON_24h,LDHB,1,0.246428495089618,1.64965542730051,0.367469326814849,1.0,1.0,1.64965542730051,phenotype,"Human vastus lateralis RNA, EE–CON 24 h"
human_acute|VL|RNA|RE_vs_CON_15to45min,NDUFA9,-1,-0.0934461849923087,-1.72868506235345,0.3975075051420998,1.0,1.0,1.72868506235345,OXPHOS-down,"Human vastus lateralis RNA, RE–CON 15–45 min"
human_acute|VL|RNA|RE_vs_CON_15to45min,UQCRC2,-1,-0.0729017300187138,-1.4968185496559,0.4870501714030372,1.0,1.0,1.4968185496559,OXPHOS-down,"Human vastus lateralis RNA, RE–CON 15–45 min"
human_acute|VL|RNA|RE_vs_CON_15to45min,UQCRC1,-1,-0.0276362101539487,-0.556097919518682,0.8512099923974435,1.0,1.0,0.556097919518682,OXPHOS-down,"Human vastus lateralis RNA, RE–CON 15–45 min"
human_acute|VL|RNA|RE_vs_CON_15to45min,ATP5MG,-1,-0.0707020315755056,-1.48077388191683,0.4936791832998033,1.0,1.0,1.48077388191683,OXPHOS-down,"Human vastus lateralis RNA, RE–CON 15–45 min"
human_acute|VL|RNA|RE_vs_CON_15to45min,ATP5F1B,-1,-0.0441261707007001,-0.89391915645689,0.7347736584976324,1.0,1.0,0.89391915645689,OXPHOS-down,"Human vastus lateralis RNA, RE–CON 15–45 min"
human_acute|VL|RNA|RE_vs_CON_15to45min,IDH2,-1,-0.0245463504427104,-0.525530112158146,0.8617475886306237,1.0,1.0,0.525530112158146,TCA/transport-down,"Human vastus lateralis RNA, RE–CON 15–45 min"
human_acute|VL|RNA|RE_vs_CON_15to45min,OGDH,-1,-0.0814912897980484,-1.84100219682814,0.3522038814696708,1.0,1.0,1.84100219682814,TCA/transport-down,"Human vastus lateralis RNA, RE–CON 15–45 min"
human_acute|VL|RNA|RE_vs_CON_15to45min,SLC25A4,-1,-0.0264849289313087,-0.398901334487249,0.9007051951545739,1.0,1.0,0.398901334487249,TCA/transport-down,"Human vastus lateralis RNA, RE–CON 15–45 min"
human_acute|VL|RNA|RE_vs_CON_15to45min,ECH1,-1,-0.121109236190783,-1.9443145228833,0.3144310308875708,1.0,1.0,1.9443145228833,TCA/transport-down,"Human vastus lateralis RNA, RE–CON 15–45 min"
human_acute|VL|RNA|RE_vs_CON_15to45min,GLO1,1,-0.0660784479748955,-1.81495641231832,0.3622590465325666,1.0,-1.0,-1.81495641231832,glycolytic-up,"Human vastus lateralis RNA, RE–CON 15–45 min"
human_acute|VL|RNA|RE_vs_CON_15to45min,FBP2,1,0.0183082833712289,0.212360066440303,0.9514816815323964,1.0,1.0,0.212360066440303,glycolytic-up,"Human vastus lateralis RNA, RE–CON 15–45 min"
human_acute|VL|RNA|RE_vs_CON_15to45min,PEBP1,1,-0.103667133919227,-2.3468241054887,0.1846977019179741,1.0,-1.0,-2.3468241054887,contractile/other-up,"Human vastus lateralis RNA, RE–CON 15–45 min"
human_acute|VL|RNA|RE_vs_CON_15to45min,ATP2A1,1,0.062605688360259,0.537002832143885,0.8582051252564927,1.0,1.0,0.537002832143885,contractile/other-up,"Human vastus lateralis RNA, RE–CON 15–45 min"
human_acute|VL|RNA|RE_vs_CON_15to45min,MYH1,1,0.199192123461408,0.583362642397543,0.8420140929936613,1.0,1.0,0.583362642397543,contractile/other-up,"Human vastus lateralis RNA, RE–CON 15–45 min"
human_acute|VL|RNA|RE_vs_CON_15to45min,MYH2,1,0.0394818906287284,0.318342444218961,0.9228617870785988,1.0,1.0,0.318342444218961,contractile/other-up,"Human vastus lateralis RNA, RE–CON 15–45 min"
human_acute|VL|RNA|RE_vs_CON_15to45min,MYH7,1,-0.326621687600674,-2.09121059728908,0.2630452059777302,1.0,-1.0,-2.09121059728908,contractile/other-up,"Human vastus lateralis RNA, RE–CON 15–45 min"
human_acute|VL|RNA|RE_vs_CON_15to45min,MYLPF,1,0.0724828694808615,0.626457198997972,0.8292977715062352,1.0,1.0,0.626457198997972,contractile/other-up,"Human vastus lateralis RNA, RE–CON 15–45 min"
human_acute|VL|RNA|RE_vs_CON_15to45min,APOA1,1,,,,,,,contractile/other-up,"Human vastus lateralis RNA, RE–CON 15–45 min"
human_acute|VL|RNA|RE_vs_CON_15to45min,PDLIM3,1,0.022364686439504,0.276399772627689,0.9333171334460644,1.0,1.0,0.276399772627689,contractile/other-up,"Human vastus lateralis RNA, RE–CON 15–45 min"
human_acute|VL|RNA|RE_vs_CON_15to45min,CS,-1,-0.0445548594206997,-0.956929636323429,0.7094878637166421,1.0,1.0,0.956929636323429,phenotype,"Human vastus lateralis RNA, RE–CON 15–45 min"
human_acute|VL|RNA|RE_vs_CON_15to45min,TFAM,-1,-0.0923686669065829,-1.64166719462635,0.4326672713863898,1.0,1.0,1.64166719462635,phenotype,"Human vastus lateralis RNA, RE–CON 15–45 min"
human_acute|VL|RNA|RE_vs_CON_15to45min,PDHA1,-1,-0.0268561123315569,-0.557376677573663,0.8510694748819068,1.0,1.0,0.557376677573663,phenotype,"Human vastus lateralis RNA, RE–CON 15–45 min"
human_acute|VL|RNA|RE_vs_CON_15to45min,PDHB,-1,-0.0466242544591484,-1.03903388645288,0.6764030431505169,1.0,1.0,1.03903388645288,phenotype,"Human vastus lateralis RNA, RE–CON 15–45 min"
human_acute|VL|RNA|RE_vs_CON_15to45min,LDHA,1,0.10181709346031,1.08597780929766,0.6573033475084328,1.0,1.0,1.08597780929766,phenotype,"Human vastus lateralis RNA, RE–CON 15–45 min"
human_acute|VL|RNA|RE_vs_CON_15to45min,LDHB,1,-0.350845765305347,-2.360437106703,0.1820366539300719,1.0,-1.0,-2.360437106703,phenotype,"Human vastus lateralis RNA, RE–CON 15–45 min"
human_acute|VL|RNA|RE_vs_CON_3.5to4h,NDUFA9,-1,-0.0128474695064948,-0.228469995265931,0.890272359498343,1.0,1.0,0.228469995265931,OXPHOS-down,"Human vastus lateralis RNA, RE–CON 3.5–4 h"
human_acute|VL|RNA|RE_vs_CON_3.5to4h,UQCRC2,-1,0.0406980489382249,0.805032428578818,0.5828614637961904,1.0,-1.0,-0.805032428578818,OXPHOS-down,"Human vastus lateralis RNA, RE–CON 3.5–4 h"
human_acute|VL|RNA|RE_vs_CON_3.5to4h,UQCRC1,-1,0.0190323889020085,0.368578095699442,0.8203530645815527,1.0,-1.0,-0.368578095699442,OXPHOS-down,"Human vastus lateralis RNA, RE–CON 3.5–4 h"
human_acute|VL|RNA|RE_vs_CON_3.5to4h,ATP5MG,-1,0.0516699924685344,1.04071541033058,0.4582619758871875,1.0,-1.0,-1.04071541033058,OXPHOS-down,"Human vastus lateralis RNA, RE–CON 3.5–4 h"
human_acute|VL|RNA|RE_vs_CON_3.5to4h,ATP5F1B,-1,0.0401843941324866,0.782916568776113,0.5946590963485933,1.0,-1.0,-0.782916568776113,OXPHOS-down,"Human vastus lateralis RNA, RE–CON 3.5–4 h"
human_acute|VL|RNA|RE_vs_CON_3.5to4h,IDH2,-1,-0.0068632596512703,-0.141249793981988,0.9350247667680606,1.0,1.0,0.141249793981988,TCA/transport-down,"Human vastus lateralis RNA, RE–CON 3.5–4 h"
human_acute|VL|RNA|RE_vs_CON_3.5to4h,OGDH,-1,0.0138807049425207,0.301861870264941,0.8530164524429834,1.0,-1.0,-0.301861870264941,TCA/transport-down,"Human vastus lateralis RNA, RE–CON 3.5–4 h"
human_acute|VL|RNA|RE_vs_CON_3.5to4h,SLC25A4,-1,0.0829959180382787,1.20319910901612,0.3792067008026783,1.0,-1.0,-1.20319910901612,TCA/transport-down,"Human vastus lateralis RNA, RE–CON 3.5–4 h"
human_acute|VL|RNA|RE_vs_CON_3.5to4h,ECH1,-1,-0.0671737313262737,-1.03834020371159,0.4593106168334847,1.0,1.0,1.03834020371159,TCA/transport-down,"Human vastus lateralis RNA, RE–CON 3.5–4 h"
human_acute|VL|RNA|RE_vs_CON_3.5to4h,GLO1,1,0.0603776713315511,1.59865699687276,0.2210057495755571,1.0,1.0,1.59865699687276,glycolytic-up,"Human vastus lateralis RNA, RE–CON 3.5–4 h"
human_acute|VL|RNA|RE_vs_CON_3.5to4h,FBP2,1,-0.0676605254401927,-0.754147706845563,0.6114359379054147,1.0,-1.0,-0.754147706845563,glycolytic-up,"Human vastus lateralis RNA, RE–CON 3.5–4 h"
human_acute|VL|RNA|RE_vs_CON_3.5to4h,PEBP1,1,0.0534048837780965,1.16390352016719,0.3979338929141051,1.0,1.0,1.16390352016719,contractile/other-up,"Human vastus lateralis RNA, RE–CON 3.5–4 h"
human_acute|VL|RNA|RE_vs_CON_3.5to4h,ATP2A1,1,-0.134139546384535,-1.10216621335976,0.4278872201811596,1.0,-1.0,-1.10216621335976,contractile/other-up,"Human vastus lateralis RNA, RE–CON 3.5–4 h"
human_acute|VL|RNA|RE_vs_CON_3.5to4h,MYH1,1,-0.355304570775539,-0.986041438680057,0.4854498362825629,1.0,-1.0,-0.986041438680057,contractile/other-up,"Human vastus lateralis RNA, RE–CON 3.5–4 h"
human_acute|VL|RNA|RE_vs_CON_3.5to4h,MYH2,1,0.0829901951030187,0.642435938750906,0.6711705925130671,1.0,1.0,0.642435938750906,contractile/other-up,"Human vastus lateralis RNA, RE–CON 3.5–4 h"
human_acute|VL|RNA|RE_vs_CON_3.5to4h,MYH7,1,0.141107728354937,0.874868910481088,0.5450333954792397,1.0,1.0,0.874868910481088,contractile/other-up,"Human vastus lateralis RNA, RE–CON 3.5–4 h"
human_acute|VL|RNA|RE_vs_CON_3.5to4h,MYLPF,1,-0.087558567311115,-0.726264586868463,0.6270629863374445,1.0,-1.0,-0.726264586868463,contractile/other-up,"Human vastus lateralis RNA, RE–CON 3.5–4 h"
human_acute|VL|RNA|RE_vs_CON_3.5to4h,APOA1,1,,,,,,,contractile/other-up,"Human vastus lateralis RNA, RE–CON 3.5–4 h"
human_acute|VL|RNA|RE_vs_CON_3.5to4h,PDLIM3,1,0.463441389427574,5.49848135739546,1.2097859473321225e-06,1.0,1.0,4.0,contractile/other-up,"Human vastus lateralis RNA, RE–CON 3.5–4 h"
human_acute|VL|RNA|RE_vs_CON_3.5to4h,CS,-1,-0.0230766388659038,-0.477166472182774,0.7622376704244168,1.0,1.0,0.477166472182774,phenotype,"Human vastus lateralis RNA, RE–CON 3.5–4 h"
human_acute|VL|RNA|RE_vs_CON_3.5to4h,TFAM,-1,0.181694257378474,3.14438008281322,0.0078133769506574,1.0,-1.0,-3.14438008281322,phenotype,"Human vastus lateralis RNA, RE–CON 3.5–4 h"
human_acute|VL|RNA|RE_vs_CON_3.5to4h,PDHA1,-1,0.0709750271627927,1.4156409039816,0.2883202251028074,1.0,-1.0,-1.4156409039816,phenotype,"Human vastus lateralis RNA, RE–CON 3.5–4 h"
human_acute|VL|RNA|RE_vs_CON_3.5to4h,PDHB,-1,-0.0087153845681671,-0.186600896444079,0.9119654487142188,1.0,1.0,0.186600896444079,phenotype,"Human vastus lateralis RNA, RE–CON 3.5–4 h"
human_acute|VL|RNA|RE_vs_CON_3.5to4h,LDHA,1,0.0164180215312477,0.16755042008501,0.9222754614079413,1.0,1.0,0.16755042008501,phenotype,"Human vastus lateralis RNA, RE–CON 3.5–4 h"
human_acute|VL|RNA|RE_vs_CON_3.5to4h,LDHB,1,0.169215368182189,1.08982534484313,0.4341382458440911,1.0,1.0,1.08982534484313,phenotype,"Human vastus lateralis RNA, RE–CON 3.5–4 h"
human_acute|VL|RNA|RE_vs_CON_24h,NDUFA9,-1,0.0402914727925623,0.755549146011485,0.6823763310605303,1.0,-1.0,-0.755549146011485,OXPHOS-down,"Human vastus lateralis RNA, RE–CON 24 h"
human_acute|VL|RNA|RE_vs_CON_24h,UQCRC2,-1,0.0275124538418314,0.572006489054066,0.768483944214582,1.0,-1.0,-0.572006489054066,OXPHOS-down,"Human vastus lateralis RNA, RE–CON 24 h"
human_acute|VL|RNA|RE_vs_CON_24h,UQCRC1,-1,0.0794642855965009,1.61947247823196,0.2779668150428733,1.0,-1.0,-1.61947247823196,OXPHOS-down,"Human vastus lateralis RNA, RE–CON 24 h"
human_acute|VL|RNA|RE_vs_CON_24h,ATP5MG,-1,0.176044706124032,3.73990568426026,0.0023320774689334,1.0,-1.0,-3.73990568426026,OXPHOS-down,"Human vastus lateralis RNA, RE–CON 24 h"
human_acute|VL|RNA|RE_vs_CON_24h,ATP5F1B,-1,0.0483666094271502,0.992684707914495,0.5642689808004642,1.0,-1.0,-0.992684707914495,OXPHOS-down,"Human vastus lateralis RNA, RE–CON 24 h"
human_acute|VL|RNA|RE_vs_CON_24h,IDH2,-1,-0.11448937534224,-2.48157434141077,0.0620001441133358,1.0,1.0,2.48157434141077,TCA/transport-down,"Human vastus lateralis RNA, RE–CON 24 h"
human_acute|VL|RNA|RE_vs_CON_24h,OGDH,-1,0.112191907122543,2.56409241556393,0.0516687562233968,1.0,-1.0,-2.56409241556393,TCA/transport-down,"Human vastus lateralis RNA, RE–CON 24 h"
human_acute|VL|RNA|RE_vs_CON_24h,SLC25A4,-1,0.194261860490863,2.96471192631424,0.0202066651389129,1.0,-1.0,-2.96471192631424,TCA/transport-down,"Human vastus lateralis RNA, RE–CON 24 h"
human_acute|VL|RNA|RE_vs_CON_24h,ECH1,-1,0.0238716971317956,0.389110741014893,0.8534410598603582,1.0,-1.0,-0.389110741014893,TCA/transport-down,"Human vastus lateralis RNA, RE–CON 24 h"
human_acute|VL|RNA|RE_vs_CON_24h,GLO1,1,0.0064254163582058,0.17882885899125,0.9379139558336608,1.0,1.0,0.17882885899125,glycolytic-up,"Human vastus lateralis RNA, RE–CON 24 h"
human_acute|VL|RNA|RE_vs_CON_24h,FBP2,1,0.164240298407178,1.93072737718885,0.1725903964341306,1.0,1.0,1.93072737718885,glycolytic-up,"Human vastus lateralis RNA, RE–CON 24 h"
human_acute|VL|RNA|RE_vs_CON_24h,PEBP1,1,-0.0702472818846838,-1.61078190093287,0.2807938923898462,1.0,-1.0,-1.61078190093287,contractile/other-up,"Human vastus lateralis RNA, RE–CON 24 h"
human_acute|VL|RNA|RE_vs_CON_24h,ATP2A1,1,-0.295184040896361,-2.57269316751196,0.050715154146367,1.0,-1.0,-2.57269316751196,contractile/other-up,"Human vastus lateralis RNA, RE–CON 24 h"
human_acute|VL|RNA|RE_vs_CON_24h,MYH1,1,0.0707932169447716,0.208733369529102,0.926456040839294,1.0,1.0,0.208733369529102,contractile/other-up,"Human vastus lateralis RNA, RE–CON 24 h"
human_acute|VL|RNA|RE_vs_CON_24h,MYH2,1,0.027975618949263,0.228997187658318,0.9189131023813628,1.0,1.0,0.228997187658318,contractile/other-up,"Human vastus lateralis RNA, RE–CON 24 h"
human_acute|VL|RNA|RE_vs_CON_24h,MYH7,1,-0.125173729057007,-0.811585121164779,0.6533085359156077,1.0,-1.0,-0.811585121164779,contractile/other-up,"Human vastus lateralis RNA, RE–CON 24 h"
human_acute|VL|RNA|RE_vs_CON_24h,MYLPF,1,0.0058251283142318,0.0510440933315834,0.984189912505552,1.0,1.0,0.0510440933315834,contractile/other-up,"Human vastus lateralis RNA, RE–CON 24 h"
human_acute|VL|RNA|RE_vs_CON_24h,APOA1,1,,,,,,,contractile/other-up,"Human vastus lateralis RNA, RE–CON 24 h"
human_acute|VL|RNA|RE_vs_CON_24h,PDLIM3,1,0.585605793393919,7.3095039380607,4.0045751391827645e-10,1.0,1.0,4.0,contractile/other-up,"Human vastus lateralis RNA, RE–CON 24 h"
human_acute|VL|RNA|RE_vs_CON_24h,CS,-1,-0.0024322398502167,-0.0528473127500815,0.9835125360467768,1.0,1.0,0.0528473127500815,phenotype,"Human vastus lateralis RNA, RE–CON 24 h"
human_acute|VL|RNA|RE_vs_CON_24h,TFAM,-1,-0.108712587874666,-1.97118125933021,0.1611003723600398,1.0,1.0,1.97118125933021,phenotype,"Human vastus lateralis RNA, RE–CON 24 h"
human_acute|VL|RNA|RE_vs_CON_24h,PDHA1,-1,0.0388146366563227,0.816366489265957,0.6508097747265716,1.0,-1.0,-0.816366489265957,phenotype,"Human vastus lateralis RNA, RE–CON 24 h"
human_acute|VL|RNA|RE_vs_CON_24h,PDHB,-1,-0.0597038490402877,-1.34923864015524,0.3911083860947506,1.0,1.0,1.34923864015524,phenotype,"Human vastus lateralis RNA, RE–CON 24 h"
human_acute|VL|RNA|RE_vs_CON_24h,LDHA,1,0.265206805648072,2.85501964750274,0.0266865536089795,1.0,1.0,2.85501964750274,phenotype,"Human vastus lateralis RNA, RE–CON 24 h"
human_acute|VL|RNA|RE_vs_CON_24h,LDHB,1,-0.100505821505144,-0.686287466262938,0.7146269001703623,1.0,-1.0,-0.686287466262938,phenotype,"Human vastus lateralis RNA, RE–CON 24 h"
human_acute|VL|PROT|EE_vs_CON_15to45min,NDUFA9,-1,-0.070492294365845,-1.1584349433261,0.9976662116187048,1.0,1.0,1.1584349433261,OXPHOS-down,"Human vastus lateralis protein, EE–CON 15–45 min"
human_acute|VL|PROT|EE_vs_CON_15to45min,UQCRC2,-1,-0.0817632081724289,-1.14847021214731,0.9976662116187048,1.0,1.0,1.14847021214731,OXPHOS-down,"Human vastus lateralis protein, EE–CON 15–45 min"
human_acute|VL|PROT|EE_vs_CON_15to45min,UQCRC1,-1,-0.0556017046076682,-0.782479728747967,0.9976662116187048,1.0,1.0,0.782479728747967,OXPHOS-down,"Human vastus lateralis protein, EE–CON 15–45 min"
human_acute|VL|PROT|EE_vs_CON_15to45min,ATP5MG,-1,0.0521308034725734,0.493063835620251,0.9976662116187048,1.0,-1.0,-0.493063835620251,OXPHOS-down,"Human vastus lateralis protein, EE–CON 15–45 min"
human_acute|VL|PROT|EE_vs_CON_15to45min,ATP5F1B,-1,-0.0906574163874255,-1.3808796651633,0.9976662116187048,1.0,1.0,1.3808796651633,OXPHOS-down,"Human vastus lateralis protein, EE–CON 15–45 min"
human_acute|VL|PROT|EE_vs_CON_15to45min,IDH2,-1,-0.0383981196903274,-0.48916487575965,0.9976662116187048,1.0,1.0,0.48916487575965,TCA/transport-down,"Human vastus lateralis protein, EE–CON 15–45 min"
human_acute|VL|PROT|EE_vs_CON_15to45min,OGDH,-1,-0.0523081133405244,-0.825136856295554,0.9976662116187048,1.0,1.0,0.825136856295554,TCA/transport-down,"Human vastus lateralis protein, EE–CON 15–45 min"
human_acute|VL|PROT|EE_vs_CON_15to45min,SLC25A4,-1,-0.0949301767503419,-1.12032472273901,0.9976662116187048,1.0,1.0,1.12032472273901,TCA/transport-down,"Human vastus lateralis protein, EE–CON 15–45 min"
human_acute|VL|PROT|EE_vs_CON_15to45min,ECH1,-1,-0.0809234594022405,-1.07892473565678,0.9976662116187048,1.0,1.0,1.07892473565678,TCA/transport-down,"Human vastus lateralis protein, EE–CON 15–45 min"
human_acute|VL|PROT|EE_vs_CON_15to45min,GLO1,1,0.0252646798186373,0.546150249378492,0.9976662116187048,1.0,1.0,0.546150249378492,glycolytic-up,"Human vastus lateralis protein, EE–CON 15–45 min"
human_acute|VL|PROT|EE_vs_CON_15to45min,FBP2,1,0.0946569046510839,1.25838811455908,0.9976662116187048,1.0,1.0,1.25838811455908,glycolytic-up,"Human vastus lateralis protein, EE–CON 15–45 min"
human_acute|VL|PROT|EE_vs_CON_15to45min,PEBP1,1,-0.0495029612234703,-0.983899952397248,0.9976662116187048,1.0,-1.0,-0.983899952397248,contractile/other-up,"Human vastus lateralis protein, EE–CON 15–45 min"
human_acute|VL|PROT|EE_vs_CON_15to45min,ATP2A1,1,0.0810473350442884,0.92575491332535,0.9976662116187048,1.0,1.0,0.92575491332535,contractile/other-up,"Human vastus lateralis protein, EE–CON 15–45 min"
human_acute|VL|PROT|EE_vs_CON_15to45min,MYH1,1,-0.113119971877312,-0.569932235387187,0.9976662116187048,1.0,-1.0,-0.569932235387187,contractile/other-up,"Human vastus lateralis protein, EE–CON 15–45 min"
human_acute|VL|PROT|EE_vs_CON_15to45min,MYH2,1,0.0938414687827298,1.23586630365505,0.9976662116187048,1.0,1.0,1.23586630365505,contractile/other-up,"Human vastus lateralis protein, EE–CON 15–45 min"
human_acute|VL|PROT|EE_vs_CON_15to45min,MYH7,1,-0.22738633184877,-1.71684944404218,0.9976662116187048,1.0,-1.0,-1.71684944404218,contractile/other-up,"Human vastus lateralis protein, EE–CON 15–45 min"
human_acute|VL|PROT|EE_vs_CON_15to45min,MYLPF,1,0.11470897288773,1.09504535718671,0.9976662116187048,1.0,1.0,1.09504535718671,contractile/other-up,"Human vastus lateralis protein, EE–CON 15–45 min"
human_acute|VL|PROT|EE_vs_CON_15to45min,APOA1,1,0.320696931483784,1.32538782468586,0.9976662116187048,1.0,1.0,1.32538782468586,contractile/other-up,"Human vastus lateralis protein, EE–CON 15–45 min"
human_acute|VL|PROT|EE_vs_CON_15to45min,PDLIM3,1,0.0598881608140962,0.654374207013907,0.9976662116187048,2.0,1.0,0.654374207013907,contractile/other-up,"Human vastus lateralis protein, EE–CON 15–45 min"
human_acute|VL|PROT|EE_vs_CON_15to45min,CS,-1,-0.0659323448673882,-1.01216481561106,0.9976662116187048,1.0,1.0,1.01216481561106,phenotype,"Human vastus lateralis protein, EE–CON 15–45 min"
human_acute|VL|PROT|EE_vs_CON_15to45min,TFAM,-1,-0.0327175146660911,-0.494940091331721,0.9976662116187048,1.0,1.0,0.494940091331721,phenotype,"Human vastus lateralis protein, EE–CON 15–45 min"
human_acute|VL|PROT|EE_vs_CON_15to45min,PDHA1,-1,-0.077482605309567,-1.15732722037066,0.9976662116187048,2.0,1.0,1.15732722037066,phenotype,"Human vastus lateralis protein, EE–CON 15–45 min"
human_acute|VL|PROT|EE_vs_CON_15to45min,PDHB,-1,-0.0625943891140984,-0.982372353417047,0.9976662116187048,1.0,1.0,0.982372353417047,phenotype,"Human vastus lateralis protein, EE–CON 15–45 min"
human_acute|VL|PROT|EE_vs_CON_15to45min,LDHA,1,0.129716655901715,1.29377117348996,0.9976662116187048,1.0,1.0,1.29377117348996,phenotype,"Human vastus lateralis protein, EE–CON 15–45 min"
human_acute|VL|PROT|EE_vs_CON_15to45min,LDHB,1,-0.126182864523938,-0.973824137020619,0.9976662116187048,1.0,-1.0,-0.973824137020619,phenotype,"Human vastus lateralis protein, EE–CON 15–45 min"
human_acute|VL|PROT|EE_vs_CON_3.5to4h,NDUFA9,-1,0.0121858143809827,0.180352863061458,0.9992395295828024,1.0,-1.0,-0.180352863061458,OXPHOS-down,"Human vastus lateralis protein, EE–CON 3.5–4 h"
human_acute|VL|PROT|EE_vs_CON_3.5to4h,UQCRC2,-1,-0.0146908980253867,-0.18630519818531,0.9992395295828024,1.0,1.0,0.18630519818531,OXPHOS-down,"Human vastus lateralis protein, EE–CON 3.5–4 h"
human_acute|VL|PROT|EE_vs_CON_3.5to4h,UQCRC1,-1,-0.0074264977329282,-0.0944037187701095,0.9992395295828024,1.0,1.0,0.0944037187701095,OXPHOS-down,"Human vastus lateralis protein, EE–CON 3.5–4 h"
human_acute|VL|PROT|EE_vs_CON_3.5to4h,ATP5MG,-1,0.0951804932205744,0.811292047035975,0.9992395295828024,1.0,-1.0,-0.811292047035975,OXPHOS-down,"Human vastus lateralis protein, EE–CON 3.5–4 h"
human_acute|VL|PROT|EE_vs_CON_3.5to4h,ATP5F1B,-1,0.0096552867185505,0.132520230227883,0.9992395295828024,1.0,-1.0,-0.132520230227883,OXPHOS-down,"Human vastus lateralis protein, EE–CON 3.5–4 h"
human_acute|VL|PROT|EE_vs_CON_3.5to4h,IDH2,-1,-0.0518081772517665,-0.595416053242771,0.9992395295828024,1.0,1.0,0.595416053242771,TCA/transport-down,"Human vastus lateralis protein, EE–CON 3.5–4 h"
human_acute|VL|PROT|EE_vs_CON_3.5to4h,OGDH,-1,-0.0132752256580239,-0.188776331282174,0.9992395295828024,1.0,1.0,0.188776331282174,TCA/transport-down,"Human vastus lateralis protein, EE–CON 3.5–4 h"
human_acute|VL|PROT|EE_vs_CON_3.5to4h,SLC25A4,-1,0.105698134707934,1.12537275299887,0.9992395295828024,1.0,-1.0,-1.12537275299887,TCA/transport-down,"Human vastus lateralis protein, EE–CON 3.5–4 h"
human_acute|VL|PROT|EE_vs_CON_3.5to4h,ECH1,-1,0.0187599892468362,0.22519249239671,0.9992395295828024,1.0,-1.0,-0.22519249239671,TCA/transport-down,"Human vastus lateralis protein, EE–CON 3.5–4 h"
human_acute|VL|PROT|EE_vs_CON_3.5to4h,GLO1,1,0.0211288304935326,0.41234509628597,0.9992395295828024,1.0,1.0,0.41234509628597,glycolytic-up,"Human vastus lateralis protein, EE–CON 3.5–4 h"
human_acute|VL|PROT|EE_vs_CON_3.5to4h,FBP2,1,0.0405078210038327,0.484755366511201,0.9992395295828024,1.0,1.0,0.484755366511201,glycolytic-up,"Human vastus lateralis protein, EE–CON 3.5–4 h"
human_acute|VL|PROT|EE_vs_CON_3.5to4h,PEBP1,1,-0.024334466294184,-0.436189535352739,0.9992395295828024,1.0,-1.0,-0.436189535352739,contractile/other-up,"Human vastus lateralis protein, EE–CON 3.5–4 h"
human_acute|VL|PROT|EE_vs_CON_3.5to4h,ATP2A1,1,0.0224388586855743,0.23231582691874,0.9992395295828024,1.0,1.0,0.23231582691874,contractile/other-up,"Human vastus lateralis protein, EE–CON 3.5–4 h"
human_acute|VL|PROT|EE_vs_CON_3.5to4h,MYH1,1,-0.18833671107765,-0.855043574985608,0.9992395295828024,1.0,-1.0,-0.855043574985608,contractile/other-up,"Human vastus lateralis protein, EE–CON 3.5–4 h"
human_acute|VL|PROT|EE_vs_CON_3.5to4h,MYH2,1,0.0911545223700433,1.08469253898669,0.9992395295828024,1.0,1.0,1.08469253898669,contractile/other-up,"Human vastus lateralis protein, EE–CON 3.5–4 h"
human_acute|VL|PROT|EE_vs_CON_3.5to4h,MYH7,1,-0.0725630030973065,-0.495290637834447,0.9992395295828024,1.0,-1.0,-0.495290637834447,contractile/other-up,"Human vastus lateralis protein, EE–CON 3.5–4 h"
human_acute|VL|PROT|EE_vs_CON_3.5to4h,MYLPF,1,0.0486710914670913,0.419709409817391,0.9992395295828024,1.0,1.0,0.419709409817391,contractile/other-up,"Human vastus lateralis protein, EE–CON 3.5–4 h"
human_acute|VL|PROT|EE_vs_CON_3.5to4h,APOA1,1,0.108929073196892,0.409781839886677,0.9992395295828024,1.0,1.0,0.409781839886677,contractile/other-up,"Human vastus lateralis protein, EE–CON 3.5–4 h"
human_acute|VL|PROT|EE_vs_CON_3.5to4h,PDLIM3,1,-0.0934182239890191,-0.920034275404257,0.9992395295828024,2.0,-1.0,-0.920034275404257,contractile/other-up,"Human vastus lateralis protein, EE–CON 3.5–4 h"
human_acute|VL|PROT|EE_vs_CON_3.5to4h,CS,-1,0.0108849399160575,0.150672532645647,0.9992395295828024,1.0,-1.0,-0.150672532645647,phenotype,"Human vastus lateralis protein, EE–CON 3.5–4 h"
human_acute|VL|PROT|EE_vs_CON_3.5to4h,TFAM,-1,-0.0242275992398032,-0.33122906252004,0.9992395295828024,1.0,1.0,0.33122906252004,phenotype,"Human vastus lateralis protein, EE–CON 3.5–4 h"
human_acute|VL|PROT|EE_vs_CON_3.5to4h,PDHA1,-1,-0.405466868759986,-2.34593294735945,0.9992395295828024,2.0,1.0,2.34593294735945,phenotype,"Human vastus lateralis protein, EE–CON 3.5–4 h"
human_acute|VL|PROT|EE_vs_CON_3.5to4h,PDHB,-1,-0.0009342591600499,-0.0132248760277414,0.9992395295828024,1.0,1.0,0.0132248760277414,phenotype,"Human vastus lateralis protein, EE–CON 3.5–4 h"
human_acute|VL|PROT|EE_vs_CON_3.5to4h,LDHA,1,-0.0121578428065263,-0.109142123243968,0.9992395295828024,1.0,-1.0,-0.109142123243968,phenotype,"Human vastus lateralis protein, EE–CON 3.5–4 h"
human_acute|VL|PROT|EE_vs_CON_3.5to4h,LDHB,1,-0.00756014795426,-0.0525965069516471,0.9992395295828024,1.0,-1.0,-0.0525965069516471,phenotype,"Human vastus lateralis protein, EE–CON 3.5–4 h"
human_acute|VL|PROT|EE_vs_CON_24h,NDUFA9,-1,-0.0344670935311253,-0.58749366187543,0.9157996436321848,1.0,1.0,0.58749366187543,OXPHOS-down,"Human vastus lateralis protein, EE–CON 24 h"
human_acute|VL|PROT|EE_vs_CON_24h,UQCRC2,-1,-0.0507662229389955,-0.73666962434862,0.8754438075386997,1.0,1.0,0.73666962434862,OXPHOS-down,"Human vastus lateralis protein, EE–CON 24 h"
human_acute|VL|PROT|EE_vs_CON_24h,UQCRC1,-1,-0.0680600543124908,-0.988961923796049,0.8340097386981494,1.0,1.0,0.988961923796049,OXPHOS-down,"Human vastus lateralis protein, EE–CON 24 h"
human_acute|VL|PROT|EE_vs_CON_24h,ATP5MG,-1,0.0156172115605807,0.153001295391212,0.9822777886359844,1.0,-1.0,-0.153001295391212,OXPHOS-down,"Human vastus lateralis protein, EE–CON 24 h"
human_acute|VL|PROT|EE_vs_CON_24h,ATP5F1B,-1,-0.0424076616510718,-0.669243434148941,0.8935449698646466,1.0,1.0,0.669243434148941,OXPHOS-down,"Human vastus lateralis protein, EE–CON 24 h"
human_acute|VL|PROT|EE_vs_CON_24h,IDH2,-1,-0.0284323145376457,-0.374561974399406,0.950086651496282,1.0,1.0,0.374561974399406,TCA/transport-down,"Human vastus lateralis protein, EE–CON 24 h"
human_acute|VL|PROT|EE_vs_CON_24h,OGDH,-1,-0.0368217406767818,-0.601341848733608,0.9119713973954172,1.0,1.0,0.601341848733608,TCA/transport-down,"Human vastus lateralis protein, EE–CON 24 h"
human_acute|VL|PROT|EE_vs_CON_24h,SLC25A4,-1,-0.0774765562081877,-0.945494377641577,0.8466607986713013,1.0,1.0,0.945494377641577,TCA/transport-down,"Human vastus lateralis protein, EE–CON 24 h"
human_acute|VL|PROT|EE_vs_CON_24h,ECH1,-1,-0.0568195029262178,-0.786386326587196,0.8750832203452097,1.0,1.0,0.786386326587196,TCA/transport-down,"Human vastus lateralis protein, EE–CON 24 h"
human_acute|VL|PROT|EE_vs_CON_24h,GLO1,1,0.039389318304616,0.879723041908927,0.8554822163387383,1.0,1.0,0.879723041908927,glycolytic-up,"Human vastus lateralis protein, EE–CON 24 h"
human_acute|VL|PROT|EE_vs_CON_24h,FBP2,1,0.108363140583664,1.49633661152693,0.7471651022149113,1.0,1.0,1.49633661152693,glycolytic-up,"Human vastus lateralis protein, EE–CON 24 h"
human_acute|VL|PROT|EE_vs_CON_24h,PEBP1,1,-0.0090051191636071,-0.185173863665265,0.9777762127823464,1.0,-1.0,-0.185173863665265,contractile/other-up,"Human vastus lateralis protein, EE–CON 24 h"
human_acute|VL|PROT|EE_vs_CON_24h,ATP2A1,1,0.0618048626531238,0.726674419121947,0.8782844028026864,1.0,1.0,0.726674419121947,contractile/other-up,"Human vastus lateralis protein, EE–CON 24 h"
human_acute|VL|PROT|EE_vs_CON_24h,MYH1,1,0.0551119224396977,0.287678636917442,0.963131101227862,1.0,1.0,0.287678636917442,contractile/other-up,"Human vastus lateralis protein, EE–CON 24 h"
human_acute|VL|PROT|EE_vs_CON_24h,MYH2,1,0.0834608057724294,1.13454116642467,0.7987364457446084,1.0,1.0,1.13454116642467,contractile/other-up,"Human vastus lateralis protein, EE–CON 24 h"
human_acute|VL|PROT|EE_vs_CON_24h,MYH7,1,-0.281356415181613,-2.19158014007721,0.5608367854075702,1.0,-1.0,-2.19158014007721,contractile/other-up,"Human vastus lateralis protein, EE–CON 24 h"
human_acute|VL|PROT|EE_vs_CON_24h,MYLPF,1,0.0904912367981788,0.891904930674841,0.8554822163387383,1.0,1.0,0.891904930674841,contractile/other-up,"Human vastus lateralis protein, EE–CON 24 h"
human_acute|VL|PROT|EE_vs_CON_24h,APOA1,1,0.310990918611791,1.3193771548527,0.7657829954630555,1.0,1.0,1.3193771548527,contractile/other-up,"Human vastus lateralis protein, EE–CON 24 h"
human_acute|VL|PROT|EE_vs_CON_24h,PDLIM3,1,-0.128557764551516,-1.45461468189174,0.7532082268600881,2.0,-1.0,-1.45461468189174,contractile/other-up,"Human vastus lateralis protein, EE–CON 24 h"
human_acute|VL|PROT|EE_vs_CON_24h,CS,-1,-0.0599964806211234,-0.95316404793955,0.8440094524266795,1.0,1.0,0.95316404793955,phenotype,"Human vastus lateralis protein, EE–CON 24 h"
human_acute|VL|PROT|EE_vs_CON_24h,TFAM,-1,-0.0300472712022958,-0.469073789037214,0.9338349966876778,1.0,1.0,0.469073789037214,phenotype,"Human vastus lateralis protein, EE–CON 24 h"
human_acute|VL|PROT|EE_vs_CON_24h,PDHA1,-1,-0.0778528584369896,-1.2025427844588,0.7886810332336884,2.0,1.0,1.2025427844588,phenotype,"Human vastus lateralis protein, EE–CON 24 h"
human_acute|VL|PROT|EE_vs_CON_24h,PDHB,-1,-0.0445734115371572,-0.7236260453618,0.8788125305497508,1.0,1.0,0.7236260453618,phenotype,"Human vastus lateralis protein, EE–CON 24 h"
human_acute|VL|PROT|EE_vs_CON_24h,LDHA,1,0.0863649071674562,0.895072004905928,0.8554822163387383,1.0,1.0,0.895072004905928,phenotype,"Human vastus lateralis protein, EE–CON 24 h"
human_acute|VL|PROT|EE_vs_CON_24h,LDHB,1,-0.200275837550898,-1.60019393559332,0.7306255955333208,1.0,-1.0,-1.60019393559332,phenotype,"Human vastus lateralis protein, EE–CON 24 h"
human_acute|VL|PROT|RE_vs_CON_15to45min,NDUFA9,-1,-0.0832872714226839,-1.39042303493782,0.8067779026272052,1.0,1.0,1.39042303493782,OXPHOS-down,"Human vastus lateralis protein, RE–CON 15–45 min"
human_acute|VL|PROT|RE_vs_CON_15to45min,UQCRC2,-1,-0.053988598189753,-0.769327298371436,0.8792626895834241,1.0,1.0,0.769327298371436,OXPHOS-down,"Human vastus lateralis protein, RE–CON 15–45 min"
human_acute|VL|PROT|RE_vs_CON_15to45min,UQCRC1,-1,-0.0528699968108396,-0.754699178641426,0.8820405383276115,1.0,1.0,0.754699178641426,OXPHOS-down,"Human vastus lateralis protein, RE–CON 15–45 min"
human_acute|VL|PROT|RE_vs_CON_15to45min,ATP5MG,-1,0.0114456048269566,0.109918692991394,0.9790912211498982,1.0,-1.0,-0.109918692991394,OXPHOS-down,"Human vastus lateralis protein, RE–CON 15–45 min"
human_acute|VL|PROT|RE_vs_CON_15to45min,ATP5F1B,-1,-0.1168802248356,-1.8078188928786,0.8067779026272052,1.0,1.0,1.8078188928786,OXPHOS-down,"Human vastus lateralis protein, RE–CON 15–45 min"
human_acute|VL|PROT|RE_vs_CON_15to45min,IDH2,-1,-0.0843941919827349,-1.09103455103313,0.8198826973135804,1.0,1.0,1.09103455103313,TCA/transport-down,"Human vastus lateralis protein, RE–CON 15–45 min"
human_acute|VL|PROT|RE_vs_CON_15to45min,OGDH,-1,-0.0834389190417044,-1.33620026751643,0.8067779026272052,1.0,1.0,1.33620026751643,TCA/transport-down,"Human vastus lateralis protein, RE–CON 15–45 min"
human_acute|VL|PROT|RE_vs_CON_15to45min,SLC25A4,-1,-0.0917524247000989,-1.0988345285711,0.8198826973135804,1.0,1.0,1.0988345285711,TCA/transport-down,"Human vastus lateralis protein, RE–CON 15–45 min"
human_acute|VL|PROT|RE_vs_CON_15to45min,ECH1,-1,-0.15167855051077,-2.05500839750712,0.8067779026272052,1.0,1.0,2.05500839750712,TCA/transport-down,"Human vastus lateralis protein, RE–CON 15–45 min"
human_acute|VL|PROT|RE_vs_CON_15to45min,GLO1,1,-0.0148585509405456,-0.325860661791232,0.94516168035629,1.0,-1.0,-0.325860661791232,glycolytic-up,"Human vastus lateralis protein, RE–CON 15–45 min"
human_acute|VL|PROT|RE_vs_CON_15to45min,FBP2,1,0.0774357635394427,1.04635482743274,0.8266917686750856,1.0,1.0,1.04635482743274,glycolytic-up,"Human vastus lateralis protein, RE–CON 15–45 min"
human_acute|VL|PROT|RE_vs_CON_15to45min,PEBP1,1,-0.0843640189751454,-1.70186297466652,0.8067779026272052,1.0,-1.0,-1.70186297466652,contractile/other-up,"Human vastus lateralis protein, RE–CON 15–45 min"
human_acute|VL|PROT|RE_vs_CON_15to45min,ATP2A1,1,0.0674404787149779,0.780825537363458,0.8782529497933212,1.0,1.0,0.780825537363458,contractile/other-up,"Human vastus lateralis protein, RE–CON 15–45 min"
human_acute|VL|PROT|RE_vs_CON_15to45min,MYH1,1,-0.0247715141747177,-0.126734418653706,0.9764585455409048,1.0,-1.0,-0.126734418653706,contractile/other-up,"Human vastus lateralis protein, RE–CON 15–45 min"
human_acute|VL|PROT|RE_vs_CON_15to45min,MYH2,1,0.0885154536588572,1.18232351605556,0.8077205365761873,1.0,1.0,1.18232351605556,contractile/other-up,"Human vastus lateralis protein, RE–CON 15–45 min"
human_acute|VL|PROT|RE_vs_CON_15to45min,MYH7,1,-0.322894520545304,-2.47234502190083,0.8067779026272052,1.0,-1.0,-2.47234502190083,contractile/other-up,"Human vastus lateralis protein, RE–CON 15–45 min"
human_acute|VL|PROT|RE_vs_CON_15to45min,MYLPF,1,0.123128216542943,1.19224333402268,0.8077205365761873,1.0,1.0,1.19224333402268,contractile/other-up,"Human vastus lateralis protein, RE–CON 15–45 min"
human_acute|VL|PROT|RE_vs_CON_15to45min,APOA1,1,0.327594226811292,1.37199805629825,0.8067779026272052,1.0,1.0,1.37199805629825,contractile/other-up,"Human vastus lateralis protein, RE–CON 15–45 min"
human_acute|VL|PROT|RE_vs_CON_15to45min,PDLIM3,1,0.0659609610976737,0.731736049560988,0.8842869335944032,2.0,1.0,0.731736049560988,contractile/other-up,"Human vastus lateralis protein, RE–CON 15–45 min"
human_acute|VL|PROT|RE_vs_CON_15to45min,CS,-1,-0.0926411440116556,-1.44359055691495,0.8067779026272052,1.0,1.0,1.44359055691495,phenotype,"Human vastus lateralis protein, RE–CON 15–45 min"
human_acute|VL|PROT|RE_vs_CON_15to45min,TFAM,-1,-0.0496409579352791,-0.761600097246028,0.880669527448527,1.0,1.0,0.761600097246028,phenotype,"Human vastus lateralis protein, RE–CON 15–45 min"
human_acute|VL|PROT|RE_vs_CON_15to45min,PDHA1,-1,-0.110575278770956,-1.67607391576214,0.8067779026272052,2.0,1.0,1.67607391576214,phenotype,"Human vastus lateralis protein, RE–CON 15–45 min"
human_acute|VL|PROT|RE_vs_CON_15to45min,PDHB,-1,-0.0993530048867682,-1.58250533408684,0.8067779026272052,1.0,1.0,1.58250533408684,phenotype,"Human vastus lateralis protein, RE–CON 15–45 min"
human_acute|VL|PROT|RE_vs_CON_15to45min,LDHA,1,0.0933025987379004,0.946016689906277,0.8432226679743027,1.0,1.0,0.946016689906277,phenotype,"Human vastus lateralis protein, RE–CON 15–45 min"
human_acute|VL|PROT|RE_vs_CON_15to45min,LDHB,1,-0.159216908784228,-1.2474311536475,0.8069674612887112,1.0,-1.0,-1.2474311536475,phenotype,"Human vastus lateralis protein, RE–CON 15–45 min"
human_acute|VL|PROT|RE_vs_CON_3.5to4h,NDUFA9,-1,-0.0588931295050903,-0.897561403853438,0.9999070318892754,1.0,1.0,0.897561403853438,OXPHOS-down,"Human vastus lateralis protein, RE–CON 3.5–4 h"
human_acute|VL|PROT|RE_vs_CON_3.5to4h,UQCRC2,-1,0.0119107425799159,0.155751668069685,0.9999070318892754,1.0,-1.0,-0.155751668069685,OXPHOS-down,"Human vastus lateralis protein, RE–CON 3.5–4 h"
human_acute|VL|PROT|RE_vs_CON_3.5to4h,UQCRC1,-1,0.0056498227827681,0.0740641977549405,0.9999070318892754,1.0,-1.0,-0.0740641977549405,OXPHOS-down,"Human vastus lateralis protein, RE–CON 3.5–4 h"
human_acute|VL|PROT|RE_vs_CON_3.5to4h,ATP5MG,-1,0.0174572193862147,0.153311055093877,0.9999070318892754,1.0,-1.0,-0.153311055093877,OXPHOS-down,"Human vastus lateralis protein, RE–CON 3.5–4 h"
human_acute|VL|PROT|RE_vs_CON_3.5to4h,ATP5F1B,-1,-0.0292133882997308,-0.413074641393836,0.9999070318892754,1.0,1.0,0.413074641393836,OXPHOS-down,"Human vastus lateralis protein, RE–CON 3.5–4 h"
human_acute|VL|PROT|RE_vs_CON_3.5to4h,IDH2,-1,-0.0630038433913265,-0.746439679755477,0.9999070318892754,1.0,1.0,0.746439679755477,TCA/transport-down,"Human vastus lateralis protein, RE–CON 3.5–4 h"
human_acute|VL|PROT|RE_vs_CON_3.5to4h,OGDH,-1,-0.0479816932528561,-0.703121477459533,0.9999070318892754,1.0,1.0,0.703121477459533,TCA/transport-down,"Human vastus lateralis protein, RE–CON 3.5–4 h"
human_acute|VL|PROT|RE_vs_CON_3.5to4h,SLC25A4,-1,0.0216928616490111,0.238098281240343,0.9999070318892754,1.0,-1.0,-0.238098281240343,TCA/transport-down,"Human vastus lateralis protein, RE–CON 3.5–4 h"
human_acute|VL|PROT|RE_vs_CON_3.5to4h,ECH1,-1,-0.0421898002881714,-0.521311670915349,0.9999070318892754,1.0,1.0,0.521311670915349,TCA/transport-down,"Human vastus lateralis protein, RE–CON 3.5–4 h"
human_acute|VL|PROT|RE_vs_CON_3.5to4h,GLO1,1,0.0658362989746688,1.32483025222329,0.9999070318892754,1.0,1.0,1.32483025222329,glycolytic-up,"Human vastus lateralis protein, RE–CON 3.5–4 h"
human_acute|VL|PROT|RE_vs_CON_3.5to4h,FBP2,1,0.0043134596475339,0.0531187805824943,0.9999070318892754,1.0,1.0,0.0531187805824943,glycolytic-up,"Human vastus lateralis protein, RE–CON 3.5–4 h"
human_acute|VL|PROT|RE_vs_CON_3.5to4h,PEBP1,1,0.0428572242673504,0.79181159617018,0.9999070318892754,1.0,1.0,0.79181159617018,contractile/other-up,"Human vastus lateralis protein, RE–CON 3.5–4 h"
human_acute|VL|PROT|RE_vs_CON_3.5to4h,ATP2A1,1,-0.0011606706366724,-0.012397121501503,0.9999070318892754,1.0,-1.0,-0.012397121501503,contractile/other-up,"Human vastus lateralis protein, RE–CON 3.5–4 h"
human_acute|VL|PROT|RE_vs_CON_3.5to4h,MYH1,1,-0.292365980097736,-1.36745557234976,0.9999070318892754,1.0,-1.0,-1.36745557234976,contractile/other-up,"Human vastus lateralis protein, RE–CON 3.5–4 h"
human_acute|VL|PROT|RE_vs_CON_3.5to4h,MYH2,1,0.0754954972393651,0.926500391184471,0.9999070318892754,1.0,1.0,0.926500391184471,contractile/other-up,"Human vastus lateralis protein, RE–CON 3.5–4 h"
human_acute|VL|PROT|RE_vs_CON_3.5to4h,MYH7,1,0.0274130827440131,0.192991596749535,0.9999070318892754,1.0,1.0,0.192991596749535,contractile/other-up,"Human vastus lateralis protein, RE–CON 3.5–4 h"
human_acute|VL|PROT|RE_vs_CON_3.5to4h,MYLPF,1,0.0664744196829464,0.591160887402331,0.9999070318892754,1.0,1.0,0.591160887402331,contractile/other-up,"Human vastus lateralis protein, RE–CON 3.5–4 h"
human_acute|VL|PROT|RE_vs_CON_3.5to4h,APOA1,1,0.103437091916204,0.401420568430367,0.9999070318892754,1.0,1.0,0.401420568430367,contractile/other-up,"Human vastus lateralis protein, RE–CON 3.5–4 h"
human_acute|VL|PROT|RE_vs_CON_3.5to4h,PDLIM3,1,0.0509669292699787,0.843550254373665,0.9999070318892754,2.0,1.0,0.843550254373665,contractile/other-up,"Human vastus lateralis protein, RE–CON 3.5–4 h"
human_acute|VL|PROT|RE_vs_CON_3.5to4h,CS,-1,-0.0493993801723195,-0.704751741146998,0.9999070318892754,1.0,1.0,0.704751741146998,phenotype,"Human vastus lateralis protein, RE–CON 3.5–4 h"
human_acute|VL|PROT|RE_vs_CON_3.5to4h,TFAM,-1,0.0134479275749912,0.189621312678529,0.9999070318892754,1.0,-1.0,-0.189621312678529,phenotype,"Human vastus lateralis protein, RE–CON 3.5–4 h"
human_acute|VL|PROT|RE_vs_CON_3.5to4h,PDHA1,-1,-0.265713900520141,-1.60330370633717,0.9999070318892754,2.0,1.0,1.60330370633717,phenotype,"Human vastus lateralis protein, RE–CON 3.5–4 h"
human_acute|VL|PROT|RE_vs_CON_3.5to4h,PDHB,-1,-0.0460303606416688,-0.671638190348389,0.9999070318892754,1.0,1.0,0.671638190348389,phenotype,"Human vastus lateralis protein, RE–CON 3.5–4 h"
human_acute|VL|PROT|RE_vs_CON_3.5to4h,LDHA,1,0.0162264194911301,0.149867528692235,0.9999070318892754,1.0,1.0,0.149867528692235,phenotype,"Human vastus lateralis protein, RE–CON 3.5–4 h"
human_acute|VL|PROT|RE_vs_CON_3.5to4h,LDHB,1,-0.0233845726011355,-0.167650139059743,0.9999070318892754,1.0,-1.0,-0.167650139059743,phenotype,"Human vastus lateralis protein, RE–CON 3.5–4 h"
human_acute|VL|PROT|RE_vs_CON_24h,NDUFA9,-1,-0.0943038717316952,-1.66183830886515,0.6547742576118869,1.0,1.0,1.66183830886515,OXPHOS-down,"Human vastus lateralis protein, RE–CON 24 h"
human_acute|VL|PROT|RE_vs_CON_24h,UQCRC2,-1,-0.116764905031807,-1.75056344405146,0.6324652399220552,1.0,1.0,1.75056344405146,OXPHOS-down,"Human vastus lateralis protein, RE–CON 24 h"
human_acute|VL|PROT|RE_vs_CON_24h,UQCRC1,-1,-0.127196187949123,-1.90932677480311,0.5778482305476768,1.0,1.0,1.90932677480311,OXPHOS-down,"Human vastus lateralis protein, RE–CON 24 h"
human_acute|VL|PROT|RE_vs_CON_24h,ATP5MG,-1,-0.0867924570882158,-0.878921000814364,0.8785442844356873,1.0,1.0,0.878921000814364,OXPHOS-down,"Human vastus lateralis protein, RE–CON 24 h"
human_acute|VL|PROT|RE_vs_CON_24h,ATP5F1B,-1,-0.0922595780750429,-1.50502502715684,0.6990027023426052,1.0,1.0,1.50502502715684,OXPHOS-down,"Human vastus lateralis protein, RE–CON 24 h"
human_acute|VL|PROT|RE_vs_CON_24h,IDH2,-1,-0.117752819600303,-1.60300494503238,0.667526744585029,1.0,1.0,1.60300494503238,TCA/transport-down,"Human vastus lateralis protein, RE–CON 24 h"
human_acute|VL|PROT|RE_vs_CON_24h,OGDH,-1,-0.103298707487273,-1.7436207144372,0.6334788487079539,1.0,1.0,1.7436207144372,TCA/transport-down,"Human vastus lateralis protein, RE–CON 24 h"
human_acute|VL|PROT|RE_vs_CON_24h,SLC25A4,-1,-0.178890915370991,-2.2559307919194,0.480731314927185,1.0,1.0,2.2559307919194,TCA/transport-down,"Human vastus lateralis protein, RE–CON 24 h"
human_acute|VL|PROT|RE_vs_CON_24h,ECH1,-1,-0.141285506209311,-2.02180824279233,0.5573744382284216,1.0,1.0,2.02180824279233,TCA/transport-down,"Human vastus lateralis protein, RE–CON 24 h"
human_acute|VL|PROT|RE_vs_CON_24h,GLO1,1,0.04889195014692,1.12818212636177,0.8217844342725117,1.0,1.0,1.12818212636177,glycolytic-up,"Human vastus lateralis protein, RE–CON 24 h"
human_acute|VL|PROT|RE_vs_CON_24h,FBP2,1,0.150291197115303,2.14591886494027,0.5240202968088831,1.0,1.0,2.14591886494027,glycolytic-up,"Human vastus lateralis protein, RE–CON 24 h"
human_acute|VL|PROT|RE_vs_CON_24h,PEBP1,1,-0.0642486323690548,-1.36534934594662,0.7533616631346493,1.0,-1.0,-1.36534934594662,contractile/other-up,"Human vastus lateralis protein, RE–CON 24 h"
human_acute|VL|PROT|RE_vs_CON_24h,ATP2A1,1,0.0806414523242535,0.978777317555893,0.8542409011655603,1.0,1.0,0.978777317555893,contractile/other-up,"Human vastus lateralis protein, RE–CON 24 h"
human_acute|VL|PROT|RE_vs_CON_24h,MYH1,1,0.409203301368468,2.20796527793374,0.5021679132692604,1.0,1.0,2.20796527793374,contractile/other-up,"Human vastus lateralis protein, RE–CON 24 h"
human_acute|VL|PROT|RE_vs_CON_24h,MYH2,1,0.143890644369584,2.02049972564567,0.5573744382284216,1.0,1.0,2.02049972564567,contractile/other-up,"Human vastus lateralis protein, RE–CON 24 h"
human_acute|VL|PROT|RE_vs_CON_24h,MYH7,1,-0.365807344814337,-2.94300618176485,0.2381108018728708,1.0,-1.0,-2.94300618176485,contractile/other-up,"Human vastus lateralis protein, RE–CON 24 h"
human_acute|VL|PROT|RE_vs_CON_24h,MYLPF,1,0.207722108141347,2.11499009078476,0.5334056145734934,1.0,1.0,2.11499009078476,contractile/other-up,"Human vastus lateralis protein, RE–CON 24 h"
human_acute|VL|PROT|RE_vs_CON_24h,APOA1,1,0.233881925524053,1.0235763796768,0.8411522601352253,1.0,1.0,1.0235763796768,contractile/other-up,"Human vastus lateralis protein, RE–CON 24 h"
human_acute|VL|PROT|RE_vs_CON_24h,PDLIM3,1,0.0691519192007574,1.32472999879518,0.7675855039020757,2.0,1.0,1.32472999879518,contractile/other-up,"Human vastus lateralis protein, RE–CON 24 h"
human_acute|VL|PROT|RE_vs_CON_24h,CS,-1,-0.118077407344459,-1.93873931714684,0.5778482305476768,1.0,1.0,1.93873931714684,phenotype,"Human vastus lateralis protein, RE–CON 24 h"
human_acute|VL|PROT|RE_vs_CON_24h,TFAM,-1,-0.0833432541542203,-1.34392150305341,0.7591505599495821,1.0,1.0,1.34392150305341,phenotype,"Human vastus lateralis protein, RE–CON 24 h"
human_acute|VL|PROT|RE_vs_CON_24h,PDHA1,-1,-0.116641052617324,-1.86179113403608,0.6018585731874039,2.0,1.0,1.86179113403608,phenotype,"Human vastus lateralis protein, RE–CON 24 h"
human_acute|VL|PROT|RE_vs_CON_24h,PDHB,-1,-0.110050246246696,-1.84631497122794,0.6044382982225334,1.0,1.0,1.84631497122794,phenotype,"Human vastus lateralis protein, RE–CON 24 h"
human_acute|VL|PROT|RE_vs_CON_24h,LDHA,1,0.103657899230526,1.11089191460936,0.8232376122425571,1.0,1.0,1.11089191460936,phenotype,"Human vastus lateralis protein, RE–CON 24 h"
human_acute|VL|PROT|RE_vs_CON_24h,LDHB,1,-0.368299672618152,-3.04148752667132,0.2010988439531165,1.0,-1.0,-3.04148752667132,phenotype,"Human vastus lateralis protein, RE–CON 24 h"
rat_train|SKM-GN|RNA|F_1w,NDUFA9,-1,0.0884129756493463,1.11818370818997,0.8829015065524238,1.0,-1.0,-1.11818370818997,OXPHOS-down,"Rat gastrocnemius RNA, female 1 wk"
rat_train|SKM-GN|RNA|F_1w,UQCRC2,-1,0.0378604514319336,0.498703166608212,0.9692584089214836,1.0,-1.0,-0.498703166608212,OXPHOS-down,"Rat gastrocnemius RNA, female 1 wk"
rat_train|SKM-GN|RNA|F_1w,UQCRC1,-1,0.0243433426946459,0.261436082254712,0.9902478442526024,1.0,-1.0,-0.261436082254712,OXPHOS-down,"Rat gastrocnemius RNA, female 1 wk"
rat_train|SKM-GN|RNA|F_1w,ATP5MG,-1,-0.0913779662008941,-1.20027088267079,0.8672407261336884,1.0,1.0,1.20027088267079,OXPHOS-down,"Rat gastrocnemius RNA, female 1 wk"
rat_train|SKM-GN|RNA|F_1w,ATP5F1B,-1,0.0360605792164151,0.538192000649495,0.9661242089693568,1.0,-1.0,-0.538192000649495,OXPHOS-down,"Rat gastrocnemius RNA, female 1 wk"
rat_train|SKM-GN|RNA|F_1w,IDH2,-1,-0.104318968269502,-1.11464256099344,0.8844086136364951,1.0,1.0,1.11464256099344,TCA/transport-down,"Rat gastrocnemius RNA, female 1 wk"
rat_train|SKM-GN|RNA|F_1w,OGDH,-1,0.0852121765543449,1.09269435903828,0.8935948604864314,1.0,-1.0,-1.09269435903828,TCA/transport-down,"Rat gastrocnemius RNA, female 1 wk"
rat_train|SKM-GN|RNA|F_1w,SLC25A4,-1,0.0805503430975529,1.19696905933164,0.8690014434557847,1.0,-1.0,-1.19696905933164,TCA/transport-down,"Rat gastrocnemius RNA, female 1 wk"
rat_train|SKM-GN|RNA|F_1w,ECH1,-1,0.169653837537607,2.02001734936413,0.5921221303042862,1.0,-1.0,-2.02001734936413,TCA/transport-down,"Rat gastrocnemius RNA, female 1 wk"
rat_train|SKM-GN|RNA|F_1w,GLO1,1,-0.0011719125722582,-0.0201451841785023,0.998201907528224,1.0,-1.0,-0.0201451841785023,glycolytic-up,"Rat gastrocnemius RNA, female 1 wk"
rat_train|SKM-GN|RNA|F_1w,FBP2,1,0.0568537737336998,0.255135379881663,0.9902478442526024,1.0,1.0,0.255135379881663,glycolytic-up,"Rat gastrocnemius RNA, female 1 wk"
rat_train|SKM-GN|RNA|F_1w,PEBP1,1,-0.0245725983050181,-0.359970382670286,0.9802491256293866,1.0,-1.0,-0.359970382670286,contractile/other-up,"Rat gastrocnemius RNA, female 1 wk"
rat_train|SKM-GN|RNA|F_1w,ATP2A1,1,,,,,,,contractile/other-up,"Rat gastrocnemius RNA, female 1 wk"
rat_train|SKM-GN|RNA|F_1w,MYH1,1,0.022372120273812,0.303063364469817,0.9868637219193,1.0,1.0,0.303063364469817,contractile/other-up,"Rat gastrocnemius RNA, female 1 wk"
rat_train|SKM-GN|RNA|F_1w,MYH2,1,0.022372120273812,0.303063364469817,0.9868637219193,1.0,1.0,0.303063364469817,contractile/other-up,"Rat gastrocnemius RNA, female 1 wk"
rat_train|SKM-GN|RNA|F_1w,MYH7,1,-0.315151927483409,-1.01547010194906,0.9041465736725584,1.0,-1.0,-1.01547010194906,contractile/other-up,"Rat gastrocnemius RNA, female 1 wk"
rat_train|SKM-GN|RNA|F_1w,MYLPF,1,-0.034342456205291,-0.389202283265972,0.9800161978495908,1.0,-1.0,-0.389202283265972,contractile/other-up,"Rat gastrocnemius RNA, female 1 wk"
rat_train|SKM-GN|RNA|F_1w,APOA1,1,,,,,,,contractile/other-up,"Rat gastrocnemius RNA, female 1 wk"
rat_train|SKM-GN|RNA|F_1w,PDLIM3,1,-0.302655944209871,-3.45237871456835,0.0750259703532433,1.0,-1.0,-3.45237871456835,contractile/other-up,"Rat gastrocnemius RNA, female 1 wk"
rat_train|SKM-GN|RNA|F_1w,CS,-1,0.0663242015685279,0.779270746540917,0.9436146855994724,1.0,-1.0,-0.779270746540917,phenotype,"Rat gastrocnemius RNA, female 1 wk"
rat_train|SKM-GN|RNA|F_1w,TFAM,-1,-0.0244762301691084,-0.340172777758623,0.983585863281318,1.0,1.0,0.340172777758623,phenotype,"Rat gastrocnemius RNA, female 1 wk"
rat_train|SKM-GN|RNA|F_1w,PDHA1,-1,0.0601161836658032,0.731590911119106,0.949391501488524,1.0,-1.0,-0.731590911119106,phenotype,"Rat gastrocnemius RNA, female 1 wk"
rat_train|SKM-GN|RNA|F_1w,PDHB,-1,0.0396932994750888,0.49642666410237,0.9692584089214836,1.0,-1.0,-0.49642666410237,phenotype,"Rat gastrocnemius RNA, female 1 wk"
rat_train|SKM-GN|RNA|F_1w,LDHA,1,-0.0561498167050548,-0.762585793419178,0.9472338992999416,1.0,-1.0,-0.762585793419178,phenotype,"Rat gastrocnemius RNA, female 1 wk"
rat_train|SKM-GN|RNA|F_1w,LDHB,1,-0.106266659977646,-0.436207283045907,0.9747100825057516,1.0,-1.0,-0.436207283045907,phenotype,"Rat gastrocnemius RNA, female 1 wk"
rat_train|SKM-GN|RNA|F_2w,NDUFA9,-1,0.0796917867423346,1.15889333591142,0.9973696164570588,1.0,-1.0,-1.15889333591142,OXPHOS-down,"Rat gastrocnemius RNA, female 2 wk"
rat_train|SKM-GN|RNA|F_2w,UQCRC2,-1,0.0323077700500655,0.489410464122469,0.9973696164570588,1.0,-1.0,-0.489410464122469,OXPHOS-down,"Rat gastrocnemius RNA, female 2 wk"
rat_train|SKM-GN|RNA|F_2w,UQCRC1,-1,0.0335691421412403,0.414793235367864,0.9973696164570588,1.0,-1.0,-0.414793235367864,OXPHOS-down,"Rat gastrocnemius RNA, female 2 wk"
rat_train|SKM-GN|RNA|F_2w,ATP5MG,-1,-0.121474383306805,-1.83346273658722,0.9222120706038648,1.0,1.0,1.83346273658722,OXPHOS-down,"Rat gastrocnemius RNA, female 2 wk"
rat_train|SKM-GN|RNA|F_2w,ATP5F1B,-1,0.0259399954113022,0.445331248392683,0.9973696164570588,1.0,-1.0,-0.445331248392683,OXPHOS-down,"Rat gastrocnemius RNA, female 2 wk"
rat_train|SKM-GN|RNA|F_2w,IDH2,-1,-0.0665418884528169,-0.818019201383859,0.9973696164570588,1.0,1.0,0.818019201383859,TCA/transport-down,"Rat gastrocnemius RNA, female 2 wk"
rat_train|SKM-GN|RNA|F_2w,OGDH,-1,0.0388729387137768,0.573376680467496,0.9973696164570588,1.0,-1.0,-0.573376680467496,TCA/transport-down,"Rat gastrocnemius RNA, female 2 wk"
rat_train|SKM-GN|RNA|F_2w,SLC25A4,-1,0.0246884950651969,0.422005485016434,0.9973696164570588,1.0,-1.0,-0.422005485016434,TCA/transport-down,"Rat gastrocnemius RNA, female 2 wk"
rat_train|SKM-GN|RNA|F_2w,ECH1,-1,0.0221167538045607,0.303091237962431,0.9973696164570588,1.0,-1.0,-0.303091237962431,TCA/transport-down,"Rat gastrocnemius RNA, female 2 wk"
rat_train|SKM-GN|RNA|F_2w,GLO1,1,-0.0294500941213656,-0.580196483437779,0.9973696164570588,1.0,-1.0,-0.580196483437779,glycolytic-up,"Rat gastrocnemius RNA, female 2 wk"
rat_train|SKM-GN|RNA|F_2w,FBP2,1,-0.362110794434065,-1.86781832559449,0.9098007531915252,1.0,-1.0,-1.86781832559449,glycolytic-up,"Rat gastrocnemius RNA, female 2 wk"
rat_train|SKM-GN|RNA|F_2w,PEBP1,1,-0.0351447724729465,-0.592192007486479,0.9973696164570588,1.0,-1.0,-0.592192007486479,contractile/other-up,"Rat gastrocnemius RNA, female 2 wk"
rat_train|SKM-GN|RNA|F_2w,ATP2A1,1,,,,,,,contractile/other-up,"Rat gastrocnemius RNA, female 2 wk"
rat_train|SKM-GN|RNA|F_2w,MYH1,1,0.0295346565284518,0.460238093798764,0.9973696164570588,1.0,1.0,0.460238093798764,contractile/other-up,"Rat gastrocnemius RNA, female 2 wk"
rat_train|SKM-GN|RNA|F_2w,MYH2,1,0.0295346565284518,0.460238093798764,0.9973696164570588,1.0,1.0,0.460238093798764,contractile/other-up,"Rat gastrocnemius RNA, female 2 wk"
rat_train|SKM-GN|RNA|F_2w,MYH7,1,-0.251733615540937,-0.933073250270455,0.9973696164570588,1.0,-1.0,-0.933073250270455,contractile/other-up,"Rat gastrocnemius RNA, female 2 wk"
rat_train|SKM-GN|RNA|F_2w,MYLPF,1,-0.125620376197693,-1.63762233318305,0.9679896892852442,1.0,-1.0,-1.63762233318305,contractile/other-up,"Rat gastrocnemius RNA, female 2 wk"
rat_train|SKM-GN|RNA|F_2w,APOA1,1,,,,,,,contractile/other-up,"Rat gastrocnemius RNA, female 2 wk"
rat_train|SKM-GN|RNA|F_2w,PDLIM3,1,-0.126418708533677,-1.65881357923799,0.9608217263539413,1.0,-1.0,-1.65881357923799,contractile/other-up,"Rat gastrocnemius RNA, female 2 wk"
rat_train|SKM-GN|RNA|F_2w,CS,-1,0.0864421498059524,1.16804308377696,0.9973696164570588,1.0,-1.0,-1.16804308377696,phenotype,"Rat gastrocnemius RNA, female 2 wk"
rat_train|SKM-GN|RNA|F_2w,TFAM,-1,0.0183923859349728,0.294727723021524,0.9973696164570588,1.0,-1.0,-0.294727723021524,phenotype,"Rat gastrocnemius RNA, female 2 wk"
rat_train|SKM-GN|RNA|F_2w,PDHA1,-1,0.0071553050132437,0.100154562363692,0.9973696164570588,1.0,-1.0,-0.100154562363692,phenotype,"Rat gastrocnemius RNA, female 2 wk"
rat_train|SKM-GN|RNA|F_2w,PDHB,-1,0.0230241800509063,0.331170537647778,0.9973696164570588,1.0,-1.0,-0.331170537647778,phenotype,"Rat gastrocnemius RNA, female 2 wk"
rat_train|SKM-GN|RNA|F_2w,LDHA,1,-0.173387190438351,-2.70847748930113,0.5930965035079706,1.0,-1.0,-2.70847748930113,phenotype,"Rat gastrocnemius RNA, female 2 wk"
rat_train|SKM-GN|RNA|F_2w,LDHB,1,-0.125717400613091,-0.593889795634942,0.9973696164570588,1.0,-1.0,-0.593889795634942,phenotype,"Rat gastrocnemius RNA, female 2 wk"
rat_train|SKM-GN|RNA|F_4w,NDUFA9,-1,0.123906107313093,1.80732710200542,0.9614946143746648,1.0,-1.0,-1.80732710200542,OXPHOS-down,"Rat gastrocnemius RNA, female 4 wk"
rat_train|SKM-GN|RNA|F_4w,UQCRC2,-1,0.114937332101226,1.74593437866266,0.9738037947703764,1.0,-1.0,-1.74593437866266,OXPHOS-down,"Rat gastrocnemius RNA, female 4 wk"
rat_train|SKM-GN|RNA|F_4w,UQCRC1,-1,0.102285761813338,1.26658772232485,1.0,1.0,-1.0,-1.26658772232485,OXPHOS-down,"Rat gastrocnemius RNA, female 4 wk"
rat_train|SKM-GN|RNA|F_4w,ATP5MG,-1,0.0400970613015368,0.608044131274152,1.0,1.0,-1.0,-0.608044131274152,OXPHOS-down,"Rat gastrocnemius RNA, female 4 wk"
rat_train|SKM-GN|RNA|F_4w,ATP5F1B,-1,0.0596710361876659,1.02640538317738,1.0,1.0,-1.0,-1.02640538317738,OXPHOS-down,"Rat gastrocnemius RNA, female 4 wk"
rat_train|SKM-GN|RNA|F_4w,IDH2,-1,0.02083892588329,0.256713643266662,1.0,1.0,-1.0,-0.256713643266662,TCA/transport-down,"Rat gastrocnemius RNA, female 4 wk"
rat_train|SKM-GN|RNA|F_4w,OGDH,-1,0.10932424008111,1.61591862097907,1.0,1.0,-1.0,-1.61591862097907,TCA/transport-down,"Rat gastrocnemius RNA, female 4 wk"
rat_train|SKM-GN|RNA|F_4w,SLC25A4,-1,0.0972099284685667,1.66486534375987,1.0,1.0,-1.0,-1.66486534375987,TCA/transport-down,"Rat gastrocnemius RNA, female 4 wk"
rat_train|SKM-GN|RNA|F_4w,ECH1,-1,0.104270871485135,1.43217005473167,1.0,1.0,-1.0,-1.43217005473167,TCA/transport-down,"Rat gastrocnemius RNA, female 4 wk"
rat_train|SKM-GN|RNA|F_4w,GLO1,1,-0.0166217651850872,-0.329595704434175,1.0,1.0,-1.0,-0.329595704434175,glycolytic-up,"Rat gastrocnemius RNA, female 4 wk"
rat_train|SKM-GN|RNA|F_4w,FBP2,1,-0.522014797286968,-2.69680418457212,0.5938277110087004,1.0,-1.0,-2.69680418457212,glycolytic-up,"Rat gastrocnemius RNA, female 4 wk"
rat_train|SKM-GN|RNA|F_4w,PEBP1,1,0.0022962554849928,0.038824721500849,1.0,1.0,1.0,0.038824721500849,contractile/other-up,"Rat gastrocnemius RNA, female 4 wk"
rat_train|SKM-GN|RNA|F_4w,ATP2A1,1,,,,,,,contractile/other-up,"Rat gastrocnemius RNA, female 4 wk"
rat_train|SKM-GN|RNA|F_4w,MYH1,1,-0.0955841761246688,-1.49220916612534,1.0,1.0,-1.0,-1.49220916612534,contractile/other-up,"Rat gastrocnemius RNA, female 4 wk"
rat_train|SKM-GN|RNA|F_4w,MYH2,1,-0.0955841761246688,-1.49220916612534,1.0,1.0,-1.0,-1.49220916612534,contractile/other-up,"Rat gastrocnemius RNA, female 4 wk"
rat_train|SKM-GN|RNA|F_4w,MYH7,1,-0.0686500746522468,-0.254923021803276,1.0,1.0,-1.0,-0.254923021803276,contractile/other-up,"Rat gastrocnemius RNA, female 4 wk"
rat_train|SKM-GN|RNA|F_4w,MYLPF,1,-0.183986388943402,-2.40293691404069,0.7319859820430915,1.0,-1.0,-2.40293691404069,contractile/other-up,"Rat gastrocnemius RNA, female 4 wk"
rat_train|SKM-GN|RNA|F_4w,APOA1,1,,,,,,,contractile/other-up,"Rat gastrocnemius RNA, female 4 wk"
rat_train|SKM-GN|RNA|F_4w,PDLIM3,1,-0.109735954297241,-1.44311909498525,1.0,1.0,-1.0,-1.44311909498525,contractile/other-up,"Rat gastrocnemius RNA, female 4 wk"
rat_train|SKM-GN|RNA|F_4w,CS,-1,0.118648474121978,1.60711786625594,1.0,1.0,-1.0,-1.60711786625594,phenotype,"Rat gastrocnemius RNA, female 4 wk"
rat_train|SKM-GN|RNA|F_4w,TFAM,-1,0.0396592525964097,0.640119945336617,1.0,1.0,-1.0,-0.640119945336617,phenotype,"Rat gastrocnemius RNA, female 4 wk"
rat_train|SKM-GN|RNA|F_4w,PDHA1,-1,0.0665789511023995,0.934075290504607,1.0,1.0,-1.0,-0.934075290504607,phenotype,"Rat gastrocnemius RNA, female 4 wk"
rat_train|SKM-GN|RNA|F_4w,PDHB,-1,0.139260870231747,2.00974920027154,0.8990778158745993,1.0,-1.0,-2.00974920027154,phenotype,"Rat gastrocnemius RNA, female 4 wk"
rat_train|SKM-GN|RNA|F_4w,LDHA,1,-0.211930565097171,-3.31694868797183,0.3902234000940042,1.0,-1.0,-3.31694868797183,phenotype,"Rat gastrocnemius RNA, female 4 wk"
rat_train|SKM-GN|RNA|F_4w,LDHB,1,0.049093863041128,0.232360280720481,1.0,1.0,1.0,0.232360280720481,phenotype,"Rat gastrocnemius RNA, female 4 wk"
rat_train|SKM-GN|RNA|F_8w,NDUFA9,-1,0.212061095593998,2.8555260580856,0.3400702305253392,1.0,-1.0,-2.8555260580856,OXPHOS-down,"Rat gastrocnemius RNA, female 8 wk"
rat_train|SKM-GN|RNA|F_8w,UQCRC2,-1,0.171249223078889,2.40028026239303,0.5496161464853337,1.0,-1.0,-2.40028026239303,OXPHOS-down,"Rat gastrocnemius RNA, female 8 wk"
rat_train|SKM-GN|RNA|F_8w,UQCRC1,-1,0.160227388742774,1.83113556925373,0.7909542761535526,1.0,-1.0,-1.83113556925373,OXPHOS-down,"Rat gastrocnemius RNA, female 8 wk"
rat_train|SKM-GN|RNA|F_8w,ATP5MG,-1,0.101935913435397,1.42617425821927,0.9140352459034398,1.0,-1.0,-1.42617425821927,OXPHOS-down,"Rat gastrocnemius RNA, female 8 wk"
rat_train|SKM-GN|RNA|F_8w,ATP5F1B,-1,0.115403388273508,1.83118501748261,0.7909542761535526,1.0,-1.0,-1.83118501748261,OXPHOS-down,"Rat gastrocnemius RNA, female 8 wk"
rat_train|SKM-GN|RNA|F_8w,IDH2,-1,0.0314276121296194,0.357187068005477,0.9989250472725932,1.0,-1.0,-0.357187068005477,TCA/transport-down,"Rat gastrocnemius RNA, female 8 wk"
rat_train|SKM-GN|RNA|F_8w,OGDH,-1,0.129704561799605,1.76878426924558,0.8050747320753162,1.0,-1.0,-1.76878426924558,TCA/transport-down,"Rat gastrocnemius RNA, female 8 wk"
rat_train|SKM-GN|RNA|F_8w,SLC25A4,-1,0.132773090732939,2.09775067701907,0.6833401484607782,1.0,-1.0,-2.09775067701907,TCA/transport-down,"Rat gastrocnemius RNA, female 8 wk"
rat_train|SKM-GN|RNA|F_8w,ECH1,-1,-0.0185026916777731,-0.234796212805509,0.9989250472725932,1.0,1.0,0.234796212805509,TCA/transport-down,"Rat gastrocnemius RNA, female 8 wk"
rat_train|SKM-GN|RNA|F_8w,GLO1,1,-0.018016770550443,-0.329453884222929,0.9989250472725932,1.0,-1.0,-0.329453884222929,glycolytic-up,"Rat gastrocnemius RNA, female 8 wk"
rat_train|SKM-GN|RNA|F_8w,FBP2,1,-0.457238185977231,-2.18062816358137,0.6487048851160047,1.0,-1.0,-2.18062816358137,glycolytic-up,"Rat gastrocnemius RNA, female 8 wk"
rat_train|SKM-GN|RNA|F_8w,PEBP1,1,-0.0104093769375633,-0.162513442032916,0.9989250472725932,1.0,-1.0,-0.162513442032916,contractile/other-up,"Rat gastrocnemius RNA, female 8 wk"
rat_train|SKM-GN|RNA|F_8w,ATP2A1,1,,,,,,,contractile/other-up,"Rat gastrocnemius RNA, female 8 wk"
rat_train|SKM-GN|RNA|F_8w,MYH1,1,-0.0963068376065148,-1.38684505554302,0.923092229425674,1.0,-1.0,-1.38684505554302,contractile/other-up,"Rat gastrocnemius RNA, female 8 wk"
rat_train|SKM-GN|RNA|F_8w,MYH2,1,-0.0963068376065148,-1.38684505554302,0.923092229425674,1.0,-1.0,-1.38684505554302,contractile/other-up,"Rat gastrocnemius RNA, female 8 wk"
rat_train|SKM-GN|RNA|F_8w,MYH7,1,-0.44469717154923,-1.52320623580664,0.8932363678291607,1.0,-1.0,-1.52320623580664,contractile/other-up,"Rat gastrocnemius RNA, female 8 wk"
rat_train|SKM-GN|RNA|F_8w,MYLPF,1,-0.0240876221446538,-0.29019634826087,0.9989250472725932,1.0,-1.0,-0.29019634826087,contractile/other-up,"Rat gastrocnemius RNA, female 8 wk"
rat_train|SKM-GN|RNA|F_8w,APOA1,1,,,,,,,contractile/other-up,"Rat gastrocnemius RNA, female 8 wk"
rat_train|SKM-GN|RNA|F_8w,PDLIM3,1,-0.0168613921293455,-0.204526718615044,0.9989250472725932,1.0,-1.0,-0.204526718615044,contractile/other-up,"Rat gastrocnemius RNA, female 8 wk"
rat_train|SKM-GN|RNA|F_8w,CS,-1,0.210192414042638,2.62704764558006,0.4360927763616554,1.0,-1.0,-2.62704764558006,phenotype,"Rat gastrocnemius RNA, female 8 wk"
rat_train|SKM-GN|RNA|F_8w,TFAM,-1,0.00854210138496,0.127587907592219,0.9989250472725932,1.0,-1.0,-0.127587907592219,phenotype,"Rat gastrocnemius RNA, female 8 wk"
rat_train|SKM-GN|RNA|F_8w,PDHA1,-1,0.11074790796001,1.43374927296408,0.9140352459034398,1.0,-1.0,-1.43374927296408,phenotype,"Rat gastrocnemius RNA, female 8 wk"
rat_train|SKM-GN|RNA|F_8w,PDHB,-1,0.173424093153989,2.31001505719142,0.6056003753084752,1.0,-1.0,-2.31001505719142,phenotype,"Rat gastrocnemius RNA, female 8 wk"
rat_train|SKM-GN|RNA|F_8w,LDHA,1,-0.142772359309902,-2.06145816211488,0.6995481317772656,1.0,-1.0,-2.06145816211488,phenotype,"Rat gastrocnemius RNA, female 8 wk"
rat_train|SKM-GN|RNA|F_8w,LDHB,1,-0.157818928672944,-0.689137224494815,0.9989250472725932,1.0,-1.0,-0.689137224494815,phenotype,"Rat gastrocnemius RNA, female 8 wk"
rat_train|SKM-GN|RNA|M_1w,NDUFA9,-1,0.166313286545411,3.34229445972537,0.1049892616041858,1.0,-1.0,-3.34229445972537,OXPHOS-down,"Rat gastrocnemius RNA, male 1 wk"
rat_train|SKM-GN|RNA|M_1w,UQCRC2,-1,0.172122700813192,3.36366437410756,0.0990047237489758,1.0,-1.0,-3.36366437410756,OXPHOS-down,"Rat gastrocnemius RNA, male 1 wk"
rat_train|SKM-GN|RNA|M_1w,UQCRC1,-1,0.154017702396387,2.4177714986904,0.409665834655126,1.0,-1.0,-2.4177714986904,OXPHOS-down,"Rat gastrocnemius RNA, male 1 wk"
rat_train|SKM-GN|RNA|M_1w,ATP5MG,-1,0.111924716018266,1.57731886093792,0.7701510985561295,1.0,-1.0,-1.57731886093792,OXPHOS-down,"Rat gastrocnemius RNA, male 1 wk"
rat_train|SKM-GN|RNA|M_1w,ATP5F1B,-1,0.11481268069028,2.50093256625561,0.3716812426752158,1.0,-1.0,-2.50093256625561,OXPHOS-down,"Rat gastrocnemius RNA, male 1 wk"
rat_train|SKM-GN|RNA|M_1w,IDH2,-1,0.0454265860564342,0.556070843359181,0.9830272277373476,1.0,-1.0,-0.556070843359181,TCA/transport-down,"Rat gastrocnemius RNA, male 1 wk"
rat_train|SKM-GN|RNA|M_1w,OGDH,-1,0.115167153904607,2.38610304362029,0.4317179512175747,1.0,-1.0,-2.38610304362029,TCA/transport-down,"Rat gastrocnemius RNA, male 1 wk"
rat_train|SKM-GN|RNA|M_1w,SLC25A4,-1,0.115437901942949,2.30903814627581,0.4748337806993531,1.0,-1.0,-2.30903814627581,TCA/transport-down,"Rat gastrocnemius RNA, male 1 wk"
rat_train|SKM-GN|RNA|M_1w,ECH1,-1,0.111099466735982,1.43819198471069,0.8173551999751484,1.0,-1.0,-1.43819198471069,TCA/transport-down,"Rat gastrocnemius RNA, male 1 wk"
rat_train|SKM-GN|RNA|M_1w,GLO1,1,-0.0742796779297209,-1.2158842527968,0.8860698557734975,1.0,-1.0,-1.2158842527968,glycolytic-up,"Rat gastrocnemius RNA, male 1 wk"
rat_train|SKM-GN|RNA|M_1w,FBP2,1,-0.624435530504487,-3.21021656794856,0.1295589975335858,1.0,-1.0,-3.21021656794856,glycolytic-up,"Rat gastrocnemius RNA, male 1 wk"
rat_train|SKM-GN|RNA|M_1w,PEBP1,1,0.0378197996969922,0.806935802768761,0.9606134276943966,1.0,1.0,0.806935802768761,contractile/other-up,"Rat gastrocnemius RNA, male 1 wk"
rat_train|SKM-GN|RNA|M_1w,ATP2A1,1,,,,,,,contractile/other-up,"Rat gastrocnemius RNA, male 1 wk"
rat_train|SKM-GN|RNA|M_1w,MYH1,1,-0.0738317317666299,-1.01459040332325,0.9350177217567766,1.0,-1.0,-1.01459040332325,contractile/other-up,"Rat gastrocnemius RNA, male 1 wk"
rat_train|SKM-GN|RNA|M_1w,MYH2,1,-0.0738317317666299,-1.01459040332325,0.9350177217567766,1.0,-1.0,-1.01459040332325,contractile/other-up,"Rat gastrocnemius RNA, male 1 wk"
rat_train|SKM-GN|RNA|M_1w,MYH7,1,0.0528035035783317,0.158076916694047,0.9965139327688778,1.0,1.0,0.158076916694047,contractile/other-up,"Rat gastrocnemius RNA, male 1 wk"
rat_train|SKM-GN|RNA|M_1w,MYLPF,1,-0.122941619362947,-1.52653330017887,0.7866565333013825,1.0,-1.0,-1.52653330017887,contractile/other-up,"Rat gastrocnemius RNA, male 1 wk"
rat_train|SKM-GN|RNA|M_1w,APOA1,1,,,,,,,contractile/other-up,"Rat gastrocnemius RNA, male 1 wk"
rat_train|SKM-GN|RNA|M_1w,PDLIM3,1,-0.198549433183416,-2.87111006391321,0.2166774076698561,1.0,-1.0,-2.87111006391321,contractile/other-up,"Rat gastrocnemius RNA, male 1 wk"
rat_train|SKM-GN|RNA|M_1w,CS,-1,0.154139955962984,3.092740491433,0.1565355747727586,1.0,-1.0,-3.092740491433,phenotype,"Rat gastrocnemius RNA, male 1 wk"
rat_train|SKM-GN|RNA|M_1w,TFAM,-1,0.0645679528119631,1.05557687050119,0.9280373176181882,1.0,-1.0,-1.05557687050119,phenotype,"Rat gastrocnemius RNA, male 1 wk"
rat_train|SKM-GN|RNA|M_1w,PDHA1,-1,0.132322497671045,2.34736240271345,0.4568493243818853,1.0,-1.0,-2.34736240271345,phenotype,"Rat gastrocnemius RNA, male 1 wk"
rat_train|SKM-GN|RNA|M_1w,PDHB,-1,0.15704687091516,3.12463190584567,0.1477093540410472,1.0,-1.0,-3.12463190584567,phenotype,"Rat gastrocnemius RNA, male 1 wk"
rat_train|SKM-GN|RNA|M_1w,LDHA,1,-0.213032798564434,-3.18944084571677,0.133595744454823,1.0,-1.0,-3.18944084571677,phenotype,"Rat gastrocnemius RNA, male 1 wk"
rat_train|SKM-GN|RNA|M_1w,LDHB,1,0.021011142401861,0.0823443423897132,0.9972902084657888,1.0,1.0,0.0823443423897132,phenotype,"Rat gastrocnemius RNA, male 1 wk"
rat_train|SKM-GN|RNA|M_2w,NDUFA9,-1,0.114543878840499,2.1940584491016,0.7594305197643604,1.0,-1.0,-2.1940584491016,OXPHOS-down,"Rat gastrocnemius RNA, male 2 wk"
rat_train|SKM-GN|RNA|M_2w,UQCRC2,-1,0.0890893560338965,1.66037156018498,0.9338742296650592,1.0,-1.0,-1.66037156018498,OXPHOS-down,"Rat gastrocnemius RNA, male 2 wk"
rat_train|SKM-GN|RNA|M_2w,UQCRC1,-1,0.0602777392852488,0.903034306644379,0.9934648698188544,1.0,-1.0,-0.903034306644379,OXPHOS-down,"Rat gastrocnemius RNA, male 2 wk"
rat_train|SKM-GN|RNA|M_2w,ATP5MG,-1,-0.0173031540120361,-0.232482815169543,0.9973799997489348,1.0,1.0,0.232482815169543,OXPHOS-down,"Rat gastrocnemius RNA, male 2 wk"
rat_train|SKM-GN|RNA|M_2w,ATP5F1B,-1,0.107724273283609,2.24079976940794,0.7275586640676494,1.0,-1.0,-2.24079976940794,OXPHOS-down,"Rat gastrocnemius RNA, male 2 wk"
rat_train|SKM-GN|RNA|M_2w,IDH2,-1,-0.156453833442051,-1.82829006517776,0.9151439570691582,1.0,1.0,1.82829006517776,TCA/transport-down,"Rat gastrocnemius RNA, male 2 wk"
rat_train|SKM-GN|RNA|M_2w,OGDH,-1,0.037792908999098,0.747383912252736,0.9934648698188544,1.0,-1.0,-0.747383912252736,TCA/transport-down,"Rat gastrocnemius RNA, male 2 wk"
rat_train|SKM-GN|RNA|M_2w,SLC25A4,-1,0.128031309853787,2.44562797350351,0.6342182977950576,1.0,-1.0,-2.44562797350351,TCA/transport-down,"Rat gastrocnemius RNA, male 2 wk"
rat_train|SKM-GN|RNA|M_2w,ECH1,-1,0.0092798534651451,0.114551008913567,0.9983165956203738,1.0,-1.0,-0.114551008913567,TCA/transport-down,"Rat gastrocnemius RNA, male 2 wk"
rat_train|SKM-GN|RNA|M_2w,GLO1,1,0.0562349026372558,0.879002905485401,0.9934648698188544,1.0,1.0,0.879002905485401,glycolytic-up,"Rat gastrocnemius RNA, male 2 wk"
rat_train|SKM-GN|RNA|M_2w,FBP2,1,-0.423288041762258,-2.07862836964364,0.8153859595000155,1.0,-1.0,-2.07862836964364,glycolytic-up,"Rat gastrocnemius RNA, male 2 wk"
rat_train|SKM-GN|RNA|M_2w,PEBP1,1,-0.0086710825425934,-0.176207903042223,0.9983165956203738,1.0,-1.0,-0.176207903042223,contractile/other-up,"Rat gastrocnemius RNA, male 2 wk"
rat_train|SKM-GN|RNA|M_2w,ATP2A1,1,,,,,,,contractile/other-up,"Rat gastrocnemius RNA, male 2 wk"
rat_train|SKM-GN|RNA|M_2w,MYH1,1,0.062086506112058,0.81485522986198,0.9934648698188544,1.0,1.0,0.81485522986198,contractile/other-up,"Rat gastrocnemius RNA, male 2 wk"
rat_train|SKM-GN|RNA|M_2w,MYH2,1,0.062086506112058,0.81485522986198,0.9934648698188544,1.0,1.0,0.81485522986198,contractile/other-up,"Rat gastrocnemius RNA, male 2 wk"
rat_train|SKM-GN|RNA|M_2w,MYH7,1,-0.563109545259096,-1.61002044355834,0.944907744093108,1.0,-1.0,-1.61002044355834,contractile/other-up,"Rat gastrocnemius RNA, male 2 wk"
rat_train|SKM-GN|RNA|M_2w,MYLPF,1,0.040852754656927,0.484471825588414,0.9934648698188544,1.0,1.0,0.484471825588414,contractile/other-up,"Rat gastrocnemius RNA, male 2 wk"
rat_train|SKM-GN|RNA|M_2w,APOA1,1,,,,,,,contractile/other-up,"Rat gastrocnemius RNA, male 2 wk"
rat_train|SKM-GN|RNA|M_2w,PDLIM3,1,-0.165130513699587,-2.28023271507052,0.7056363877062789,1.0,-1.0,-2.28023271507052,contractile/other-up,"Rat gastrocnemius RNA, male 2 wk"
rat_train|SKM-GN|RNA|M_2w,CS,-1,0.126586912750717,2.42343397867196,0.6471131220077411,1.0,-1.0,-2.42343397867196,phenotype,"Rat gastrocnemius RNA, male 2 wk"
rat_train|SKM-GN|RNA|M_2w,TFAM,-1,0.0804175548003447,1.24847349946457,0.9802081387566794,1.0,-1.0,-1.24847349946457,phenotype,"Rat gastrocnemius RNA, male 2 wk"
rat_train|SKM-GN|RNA|M_2w,PDHA1,-1,0.125074283785403,2.11762447227758,0.8030693194146259,1.0,-1.0,-2.11762447227758,phenotype,"Rat gastrocnemius RNA, male 2 wk"
rat_train|SKM-GN|RNA|M_2w,PDHB,-1,0.132478534423046,2.51249438393645,0.6021612930267546,1.0,-1.0,-2.51249438393645,phenotype,"Rat gastrocnemius RNA, male 2 wk"
rat_train|SKM-GN|RNA|M_2w,LDHA,1,-0.09675868799782,-1.38350266918874,0.9802081387566794,1.0,-1.0,-1.38350266918874,phenotype,"Rat gastrocnemius RNA, male 2 wk"
rat_train|SKM-GN|RNA|M_2w,LDHB,1,-0.392715285222548,-1.46934924131001,0.9732986764028472,1.0,-1.0,-1.46934924131001,phenotype,"Rat gastrocnemius RNA, male 2 wk"
rat_train|SKM-GN|RNA|M_4w,NDUFA9,-1,0.128578874081133,2.75236873417446,0.2568772812486506,1.0,-1.0,-2.75236873417446,OXPHOS-down,"Rat gastrocnemius RNA, male 4 wk"
rat_train|SKM-GN|RNA|M_4w,UQCRC2,-1,0.116802081945818,2.43055845439242,0.3888312383588648,1.0,-1.0,-2.43055845439242,OXPHOS-down,"Rat gastrocnemius RNA, male 4 wk"
rat_train|SKM-GN|RNA|M_4w,UQCRC1,-1,0.109642101825672,1.83314874470693,0.6657476019350251,1.0,-1.0,-1.83314874470693,OXPHOS-down,"Rat gastrocnemius RNA, male 4 wk"
rat_train|SKM-GN|RNA|M_4w,ATP5MG,-1,0.0361839215650641,0.543030040783255,0.974200841076456,1.0,-1.0,-0.543030040783255,OXPHOS-down,"Rat gastrocnemius RNA, male 4 wk"
rat_train|SKM-GN|RNA|M_4w,ATP5F1B,-1,0.116970021606535,2.71396607074775,0.2579751853638221,1.0,-1.0,-2.71396607074775,OXPHOS-down,"Rat gastrocnemius RNA, male 4 wk"
rat_train|SKM-GN|RNA|M_4w,IDH2,-1,-0.0262927273137851,-0.342791872668203,0.9757264256679192,1.0,1.0,0.342791872668203,TCA/transport-down,"Rat gastrocnemius RNA, male 4 wk"
rat_train|SKM-GN|RNA|M_4w,OGDH,-1,0.0676404923363841,1.49256995856932,0.8082827470659916,1.0,-1.0,-1.49256995856932,TCA/transport-down,"Rat gastrocnemius RNA, male 4 wk"
rat_train|SKM-GN|RNA|M_4w,SLC25A4,-1,0.105762925075192,2.2533332232829,0.4728498459964949,1.0,-1.0,-2.2533332232829,TCA/transport-down,"Rat gastrocnemius RNA, male 4 wk"
rat_train|SKM-GN|RNA|M_4w,ECH1,-1,-0.0058716533299073,-0.0808796420550496,0.9952790387521236,1.0,1.0,0.0808796420550496,TCA/transport-down,"Rat gastrocnemius RNA, male 4 wk"
rat_train|SKM-GN|RNA|M_4w,GLO1,1,0.0175152475089527,0.305992661005543,0.981117002786132,1.0,1.0,0.305992661005543,glycolytic-up,"Rat gastrocnemius RNA, male 4 wk"
rat_train|SKM-GN|RNA|M_4w,FBP2,1,-0.864561434962864,-4.72780834403802,0.0014885088026556,1.0,-1.0,-4.0,glycolytic-up,"Rat gastrocnemius RNA, male 4 wk"
rat_train|SKM-GN|RNA|M_4w,PEBP1,1,0.0196840456468567,0.447444045262335,0.974200841076456,1.0,1.0,0.447444045262335,contractile/other-up,"Rat gastrocnemius RNA, male 4 wk"
rat_train|SKM-GN|RNA|M_4w,ATP2A1,1,,,,,,,contractile/other-up,"Rat gastrocnemius RNA, male 4 wk"
rat_train|SKM-GN|RNA|M_4w,MYH1,1,-0.0452549886040681,-0.662396929150333,0.9732948846213269,1.0,-1.0,-0.662396929150333,contractile/other-up,"Rat gastrocnemius RNA, male 4 wk"
rat_train|SKM-GN|RNA|M_4w,MYH2,1,-0.0452549886040681,-0.662396929150333,0.9732948846213269,1.0,-1.0,-0.662396929150333,contractile/other-up,"Rat gastrocnemius RNA, male 4 wk"
rat_train|SKM-GN|RNA|M_4w,MYH7,1,-0.138633814995344,-0.442056570037763,0.9742269367728796,1.0,-1.0,-0.442056570037763,contractile/other-up,"Rat gastrocnemius RNA, male 4 wk"
rat_train|SKM-GN|RNA|M_4w,MYLPF,1,-0.0673772813051481,-0.891115055565635,0.9484794275978662,1.0,-1.0,-0.891115055565635,contractile/other-up,"Rat gastrocnemius RNA, male 4 wk"
rat_train|SKM-GN|RNA|M_4w,APOA1,1,,,,,,,contractile/other-up,"Rat gastrocnemius RNA, male 4 wk"
rat_train|SKM-GN|RNA|M_4w,PDLIM3,1,-0.138645558973505,-2.13597094243036,0.5233630542780486,1.0,-1.0,-2.13597094243036,contractile/other-up,"Rat gastrocnemius RNA, male 4 wk"
rat_train|SKM-GN|RNA|M_4w,CS,-1,0.144917241193451,3.09747345161872,0.1510216241115707,1.0,-1.0,-3.09747345161872,phenotype,"Rat gastrocnemius RNA, male 4 wk"
rat_train|SKM-GN|RNA|M_4w,TFAM,-1,0.0932679711761019,1.62741448360097,0.7537270430644419,1.0,-1.0,-1.62741448360097,phenotype,"Rat gastrocnemius RNA, male 4 wk"
rat_train|SKM-GN|RNA|M_4w,PDHA1,-1,0.129526690739173,2.44710537334558,0.3814292757656391,1.0,-1.0,-2.44710537334558,phenotype,"Rat gastrocnemius RNA, male 4 wk"
rat_train|SKM-GN|RNA|M_4w,PDHB,-1,0.134566011296641,2.85093022369893,0.2298803367204057,1.0,-1.0,-2.85093022369893,phenotype,"Rat gastrocnemius RNA, male 4 wk"
rat_train|SKM-GN|RNA|M_4w,LDHA,1,-0.207771115224103,-3.31328100078548,0.0929914383312787,1.0,-1.0,-3.31328100078548,phenotype,"Rat gastrocnemius RNA, male 4 wk"
rat_train|SKM-GN|RNA|M_4w,LDHB,1,-0.0433454104756016,-0.180910916070641,0.9925258749210284,1.0,-1.0,-0.180910916070641,phenotype,"Rat gastrocnemius RNA, male 4 wk"
rat_train|SKM-GN|RNA|M_8w,NDUFA9,-1,0.151403550434566,3.12093618504891,0.0552996980697601,1.0,-1.0,-3.12093618504891,OXPHOS-down,"Rat gastrocnemius RNA, male 8 wk"
rat_train|SKM-GN|RNA|M_8w,UQCRC2,-1,0.101666896250651,2.03844227885896,0.3301546011802699,1.0,-1.0,-2.03844227885896,OXPHOS-down,"Rat gastrocnemius RNA, male 8 wk"
rat_train|SKM-GN|RNA|M_8w,UQCRC1,-1,0.134915103279748,2.17481017533308,0.2847221433511179,1.0,-1.0,-2.17481017533308,OXPHOS-down,"Rat gastrocnemius RNA, male 8 wk"
rat_train|SKM-GN|RNA|M_8w,ATP5MG,-1,0.0382582474151696,0.553283355769308,0.8966317775260829,1.0,-1.0,-0.553283355769308,OXPHOS-down,"Rat gastrocnemius RNA, male 8 wk"
rat_train|SKM-GN|RNA|M_8w,ATP5F1B,-1,0.14123315480921,3.15997829552198,0.051252741215831,1.0,-1.0,-3.15997829552198,OXPHOS-down,"Rat gastrocnemius RNA, male 8 wk"
rat_train|SKM-GN|RNA|M_8w,IDH2,-1,0.0166873478518781,0.209792662148617,0.9728364005725364,1.0,-1.0,-0.209792662148617,TCA/transport-down,"Rat gastrocnemius RNA, male 8 wk"
rat_train|SKM-GN|RNA|M_8w,OGDH,-1,0.0579111579383075,1.23191810986637,0.6754690388906095,1.0,-1.0,-1.23191810986637,TCA/transport-down,"Rat gastrocnemius RNA, male 8 wk"
rat_train|SKM-GN|RNA|M_8w,SLC25A4,-1,0.0728442070442437,1.49657623541761,0.5701808243179934,1.0,-1.0,-1.49657623541761,TCA/transport-down,"Rat gastrocnemius RNA, male 8 wk"
rat_train|SKM-GN|RNA|M_8w,ECH1,-1,-0.259825716943721,-3.44334748132999,0.0268251617658795,1.0,1.0,3.44334748132999,TCA/transport-down,"Rat gastrocnemius RNA, male 8 wk"
rat_train|SKM-GN|RNA|M_8w,GLO1,1,-0.0482426327195212,-0.810829524695974,0.8246422501569101,1.0,-1.0,-0.810829524695974,glycolytic-up,"Rat gastrocnemius RNA, male 8 wk"
rat_train|SKM-GN|RNA|M_8w,FBP2,1,-1.5280583170604,-8.02697444060981,4.586679352230323e-12,1.0,-1.0,-4.0,glycolytic-up,"Rat gastrocnemius RNA, male 8 wk"
rat_train|SKM-GN|RNA|M_8w,PEBP1,1,0.0011150578127682,0.0243895416134641,0.9975626722471616,1.0,1.0,0.0243895416134641,contractile/other-up,"Rat gastrocnemius RNA, male 8 wk"
rat_train|SKM-GN|RNA|M_8w,ATP2A1,1,,,,,,,contractile/other-up,"Rat gastrocnemius RNA, male 8 wk"
rat_train|SKM-GN|RNA|M_8w,MYH1,1,-0.027062748064993,-0.382014310486565,0.9400386696990972,1.0,-1.0,-0.382014310486565,contractile/other-up,"Rat gastrocnemius RNA, male 8 wk"
rat_train|SKM-GN|RNA|M_8w,MYH2,1,-0.027062748064993,-0.382014310486565,0.9400386696990972,1.0,-1.0,-0.382014310486565,contractile/other-up,"Rat gastrocnemius RNA, male 8 wk"
rat_train|SKM-GN|RNA|M_8w,MYH7,1,-0.306989436255829,-0.944032596825301,0.777703475101167,1.0,-1.0,-0.944032596825301,contractile/other-up,"Rat gastrocnemius RNA, male 8 wk"
rat_train|SKM-GN|RNA|M_8w,MYLPF,1,0.0093385396745671,0.119111052136206,0.9866474444006876,1.0,1.0,0.119111052136206,contractile/other-up,"Rat gastrocnemius RNA, male 8 wk"
rat_train|SKM-GN|RNA|M_8w,APOA1,1,,,,,,,contractile/other-up,"Rat gastrocnemius RNA, male 8 wk"
rat_train|SKM-GN|RNA|M_8w,PDLIM3,1,-0.010060693724175,-0.149483342331412,0.9825622642178292,1.0,-1.0,-0.149483342331412,contractile/other-up,"Rat gastrocnemius RNA, male 8 wk"
rat_train|SKM-GN|RNA|M_8w,CS,-1,0.150318870786456,3.09600012431919,0.0583045795096759,1.0,-1.0,-3.09600012431919,phenotype,"Rat gastrocnemius RNA, male 8 wk"
rat_train|SKM-GN|RNA|M_8w,TFAM,-1,0.0429975391440908,0.719506361723863,0.8535128321807183,1.0,-1.0,-0.719506361723863,phenotype,"Rat gastrocnemius RNA, male 8 wk"
rat_train|SKM-GN|RNA|M_8w,PDHA1,-1,0.0719332363881131,1.30982442747794,0.6471664957578315,1.0,-1.0,-1.30982442747794,phenotype,"Rat gastrocnemius RNA, male 8 wk"
rat_train|SKM-GN|RNA|M_8w,PDHB,-1,0.08918774098683,1.81920125922153,0.4273397772267668,1.0,-1.0,-1.81920125922153,phenotype,"Rat gastrocnemius RNA, male 8 wk"
rat_train|SKM-GN|RNA|M_8w,LDHA,1,-0.322573726131131,-4.96007809026367,0.0001516425532882,1.0,-1.0,-4.0,phenotype,"Rat gastrocnemius RNA, male 8 wk"
rat_train|SKM-GN|RNA|M_8w,LDHB,1,-0.256508599994955,-1.03227662935527,0.7498475814706732,1.0,-1.0,-1.03227662935527,phenotype,"Rat gastrocnemius RNA, male 8 wk"
rat_train|SKM-GN|PROT|F_1w,NDUFA9,-1,0.235691069934563,2.75450531411025,0.5748706596584547,1.0,-1.0,-2.75450531411025,OXPHOS-down,"Rat gastrocnemius protein, female 1 wk"
rat_train|SKM-GN|PROT|F_1w,UQCRC2,-1,0.196055114523958,1.4649985877004,0.792925602750855,1.0,-1.0,-1.4649985877004,OXPHOS-down,"Rat gastrocnemius protein, female 1 wk"
rat_train|SKM-GN|PROT|F_1w,UQCRC1,-1,0.167437336733108,1.79435272963894,0.7566379997089054,1.0,-1.0,-1.79435272963894,OXPHOS-down,"Rat gastrocnemius protein, female 1 wk"
rat_train|SKM-GN|PROT|F_1w,ATP5MG,-1,0.0999005760047156,0.664851342224007,0.9177418606631288,1.0,-1.0,-0.664851342224007,OXPHOS-down,"Rat gastrocnemius protein, female 1 wk"
rat_train|SKM-GN|PROT|F_1w,ATP5F1B,-1,0.131486400006449,1.51513445577806,0.7799803502047103,1.0,-1.0,-1.51513445577806,OXPHOS-down,"Rat gastrocnemius protein, female 1 wk"
rat_train|SKM-GN|PROT|F_1w,IDH2,-1,0.116808802316947,1.57174176440122,0.7799803502047103,1.0,-1.0,-1.57174176440122,TCA/transport-down,"Rat gastrocnemius protein, female 1 wk"
rat_train|SKM-GN|PROT|F_1w,OGDH,-1,0.181367015368376,2.1219875232175,0.6804649772731747,1.0,-1.0,-2.1219875232175,TCA/transport-down,"Rat gastrocnemius protein, female 1 wk"
rat_train|SKM-GN|PROT|F_1w,SLC25A4,-1,0.26370952048997,1.22519256552636,0.8159434081004341,1.0,-1.0,-1.22519256552636,TCA/transport-down,"Rat gastrocnemius protein, female 1 wk"
rat_train|SKM-GN|PROT|F_1w,ECH1,-1,0.239842187473373,3.06777778034723,0.5363632539289831,1.0,-1.0,-3.06777778034723,TCA/transport-down,"Rat gastrocnemius protein, female 1 wk"
rat_train|SKM-GN|PROT|F_1w,GLO1,1,-0.0953269199044112,-0.427982185845611,0.9520543277940612,1.0,-1.0,-0.427982185845611,glycolytic-up,"Rat gastrocnemius protein, female 1 wk"
rat_train|SKM-GN|PROT|F_1w,FBP2,1,-0.0073103854618378,-0.0977439491299079,0.9919789345251608,1.0,-1.0,-0.0977439491299079,glycolytic-up,"Rat gastrocnemius protein, female 1 wk"
rat_train|SKM-GN|PROT|F_1w,PEBP1,1,-0.0215834514210164,-0.297018860120104,0.9726105313239716,1.0,-1.0,-0.297018860120104,contractile/other-up,"Rat gastrocnemius protein, female 1 wk"
rat_train|SKM-GN|PROT|F_1w,ATP2A1,1,0.156800558723691,1.35140686081447,0.7998983939431041,1.0,1.0,1.35140686081447,contractile/other-up,"Rat gastrocnemius protein, female 1 wk"
rat_train|SKM-GN|PROT|F_1w,MYH1,1,-0.0891118466057426,-0.910066327581932,0.868088992434509,1.0,-1.0,-0.910066327581932,contractile/other-up,"Rat gastrocnemius protein, female 1 wk"
rat_train|SKM-GN|PROT|F_1w,MYH2,1,0.0519408629458861,0.869222800582379,0.8719118079905964,1.0,1.0,0.869222800582379,contractile/other-up,"Rat gastrocnemius protein, female 1 wk"
rat_train|SKM-GN|PROT|F_1w,MYH7,1,-0.109851224561046,-0.410413309021558,0.9524958680943292,2.0,-1.0,-0.410413309021558,contractile/other-up,"Rat gastrocnemius protein, female 1 wk"
rat_train|SKM-GN|PROT|F_1w,MYLPF,1,0.0751090571448888,1.17819196781582,0.8266331372198424,1.0,1.0,1.17819196781582,contractile/other-up,"Rat gastrocnemius protein, female 1 wk"
rat_train|SKM-GN|PROT|F_1w,APOA1,1,-0.460071305042729,-2.65463998137476,0.5748706596584547,1.0,-1.0,-2.65463998137476,contractile/other-up,"Rat gastrocnemius protein, female 1 wk"
rat_train|SKM-GN|PROT|F_1w,PDLIM3,1,-0.255757463863517,-3.30572097698189,0.4108194269591976,3.0,-1.0,-3.30572097698189,contractile/other-up,"Rat gastrocnemius protein, female 1 wk"
rat_train|SKM-GN|PROT|F_1w,CS,-1,0.140098515417238,1.97710129833874,0.7149866482138664,1.0,-1.0,-1.97710129833874,phenotype,"Rat gastrocnemius protein, female 1 wk"
rat_train|SKM-GN|PROT|F_1w,TFAM,-1,0.130731876255123,1.32287945222131,0.7998983939431041,1.0,-1.0,-1.32287945222131,phenotype,"Rat gastrocnemius protein, female 1 wk"
rat_train|SKM-GN|PROT|F_1w,PDHA1,-1,0.118027870852612,1.99323526274314,0.7041786627162934,1.0,-1.0,-1.99323526274314,phenotype,"Rat gastrocnemius protein, female 1 wk"
rat_train|SKM-GN|PROT|F_1w,PDHB,-1,0.0969039776723593,1.57240069693809,0.7799803502047103,1.0,-1.0,-1.57240069693809,phenotype,"Rat gastrocnemius protein, female 1 wk"
rat_train|SKM-GN|PROT|F_1w,LDHA,1,0.0056379316397481,0.0874793700036875,0.992805938187764,1.0,1.0,0.0874793700036875,phenotype,"Rat gastrocnemius protein, female 1 wk"
rat_train|SKM-GN|PROT|F_1w,LDHB,1,-0.0691836005812701,-0.432154163372566,0.9520543277940612,1.0,-1.0,-0.432154163372566,phenotype,"Rat gastrocnemius protein, female 1 wk"
rat_train|SKM-GN|PROT|F_2w,NDUFA9,-1,0.0866017666000579,1.01210888633763,0.7054159179353575,1.0,-1.0,-1.01210888633763,OXPHOS-down,"Rat gastrocnemius protein, female 2 wk"
rat_train|SKM-GN|PROT|F_2w,UQCRC2,-1,-0.108174836080926,-0.808323631179297,0.7817122743351475,1.0,1.0,0.808323631179297,OXPHOS-down,"Rat gastrocnemius protein, female 2 wk"
rat_train|SKM-GN|PROT|F_2w,UQCRC1,-1,0.134007647583657,1.43610136738803,0.5496188238577002,1.0,-1.0,-1.43610136738803,OXPHOS-down,"Rat gastrocnemius protein, female 2 wk"
rat_train|SKM-GN|PROT|F_2w,ATP5MG,-1,-0.104441527976267,-0.695071968911063,0.8086246502922906,1.0,1.0,0.695071968911063,OXPHOS-down,"Rat gastrocnemius protein, female 2 wk"
rat_train|SKM-GN|PROT|F_2w,ATP5F1B,-1,0.216325618433196,2.49274752475965,0.2403844300879167,1.0,-1.0,-2.49274752475965,OXPHOS-down,"Rat gastrocnemius protein, female 2 wk"
rat_train|SKM-GN|PROT|F_2w,IDH2,-1,0.113710039702104,1.53004580893292,0.51230564527233,1.0,-1.0,-1.53004580893292,TCA/transport-down,"Rat gastrocnemius protein, female 2 wk"
rat_train|SKM-GN|PROT|F_2w,OGDH,-1,0.0246467328570084,0.288365883423838,0.927669139481486,1.0,-1.0,-0.288365883423838,TCA/transport-down,"Rat gastrocnemius protein, female 2 wk"
rat_train|SKM-GN|PROT|F_2w,SLC25A4,-1,-0.294838270139618,-1.36981651605351,0.5752262615750018,1.0,1.0,1.36981651605351,TCA/transport-down,"Rat gastrocnemius protein, female 2 wk"
rat_train|SKM-GN|PROT|F_2w,ECH1,-1,0.29749026225343,3.80514381571032,0.0744349029483689,1.0,-1.0,-3.80514381571032,TCA/transport-down,"Rat gastrocnemius protein, female 2 wk"
rat_train|SKM-GN|PROT|F_2w,GLO1,1,-0.658385842674529,-2.95590597451592,0.16148433154996,1.0,-1.0,-2.95590597451592,glycolytic-up,"Rat gastrocnemius protein, female 2 wk"
rat_train|SKM-GN|PROT|F_2w,FBP2,1,-0.113038921580556,-1.51139370944906,0.5201313213077863,1.0,-1.0,-1.51139370944906,glycolytic-up,"Rat gastrocnemius protein, female 2 wk"
rat_train|SKM-GN|PROT|F_2w,PEBP1,1,0.0732123694940708,1.00750589466181,0.7069684510172498,1.0,1.0,1.00750589466181,contractile/other-up,"Rat gastrocnemius protein, female 2 wk"
rat_train|SKM-GN|PROT|F_2w,ATP2A1,1,-0.0538026061732026,-0.463705051206426,0.8871456090003038,1.0,-1.0,-0.463705051206426,contractile/other-up,"Rat gastrocnemius protein, female 2 wk"
rat_train|SKM-GN|PROT|F_2w,MYH1,1,0.09390061866883,0.958972285331438,0.7225000903495911,1.0,1.0,0.958972285331438,contractile/other-up,"Rat gastrocnemius protein, female 2 wk"
rat_train|SKM-GN|PROT|F_2w,MYH2,1,0.0820817373449308,1.37362595777356,0.5748835223543958,1.0,1.0,1.37362595777356,contractile/other-up,"Rat gastrocnemius protein, female 2 wk"
rat_train|SKM-GN|PROT|F_2w,MYH7,1,0.253100791436377,0.945605601980829,0.7240733700778236,2.0,1.0,0.945605601980829,contractile/other-up,"Rat gastrocnemius protein, female 2 wk"
rat_train|SKM-GN|PROT|F_2w,MYLPF,1,0.173872058789265,2.72742956549087,0.1932034187026399,1.0,1.0,2.72742956549087,contractile/other-up,"Rat gastrocnemius protein, female 2 wk"
rat_train|SKM-GN|PROT|F_2w,APOA1,1,-0.472795819028597,-2.7280612167359,0.1932034187026399,1.0,-1.0,-2.7280612167359,contractile/other-up,"Rat gastrocnemius protein, female 2 wk"
rat_train|SKM-GN|PROT|F_2w,PDLIM3,1,-0.197140896098557,-2.52791914174578,0.2335119560232649,3.0,-1.0,-2.52791914174578,contractile/other-up,"Rat gastrocnemius protein, female 2 wk"
rat_train|SKM-GN|PROT|F_2w,CS,-1,0.166900517481971,2.35533709136229,0.2779693751782681,1.0,-1.0,-2.35533709136229,phenotype,"Rat gastrocnemius protein, female 2 wk"
rat_train|SKM-GN|PROT|F_2w,TFAM,-1,0.0642062720058533,0.649705032723017,0.8259363277352281,1.0,-1.0,-0.649705032723017,phenotype,"Rat gastrocnemius protein, female 2 wk"
rat_train|SKM-GN|PROT|F_2w,PDHA1,-1,0.116522396729002,1.96781106345318,0.380277435650253,1.0,-1.0,-1.96781106345318,phenotype,"Rat gastrocnemius protein, female 2 wk"
rat_train|SKM-GN|PROT|F_2w,PDHB,-1,0.178768378956909,2.90076352296647,0.1691957546718014,1.0,-1.0,-2.90076352296647,phenotype,"Rat gastrocnemius protein, female 2 wk"
rat_train|SKM-GN|PROT|F_2w,LDHA,1,-0.106434970214403,-1.65146808008001,0.4681896849326388,1.0,-1.0,-1.65146808008001,phenotype,"Rat gastrocnemius protein, female 2 wk"
rat_train|SKM-GN|PROT|F_2w,LDHB,1,-0.266799797417467,-1.66656031591582,0.4626888416309513,1.0,-1.0,-1.66656031591582,phenotype,"Rat gastrocnemius protein, female 2 wk"
rat_train|SKM-GN|PROT|F_4w,NDUFA9,-1,0.353384050906082,4.12997508311564,0.0229703502278046,1.0,-1.0,-4.0,OXPHOS-down,"Rat gastrocnemius protein, female 4 wk"
rat_train|SKM-GN|PROT|F_4w,UQCRC2,-1,0.292716700115559,2.18729082027192,0.2981123806610403,1.0,-1.0,-2.18729082027192,OXPHOS-down,"Rat gastrocnemius protein, female 4 wk"
rat_train|SKM-GN|PROT|F_4w,UQCRC1,-1,0.267412641790857,2.86574436203694,0.1316435130233887,1.0,-1.0,-2.86574436203694,OXPHOS-down,"Rat gastrocnemius protein, female 4 wk"
rat_train|SKM-GN|PROT|F_4w,ATP5MG,-1,0.147710583267058,0.983033166306855,0.7137621446924226,1.0,-1.0,-0.983033166306855,OXPHOS-down,"Rat gastrocnemius protein, female 4 wk"
rat_train|SKM-GN|PROT|F_4w,ATP5F1B,-1,0.361619349008557,4.16698560103572,0.0218053789187329,1.0,-1.0,-4.0,OXPHOS-down,"Rat gastrocnemius protein, female 4 wk"
rat_train|SKM-GN|PROT|F_4w,IDH2,-1,0.191800379613629,2.58080436651316,0.1916249761877656,1.0,-1.0,-2.58080436651316,TCA/transport-down,"Rat gastrocnemius protein, female 4 wk"
rat_train|SKM-GN|PROT|F_4w,OGDH,-1,0.27934000317387,3.26826793872379,0.0776344157141698,1.0,-1.0,-3.26826793872379,TCA/transport-down,"Rat gastrocnemius protein, female 4 wk"
rat_train|SKM-GN|PROT|F_4w,SLC25A4,-1,0.29193134422927,1.35631095885074,0.5863287167623527,1.0,-1.0,-1.35631095885074,TCA/transport-down,"Rat gastrocnemius protein, female 4 wk"
rat_train|SKM-GN|PROT|F_4w,ECH1,-1,0.385386232576696,4.92940517931929,0.0065031999367716,1.0,-1.0,-4.0,TCA/transport-down,"Rat gastrocnemius protein, female 4 wk"
rat_train|SKM-GN|PROT|F_4w,GLO1,1,-0.0859810832459359,-0.386022877754454,0.9024522197086016,1.0,-1.0,-0.386022877754454,glycolytic-up,"Rat gastrocnemius protein, female 4 wk"
rat_train|SKM-GN|PROT|F_4w,FBP2,1,-0.228587548022264,-3.05634357890637,0.1036441950315837,1.0,-1.0,-3.05634357890637,glycolytic-up,"Rat gastrocnemius protein, female 4 wk"
rat_train|SKM-GN|PROT|F_4w,PEBP1,1,-0.108830722677031,-1.49766488060865,0.5420788200337042,1.0,-1.0,-1.49766488060865,contractile/other-up,"Rat gastrocnemius protein, female 4 wk"
rat_train|SKM-GN|PROT|F_4w,ATP2A1,1,-0.233669173986243,-2.01390943665144,0.3630714406140173,1.0,-1.0,-2.01390943665144,contractile/other-up,"Rat gastrocnemius protein, female 4 wk"
rat_train|SKM-GN|PROT|F_4w,MYH1,1,0.0216967334534874,0.221580713301781,0.9504927888366524,1.0,1.0,0.221580713301781,contractile/other-up,"Rat gastrocnemius protein, female 4 wk"
rat_train|SKM-GN|PROT|F_4w,MYH2,1,0.0761623457098795,1.2745657981431,0.6162524117372857,1.0,1.0,1.2745657981431,contractile/other-up,"Rat gastrocnemius protein, female 4 wk"
rat_train|SKM-GN|PROT|F_4w,MYH7,1,0.133111841630686,0.497316908499681,0.8701454596446143,2.0,1.0,0.497316908499681,contractile/other-up,"Rat gastrocnemius protein, female 4 wk"
rat_train|SKM-GN|PROT|F_4w,MYLPF,1,-0.116466081935606,-1.82693549187828,0.4319453769327915,1.0,-1.0,-1.82693549187828,contractile/other-up,"Rat gastrocnemius protein, female 4 wk"
rat_train|SKM-GN|PROT|F_4w,APOA1,1,-0.350262181310701,-2.02103452286503,0.3607843796585142,1.0,-1.0,-2.02103452286503,contractile/other-up,"Rat gastrocnemius protein, female 4 wk"
rat_train|SKM-GN|PROT|F_4w,PDLIM3,1,-0.0740521244981731,-0.95713985291283,0.7226289386488207,3.0,-1.0,-0.95713985291283,contractile/other-up,"Rat gastrocnemius protein, female 4 wk"
rat_train|SKM-GN|PROT|F_4w,CS,-1,0.3578576121346,5.05016593119917,0.0052913884614387,1.0,-1.0,-4.0,phenotype,"Rat gastrocnemius protein, female 4 wk"
rat_train|SKM-GN|PROT|F_4w,TFAM,-1,0.0806458363231365,0.816057436297219,0.770185073866256,1.0,-1.0,-0.816057436297219,phenotype,"Rat gastrocnemius protein, female 4 wk"
rat_train|SKM-GN|PROT|F_4w,PDHA1,-1,0.236634397593383,3.99624277091393,0.0269683330281887,1.0,-1.0,-3.99624277091393,phenotype,"Rat gastrocnemius protein, female 4 wk"
rat_train|SKM-GN|PROT|F_4w,PDHB,-1,0.191590690191083,3.10882320849498,0.0970247601447688,1.0,-1.0,-3.10882320849498,phenotype,"Rat gastrocnemius protein, female 4 wk"
rat_train|SKM-GN|PROT|F_4w,LDHA,1,-0.16563944255235,-2.57009751237225,0.1928840006757781,1.0,-1.0,-2.57009751237225,phenotype,"Rat gastrocnemius protein, female 4 wk"
rat_train|SKM-GN|PROT|F_4w,LDHB,1,0.195199551934695,1.2193106220013,0.6353266256586688,1.0,1.0,1.2193106220013,phenotype,"Rat gastrocnemius protein, female 4 wk"
rat_train|SKM-GN|PROT|F_8w,NDUFA9,-1,0.518697789387156,6.06198536788364,0.0001661783940042,1.0,-1.0,-4.0,OXPHOS-down,"Rat gastrocnemius protein, female 8 wk"
rat_train|SKM-GN|PROT|F_8w,UQCRC2,-1,0.291453755955646,2.17785361984433,0.2062859655348412,1.0,-1.0,-2.17785361984433,OXPHOS-down,"Rat gastrocnemius protein, female 8 wk"
rat_train|SKM-GN|PROT|F_8w,UQCRC1,-1,0.450810237200054,4.83113620565098,0.0016411664765183,1.0,-1.0,-4.0,OXPHOS-down,"Rat gastrocnemius protein, female 8 wk"
rat_train|SKM-GN|PROT|F_8w,ATP5MG,-1,0.161927592609904,1.07764921480248,0.598380698228089,1.0,-1.0,-1.07764921480248,OXPHOS-down,"Rat gastrocnemius protein, female 8 wk"
rat_train|SKM-GN|PROT|F_8w,ATP5F1B,-1,0.613342041260307,7.06761809468629,2.7375197969036317e-05,1.0,-1.0,-4.0,OXPHOS-down,"Rat gastrocnemius protein, female 8 wk"
rat_train|SKM-GN|PROT|F_8w,IDH2,-1,0.385628920105875,5.18889901504803,0.000811676963235,1.0,-1.0,-4.0,TCA/transport-down,"Rat gastrocnemius protein, female 8 wk"
rat_train|SKM-GN|PROT|F_8w,OGDH,-1,0.401749954360245,4.70045994236659,0.0020897386378295,1.0,-1.0,-4.0,TCA/transport-down,"Rat gastrocnemius protein, female 8 wk"
rat_train|SKM-GN|PROT|F_8w,SLC25A4,-1,0.187407259045453,0.870692798961331,0.6845843438749736,1.0,-1.0,-0.870692798961331,TCA/transport-down,"Rat gastrocnemius protein, female 8 wk"
rat_train|SKM-GN|PROT|F_8w,ECH1,-1,0.474137717508487,6.06460927462382,0.0001661783940042,1.0,-1.0,-4.0,TCA/transport-down,"Rat gastrocnemius protein, female 8 wk"
rat_train|SKM-GN|PROT|F_8w,GLO1,1,-0.809189717046862,-3.63295891876899,0.0189044112298393,1.0,-1.0,-3.63295891876899,glycolytic-up,"Rat gastrocnemius protein, female 8 wk"
rat_train|SKM-GN|PROT|F_8w,FBP2,1,-0.384576945267644,-5.14200921018546,0.0008890450284975,1.0,-1.0,-4.0,glycolytic-up,"Rat gastrocnemius protein, female 8 wk"
rat_train|SKM-GN|PROT|F_8w,PEBP1,1,0.0124991378784586,0.172005839692944,0.9480414033994172,1.0,1.0,0.172005839692944,contractile/other-up,"Rat gastrocnemius protein, female 8 wk"
rat_train|SKM-GN|PROT|F_8w,ATP2A1,1,-0.184126154008282,-1.58691620621489,0.3910423112366267,1.0,-1.0,-1.58691620621489,contractile/other-up,"Rat gastrocnemius protein, female 8 wk"
rat_train|SKM-GN|PROT|F_8w,MYH1,1,0.240848839459689,2.45970010922571,0.1405032729054582,1.0,1.0,2.45970010922571,contractile/other-up,"Rat gastrocnemius protein, female 8 wk"
rat_train|SKM-GN|PROT|F_8w,MYH2,1,0.288743594685138,4.83208213702421,0.0016411664765183,1.0,1.0,4.0,contractile/other-up,"Rat gastrocnemius protein, female 8 wk"
rat_train|SKM-GN|PROT|F_8w,MYH7,1,-0.0573977742480451,-0.806320010827722,0.7128543227320897,2.0,-1.0,-0.806320010827722,contractile/other-up,"Rat gastrocnemius protein, female 8 wk"
rat_train|SKM-GN|PROT|F_8w,MYLPF,1,0.0073952099212013,0.116004344358411,0.9669963964352104,1.0,1.0,0.116004344358411,contractile/other-up,"Rat gastrocnemius protein, female 8 wk"
rat_train|SKM-GN|PROT|F_8w,APOA1,1,-0.35001356743931,-2.01960000539853,0.2478466736124427,1.0,-1.0,-2.01960000539853,contractile/other-up,"Rat gastrocnemius protein, female 8 wk"
rat_train|SKM-GN|PROT|F_8w,PDLIM3,1,-0.32726962524523,-1.7235403113548,0.3471569080484356,3.0,-1.0,-1.7235403113548,contractile/other-up,"Rat gastrocnemius protein, female 8 wk"
rat_train|SKM-GN|PROT|F_8w,CS,-1,0.563669926089568,7.95463491805898,6.3101616370232754e-06,1.0,-1.0,-4.0,phenotype,"Rat gastrocnemius protein, female 8 wk"
rat_train|SKM-GN|PROT|F_8w,TFAM,-1,0.155517826567215,1.57368916528363,0.3970027045748537,1.0,-1.0,-1.57368916528363,phenotype,"Rat gastrocnemius protein, female 8 wk"
rat_train|SKM-GN|PROT|F_8w,PDHA1,-1,0.445709136098077,7.52706255378335,1.367383403607698e-05,1.0,-1.0,-4.0,phenotype,"Rat gastrocnemius protein, female 8 wk"
rat_train|SKM-GN|PROT|F_8w,PDHB,-1,0.442619697339843,7.18211509262138,2.312821942734796e-05,1.0,-1.0,-4.0,phenotype,"Rat gastrocnemius protein, female 8 wk"
rat_train|SKM-GN|PROT|F_8w,LDHA,1,-0.240291175737409,-3.7284099939695,0.0156517940273841,1.0,-1.0,-3.7284099939695,phenotype,"Rat gastrocnemius protein, female 8 wk"
rat_train|SKM-GN|PROT|F_8w,LDHB,1,0.0580297423875778,0.362481781253496,0.8915930263883971,1.0,1.0,0.362481781253496,phenotype,"Rat gastrocnemius protein, female 8 wk"
rat_train|SKM-GN|PROT|M_1w,NDUFA9,-1,-0.0869442491269501,-0.761072125206482,0.7881936501439806,1.0,1.0,0.761072125206482,OXPHOS-down,"Rat gastrocnemius protein, male 1 wk"
rat_train|SKM-GN|PROT|M_1w,UQCRC2,-1,-0.194127115494566,-1.19768189977472,0.6358849796003807,1.0,1.0,1.19768189977472,OXPHOS-down,"Rat gastrocnemius protein, male 1 wk"
rat_train|SKM-GN|PROT|M_1w,UQCRC1,-1,-0.040787544535864,-0.388682368422224,0.9112695619353138,1.0,1.0,0.388682368422224,OXPHOS-down,"Rat gastrocnemius protein, male 1 wk"
rat_train|SKM-GN|PROT|M_1w,ATP5MG,-1,-0.383333940854609,-2.05856077376854,0.3835411363141002,1.0,1.0,2.05856077376854,OXPHOS-down,"Rat gastrocnemius protein, male 1 wk"
rat_train|SKM-GN|PROT|M_1w,ATP5F1B,-1,0.0997942962877353,1.07160948421459,0.6827308004344292,1.0,-1.0,-1.07160948421459,OXPHOS-down,"Rat gastrocnemius protein, male 1 wk"
rat_train|SKM-GN|PROT|M_1w,IDH2,-1,0.0161535036659354,0.19556795539386,0.9607854450193908,1.0,-1.0,-0.19556795539386,TCA/transport-down,"Rat gastrocnemius protein, male 1 wk"
rat_train|SKM-GN|PROT|M_1w,OGDH,-1,0.0807499727775546,0.876572736724499,0.7540012131672624,1.0,-1.0,-0.876572736724499,TCA/transport-down,"Rat gastrocnemius protein, male 1 wk"
rat_train|SKM-GN|PROT|M_1w,SLC25A4,-1,-0.587115768601554,-2.2521027943538,0.3344421433481416,1.0,1.0,2.2521027943538,TCA/transport-down,"Rat gastrocnemius protein, male 1 wk"
rat_train|SKM-GN|PROT|M_1w,ECH1,-1,0.270853592315498,4.42944651008886,0.0480362789737075,1.0,-1.0,-4.0,TCA/transport-down,"Rat gastrocnemius protein, male 1 wk"
rat_train|SKM-GN|PROT|M_1w,GLO1,1,-0.531554671536432,-1.69551060150076,0.4777418245974367,1.0,-1.0,-1.69551060150076,glycolytic-up,"Rat gastrocnemius protein, male 1 wk"
rat_train|SKM-GN|PROT|M_1w,FBP2,1,-0.137246383708077,-1.92586015321192,0.4191387817580659,1.0,-1.0,-1.92586015321192,glycolytic-up,"Rat gastrocnemius protein, male 1 wk"
rat_train|SKM-GN|PROT|M_1w,PEBP1,1,0.0836065399570018,0.98392993056037,0.7186077125558706,1.0,1.0,0.98392993056037,contractile/other-up,"Rat gastrocnemius protein, male 1 wk"
rat_train|SKM-GN|PROT|M_1w,ATP2A1,1,-0.394328396735133,-4.15114507837937,0.0584310703584274,1.0,-1.0,-4.0,contractile/other-up,"Rat gastrocnemius protein, male 1 wk"
rat_train|SKM-GN|PROT|M_1w,MYH1,1,-0.0791683517059343,-0.861088035419193,0.758386819743848,1.0,-1.0,-0.861088035419193,contractile/other-up,"Rat gastrocnemius protein, male 1 wk"
rat_train|SKM-GN|PROT|M_1w,MYH2,1,0.214511405447661,2.95761827859067,0.1856375151366503,1.0,1.0,2.95761827859067,contractile/other-up,"Rat gastrocnemius protein, male 1 wk"
rat_train|SKM-GN|PROT|M_1w,MYH7,1,0.132501391536505,2.26512617882178,0.3316110650347028,2.0,1.0,2.26512617882178,contractile/other-up,"Rat gastrocnemius protein, male 1 wk"
rat_train|SKM-GN|PROT|M_1w,MYLPF,1,0.0285293450081495,0.415415837198324,0.905114473469246,1.0,1.0,0.415415837198324,contractile/other-up,"Rat gastrocnemius protein, male 1 wk"
rat_train|SKM-GN|PROT|M_1w,APOA1,1,0.44239602346185,2.07338442272314,0.380298895516686,1.0,1.0,2.07338442272314,contractile/other-up,"Rat gastrocnemius protein, male 1 wk"
rat_train|SKM-GN|PROT|M_1w,PDLIM3,1,-0.111200447135341,-1.54963852852147,0.525040565178476,3.0,-1.0,-1.54963852852147,contractile/other-up,"Rat gastrocnemius protein, male 1 wk"
rat_train|SKM-GN|PROT|M_1w,CS,-1,0.0484954333442434,0.667497779260112,0.8249604727674851,1.0,-1.0,-0.667497779260112,phenotype,"Rat gastrocnemius protein, male 1 wk"
rat_train|SKM-GN|PROT|M_1w,TFAM,-1,-0.0046153004732762,-0.0514966343008376,0.9926244658696236,1.0,1.0,0.0514966343008376,phenotype,"Rat gastrocnemius protein, male 1 wk"
rat_train|SKM-GN|PROT|M_1w,PDHA1,-1,0.0202528308931698,0.298458297314659,0.936916264110204,1.0,-1.0,-0.298458297314659,phenotype,"Rat gastrocnemius protein, male 1 wk"
rat_train|SKM-GN|PROT|M_1w,PDHB,-1,0.0713081014745766,1.09561543581401,0.674319054845836,1.0,-1.0,-1.09561543581401,phenotype,"Rat gastrocnemius protein, male 1 wk"
rat_train|SKM-GN|PROT|M_1w,LDHA,1,-0.0983549321391566,-2.04470393053589,0.3859331168622966,1.0,-1.0,-2.04470393053589,phenotype,"Rat gastrocnemius protein, male 1 wk"
rat_train|SKM-GN|PROT|M_1w,LDHB,1,0.211263298671117,1.60458791894752,0.5077422625123502,1.0,1.0,1.60458791894752,phenotype,"Rat gastrocnemius protein, male 1 wk"
rat_train|SKM-GN|PROT|M_2w,NDUFA9,-1,0.148783283419724,1.30238412367114,0.6919029020900294,1.0,-1.0,-1.30238412367114,OXPHOS-down,"Rat gastrocnemius protein, male 2 wk"
rat_train|SKM-GN|PROT|M_2w,UQCRC2,-1,0.176662504213181,1.08993266152417,0.7476875778537215,1.0,-1.0,-1.08993266152417,OXPHOS-down,"Rat gastrocnemius protein, male 2 wk"
rat_train|SKM-GN|PROT|M_2w,UQCRC1,-1,0.106977871007603,1.01943896709548,0.7670443908554828,1.0,-1.0,-1.01943896709548,OXPHOS-down,"Rat gastrocnemius protein, male 2 wk"
rat_train|SKM-GN|PROT|M_2w,ATP5MG,-1,-0.0215587029650741,-0.115773469362739,0.9823904154042752,1.0,1.0,0.115773469362739,OXPHOS-down,"Rat gastrocnemius protein, male 2 wk"
rat_train|SKM-GN|PROT|M_2w,ATP5F1B,-1,0.20321789568942,2.18219109191392,0.3995860416987783,1.0,-1.0,-2.18219109191392,OXPHOS-down,"Rat gastrocnemius protein, male 2 wk"
rat_train|SKM-GN|PROT|M_2w,IDH2,-1,-0.0006166726151431,-0.0074659593971087,0.9980916453822538,1.0,1.0,0.0074659593971087,TCA/transport-down,"Rat gastrocnemius protein, male 2 wk"
rat_train|SKM-GN|PROT|M_2w,OGDH,-1,0.24794239757759,2.69151231286896,0.2871418262112593,1.0,-1.0,-2.69151231286896,TCA/transport-down,"Rat gastrocnemius protein, male 2 wk"
rat_train|SKM-GN|PROT|M_2w,SLC25A4,-1,-0.207192970162092,-0.794766368111604,0.8301536599890886,1.0,1.0,0.794766368111604,TCA/transport-down,"Rat gastrocnemius protein, male 2 wk"
rat_train|SKM-GN|PROT|M_2w,ECH1,-1,0.320507877949297,5.24147562268558,0.0083618755838359,1.0,-1.0,-4.0,TCA/transport-down,"Rat gastrocnemius protein, male 2 wk"
rat_train|SKM-GN|PROT|M_2w,GLO1,1,-0.203046002581423,-0.647659908573598,0.8757167730834914,1.0,-1.0,-0.647659908573598,glycolytic-up,"Rat gastrocnemius protein, male 2 wk"
rat_train|SKM-GN|PROT|M_2w,FBP2,1,-0.0601174381471236,-0.843576169460224,0.8132154153739628,1.0,-1.0,-0.843576169460224,glycolytic-up,"Rat gastrocnemius protein, male 2 wk"
rat_train|SKM-GN|PROT|M_2w,PEBP1,1,-0.0665927910645337,-0.783702331440168,0.8327013200143077,1.0,-1.0,-0.783702331440168,contractile/other-up,"Rat gastrocnemius protein, male 2 wk"
rat_train|SKM-GN|PROT|M_2w,ATP2A1,1,-0.197485572864102,-2.07895568930176,0.4358034372654861,1.0,-1.0,-2.07895568930176,contractile/other-up,"Rat gastrocnemius protein, male 2 wk"
rat_train|SKM-GN|PROT|M_2w,MYH1,1,-0.0876970158326267,-0.953851500608948,0.7816061699747681,1.0,-1.0,-0.953851500608948,contractile/other-up,"Rat gastrocnemius protein, male 2 wk"
rat_train|SKM-GN|PROT|M_2w,MYH2,1,0.103292570375011,1.42416667098051,0.6538119881329,1.0,1.0,1.42416667098051,contractile/other-up,"Rat gastrocnemius protein, male 2 wk"
rat_train|SKM-GN|PROT|M_2w,MYH7,1,0.384106256986505,1.46856817455659,0.6403941804008548,2.0,1.0,1.46856817455659,contractile/other-up,"Rat gastrocnemius protein, male 2 wk"
rat_train|SKM-GN|PROT|M_2w,MYLPF,1,-0.0090468400548767,-0.131731052161289,0.979310729951728,1.0,-1.0,-0.131731052161289,contractile/other-up,"Rat gastrocnemius protein, male 2 wk"
rat_train|SKM-GN|PROT|M_2w,APOA1,1,0.236668056262202,1.10919591313309,0.7476875778537215,1.0,1.0,1.10919591313309,contractile/other-up,"Rat gastrocnemius protein, male 2 wk"
rat_train|SKM-GN|PROT|M_2w,PDLIM3,1,0.282603831655164,1.28238254294915,0.6984206903990442,3.0,1.0,1.28238254294915,contractile/other-up,"Rat gastrocnemius protein, male 2 wk"
rat_train|SKM-GN|PROT|M_2w,CS,-1,0.147581109735645,2.03132658512432,0.4481094319713763,1.0,-1.0,-2.03132658512432,phenotype,"Rat gastrocnemius protein, male 2 wk"
rat_train|SKM-GN|PROT|M_2w,TFAM,-1,0.139092211009539,1.55196411716365,0.613823618401266,1.0,-1.0,-1.55196411716365,phenotype,"Rat gastrocnemius protein, male 2 wk"
rat_train|SKM-GN|PROT|M_2w,PDHA1,-1,0.13677662823141,2.01562536070717,0.4505170960913956,1.0,-1.0,-2.01562536070717,phenotype,"Rat gastrocnemius protein, male 2 wk"
rat_train|SKM-GN|PROT|M_2w,PDHB,-1,0.117446229759228,1.80450607352443,0.5284102469650525,1.0,-1.0,-1.80450607352443,phenotype,"Rat gastrocnemius protein, male 2 wk"
rat_train|SKM-GN|PROT|M_2w,LDHA,1,-0.0270467131202002,-0.562275011757476,0.8941653573245226,1.0,-1.0,-0.562275011757476,phenotype,"Rat gastrocnemius protein, male 2 wk"
rat_train|SKM-GN|PROT|M_2w,LDHB,1,0.131830736114226,1.00128137658283,0.7712161553893154,1.0,1.0,1.00128137658283,phenotype,"Rat gastrocnemius protein, male 2 wk"
rat_train|SKM-GN|PROT|M_4w,NDUFA9,-1,0.156375263016371,1.36884100959706,0.5639289328812562,1.0,-1.0,-1.36884100959706,OXPHOS-down,"Rat gastrocnemius protein, male 4 wk"
rat_train|SKM-GN|PROT|M_4w,UQCRC2,-1,0.0288667589322866,0.178095649287735,0.956676517495582,1.0,-1.0,-0.178095649287735,OXPHOS-down,"Rat gastrocnemius protein, male 4 wk"
rat_train|SKM-GN|PROT|M_4w,UQCRC1,-1,0.0264443664776402,0.251999945348922,0.9430065567057212,1.0,-1.0,-0.251999945348922,OXPHOS-down,"Rat gastrocnemius protein, male 4 wk"
rat_train|SKM-GN|PROT|M_4w,ATP5MG,-1,-0.294407530454945,-1.58101260834214,0.4827218792319009,1.0,1.0,1.58101260834214,OXPHOS-down,"Rat gastrocnemius protein, male 4 wk"
rat_train|SKM-GN|PROT|M_4w,ATP5F1B,-1,0.275669629184563,2.96019111445354,0.1314811361114966,1.0,-1.0,-2.96019111445354,OXPHOS-down,"Rat gastrocnemius protein, male 4 wk"
rat_train|SKM-GN|PROT|M_4w,IDH2,-1,0.0717727807054658,0.868941888136628,0.7465509662030176,1.0,-1.0,-0.868941888136628,TCA/transport-down,"Rat gastrocnemius protein, male 4 wk"
rat_train|SKM-GN|PROT|M_4w,OGDH,-1,0.187602202390966,2.03649574493853,0.3467695591509787,1.0,-1.0,-2.03649574493853,TCA/transport-down,"Rat gastrocnemius protein, male 4 wk"
rat_train|SKM-GN|PROT|M_4w,SLC25A4,-1,-0.264384934672175,-1.01414760427655,0.6982503195760399,1.0,1.0,1.01414760427655,TCA/transport-down,"Rat gastrocnemius protein, male 4 wk"
rat_train|SKM-GN|PROT|M_4w,ECH1,-1,0.382897797679412,6.26177891588089,0.000611146646586,1.0,-1.0,-4.0,TCA/transport-down,"Rat gastrocnemius protein, male 4 wk"
rat_train|SKM-GN|PROT|M_4w,GLO1,1,-0.80050990700509,-2.55340251269054,0.2043307642905915,1.0,-1.0,-2.55340251269054,glycolytic-up,"Rat gastrocnemius protein, male 4 wk"
rat_train|SKM-GN|PROT|M_4w,FBP2,1,-0.203875316936803,-2.86080651820435,0.1478887538938526,1.0,-1.0,-2.86080651820435,glycolytic-up,"Rat gastrocnemius protein, male 4 wk"
rat_train|SKM-GN|PROT|M_4w,PEBP1,1,0.0098447903492442,0.115859164721983,0.9741059621985918,1.0,1.0,0.115859164721983,contractile/other-up,"Rat gastrocnemius protein, male 4 wk"
rat_train|SKM-GN|PROT|M_4w,ATP2A1,1,-0.385870109317122,-4.06210361325157,0.0243846190839176,1.0,-1.0,-4.0,contractile/other-up,"Rat gastrocnemius protein, male 4 wk"
rat_train|SKM-GN|PROT|M_4w,MYH1,1,-0.0866673268506301,-0.942651913356031,0.723088439224016,1.0,-1.0,-0.942651913356031,contractile/other-up,"Rat gastrocnemius protein, male 4 wk"
rat_train|SKM-GN|PROT|M_4w,MYH2,1,0.293111857767044,4.04133750554814,0.0249615149473043,1.0,1.0,4.0,contractile/other-up,"Rat gastrocnemius protein, male 4 wk"
rat_train|SKM-GN|PROT|M_4w,MYH7,1,0.0528952606385726,0.904250424985327,0.7340086269940972,2.0,1.0,0.904250424985327,contractile/other-up,"Rat gastrocnemius protein, male 4 wk"
rat_train|SKM-GN|PROT|M_4w,MYLPF,1,-0.0129407889076309,-0.188430847484744,0.9558254211113124,1.0,-1.0,-0.188430847484744,contractile/other-up,"Rat gastrocnemius protein, male 4 wk"
rat_train|SKM-GN|PROT|M_4w,APOA1,1,0.36496166472547,1.71047159197205,0.4427947026157726,1.0,1.0,1.71047159197205,contractile/other-up,"Rat gastrocnemius protein, male 4 wk"
rat_train|SKM-GN|PROT|M_4w,PDLIM3,1,0.13339673133894,0.605319604315451,0.8345828879461177,3.0,1.0,0.605319604315451,contractile/other-up,"Rat gastrocnemius protein, male 4 wk"
rat_train|SKM-GN|PROT|M_4w,CS,-1,0.186567354593144,2.56793859309106,0.1998496306483909,1.0,-1.0,-2.56793859309106,phenotype,"Rat gastrocnemius protein, male 4 wk"
rat_train|SKM-GN|PROT|M_4w,TFAM,-1,0.0223722879528083,0.249625682628842,0.9430964938988512,1.0,-1.0,-0.249625682628842,phenotype,"Rat gastrocnemius protein, male 4 wk"
rat_train|SKM-GN|PROT|M_4w,PDHA1,-1,0.11945395404654,1.76034767289039,0.4340078695255136,1.0,-1.0,-1.76034767289039,phenotype,"Rat gastrocnemius protein, male 4 wk"
rat_train|SKM-GN|PROT|M_4w,PDHB,-1,0.110509886625906,1.6979324241379,0.4458616227194055,1.0,-1.0,-1.6979324241379,phenotype,"Rat gastrocnemius protein, male 4 wk"
rat_train|SKM-GN|PROT|M_4w,LDHA,1,-0.112705363345214,-2.34303551852779,0.2588529810974481,1.0,-1.0,-2.34303551852779,phenotype,"Rat gastrocnemius protein, male 4 wk"
rat_train|SKM-GN|PROT|M_4w,LDHB,1,0.275840260250462,2.09506313657567,0.3275528841159401,1.0,1.0,2.09506313657567,phenotype,"Rat gastrocnemius protein, male 4 wk"
rat_train|SKM-GN|PROT|M_8w,NDUFA9,-1,0.341596910550187,2.85103498381263,0.1002221041004157,1.0,-1.0,-2.85103498381263,OXPHOS-down,"Rat gastrocnemius protein, male 8 wk"
rat_train|SKM-GN|PROT|M_8w,UQCRC2,-1,0.218584465875252,1.28581425714701,0.5152091051929335,1.0,-1.0,-1.28581425714701,OXPHOS-down,"Rat gastrocnemius protein, male 8 wk"
rat_train|SKM-GN|PROT|M_8w,UQCRC1,-1,0.110548022874859,1.00443518289095,0.64051199615903,1.0,-1.0,-1.00443518289095,OXPHOS-down,"Rat gastrocnemius protein, male 8 wk"
rat_train|SKM-GN|PROT|M_8w,ATP5MG,-1,-0.101269224004594,-0.518522443073582,0.8413511532379572,1.0,1.0,0.518522443073582,OXPHOS-down,"Rat gastrocnemius protein, male 8 wk"
rat_train|SKM-GN|PROT|M_8w,ATP5F1B,-1,0.358706527965105,3.67260115404259,0.0302694309535516,1.0,-1.0,-3.67260115404259,OXPHOS-down,"Rat gastrocnemius protein, male 8 wk"
rat_train|SKM-GN|PROT|M_8w,IDH2,-1,0.082402870308611,0.951211205604919,0.6643183654803404,1.0,-1.0,-0.951211205604919,TCA/transport-down,"Rat gastrocnemius protein, male 8 wk"
rat_train|SKM-GN|PROT|M_8w,OGDH,-1,0.292199678097854,3.02432852048029,0.0763645335353229,1.0,-1.0,-3.02432852048029,TCA/transport-down,"Rat gastrocnemius protein, male 8 wk"
rat_train|SKM-GN|PROT|M_8w,SLC25A4,-1,0.142116025934382,0.519769960981211,0.8410299000033047,1.0,-1.0,-0.519769960981211,TCA/transport-down,"Rat gastrocnemius protein, male 8 wk"
rat_train|SKM-GN|PROT|M_8w,ECH1,-1,0.23527662927928,3.66857420890935,0.0302854132517852,1.0,-1.0,-3.66857420890935,TCA/transport-down,"Rat gastrocnemius protein, male 8 wk"
rat_train|SKM-GN|PROT|M_8w,GLO1,1,-0.140347538833726,-0.426835987784876,0.871255413177055,1.0,-1.0,-0.426835987784876,glycolytic-up,"Rat gastrocnemius protein, male 8 wk"
rat_train|SKM-GN|PROT|M_8w,FBP2,1,-0.523582351543639,-7.0050702376085,5.033034598981568e-05,1.0,-1.0,-4.0,glycolytic-up,"Rat gastrocnemius protein, male 8 wk"
rat_train|SKM-GN|PROT|M_8w,PEBP1,1,-0.16240546023777,-1.82233495291839,0.3390308864729849,1.0,-1.0,-1.82233495291839,contractile/other-up,"Rat gastrocnemius protein, male 8 wk"
rat_train|SKM-GN|PROT|M_8w,ATP2A1,1,-0.325086316433253,-3.26296342483733,0.0551557304574114,1.0,-1.0,-3.26296342483733,contractile/other-up,"Rat gastrocnemius protein, male 8 wk"
rat_train|SKM-GN|PROT|M_8w,MYH1,1,0.0512985678000143,0.531991691396672,0.8381074834413147,1.0,1.0,0.531991691396672,contractile/other-up,"Rat gastrocnemius protein, male 8 wk"
rat_train|SKM-GN|PROT|M_8w,MYH2,1,0.254095617808982,3.34035454973975,0.0488016289210225,1.0,1.0,3.34035454973975,contractile/other-up,"Rat gastrocnemius protein, male 8 wk"
rat_train|SKM-GN|PROT|M_8w,MYH7,1,0.528896081189512,1.92804309625919,0.3058890582167649,2.0,1.0,1.92804309625919,contractile/other-up,"Rat gastrocnemius protein, male 8 wk"
rat_train|SKM-GN|PROT|M_8w,MYLPF,1,-0.0517968636714932,-0.719115036159379,0.7657973423442689,1.0,-1.0,-0.719115036159379,contractile/other-up,"Rat gastrocnemius protein, male 8 wk"
rat_train|SKM-GN|PROT|M_8w,APOA1,1,0.348035922208042,1.555236161793,0.4202421283614363,1.0,1.0,1.555236161793,contractile/other-up,"Rat gastrocnemius protein, male 8 wk"
rat_train|SKM-GN|PROT|M_8w,PDLIM3,1,0.255859433686077,3.15817559793231,0.0645831314735108,3.0,1.0,3.15817559793231,contractile/other-up,"Rat gastrocnemius protein, male 8 wk"
rat_train|SKM-GN|PROT|M_8w,CS,-1,0.300633970294994,3.94539682269215,0.0184443104298745,1.0,-1.0,-3.94539682269215,phenotype,"Rat gastrocnemius protein, male 8 wk"
rat_train|SKM-GN|PROT|M_8w,TFAM,-1,0.113156543429347,1.20382177625159,0.5490164323038319,1.0,-1.0,-1.20382177625159,phenotype,"Rat gastrocnemius protein, male 8 wk"
rat_train|SKM-GN|PROT|M_8w,PDHA1,-1,0.190657344381778,2.67889145869824,0.1271936307705151,1.0,-1.0,-2.67889145869824,phenotype,"Rat gastrocnemius protein, male 8 wk"
rat_train|SKM-GN|PROT|M_8w,PDHB,-1,0.142932579096613,2.09389141419035,0.260637886152874,1.0,-1.0,-2.09389141419035,phenotype,"Rat gastrocnemius protein, male 8 wk"
rat_train|SKM-GN|PROT|M_8w,LDHA,1,-0.114018831620218,-2.2600317092906,0.2155661588004233,1.0,-1.0,-2.2600317092906,phenotype,"Rat gastrocnemius protein, male 8 wk"
rat_train|SKM-GN|PROT|M_8w,LDHB,1,0.265058411241376,1.91948494132677,0.3080244152999724,1.0,1.0,1.91948494132677,phenotype,"Rat gastrocnemius protein, male 8 wk"
rat_train|SKM-VL|RNA|F_1w,NDUFA9,-1,0.180724891252593,1.79587598173118,0.8732850857053971,1.0,-1.0,-1.79587598173118,OXPHOS-down,"Rat vastus lateralis RNA, female 1 wk"
rat_train|SKM-VL|RNA|F_1w,UQCRC2,-1,0.103461665534322,1.14671348886441,0.9990421786671966,1.0,-1.0,-1.14671348886441,OXPHOS-down,"Rat vastus lateralis RNA, female 1 wk"
rat_train|SKM-VL|RNA|F_1w,UQCRC1,-1,0.131717788544337,1.32130707062542,0.9740442951655494,1.0,-1.0,-1.32130707062542,OXPHOS-down,"Rat vastus lateralis RNA, female 1 wk"
rat_train|SKM-VL|RNA|F_1w,ATP5MG,-1,0.0231558633386874,0.227781257545317,0.9990421786671966,1.0,-1.0,-0.227781257545317,OXPHOS-down,"Rat vastus lateralis RNA, female 1 wk"
rat_train|SKM-VL|RNA|F_1w,ATP5F1B,-1,0.0766932368410761,0.840996972009039,0.9990421786671966,1.0,-1.0,-0.840996972009039,OXPHOS-down,"Rat vastus lateralis RNA, female 1 wk"
rat_train|SKM-VL|RNA|F_1w,IDH2,-1,0.0222082649474509,0.209388881176706,0.9990421786671966,1.0,-1.0,-0.209388881176706,TCA/transport-down,"Rat vastus lateralis RNA, female 1 wk"
rat_train|SKM-VL|RNA|F_1w,OGDH,-1,0.192493143661497,1.89282833084304,0.841730540146673,1.0,-1.0,-1.89282833084304,TCA/transport-down,"Rat vastus lateralis RNA, female 1 wk"
rat_train|SKM-VL|RNA|F_1w,SLC25A4,-1,0.0926566284386911,1.16206494635685,0.9980570327468348,1.0,-1.0,-1.16206494635685,TCA/transport-down,"Rat vastus lateralis RNA, female 1 wk"
rat_train|SKM-VL|RNA|F_1w,ECH1,-1,0.323909372387134,2.67512814749239,0.4157941628451262,1.0,-1.0,-2.67512814749239,TCA/transport-down,"Rat vastus lateralis RNA, female 1 wk"
rat_train|SKM-VL|RNA|F_1w,GLO1,1,-0.0134548229162981,-0.170729463115043,0.9990421786671966,1.0,-1.0,-0.170729463115043,glycolytic-up,"Rat vastus lateralis RNA, female 1 wk"
rat_train|SKM-VL|RNA|F_1w,FBP2,1,0.0471411208965847,0.340245364883446,0.9990421786671966,1.0,1.0,0.340245364883446,glycolytic-up,"Rat vastus lateralis RNA, female 1 wk"
rat_train|SKM-VL|RNA|F_1w,PEBP1,1,0.0575898361807268,0.809536949439975,0.9990421786671966,1.0,1.0,0.809536949439975,contractile/other-up,"Rat vastus lateralis RNA, female 1 wk"
rat_train|SKM-VL|RNA|F_1w,ATP2A1,1,,,,,,,contractile/other-up,"Rat vastus lateralis RNA, female 1 wk"
rat_train|SKM-VL|RNA|F_1w,MYH1,1,0.0022725624254925,0.0239886151499838,0.9990846055680288,1.0,1.0,0.0239886151499838,contractile/other-up,"Rat vastus lateralis RNA, female 1 wk"
rat_train|SKM-VL|RNA|F_1w,MYH2,1,0.0022725624254925,0.0239886151499838,0.9990846055680288,1.0,1.0,0.0239886151499838,contractile/other-up,"Rat vastus lateralis RNA, female 1 wk"
rat_train|SKM-VL|RNA|F_1w,MYH7,1,0.803050075640864,1.07409369740272,0.9990421786671966,1.0,1.0,1.07409369740272,contractile/other-up,"Rat vastus lateralis RNA, female 1 wk"
rat_train|SKM-VL|RNA|F_1w,MYLPF,1,-0.0438976913697969,-0.576457334157008,0.9990421786671966,1.0,-1.0,-0.576457334157008,contractile/other-up,"Rat vastus lateralis RNA, female 1 wk"
rat_train|SKM-VL|RNA|F_1w,APOA1,1,,,,,,,contractile/other-up,"Rat vastus lateralis RNA, female 1 wk"
rat_train|SKM-VL|RNA|F_1w,PDLIM3,1,-0.269502552074376,-3.29028883103944,0.1705221749496278,1.0,-1.0,-3.29028883103944,contractile/other-up,"Rat vastus lateralis RNA, female 1 wk"
rat_train|SKM-VL|RNA|F_1w,CS,-1,0.140412289626024,1.39260511500622,0.967119758669132,1.0,-1.0,-1.39260511500622,phenotype,"Rat vastus lateralis RNA, female 1 wk"
rat_train|SKM-VL|RNA|F_1w,TFAM,-1,-0.137304531356187,-1.7939231061786,0.8732850857053971,1.0,1.0,1.7939231061786,phenotype,"Rat vastus lateralis RNA, female 1 wk"
rat_train|SKM-VL|RNA|F_1w,PDHA1,-1,0.0818902107518118,0.940722302241455,0.9990421786671966,1.0,-1.0,-0.940722302241455,phenotype,"Rat vastus lateralis RNA, female 1 wk"
rat_train|SKM-VL|RNA|F_1w,PDHB,-1,0.157920611927763,1.62898872665105,0.9277675149531368,1.0,-1.0,-1.62898872665105,phenotype,"Rat vastus lateralis RNA, female 1 wk"
rat_train|SKM-VL|RNA|F_1w,LDHA,1,-0.139470254567573,-2.01249925692308,0.7800049395127316,1.0,-1.0,-2.01249925692308,phenotype,"Rat vastus lateralis RNA, female 1 wk"
rat_train|SKM-VL|RNA|F_1w,LDHB,1,0.513555244972999,1.78490240056788,0.8732850857053971,1.0,1.0,1.78490240056788,phenotype,"Rat vastus lateralis RNA, female 1 wk"
rat_train|SKM-VL|RNA|F_2w,NDUFA9,-1,0.178868399197502,1.66924393255679,0.6311796518682409,1.0,-1.0,-1.66924393255679,OXPHOS-down,"Rat vastus lateralis RNA, female 2 wk"
rat_train|SKM-VL|RNA|F_2w,UQCRC2,-1,0.0815424978262649,0.848716362294632,0.8666182414415722,1.0,-1.0,-0.848716362294632,OXPHOS-down,"Rat vastus lateralis RNA, female 2 wk"
rat_train|SKM-VL|RNA|F_2w,UQCRC1,-1,0.118390120869298,1.11523848233213,0.7999129872631141,1.0,-1.0,-1.11523848233213,OXPHOS-down,"Rat vastus lateralis RNA, female 2 wk"
rat_train|SKM-VL|RNA|F_2w,ATP5MG,-1,0.0289889598702704,0.267815685515029,0.9620208834315724,1.0,-1.0,-0.267815685515029,OXPHOS-down,"Rat vastus lateralis RNA, female 2 wk"
rat_train|SKM-VL|RNA|F_2w,ATP5F1B,-1,0.0555307428700151,0.571802719028405,0.9232704485652864,1.0,-1.0,-0.571802719028405,OXPHOS-down,"Rat vastus lateralis RNA, female 2 wk"
rat_train|SKM-VL|RNA|F_2w,IDH2,-1,0.0409264564304261,0.362366631948824,0.9500942207723956,1.0,-1.0,-0.362366631948824,TCA/transport-down,"Rat vastus lateralis RNA, female 2 wk"
rat_train|SKM-VL|RNA|F_2w,OGDH,-1,0.118990595406167,1.09867776674961,0.8037162233469516,1.0,-1.0,-1.09867776674961,TCA/transport-down,"Rat vastus lateralis RNA, female 2 wk"
rat_train|SKM-VL|RNA|F_2w,SLC25A4,-1,0.0459218667139687,0.540812642905683,0.9254847903034932,1.0,-1.0,-0.540812642905683,TCA/transport-down,"Rat vastus lateralis RNA, female 2 wk"
rat_train|SKM-VL|RNA|F_2w,ECH1,-1,0.331494292566589,2.5709059081181,0.2970898924195642,1.0,-1.0,-2.5709059081181,TCA/transport-down,"Rat vastus lateralis RNA, female 2 wk"
rat_train|SKM-VL|RNA|F_2w,GLO1,1,-0.112245423231669,-1.33591146728203,0.7380940369023166,1.0,-1.0,-1.33591146728203,glycolytic-up,"Rat vastus lateralis RNA, female 2 wk"
rat_train|SKM-VL|RNA|F_2w,FBP2,1,-0.203721073682917,-1.37822779610041,0.7294200668833954,1.0,-1.0,-1.37822779610041,glycolytic-up,"Rat vastus lateralis RNA, female 2 wk"
rat_train|SKM-VL|RNA|F_2w,PEBP1,1,0.0203079999571543,0.268038064036863,0.9620208834315724,1.0,1.0,0.268038064036863,contractile/other-up,"Rat vastus lateralis RNA, female 2 wk"
rat_train|SKM-VL|RNA|F_2w,ATP2A1,1,,,,,,,contractile/other-up,"Rat vastus lateralis RNA, female 2 wk"
rat_train|SKM-VL|RNA|F_2w,MYH1,1,-0.151858610697591,-1.50523163280975,0.6957398813800553,1.0,-1.0,-1.50523163280975,contractile/other-up,"Rat vastus lateralis RNA, female 2 wk"
rat_train|SKM-VL|RNA|F_2w,MYH2,1,-0.151858610697591,-1.50523163280975,0.6957398813800553,1.0,-1.0,-1.50523163280975,contractile/other-up,"Rat vastus lateralis RNA, female 2 wk"
rat_train|SKM-VL|RNA|F_2w,MYH7,1,0.83680809185401,1.05099545275633,0.8133662231883527,1.0,1.0,1.05099545275633,contractile/other-up,"Rat vastus lateralis RNA, female 2 wk"
rat_train|SKM-VL|RNA|F_2w,MYLPF,1,-0.206147354300011,-2.54194370295365,0.3046057554116453,1.0,-1.0,-2.54194370295365,contractile/other-up,"Rat vastus lateralis RNA, female 2 wk"
rat_train|SKM-VL|RNA|F_2w,APOA1,1,,,,,,,contractile/other-up,"Rat vastus lateralis RNA, female 2 wk"
rat_train|SKM-VL|RNA|F_2w,PDLIM3,1,-0.289994553483472,-3.32444555578626,0.08841101257893,1.0,-1.0,-3.32444555578626,contractile/other-up,"Rat vastus lateralis RNA, female 2 wk"
rat_train|SKM-VL|RNA|F_2w,CS,-1,0.116712939757799,1.08699860175836,0.8082041974343912,1.0,-1.0,-1.08699860175836,phenotype,"Rat vastus lateralis RNA, female 2 wk"
rat_train|SKM-VL|RNA|F_2w,TFAM,-1,-0.14935486220373,-1.83324929664003,0.5607189260141713,1.0,1.0,1.83324929664003,phenotype,"Rat vastus lateralis RNA, female 2 wk"
rat_train|SKM-VL|RNA|F_2w,PDHA1,-1,0.0517193823828394,0.557926525656506,0.9234728818937034,1.0,-1.0,-0.557926525656506,phenotype,"Rat vastus lateralis RNA, female 2 wk"
rat_train|SKM-VL|RNA|F_2w,PDHB,-1,0.155260122070109,1.50417936098429,0.6957398813800553,1.0,-1.0,-1.50417936098429,phenotype,"Rat vastus lateralis RNA, female 2 wk"
rat_train|SKM-VL|RNA|F_2w,LDHA,1,-0.272129508352396,-3.68682621857545,0.0488057124218566,1.0,-1.0,-3.68682621857545,phenotype,"Rat vastus lateralis RNA, female 2 wk"
rat_train|SKM-VL|RNA|F_2w,LDHB,1,0.518453420248935,1.69232034256936,0.6171851748930419,1.0,1.0,1.69232034256936,phenotype,"Rat vastus lateralis RNA, female 2 wk"
rat_train|SKM-VL|RNA|F_4w,NDUFA9,-1,0.382007644415872,3.62009636530739,0.0215315796508046,1.0,-1.0,-3.62009636530739,OXPHOS-down,"Rat vastus lateralis RNA, female 4 wk"
rat_train|SKM-VL|RNA|F_4w,UQCRC2,-1,0.271972136300235,2.87377961535324,0.1179009263650997,1.0,-1.0,-2.87377961535324,OXPHOS-down,"Rat vastus lateralis RNA, female 4 wk"
rat_train|SKM-VL|RNA|F_4w,UQCRC1,-1,0.341499887237738,3.26545120033408,0.0527954343771491,1.0,-1.0,-3.26545120033408,OXPHOS-down,"Rat vastus lateralis RNA, female 4 wk"
rat_train|SKM-VL|RNA|F_4w,ATP5MG,-1,0.277410809854442,2.60340686401788,0.1967142725678445,1.0,-1.0,-2.60340686401788,OXPHOS-down,"Rat vastus lateralis RNA, female 4 wk"
rat_train|SKM-VL|RNA|F_4w,ATP5F1B,-1,0.225245734873019,2.35361497113541,0.2898960272573114,1.0,-1.0,-2.35361497113541,OXPHOS-down,"Rat vastus lateralis RNA, female 4 wk"
rat_train|SKM-VL|RNA|F_4w,IDH2,-1,0.299685369676046,2.69312438277995,0.1710984759535029,1.0,-1.0,-2.69312438277995,TCA/transport-down,"Rat vastus lateralis RNA, female 4 wk"
rat_train|SKM-VL|RNA|F_4w,OGDH,-1,0.307511698121082,2.88162069499965,0.1161223965604987,1.0,-1.0,-2.88162069499965,TCA/transport-down,"Rat vastus lateralis RNA, female 4 wk"
rat_train|SKM-VL|RNA|F_4w,SLC25A4,-1,0.190050510523033,2.27128475672946,0.3180640781228353,1.0,-1.0,-2.27128475672946,TCA/transport-down,"Rat vastus lateralis RNA, female 4 wk"
rat_train|SKM-VL|RNA|F_4w,ECH1,-1,0.494233284009789,3.89170679012495,0.0111255540592079,1.0,-1.0,-3.89170679012495,TCA/transport-down,"Rat vastus lateralis RNA, female 4 wk"
rat_train|SKM-VL|RNA|F_4w,GLO1,1,-0.149981294685218,-1.81510177982019,0.5239215782956463,1.0,-1.0,-1.81510177982019,glycolytic-up,"Rat vastus lateralis RNA, female 4 wk"
rat_train|SKM-VL|RNA|F_4w,FBP2,1,-0.320038836043066,-2.20076723410765,0.3469623751617699,1.0,-1.0,-2.20076723410765,glycolytic-up,"Rat vastus lateralis RNA, female 4 wk"
rat_train|SKM-VL|RNA|F_4w,PEBP1,1,0.177794640291641,2.38542350584823,0.2786871430445612,1.0,1.0,2.38542350584823,contractile/other-up,"Rat vastus lateralis RNA, female 4 wk"
rat_train|SKM-VL|RNA|F_4w,ATP2A1,1,,,,,,,contractile/other-up,"Rat vastus lateralis RNA, female 4 wk"
rat_train|SKM-VL|RNA|F_4w,MYH1,1,-0.164314019209714,-1.65262755793933,0.5982766794295356,1.0,-1.0,-1.65262755793933,contractile/other-up,"Rat vastus lateralis RNA, female 4 wk"
rat_train|SKM-VL|RNA|F_4w,MYH2,1,-0.164314019209714,-1.65262755793933,0.5982766794295356,1.0,-1.0,-1.65262755793933,contractile/other-up,"Rat vastus lateralis RNA, female 4 wk"
rat_train|SKM-VL|RNA|F_4w,MYH7,1,0.944808750765698,1.20407581581622,0.7724233555318986,1.0,1.0,1.20407581581622,contractile/other-up,"Rat vastus lateralis RNA, female 4 wk"
rat_train|SKM-VL|RNA|F_4w,MYLPF,1,-0.204512115577696,-2.55894859912188,0.2131984015183146,1.0,-1.0,-2.55894859912188,contractile/other-up,"Rat vastus lateralis RNA, female 4 wk"
rat_train|SKM-VL|RNA|F_4w,APOA1,1,,,,,,,contractile/other-up,"Rat vastus lateralis RNA, female 4 wk"
rat_train|SKM-VL|RNA|F_4w,PDLIM3,1,-0.317851025197056,-3.698749830747,0.0182350692700202,1.0,-1.0,-3.698749830747,contractile/other-up,"Rat vastus lateralis RNA, female 4 wk"
rat_train|SKM-VL|RNA|F_4w,CS,-1,0.307797455754974,2.910090610021,0.1107030135733374,1.0,-1.0,-2.910090610021,phenotype,"Rat vastus lateralis RNA, female 4 wk"
rat_train|SKM-VL|RNA|F_4w,TFAM,-1,-0.0252683179958328,-0.317015501885194,0.970723273407256,1.0,1.0,0.317015501885194,phenotype,"Rat vastus lateralis RNA, female 4 wk"
rat_train|SKM-VL|RNA|F_4w,PDHA1,-1,0.178306068631681,1.95232420935817,0.4553374302354985,1.0,-1.0,-1.95232420935817,phenotype,"Rat vastus lateralis RNA, female 4 wk"
rat_train|SKM-VL|RNA|F_4w,PDHB,-1,0.418745722419499,4.1198491645531,0.0058852139464655,1.0,-1.0,-4.0,phenotype,"Rat vastus lateralis RNA, female 4 wk"
rat_train|SKM-VL|RNA|F_4w,LDHA,1,-0.265336596673408,-3.64843737610567,0.0205046491326522,1.0,-1.0,-3.64843737610567,phenotype,"Rat vastus lateralis RNA, female 4 wk"
rat_train|SKM-VL|RNA|F_4w,LDHB,1,0.939784507115305,3.11286723046732,0.0726843093163344,1.0,1.0,3.11286723046732,phenotype,"Rat vastus lateralis RNA, female 4 wk"
rat_train|SKM-VL|RNA|F_8w,NDUFA9,-1,0.269027280981295,3.43747299303966,0.0226413462361173,1.0,-1.0,-3.43747299303966,OXPHOS-down,"Rat vastus lateralis RNA, female 8 wk"
rat_train|SKM-VL|RNA|F_8w,UQCRC2,-1,0.226409180260181,3.22657523049768,0.0400856177866005,1.0,-1.0,-3.22657523049768,OXPHOS-down,"Rat vastus lateralis RNA, female 8 wk"
rat_train|SKM-VL|RNA|F_8w,UQCRC1,-1,0.275479926037976,3.55235876741592,0.0163123140318561,1.0,-1.0,-3.55235876741592,OXPHOS-down,"Rat vastus lateralis RNA, female 8 wk"
rat_train|SKM-VL|RNA|F_8w,ATP5MG,-1,0.189763414784569,2.40094866282577,0.2190465786753131,1.0,-1.0,-2.40094866282577,OXPHOS-down,"Rat vastus lateralis RNA, female 8 wk"
rat_train|SKM-VL|RNA|F_8w,ATP5F1B,-1,0.105012882066654,1.4800044306766,0.5960072899393631,1.0,-1.0,-1.4800044306766,OXPHOS-down,"Rat vastus lateralis RNA, female 8 wk"
rat_train|SKM-VL|RNA|F_8w,IDH2,-1,0.250260013326453,3.03325338319408,0.0649686907206083,1.0,-1.0,-3.03325338319408,TCA/transport-down,"Rat vastus lateralis RNA, female 8 wk"
rat_train|SKM-VL|RNA|F_8w,OGDH,-1,0.206896752684562,2.61481689010819,0.1541737021223206,1.0,-1.0,-2.61481689010819,TCA/transport-down,"Rat vastus lateralis RNA, female 8 wk"
rat_train|SKM-VL|RNA|F_8w,SLC25A4,-1,0.167496296847532,2.69989998254324,0.1313052970140129,1.0,-1.0,-2.69989998254324,TCA/transport-down,"Rat vastus lateralis RNA, female 8 wk"
rat_train|SKM-VL|RNA|F_8w,ECH1,-1,0.126455293024091,1.34242847002373,0.6558187984586684,1.0,-1.0,-1.34242847002373,TCA/transport-down,"Rat vastus lateralis RNA, female 8 wk"
rat_train|SKM-VL|RNA|F_8w,GLO1,1,-0.0866443547727484,-1.41421740118544,0.6237898039676605,1.0,-1.0,-1.41421740118544,glycolytic-up,"Rat vastus lateralis RNA, female 8 wk"
rat_train|SKM-VL|RNA|F_8w,FBP2,1,-0.496319434711381,-4.60203704352908,0.0005462775488734,1.0,-1.0,-4.0,glycolytic-up,"Rat vastus lateralis RNA, female 8 wk"
rat_train|SKM-VL|RNA|F_8w,PEBP1,1,0.076588240527191,1.38543305293194,0.6367811173534934,1.0,1.0,1.38543305293194,contractile/other-up,"Rat vastus lateralis RNA, female 8 wk"
rat_train|SKM-VL|RNA|F_8w,ATP2A1,1,,,,,,,contractile/other-up,"Rat vastus lateralis RNA, female 8 wk"
rat_train|SKM-VL|RNA|F_8w,MYH1,1,-0.11313913596694,-1.53485145426983,0.5726977656254135,1.0,-1.0,-1.53485145426983,contractile/other-up,"Rat vastus lateralis RNA, female 8 wk"
rat_train|SKM-VL|RNA|F_8w,MYH2,1,-0.11313913596694,-1.53485145426983,0.5726977656254135,1.0,-1.0,-1.53485145426983,contractile/other-up,"Rat vastus lateralis RNA, female 8 wk"
rat_train|SKM-VL|RNA|F_8w,MYH7,1,0.785243650673606,1.34978983658075,0.6524201399501643,1.0,1.0,1.34978983658075,contractile/other-up,"Rat vastus lateralis RNA, female 8 wk"
rat_train|SKM-VL|RNA|F_8w,MYLPF,1,0.0136598227741814,0.230539137653975,0.9701641378958824,1.0,1.0,0.230539137653975,contractile/other-up,"Rat vastus lateralis RNA, female 8 wk"
rat_train|SKM-VL|RNA|F_8w,APOA1,1,,,,,,,contractile/other-up,"Rat vastus lateralis RNA, female 8 wk"
rat_train|SKM-VL|RNA|F_8w,PDLIM3,1,0.058977583928114,0.925883262073072,0.8114043932557894,1.0,1.0,0.925883262073072,contractile/other-up,"Rat vastus lateralis RNA, female 8 wk"
rat_train|SKM-VL|RNA|F_8w,CS,-1,0.296335701500631,3.77811346541141,0.0084911913919997,1.0,-1.0,-3.77811346541141,phenotype,"Rat vastus lateralis RNA, female 8 wk"
rat_train|SKM-VL|RNA|F_8w,TFAM,-1,0.0844133948992855,1.42593000775277,0.6204615842979968,1.0,-1.0,-1.42593000775277,phenotype,"Rat vastus lateralis RNA, female 8 wk"
rat_train|SKM-VL|RNA|F_8w,PDHA1,-1,0.133558334831988,1.97246213525321,0.3771003162659477,1.0,-1.0,-1.97246213525321,phenotype,"Rat vastus lateralis RNA, female 8 wk"
rat_train|SKM-VL|RNA|F_8w,PDHB,-1,0.296628931246632,3.93516755074819,0.0054277122799935,1.0,-1.0,-3.93516755074819,phenotype,"Rat vastus lateralis RNA, female 8 wk"
rat_train|SKM-VL|RNA|F_8w,LDHA,1,-0.17569384875447,-3.25851339803773,0.0369037334485909,1.0,-1.0,-3.25851339803773,phenotype,"Rat vastus lateralis RNA, female 8 wk"
rat_train|SKM-VL|RNA|F_8w,LDHB,1,0.601262078295599,2.68598773022377,0.1343514979381534,1.0,1.0,2.68598773022377,phenotype,"Rat vastus lateralis RNA, female 8 wk"
rat_train|SKM-VL|RNA|M_1w,NDUFA9,-1,0.0911940676984194,0.720154469057264,0.9712682663251442,1.0,-1.0,-0.720154469057264,OXPHOS-down,"Rat vastus lateralis RNA, male 1 wk"
rat_train|SKM-VL|RNA|M_1w,UQCRC2,-1,0.0566386670183884,0.528672849411231,0.9829975409473776,1.0,-1.0,-0.528672849411231,OXPHOS-down,"Rat vastus lateralis RNA, male 1 wk"
rat_train|SKM-VL|RNA|M_1w,UQCRC1,-1,0.161642229629897,1.23062250963454,0.9153445293720748,1.0,-1.0,-1.23062250963454,OXPHOS-down,"Rat vastus lateralis RNA, male 1 wk"
rat_train|SKM-VL|RNA|M_1w,ATP5MG,-1,0.0919373945498699,0.757097721226545,0.9679053502804988,1.0,-1.0,-0.757097721226545,OXPHOS-down,"Rat vastus lateralis RNA, male 1 wk"
rat_train|SKM-VL|RNA|M_1w,ATP5F1B,-1,0.0988703824495737,1.24705022384403,0.9110201148051884,1.0,-1.0,-1.24705022384403,OXPHOS-down,"Rat vastus lateralis RNA, male 1 wk"
rat_train|SKM-VL|RNA|M_1w,IDH2,-1,-0.197043324085344,-1.0739316502601,0.9361666502500496,1.0,1.0,1.0739316502601,TCA/transport-down,"Rat vastus lateralis RNA, male 1 wk"
rat_train|SKM-VL|RNA|M_1w,OGDH,-1,0.0557150420633111,0.580840049120103,0.9776860110233848,1.0,-1.0,-0.580840049120103,TCA/transport-down,"Rat vastus lateralis RNA, male 1 wk"
rat_train|SKM-VL|RNA|M_1w,SLC25A4,-1,0.180923813730768,2.15746717145537,0.7269063501682106,1.0,-1.0,-2.15746717145537,TCA/transport-down,"Rat vastus lateralis RNA, male 1 wk"
rat_train|SKM-VL|RNA|M_1w,ECH1,-1,0.0315541970761647,0.176619620687194,0.995683298228862,1.0,-1.0,-0.176619620687194,TCA/transport-down,"Rat vastus lateralis RNA, male 1 wk"
rat_train|SKM-VL|RNA|M_1w,GLO1,1,0.129288814361767,0.95506333946284,0.9551771893618882,1.0,1.0,0.95506333946284,glycolytic-up,"Rat vastus lateralis RNA, male 1 wk"
rat_train|SKM-VL|RNA|M_1w,FBP2,1,0.150936310986503,0.50290585433631,0.984254001277426,1.0,1.0,0.50290585433631,glycolytic-up,"Rat vastus lateralis RNA, male 1 wk"
rat_train|SKM-VL|RNA|M_1w,PEBP1,1,0.0298339161865155,0.507351277619622,0.9837065969574216,1.0,1.0,0.507351277619622,contractile/other-up,"Rat vastus lateralis RNA, male 1 wk"
rat_train|SKM-VL|RNA|M_1w,ATP2A1,1,,,,,,,contractile/other-up,"Rat vastus lateralis RNA, male 1 wk"
rat_train|SKM-VL|RNA|M_1w,MYH1,1,0.195801501507017,1.04815847478549,0.9430754488648748,1.0,1.0,1.04815847478549,contractile/other-up,"Rat vastus lateralis RNA, male 1 wk"
rat_train|SKM-VL|RNA|M_1w,MYH2,1,0.195801501507017,1.04815847478549,0.9430754488648748,1.0,1.0,1.04815847478549,contractile/other-up,"Rat vastus lateralis RNA, male 1 wk"
rat_train|SKM-VL|RNA|M_1w,MYH7,1,-1.70068444889051,-1.05564107282339,0.9406954564517888,1.0,-1.0,-1.05564107282339,contractile/other-up,"Rat vastus lateralis RNA, male 1 wk"
rat_train|SKM-VL|RNA|M_1w,MYLPF,1,0.291762943113466,1.73083683156131,0.8237442286809489,1.0,1.0,1.73083683156131,contractile/other-up,"Rat vastus lateralis RNA, male 1 wk"
rat_train|SKM-VL|RNA|M_1w,APOA1,1,,,,,,,contractile/other-up,"Rat vastus lateralis RNA, male 1 wk"
rat_train|SKM-VL|RNA|M_1w,PDLIM3,1,0.0566668393184457,0.470462107881995,0.9860814318987052,1.0,1.0,0.470462107881995,contractile/other-up,"Rat vastus lateralis RNA, male 1 wk"
rat_train|SKM-VL|RNA|M_1w,CS,-1,0.192455171875217,1.76439568590037,0.8196274427125079,1.0,-1.0,-1.76439568590037,phenotype,"Rat vastus lateralis RNA, male 1 wk"
rat_train|SKM-VL|RNA|M_1w,TFAM,-1,0.0510938303302194,0.624586116613678,0.975191696056238,1.0,-1.0,-0.624586116613678,phenotype,"Rat vastus lateralis RNA, male 1 wk"
rat_train|SKM-VL|RNA|M_1w,PDHA1,-1,0.102558417535185,1.07897930686958,0.93562994336314,1.0,-1.0,-1.07897930686958,phenotype,"Rat vastus lateralis RNA, male 1 wk"
rat_train|SKM-VL|RNA|M_1w,PDHB,-1,0.0922355706904111,0.667433869190058,0.9742825227519312,1.0,-1.0,-0.667433869190058,phenotype,"Rat vastus lateralis RNA, male 1 wk"
rat_train|SKM-VL|RNA|M_1w,LDHA,1,0.107447669376497,0.80036352962426,0.965834053325972,1.0,1.0,0.80036352962426,phenotype,"Rat vastus lateralis RNA, male 1 wk"
rat_train|SKM-VL|RNA|M_1w,LDHB,1,-0.780574813130661,-1.05013836090347,0.9413658394502382,1.0,-1.0,-1.05013836090347,phenotype,"Rat vastus lateralis RNA, male 1 wk"
rat_train|SKM-VL|RNA|M_2w,NDUFA9,-1,0.0832872851236341,0.586536005861035,0.9763682784684012,1.0,-1.0,-0.586536005861035,OXPHOS-down,"Rat vastus lateralis RNA, male 2 wk"
rat_train|SKM-VL|RNA|M_2w,UQCRC2,-1,0.0383909978371291,0.319573506330765,0.99066250758455,1.0,-1.0,-0.319573506330765,OXPHOS-down,"Rat vastus lateralis RNA, male 2 wk"
rat_train|SKM-VL|RNA|M_2w,UQCRC1,-1,0.110462850521563,0.75004891579293,0.9634358562821028,1.0,-1.0,-0.75004891579293,OXPHOS-down,"Rat vastus lateralis RNA, male 2 wk"
rat_train|SKM-VL|RNA|M_2w,ATP5MG,-1,0.0903769216898681,0.663685848511378,0.9696200897789052,1.0,-1.0,-0.663685848511378,OXPHOS-down,"Rat vastus lateralis RNA, male 2 wk"
rat_train|SKM-VL|RNA|M_2w,ATP5F1B,-1,0.117688459912869,1.3240458050837,0.8923088921604985,1.0,-1.0,-1.3240458050837,OXPHOS-down,"Rat vastus lateralis RNA, male 2 wk"
rat_train|SKM-VL|RNA|M_2w,IDH2,-1,-0.241102354620196,-1.17207831036304,0.9234273469789652,1.0,1.0,1.17207831036304,TCA/transport-down,"Rat vastus lateralis RNA, male 2 wk"
rat_train|SKM-VL|RNA|M_2w,OGDH,-1,0.0500099234319122,0.465009583790977,0.9869392451275716,1.0,-1.0,-0.465009583790977,TCA/transport-down,"Rat vastus lateralis RNA, male 2 wk"
rat_train|SKM-VL|RNA|M_2w,SLC25A4,-1,0.219005785226751,2.32947230123223,0.6541625259037929,1.0,-1.0,-2.32947230123223,TCA/transport-down,"Rat vastus lateralis RNA, male 2 wk"
rat_train|SKM-VL|RNA|M_2w,ECH1,-1,0.0510398043982171,0.254803201789644,0.993500951817892,1.0,-1.0,-0.254803201789644,TCA/transport-down,"Rat vastus lateralis RNA, male 2 wk"
rat_train|SKM-VL|RNA|M_2w,GLO1,1,0.203780206928275,1.34256741024995,0.8877362000935034,1.0,1.0,1.34256741024995,glycolytic-up,"Rat vastus lateralis RNA, male 2 wk"
rat_train|SKM-VL|RNA|M_2w,FBP2,1,0.349999102172112,1.04013444698162,0.9306848787580864,1.0,1.0,1.04013444698162,glycolytic-up,"Rat vastus lateralis RNA, male 2 wk"
rat_train|SKM-VL|RNA|M_2w,PEBP1,1,-0.0026653182186909,-0.0403737944180734,0.9988144091575556,1.0,-1.0,-0.0403737944180734,contractile/other-up,"Rat vastus lateralis RNA, male 2 wk"
rat_train|SKM-VL|RNA|M_2w,ATP2A1,1,,,,,,,contractile/other-up,"Rat vastus lateralis RNA, male 2 wk"
rat_train|SKM-VL|RNA|M_2w,MYH1,1,0.225812872653299,1.07826810519128,0.9306848787580864,1.0,1.0,1.07826810519128,contractile/other-up,"Rat vastus lateralis RNA, male 2 wk"
rat_train|SKM-VL|RNA|M_2w,MYH2,1,0.225812872653299,1.07826810519128,0.9306848787580864,1.0,1.0,1.07826810519128,contractile/other-up,"Rat vastus lateralis RNA, male 2 wk"
rat_train|SKM-VL|RNA|M_2w,MYH7,1,-1.69460755100631,-0.938269317469485,0.9402522827685847,1.0,-1.0,-0.938269317469485,contractile/other-up,"Rat vastus lateralis RNA, male 2 wk"
rat_train|SKM-VL|RNA|M_2w,MYLPF,1,0.331811450062833,1.7558302348042,0.8079459650567382,1.0,1.0,1.7558302348042,contractile/other-up,"Rat vastus lateralis RNA, male 2 wk"
rat_train|SKM-VL|RNA|M_2w,APOA1,1,,,,,,,contractile/other-up,"Rat vastus lateralis RNA, male 2 wk"
rat_train|SKM-VL|RNA|M_2w,PDLIM3,1,0.0460630356203246,0.341102079654693,0.9904457224543308,1.0,1.0,0.341102079654693,contractile/other-up,"Rat vastus lateralis RNA, male 2 wk"
rat_train|SKM-VL|RNA|M_2w,CS,-1,0.16344126256975,1.33628199628217,0.8877362000935034,1.0,-1.0,-1.33628199628217,phenotype,"Rat vastus lateralis RNA, male 2 wk"
rat_train|SKM-VL|RNA|M_2w,TFAM,-1,0.0517933106009231,0.563281842996907,0.9791097607007632,1.0,-1.0,-0.563281842996907,phenotype,"Rat vastus lateralis RNA, male 2 wk"
rat_train|SKM-VL|RNA|M_2w,PDHA1,-1,0.103810483735223,0.974023908113247,0.9402522827685847,1.0,-1.0,-0.974023908113247,phenotype,"Rat vastus lateralis RNA, male 2 wk"
rat_train|SKM-VL|RNA|M_2w,PDHB,-1,0.0712628724729857,0.459887778262142,0.9869392451275716,1.0,-1.0,-0.459887778262142,phenotype,"Rat vastus lateralis RNA, male 2 wk"
rat_train|SKM-VL|RNA|M_2w,LDHA,1,0.167186265844447,1.11083835277086,0.9306848787580864,1.0,1.0,1.11083835277086,phenotype,"Rat vastus lateralis RNA, male 2 wk"
rat_train|SKM-VL|RNA|M_2w,LDHB,1,-0.830478076180215,-0.996560084008208,0.938273926340906,1.0,-1.0,-0.996560084008208,phenotype,"Rat vastus lateralis RNA, male 2 wk"
rat_train|SKM-VL|RNA|M_4w,NDUFA9,-1,0.196705351234189,1.35439960160125,0.9090157075890268,1.0,-1.0,-1.35439960160125,OXPHOS-down,"Rat vastus lateralis RNA, male 4 wk"
rat_train|SKM-VL|RNA|M_4w,UQCRC2,-1,0.171648817137062,1.3970376737995,0.9084078783265412,1.0,-1.0,-1.3970376737995,OXPHOS-down,"Rat vastus lateralis RNA, male 4 wk"
rat_train|SKM-VL|RNA|M_4w,UQCRC1,-1,0.268201281313254,1.78045949077715,0.8202175652462457,1.0,-1.0,-1.78045949077715,OXPHOS-down,"Rat vastus lateralis RNA, male 4 wk"
rat_train|SKM-VL|RNA|M_4w,ATP5MG,-1,0.194092350249882,1.39352191890455,0.9084078783265412,1.0,-1.0,-1.39352191890455,OXPHOS-down,"Rat vastus lateralis RNA, male 4 wk"
rat_train|SKM-VL|RNA|M_4w,ATP5F1B,-1,0.188991234972086,2.07869526870116,0.7195063413429231,1.0,-1.0,-2.07869526870116,OXPHOS-down,"Rat vastus lateralis RNA, male 4 wk"
rat_train|SKM-VL|RNA|M_4w,IDH2,-1,0.0764531385387868,0.363357301756273,1.0,1.0,-1.0,-0.363357301756273,TCA/transport-down,"Rat vastus lateralis RNA, male 4 wk"
rat_train|SKM-VL|RNA|M_4w,OGDH,-1,0.169296886463441,1.53902845358702,0.8932963316983821,1.0,-1.0,-1.53902845358702,TCA/transport-down,"Rat vastus lateralis RNA, male 4 wk"
rat_train|SKM-VL|RNA|M_4w,SLC25A4,-1,0.198578267510119,2.06494563955645,0.7231731020958426,1.0,-1.0,-2.06494563955645,TCA/transport-down,"Rat vastus lateralis RNA, male 4 wk"
rat_train|SKM-VL|RNA|M_4w,ECH1,-1,0.174257909704846,0.850457093856299,0.9800900897045304,1.0,-1.0,-0.850457093856299,TCA/transport-down,"Rat vastus lateralis RNA, male 4 wk"
rat_train|SKM-VL|RNA|M_4w,GLO1,1,0.049780918840071,0.320652942363954,1.0,1.0,1.0,0.320652942363954,glycolytic-up,"Rat vastus lateralis RNA, male 4 wk"
rat_train|SKM-VL|RNA|M_4w,FBP2,1,-0.120737971272722,-0.350614917371763,1.0,1.0,-1.0,-0.350614917371763,glycolytic-up,"Rat vastus lateralis RNA, male 4 wk"
rat_train|SKM-VL|RNA|M_4w,PEBP1,1,0.0497459201952995,0.736694049518218,1.0,1.0,1.0,0.736694049518218,contractile/other-up,"Rat vastus lateralis RNA, male 4 wk"
rat_train|SKM-VL|RNA|M_4w,ATP2A1,1,,,,,,,contractile/other-up,"Rat vastus lateralis RNA, male 4 wk"
rat_train|SKM-VL|RNA|M_4w,MYH1,1,0.0429762821944142,0.200622355959467,1.0,1.0,1.0,0.200622355959467,contractile/other-up,"Rat vastus lateralis RNA, male 4 wk"
rat_train|SKM-VL|RNA|M_4w,MYH2,1,0.0429762821944142,0.200622355959467,1.0,1.0,1.0,0.200622355959467,contractile/other-up,"Rat vastus lateralis RNA, male 4 wk"
rat_train|SKM-VL|RNA|M_4w,MYH7,1,-0.150199862427483,-0.0813015441327688,1.0,1.0,-1.0,-0.0813015441327688,contractile/other-up,"Rat vastus lateralis RNA, male 4 wk"
rat_train|SKM-VL|RNA|M_4w,MYLPF,1,0.0958784303461672,0.496003385934565,1.0,1.0,1.0,0.496003385934565,contractile/other-up,"Rat vastus lateralis RNA, male 4 wk"
rat_train|SKM-VL|RNA|M_4w,APOA1,1,,,,,,,contractile/other-up,"Rat vastus lateralis RNA, male 4 wk"
rat_train|SKM-VL|RNA|M_4w,PDLIM3,1,-0.0599719150849325,-0.434179285936979,1.0,1.0,-1.0,-0.434179285936979,contractile/other-up,"Rat vastus lateralis RNA, male 4 wk"
rat_train|SKM-VL|RNA|M_4w,CS,-1,0.26013803457291,2.07957088423862,0.7195063413429231,1.0,-1.0,-2.07957088423862,phenotype,"Rat vastus lateralis RNA, male 4 wk"
rat_train|SKM-VL|RNA|M_4w,TFAM,-1,0.0693676231762063,0.738894615404682,1.0,1.0,-1.0,-0.738894615404682,phenotype,"Rat vastus lateralis RNA, male 4 wk"
rat_train|SKM-VL|RNA|M_4w,PDHA1,-1,0.173961414519982,1.59578772064319,0.8735645317105752,1.0,-1.0,-1.59578772064319,phenotype,"Rat vastus lateralis RNA, male 4 wk"
rat_train|SKM-VL|RNA|M_4w,PDHB,-1,0.174550267666923,1.10130617789002,0.9546713612466902,1.0,-1.0,-1.10130617789002,phenotype,"Rat vastus lateralis RNA, male 4 wk"
rat_train|SKM-VL|RNA|M_4w,LDHA,1,-0.0020838026269753,-0.0135355842283856,1.0,1.0,-1.0,-0.0135355842283856,phenotype,"Rat vastus lateralis RNA, male 4 wk"
rat_train|SKM-VL|RNA|M_4w,LDHB,1,0.105886812801575,0.124218768477415,1.0,1.0,1.0,0.124218768477415,phenotype,"Rat vastus lateralis RNA, male 4 wk"
rat_train|SKM-VL|RNA|M_8w,NDUFA9,-1,0.0966102546775435,0.916839990208722,0.8157238870418515,1.0,-1.0,-0.916839990208722,OXPHOS-down,"Rat vastus lateralis RNA, male 8 wk"
rat_train|SKM-VL|RNA|M_8w,UQCRC2,-1,0.0724199619176891,0.81261140097087,0.8375590135537264,1.0,-1.0,-0.81261140097087,OXPHOS-down,"Rat vastus lateralis RNA, male 8 wk"
rat_train|SKM-VL|RNA|M_8w,UQCRC1,-1,0.136189399026601,1.24655567730352,0.7112571029962677,1.0,-1.0,-1.24655567730352,OXPHOS-down,"Rat vastus lateralis RNA, male 8 wk"
rat_train|SKM-VL|RNA|M_8w,ATP5MG,-1,0.144335142623758,1.42808352150812,0.6543861382005146,1.0,-1.0,-1.42808352150812,OXPHOS-down,"Rat vastus lateralis RNA, male 8 wk"
rat_train|SKM-VL|RNA|M_8w,ATP5F1B,-1,0.0195018593988245,0.295812498155,0.9528223882977768,1.0,-1.0,-0.295812498155,OXPHOS-down,"Rat vastus lateralis RNA, male 8 wk"
rat_train|SKM-VL|RNA|M_8w,IDH2,-1,0.311758886036108,2.04343011969559,0.4310219344454282,1.0,-1.0,-2.04343011969559,TCA/transport-down,"Rat vastus lateralis RNA, male 8 wk"
rat_train|SKM-VL|RNA|M_8w,OGDH,-1,0.0525305609661452,0.65846680814618,0.8801198499336832,1.0,-1.0,-0.65846680814618,TCA/transport-down,"Rat vastus lateralis RNA, male 8 wk"
rat_train|SKM-VL|RNA|M_8w,SLC25A4,-1,-0.0074603431119832,-0.106987401888282,0.9867002524635864,1.0,1.0,0.106987401888282,TCA/transport-down,"Rat vastus lateralis RNA, male 8 wk"
rat_train|SKM-VL|RNA|M_8w,ECH1,-1,-0.158420635972421,-1.06536710552239,0.7659338384346718,1.0,1.0,1.06536710552239,TCA/transport-down,"Rat vastus lateralis RNA, male 8 wk"
rat_train|SKM-VL|RNA|M_8w,GLO1,1,-0.188957303565519,-1.67814458246081,0.5727876601228953,1.0,-1.0,-1.67814458246081,glycolytic-up,"Rat vastus lateralis RNA, male 8 wk"
rat_train|SKM-VL|RNA|M_8w,FBP2,1,-0.824785390246207,-3.29966511934328,0.0953595208492035,1.0,-1.0,-3.29966511934328,glycolytic-up,"Rat vastus lateralis RNA, male 8 wk"
rat_train|SKM-VL|RNA|M_8w,PEBP1,1,0.0260173045539463,0.529783437778901,0.9093647808602936,1.0,1.0,0.529783437778901,contractile/other-up,"Rat vastus lateralis RNA, male 8 wk"
rat_train|SKM-VL|RNA|M_8w,ATP2A1,1,,,,,,,contractile/other-up,"Rat vastus lateralis RNA, male 8 wk"
rat_train|SKM-VL|RNA|M_8w,MYH1,1,-0.228631685671547,-1.47208980454033,0.6376571374482923,1.0,-1.0,-1.47208980454033,contractile/other-up,"Rat vastus lateralis RNA, male 8 wk"
rat_train|SKM-VL|RNA|M_8w,MYH2,1,-0.228631685671547,-1.47208980454033,0.6376571374482923,1.0,-1.0,-1.47208980454033,contractile/other-up,"Rat vastus lateralis RNA, male 8 wk"
rat_train|SKM-VL|RNA|M_8w,MYH7,1,2.09238200896697,1.56211208694361,0.6062804975443236,1.0,1.0,1.56211208694361,contractile/other-up,"Rat vastus lateralis RNA, male 8 wk"
rat_train|SKM-VL|RNA|M_8w,MYLPF,1,-0.057786202002519,-0.412321408421377,0.933938594789168,1.0,-1.0,-0.412321408421377,contractile/other-up,"Rat vastus lateralis RNA, male 8 wk"
rat_train|SKM-VL|RNA|M_8w,APOA1,1,,,,,,,contractile/other-up,"Rat vastus lateralis RNA, male 8 wk"
rat_train|SKM-VL|RNA|M_8w,PDLIM3,1,-0.0967933548303915,-0.966555779440066,0.798312178932444,1.0,-1.0,-0.966555779440066,contractile/other-up,"Rat vastus lateralis RNA, male 8 wk"
rat_train|SKM-VL|RNA|M_8w,CS,-1,0.131435364159806,1.44853663305988,0.6441883639673575,1.0,-1.0,-1.44853663305988,phenotype,"Rat vastus lateralis RNA, male 8 wk"
rat_train|SKM-VL|RNA|M_8w,TFAM,-1,-0.0292061124318604,-0.427428312830823,0.9314587719359544,1.0,1.0,0.427428312830823,phenotype,"Rat vastus lateralis RNA, male 8 wk"
rat_train|SKM-VL|RNA|M_8w,PDHA1,-1,0.0433275123738223,0.547916574081241,0.9046046154439904,1.0,-1.0,-0.547916574081241,phenotype,"Rat vastus lateralis RNA, male 8 wk"
rat_train|SKM-VL|RNA|M_8w,PDHB,-1,0.105070884389325,0.91380849819215,0.8165100526208405,1.0,-1.0,-0.91380849819215,phenotype,"Rat vastus lateralis RNA, male 8 wk"
rat_train|SKM-VL|RNA|M_8w,LDHA,1,-0.24571672912495,-2.20132896546237,0.3795559118200642,1.0,-1.0,-2.20132896546237,phenotype,"Rat vastus lateralis RNA, male 8 wk"
rat_train|SKM-VL|RNA|M_8w,LDHB,1,1.04993834366848,1.69856193537291,0.5678786394761766,1.0,1.0,1.69856193537291,phenotype,"Rat vastus lateralis RNA, male 8 wk"
rat_train|HEART|RNA|F_1w,NDUFA9,-1,0.0198538324505546,0.657540735043413,0.9998454844552934,1.0,-1.0,-0.657540735043413,OXPHOS-down,"Rat heart RNA, female 1 wk"
rat_train|HEART|RNA|F_1w,UQCRC2,-1,0.0348681673015173,1.28130118034715,0.9998454844552934,1.0,-1.0,-1.28130118034715,OXPHOS-down,"Rat heart RNA, female 1 wk"
rat_train|HEART|RNA|F_1w,UQCRC1,-1,-0.0056461083957692,-0.241215279842878,0.9998454844552934,1.0,1.0,0.241215279842878,OXPHOS-down,"Rat heart RNA, female 1 wk"
rat_train|HEART|RNA|F_1w,ATP5MG,-1,-0.0350329082492534,-1.21977524114624,0.9998454844552934,1.0,1.0,1.21977524114624,OXPHOS-down,"Rat heart RNA, female 1 wk"
rat_train|HEART|RNA|F_1w,ATP5F1B,-1,-0.0056083023482659,-0.215652345810971,0.9998454844552934,1.0,1.0,0.215652345810971,OXPHOS-down,"Rat heart RNA, female 1 wk"
rat_train|HEART|RNA|F_1w,IDH2,-1,-0.0013225465440668,-0.0363185076139631,0.9998454844552934,1.0,1.0,0.0363185076139631,TCA/transport-down,"Rat heart RNA, female 1 wk"
rat_train|HEART|RNA|F_1w,OGDH,-1,-0.0149287204111596,-0.609091061688017,0.9998454844552934,1.0,1.0,0.609091061688017,TCA/transport-down,"Rat heart RNA, female 1 wk"
rat_train|HEART|RNA|F_1w,SLC25A4,-1,-0.0006027685177645,-0.0183321569917504,0.9998454844552934,1.0,1.0,0.0183321569917504,TCA/transport-down,"Rat heart RNA, female 1 wk"
rat_train|HEART|RNA|F_1w,ECH1,-1,0.0002032437091334,0.0032985817819854,0.9998454844552934,1.0,-1.0,-0.0032985817819854,TCA/transport-down,"Rat heart RNA, female 1 wk"
rat_train|HEART|RNA|F_1w,GLO1,1,-0.0396693452832216,-0.837207830819773,0.9998454844552934,1.0,-1.0,-0.837207830819773,glycolytic-up,"Rat heart RNA, female 1 wk"
rat_train|HEART|RNA|F_1w,FBP2,1,-0.0945188887970884,-0.278261461371048,0.9998454844552934,1.0,-1.0,-0.278261461371048,glycolytic-up,"Rat heart RNA, female 1 wk"
rat_train|HEART|RNA|F_1w,PEBP1,1,0.0166409570785686,0.591054435771524,0.9998454844552934,1.0,1.0,0.591054435771524,contractile/other-up,"Rat heart RNA, female 1 wk"
rat_train|HEART|RNA|F_1w,ATP2A1,1,,,,,,,contractile/other-up,"Rat heart RNA, female 1 wk"
rat_train|HEART|RNA|F_1w,MYH1,1,-0.380889733479557,-0.890414368003924,0.9998454844552934,1.0,-1.0,-0.890414368003924,contractile/other-up,"Rat heart RNA, female 1 wk"
rat_train|HEART|RNA|F_1w,MYH2,1,-0.380889733479557,-0.890414368003924,0.9998454844552934,1.0,-1.0,-0.890414368003924,contractile/other-up,"Rat heart RNA, female 1 wk"
rat_train|HEART|RNA|F_1w,MYH7,1,-0.270874885908677,-1.99711377611739,0.9412196991960812,1.0,-1.0,-1.99711377611739,contractile/other-up,"Rat heart RNA, female 1 wk"
rat_train|HEART|RNA|F_1w,MYLPF,1,,,,,,,contractile/other-up,"Rat heart RNA, female 1 wk"
rat_train|HEART|RNA|F_1w,APOA1,1,,,,,,,contractile/other-up,"Rat heart RNA, female 1 wk"
rat_train|HEART|RNA|F_1w,PDLIM3,1,0.0632466295381491,1.04428729873632,0.9998454844552934,1.0,1.0,1.04428729873632,contractile/other-up,"Rat heart RNA, female 1 wk"
rat_train|HEART|RNA|F_1w,CS,-1,0.004129711206347,0.157868876212431,0.9998454844552934,1.0,-1.0,-0.157868876212431,phenotype,"Rat heart RNA, female 1 wk"
rat_train|HEART|RNA|F_1w,TFAM,-1,0.0442389101461861,0.800708983111312,0.9998454844552934,1.0,-1.0,-0.800708983111312,phenotype,"Rat heart RNA, female 1 wk"
rat_train|HEART|RNA|F_1w,PDHA1,-1,0.0692591261803244,1.72072417440352,0.9998454844552934,1.0,-1.0,-1.72072417440352,phenotype,"Rat heart RNA, female 1 wk"
rat_train|HEART|RNA|F_1w,PDHB,-1,0.0380227864366487,1.11361177000924,0.9998454844552934,1.0,-1.0,-1.11361177000924,phenotype,"Rat heart RNA, female 1 wk"
rat_train|HEART|RNA|F_1w,LDHA,1,-0.0210873280535063,-0.59504912566679,0.9998454844552934,1.0,-1.0,-0.59504912566679,phenotype,"Rat heart RNA, female 1 wk"
rat_train|HEART|RNA|F_1w,LDHB,1,-0.0161790674954898,-0.418986167703562,0.9998454844552934,1.0,-1.0,-0.418986167703562,phenotype,"Rat heart RNA, female 1 wk"
rat_train|HEART|RNA|F_2w,NDUFA9,-1,0.0271904886805579,0.874929609523631,1.0,1.0,-1.0,-0.874929609523631,OXPHOS-down,"Rat heart RNA, female 2 wk"
rat_train|HEART|RNA|F_2w,UQCRC2,-1,0.0379042806360169,1.3555494494598,0.9531947322409272,1.0,-1.0,-1.3555494494598,OXPHOS-down,"Rat heart RNA, female 2 wk"
rat_train|HEART|RNA|F_2w,UQCRC1,-1,-0.0603749946513518,-2.50745006582929,0.4696453555271266,1.0,1.0,2.50745006582929,OXPHOS-down,"Rat heart RNA, female 2 wk"
rat_train|HEART|RNA|F_2w,ATP5MG,-1,-0.0755020257669799,-2.54961384342331,0.442302646503273,1.0,1.0,2.54961384342331,OXPHOS-down,"Rat heart RNA, female 2 wk"
rat_train|HEART|RNA|F_2w,ATP5F1B,-1,0.0132922369841536,0.498393238921721,1.0,1.0,-1.0,-0.498393238921721,OXPHOS-down,"Rat heart RNA, female 2 wk"
rat_train|HEART|RNA|F_2w,IDH2,-1,0.0023311683818189,0.0624147558549681,1.0,1.0,-1.0,-0.0624147558549681,TCA/transport-down,"Rat heart RNA, female 2 wk"
rat_train|HEART|RNA|F_2w,OGDH,-1,-0.0570341457081801,-2.26702928452844,0.6068806937204756,1.0,1.0,2.26702928452844,TCA/transport-down,"Rat heart RNA, female 2 wk"
rat_train|HEART|RNA|F_2w,SLC25A4,-1,-0.0718031770531468,-2.12906034177556,0.6838558330880743,1.0,1.0,2.12906034177556,TCA/transport-down,"Rat heart RNA, female 2 wk"
rat_train|HEART|RNA|F_2w,ECH1,-1,-0.116240005729422,-1.83855932219515,0.8290292533327075,1.0,1.0,1.83855932219515,TCA/transport-down,"Rat heart RNA, female 2 wk"
rat_train|HEART|RNA|F_2w,GLO1,1,0.0282223130462338,0.577497075680675,1.0,1.0,1.0,0.577497075680675,glycolytic-up,"Rat heart RNA, female 2 wk"
rat_train|HEART|RNA|F_2w,FBP2,1,-0.223061535771385,-0.631280382317859,1.0,1.0,-1.0,-0.631280382317859,glycolytic-up,"Rat heart RNA, female 2 wk"
rat_train|HEART|RNA|F_2w,PEBP1,1,-0.0653556445580106,-2.24818683401347,0.6232244223496035,1.0,-1.0,-2.24818683401347,contractile/other-up,"Rat heart RNA, female 2 wk"
rat_train|HEART|RNA|F_2w,ATP2A1,1,,,,,,,contractile/other-up,"Rat heart RNA, female 2 wk"
rat_train|HEART|RNA|F_2w,MYH1,1,0.0039782530734793,0.0092077887583065,1.0,1.0,1.0,0.0092077887583065,contractile/other-up,"Rat heart RNA, female 2 wk"
rat_train|HEART|RNA|F_2w,MYH2,1,0.0039782530734793,0.0092077887583065,1.0,1.0,1.0,0.0092077887583065,contractile/other-up,"Rat heart RNA, female 2 wk"
rat_train|HEART|RNA|F_2w,MYH7,1,-0.22327107360835,-1.605598004336,0.8926031629586756,1.0,-1.0,-1.605598004336,contractile/other-up,"Rat heart RNA, female 2 wk"
rat_train|HEART|RNA|F_2w,MYLPF,1,,,,,,,contractile/other-up,"Rat heart RNA, female 2 wk"
rat_train|HEART|RNA|F_2w,APOA1,1,,,,,,,contractile/other-up,"Rat heart RNA, female 2 wk"
rat_train|HEART|RNA|F_2w,PDLIM3,1,-0.0984917307149372,-1.57126553206216,0.912350630601394,1.0,-1.0,-1.57126553206216,contractile/other-up,"Rat heart RNA, female 2 wk"
rat_train|HEART|RNA|F_2w,CS,-1,-0.0386366368438561,-1.43556896382735,0.9434542077666548,1.0,1.0,1.43556896382735,phenotype,"Rat heart RNA, female 2 wk"
rat_train|HEART|RNA|F_2w,TFAM,-1,0.0759636951009599,1.3274179194299,0.9591257133383714,1.0,-1.0,-1.3274179194299,phenotype,"Rat heart RNA, female 2 wk"
rat_train|HEART|RNA|F_2w,PDHA1,-1,0.0722647898128281,1.74944525273041,0.8582509138393628,1.0,-1.0,-1.74944525273041,phenotype,"Rat heart RNA, female 2 wk"
rat_train|HEART|RNA|F_2w,PDHB,-1,0.0187620157578894,0.533862372539544,1.0,1.0,-1.0,-0.533862372539544,phenotype,"Rat heart RNA, female 2 wk"
rat_train|HEART|RNA|F_2w,LDHA,1,-0.0656340879834639,-1.80296934291899,0.841295338030245,1.0,-1.0,-1.80296934291899,phenotype,"Rat heart RNA, female 2 wk"
rat_train|HEART|RNA|F_2w,LDHB,1,0.0365888396941304,0.923995988852112,1.0,1.0,1.0,0.923995988852112,phenotype,"Rat heart RNA, female 2 wk"
rat_train|HEART|RNA|F_4w,NDUFA9,-1,0.0446419301184747,1.46315707788105,0.8398742491271253,1.0,-1.0,-1.46315707788105,OXPHOS-down,"Rat heart RNA, female 4 wk"
rat_train|HEART|RNA|F_4w,UQCRC2,-1,0.0542716709012204,1.97325154126838,0.6428430314732373,1.0,-1.0,-1.97325154126838,OXPHOS-down,"Rat heart RNA, female 4 wk"
rat_train|HEART|RNA|F_4w,UQCRC1,-1,0.0289894448695893,1.22543100580047,0.8959614818648025,1.0,-1.0,-1.22543100580047,OXPHOS-down,"Rat heart RNA, female 4 wk"
rat_train|HEART|RNA|F_4w,ATP5MG,-1,0.0053320081872699,0.183803084762148,0.9998459062106204,1.0,-1.0,-0.183803084762148,OXPHOS-down,"Rat heart RNA, female 4 wk"
rat_train|HEART|RNA|F_4w,ATP5F1B,-1,0.0357127869219399,1.3586537680248,0.8684843194578875,1.0,-1.0,-1.3586537680248,OXPHOS-down,"Rat heart RNA, female 4 wk"
rat_train|HEART|RNA|F_4w,IDH2,-1,0.0194984094890931,0.529740200259883,0.980719549608167,1.0,-1.0,-0.529740200259883,TCA/transport-down,"Rat heart RNA, female 4 wk"
rat_train|HEART|RNA|F_4w,OGDH,-1,-0.0049240200771496,-0.198745397782537,0.9988117890179452,1.0,1.0,0.198745397782537,TCA/transport-down,"Rat heart RNA, female 4 wk"
rat_train|HEART|RNA|F_4w,SLC25A4,-1,0.038417772977085,1.15598286911717,0.9094071792132304,1.0,-1.0,-1.15598286911717,TCA/transport-down,"Rat heart RNA, female 4 wk"
rat_train|HEART|RNA|F_4w,ECH1,-1,-0.130342225564657,-2.09204144376599,0.58719204392907,1.0,1.0,2.09204144376599,TCA/transport-down,"Rat heart RNA, female 4 wk"
rat_train|HEART|RNA|F_4w,GLO1,1,0.0107967813622523,0.225898807753443,0.99668749068289,1.0,1.0,0.225898807753443,glycolytic-up,"Rat heart RNA, female 4 wk"
rat_train|HEART|RNA|F_4w,FBP2,1,-0.407710073283762,-1.17455708311437,0.9080774393576604,1.0,-1.0,-1.17455708311437,glycolytic-up,"Rat heart RNA, female 4 wk"
rat_train|HEART|RNA|F_4w,PEBP1,1,0.0260322101132087,0.914393183817622,0.9450783317107314,1.0,1.0,0.914393183817622,contractile/other-up,"Rat heart RNA, female 4 wk"
rat_train|HEART|RNA|F_4w,ATP2A1,1,,,,,,,contractile/other-up,"Rat heart RNA, female 4 wk"
rat_train|HEART|RNA|F_4w,MYH1,1,-0.679388870688315,-1.55040770143665,0.8260338602617997,1.0,-1.0,-1.55040770143665,contractile/other-up,"Rat heart RNA, female 4 wk"
rat_train|HEART|RNA|F_4w,MYH2,1,-0.679388870688315,-1.55040770143665,0.8260338602617997,1.0,-1.0,-1.55040770143665,contractile/other-up,"Rat heart RNA, female 4 wk"
rat_train|HEART|RNA|F_4w,MYH7,1,-0.028513615171706,-0.207986651418946,0.997788394731928,1.0,-1.0,-0.207986651418946,contractile/other-up,"Rat heart RNA, female 4 wk"
rat_train|HEART|RNA|F_4w,MYLPF,1,,,,,,,contractile/other-up,"Rat heart RNA, female 4 wk"
rat_train|HEART|RNA|F_4w,APOA1,1,,,,,,,contractile/other-up,"Rat heart RNA, female 4 wk"
rat_train|HEART|RNA|F_4w,PDLIM3,1,0.0136908034366568,0.223341459293639,0.99668749068289,1.0,1.0,0.223341459293639,contractile/other-up,"Rat heart RNA, female 4 wk"
rat_train|HEART|RNA|F_4w,CS,-1,0.0149458303955005,0.565220590465674,0.9795470168499164,1.0,-1.0,-0.565220590465674,phenotype,"Rat heart RNA, female 4 wk"
rat_train|HEART|RNA|F_4w,TFAM,-1,0.0974387180656802,1.74788743567736,0.7400470224299167,1.0,-1.0,-1.74788743567736,phenotype,"Rat heart RNA, female 4 wk"
rat_train|HEART|RNA|F_4w,PDHA1,-1,0.0659251699420944,1.62035702755319,0.798983462348196,1.0,-1.0,-1.62035702755319,phenotype,"Rat heart RNA, female 4 wk"
rat_train|HEART|RNA|F_4w,PDHB,-1,0.0195019992755192,0.564794291146988,0.979658159880836,1.0,-1.0,-0.564794291146988,phenotype,"Rat heart RNA, female 4 wk"
rat_train|HEART|RNA|F_4w,LDHA,1,-0.0387566701681873,-1.08176551167676,0.9242227767759752,1.0,-1.0,-1.08176551167676,phenotype,"Rat heart RNA, female 4 wk"
rat_train|HEART|RNA|F_4w,LDHB,1,0.112852332913486,2.89179645521743,0.2457688196190146,1.0,1.0,2.89179645521743,phenotype,"Rat heart RNA, female 4 wk"
rat_train|HEART|RNA|F_8w,NDUFA9,-1,0.0805589345512476,2.65422474590383,0.1798899377792533,1.0,-1.0,-2.65422474590383,OXPHOS-down,"Rat heart RNA, female 8 wk"
rat_train|HEART|RNA|F_8w,UQCRC2,-1,0.0849268786010763,3.10856476733515,0.0801017522507994,1.0,-1.0,-3.10856476733515,OXPHOS-down,"Rat heart RNA, female 8 wk"
rat_train|HEART|RNA|F_8w,UQCRC1,-1,0.0193534071431862,0.823069611973354,0.8544178830173395,1.0,-1.0,-0.823069611973354,OXPHOS-down,"Rat heart RNA, female 8 wk"
rat_train|HEART|RNA|F_8w,ATP5MG,-1,0.0452594658708322,1.56763506120688,0.5912358893055218,1.0,-1.0,-1.56763506120688,OXPHOS-down,"Rat heart RNA, female 8 wk"
rat_train|HEART|RNA|F_8w,ATP5F1B,-1,0.0341117278788095,1.30857871775178,0.6829010523522264,1.0,-1.0,-1.30857871775178,OXPHOS-down,"Rat heart RNA, female 8 wk"
rat_train|HEART|RNA|F_8w,IDH2,-1,0.0082458494016798,0.225869064724197,0.9743768911836136,1.0,-1.0,-0.225869064724197,TCA/transport-down,"Rat heart RNA, female 8 wk"
rat_train|HEART|RNA|F_8w,OGDH,-1,-0.0587239359208284,-2.38791716246419,0.2657344781639761,1.0,1.0,2.38791716246419,TCA/transport-down,"Rat heart RNA, female 8 wk"
rat_train|HEART|RNA|F_8w,SLC25A4,-1,0.045942622397764,1.39397342411723,0.6518246180994758,1.0,-1.0,-1.39397342411723,TCA/transport-down,"Rat heart RNA, female 8 wk"
rat_train|HEART|RNA|F_8w,ECH1,-1,-0.230726108050158,-3.73216611510897,0.021958329680834,1.0,1.0,3.73216611510897,TCA/transport-down,"Rat heart RNA, female 8 wk"
rat_train|HEART|RNA|F_8w,GLO1,1,0.025432661698783,0.531970813977829,0.921662349320683,1.0,1.0,0.531970813977829,glycolytic-up,"Rat heart RNA, female 8 wk"
rat_train|HEART|RNA|F_8w,FBP2,1,-0.465120158278756,-1.33065789834347,0.6735254666520172,1.0,-1.0,-1.33065789834347,glycolytic-up,"Rat heart RNA, female 8 wk"
rat_train|HEART|RNA|F_8w,PEBP1,1,0.0198814357083848,0.700884109236288,0.8854913909335868,1.0,1.0,0.700884109236288,contractile/other-up,"Rat heart RNA, female 8 wk"
rat_train|HEART|RNA|F_8w,ATP2A1,1,,,,,,,contractile/other-up,"Rat heart RNA, female 8 wk"
rat_train|HEART|RNA|F_8w,MYH1,1,0.476558993147137,1.1617707425257,0.7417468628870629,1.0,1.0,1.1617707425257,contractile/other-up,"Rat heart RNA, female 8 wk"
rat_train|HEART|RNA|F_8w,MYH2,1,0.476558993147137,1.1617707425257,0.7417468628870629,1.0,1.0,1.1617707425257,contractile/other-up,"Rat heart RNA, female 8 wk"
rat_train|HEART|RNA|F_8w,MYH7,1,-0.103056968886708,-0.758226863974554,0.8709434409691056,1.0,-1.0,-0.758226863974554,contractile/other-up,"Rat heart RNA, female 8 wk"
rat_train|HEART|RNA|F_8w,MYLPF,1,,,,,,,contractile/other-up,"Rat heart RNA, female 8 wk"
rat_train|HEART|RNA|F_8w,APOA1,1,,,,,,,contractile/other-up,"Rat heart RNA, female 8 wk"
rat_train|HEART|RNA|F_8w,PDLIM3,1,-0.0727518250888688,-1.18784450136076,0.732790222895194,1.0,-1.0,-1.18784450136076,contractile/other-up,"Rat heart RNA, female 8 wk"
rat_train|HEART|RNA|F_8w,CS,-1,0.0358836887934412,1.36534048590672,0.661825309461281,1.0,-1.0,-1.36534048590672,phenotype,"Rat heart RNA, female 8 wk"
rat_train|HEART|RNA|F_8w,TFAM,-1,0.0645016338853759,1.15049622536853,0.7433599606526426,1.0,-1.0,-1.15049622536853,phenotype,"Rat heart RNA, female 8 wk"
rat_train|HEART|RNA|F_8w,PDHA1,-1,0.142261613345107,3.52455426874046,0.0350119187544805,1.0,-1.0,-3.52455426874046,phenotype,"Rat heart RNA, female 8 wk"
rat_train|HEART|RNA|F_8w,PDHB,-1,0.0778727899019246,2.26892405529064,0.2985651801483958,1.0,-1.0,-2.26892405529064,phenotype,"Rat heart RNA, female 8 wk"
rat_train|HEART|RNA|F_8w,LDHA,1,0.03986746106721,1.12131134496044,0.7541469811813566,1.0,1.0,1.12131134496044,phenotype,"Rat heart RNA, female 8 wk"
rat_train|HEART|RNA|F_8w,LDHB,1,0.131409134990128,3.39561259401627,0.0451623671746961,1.0,1.0,3.39561259401627,phenotype,"Rat heart RNA, female 8 wk"
rat_train|HEART|RNA|M_1w,NDUFA9,-1,0.0505640079379595,1.33767594880759,0.9444733199972756,1.0,-1.0,-1.33767594880759,OXPHOS-down,"Rat heart RNA, male 1 wk"
rat_train|HEART|RNA|M_1w,UQCRC2,-1,0.0565238286016721,1.54269622218021,0.9017493436375524,1.0,-1.0,-1.54269622218021,OXPHOS-down,"Rat heart RNA, male 1 wk"
rat_train|HEART|RNA|M_1w,UQCRC1,-1,0.0271706064346726,0.740682100497064,0.9850355757415308,1.0,-1.0,-0.740682100497064,OXPHOS-down,"Rat heart RNA, male 1 wk"
rat_train|HEART|RNA|M_1w,ATP5MG,-1,-0.0083715400948117,-0.1927067352595,0.9952615144306414,1.0,1.0,0.1927067352595,OXPHOS-down,"Rat heart RNA, male 1 wk"
rat_train|HEART|RNA|M_1w,ATP5F1B,-1,0.0172149487725082,0.48832762347497,0.9923953428772244,1.0,-1.0,-0.48832762347497,OXPHOS-down,"Rat heart RNA, male 1 wk"
rat_train|HEART|RNA|M_1w,IDH2,-1,0.0191240707711088,0.45492790046765,0.9923953428772244,1.0,-1.0,-0.45492790046765,TCA/transport-down,"Rat heart RNA, male 1 wk"
rat_train|HEART|RNA|M_1w,OGDH,-1,0.0422843317596801,1.11629235365528,0.9695898642237352,1.0,-1.0,-1.11629235365528,TCA/transport-down,"Rat heart RNA, male 1 wk"
rat_train|HEART|RNA|M_1w,SLC25A4,-1,0.0578494596311717,1.4239009342306,0.9397041457817292,1.0,-1.0,-1.4239009342306,TCA/transport-down,"Rat heart RNA, male 1 wk"
rat_train|HEART|RNA|M_1w,ECH1,-1,0.0167012072719734,0.268805886624556,0.9941774730396212,1.0,-1.0,-0.268805886624556,TCA/transport-down,"Rat heart RNA, male 1 wk"
rat_train|HEART|RNA|M_1w,GLO1,1,0.0468248270292059,0.82729717121904,0.980572227924856,1.0,1.0,0.82729717121904,glycolytic-up,"Rat heart RNA, male 1 wk"
rat_train|HEART|RNA|M_1w,FBP2,1,0.0130094772000466,0.0404137135742786,0.9998963344595464,1.0,1.0,0.0404137135742786,glycolytic-up,"Rat heart RNA, male 1 wk"
rat_train|HEART|RNA|M_1w,PEBP1,1,-0.0337891787369311,-0.862809232089674,0.980572227924856,1.0,-1.0,-0.862809232089674,contractile/other-up,"Rat heart RNA, male 1 wk"
rat_train|HEART|RNA|M_1w,ATP2A1,1,,,,,,,contractile/other-up,"Rat heart RNA, male 1 wk"
rat_train|HEART|RNA|M_1w,MYH1,1,0.0515910298481269,0.117440166520948,0.9956729044771214,1.0,1.0,0.117440166520948,contractile/other-up,"Rat heart RNA, male 1 wk"
rat_train|HEART|RNA|M_1w,MYH2,1,0.0515910298481269,0.117440166520948,0.9956729044771214,1.0,1.0,0.117440166520948,contractile/other-up,"Rat heart RNA, male 1 wk"
rat_train|HEART|RNA|M_1w,MYH7,1,-0.339865817396912,-2.25452544856383,0.6247943000933994,1.0,-1.0,-2.25452544856383,contractile/other-up,"Rat heart RNA, male 1 wk"
rat_train|HEART|RNA|M_1w,MYLPF,1,,,,,,,contractile/other-up,"Rat heart RNA, male 1 wk"
rat_train|HEART|RNA|M_1w,APOA1,1,,,,,,,contractile/other-up,"Rat heart RNA, male 1 wk"
rat_train|HEART|RNA|M_1w,PDLIM3,1,-0.0514246600868487,-0.767281564589763,0.9830563786757626,1.0,-1.0,-0.767281564589763,contractile/other-up,"Rat heart RNA, male 1 wk"
rat_train|HEART|RNA|M_1w,CS,-1,0.0418844960675992,1.09401494809425,0.9705610829378104,1.0,-1.0,-1.09401494809425,phenotype,"Rat heart RNA, male 1 wk"
rat_train|HEART|RNA|M_1w,TFAM,-1,0.0660401657942067,0.895474453440586,0.980572227924856,1.0,-1.0,-0.895474453440586,phenotype,"Rat heart RNA, male 1 wk"
rat_train|HEART|RNA|M_1w,PDHA1,-1,0.0882512862494761,2.306976951542,0.5903005747649487,1.0,-1.0,-2.306976951542,phenotype,"Rat heart RNA, male 1 wk"
rat_train|HEART|RNA|M_1w,PDHB,-1,0.0344753558243695,0.882069201811836,0.980572227924856,1.0,-1.0,-0.882069201811836,phenotype,"Rat heart RNA, male 1 wk"
rat_train|HEART|RNA|M_1w,LDHA,1,0.106333291971345,3.02511354411178,0.2713985181871771,1.0,1.0,3.02511354411178,phenotype,"Rat heart RNA, male 1 wk"
rat_train|HEART|RNA|M_1w,LDHB,1,0.112283646247264,2.55807681683604,0.4592966795229258,1.0,1.0,2.55807681683604,phenotype,"Rat heart RNA, male 1 wk"
rat_train|HEART|RNA|M_2w,NDUFA9,-1,0.0858113978767443,2.53390601706495,0.2868430406699507,1.0,-1.0,-2.53390601706495,OXPHOS-down,"Rat heart RNA, male 2 wk"
rat_train|HEART|RNA|M_2w,UQCRC2,-1,0.0722324531420448,2.19954134002444,0.4323796334941081,1.0,-1.0,-2.19954134002444,OXPHOS-down,"Rat heart RNA, male 2 wk"
rat_train|HEART|RNA|M_2w,UQCRC1,-1,0.0449450084566222,1.36708111549994,0.7750433685157198,1.0,-1.0,-1.36708111549994,OXPHOS-down,"Rat heart RNA, male 2 wk"
rat_train|HEART|RNA|M_2w,ATP5MG,-1,0.0081765087001541,0.210009014907194,0.9889560881168218,1.0,-1.0,-0.210009014907194,OXPHOS-down,"Rat heart RNA, male 2 wk"
rat_train|HEART|RNA|M_2w,ATP5F1B,-1,0.0470186215583199,1.4878328119336,0.7318025323835275,1.0,-1.0,-1.4878328119336,OXPHOS-down,"Rat heart RNA, male 2 wk"
rat_train|HEART|RNA|M_2w,IDH2,-1,0.0373981442137999,0.992436684154183,0.8801394994404833,1.0,-1.0,-0.992436684154183,TCA/transport-down,"Rat heart RNA, male 2 wk"
rat_train|HEART|RNA|M_2w,OGDH,-1,0.0605697882628164,1.78383558085603,0.6281384288123082,1.0,-1.0,-1.78383558085603,TCA/transport-down,"Rat heart RNA, male 2 wk"
rat_train|HEART|RNA|M_2w,SLC25A4,-1,0.0536839654903727,1.47401335235699,0.7356805463679893,1.0,-1.0,-1.47401335235699,TCA/transport-down,"Rat heart RNA, male 2 wk"
rat_train|HEART|RNA|M_2w,ECH1,-1,0.0318195380804278,0.571315163000807,0.9433745325630044,1.0,-1.0,-0.571315163000807,TCA/transport-down,"Rat heart RNA, male 2 wk"
rat_train|HEART|RNA|M_2w,GLO1,1,0.0286662983326606,0.565199376945706,0.9436466664421392,1.0,1.0,0.565199376945706,glycolytic-up,"Rat heart RNA, male 2 wk"
rat_train|HEART|RNA|M_2w,FBP2,1,-0.0679123160741809,-0.234660190205715,0.9860708025124604,1.0,-1.0,-0.234660190205715,glycolytic-up,"Rat heart RNA, male 2 wk"
rat_train|HEART|RNA|M_2w,PEBP1,1,0.0153144481586011,0.43667024833371,0.968333020502364,1.0,1.0,0.43667024833371,contractile/other-up,"Rat heart RNA, male 2 wk"
rat_train|HEART|RNA|M_2w,ATP2A1,1,,,,,,,contractile/other-up,"Rat heart RNA, male 2 wk"
rat_train|HEART|RNA|M_2w,MYH1,1,0.0771098395126676,0.200641377722059,0.9889560881168218,1.0,1.0,0.200641377722059,contractile/other-up,"Rat heart RNA, male 2 wk"
rat_train|HEART|RNA|M_2w,MYH2,1,0.0771098395126676,0.200641377722059,0.9889560881168218,1.0,1.0,0.200641377722059,contractile/other-up,"Rat heart RNA, male 2 wk"
rat_train|HEART|RNA|M_2w,MYH7,1,-0.54850709255212,-4.0586933750542,0.0107997480713063,1.0,-1.0,-4.0,contractile/other-up,"Rat heart RNA, male 2 wk"
rat_train|HEART|RNA|M_2w,MYLPF,1,,,,,,,contractile/other-up,"Rat heart RNA, male 2 wk"
rat_train|HEART|RNA|M_2w,APOA1,1,,,,,,,contractile/other-up,"Rat heart RNA, male 2 wk"
rat_train|HEART|RNA|M_2w,PDLIM3,1,-0.190732507521154,-3.16608371276832,0.0987473146227898,1.0,-1.0,-3.16608371276832,contractile/other-up,"Rat heart RNA, male 2 wk"
rat_train|HEART|RNA|M_2w,CS,-1,0.0578406180737811,1.68559746541342,0.658243442088212,1.0,-1.0,-1.68559746541342,phenotype,"Rat heart RNA, male 2 wk"
rat_train|HEART|RNA|M_2w,TFAM,-1,0.107834890629343,1.63580833966089,0.6821000636192168,1.0,-1.0,-1.63580833966089,phenotype,"Rat heart RNA, male 2 wk"
rat_train|HEART|RNA|M_2w,PDHA1,-1,0.137702468634724,4.01697217043711,0.0122385755120089,1.0,-1.0,-4.0,phenotype,"Rat heart RNA, male 2 wk"
rat_train|HEART|RNA|M_2w,PDHB,-1,0.0810865372226512,2.31598127870712,0.3768507585425887,1.0,-1.0,-2.31598127870712,phenotype,"Rat heart RNA, male 2 wk"
rat_train|HEART|RNA|M_2w,LDHA,1,0.0955921554203412,3.03417862086048,0.1248663505708059,1.0,1.0,3.03417862086048,phenotype,"Rat heart RNA, male 2 wk"
rat_train|HEART|RNA|M_2w,LDHB,1,0.146266215763395,3.7173150857024,0.0285129178089349,1.0,1.0,3.7173150857024,phenotype,"Rat heart RNA, male 2 wk"
rat_train|HEART|RNA|M_4w,NDUFA9,-1,0.083881590479158,2.43168728172684,0.4412077317206408,1.0,-1.0,-2.43168728172684,OXPHOS-down,"Rat heart RNA, male 4 wk"
rat_train|HEART|RNA|M_4w,UQCRC2,-1,0.0332497289621971,0.994977484429127,0.9534328604352686,1.0,-1.0,-0.994977484429127,OXPHOS-down,"Rat heart RNA, male 4 wk"
rat_train|HEART|RNA|M_4w,UQCRC1,-1,0.0353615278988322,1.05741621203461,0.9453125078771236,1.0,-1.0,-1.05741621203461,OXPHOS-down,"Rat heart RNA, male 4 wk"
rat_train|HEART|RNA|M_4w,ATP5MG,-1,0.0015820396826144,0.0399042671205205,0.9989631386092234,1.0,-1.0,-0.0399042671205205,OXPHOS-down,"Rat heart RNA, male 4 wk"
rat_train|HEART|RNA|M_4w,ATP5F1B,-1,0.0298020593907235,0.927721926203687,0.9624305019281868,1.0,-1.0,-0.927721926203687,OXPHOS-down,"Rat heart RNA, male 4 wk"
rat_train|HEART|RNA|M_4w,IDH2,-1,0.0115926251643062,0.302587237417029,0.9965324722031856,1.0,-1.0,-0.302587237417029,TCA/transport-down,"Rat heart RNA, male 4 wk"
rat_train|HEART|RNA|M_4w,OGDH,-1,0.0222457254011671,0.644356185172564,0.9895654843075598,1.0,-1.0,-0.644356185172564,TCA/transport-down,"Rat heart RNA, male 4 wk"
rat_train|HEART|RNA|M_4w,SLC25A4,-1,0.0153168286700081,0.413718616561818,0.9965324722031856,1.0,-1.0,-0.413718616561818,TCA/transport-down,"Rat heart RNA, male 4 wk"
rat_train|HEART|RNA|M_4w,ECH1,-1,-0.0396136847262319,-0.699388596569146,0.9872232526276188,1.0,1.0,0.699388596569146,TCA/transport-down,"Rat heart RNA, male 4 wk"
rat_train|HEART|RNA|M_4w,GLO1,1,-0.0067015602333064,-0.129101942140363,0.9969478951738784,1.0,-1.0,-0.129101942140363,glycolytic-up,"Rat heart RNA, male 4 wk"
rat_train|HEART|RNA|M_4w,FBP2,1,0.0493611867792369,0.167806149709588,0.9965324722031856,1.0,1.0,0.167806149709588,glycolytic-up,"Rat heart RNA, male 4 wk"
rat_train|HEART|RNA|M_4w,PEBP1,1,0.0385236035364163,1.07848010335045,0.9412518646302876,1.0,1.0,1.07848010335045,contractile/other-up,"Rat heart RNA, male 4 wk"
rat_train|HEART|RNA|M_4w,ATP2A1,1,,,,,,,contractile/other-up,"Rat heart RNA, male 4 wk"
rat_train|HEART|RNA|M_4w,MYH1,1,-0.336248180693606,-0.83383231845402,0.974862974472896,1.0,-1.0,-0.83383231845402,contractile/other-up,"Rat heart RNA, male 4 wk"
rat_train|HEART|RNA|M_4w,MYH2,1,-0.336248180693606,-0.83383231845402,0.974862974472896,1.0,-1.0,-0.83383231845402,contractile/other-up,"Rat heart RNA, male 4 wk"
rat_train|HEART|RNA|M_4w,MYH7,1,-0.0643098032255083,-0.468210283578331,0.9945638095900664,1.0,-1.0,-0.468210283578331,contractile/other-up,"Rat heart RNA, male 4 wk"
rat_train|HEART|RNA|M_4w,MYLPF,1,,,,,,,contractile/other-up,"Rat heart RNA, male 4 wk"
rat_train|HEART|RNA|M_4w,APOA1,1,,,,,,,contractile/other-up,"Rat heart RNA, male 4 wk"
rat_train|HEART|RNA|M_4w,PDLIM3,1,-0.0860669297929263,-1.40058490664386,0.8921215607548248,1.0,-1.0,-1.40058490664386,contractile/other-up,"Rat heart RNA, male 4 wk"
rat_train|HEART|RNA|M_4w,CS,-1,0.0354498959896497,1.01509694207626,0.9510923086545005,1.0,-1.0,-1.01509694207626,phenotype,"Rat heart RNA, male 4 wk"
rat_train|HEART|RNA|M_4w,TFAM,-1,-0.0001907908560538,-0.002822926650847,0.9996242461802756,1.0,1.0,0.002822926650847,phenotype,"Rat heart RNA, male 4 wk"
rat_train|HEART|RNA|M_4w,PDHA1,-1,0.0167774232091231,0.480814234144847,0.9945638095900664,1.0,-1.0,-0.480814234144847,phenotype,"Rat heart RNA, male 4 wk"
rat_train|HEART|RNA|M_4w,PDHB,-1,0.0055777626261676,0.156281305145345,0.9965324722031856,1.0,-1.0,-0.156281305145345,phenotype,"Rat heart RNA, male 4 wk"
rat_train|HEART|RNA|M_4w,LDHA,1,0.0145018114607781,0.452018692289669,0.9961529575474156,1.0,1.0,0.452018692289669,phenotype,"Rat heart RNA, male 4 wk"
rat_train|HEART|RNA|M_4w,LDHB,1,0.115981813574485,2.89973047048682,0.2305383767518277,1.0,1.0,2.89973047048682,phenotype,"Rat heart RNA, male 4 wk"
rat_train|HEART|RNA|M_8w,NDUFA9,-1,-0.0379581558355235,-1.10344796949756,0.7899195694742742,1.0,1.0,1.10344796949756,OXPHOS-down,"Rat heart RNA, male 8 wk"
rat_train|HEART|RNA|M_8w,UQCRC2,-1,-0.0364792342226069,-1.09543568348323,0.7919594733483875,1.0,1.0,1.09543568348323,OXPHOS-down,"Rat heart RNA, male 8 wk"
rat_train|HEART|RNA|M_8w,UQCRC1,-1,-0.0120838208056375,-0.362668190454086,0.9583303893718356,1.0,1.0,0.362668190454086,OXPHOS-down,"Rat heart RNA, male 8 wk"
rat_train|HEART|RNA|M_8w,ATP5MG,-1,-0.0674188907098452,-1.70654832828758,0.5551879267271503,1.0,1.0,1.70654832828758,OXPHOS-down,"Rat heart RNA, male 8 wk"
rat_train|HEART|RNA|M_8w,ATP5F1B,-1,-0.0395689179052144,-1.23633639426367,0.7397753589596066,1.0,1.0,1.23633639426367,OXPHOS-down,"Rat heart RNA, male 8 wk"
rat_train|HEART|RNA|M_8w,IDH2,-1,-0.0450269400682998,-1.17960788023409,0.7659947143084652,1.0,1.0,1.17960788023409,TCA/transport-down,"Rat heart RNA, male 8 wk"
rat_train|HEART|RNA|M_8w,OGDH,-1,-0.0931414590908834,-2.70752047275437,0.1394769626709142,1.0,1.0,2.70752047275437,TCA/transport-down,"Rat heart RNA, male 8 wk"
rat_train|HEART|RNA|M_8w,SLC25A4,-1,-0.0168250242611095,-0.45616180066042,0.9405991304035448,1.0,1.0,0.45616180066042,TCA/transport-down,"Rat heart RNA, male 8 wk"
rat_train|HEART|RNA|M_8w,ECH1,-1,-0.260058840047819,-4.60627483737375,0.0004814038385708,1.0,1.0,4.0,TCA/transport-down,"Rat heart RNA, male 8 wk"
rat_train|HEART|RNA|M_8w,GLO1,1,-0.0901695646296266,-1.74244457598552,0.5400297365165415,1.0,-1.0,-1.74244457598552,glycolytic-up,"Rat heart RNA, male 8 wk"
rat_train|HEART|RNA|M_8w,FBP2,1,-0.512338995019023,-1.71410981857499,0.5527329219954688,1.0,-1.0,-1.71410981857499,glycolytic-up,"Rat heart RNA, male 8 wk"
rat_train|HEART|RNA|M_8w,PEBP1,1,0.0445571048438086,1.25232415927453,0.7333518860293354,1.0,1.0,1.25232415927453,contractile/other-up,"Rat heart RNA, male 8 wk"
rat_train|HEART|RNA|M_8w,ATP2A1,1,,,,,,,contractile/other-up,"Rat heart RNA, male 8 wk"
rat_train|HEART|RNA|M_8w,MYH1,1,-0.220213555186397,-0.53783483058576,0.9278721884756552,1.0,-1.0,-0.53783483058576,contractile/other-up,"Rat heart RNA, male 8 wk"
rat_train|HEART|RNA|M_8w,MYH2,1,-0.220213555186397,-0.53783483058576,0.9278721884756552,1.0,-1.0,-0.53783483058576,contractile/other-up,"Rat heart RNA, male 8 wk"
rat_train|HEART|RNA|M_8w,MYH7,1,0.197767846985118,1.44528301325937,0.6646878289184338,1.0,1.0,1.44528301325937,contractile/other-up,"Rat heart RNA, male 8 wk"
rat_train|HEART|RNA|M_8w,MYLPF,1,,,,,,,contractile/other-up,"Rat heart RNA, male 8 wk"
rat_train|HEART|RNA|M_8w,APOA1,1,,,,,,,contractile/other-up,"Rat heart RNA, male 8 wk"
rat_train|HEART|RNA|M_8w,PDLIM3,1,-0.301885353483393,-4.90199412577252,0.0001427378256718,1.0,-1.0,-4.0,contractile/other-up,"Rat heart RNA, male 8 wk"
rat_train|HEART|RNA|M_8w,CS,-1,-0.0658840419605956,-1.89277921865138,0.4721977833892349,1.0,1.0,1.89277921865138,phenotype,"Rat heart RNA, male 8 wk"
rat_train|HEART|RNA|M_8w,TFAM,-1,-0.0726435514148262,-1.07728511453937,0.796443683701486,1.0,1.0,1.07728511453937,phenotype,"Rat heart RNA, male 8 wk"
rat_train|HEART|RNA|M_8w,PDHA1,-1,-0.0604745596538486,-1.73895124414747,0.541853677812876,1.0,1.0,1.73895124414747,phenotype,"Rat heart RNA, male 8 wk"
rat_train|HEART|RNA|M_8w,PDHB,-1,-0.029132354739416,-0.819325065764137,0.8636474253791966,1.0,1.0,0.819325065764137,phenotype,"Rat heart RNA, male 8 wk"
rat_train|HEART|RNA|M_8w,LDHA,1,0.0378481318847441,1.18468100428049,0.7628848350721349,1.0,1.0,1.18468100428049,phenotype,"Rat heart RNA, male 8 wk"
rat_train|HEART|RNA|M_8w,LDHB,1,0.148696677844473,3.73185528210378,0.0105593802900048,1.0,1.0,3.73185528210378,phenotype,"Rat heart RNA, male 8 wk"
rat_train|HEART|PROT|F_1w,NDUFA9,-1,0.0099541035692831,0.261290847259156,0.98141017498198,1.0,-1.0,-0.261290847259156,OXPHOS-down,"Rat heart protein, female 1 wk"
rat_train|HEART|PROT|F_1w,UQCRC2,-1,-0.0462825565918206,-0.860037632480606,0.9159370367583572,1.0,1.0,0.860037632480606,OXPHOS-down,"Rat heart protein, female 1 wk"
rat_train|HEART|PROT|F_1w,UQCRC1,-1,-0.0764327330275508,-1.37065852206419,0.852765404310338,1.0,1.0,1.37065852206419,OXPHOS-down,"Rat heart protein, female 1 wk"
rat_train|HEART|PROT|F_1w,ATP5MG,-1,-0.0975354408610694,-0.954791950693951,0.8995590144302591,1.0,1.0,0.954791950693951,OXPHOS-down,"Rat heart protein, female 1 wk"
rat_train|HEART|PROT|F_1w,ATP5F1B,-1,0.0369278944798114,1.23239284247746,0.8732855954348645,1.0,-1.0,-1.23239284247746,OXPHOS-down,"Rat heart protein, female 1 wk"
rat_train|HEART|PROT|F_1w,IDH2,-1,0.0009793004359992,0.0278382328988464,0.9995057866931653,1.0,-1.0,-0.0278382328988464,TCA/transport-down,"Rat heart protein, female 1 wk"
rat_train|HEART|PROT|F_1w,OGDH,-1,0.0231737704897539,0.609948461775675,0.9473707305273013,1.0,-1.0,-0.609948461775675,TCA/transport-down,"Rat heart protein, female 1 wk"
rat_train|HEART|PROT|F_1w,SLC25A4,-1,0.0125809213413433,0.207659776338799,0.9841021374241596,1.0,-1.0,-0.207659776338799,TCA/transport-down,"Rat heart protein, female 1 wk"
rat_train|HEART|PROT|F_1w,ECH1,-1,0.0497927578362055,1.27051165467715,0.8678004536539932,1.0,-1.0,-1.27051165467715,TCA/transport-down,"Rat heart protein, female 1 wk"
rat_train|HEART|PROT|F_1w,GLO1,1,-0.0284131156657731,-0.424701147293998,0.9652639750399185,1.0,-1.0,-0.424701147293998,glycolytic-up,"Rat heart protein, female 1 wk"
rat_train|HEART|PROT|F_1w,FBP2,1,-0.0717141221718424,-0.737276635676393,0.9346489725783772,1.0,-1.0,-0.737276635676393,glycolytic-up,"Rat heart protein, female 1 wk"
rat_train|HEART|PROT|F_1w,PEBP1,1,0.028007722435422,0.970606536494981,0.8958002474333464,1.0,1.0,0.970606536494981,contractile/other-up,"Rat heart protein, female 1 wk"
rat_train|HEART|PROT|F_1w,ATP2A1,1,,,,,,,contractile/other-up,"Rat heart protein, female 1 wk"
rat_train|HEART|PROT|F_1w,MYH1,1,0.284187682362691,1.47640567289968,0.8530221706883567,1.0,1.0,1.47640567289968,contractile/other-up,"Rat heart protein, female 1 wk"
rat_train|HEART|PROT|F_1w,MYH2,1,-0.839476337540664,-1.88717367337427,0.8112920964996146,1.0,-1.0,-1.88717367337427,contractile/other-up,"Rat heart protein, female 1 wk"
rat_train|HEART|PROT|F_1w,MYH7,1,-0.13400841333456,-1.57678270438626,0.8363734484096766,2.0,-1.0,-1.57678270438626,contractile/other-up,"Rat heart protein, female 1 wk"
rat_train|HEART|PROT|F_1w,MYLPF,1,,,,,,,contractile/other-up,"Rat heart protein, female 1 wk"
rat_train|HEART|PROT|F_1w,APOA1,1,-0.201011204354938,-2.21441483641414,0.7714226442651972,1.0,-1.0,-2.21441483641414,contractile/other-up,"Rat heart protein, female 1 wk"
rat_train|HEART|PROT|F_1w,PDLIM3,1,0.0865655647354403,2.63647288533503,0.6970557166271008,3.0,1.0,2.63647288533503,contractile/other-up,"Rat heart protein, female 1 wk"
rat_train|HEART|PROT|F_1w,CS,-1,0.0498012645960306,1.41174346777115,0.8513235619395587,1.0,-1.0,-1.41174346777115,phenotype,"Rat heart protein, female 1 wk"
rat_train|HEART|PROT|F_1w,TFAM,-1,0.0321039854744728,0.981779304353062,0.8957399424214703,1.0,-1.0,-0.981779304353062,phenotype,"Rat heart protein, female 1 wk"
rat_train|HEART|PROT|F_1w,PDHA1,-1,0.0153735510015982,0.517680015882072,0.9573904826028136,1.0,-1.0,-0.517680015882072,phenotype,"Rat heart protein, female 1 wk"
rat_train|HEART|PROT|F_1w,PDHB,-1,0.031740755052049,0.920588131926349,0.9067205688669764,1.0,-1.0,-0.920588131926349,phenotype,"Rat heart protein, female 1 wk"
rat_train|HEART|PROT|F_1w,LDHA,1,-0.0778493731100221,-2.47136693749541,0.7290102975953727,1.0,-1.0,-2.47136693749541,phenotype,"Rat heart protein, female 1 wk"
rat_train|HEART|PROT|F_1w,LDHB,1,-0.0483922612376714,-1.53440679489898,0.8475433618051191,1.0,-1.0,-1.53440679489898,phenotype,"Rat heart protein, female 1 wk"
rat_train|HEART|PROT|F_2w,NDUFA9,-1,0.0482544510363675,1.26665814832646,0.5946432387382751,1.0,-1.0,-1.26665814832646,OXPHOS-down,"Rat heart protein, female 2 wk"
rat_train|HEART|PROT|F_2w,UQCRC2,-1,0.041806827323917,0.776868164615206,0.7583986755201059,1.0,-1.0,-0.776868164615206,OXPHOS-down,"Rat heart protein, female 2 wk"
rat_train|HEART|PROT|F_2w,UQCRC1,-1,0.0133377725610877,0.239184586263834,0.9333304421182468,1.0,-1.0,-0.239184586263834,OXPHOS-down,"Rat heart protein, female 2 wk"
rat_train|HEART|PROT|F_2w,ATP5MG,-1,0.07743448693227,0.758020101988974,0.7651676746845898,1.0,-1.0,-0.758020101988974,OXPHOS-down,"Rat heart protein, female 2 wk"
rat_train|HEART|PROT|F_2w,ATP5F1B,-1,0.0492265694040249,1.64283592790287,0.4817311007069249,1.0,-1.0,-1.64283592790287,OXPHOS-down,"Rat heart protein, female 2 wk"
rat_train|HEART|PROT|F_2w,IDH2,-1,0.0147235786750764,0.41854205021673,0.8772754173797139,1.0,-1.0,-0.41854205021673,TCA/transport-down,"Rat heart protein, female 2 wk"
rat_train|HEART|PROT|F_2w,OGDH,-1,0.0269334108220135,0.708904600074595,0.7820466619857345,1.0,-1.0,-0.708904600074595,TCA/transport-down,"Rat heart protein, female 2 wk"
rat_train|HEART|PROT|F_2w,SLC25A4,-1,0.133306340614297,2.20034480189771,0.3290481002939375,1.0,-1.0,-2.20034480189771,TCA/transport-down,"Rat heart protein, female 2 wk"
rat_train|HEART|PROT|F_2w,ECH1,-1,0.0581415581092418,1.4835395830429,0.52537011197102,1.0,-1.0,-1.4835395830429,TCA/transport-down,"Rat heart protein, female 2 wk"
rat_train|HEART|PROT|F_2w,GLO1,1,-0.0420437349375573,-0.628442958334732,0.8088970311240025,1.0,-1.0,-0.628442958334732,glycolytic-up,"Rat heart protein, female 2 wk"
rat_train|HEART|PROT|F_2w,FBP2,1,-0.065426479776398,-0.672634809335114,0.7925094114893324,1.0,-1.0,-0.672634809335114,glycolytic-up,"Rat heart protein, female 2 wk"
rat_train|HEART|PROT|F_2w,PEBP1,1,0.0598242658525599,2.07320761662758,0.3609485649488159,1.0,1.0,2.07320761662758,contractile/other-up,"Rat heart protein, female 2 wk"
rat_train|HEART|PROT|F_2w,ATP2A1,1,,,,,,,contractile/other-up,"Rat heart protein, female 2 wk"
rat_train|HEART|PROT|F_2w,MYH1,1,-0.0463101953728962,-0.240589720825327,0.933959989920174,1.0,-1.0,-0.240589720825327,contractile/other-up,"Rat heart protein, female 2 wk"
rat_train|HEART|PROT|F_2w,MYH2,1,-0.285144875766949,-0.641016165174394,0.8051278404399157,1.0,-1.0,-0.641016165174394,contractile/other-up,"Rat heart protein, female 2 wk"
rat_train|HEART|PROT|F_2w,MYH7,1,0.806307811837937,2.92657481480809,0.2598745883737062,2.0,1.0,2.92657481480809,contractile/other-up,"Rat heart protein, female 2 wk"
rat_train|HEART|PROT|F_2w,MYLPF,1,,,,,,,contractile/other-up,"Rat heart protein, female 2 wk"
rat_train|HEART|PROT|F_2w,APOA1,1,-0.17236322498954,-1.89881794845159,0.4038516422376958,1.0,-1.0,-1.89881794845159,contractile/other-up,"Rat heart protein, female 2 wk"
rat_train|HEART|PROT|F_2w,PDLIM3,1,0.130882583243258,1.93907285494371,0.3974833902382538,3.0,1.0,1.93907285494371,contractile/other-up,"Rat heart protein, female 2 wk"
rat_train|HEART|PROT|F_2w,CS,-1,0.0856827605915114,2.42889570268677,0.2913674557456155,1.0,-1.0,-2.42889570268677,phenotype,"Rat heart protein, female 2 wk"
rat_train|HEART|PROT|F_2w,TFAM,-1,0.0534945755349891,1.63592981927944,0.4845084095243901,1.0,-1.0,-1.63592981927944,phenotype,"Rat heart protein, female 2 wk"
rat_train|HEART|PROT|F_2w,PDHA1,-1,0.0359509191740735,1.21059034487704,0.6115585419882997,1.0,-1.0,-1.21059034487704,phenotype,"Rat heart protein, female 2 wk"
rat_train|HEART|PROT|F_2w,PDHB,-1,0.0470272634407309,1.36394803871296,0.5668520054214973,1.0,-1.0,-1.36394803871296,phenotype,"Rat heart protein, female 2 wk"
rat_train|HEART|PROT|F_2w,LDHA,1,-0.0178957331723169,-0.568108920052567,0.827974093585192,1.0,-1.0,-0.568108920052567,phenotype,"Rat heart protein, female 2 wk"
rat_train|HEART|PROT|F_2w,LDHB,1,0.0051036511574014,0.1618249863599,0.9570540987880424,1.0,1.0,0.1618249863599,phenotype,"Rat heart protein, female 2 wk"
rat_train|HEART|PROT|F_4w,NDUFA9,-1,0.0855043622877562,2.24445196004031,0.3335157810180513,1.0,-1.0,-2.24445196004031,OXPHOS-down,"Rat heart protein, female 4 wk"
rat_train|HEART|PROT|F_4w,UQCRC2,-1,0.090563209697779,1.68287523840218,0.504049986351012,1.0,-1.0,-1.68287523840218,OXPHOS-down,"Rat heart protein, female 4 wk"
rat_train|HEART|PROT|F_4w,UQCRC1,-1,0.0467402120145721,0.838186302951741,0.7888620567878337,1.0,-1.0,-0.838186302951741,OXPHOS-down,"Rat heart protein, female 4 wk"
rat_train|HEART|PROT|F_4w,ATP5MG,-1,0.116232637472651,1.13782216686644,0.6930729287053058,1.0,-1.0,-1.13782216686644,OXPHOS-down,"Rat heart protein, female 4 wk"
rat_train|HEART|PROT|F_4w,ATP5F1B,-1,0.116105354412567,3.87477839630372,0.0624345876466721,1.0,-1.0,-3.87477839630372,OXPHOS-down,"Rat heart protein, female 4 wk"
rat_train|HEART|PROT|F_4w,IDH2,-1,0.0963181753258191,2.73800327105555,0.2047589397603678,1.0,-1.0,-2.73800327105555,TCA/transport-down,"Rat heart protein, female 4 wk"
rat_train|HEART|PROT|F_4w,OGDH,-1,0.108433878299611,2.85404903368923,0.1792923181983129,1.0,-1.0,-2.85404903368923,TCA/transport-down,"Rat heart protein, female 4 wk"
rat_train|HEART|PROT|F_4w,SLC25A4,-1,0.111517851319542,1.84070557588646,0.4472167897603863,1.0,-1.0,-1.84070557588646,TCA/transport-down,"Rat heart protein, female 4 wk"
rat_train|HEART|PROT|F_4w,ECH1,-1,0.0844468176538599,2.15474439842357,0.3600085100115583,1.0,-1.0,-2.15474439842357,TCA/transport-down,"Rat heart protein, female 4 wk"
rat_train|HEART|PROT|F_4w,GLO1,1,-0.0133226541727015,-0.199138544984118,0.9615140685986112,1.0,-1.0,-0.199138544984118,glycolytic-up,"Rat heart protein, female 4 wk"
rat_train|HEART|PROT|F_4w,FBP2,1,-0.294392194369341,-3.02657942481571,0.150328853292282,1.0,-1.0,-3.02657942481571,glycolytic-up,"Rat heart protein, female 4 wk"
rat_train|HEART|PROT|F_4w,PEBP1,1,0.0366791402656244,1.27111418562924,0.6460741578901184,1.0,1.0,1.27111418562924,contractile/other-up,"Rat heart protein, female 4 wk"
rat_train|HEART|PROT|F_4w,ATP2A1,1,,,,,,,contractile/other-up,"Rat heart protein, female 4 wk"
rat_train|HEART|PROT|F_4w,MYH1,1,-0.0816411822131661,-0.424140496025873,0.9127485825101744,1.0,-1.0,-0.424140496025873,contractile/other-up,"Rat heart protein, female 4 wk"
rat_train|HEART|PROT|F_4w,MYH2,1,-0.762512881726631,-1.71415699484625,0.4927502654071515,1.0,-1.0,-1.71415699484625,contractile/other-up,"Rat heart protein, female 4 wk"
rat_train|HEART|PROT|F_4w,MYH7,1,0.543264632426249,1.97183329702652,0.4358609542158725,2.0,1.0,1.97183329702652,contractile/other-up,"Rat heart protein, female 4 wk"
rat_train|HEART|PROT|F_4w,MYLPF,1,,,,,,,contractile/other-up,"Rat heart protein, female 4 wk"
rat_train|HEART|PROT|F_4w,APOA1,1,-0.181725901650535,-2.00196070695199,0.3999415316676252,1.0,-1.0,-2.00196070695199,contractile/other-up,"Rat heart protein, female 4 wk"
rat_train|HEART|PROT|F_4w,PDLIM3,1,0.245338900221708,3.63478462827606,0.0869951694562013,3.0,1.0,3.63478462827606,contractile/other-up,"Rat heart protein, female 4 wk"
rat_train|HEART|PROT|F_4w,CS,-1,0.130146956806249,3.68934639736359,0.0755933822468387,1.0,-1.0,-3.68934639736359,phenotype,"Rat heart protein, female 4 wk"
rat_train|HEART|PROT|F_4w,TFAM,-1,0.107170024718253,3.27739097686329,0.1168844349371684,1.0,-1.0,-3.27739097686329,phenotype,"Rat heart protein, female 4 wk"
rat_train|HEART|PROT|F_4w,PDHA1,-1,0.140941887220072,4.74599514497017,0.0219912511706015,1.0,-1.0,-4.0,phenotype,"Rat heart protein, female 4 wk"
rat_train|HEART|PROT|F_4w,PDHB,-1,0.112414430041022,3.2603947191341,0.1187354031507079,1.0,-1.0,-3.2603947191341,phenotype,"Rat heart protein, female 4 wk"
rat_train|HEART|PROT|F_4w,LDHA,1,0.0168605304828169,0.53524589754857,0.8815691411644151,1.0,1.0,0.53524589754857,phenotype,"Rat heart protein, female 4 wk"
rat_train|HEART|PROT|F_4w,LDHB,1,0.0342002851312404,1.08441202272248,0.7108603072756237,1.0,1.0,1.08441202272248,phenotype,"Rat heart protein, female 4 wk"
rat_train|HEART|PROT|F_8w,NDUFA9,-1,0.0151114750935348,0.396669584864458,0.9166792134003836,1.0,-1.0,-0.396669584864458,OXPHOS-down,"Rat heart protein, female 8 wk"
rat_train|HEART|PROT|F_8w,UQCRC2,-1,0.0114233829295892,0.212273044817484,0.9603202932522236,1.0,-1.0,-0.212273044817484,OXPHOS-down,"Rat heart protein, female 8 wk"
rat_train|HEART|PROT|F_8w,UQCRC1,-1,-0.0322835927997339,-0.578937581335148,0.8764608041484642,1.0,1.0,0.578937581335148,OXPHOS-down,"Rat heart protein, female 8 wk"
rat_train|HEART|PROT|F_8w,ATP5MG,-1,0.0875197887085019,0.856746932680002,0.7920957543266002,1.0,-1.0,-0.856746932680002,OXPHOS-down,"Rat heart protein, female 8 wk"
rat_train|HEART|PROT|F_8w,ATP5F1B,-1,-0.0041077193304946,-0.137086719216432,0.972306702889832,1.0,1.0,0.137086719216432,OXPHOS-down,"Rat heart protein, female 8 wk"
rat_train|HEART|PROT|F_8w,IDH2,-1,-0.0649102026909943,-1.84517975648548,0.4458788086493008,1.0,1.0,1.84517975648548,TCA/transport-down,"Rat heart protein, female 8 wk"
rat_train|HEART|PROT|F_8w,OGDH,-1,0.0139774552064389,0.367895561340581,0.9203250958354064,1.0,-1.0,-0.367895561340581,TCA/transport-down,"Rat heart protein, female 8 wk"
rat_train|HEART|PROT|F_8w,SLC25A4,-1,0.0909446787759207,1.50112628013579,0.5587667020678625,1.0,-1.0,-1.50112628013579,TCA/transport-down,"Rat heart protein, female 8 wk"
rat_train|HEART|PROT|F_8w,ECH1,-1,-0.024584168678603,-0.62728947308885,0.8645382522840948,1.0,1.0,0.62728947308885,TCA/transport-down,"Rat heart protein, female 8 wk"
rat_train|HEART|PROT|F_8w,GLO1,1,0.0715561393836395,1.06957557381745,0.7173878130171348,1.0,1.0,1.06957557381745,glycolytic-up,"Rat heart protein, female 8 wk"
rat_train|HEART|PROT|F_8w,FBP2,1,-0.588155856549198,-6.04669705265137,0.0006060324056345,1.0,-1.0,-4.0,glycolytic-up,"Rat heart protein, female 8 wk"
rat_train|HEART|PROT|F_8w,PEBP1,1,0.0717036275399846,2.48488643591708,0.2421360556798001,1.0,1.0,2.48488643591708,contractile/other-up,"Rat heart protein, female 8 wk"
rat_train|HEART|PROT|F_8w,ATP2A1,1,,,,,,,contractile/other-up,"Rat heart protein, female 8 wk"
rat_train|HEART|PROT|F_8w,MYH1,1,-0.302860035098735,-1.57341187414206,0.5780796643992253,1.0,-1.0,-1.57341187414206,contractile/other-up,"Rat heart protein, female 8 wk"
rat_train|HEART|PROT|F_8w,MYH2,1,-0.877528321077992,-1.972715931494,0.4055623709863495,1.0,-1.0,-1.972715931494,contractile/other-up,"Rat heart protein, female 8 wk"
rat_train|HEART|PROT|F_8w,MYH7,1,0.0884843451136927,1.04113302674433,0.7239193408944424,2.0,1.0,1.04113302674433,contractile/other-up,"Rat heart protein, female 8 wk"
rat_train|HEART|PROT|F_8w,MYLPF,1,,,,,,,contractile/other-up,"Rat heart protein, female 8 wk"
rat_train|HEART|PROT|F_8w,APOA1,1,-0.100157325224523,-1.10337066863752,0.7054391398293568,1.0,-1.0,-1.10337066863752,contractile/other-up,"Rat heart protein, female 8 wk"
rat_train|HEART|PROT|F_8w,PDLIM3,1,0.210283088787864,6.40445959693168,0.0003909945886139,3.0,1.0,4.0,contractile/other-up,"Rat heart protein, female 8 wk"
rat_train|HEART|PROT|F_8w,CS,-1,0.0485208557059759,1.37544702226372,0.6017967198537242,1.0,-1.0,-1.37544702226372,phenotype,"Rat heart protein, female 8 wk"
rat_train|HEART|PROT|F_8w,TFAM,-1,0.0124276413758423,0.380052536294146,0.9193560547569312,1.0,-1.0,-0.380052536294146,phenotype,"Rat heart protein, female 8 wk"
rat_train|HEART|PROT|F_8w,PDHA1,-1,0.0480010582667814,1.61635972088169,0.5248319968900051,1.0,-1.0,-1.61635972088169,phenotype,"Rat heart protein, female 8 wk"
rat_train|HEART|PROT|F_8w,PDHB,-1,0.022099669110518,0.640964371177708,0.8608992587719311,1.0,-1.0,-0.640964371177708,phenotype,"Rat heart protein, female 8 wk"
rat_train|HEART|PROT|F_8w,LDHA,1,0.0212233735588684,0.673746513557338,0.8476772414220508,1.0,1.0,0.673746513557338,phenotype,"Rat heart protein, female 8 wk"
rat_train|HEART|PROT|F_8w,LDHB,1,0.0457892536095455,1.45187143718643,0.575682625814171,1.0,1.0,1.45187143718643,phenotype,"Rat heart protein, female 8 wk"
rat_train|HEART|PROT|M_1w,NDUFA9,-1,0.0112183413431259,0.301503011504176,0.9550570938859964,1.0,-1.0,-0.301503011504176,OXPHOS-down,"Rat heart protein, male 1 wk"
rat_train|HEART|PROT|M_1w,UQCRC2,-1,0.0182821471947632,0.22696724531408,0.965831178837372,1.0,-1.0,-0.22696724531408,OXPHOS-down,"Rat heart protein, male 1 wk"
rat_train|HEART|PROT|M_1w,UQCRC1,-1,0.0430653992739836,0.542460747156154,0.9086397075670432,1.0,-1.0,-0.542460747156154,OXPHOS-down,"Rat heart protein, male 1 wk"
rat_train|HEART|PROT|M_1w,ATP5MG,-1,0.0794449565366306,0.834711810447721,0.8321238870644017,1.0,-1.0,-0.834711810447721,OXPHOS-down,"Rat heart protein, male 1 wk"
rat_train|HEART|PROT|M_1w,ATP5F1B,-1,0.072968785162807,2.20989506416512,0.499393630876347,1.0,-1.0,-2.20989506416512,OXPHOS-down,"Rat heart protein, male 1 wk"
rat_train|HEART|PROT|M_1w,IDH2,-1,0.0547159543217256,1.74667802295379,0.5859816727315404,1.0,-1.0,-1.74667802295379,TCA/transport-down,"Rat heart protein, male 1 wk"
rat_train|HEART|PROT|M_1w,OGDH,-1,0.0423486812703551,1.39480321756504,0.6880664078525617,1.0,-1.0,-1.39480321756504,TCA/transport-down,"Rat heart protein, male 1 wk"
rat_train|HEART|PROT|M_1w,SLC25A4,-1,0.0611391562519196,0.981543424831765,0.8028002548841635,1.0,-1.0,-0.981543424831765,TCA/transport-down,"Rat heart protein, male 1 wk"
rat_train|HEART|PROT|M_1w,ECH1,-1,0.114259081605106,3.11013085127869,0.2651949991110107,1.0,-1.0,-3.11013085127869,TCA/transport-down,"Rat heart protein, male 1 wk"
rat_train|HEART|PROT|M_1w,GLO1,1,0.0530884714831652,1.13781454050247,0.765245410256907,1.0,1.0,1.13781454050247,glycolytic-up,"Rat heart protein, male 1 wk"
rat_train|HEART|PROT|M_1w,FBP2,1,-0.03998136070081,-0.356506524251231,0.946529475369356,1.0,-1.0,-0.356506524251231,glycolytic-up,"Rat heart protein, male 1 wk"
rat_train|HEART|PROT|M_1w,PEBP1,1,0.0308201171229646,0.814742104805157,0.8334747823574942,1.0,1.0,0.814742104805157,contractile/other-up,"Rat heart protein, male 1 wk"
rat_train|HEART|PROT|M_1w,ATP2A1,1,,,,,,,contractile/other-up,"Rat heart protein, male 1 wk"
rat_train|HEART|PROT|M_1w,MYH1,1,-0.0918518591247073,-0.798272055076508,0.8466385331147819,1.0,-1.0,-0.798272055076508,contractile/other-up,"Rat heart protein, male 1 wk"
rat_train|HEART|PROT|M_1w,MYH2,1,-0.511029576274795,-1.11791212415782,0.7696672514852461,1.0,-1.0,-1.11791212415782,contractile/other-up,"Rat heart protein, male 1 wk"
rat_train|HEART|PROT|M_1w,MYH7,1,1.33909592655993,2.90271372334633,0.3850345551342315,2.0,1.0,2.90271372334633,contractile/other-up,"Rat heart protein, male 1 wk"
rat_train|HEART|PROT|M_1w,MYLPF,1,,,,,,,contractile/other-up,"Rat heart protein, male 1 wk"
rat_train|HEART|PROT|M_1w,APOA1,1,-0.15322707220534,-1.73370373481985,0.5908711758561307,1.0,-1.0,-1.73370373481985,contractile/other-up,"Rat heart protein, male 1 wk"
rat_train|HEART|PROT|M_1w,PDLIM3,1,0.106751479167413,1.82134116563024,0.5788748115538987,3.0,1.0,1.82134116563024,contractile/other-up,"Rat heart protein, male 1 wk"
rat_train|HEART|PROT|M_1w,CS,-1,0.0770231757235613,2.23068301137434,0.4916654206844454,1.0,-1.0,-2.23068301137434,phenotype,"Rat heart protein, male 1 wk"
rat_train|HEART|PROT|M_1w,TFAM,-1,0.0132978530268905,0.401018942638466,0.9385663381276091,1.0,-1.0,-0.401018942638466,phenotype,"Rat heart protein, male 1 wk"
rat_train|HEART|PROT|M_1w,PDHA1,-1,0.0401278829398284,1.40143964451348,0.6872155385583684,1.0,-1.0,-1.40143964451348,phenotype,"Rat heart protein, male 1 wk"
rat_train|HEART|PROT|M_1w,PDHB,-1,0.0524272444713512,1.69553953085077,0.5966950388223574,1.0,-1.0,-1.69553953085077,phenotype,"Rat heart protein, male 1 wk"
rat_train|HEART|PROT|M_1w,LDHA,1,0.100134286336351,3.64598075285854,0.1837928464738036,1.0,1.0,3.64598075285854,phenotype,"Rat heart protein, male 1 wk"
rat_train|HEART|PROT|M_1w,LDHB,1,0.0775667822158071,2.32215830001917,0.4633918436017107,1.0,1.0,2.32215830001917,phenotype,"Rat heart protein, male 1 wk"
rat_train|HEART|PROT|M_2w,NDUFA9,-1,0.104294476245609,2.8030078341813,0.1793650800975194,1.0,-1.0,-2.8030078341813,OXPHOS-down,"Rat heart protein, male 2 wk"
rat_train|HEART|PROT|M_2w,UQCRC2,-1,0.0016843831736779,0.0209111000425914,0.9974587323191108,1.0,-1.0,-0.0209111000425914,OXPHOS-down,"Rat heart protein, male 2 wk"
rat_train|HEART|PROT|M_2w,UQCRC1,-1,0.0169858789056882,0.213957671764812,0.9670778592124786,1.0,-1.0,-0.213957671764812,OXPHOS-down,"Rat heart protein, male 2 wk"
rat_train|HEART|PROT|M_2w,ATP5MG,-1,0.0812629762951654,0.853813369945416,0.8218488182011012,1.0,-1.0,-0.853813369945416,OXPHOS-down,"Rat heart protein, male 2 wk"
rat_train|HEART|PROT|M_2w,ATP5F1B,-1,0.136093372831613,4.12165383067747,0.0359208542946176,1.0,-1.0,-4.0,OXPHOS-down,"Rat heart protein, male 2 wk"
rat_train|HEART|PROT|M_2w,IDH2,-1,0.0941606434943369,3.00585685943965,0.1402356925934115,1.0,-1.0,-3.00585685943965,TCA/transport-down,"Rat heart protein, male 2 wk"
rat_train|HEART|PROT|M_2w,OGDH,-1,0.0709136247310598,2.33562295157752,0.2876233009117134,1.0,-1.0,-2.33562295157752,TCA/transport-down,"Rat heart protein, male 2 wk"
rat_train|HEART|PROT|M_2w,SLC25A4,-1,0.077025624824071,1.23658879553562,0.680362988323458,1.0,-1.0,-1.23658879553562,TCA/transport-down,"Rat heart protein, male 2 wk"
rat_train|HEART|PROT|M_2w,ECH1,-1,0.138328090511612,3.76528898932978,0.0571662704906063,1.0,-1.0,-3.76528898932978,TCA/transport-down,"Rat heart protein, male 2 wk"
rat_train|HEART|PROT|M_2w,GLO1,1,0.0525117930715386,1.1254549252487,0.7233565140766639,1.0,1.0,1.1254549252487,glycolytic-up,"Rat heart protein, male 2 wk"
rat_train|HEART|PROT|M_2w,FBP2,1,-0.117330678577871,-1.04621632867507,0.7549872432484744,1.0,-1.0,-1.04621632867507,glycolytic-up,"Rat heart protein, male 2 wk"
rat_train|HEART|PROT|M_2w,PEBP1,1,0.0268715387996165,0.710359859879956,0.8585348713164899,1.0,1.0,0.710359859879956,contractile/other-up,"Rat heart protein, male 2 wk"
rat_train|HEART|PROT|M_2w,ATP2A1,1,,,,,,,contractile/other-up,"Rat heart protein, male 2 wk"
rat_train|HEART|PROT|M_2w,MYH1,1,0.0272236964562403,0.236597455119515,0.962737119376736,1.0,1.0,0.236597455119515,contractile/other-up,"Rat heart protein, male 2 wk"
rat_train|HEART|PROT|M_2w,MYH2,1,-0.644601998151546,-1.41011092595251,0.6170873840405618,1.0,-1.0,-1.41011092595251,contractile/other-up,"Rat heart protein, male 2 wk"
rat_train|HEART|PROT|M_2w,MYH7,1,-0.403178747787825,-5.12358911319143,0.0079273022149152,2.0,-1.0,-4.0,contractile/other-up,"Rat heart protein, male 2 wk"
rat_train|HEART|PROT|M_2w,MYLPF,1,,,,,,,contractile/other-up,"Rat heart protein, male 2 wk"
rat_train|HEART|PROT|M_2w,APOA1,1,-0.156213688224142,-1.76749611414125,0.4929282818016414,1.0,-1.0,-1.76749611414125,contractile/other-up,"Rat heart protein, male 2 wk"
rat_train|HEART|PROT|M_2w,PDLIM3,1,0.101903505158187,1.73862742056764,0.5080202118198033,3.0,1.0,1.73862742056764,contractile/other-up,"Rat heart protein, male 2 wk"
rat_train|HEART|PROT|M_2w,CS,-1,0.113271132364045,3.28046705773931,0.104420090569996,1.0,-1.0,-3.28046705773931,phenotype,"Rat heart protein, male 2 wk"
rat_train|HEART|PROT|M_2w,TFAM,-1,0.0757197831513539,2.28345638312942,0.3045905913150334,1.0,-1.0,-2.28345638312942,phenotype,"Rat heart protein, male 2 wk"
rat_train|HEART|PROT|M_2w,PDHA1,-1,0.0920249844083811,3.21391142485704,0.1129619535170792,1.0,-1.0,-3.21391142485704,phenotype,"Rat heart protein, male 2 wk"
rat_train|HEART|PROT|M_2w,PDHB,-1,0.0837745408163375,2.70933647314977,0.1992440440280278,1.0,-1.0,-2.70933647314977,phenotype,"Rat heart protein, male 2 wk"
rat_train|HEART|PROT|M_2w,LDHA,1,0.0790007939001629,2.8764910058182,0.1653827695860202,1.0,1.0,2.8764910058182,phenotype,"Rat heart protein, male 2 wk"
rat_train|HEART|PROT|M_2w,LDHB,1,0.077532081429786,2.32111944400407,0.2921682035334985,1.0,1.0,2.32111944400407,phenotype,"Rat heart protein, male 2 wk"
rat_train|HEART|PROT|M_4w,NDUFA9,-1,0.083469846428855,2.24332718165256,0.2373128869082326,1.0,-1.0,-2.24332718165256,OXPHOS-down,"Rat heart protein, male 4 wk"
rat_train|HEART|PROT|M_4w,UQCRC2,-1,0.171001091940822,2.12292606388298,0.264899952563811,1.0,-1.0,-2.12292606388298,OXPHOS-down,"Rat heart protein, male 4 wk"
rat_train|HEART|PROT|M_4w,UQCRC1,-1,0.210598802988834,2.65274642625987,0.1514579813180478,1.0,-1.0,-2.65274642625987,OXPHOS-down,"Rat heart protein, male 4 wk"
rat_train|HEART|PROT|M_4w,ATP5MG,-1,0.245995177668721,2.58462071180807,0.1623352568623083,1.0,-1.0,-2.58462071180807,OXPHOS-down,"Rat heart protein, male 4 wk"
rat_train|HEART|PROT|M_4w,ATP5F1B,-1,0.119358466901131,3.61482908455454,0.0486254593250657,1.0,-1.0,-3.61482908455454,OXPHOS-down,"Rat heart protein, male 4 wk"
rat_train|HEART|PROT|M_4w,IDH2,-1,0.0664264079493935,2.12050668488294,0.26563905254493,1.0,-1.0,-2.12050668488294,TCA/transport-down,"Rat heart protein, male 4 wk"
rat_train|HEART|PROT|M_4w,OGDH,-1,0.0300218628830008,0.98880507468881,0.6504739490063871,1.0,-1.0,-0.98880507468881,TCA/transport-down,"Rat heart protein, male 4 wk"
rat_train|HEART|PROT|M_4w,SLC25A4,-1,0.206240243692339,3.31103285589684,0.0698448225629448,1.0,-1.0,-3.31103285589684,TCA/transport-down,"Rat heart protein, male 4 wk"
rat_train|HEART|PROT|M_4w,ECH1,-1,0.134536021153963,3.66206890621925,0.0460263530032235,1.0,-1.0,-3.66206890621925,TCA/transport-down,"Rat heart protein, male 4 wk"
rat_train|HEART|PROT|M_4w,GLO1,1,-0.0941462116909628,-2.01778136763968,0.2910891338857765,1.0,-1.0,-2.01778136763968,glycolytic-up,"Rat heart protein, male 4 wk"
rat_train|HEART|PROT|M_4w,FBP2,1,-0.109596350744781,-0.977250733586192,0.6556867514674847,1.0,-1.0,-0.977250733586192,glycolytic-up,"Rat heart protein, male 4 wk"
rat_train|HEART|PROT|M_4w,PEBP1,1,-0.0054031122455965,-0.142833430058439,0.9572097596463616,1.0,-1.0,-0.142833430058439,contractile/other-up,"Rat heart protein, male 4 wk"
rat_train|HEART|PROT|M_4w,ATP2A1,1,,,,,,,contractile/other-up,"Rat heart protein, male 4 wk"
rat_train|HEART|PROT|M_4w,MYH1,1,-0.0308672423913926,-0.268263018877683,0.9196016720618684,1.0,-1.0,-0.268263018877683,contractile/other-up,"Rat heart protein, male 4 wk"
rat_train|HEART|PROT|M_4w,MYH2,1,-0.347061513294112,-0.759220780073635,0.7321101895276211,1.0,-1.0,-0.759220780073635,contractile/other-up,"Rat heart protein, male 4 wk"
rat_train|HEART|PROT|M_4w,MYH7,1,1.45270746118129,3.1489856700642,0.12330682703671,2.0,1.0,3.1489856700642,contractile/other-up,"Rat heart protein, male 4 wk"
rat_train|HEART|PROT|M_4w,MYLPF,1,,,,,,,contractile/other-up,"Rat heart protein, male 4 wk"
rat_train|HEART|PROT|M_4w,APOA1,1,-0.223218308594434,-2.5256268994798,0.1730774045706556,1.0,-1.0,-2.5256268994798,contractile/other-up,"Rat heart protein, male 4 wk"
rat_train|HEART|PROT|M_4w,PDLIM3,1,0.20124744262332,3.43358475766726,0.066208905692719,3.0,1.0,3.43358475766726,contractile/other-up,"Rat heart protein, male 4 wk"
rat_train|HEART|PROT|M_4w,CS,-1,0.111032729524115,3.21564024242382,0.0800831666741978,1.0,-1.0,-3.21564024242382,phenotype,"Rat heart protein, male 4 wk"
rat_train|HEART|PROT|M_4w,TFAM,-1,0.0619328378500649,1.86768804701102,0.3293466481521175,1.0,-1.0,-1.86768804701102,phenotype,"Rat heart protein, male 4 wk"
rat_train|HEART|PROT|M_4w,PDHA1,-1,0.0769208761324736,2.68641048082215,0.148573411130595,1.0,-1.0,-2.68641048082215,phenotype,"Rat heart protein, male 4 wk"
rat_train|HEART|PROT|M_4w,PDHB,-1,0.101458027320392,3.28123474308985,0.0734110563511612,1.0,-1.0,-3.28123474308985,phenotype,"Rat heart protein, male 4 wk"
rat_train|HEART|PROT|M_4w,LDHA,1,0.0692379496354701,2.52101693610085,0.1735444415565306,1.0,1.0,2.52101693610085,phenotype,"Rat heart protein, male 4 wk"
rat_train|HEART|PROT|M_4w,LDHB,1,0.0974039703974653,2.9160348264028,0.1146454819442751,1.0,1.0,2.9160348264028,phenotype,"Rat heart protein, male 4 wk"
rat_train|HEART|PROT|M_8w,NDUFA9,-1,0.0876611192010076,2.35597140633679,0.191064608489357,1.0,-1.0,-2.35597140633679,OXPHOS-down,"Rat heart protein, male 8 wk"
rat_train|HEART|PROT|M_8w,UQCRC2,-1,-0.0087125797856157,-0.108164003519607,0.9742255916748755,1.0,1.0,0.108164003519607,OXPHOS-down,"Rat heart protein, male 8 wk"
rat_train|HEART|PROT|M_8w,UQCRC1,-1,0.0408371741370261,0.51439355880998,0.8595180772678042,1.0,-1.0,-0.51439355880998,OXPHOS-down,"Rat heart protein, male 8 wk"
rat_train|HEART|PROT|M_8w,ATP5MG,-1,0.0034217423887875,0.0359515431657851,0.9910661938202902,1.0,-1.0,-0.0359515431657851,OXPHOS-down,"Rat heart protein, male 8 wk"
rat_train|HEART|PROT|M_8w,ATP5F1B,-1,0.0956856566594549,2.89788653999558,0.088364423831703,1.0,-1.0,-2.89788653999558,OXPHOS-down,"Rat heart protein, male 8 wk"
rat_train|HEART|PROT|M_8w,IDH2,-1,0.0196189507097726,0.626288812156694,0.8254686133475536,1.0,-1.0,-0.626288812156694,TCA/transport-down,"Rat heart protein, male 8 wk"
rat_train|HEART|PROT|M_8w,OGDH,-1,0.015866995150717,0.522597994209594,0.858777735848623,1.0,-1.0,-0.522597994209594,TCA/transport-down,"Rat heart protein, male 8 wk"
rat_train|HEART|PROT|M_8w,SLC25A4,-1,0.104441347611261,1.67672771940132,0.408816703743316,1.0,-1.0,-1.67672771940132,TCA/transport-down,"Rat heart protein, male 8 wk"
rat_train|HEART|PROT|M_8w,ECH1,-1,0.0448770907321752,1.22155387949079,0.5899895585715945,1.0,-1.0,-1.22155387949079,TCA/transport-down,"Rat heart protein, male 8 wk"
rat_train|HEART|PROT|M_8w,GLO1,1,-0.0679094009075491,-1.45546295891988,0.4949474745093203,1.0,-1.0,-1.45546295891988,glycolytic-up,"Rat heart protein, male 8 wk"
rat_train|HEART|PROT|M_8w,FBP2,1,-0.287451490378809,-2.56315267738523,0.1454371564322186,1.0,-1.0,-2.56315267738523,glycolytic-up,"Rat heart protein, male 8 wk"
rat_train|HEART|PROT|M_8w,PEBP1,1,0.0200682252612285,0.53051154944685,0.8561871363202714,1.0,1.0,0.53051154944685,contractile/other-up,"Rat heart protein, male 8 wk"
rat_train|HEART|PROT|M_8w,ATP2A1,1,,,,,,,contractile/other-up,"Rat heart protein, male 8 wk"
rat_train|HEART|PROT|M_8w,MYH1,1,0.12930609968511,1.12378178202596,0.6556749797428342,1.0,1.0,1.12378178202596,contractile/other-up,"Rat heart protein, male 8 wk"
rat_train|HEART|PROT|M_8w,MYH2,1,0.362711005637911,0.793455114132298,0.7593896514628131,1.0,1.0,0.793455114132298,contractile/other-up,"Rat heart protein, male 8 wk"
rat_train|HEART|PROT|M_8w,MYH7,1,0.819856368682657,1.77717539523972,0.4007689112753388,2.0,1.0,1.77717539523972,contractile/other-up,"Rat heart protein, male 8 wk"
rat_train|HEART|PROT|M_8w,MYLPF,1,,,,,,,contractile/other-up,"Rat heart protein, male 8 wk"
rat_train|HEART|PROT|M_8w,APOA1,1,-0.0340009552361723,-0.384707364253483,0.9015142598267954,1.0,-1.0,-0.384707364253483,contractile/other-up,"Rat heart protein, male 8 wk"
rat_train|HEART|PROT|M_8w,PDLIM3,1,0.151581486652103,5.30911386566488,0.0009183896309088,3.0,1.0,4.0,contractile/other-up,"Rat heart protein, male 8 wk"
rat_train|HEART|PROT|M_8w,CS,-1,0.0529392031293628,1.53318244732204,0.4697364686230533,1.0,-1.0,-1.53318244732204,phenotype,"Rat heart protein, male 8 wk"
rat_train|HEART|PROT|M_8w,TFAM,-1,0.0610287718901484,1.84042442974979,0.3479777567019549,1.0,-1.0,-1.84042442974979,phenotype,"Rat heart protein, male 8 wk"
rat_train|HEART|PROT|M_8w,PDHA1,-1,0.0936083853242864,3.26921064958903,0.0496600462036235,1.0,-1.0,-3.26921064958903,phenotype,"Rat heart protein, male 8 wk"
rat_train|HEART|PROT|M_8w,PDHB,-1,0.0616644250934304,1.99427743051098,0.2946552053208994,1.0,-1.0,-1.99427743051098,phenotype,"Rat heart protein, male 8 wk"
rat_train|HEART|PROT|M_8w,LDHA,1,0.0829435958658513,3.02005202377908,0.0731376138635623,1.0,1.0,3.02005202377908,phenotype,"Rat heart protein, male 8 wk"
rat_train|HEART|PROT|M_8w,LDHB,1,0.0805518055820598,2.41152254316141,0.1784076657116269,1.0,1.0,2.41152254316141,phenotype,"Rat heart protein, male 8 wk"
